band,line,pct,c1_coarse,c1_fine,c2_coarse,c2_fine,cmd,z11_r,z11_i,z21_r,z21_i,z12_r,z12_i,z22_r,z22_i,s22_r,s22_i,s22_mag,s22_phase_deg,z_load_r,z_load_x,gamma_real,gamma_imag,gamma_mag,gamma_phase_deg
HF,Line 1,0,0,0,0,0,zpar show hf 0 0 0 0,0.231384,-40.562088,-0.238906,44.10302,-0.246461,44.081595,0.91607,-47.54509,0.91607,-47.54509,47.553914322093405,-88.89619619540419,22.76592431920489,28.673958328510505,-0.18955410626468774,0.4687527189638114,0.5056281941681757,112.01741074648244
HF,Line 1,2,0,0,0,9,zpar show hf 0 0 0 9,0.237266,-40.44045,-0.239948,43.65198,-0.245336,43.633535,0.897681,-45.89662,0.897681,-45.89662,45.905397924450675,-88.87950843372195,22.361498772299324,27.420293618872666,-0.20842995520099178,0.4579162227377319,0.5031205752813928,114.47362789651514
HF,Line 1,4,0,0,0,18,zpar show hf 0 0 0 18,0.240344,-40.308465,-0.239505,43.159565,-0.240712,43.144935,0.882431,-44.12007,0.882431,-44.12007,44.12889372366659,-88.85419873765784,21.915755201471836,26.068549754400724,-0.22902554109396872,0.44550618119326485,0.5009275955213401,117.20676144865459
HF,Line 1,6,0,0,0,27,zpar show hf 0 0 0 27,0.236673,-40.196515,-0.231794,42.74753,-0.236749,42.734395,0.865103,-42.611345,0.865103,-42.611345,42.62012583169639,-88.83693081468435,21.54595663405505,24.911152177048503,-0.24657784094836102,0.4340383685864365,0.499189279784663,119.60097107461259
HF,Line 1,8,0,0,0,36,zpar show hf 0 0 0 36,0.238953,-40.03577,-0.227031,42.16376,-0.230315,42.154135,0.847264,-40.531713,0.847264,-40.531713,40.540567521928764,-88.80247887869545,21.024010752661177,23.322427114259604,-0.2709308700589914,0.4173404496605783,0.49757068570587615,122.99100058849879
HF,Line 1,10,0,0,0,45,zpar show hf 0 0 0 45,0.241491,-39.931988,-0.225268,41.78294,-0.228114,41.774315,0.835729,-39.14153,0.835729,-39.14153,39.15045100254071,-88.77683703186919,20.686339421469516,22.250403138165787,-0.28716288809371987,0.4051687129220935,0.49661273667644906,125.32706625828821
HF,Line 1,12,0,0,0,54,zpar show hf 0 0 0 54,0.241949,-39.822568,-0.222229,41.371903,-0.22764,41.371128,0.824509,-37.66304,0.824509,-37.66304,37.672063882042366,-88.74589673737997,20.325411839997333,21.110293662685084,-0.3044220660544798,0.3915616297725689,0.49597712065278615,127.86350613548474
HF,Line 1,14,0,0,0,63,zpar show hf 0 0 0 63,0.240247,-39.726855,-0.217925,41.022828,-0.226207,41.02258,0.815081,-36.38805,0.815081,-36.38805,36.39717763562253,-88.7168069467633,20.01738723675552,20.122114187702135,-0.3192572260341483,0.3791378912133255,0.4956518101739433,130.09942316289883
HF,Line 1,16,0,0,1,8,zpar show hf 0 0 1 8,0.241447,-39.605335,-0.20725,40.61153,-0.215757,40.61786,0.801596,-35.006755,0.801596,-35.006755,35.01593139953928,-88.68825193894328,19.66018577663965,19.065466502372296,-0.3355011205012241,0.3655165657817604,0.4961485278809853,132.54826649426278
HF,Line 1,18,0,0,1,16,zpar show hf 0 0 1 16,0.245093,-39.521205,-0.209947,40.291225,-0.214605,40.2981,0.799177,-33.842793,0.799177,-33.842793,33.85222772460002,-88.6472463814945,19.376519066691458,18.16070848263608,-0.34897329010800915,0.3531210703864208,0.49646434671551215,134.66151623917068
HF,Line 1,20,0,0,1,25,zpar show hf 0 0 1 25,0.246655,-39.440378,-0.208503,39.986065,-0.213412,39.995458,0.7915,-32.726983,0.7915,-32.726983,32.7365527893865,-88.61457529538703,19.112507299071453,17.287842324996475,-0.3617132879856686,0.3406197450293493,0.496848380705082,136.72027762301906
HF,Line 1,22,0,0,1,34,zpar show hf 0 0 1 34,0.246175,-39.31643,-0.198602,39.547803,-0.205658,39.55827,0.775067,-31.171505,0.775067,-31.171505,31.18113937654482,-88.57565685085537,18.73730447754538,16.073829319326297,-0.3793849567946854,0.32256135921662515,0.4979746739561983,139.62808661118075
HF,Line 1,24,0,0,1,43,zpar show hf 0 0 1 43,0.24638,-39.241368,-0.198067,39.26458,-0.203335,39.279443,0.767337,-30.139025,0.767337,-30.139025,30.1487915847749,-88.54156941895639,18.496726604428197,15.262029431319924,-0.3908724200973223,0.30990584314089226,0.4988214915233754,141.590622006025
HF,Line 1,26,0,0,1,52,zpar show hf 0 0 1 52,0.249463,-39.15762,-0.201211,38.959388,-0.204701,38.976213,0.766581,-29.028195,0.766581,-29.028195,29.03831522984049,-88.48727590549538,18.23409782811616,14.391088815267022,-0.4031289400713411,0.29593053676336173,0.5000878172002337,143.71820037403342
HF,Line 1,28,0,0,1,61,zpar show hf 0 0 1 61,0.251645,-39.084598,-0.202835,38.696183,-0.201708,38.714283,0.760835,-28.065143,0.760835,-28.065143,28.07545407482618,-88.4471142754344,18.01183782791658,13.631209866094895,-0.41355022617746384,0.283309500296754,0.5012864076850957,145.58625448782936
HF,Line 1,30,0,0,2,6,zpar show hf 0 0 2 6,0.246624,-38.986173,-0.186541,38.343518,-0.190182,38.365035,0.744341,-26.879228,0.744341,-26.879228,26.889532190059857,-88.41376763507114,17.7150726013723,12.705054307596852,-0.42655670239629456,0.2676579922391444,0.5035786146856227,147.89233972938024
HF,Line 1,32,0,0,2,15,zpar show hf 0 0 2 15,0.248151,-38.91853,-0.183864,38.094425,-0.190821,38.119725,0.741635,-25.97021,0.741635,-25.97021,25.98079733028463,-88.36424079561208,17.50470245269293,11.9839444814576,-0.43611755414984527,0.25495043178420623,0.5051714992995907,149.68982464716083
HF,Line 1,34,0,0,2,24,zpar show hf 0 0 2 24,0.253268,-38.852498,-0.192911,37.84074,-0.189132,37.867225,0.740039,-25.044143,0.740039,-25.044143,25.055074462590806,-88.30743752079921,17.291779223508556,11.251894649182207,-0.4456462750076823,0.24172729230922863,0.5069839112589017,151.52372629378766
HF,Line 1,36,0,0,2,33,zpar show hf 0 0 2 33,0.251649,-38.754768,-0.184093,37.502788,-0.184151,37.53149,0.731807,-23.85197,0.731807,-23.85197,23.863193716813118,-88.24264815954231,17.010035334169025,10.30849550268971,-0.45781427123650664,0.22426300454635867,0.5097919204498771,153.90180590554897
HF,Line 1,38,0,0,2,42,zpar show hf 0 0 2 42,0.249336,-38.699505,-0.182372,37.287605,-0.181188,37.317615,0.727413,-23.057023,0.727413,-23.057023,23.068494517308622,-88.19300714614461,16.829678499662986,9.672498210157089,-0.4656392514544032,0.21212720687411626,0.5116814090732934,155.50782802094864
HF,Line 1,40,0,0,2,51,zpar show hf 0 0 2 51,0.250093,-38.639053,-0.17891,37.049355,-0.178026,37.084728,0.724208,-22.196105,0.724208,-22.196105,22.20791648035198,-88.13123307529335,16.630570516290963,8.983183220377018,-0.4740198840977525,0.19872846032575286,0.5139920733469447,157.2545821728273
HF,Line 1,42,0,0,2,60,zpar show hf 0 0 2 60,0.251165,-38.578438,-0.180395,36.8404,-0.176466,36.876735,0.721225,-21.440365,0.721225,-21.440365,21.452492089122188,-88.073373628369,16.459737064944434,8.381542151865247,-0.48111346813919587,0.18679001020983613,0.5161014213690132,158.7815355923011
HF,Line 1,44,0,0,3,5,zpar show hf 0 0 3 5,0.250854,-38.486593,-0.171602,36.510858,-0.166901,36.5491,0.708189,-20.31909,0.708189,-20.31909,20.331427645097158,-88.0038563412505,16.192312438499428,7.493199019073733,-0.49163412853454824,0.16885814948883757,0.5198241923850018,161.04429788779933
HF,Line 1,46,0,0,3,14,zpar show hf 0 0 3 14,0.249978,-38.43674,-0.170644,36.31934,-0.165294,36.357793,0.704488,-19.608294,0.704488,-19.608294,19.620945362866184,-87.94235873623234,16.03508238091702,6.920723605993812,-0.4978939588814809,0.15698488904289348,0.5220561748303371,162.50004952832757
HF,Line 1,48,0,0,3,23,zpar show hf 0 0 3 23,0.251541,-38.379278,-0.171111,36.11673,-0.165835,36.15842,0.706535,-18.879753,0.706535,-18.879753,18.892968666867418,-87.85682621458211,15.867840680080866,6.337936366481914,-0.5042640691517006,0.14474332011238664,0.5246264196116965,163.98447055525722
HF,Line 1,50,0,0,3,32,zpar show hf 0 0 3 32,0.251735,-38.307408,-0.163633,35.847958,-0.159404,35.89606,0.697661,-17.940419,0.697661,-17.940419,17.95397907892515,-87.77302306322287,15.65267438552025,5.583186427829903,-0.512230719017152,0.12860201210670166,0.5281276238019753,165.90646591515156
HF,Line 1,52,0,0,3,40,zpar show hf 0 0 3 40,0.250845,-38.266713,-0.164378,35.697663,-0.157979,35.747483,0.695585,-17.382654,0.695585,-17.382654,17.396565712115162,-87.7084723285802,15.531670462533809,5.132231923508197,-0.516677142132641,0.11878132804440876,0.5301549519662594,167.05296664034094
HF,Line 1,54,0,0,3,49,zpar show hf 0 0 3 49,0.25444,-38.21759,-0.168302,35.513168,-0.158599,35.55727,0.699961,-16.69021,0.699961,-16.69021,16.704881180230558,-87.59851293791249,15.375162619400703,4.573836777979782,-0.5221821154443714,0.10649629405795817,0.5329311609748842,168.47290949015638
HF,Line 1,56,0,0,3,58,zpar show hf 0 0 3 58,0.250848,-38.169538,-0.165306,35.345165,-0.156033,35.391488,0.697358,-16.086558,0.697358,-16.086558,16.10166626369855,-87.51776175786782,15.2401710755146,4.087103532350252,-0.5268057621188066,0.09564985990526499,0.5354187209105351,169.70915706948804
HF,Line 1,58,0,0,4,3,zpar show hf 0 0 4 3,0.250118,-38.082753,-0.152675,35.043855,-0.146079,35.092598,0.681995,-15.078433,0.681995,-15.078433,15.09384837990345,-87.41028648157268,15.005608978543894,3.280410769866684,-0.5344212892079211,0.07743227394872619,0.5400017327819672,171.7557884189586
HF,Line 1,60,0,0,4,12,zpar show hf 0 0 4 12,0.253997,-38.04134,-0.154495,34.88948,-0.146427,34.939758,0.683173,-14.509186,0.683173,-14.509186,14.525260883389496,-87.30418779302566,14.881186702702662,2.8181498471528865,-0.5383764642693543,0.06682022351887232,0.5425072898591164,172.92495465809822
HF,Line 1,62,0,0,4,21,zpar show hf 0 0 4 21,0.248935,-38.003468,-0.153711,34.73314,-0.142934,34.78289,0.683356,-13.928983,0.683356,-13.928983,13.945735650621842,-87.19132061459617,14.75152551027717,2.345955257336401,-0.5423406499942893,0.05587918011110742,0.5452117601502354,174.1173810274084
HF,Line 1,64,0,0,4,30,zpar show hf 0 0 4 30,0.249373,-37.966218,-0.155212,34.58883,-0.142573,34.640268,0.682853,-13.39143,0.682853,-13.39143,13.408828646250537,-87.08091386595245,14.636663046592496,1.9078346808289925,-0.5457628839534019,0.045625190090935686,0.5476666718652583,175.2212463395579
HF,Line 1,66,0,0,4,39,zpar show hf 0 0 4 39,0.248678,-37.907655,-0.148629,34.380138,-0.138507,34.43575,0.676046,-12.662094,0.676046,-12.662094,12.680128653091497,-86.94380413346168,14.475179053535834,1.316317674778393,-0.5503382543096644,0.03165152351633486,0.5512476876119428,176.70838227750707
HF,Line 1,68,0,0,4,48,zpar show hf 0 0 4 48,0.254498,-37.870445,-0.15645,34.223523,-0.137572,34.285573,0.678503,-12.095296,0.678503,-12.095296,12.114311852046114,-86.78927598666296,14.351843309707874,0.8554108974084311,-0.5536825107804383,0.02065266327241299,0.5540675547659994,177.863826139304
HF,Line 1,70,0,0,4,57,zpar show hf 0 0 4 57,0.253929,-37.830743,-0.154549,34.090698,-0.136701,34.150275,0.678799,-11.606383,0.678799,-11.606383,11.626215825671308,-86.65287066606928,14.244924104693784,0.45701182617283287,-0.5564644419500411,0.011072044475132282,0.5565745819956477,178.86012892330137
HF,Line 1,72,0,0,5,2,zpar show hf 0 0 5 2,0.25316,-37.776008,-0.146651,33.895535,-0.133865,33.955643,0.677258,-10.939864,0.677258,-10.939864,10.960807576864946,-86.45749103273319,14.088945274373136,-0.0817638707949655,-0.5603289585870991,-0.0019906480723216506,0.5603324946057036,-179.79644947587823
HF,Line 1,74,0,0,5,11,zpar show hf 0 0 5 11,0.251442,-37.740975,-0.145731,33.76731,-0.134006,33.82747,0.675624,-10.468041,0.675624,-10.468041,10.489821264781254,-86.30716131307526,13.989002118962826,-0.46700066624675074,-0.562685316043958,-0.011404695487668455,0.5628008812809867,-178.83886882692866
HF,Line 1,76,0,0,5,20,zpar show hf 0 0 5 20,0.255928,-37.706533,-0.149189,33.630515,-0.133014,33.69289,0.682363,-9.972284,0.682363,-9.972284,9.995602405079197,-86.08558352685108,13.875895001351719,-0.8720533486204083,-0.5652440552369254,-0.021369192866082944,0.5656478448508686,-177.83494979056485
HF,Line 1,78,0,0,5,29,zpar show hf 0 0 5 29,0.251166,-37.670025,-0.147295,33.504745,-0.129839,33.567208,0.678921,-9.515757,0.678921,-9.515757,9.539945754944837,-85.91903151193934,13.779235685293525,-1.2451910716776027,-0.5673110051807686,-0.03059932671226962,0.5681356311607804,-176.91260165332812
HF,Line 1,80,0,0,5,38,zpar show hf 0 0 5 38,0.25109,-37.62413,-0.143518,33.334318,-0.128886,33.4012,0.674095,-8.912232,0.674095,-8.912232,8.937688923365425,-85.67455188953271,13.650904543166089,-1.7387680868496123,-0.5698980731161684,-0.04288530836651193,0.5715093729898159,-175.69655529119544
HF,Line 1,82,0,0,5,47,zpar show hf 0 0 5 47,0.250477,-37.592495,-0.143356,33.219433,-0.127487,33.284353,0.674106,-8.483203,0.674106,-8.483203,8.509944302899108,-85.45661704487922,13.55997008813758,-2.091529075509399,-0.5716154986497851,-0.051716190337866556,0.5739502091991124,-174.83031154015546
HF,Line 1,84,0,0,5,55,zpar show hf 0 0 5 55,0.254035,-37.56734,-0.148455,33.11078,-0.127754,33.175278,0.677366,-8.082627,0.677366,-8.082627,8.110960727255742,-85.2095110587572,13.472759517690656,-2.419280157337301,-0.5731935128056473,-0.05996266552932347,0.5763213724822803,-174.0279214145536
HF,Line 1,86,0,0,6,0,zpar show hf 0 0 6 0,0.249903,-37.510978,-0.137691,32.93002,-0.121107,32.998523,0.669916,-7.48665,0.669916,-7.48665,7.516562756310626,-84.8867110669935,13.33773658580445,-2.9034622527503986,-0.575526798626864,-0.07222365109009961,0.5800408190071379,-172.84726457545017
HF,Line 1,88,0,0,6,9,zpar show hf 0 0 6 9,0.25065,-37.48614,-0.139997,32.82547,-0.120167,32.896618,0.67101,-7.09742,0.67101,-7.09742,7.129069018918249,-84.59914962317045,13.25642502648777,-3.2250427690650874,-0.5767685370993877,-0.0803893986568539,0.5823438853496947,-172.06529154901173
HF,Line 1,90,0,0,6,18,zpar show hf 0 0 6 18,0.254384,-37.458015,-0.142932,32.712295,-0.122383,32.785378,0.672877,-6.681174,0.672877,-6.681174,6.714972038318924,-84.24899692034224,13.169256795078082,-3.5671531466727977,-0.5780165106406137,-0.0891102230265892,0.5848450379553537,-171.23596265907642
HF,Line 1,92,0,0,6,27,zpar show hf 0 0 6 27,0.251404,-37.425198,-0.140909,32.602903,-0.118249,32.676343,0.673449,-6.2934,0.673449,-6.2934,6.329329910472435,-83.89209191448816,13.08327573877383,-3.885550491134964,-0.5792149467755734,-0.0972701455368458,0.5873256641600038,-170.46701673254628
HF,Line 1,94,0,0,6,36,zpar show hf 0 0 6 36,0.25514,-37.38737,-0.140495,32.457338,-0.117298,32.53242,0.670182,-5.77644,0.670182,-5.77644,5.815187270133611,-83.38213697071964,12.974907070147971,-4.310555331134796,-0.5805289128307589,-0.10818527010490597,0.5905233875979293,-169.44365672197398
HF,Line 1,96,0,0,6,45,zpar show hf 0 0 6 45,0.249355,-37.35731,-0.136366,32.35534,-0.11498,32.430855,0.670319,-5.410815,0.670319,-5.410815,5.45217814510733,-82.93789229417519,12.895027981198385,-4.611611633223794,-0.5814486655916397,-0.11595554207828324,0.592898168707719,-168.72173552901066
HF,Line 1,98,0,0,6,54,zpar show hf 0 0 6 54,0.253302,-37.334393,-0.140763,32.258378,-0.114805,32.330865,0.674229,-5.033783,0.674229,-5.033783,5.0787356729337665,-82.37116116127957,12.816536894245562,-4.924971310295636,-0.5822117181104257,-0.12404929822263487,0.5952803651176662,-167.97209703463153
HF,Line 1,100,0,0,6,63,zpar show hf 0 0 6 63,0.251876,-37.301643,-0.137656,32.15738,-0.112399,32.235883,0.669956,-4.68471,0.669956,-4.68471,4.732372431036678,-81.86136738248854,12.745897002655564,-5.212777575223295,-0.5828053655286201,-0.1314956468790542,0.5974556044067956,-167.28551930508343
HF,Line 2,0,0,0,6,63,zpar show hf 0 0 6 63,0.251876,-37.301643,-0.137656,32.15738,-0.112399,32.235883,0.669956,-4.68471,0.669956,-4.68471,4.732372431036678,-81.86136738248854,12.745897002655564,-5.212777575223295,-0.5828053655286201,-0.1314956468790542,0.5974556044067956,-167.28551930508343
HF,Line 2,2,0,9,6,63,zpar show hf 0 9 6 63,0.205038,-34.361268,-0.091838,29.740093,-0.06409,29.81523,0.632966,-2.708184,0.632966,-2.708184,2.7811699939076,-76.8447837561554,11.47359685979839,-5.552744833147194,-0.6135496507232392,-0.14574760456125538,0.6306231347944292,-166.63716831928966
HF,Line 2,4,0,18,6,63,zpar show hf 0 18 6 63,0.166995,-31.816945,-0.055304,27.649858,-0.023594,27.722315,0.602262,-1.001796,0.602262,-1.001796,1.1688946668797835,-58.986461019278394,10.34488956445409,-5.94378943227501,-0.6412186179445069,-0.16165507879457175,0.6612818464911483,-165.85024444902393
HF,Line 2,6,0,27,6,63,zpar show hf 0 27 6 63,0.139528,-29.529885,-0.026701,25.770448,0.007735,25.8439,0.577777,0.528435,0.577777,0.528435,0.7829877463626107,42.44604497008115,9.315379445176806,-6.377819028182882,-0.6666348001561408,-0.17920302020982756,0.690301151115614,-164.9535987942508
HF,Line 2,8,0,36,6,63,zpar show hf 0 36 6 63,0.135184,-26.888655,-0.017247,23.605708,0.015916,23.677133,0.572437,2.286607,0.572437,2.286607,2.357171120520952,75.94523934542829,8.111505264802137,-6.968603150028115,-0.6964344331888881,-0.20343266416980324,0.7255382612807899,-163.71660050472516
HF,Line 2,10,0,45,6,63,zpar show hf 0 45 6 63,0.116488,-25.12551,0.001278,22.157038,0.036207,22.22421,0.556012,3.468269,0.556012,3.468269,3.512554512104403,80.89218336598145,7.3111692359215645,-7.447491297544039,-0.7158851634192743,-0.22297642837376128,0.7498066782939188,-162.69977895714015
HF,Line 2,12,0,54,6,63,zpar show hf 0 54 6 63,0.101642,-23.68888,0.015395,20.975683,0.053911,21.04061,0.54234,4.431839,0.54234,4.431839,4.464899729839518,83.02319894916081,6.66435643823588,-7.882319421799855,-0.7312770658415416,-0.2408300331703953,0.7699124962634832,-161.77183719443755
HF,Line 2,14,0,63,6,63,zpar show hf 0 63 6 63,0.090249,-22.246735,0.027348,19.790166,0.065435,19.850685,0.532938,5.399717,0.532938,5.399717,5.425953058397483,84.36331119088717,6.019855119273716,-8.357377479610403,-0.7462167724785181,-0.2605110758990326,0.7903831300036256,-160.75543993699947
HF,Line 2,16,1,8,6,63,zpar show hf 1 8 6 63,0.114523,-20.69512,0.003066,18.533028,0.039937,18.591858,0.556863,6.405494,0.556863,6.405494,6.429653939739292,85.03147088159896,5.330383336865571,-8.863813193517132,-0.7621037346426697,-0.2822853808255634,0.8127035982350134,-159.67522768013274
HF,Line 2,18,1,16,6,63,zpar show hf 1 16 6 63,0.10116,-19.746725,0.016241,17.751451,0.05301,17.811054,0.543784,7.042007,0.543784,7.042007,7.062971302979009,85.58438088851584,4.926086144283715,-9.231282247088005,-0.7706146304371735,-0.2975825250219478,0.8260764297825351,-158.88530552108708
HF,Line 2,20,1,25,6,63,zpar show hf 1 25 6 63,0.091923,-18.741328,0.02409,16.923399,0.060439,16.97781,0.534288,7.718351,0.534288,7.718351,7.736821429123526,86.0401268410916,4.5017867790216926,-9.638171673940896,-0.7791626955831641,-0.3146296022445704,0.8402894101421242,-158.01090943256318
HF,Line 2,22,1,34,6,63,zpar show hf 1 34 6 63,0.099189,-17.506021,0.01753,15.911378,0.053628,15.963099,0.539269,8.538566,0.539269,8.538566,8.555578320062121,86.3861784152201,3.985828134670223,-10.148751733683381,-0.789110922920792,-0.33633350099678294,0.8577973377002619,-156.91541070859768
HF,Line 2,24,1,43,6,63,zpar show hf 1 43 6 63,0.089836,-16.660925,0.024002,15.216145,0.059861,15.264453,0.532433,9.104916,0.532433,9.104916,9.12047039721883,86.65329567365994,3.646951369460054,-10.525661493493013,-0.794941838454449,-0.3521719260795659,0.8694582175377552,-156.1058927200758
HF,Line 2,26,1,52,6,63,zpar show hf 1 52 6 63,0.081852,-15.925494,0.030748,14.606783,0.069078,14.653623,0.524247,9.604104,0.524247,9.604104,9.618401559501713,86.87556894019168,3.35900419619746,-10.872225377051357,-0.7993933056198167,-0.3666374561399753,0.8794615860369172,-155.36169676588554
HF,Line 2,28,1,61,6,63,zpar show hf 1 61 6 63,0.075295,-15.191623,0.035407,14.003525,0.072032,14.04793,0.518302,10.093779,0.518302,10.093779,10.10707729583805,87.06052032547879,3.079665805989759,-11.218774479593591,-0.8033993338055325,-0.3811616014419315,0.8892326219684877,-154.61865160237048
HF,Line 2,30,2,6,6,63,zpar show hf 2 6 6 63,0.088559,-14.363795,0.018182,13.330175,0.051753,13.372316,0.535832,10.636363,0.535832,10.636363,10.649851351074952,87.1160273613951,2.7574499054631483,-11.602815524653996,-0.80801654306444,-0.3976326083290658,0.9005567306241091,-153.7977634763476
HF,Line 2,32,2,15,6,63,zpar show hf 2 15 6 63,0.081152,-13.720705,0.023895,12.801353,0.057724,12.840633,0.529883,11.068378,0.529883,11.068378,11.081054441909984,87.25913792427642,2.5263337403624493,-11.929359818664599,-0.8104254845171092,-0.41116932197171396,0.9087627178122296,-153.0990437443027
HF,Line 2,34,2,24,6,63,zpar show hf 2 24 6 63,0.076255,-13.208098,0.027769,12.37835,0.061715,12.416706,0.521074,11.415943,0.521074,11.415943,11.427828870469009,87.3865817977566,2.350670594630824,-12.19791585512171,-0.8118294181370241,-0.42216350880013787,0.9150349896671401,-152.5248899843446
HF,Line 2,36,2,33,6,63,zpar show hf 2 33 6 63,0.079234,-12.504066,0.022804,11.799038,0.055887,11.836538,0.527327,11.879269,0.527327,11.879269,11.890967401321475,87.4582788337113,2.1007304800702484,-12.556156398559752,-0.8140018520575745,-0.43717028056688473,0.923968002348615,-151.761399683705
HF,Line 2,38,2,42,6,63,zpar show hf 2 42 6 63,0.07516,-12.005383,0.024956,11.389815,0.057922,11.425073,0.521939,12.216273,0.521939,12.216273,12.227417811224493,87.55353163247341,1.9377557030133392,-12.826679001480713,-0.8147020555563075,-0.4481633916383781,0.9298332457664046,-151.1850347835664
HF,Line 2,40,2,51,6,63,zpar show hf 2 51 6 63,0.068128,-11.563305,0.029574,11.027983,0.061262,11.059144,0.516163,12.512421,0.516163,12.512421,12.523062865122494,87.63777106755236,1.7975927093232205,-13.068324900050007,-0.8150573234098042,-0.4579316831893051,0.934890296726062,-150.67098724907527
HF,Line 2,42,2,60,6,63,zpar show hf 2 60 6 63,0.066021,-11.119038,0.029978,10.661273,0.062626,10.690806,0.511368,12.812488,0.511368,12.812488,12.822688718890745,87.71444190231915,1.659131600617989,-13.315592897837648,-0.8151672508922135,-0.4678752314543108,0.939896206575808,-150.14580288109028
HF,Line 2,44,3,5,6,63,zpar show hf 3 5 6 63,0.07146,-10.731429,0.020154,10.355713,0.050695,10.384429,0.520529,13.051011,0.520529,13.051011,13.061387313833167,87.71601482306824,1.5351635781849102,-13.507559290841659,-0.8156878740748859,-0.4758985886504595,0.9443654878236001,-149.73933561815113
HF,Line 2,46,3,14,6,63,zpar show hf 3 14 6 63,0.067038,-10.325014,0.023649,10.020322,0.051995,10.048679,0.51471,13.324583,0.51471,13.324583,13.334520557859927,87.78784406094456,1.4160921968766644,-13.739022815648095,-0.8152994228601781,-0.4850707068987215,0.9486868501288319,-149.24903866234254
HF,Line 2,48,3,23,6,63,zpar show hf 3 23 6 63,0.062849,-9.989202,0.025844,9.745273,0.054945,9.772145,0.511845,13.551483,0.511845,13.551483,13.561145851413661,87.83694342532856,1.3187613103786058,-13.933449154961695,-0.8148226526810101,-0.49273868875104004,0.9522223326063154,-148.83785199604262
HF,Line 2,50,3,32,6,63,zpar show hf 3 32 6 63,0.066931,-9.52947,0.021136,9.368964,0.048789,9.395302,0.516412,13.854743,0.516412,13.854743,13.86436384944484,87.8653853627873,1.1820452201076876,-14.192016052713175,-0.8143130718467623,-0.5030818938470397,0.9571818901845325,-148.29226445158443
HF,Line 2,52,3,40,6,63,zpar show hf 3 40 6 63,0.063184,-9.236122,0.022043,9.126093,0.049806,9.151486,0.511335,14.052375,0.511335,14.052375,14.061675100173876,87.91605212028652,1.1034328134834523,-14.364178077730514,-0.8135351104027261,-0.50974934249756,0.96004362819336,-147.9293364715889
HF,Line 2,54,3,49,6,63,zpar show hf 3 49 6 63,0.059418,-8.93427,0.024131,8.878418,0.052206,8.901676,0.508239,14.257678,0.508239,14.257678,14.266733642737044,87.95845964739964,1.0228410999037507,-14.545167561852345,-0.8126037245289676,-0.5167220077942939,0.9629779054876163,-147.54835694997948
HF,Line 2,56,3,58,6,63,zpar show hf 3 58 6 63,0.056941,-8.632069,0.025926,8.628807,0.052664,8.65219,0.505372,14.459956,0.505372,14.459956,14.468784620012837,87.9983409585965,0.9438237677859623,-14.724022765149977,-0.8116129146222465,-0.5236008572525911,0.9658537057428864,-147.1724740015652
HF,Line 2,58,4,3,6,63,zpar show hf 4 3 6 63,0.064303,-8.327331,0.01497,8.380506,0.040285,8.401277,0.515664,14.65736,0.515664,14.65736,14.666428042659058,87.98509484195694,0.8546221582034647,-14.895149856121938,-0.8110245812342005,-0.5304430823748125,0.9690875786044326,-146.81368071080183
HF,Line 2,60,4,12,6,63,zpar show hf 4 12 6 63,0.060663,-8.046387,0.016513,8.149194,0.041707,8.169539,0.512721,14.84854,0.512721,14.84854,14.857389506755249,88.02235895464815,0.7851600755766972,-15.067165959045699,-0.8097793899694856,-0.5369333556761676,0.9716172543018275,-146.45318308455782
HF,Line 2,62,4,21,6,63,zpar show hf 4 21 6 63,0.05643,-7.810437,0.019476,7.954897,0.044642,7.976328,0.508207,15.006411,0.508207,15.006411,15.015014001184614,88.06036286994419,0.7303380918789087,-15.21032209181385,-0.8086190756963914,-0.5422727251081461,0.9736141525143834,-146.153570476061
HF,Line 2,64,4,30,6,63,zpar show hf 4 30 6 63,0.053507,-7.553088,0.020886,7.74267,0.044503,7.763234,0.505388,15.180958,0.505388,15.180958,15.189368085220266,88.09327519810206,0.6696390509964745,-15.368794965187744,-0.8072984347875994,-0.5481783491135626,0.9758228657125118,-145.8223921185836
HF,Line 2,66,4,39,6,63,zpar show hf 4 39 6 63,0.057353,-7.250344,0.015987,7.495324,0.038941,7.513676,0.506839,15.383875,0.506839,15.383875,15.392221924970611,88.11300888753296,0.59634322161632,-15.552277110354675,-0.8058105743565122,-0.555069095372937,0.9784847379407114,-145.43963834496287
HF,Line 2,68,4,48,6,63,zpar show hf 4 48 6 63,0.052432,-7.035947,0.017551,7.319655,0.041017,7.337599,0.502972,15.524508,0.502972,15.524508,15.532653652059844,88.14434724834287,0.5502064578068442,-15.681454986885422,-0.804570889640283,-0.559805768551269,0.9801616269574286,-145.17050681876685
HF,Line 2,70,4,57,6,63,zpar show hf 4 57 6 63,0.050853,-6.818194,0.018845,7.140092,0.041523,7.157145,0.499724,15.670803,0.499724,15.670803,15.678768789065836,88.17352201244826,0.5034827948550236,-15.81637931959322,-0.8032066111090878,-0.5647174843118941,0.9818587969850348,-144.88976286732571
HF,Line 2,72,5,2,6,63,zpar show hf 5 2 6 63,0.05757,-6.526285,0.010039,6.904963,0.03293,6.921279,0.506089,15.857589,0.506089,15.857589,15.865662764878183,88.1720471535373,0.43399974080433457,-15.986380294281261,-0.8017595115562391,-0.5711149799462072,0.984373219205935,-144.5367013917382
HF,Line 2,74,5,11,6,63,zpar show hf 5 11 6 63,0.055621,-6.324747,0.011446,6.738068,0.033093,6.753478,0.502891,15.995053,0.502891,15.995053,16.002956596538343,88.1991904978261,0.39309290511202233,-16.114529001682143,-0.8003050745813991,-0.5756953317162742,0.9858566464555837,-144.27084216072518
HF,Line 2,76,5,20,6,63,zpar show hf 5 20 6 63,0.052663,-6.150977,0.013727,6.595182,0.034192,6.610223,0.500318,16.112628,0.500318,16.112628,16.1203938899615,88.2214631893157,0.35869708161126945,-16.224746550058217,-0.7990127029678376,-0.5796123974114228,0.9871027457853548,-144.04246548729014
HF,Line 2,78,5,29,6,63,zpar show hf 5 29 6 63,0.050571,-5.9633,0.014516,6.440696,0.034939,6.454193,0.496642,16.243034,0.496642,16.243034,16.250624812643974,88.24868752493991,0.3231332742897219,-16.34728517044489,-0.7974784977314168,-0.5839042936774108,0.9883907013518861,-143.78885431688357
HF,Line 2,80,5,38,6,63,zpar show hf 5 38 6 63,0.050052,-5.735713,0.011702,6.257059,0.030781,6.269802,0.496927,16.390595,0.496927,16.390595,16.398126139817137,88.26344918199038,0.277637778164758,-16.48486234585479,-0.7958918982303694,-0.5888309801066423,0.9900332503517696,-143.50456115545813
HF,Line 2,82,5,47,6,63,zpar show hf 5 47 6 63,0.047433,-5.561099,0.012697,6.113436,0.031378,6.125474,0.495151,16.511908,0.495151,16.511908,16.51933050438985,88.28235700114953,0.24473518722621312,-16.59967491844652,-0.7944018795245329,-0.5928280398366862,0.9912211816788007,-143.26759877374056
HF,Line 2,84,5,55,6,63,zpar show hf 5 55 6 63,0.046643,-5.429344,0.01374,6.006806,0.031966,6.018037,0.492465,16.596065,0.492465,16.596065,16.603369997095466,88.30032668746622,0.22214540806855182,-16.6792339273728,-0.7933529580342659,-0.5955889231405466,0.992035826666273,-143.10357145573556
HF,Line 2,86,6,0,6,63,zpar show hf 6 0 6 63,0.049557,-5.216813,0.007213,5.834772,0.02431,5.845952,0.497012,16.734375,0.497012,16.734375,16.741754017090592,88.29881179553479,0.17810852251080245,-16.808568289486885,-0.7918381783732328,-0.6002265783172095,0.9936194674259481,-142.83726428003655
HF,Line 2,88,6,9,6,63,zpar show hf 6 9 6 63,0.049092,-5.063959,0.007848,5.70777,0.025344,5.719276,0.494022,16.838716,0.494022,16.838716,16.84596136363669,88.31951209706055,0.1524727844986759,-16.908051389926108,-0.7904226456316776,-0.6036104786319653,0.9945418888320847,-142.63264361262554
HF,Line 2,90,6,18,6,63,zpar show hf 6 18 6 63,0.046712,-4.92956,0.008872,5.597195,0.026676,5.606563,0.49199,16.928951,0.49199,16.928951,16.936098609789124,88.33533581451346,0.12976455403449066,-16.99429261635451,-0.7891989974977829,-0.6065492543774245,0.9953577525881411,-142.45544810207974
HF,Line 2,92,6,27,6,63,zpar show hf 6 27 6 63,0.045364,-4.785449,0.009604,5.478217,0.027155,5.487724,0.491721,17.027525,0.491721,17.027525,17.03462348182272,88.345871743518,0.1042234075620096,-17.088646987820194,-0.7878689345609997,-0.6097741668338484,0.9962740549588747,-142.26178381612448
HF,Line 2,94,6,36,6,63,zpar show hf 6 36 6 63,0.047791,-4.610351,0.006275,5.334142,0.024371,5.345029,0.492702,17.143128,0.492702,17.143128,17.15020678840894,88.35374406197909,0.07294280395050301,-17.19860821948729,-0.7863469234428571,-0.6135585240250008,0.9973943785743852,-142.0363510364463
HF,Line 2,96,6,45,6,63,zpar show hf 6 45 6 63,0.045421,-4.476533,0.007008,5.223459,0.024348,5.233975,0.489084,17.234465,0.489084,17.234465,17.241403278018904,88.37448216320459,0.053547377071761326,-17.28637150776637,-0.784964389007675,-0.6164509644855664,0.9980886151166024,-141.856620691875
HF,Line 2,98,6,54,6,63,zpar show hf 6 54 6 63,0.042145,-4.355705,0.008977,5.126397,0.025258,5.136331,0.487027,17.31243,0.487027,17.31243,17.319279078634565,88.38860090852697,0.03574973285438421,-17.361524433858108,-0.783806469150922,-0.6189494464415448,0.9987246859536065,-141.7028635388486
HF,Line 2,100,6,63,6,63,zpar show hf 6 63 6 63,0.042619,-4.230188,0.009268,5.022132,0.025514,5.032684,0.484381,17.397454,0.484381,17.397454,17.404195776745244,88.4051793372189,0.017645795396391384,-17.443462122738143,-0.7824998558416701,-0.621639987742529,0.9993709515253915,-141.53537881787705
HF,Line 3,100,6,63,6,63,zpar show hf 6 63 6 63,0.042619,-4.230188,0.009268,5.022132,0.025514,5.032684,0.484381,17.397454,0.484381,17.397454,17.404195776745244,88.4051793372189,0.017645795396391384,-17.443462122738143,-0.7824998558416701,-0.621639987742529,0.9993709515253915,-141.53537881787705
HF,Line 3,98,6,63,6,54,zpar show hf 6 63 6 54,0.042827,-4.230921,0.009138,5.034164,0.025587,5.043936,0.484409,17.167923,0.484409,17.167923,17.174755666768885,88.38377482992843,0.019947666556080823,-17.214138462461378,-0.7874980983689761,-0.6151593754521919,0.9992869018162324,-142.00458911322102
HF,Line 3,96,6,63,6,45,zpar show hf 6 63 6 45,0.043837,-4.231114,0.009197,5.04756,0.025888,5.056611,0.480092,16.916079,0.480092,16.916079,16.922890328271496,88.37433583029707,0.026884935911555552,-16.96256483791072,-0.7928098271387972,-0.6078861990676381,0.9990360619240677,-142.52084692547092
HF,Line 3,94,6,63,6,36,zpar show hf 6 63 6 36,0.043494,-4.233035,0.009382,5.059873,0.025952,5.068624,0.480736,16.677251,0.480736,16.677251,16.68417837409733,88.34885745993111,0.02867664738908876,-16.723996247161693,-0.7979366835693416,-0.6010290170291211,0.9989688835477466,-143.0118821113025
HF,Line 3,92,6,63,6,27,zpar show hf 6 63 6 27,0.042187,-4.233807,0.009236,5.079218,0.025226,5.088435,0.484371,16.338978,0.484371,16.338978,16.34615604202178,88.30195692852982,0.02898218531978447,-16.385988933973575,-0.805188271203273,-0.5912531845262173,0.9989536927684429,-143.71000311318443
HF,Line 3,90,6,63,6,18,zpar show hf 6 63 6 18,0.043314,-4.233244,0.008929,5.091842,0.024996,5.100926,0.483406,16.090928,0.483406,16.090928,16.09818763904869,88.27922941418024,0.03250442593180303,-16.138104799637976,-0.8103515868942605,-0.5839332643590004,0.9988231833547939,-144.2237619825852
HF,Line 3,88,6,63,6,9,zpar show hf 6 63 6 9,0.042635,-4.232069,0.010186,5.106121,0.025115,5.115695,0.479377,15.816903,0.479377,15.816903,15.82416578589652,88.26401706815291,0.039461673719936086,-15.86446575206341,-0.8158998075036098,-0.5757112355277252,0.998566934460223,-144.79262788879348
HF,Line 3,86,6,63,6,0,zpar show hf 6 63 6 0,0.04299,-4.232497,0.010781,5.119207,0.024549,5.129096,0.479432,15.555556,0.479432,15.555556,15.562942443887659,88.23466693966678,0.042102234146505324,-15.60336431114675,-0.8212512864722282,-0.5678747705682903,0.9984665395396474,-145.3371090746779
HF,Line 3,84,6,63,5,55,zpar show hf 6 63 5 55,0.04203,-4.23419,0.00997,5.141287,0.02471,5.149765,0.476594,15.190624,0.476594,15.190624,15.19809854390384,88.20297900337407,0.049294649984854944,-15.238766404939579,-0.8285172523266146,-0.5567380613547902,0.9981974285500506,-146.10011564144574
HF,Line 3,82,6,63,5,47,zpar show hf 6 63 5 47,0.042862,-4.235185,0.011132,5.154914,0.025973,5.16362,0.47464,14.928864,0.47464,14.928864,14.936407314347585,88.17898325857465,0.05404686340869297,-14.977514838900492,-0.8336605312227531,-0.5486804671526345,0.9980181042212792,-146.64876084895226
HF,Line 3,80,6,63,5,38,zpar show hf 6 63 5 38,0.042728,-4.236126,0.011508,5.169339,0.026143,5.178114,0.473963,14.646785,0.473963,14.646785,14.654451602212687,88.1465825593985,0.057684217456234754,-14.695763982801202,-0.8391813764325469,-0.539940587586967,0.9978783596586225,-147.24222580945144
HF,Line 3,78,6,63,5,29,zpar show hf 6 63 5 29,0.041319,-4.23835,0.010652,5.192226,0.024577,5.200227,0.477556,14.253556,0.477556,14.253556,14.261553855673371,88.08106048262157,0.0587298699749228,-14.302716012319264,-0.8468829323006012,-0.5276890196237053,0.9978308486178866,-148.0731484665191
HF,Line 3,76,6,63,5,20,zpar show hf 6 63 5 20,0.042005,-4.239285,0.010045,5.206811,0.024466,5.215247,0.477389,13.961773,0.477389,13.961773,13.969932196000453,88.04167258399757,0.061969700273062533,-14.01113991798236,-0.8524230018697087,-0.5184485952486168,0.9977043249539562,-148.69179133675365
HF,Line 3,74,6,63,5,11,zpar show hf 6 63 5 11,0.041378,-4.238239,0.011642,5.223322,0.025001,5.232888,0.472626,13.644959,0.472626,13.644959,13.653141815990816,88.01621585349166,0.07024985662002403,-13.694847229164996,-0.8581846845635371,-0.5082370359952828,0.9973895114631435,-149.36499085395025
HF,Line 3,72,6,63,5,2,zpar show hf 6 63 5 2,0.040368,-4.239556,0.011887,5.239277,0.024809,5.247819,0.474106,13.340395,0.474106,13.340395,13.348816998343372,87.96461461044066,0.07196885714534629,-13.390585061139875,-0.8638297255630949,-0.4984379693724007,0.997317504147247,-150.01464507373035
HF,Line 3,70,6,63,4,57,zpar show hf 6 63 4 57,0.043469,-4.242566,0.013274,5.264406,0.025548,5.273102,0.469498,12.916705,0.469498,12.916705,12.92523486939518,87.91832231792522,0.081849202514297,-12.967621607800856,-0.8712737002423094,-0.4845262236873113,0.9969370703181881,-150.92101576783563
HF,Line 3,68,6,63,4,48,zpar show hf 6 63 4 48,0.043407,-4.241564,0.013637,5.280127,0.025513,5.28909,0.470038,12.601439,0.470038,12.601439,12.610202242318122,87.86383808254783,0.08463161437805017,-12.65267359617674,-0.8768407956138106,-0.47413853738065664,0.996823521733977,-151.5983573918926
HF,Line 3,66,6,63,4,39,zpar show hf 6 63 4 39,0.043064,-4.244119,0.01518,5.300039,0.026551,5.308287,0.466652,12.242341,0.466652,12.242341,12.251231662546626,87.81706358990343,0.09209844935296024,-12.29423978999998,-0.8829020533130012,-0.46212576556198104,0.9965321163618163,-152.3716843886782
HF,Line 3,64,6,63,4,30,zpar show hf 6 63 4 30,0.041748,-4.244042,0.014026,5.325726,0.025137,5.334279,0.468854,11.778498,0.468854,11.778498,11.787825889845847,87.72049199747124,0.09536518310606024,-11.83060673434931,-0.8907415550894144,-0.4465207448392533,0.9963941456747475,-153.375803279701
HF,Line 3,62,6,63,4,21,zpar show hf 6 63 4 21,0.042235,-4.24526,0.013841,5.343948,0.025102,5.352259,0.468795,11.432416,0.468795,11.432416,11.44202361250321,87.65185807158247,0.09926930826735875,-11.484856398100877,-0.8963788018644983,-0.4347296580675338,0.9962353296463382,-154.12734238398798
HF,Line 3,60,6,63,4,12,zpar show hf 6 63 4 12,0.04132,-4.246401,0.015373,5.364096,0.025974,5.371639,0.466363,11.059465,0.466363,11.059465,11.069293587848955,87.58534338568828,0.10587360074995794,-11.112545892239591,-0.9022100990132954,-0.42187463271073417,0.9959725239615785,-154.9391473727235
HF,Line 3,58,6,63,4,3,zpar show hf 6 63 4 3,0.041054,-4.246482,0.015568,5.383096,0.025963,5.390767,0.466267,10.69341,0.466267,10.69341,10.703570541804682,87.5033015764844,0.11003784443044251,-10.746872955973705,-0.9078555003215216,-0.40916913182076015,0.9958016810083195,-155.73898077277514
HF,Line 3,56,6,63,3,58,zpar show hf 6 63 3 58,0.042545,-4.248714,0.016178,5.418538,0.026051,5.426838,0.465425,10.080983,0.465425,10.080983,10.09172129405653,87.35661044281737,0.11856425053907882,-10.135232301194725,-0.916877933579456,-0.3876408560457302,0.9954549604883186,-157.08216090249496
HF,Line 3,54,6,63,3,49,zpar show hf 6 63 3 49,0.041631,-4.249146,0.016587,5.438551,0.026206,5.446399,0.464773,9.700411,0.464773,9.700411,9.711538884772589,87.25690156974404,0.12347045709323379,-9.755104427250457,-0.9222627930002173,-0.3741136459892029,0.9952535754609959,-157.92018574531772
HF,Line 3,52,6,63,3,40,zpar show hf 6 63 3 40,0.042371,-4.250505,0.017862,5.46187,0.026958,5.469452,0.463815,9.265097,0.463815,9.265097,9.27669913135238,87.13413942972589,0.12943911036347744,-9.320475248744643,-0.9281799965694968,-0.3585029924947871,0.9950087947648847,-158.8812970969021
HF,Line 3,50,6,63,3,32,zpar show hf 6 63 3 32,0.041685,-4.250747,0.017821,5.481094,0.026718,5.487982,0.464761,8.906693,0.464761,8.906693,8.918810626051549,87.01295258972114,0.13259375194049994,-8.962408432285113,-0.9329333930525051,-0.3455583931415615,0.994874524220536,-159.67537764077497
HF,Line 3,48,6,63,3,23,zpar show hf 6 63 3 23,0.041998,-4.253197,0.01735,5.513797,0.025082,5.520996,0.466559,8.323501,0.466559,8.323501,8.336566811192842,86.79174455383531,0.1379963776490249,-8.379655756859666,-0.9402969205229381,-0.3242854009883254,0.9946453237406184,-160.97193882481758
HF,Line 3,46,6,63,3,14,zpar show hf 6 63 3 14,0.041476,-4.254205,0.018648,5.538631,0.026452,5.544328,0.464114,7.868211,0.464114,7.868211,7.88188721979178,86.62426477938445,0.1456978450429106,-7.925141486897426,-0.9455932193911729,-0.3074860297541466,0.9943310289096539,-161.98661904895377
HF,Line 3,44,6,63,3,5,zpar show hf 6 63 3 5,0.041113,-4.255747,0.019103,5.561956,0.025825,5.567141,0.465594,7.42009,0.465594,7.42009,7.434683139242452,86.40952568068302,0.1493013926794689,-7.4774737009405845,-0.9506781006200976,-0.29085438463389485,0.9941756002132612,-162.9888163640054
HF,Line 3,42,6,63,2,60,zpar show hf 6 63 2 60,0.04164,-4.257051,0.019884,5.601052,0.02527,5.606901,0.460899,6.746387,0.460899,6.746387,6.76211249847043,86.09174542973872,0.16274542330702707,-6.8045937209453555,-0.9574914711286129,-0.2655343933200479,0.9936289203318718,-164.50008292398454
HF,Line 3,40,6,63,2,51,zpar show hf 6 63 2 51,0.040822,-4.257671,0.019932,5.625842,0.025727,5.630946,0.461764,6.277664,0.461764,6.277664,6.29462399898453,85.79309015560959,0.16731237282449635,-6.33641941591509,-0.9620292981100462,-0.2478155586001307,0.9934349105534811,-165.5548398002875
HF,Line 3,38,6,63,2,42,zpar show hf 6 63 2 42,0.042557,-4.258306,0.021922,5.65502,0.02658,5.659976,0.461409,5.739472,0.461409,5.739472,5.757988980891245,85.40374876202587,0.1741840504975301,-5.799141549659776,-0.9667830052735564,-0.22732114653957197,0.9931486711212149,-166.76830846494775
HF,Line 3,36,6,63,2,33,zpar show hf 6 63 2 33,0.040533,-4.259556,0.022844,5.680433,0.026348,5.684212,0.462398,5.246056,0.462398,5.246056,5.26639492115242,84.96285160764447,0.17875185189459475,-5.306315487679257,-0.9708361399377071,-0.20841248431002174,0.9929544673475327,-167.88401893629435
HF,Line 3,34,6,63,2,24,zpar show hf 6 63 2 24,0.040835,-4.264518,0.020357,5.722198,0.024797,5.725846,0.466165,4.520621,0.466165,4.520621,4.544592834662529,84.11248720794656,0.18446667863451421,-4.581332280817746,-0.9761793006600274,-0.18040510584228375,0.9927094384819084,-169.52945519817337
HF,Line 3,32,6,63,2,15,zpar show hf 6 63 2 15,0.04141,-4.264261,0.022863,5.753012,0.026493,5.757407,0.463519,3.947275,0.463519,3.947275,3.9743967830333697,83.30256633921154,0.19418947768888029,-4.009099938492761,-0.9796333938525613,-0.15811686970381866,0.9923117105204503,-170.83129805411826
HF,Line 3,30,6,63,2,6,zpar show hf 6 63 2 6,0.04151,-4.266151,0.023242,5.781796,0.026092,5.785224,0.466783,3.390015,0.466783,3.390015,3.422000594581187,82.16004326431504,0.1974093440706835,-3.452444101245644,-0.9827556075562891,-0.13636864911890131,0.9921718564068651,-172.09999774233316
HF,Line 3,28,6,63,1,61,zpar show hf 6 63 1 61,0.040764,-4.268098,0.023469,5.823165,0.024958,5.825987,0.466856,2.698247,0.466856,2.698247,2.7383373418454124,80.18375663118897,0.20680051687198192,-2.761444457089241,-0.9857548367682767,-0.10921930158224605,0.9917870003434031,-173.67755086074763
HF,Line 3,26,6,63,1,52,zpar show hf 6 63 1 52,0.040435,-4.26861,0.023584,5.853468,0.024648,5.855344,0.469066,2.112204,0.469066,2.112204,2.163660936924268,77.47927483451812,0.21150729576029315,-2.176005009640003,-0.9878420264114053,-0.08614667116773429,0.9915912051333822,-175.01601987431673
HF,Line 3,24,6,63,1,43,zpar show hf 6 63 1 43,0.039818,-4.27164,0.025452,5.890127,0.02597,5.892336,0.466538,1.433425,0.466538,1.433425,1.50743654462435,71.97144327057534,0.22257797895784293,-1.498408624647674,-0.9893655069931044,-0.05935343332044773,0.9911442561376459,-176.56685995361448
HF,Line 3,22,6,63,1,34,zpar show hf 6 63 1 34,0.038476,-4.273012,0.02617,5.923898,0.025717,5.924227,0.470142,0.805118,0.470142,0.805118,0.9323349688218285,59.71756114498183,0.226652359527779,-0.8708644445089888,-0.9903764498631191,-0.03451052379454491,0.9909775419736055,-178.00428651121845
HF,Line 3,20,6,63,1,25,zpar show hf 6 63 1 25,0.039344,-4.274213,0.024427,5.9762,0.022041,5.975819,0.479419,-0.118655,0.479419,-0.118655,0.49388418337298473,-13.901215352733443,0.22972072796225879,0.05242874790703808,-0.990851026111834,0.0020780092952095513,0.9908532051063392,179.8798396684119
HF,Line 3,18,6,63,1,16,zpar show hf 6 63 1 16,0.040367,-4.276474,0.023407,6.011184,0.021933,6.010124,0.485845,-0.787574,0.485845,-0.787574,0.9253746103611229,-58.33005954322808,0.231564300746054,0.7207099280974165,-0.9903703943041515,0.02855733688040582,0.9907820342556992,178.3483334803
HF,Line 3,16,6,63,1,8,zpar show hf 6 63 1 8,0.039323,-4.277468,0.027208,6.048805,0.023236,6.048267,0.481972,-1.485651,0.481972,-1.485651,1.5618757641326664,-72.0260014205232,0.24443938410696703,1.417351030168341,-0.9886874865270953,0.0560991085235126,0.9902777670898192,176.75246285184298
HF,Line 3,14,6,63,0,63,zpar show hf 6 63 0 63,0.038058,-4.281162,0.028851,6.095582,0.024174,6.093668,0.472581,-2.26718,0.472581,-2.26718,2.3159097465058953,-78.22561165243202,0.26489084312551175,2.1975189879121415,-0.9856649422594163,0.08681082045646804,0.9894804176675673,174.96675569011245
HF,Line 3,12,6,63,0,54,zpar show hf 6 63 0 54,0.03884,-4.283291,0.029267,6.134949,0.024148,6.132822,0.478935,-3.025824,0.478935,-3.025824,3.063493041154329,-81.00569767177618,0.2680740781662818,2.9552232911422807,-0.982482409041455,0.11654869013618839,0.9893711544452679,173.23480392925194
HF,Line 3,10,6,63,0,45,zpar show hf 6 63 0 45,0.038104,-4.284009,0.031778,6.183619,0.025398,6.179404,0.480088,-3.900325,0.480088,-3.900325,3.9297607552329445,-82.98280365797505,0.278516258204824,3.828204275733215,-0.9774571630252816,0.15056351161391543,0.9889852762194924,171.243216735371
HF,Line 3,8,6,63,0,36,zpar show hf 6 63 0 36,0.037732,-4.286643,0.032411,6.22654,0.025881,6.221818,0.48811,-4.7175,0.48811,-4.7175,4.7426846429105955,-84.09274422934769,0.2809818398735748,4.644252192740947,-0.9719994711372981,0.18214566487742262,0.9889186089485957,169.3862804889116
HF,Line 3,6,6,63,0,27,zpar show hf 6 63 0 27,0.037368,-4.29189,0.029517,6.296026,0.023342,6.288936,0.49585,-5.924865,0.49585,-5.924865,5.94557755737195,-85.21608309277421,0.29026190809931907,5.850679592792941,-0.9619029999615902,0.22824430435240792,0.9886115737762843,166.6514908414156
HF,Line 3,4,6,63,0,18,zpar show hf 6 63 0 18,0.03658,-4.293396,0.030645,6.342811,0.022048,6.334902,0.503959,-6.807652,0.503959,-6.807652,6.8262801309926475,-85.76621276010879,0.29377262612246613,6.732417815843157,-0.9533162655519198,0.2614745432588131,0.9885245768003259,164.6621666036424
HF,Line 3,2,6,63,0,9,zpar show hf 6 63 0 9,0.036936,-4.295481,0.032198,6.398331,0.024151,6.389456,0.505819,-7.827335,0.505819,-7.827335,7.8436615214443055,-86.30256625824839,0.3057881783796359,7.750348188093061,-0.9417534712698582,0.29915574415445917,0.9881263886312499,162.37712118834983
HF,Line 3,0,6,63,0,0,zpar show hf 6 63 0 0,0.035859,-4.2974,0.032305,6.449434,0.023464,6.439871,0.516713,-8.782795,0.516713,-8.782795,8.797981605822667,-86.63303224766578,0.307820206471103,8.704684609719902,-0.9299811198351238,0.3339416592078424,0.9881203949945966,160.24758132714004
HF,Line 4,100,6,63,0,0,zpar show hf 6 63 0 0,0.035859,-4.2974,0.032305,6.449434,0.023464,6.439871,0.516713,-8.782795,0.516713,-8.782795,8.797981605822667,-86.63303224766578,0.307820206471103,8.704684609719902,-0.9299811198351238,0.3339416592078424,0.9881203949945966,160.24758132714004
HF,Line 4,98,6,54,0,0,zpar show hf 6 54 0 0,0.036937,-4.427578,0.034005,6.582647,0.024262,6.572333,0.517471,-8.917883,0.517471,-8.917883,8.93288382536849,-86.67906665523526,0.34099792872935186,8.834138364333755,-0.9271066073873361,0.3381801536112544,0.9868599078682788,159.95957605672257
HF,Line 4,96,6,45,0,0,zpar show hf 6 45 0 0,0.037318,-4.550679,0.034277,6.706968,0.0241,6.695575,0.517214,-9.043621,0.517214,-9.043621,9.058398926600495,-86.72676096570106,0.3734783485347045,8.954666665662772,-0.924360724677512,0.3420849502341668,0.9856291708868237,159.69162915661397
HF,Line 4,94,6,36,0,0,zpar show hf 6 36 0 0,0.038873,-4.686141,0.036024,6.848924,0.024928,6.837079,0.519586,-9.188112,0.519586,-9.188112,9.202791518661064,-86.76338164874797,0.4087076839194129,9.092694936977708,-0.921272294540858,0.3465580386362505,0.9842993014484884,159.38504045225716
HF,Line 4,92,6,27,0,0,zpar show hf 6 27 0 0,0.035769,-4.867823,0.039675,7.039817,0.028149,7.027941,0.517954,-9.382505,0.517954,-9.382505,9.39679075116292,-86.84023758533498,0.4620086296091164,9.2774842303326,-0.9168955915352665,0.35242292379197104,0.9822929517159775,158.9749682532868
HF,Line 4,90,6,18,0,0,zpar show hf 6 18 0 0,0.038112,-5.015509,0.040717,7.191382,0.028748,7.178663,0.518285,-9.536534,0.518285,-9.536534,9.550607314426712,-86.8891886470672,0.5036679283681681,9.423955276375427,-0.9134298314880119,0.35704490180795134,0.9807319302231714,158.65027792989707
HF,Line 4,88,6,9,0,0,zpar show hf 6 9 0 0,0.04017,-5.15395,0.040223,7.333199,0.02845,7.32197,0.516831,-9.678957,0.516831,-9.678957,9.692745890118548,-86.94345797731101,0.5455337794476094,9.559290538647069,-0.9100952783405302,0.3612417231921577,0.9791675026432233,158.35051738958055
HF,Line 4,86,6,0,0,0,zpar show hf 6 0 0 0,0.040205,-5.311612,0.041114,7.495271,0.029423,7.483955,0.519278,-9.846102,0.519278,-9.846102,9.859785709420262,-86.98104907197907,0.5898252290803251,9.717611586752211,-0.9063434385863554,0.3661824290408324,0.9775213552689183,158.0002222594521
HF,Line 4,84,5,55,0,0,zpar show hf 5 55 0 0,0.037906,-5.53014,0.04342,7.731024,0.031628,7.718721,0.524274,-10.089185,0.524274,-10.089185,10.10279749333327,-87.02535993978383,0.6543521505898403,9.947124674960083,-0.9008626213936022,0.37327725421819324,0.975135565519393,157.49306581951075
HF,Line 4,82,5,47,0,0,zpar show hf 5 47 0 0,0.039542,-5.664418,0.043989,7.868209,0.030916,7.856316,0.528808,-10.231557,0.528808,-10.231557,10.24521334795489,-87.0413563066255,0.6914241302875281,10.081423270702583,-0.8976628292268226,0.37740392057922,0.9737721880625211,157.1966797187171
HF,Line 4,80,5,38,0,0,zpar show hf 5 38 0 0,0.04066,-5.842331,0.0449,8.053745,0.031943,8.041393,0.528126,-10.418836,0.528126,-10.418836,10.432212644821425,-87.09818694949823,0.7492501248020561,10.257080991730758,-0.8931384281929305,0.38262780511593797,0.9716482332422464,156.80931219347286
HF,Line 4,78,5,29,0,0,zpar show hf 5 29 0 0,0.037917,-6.076314,0.04787,8.297834,0.036131,8.284968,0.530415,-10.665494,0.530415,-10.665494,10.678675120831283,-87.15291917631357,0.8238139357178104,10.48685591760217,-0.8872323918806713,0.38940671004573235,0.9689266757763139,156.30330728160854
HF,Line 4,76,5,20,0,0,zpar show hf 5 20 0 0,0.041249,-6.269845,0.048331,8.497636,0.037537,8.485992,0.529685,-10.86897,0.529685,-10.86897,10.881869097729718,-87.20997266872106,0.8895025877437501,10.676267055065262,-0.8822002441614729,0.3948726443755138,0.9665410886634223,155.88672065397216
HF,Line 4,74,5,11,0,0,zpar show hf 5 11 0 0,0.04265,-6.447101,0.049529,8.680741,0.037056,8.669,0.531635,-11.056731,0.531635,-11.056731,11.069504784749224,-87.24719718968426,0.9480958368556464,10.85073499345604,-0.8776153487463735,0.399887497937741,0.964426623109361,155.50350626621747
HF,Line 4,72,5,2,0,0,zpar show hf 5 2 0 0,0.044102,-6.656601,0.048851,8.896917,0.037853,8.885345,0.533183,-11.278399,0.533183,-11.278399,11.290995001092242,-87.29337399654001,1.0195929964433115,11.056062025124751,-0.872116934432195,0.40569200437980124,0.9618596309967011,155.05305817121416
HF,Line 4,70,4,57,0,0,zpar show hf 4 57 0 0,0.038408,-6.961678,0.052203,9.21762,0.041045,9.205942,0.537178,-11.610931,0.537178,-11.610931,11.62335058795204,-87.35110811256678,1.12652371375055,11.361918305962838,-0.8638808353700531,0.4142128242884751,0.9580513355372435,154.3832547300024
HF,Line 4,68,4,48,0,0,zpar show hf 4 48 0 0,0.038937,-7.18708,0.05288,9.450706,0.042374,9.438222,0.538746,-11.847104,0.538746,-11.847104,11.859347386738108,-87.39627334470792,1.2078233184985072,11.577848503714858,-0.8578547690280673,0.4200522432661336,0.9551746917800481,153.91112217994163
HF,Line 4,66,4,39,0,0,zpar show hf 4 39 0 0,0.043425,-7.407177,0.053692,9.679152,0.041977,9.666758,0.538811,-12.084914,0.538811,-12.084914,12.096919594719846,-87.4471341308133,1.2911142206235326,11.795064078543964,-0.8517303295015437,0.4258296631792008,0.952247581375831,153.43685940335828
HF,Line 4,64,4,30,0,0,zpar show hf 4 30 0 0,0.039026,-7.721988,0.057959,10.010352,0.04734,9.997009,0.537851,-12.42449,0.537851,-12.42449,12.436126223961422,-87.52123717374583,1.415213932709431,12.10154091814435,-0.8428580231586636,0.4337514145671465,0.9479187395773601,152.76875329907676
HF,Line 4,62,4,21,0,0,zpar show hf 4 21 0 0,0.040648,-7.988318,0.058426,10.284421,0.046983,10.272088,0.537266,-12.704955,0.537266,-12.704955,12.716309854151126,-87.57852393155315,1.5211530955360837,12.354136673178115,-0.8354173008957095,0.4401104172791872,0.9442559218948711,152.21906304539095
HF,Line 4,60,4,12,0,0,zpar show hf 4 12 0 0,0.042741,-8.232497,0.058392,10.537121,0.045939,10.523294,0.54101,-12.960669,0.54101,-12.960669,12.971955625412114,-87.6097217862581,1.616329684128626,12.583169636745565,-0.8286921732674911,0.4458035658565872,0.9409949720191102,151.72150852638822
HF,Line 4,58,4,3,0,0,zpar show hf 4 3 0 0,0.046001,-8.521282,0.05824,10.837064,0.045939,10.823069,0.542479,-13.265985,0.542479,-13.265985,13.277072022312225,-87.65833825238155,1.7353011504944207,12.854851020155436,-0.8205190040080022,0.45235071712075997,0.936948561671317,151.13212734144648
HF,Line 4,56,3,58,0,0,zpar show hf 3 58 0 0,0.038018,-8.844114,0.05916,11.190011,0.046494,11.174843,0.553174,-13.643173,0.553174,-13.643173,13.654382848822022,-87.6781658925619,1.8695060673585788,13.190672320892416,-0.8108082276032056,0.4604975018515001,0.9324526428513804,150.40564608533302
HF,Line 4,54,3,49,0,0,zpar show hf 3 49 0 0,0.038173,-9.160195,0.059202,11.517001,0.04815,11.501285,0.552799,-13.982818,0.552799,-13.982818,13.993740956424947,-87.7360383332609,2.0077672179896036,13.48862613347924,-0.8016021912651238,0.46725979020353703,0.9278457762915675,149.76177765827998
HF,Line 4,52,3,40,0,0,zpar show hf 3 40 0 0,0.042545,-9.472481,0.057854,11.839098,0.046177,11.825268,0.556372,-14.308334,0.556372,-14.308334,14.319147029692097,-87.77320577070877,2.1442056315713502,13.771637256995325,-0.7927126471935337,0.4734675307476383,0.9233443797916602,149.15117920500137
HF,Line 4,50,3,32,0,0,zpar show hf 3 32 0 0,0.043014,-9.780769,0.058255,12.158834,0.046992,12.144019,0.557258,-14.636839,0.557258,-14.636839,14.647443203183448,-87.81967143949431,2.284434621776373,14.054883217944372,-0.7837200359751356,0.4794921658901608,0.9187653845998474,148.5410536397869
HF,Line 4,48,3,23,0,0,zpar show hf 3 23 0 0,0.041204,-10.262301,0.063021,12.664383,0.050998,12.648664,0.554627,-15.152956,0.554627,-15.152956,15.163102804078887,-87.90380129074458,2.516193720033174,14.49327884916964,-0.7694101162646806,0.48831707701967636,0.9112878221064242,147.5981648503996
HF,Line 4,46,3,14,0,0,zpar show hf 3 14 0 0,0.042689,-10.612143,0.062148,13.026875,0.050767,13.009964,0.555805,-15.527654,0.555805,-15.527654,15.537598203768207,-87.950000005766,2.6841612765567766,14.809983986740178,-0.7590960574733221,0.49449746965812086,0.9059550606789639,146.91859738298916
HF,Line 4,44,3,5,0,0,zpar show hf 3 5 0 0,0.047061,-11.038388,0.061319,13.466463,0.049068,13.45027,0.557975,-15.974269,0.557975,-15.974269,15.984010954231294,-87.99949404385902,2.8928524834571934,15.181981238992023,-0.7467072435891633,0.5013621946457903,0.8994085600262928,146.1213746847392
HF,Line 4,42,2,60,0,0,zpar show hf 2 60 0 0,0.03965,-11.448678,0.0619,13.894775,0.04816,13.877649,0.569107,-16.413631,0.569107,-16.413631,16.423494310944,-88.01418883665643,3.0912096730304315,15.544261874190097,-0.7348364175580004,0.5079325136775341,0.8932972624049926,145.3470551804787
HF,Line 4,40,2,51,0,0,zpar show hf 2 51 0 0,0.040952,-11.915048,0.062255,14.381318,0.047625,14.363328,0.570781,-16.916384,0.570781,-16.916384,16.926010710897504,-88.06749834135745,3.3341643132862187,15.953461125657594,-0.7209865303459502,0.5147861987370617,0.8859042879174055,144.47306782569225
HF,Line 4,38,2,42,0,0,zpar show hf 2 42 0 0,0.045182,-12.38133,0.060029,14.86267,0.045509,14.8449,0.575776,-17.406469,0.575776,-17.406469,17.415989235473734,-88.10544513316174,3.57791912339079,16.345594755733472,-0.707514793245107,0.5209299895639206,0.878604141059973,143.63647475722118
HF,Line 4,36,2,33,0,0,zpar show hf 2 33 0 0,0.04771,-12.907556,0.05786,15.407073,0.043481,15.388154,0.577738,-17.959986,0.577738,-17.959986,17.969275954162427,-88.15754097166975,3.8638365312972605,16.78105815660291,-0.6922791243825044,0.5272226456978651,0.8701805009263673,142.70799906797555
HF,Line 4,34,2,24,0,0,zpar show hf 2 24 0 0,0.042843,-13.658258,0.06143,16.192748,0.048635,16.1738,0.576022,-18.773013,0.576022,-18.773013,18.781848110413762,-88.2425155750763,4.292704377280446,17.40625364207093,-0.6701976498767696,0.5354657547379675,0.8578394164396074,141.37630195038952
HF,Line 4,32,2,15,0,0,zpar show hf 2 15 0 0,0.047429,-14.201518,0.057573,16.752985,0.045984,16.734055,0.581618,-19.338988,0.581618,-19.338988,19.34773207283138,-88.27735479832768,4.601739630767001,17.83065030694052,-0.6549582187885136,0.540440313282389,0.8491442754793729,140.47217521437494
HF,Line 4,30,2,6,0,0,zpar show hf 2 6 0 0,0.052509,-14.884218,0.05292,17.461644,0.041331,17.443209,0.586502,-20.067973,0.586502,-20.067973,20.07654165748506,-88.32596313640106,5.005228193926123,18.368721819755073,-0.635607267046903,0.5462028952744529,0.8380538173226275,139.32620634184443
HF,Line 4,28,1,61,0,0,zpar show hf 1 61 0 0,0.040246,-15.775109,0.05259,18.41254,0.03965,18.39364,0.602582,-21.075043,0.602582,-21.075043,21.083655814838494,-88.36223339212542,5.5519573241904325,19.09773327540667,-0.6098547827509552,0.5534382357348114,0.8235391531782053,137.77651404025792
HF,Line 4,26,1,52,0,0,zpar show hf 1 52 0 0,0.041654,-16.560548,0.050575,19.227694,0.035392,19.208391,0.605161,-21.909973,0.605161,-21.909973,21.918328784299455,-88.41787308164439,6.0458267977729445,19.67218927526848,-0.5885421186253387,0.5575812333377054,0.8107272396844692,136.547387325092
HF,Line 4,24,1,43,0,0,zpar show hf 1 43 0 0,0.04901,-17.354541,0.040383,20.050404,0.028685,20.02628,0.61584,-22.748215,0.61584,-22.748215,22.756549487824927,-88.44926660920461,6.548315966774393,20.23145796355766,-0.5677277740330315,0.5608905944659258,0.7980683456752564,135.34709406808588
HF,Line 4,22,1,34,0,0,zpar show hf 1 34 0 0,0.053406,-18.26516,0.033729,20.992675,0.023278,20.969341,0.618505,-23.710323,0.618505,-23.710323,23.718388756392244,-88.50572717889781,7.147610203539286,20.84635835884115,-0.5443546966998953,0.563351141472082,0.7833814807723838,134.01751043347593
HF,Line 4,20,1,25,0,0,zpar show hf 1 25 0 0,0.043748,-19.607909,0.037289,22.392833,0.025255,22.370125,0.62162,-25.160163,0.62162,-25.160163,25.16784086112611,-88.58470876116593,8.05764152908699,21.72552060853159,-0.5108601517003711,0.5653730068578583,0.7619873565085067,132.100359212942
HF,Line 4,18,1,16,0,0,zpar show hf 1 16 0 0,0.049841,-20.701645,0.028828,23.526633,0.016094,23.502305,0.631122,-26.32582,0.631122,-26.32582,26.333384014427086,-88.62668278404965,8.80836393747989,22.392518227322103,-0.485116496760053,0.5654892603159422,0.7450611511556738,130.62531619335047
HF,Line 4,16,1,8,0,0,zpar show hf 1 8 0 0,0.06562,-21.73903,0.01202,24.601093,0.001204,24.578603,0.645448,-27.43287,0.645448,-27.43287,27.44046208717346,-88.65217804394672,9.531894469609773,22.995634416196758,-0.4616781341516133,0.5646085397846307,0.7293349729386682,129.27272862067798
HF,Line 4,14,0,63,0,0,zpar show hf 0 63 0 0,0.042893,-23.452115,0.014816,26.390473,0.004946,26.369075,0.655707,-29.288365,0.655707,-29.288365,29.295704054401455,-88.71747812651701,10.754602469014015,23.921418884654216,-0.4250417378148799,0.561093628351389,0.7039080470212141,127.1447926529636
HF,Line 4,12,0,54,0,0,zpar show hf 0 54 0 0,0.055144,-25.048675,-0.003501,28.04268,-0.012658,28.01918,0.674601,-30.982525,0.674601,-30.982525,30.989868374757997,-88.75266190356837,11.899264744874209,24.685467758622288,-0.3938477805723073,0.5558674176431827,0.6812522735808174,125.31865023477154
HF,Line 4,10,0,45,0,0,zpar show hf 0 45 0 0,0.069599,-26.644325,-0.022598,29.693943,-0.031602,29.670923,0.691659,-32.682935,0.691659,-32.682935,32.6902528651356,-88.78764783354757,13.056179966458995,25.378907981163167,-0.36480192323967164,0.5493067046059315,0.6594075362963266,123.58866802928138
HF,Line 4,8,0,36,0,0,zpar show hf 0 36 0 0,0.088552,-28.616865,-0.049385,31.73407,-0.058809,31.710415,0.720165,-34.781173,0.720165,-34.781173,34.7886279246991,-88.81382609291586,14.48310161520422,26.133105716540285,-0.33201763335755186,0.5398275944688901,0.6337582666998657,121.59333793576151
HF,Line 4,6,0,27,0,0,zpar show hf 0 27 0 0,0.098708,-31.611068,-0.074141,34.847913,-0.082411,34.82042,0.747249,-37.999828,0.747249,-37.999828,38.007174442433694,-88.87345025459011,16.65496466415338,27.085299226464063,-0.28764597033989064,0.5232359896990966,0.5970896960835703,118.79954178291463
HF,Line 4,4,0,18,0,0,zpar show hf 0 18 0 0,0.131734,-34.2198,-0.115427,37.548725,-0.125903,37.520723,0.791186,-40.789273,0.791186,-40.789273,40.79694556158739,-88.88877806918327,18.50064990708095,27.732786039821107,-0.25425838042229876,0.5077919603695397,0.5678908337267916,116.59775445343138
HF,Line 4,2,0,9,0,0,zpar show hf 0 9 0 0,0.173444,-37.159245,-0.169899,40.582545,-0.177323,40.558068,0.84258,-43.91506,0.84258,-43.91506,43.923142372330325,-88.90082456204398,20.519931964037486,28.266219609246654,-0.2217505815431231,0.48970935285691874,0.5375765719320881,114.36200667754194
HF,Line 4,0,0,0,0,0,zpar show hf 0 0 0 0,0.231384,-40.562088,-0.238906,44.10302,-0.246461,44.081595,0.91607,-47.54509,0.91607,-47.54509,47.553914322093405,-88.89619619540419,22.76592431920489,28.673958328510505,-0.18955410626468774,0.4687527189638114,0.5056281941681757,112.01741074648244
LF,Line 1,0,0,0,0,0,zpar show lf 0 0 0 0,0.470628,-37.615503,-0.326247,-45.75875,-0.332313,-45.735325,0.444323,-25.70301,0.444323,-25.70301,25.706850176332942,-89.00963750125773,26.058720323742424,4.966778058327328,-0.3091908021826052,0.08549263151900172,0.3207926779064116,164.54364163404108
LF,Line 1,2,0,0,0,9,zpar show lf 0 0 0 9,0.484499,-36.252643,-0.336542,-45.42438,-0.345382,-45.398905,0.439005,-25.618835,0.439005,-25.618835,25.62259612426598,-89.01827416812853,26.375191253789254,5.3614839611762335,-0.3029050524017575,0.09146300554816517,0.3164126295747614,163.19816622527267
LF,Line 1,4,0,0,0,18,zpar show lf 0 0 0 18,0.51256,-34.953363,-0.348083,-45.105955,-0.359044,-45.080435,0.42592,-25.540073,0.42592,-25.540073,25.543624188664555,-89.04459331285273,26.682160483634345,5.749084964635632,-0.29679507508600567,0.09722450464840038,0.3123138179771023,161.86217381423546
LF,Line 1,6,0,0,0,27,zpar show lf 0 0 0 27,0.52103,-33.68925,-0.358746,-44.79133,-0.369174,-44.7661,0.415514,-25.460245,0.415514,-25.460245,25.46363539136195,-89.065009578043,26.964777376220468,6.158773384516582,-0.2910287887944858,0.10330899424557809,0.30882115244785013,160.45622619008046
LF,Line 1,8,0,0,0,36,zpar show lf 0 0 0 36,0.55419,-32.444825,-0.366892,-44.48335,-0.372726,-44.460225,0.41289,-25.38484,0.41289,-25.38484,25.38819765122566,-89.06815372734938,27.23985772818648,6.574737328146551,-0.2853552013527069,0.10941077664850571,0.3056113692025758,159.02219732846999
LF,Line 1,10,0,0,0,45,zpar show lf 0 0 0 45,0.564882,-31.28305,-0.373211,-44.198755,-0.384724,-44.17177,0.408867,-25.314513,0.408867,-25.314513,25.317814689480173,-89.07466848287888,27.483134778109417,6.98672022530134,-0.28019445373416263,0.11543622373871792,0.30304199981923485,157.60901917480692
LF,Line 1,12,0,0,0,54,zpar show lf 0 0 0 54,0.587251,-30.191523,-0.386348,-43.927945,-0.389315,-43.904235,0.392462,-25.249003,0.392462,-25.249003,25.252052964372083,-89.10948541078209,27.71923492980281,7.383187323227471,-0.27517474811838316,0.12113930410806369,0.30065906439321194,156.2396185263174
LF,Line 1,14,0,0,0,63,zpar show lf 0 0 0 63,0.600401,-29.110805,-0.395,-43.65584,-0.397885,-43.643625,0.381623,-25.187053,0.381623,-25.187053,25.189943924886734,-89.13194631042471,27.937282230853185,7.7983417320755954,-0.2703642884484738,0.1271116282474686,0.29875443846740124,154.81946115123915
LF,Line 1,16,0,0,1,8,zpar show lf 0 0 1 8,0.634083,-28.229875,-0.396789,-43.440095,-0.395376,-43.42196,0.386176,-25.13163,0.386176,-25.13163,25.134596841005347,-89.11965464530964,28.1048481934014,8.142123278411962,-0.26656617054969517,0.13203454253372468,0.2974737697741082,153.6500403896132
LF,Line 1,18,0,0,1,16,zpar show lf 0 0 1 16,0.655116,-27.354198,-0.398929,-43.22513,-0.405698,-43.205245,0.386752,-25.077488,0.386752,-25.077488,25.080470121184888,-89.11643858692172,28.26236504691643,8.491253970148552,-0.26288708337743916,0.1370198173049016,0.2964524395935464,152.47094819054496
LF,Line 1,20,0,0,1,25,zpar show lf 0 0 1 25,0.663161,-26.404653,-0.40878,-42.9894,-0.413627,-42.97093,0.377941,-25.018418,0.377941,-25.018418,25.02127252204022,-89.1345265235206,28.427076549107703,8.885772648272066,-0.25890941402062057,0.14263419382656967,0.2955987109529684,151.14946175764823
LF,Line 1,22,0,0,1,34,zpar show lf 0 0 1 34,0.691529,-25.450345,-0.412723,-42.759275,-0.415907,-42.73542,0.37314,-24.96278,0.37314,-24.96278,24.965568665423984,-89.143614811374,28.59465751720059,9.292810975022862,-0.25480884601630943,0.14836506429542196,0.29485545664197566,149.78945737583447
LF,Line 1,24,0,0,1,43,zpar show lf 0 0 1 43,0.698971,-24.563298,-0.425179,-42.540695,-0.425265,-42.51672,0.364032,-24.90894,0.364032,-24.90894,24.911599932975484,-89.16270975578631,28.73106748124931,9.679239945471178,-0.2512349929263034,0.15382750561064087,0.29458771724746347,148.52147486087057
LF,Line 1,26,0,0,1,52,zpar show lf 0 0 1 52,0.726834,-23.722053,-0.422738,-42.326445,-0.429212,-42.316485,0.360626,-24.855723,0.360626,-24.855723,24.858338982414033,-89.16876696255835,28.86086402924142,10.055587373239048,-0.24776872597019722,0.1591036010071621,0.29445423655016567,147.2936293980768
LF,Line 1,28,0,0,1,61,zpar show lf 0 0 1 61,0.736528,-22.893665,-0.437746,-42.123875,-0.431763,-42.111575,0.355407,-24.81098,0.355407,-24.81098,24.81352539837999,-89.17931784749518,28.970452176554062,10.439315331769155,-0.24454805195320542,0.16452013635216162,0.2947382312823389,146.06923605278448
LF,Line 1,30,0,0,2,6,zpar show lf 0 0 2 6,0.76128,-22.200338,-0.44348,-41.952905,-0.431925,-41.94053,0.352196,-24.773278,0.352196,-24.773278,24.77578141830647,-89.18549394231488,29.062685339211075,10.765184314849302,-0.24179678247633857,0.16908319250212306,0.29505052110209834,145.03574916958758
LF,Line 1,32,0,0,2,15,zpar show lf 0 0 2 15,0.776589,-21.415865,-0.44788,-41.756645,-0.434345,-41.750623,0.348748,-24.724798,0.348748,-24.724798,24.727257456262876,-89.19188567269754,29.154463579412248,11.140350240926688,-0.23881385574483163,0.17435302587155416,0.29568739460159627,143.86759613089046
LF,Line 1,34,0,0,2,24,zpar show lf 0 0 2 24,0.793687,-20.684059,-0.446392,-41.573905,-0.444427,-41.5696,0.34189,-24.67461,0.34189,-24.67461,24.67697849057295,-89.20616372055154,29.233544133647655,11.489860162481854,-0.23609824690245393,0.1792497881962954,0.29643358237357126,142.7936162259404
LF,Line 1,36,0,0,2,33,zpar show lf 0 0 2 33,0.812395,-19.93148,-0.446124,-41.396553,-0.449499,-41.377135,0.344846,-24.627885,0.344846,-24.627885,24.630299193004966,-89.19778213813245,29.30112580996048,11.861352936434836,-0.23342172080092352,0.18448729700186625,0.2975252300170846,141.67855042650663
LF,Line 1,38,0,0,2,42,zpar show lf 0 0 2 42,0.825919,-19.232833,-0.455569,-41.222588,-0.452597,-41.206193,0.336223,-24.582973,0.336223,-24.582973,24.585272164945785,-89.21641056956764,29.361979531489528,12.206329835318014,-0.23093007116187422,0.18932413910935253,0.29861735953612234,140.6539623607848
LF,Line 1,40,0,0,2,51,zpar show lf 0 0 2 51,0.837011,-18.561205,-0.463649,-41.053795,-0.459189,-41.041783,0.327656,-24.54529,0.327656,-24.54529,24.547476848719832,-89.23520190892161,29.41040180629955,12.547349436154336,-0.22860744175560993,0.19412780367451005,0.29991159795101907,139.66290515087462
LF,Line 1,42,0,0,2,60,zpar show lf 0 0 2 60,0.852389,-17.907858,-0.467079,-40.89149,-0.462118,-40.883393,0.325823,-24.507583,0.325823,-24.507583,24.50974877735833,-89.23830991395185,29.450430718591544,12.885016213195726,-0.2263907313172481,0.1988921181900905,0.30134836635445583,138.6995713388357
LF,Line 1,44,0,0,3,5,zpar show lf 0 0 3 5,0.873842,-17.337428,-0.465961,-40.754005,-0.46485,-40.741468,0.326234,-24.469955,0.326234,-24.469955,24.472129582951723,-89.23617660901292,29.482457361820526,13.177916354218187,-0.2244801457157785,0.2030145704251265,0.3026652468082119,137.87454966761868
LF,Line 1,46,0,0,3,14,zpar show lf 0 0 3 14,0.887045,-16.712678,-0.470441,-40.595268,-0.469959,-40.588493,0.321292,-24.436088,0.321292,-24.436088,24.438200123843163,-89.24670369123828,29.505099020171972,13.50920584005563,-0.22248593386714435,0.20772018802207592,0.30438079321905626,136.96576222093174
LF,Line 1,48,0,0,3,23,zpar show lf 0 0 3 23,0.906819,-16.119415,-0.476419,-40.44958,-0.466135,-40.44415,0.32142,-24.393398,0.32142,-24.393398,24.395515505986015,-89.24508492983533,29.52473126784587,13.817065109464068,-0.22062289776537555,0.21207774969679236,0.30602521944252675,136.13135325625316
LF,Line 1,50,0,0,3,32,zpar show lf 0 0 3 32,0.924783,-15.509043,-0.479188,-40.296703,-0.467341,-40.299035,0.314266,-24.359153,0.314266,-24.359153,24.361180143748474,-89.26084800503264,29.54392713849142,14.145950748699281,-0.21862619592813642,0.2167183186550565,0.30783801452498116,135.25109450585094
LF,Line 1,52,0,0,3,40,zpar show lf 0 0 3 40,0.9327,-15.01429,-0.481696,-40.179333,-0.474331,-40.172275,0.309947,-24.328138,0.309947,-24.328138,24.33011232382319,-89.2700758998635,29.54593466943149,14.409638449991103,-0.21719327597333835,0.22049291523726589,0.3094996684939401,134.56806537178048
LF,Line 1,54,0,0,3,49,zpar show lf 0 0 3 49,0.947967,-14.460543,-0.484634,-40.03947,-0.476666,-40.035088,0.311369,-24.291128,0.311369,-24.291128,24.293123516059953,-89.26561036675561,29.537762014890077,14.706969451499807,-0.21569962001362242,0.22478954298956935,0.3115391864781709,133.81781356545582
LF,Line 1,56,0,0,3,58,zpar show lf 0 0 3 58,0.956645,-13.925906,-0.493596,-39.907718,-0.478702,-39.903413,0.305549,-24.259423,0.305549,-24.259423,24.261347128391904,-89.27839411121592,29.529758456343014,14.99652170412993,-0.21421737497709786,0.228958789399208,0.31354618636690423,133.0948670095558
LF,Line 1,58,0,0,4,3,zpar show lf 0 0 4 3,0.972978,-13.440583,-0.493318,-39.790058,-0.47747,-39.785815,0.304565,-24.235848,0.304565,-24.235848,24.23776161526326,-89.28001815419651,29.52287318701804,15.270918898097474,-0.2127772154148515,0.23289176756108554,0.31545636591678544,132.41580096034303
LF,Line 1,60,0,0,4,12,zpar show lf 0 0 4 12,0.981432,-12.93082,-0.493303,-39.66349,-0.485203,-39.661023,0.303855,-24.20379,0.303855,-24.20379,24.205697226585418,-89.28074509963228,29.500227190430813,15.549906678946936,-0.21150851375438337,0.23696591815397897,0.3176298124501956,131.75112311717777
LF,Line 1,62,0,0,4,21,zpar show lf 0 0 4 21,0.999275,-12.447793,-0.494768,-39.541703,-0.48864,-39.543003,0.300042,-24.172803,0.300042,-24.172803,24.174665045840303,-89.28885957102787,29.48124561920199,15.813792519654797,-0.21024938400955367,0.2407943220651209,0.3196665591130826,131.1258122165088
LF,Line 1,64,0,0,4,30,zpar show lf 0 0 4 30,1.009167,-11.96746,-0.500822,-39.418483,-0.495482,-39.427408,0.292121,-24.143543,0.292121,-24.143543,24.145310171366408,-89.3067925560234,29.45551391058598,16.07507653791263,-0.20907653832980727,0.24461484089975305,0.32179095585237766,130.52108430005444
LF,Line 1,66,0,0,4,39,zpar show lf 0 0 4 39,1.024182,-11.48049,-0.499814,-39.30048,-0.492101,-39.303933,0.291208,-24.110243,0.291208,-24.110243,24.11200156806384,-89.30800456545778,29.423693062432744,16.348737393800825,-0.20789065182004102,0.24863471220747455,0.3240952687538885,129.8999679880952
LF,Line 1,68,0,0,4,48,zpar show lf 0 0 4 48,1.039339,-11.019635,-0.508243,-39.184228,-0.494861,-39.194638,0.288222,-24.079555,0.288222,-24.079555,24.081279885407024,-89.31422671316757,29.390757123587115,16.596758479587585,-0.20685006090906394,0.2522938400852259,0.3262501025946704,129.34755802064663
LF,Line 1,70,0,0,4,57,zpar show lf 0 0 4 57,1.042346,-10.582953,-0.508371,-39.07953,-0.501421,-39.082768,0.284631,-24.056118,0.284631,-24.056118,24.057801812220603,-89.32211032299219,29.348328587575754,16.84441497539691,-0.20592152313808876,0.25599836726341907,0.32854046589887037,128.81271480874548
LF,Line 1,72,0,0,5,2,zpar show lf 0 0 5 2,1.058174,-10.188832,-0.514534,-38.988015,-0.493267,-38.984548,0.283689,-24.035925,0.283689,-24.035925,24.037599090889795,-89.32378605357187,29.316958789310334,17.07079043325761,-0.20495028016521885,0.25933235501167085,0.33054180930058,128.31930668739793
LF,Line 1,74,0,0,5,11,zpar show lf 0 0 5 11,1.066436,-9.76678,-0.517527,-38.881715,-0.494953,-38.882225,0.282545,-24.007738,0.282545,-24.007738,24.00940056631296,-89.32572203721575,29.26948137360678,17.30486708532096,-0.2041344013050935,0.26286769392672094,0.3328216914603692,127.83173728205188
LF,Line 1,76,0,0,5,20,zpar show lf 0 0 5 20,1.07922,-9.362442,-0.518672,-38.78099,-0.502694,-38.78542,0.276277,-23.98608,0.276277,-23.98608,23.98767105717287,-89.3400836609539,29.229141703665867,17.529628290765462,-0.20325921614998324,0.2662238457086691,0.33494692859290237,127.36136817970053
LF,Line 1,78,0,0,5,29,zpar show lf 0 0 5 29,1.084807,-8.961348,-0.520474,-38.681035,-0.503274,-38.686818,0.277965,-23.963435,0.277965,-23.963435,23.965047079871344,-89.33542469509732,29.172577631796393,17.75842619153664,-0.202561989347459,0.26973491286202256,0.33732518842369746,126.9053364689305
LF,Line 1,80,0,0,5,38,zpar show lf 0 0 5 38,1.106436,-8.551366,-0.519169,-38.58104,-0.507541,-38.586505,0.277181,-23.93517,0.277181,-23.93517,23.936774892112368,-89.33651644909463,29.1242821029621,17.982708674703492,-0.20176068685747028,0.2731261725742777,0.339566312973287,126.45360558953169
LF,Line 1,82,0,0,5,47,zpar show lf 0 0 5 47,1.111193,-8.167083,-0.525263,-38.489118,-0.505364,-38.486085,0.277767,-23.908885,0.277767,-23.908885,23.910498456734736,-89.334382978262,29.06175704615513,18.19623467577033,-0.20120610876063202,0.27646018840964165,0.3419270886871788,126.04690874003484
LF,Line 1,84,0,0,5,55,zpar show lf 0 0 5 55,1.123049,-7.836643,-0.521836,-38.407155,-0.509402,-38.407815,0.273937,-23.884708,0.273937,-23.884708,23.88627885890209,-89.3428956381425,29.018266176966183,18.37782191987197,-0.20058796126637612,0.2792290038594559,0.3438086194401549,125.69209209397783
LF,Line 1,86,0,0,6,0,zpar show lf 0 0 6 0,1.133378,-7.573915,-0.522672,-38.3404,-0.511534,-38.343945,0.272379,-23.871345,0.272379,-23.871345,23.87289891128989,-89.34626683579971,28.978095923384306,18.526299144897017,-0.20013577718226586,0.2815220367447341,0.34541132940488933,125.40925915466072
LF,Line 1,88,0,0,6,9,zpar show lf 0 0 6 9,1.144213,-7.221039,-0.526099,-38.2536,-0.51038,-38.257775,0.269867,-23.85214,0.269867,-23.85214,23.85366661076005,-89.3517738699641,28.92241346380262,18.72583131387072,-0.19953740794951175,0.28461287700283683,0.34759123540020653,125.03366556676963
LF,Line 1,90,0,0,6,18,zpar show lf 0 0 6 18,1.151567,-6.866982,-0.52566,-38.166143,-0.511212,-38.170513,0.268629,-23.8241,0.268629,-23.8241,23.82561441704371,-89.3539879477045,28.859641018782376,18.9191523209411,-0.19906205346180353,0.2876660017549564,0.34982485574085853,124.68285452446611
LF,Line 1,92,0,0,6,27,zpar show lf 0 0 6 27,1.159681,-6.526124,-0.530029,-38.07769,-0.514039,-38.087018,0.266055,-23.80336,0.266055,-23.80336,23.80484682900995,-89.35962007621154,28.794738003507383,19.10611425857367,-0.1986443755462006,0.2906467738183606,0.3520442231697053,124.35090087343043
LF,Line 1,94,0,0,6,36,zpar show lf 0 0 6 36,1.171792,-6.176055,-0.53353,-37.989495,-0.516427,-38.00267,0.261969,-23.791498,0.261969,-23.791498,23.792940231105632,-89.36913970275185,28.732152776798245,19.307129943124586,-0.19808182813055444,0.2938001911847831,0.3543373575785619,123.98808218382656
LF,Line 1,96,0,0,6,45,zpar show lf 0 0 6 45,1.179417,-5.848925,-0.533801,-37.90956,-0.518722,-37.919475,0.263067,-23.772425,0.263067,-23.772425,23.77388051259436,-89.36598754137714,28.66292041062932,19.489561205183985,-0.1977243760237426,0.2967487402145991,0.35658763816617367,123.67561307046172
LF,Line 1,98,0,0,6,54,zpar show lf 0 0 6 54,1.186417,-5.531602,-0.535108,-37.83836,-0.519179,-37.839813,0.254965,-23.75109,0.254965,-23.75109,23.752458469373757,-89.38496055060222,28.608010555787228,19.66305241686279,-0.19722429307169695,0.2994743648003078,0.35858376559763333,123.36762940244988
LF,Line 1,100,0,0,6,63,zpar show lf 0 0 6 63,1.189812,-5.217639,-0.535848,-37.761228,-0.523588,-37.762078,0.253157,-23.735035,0.253157,-23.735035,23.736385043175257,-89.38890852045024,28.5385142108091,19.837680488624162,-0.19689923217654617,0.30231924786947534,0.3607855807319338,123.07602596117292
LF,Line 2,0,0,0,6,63,zpar show lf 0 0 6 63,1.189812,-5.217639,-0.535848,-37.761228,-0.523588,-37.762078,0.253157,-23.735035,0.253157,-23.735035,23.736385043175257,-89.38890852045024,28.5385142108091,19.837680488624162,-0.19689923217654617,0.30231924786947534,0.3607855807319338,123.07602596117292
LF,Line 2,2,0,9,6,63,zpar show lf 0 9 6 63,1.311662,-3.689004,-0.624602,-39.66595,-0.608419,-39.666828,0.313054,-21.391513,0.313054,-21.391513,21.393803571036287,-89.1615650265436,31.73525490479433,17.958743586541527,-0.16711823332369458,0.2564374101708237,0.30608601608755687,123.09196949615882
LF,Line 2,4,0,18,6,63,zpar show lf 0 18 6 63,1.461723,-2.121711,-0.740692,-41.62064,-0.728736,-41.624578,0.408204,-18.982475,0.408204,-18.982475,18.986863554343067,-88.7680867644494,35.1499285999296,16.16808725987183,-0.13353121742494448,0.21523249562807503,0.2532895836809661,121.81565237254833
LF,Line 2,6,0,27,6,63,zpar show lf 0 27 6 63,1.61599,-0.29594,-0.870714,-43.885515,-0.856419,-43.89756,0.488212,-16.183971,0.488212,-16.183971,16.19133312256236,-88.2721171061314,39.30149617264047,14.373828038198441,-0.0915233025064091,0.1756898699612199,0.198099584322305,117.51666150829645
LF,Line 2,8,0,36,6,63,zpar show lf 0 36 6 63,1.839389,1.824451,-1.084247,-46.5317,-1.071273,-46.538885,0.657023,-12.926054,0.657023,-12.926054,12.942741256528503,-87.09019664897808,44.29807033712227,12.546294795851015,-0.042021101286363494,0.13864020624703502,0.14486849119646145,106.86177411519631
LF,Line 2,10,0,45,6,63,zpar show lf 0 45 6 63,2.051278,4.050318,-1.270097,-49.30299,-1.267734,-49.311625,0.795511,-9.500193,0.795511,-9.500193,9.533441392717007,-85.21343008194292,49.7351832951473,11.15887656103104,0.009741125287607517,0.11079516958103133,0.11122256571558829,84.97546771617493
LF,Line 2,12,0,54,6,63,zpar show lf 0 54 6 63,2.34017,6.623739,-1.556354,-52.5052,-1.545073,-52.509135,1.027171,-5.553051,1.027171,-5.553051,5.647252046070018,-79.52021283428432,56.14054933414794,10.081327528577603,0.06627647234187595,0.08868592411205842,0.11071478637333512,53.22862379895698
LF,Line 2,14,0,63,6,63,zpar show lf 0 63 6 63,2.630367,9.390155,-1.838793,-55.94776,-1.822058,-55.94258,1.246611,-1.303549,1.246611,-1.303549,1.803684834088816,-46.27904333995463,63.08495073071988,9.732502795092904,0.12221077824410133,0.07554573795221145,0.14367544272342825,31.72267246851371
LF,Line 2,16,1,8,6,63,zpar show lf 1 8 6 63,3.084849,12.407975,-2.309492,-59.69855,-2.305159,-59.68849,1.69879,3.335406,1.69879,3.335406,3.7431030775195064,63.00933213637804,70.63348017309649,9.923258776214766,0.1766142860323702,0.06773135866274506,0.18915639819214491,20.981756587000568
LF,Line 2,18,1,16,6,63,zpar show lf 1 16 6 63,3.496498,15.468309,-2.74342,-63.488355,-2.734839,-63.490425,2.087586,8.045424,2.087586,8.045424,8.311850735376089,75.45396563362726,78.05176218167828,11.131817096368245,0.2249232150591042,0.06737910403264796,0.23479862932471823,16.676371335542935
LF,Line 2,20,1,25,6,63,zpar show lf 1 25 6 63,4.132348,20.056206,-3.393661,-69.16844,-3.391528,-69.17103,2.697152,15.086781,2.697152,15.086781,15.325977614921177,79.86397856158403,88.41544854098342,14.52108638829633,0.2854021468079732,0.07496805644508728,0.29508404716242065,14.717692816565961
LF,Line 2,22,1,34,6,63,zpar show lf 1 34 6 63,5.015286,25.372525,-4.337013,-75.770705,-4.326912,-75.77051,3.633901,23.275758,3.633901,23.275758,23.55771947690109,81.12639647312892,99.11738726264622,20.08538842468568,0.34133736484642246,0.08871866058506656,0.35267860351360697,14.569647954162441
LF,Line 2,24,1,43,6,63,zpar show lf 1 43 6 63,6.068129,31.740365,-5.44467,-83.665025,-5.442541,-83.65933,4.736697,33.057363,4.736697,33.057363,33.39499284299337,81.84575142325525,109.34274089586927,28.63077281170031,0.3920497023074077,0.10923677323598373,0.4069835889889625,15.569427213445234
LF,Line 2,26,1,52,6,63,zpar show lf 1 52 6 63,7.57993,39.397393,-7.091308,-93.16749,-7.075073,-93.13836,6.449276,44.842595,6.449276,44.842595,45.3039897498907,81.8158231419448,118.25496612545187,39.866893820549606,0.43725747566255085,0.13333809386251116,0.4571358083739165,16.95865648353482
LF,Line 2,28,1,61,6,63,zpar show lf 1 61 6 63,9.464571,48.67574,-9.12498,-104.673813,-9.104548,-104.644431,8.58467,59.111975,8.58467,59.111975,59.7320864143345,81.73686042813478,124.3780862988062,53.48519180181546,0.4758444143525472,0.16076883642539921,0.5022693753715185,18.668058586992185
LF,Line 2,30,2,6,6,63,zpar show lf 2 6 6 63,12.703613,60.258455,-12.745263,-119.083075,-12.731133,-119.031813,12.585298,77.003265,12.585298,77.003265,78.02494823073597,80.71773294562368,127.87094324673157,68.60123724600908,0.5105933478676257,0.18875428015320306,0.5443654518453794,20.28816066967994
LF,Line 2,32,2,15,6,63,zpar show lf 2 15 6 63,16.444973,74.64415,-16.926289,-136.946213,-16.898249,-136.890413,17.170658,99.18604,17.170658,99.18604,100.66132339202859,80.1785437790455,126.92945380289004,83.35091524617822,0.5374563471300237,0.21790287586019397,0.579949125681289,22.069288255079467
LF,Line 2,34,2,24,6,63,zpar show lf 2 24 6 63,25.440255,99.1266,-27.246288,-167.443013,-27.213568,-167.383,28.936883,137.153438,28.936883,137.153438,140.1727817836813,78.08635300251333,121.97445525183423,100.71713507190628,0.5670238775897115,0.25357320969471214,0.6211404434037044,24.09420449614085
LF,Line 2,36,2,33,6,63,zpar show lf 2 33 6 63,40.162313,131.214175,-44.395675,-207.546238,-44.30809,-207.464313,48.7711,187.2253,48.7711,187.2253,193.4733396499373,75.39926571141639,114.07092255790715,113.72816993205652,0.5883134947741512,0.2853665481678208,0.653870656129018,25.876105528490903
LF,Line 2,38,2,42,6,63,zpar show lf 2 42 6 63,77.33326,189.194325,-88.46297,-280.3124,-88.2924,-280.18055,100.782663,278.418675,100.782663,278.418675,296.0981319598744,70.10063506416128,102.78093292757119,124.82561451774984,0.6074835537006193,0.32069516580888485,0.6869364289291415,27.829912404328866
LF,Line 2,40,2,51,6,63,zpar show lf 2 51 6 63,204.564325,242.88875,-243.782225,-350.67065,-243.5445,-350.599225,290.16705,370.30655,290.16705,370.30655,470.4506965438621,51.918245507723704,92.01504807301257,134.63555225657933,0.6291551729347162,0.35157470120885215,0.7207225556069453,29.196652374575468
LF,Line 2,42,2,60,6,63,zpar show lf 2 60 6 63,497.9508,285.7844,-604.6157,-412.942575,-604.1603,-412.980675,733.382,458.78985,733.382,458.78985,865.0649018351296,32.02931528947087,80.88663262049874,136.08091992406378,0.632849643202762,0.381720862574866,0.7390598675525298,31.097447656726636
LF,Line 2,44,3,5,6,63,zpar show lf 3 5 6 63,460.278,64.864325,-565.2716,-139.092425,-564.75585,-139.115275,693.6358,119.543038,693.6358,119.543038,703.8616064084682,9.778448947075345,78.58013704217683,141.50412826931725,0.6482678971726848,0.3870857952079102,0.7550408461510111,30.84175335192349
LF,Line 2,46,3,14,6,63,zpar show lf 3 14 6 63,293.650725,-360.511625,-373.15745,391.486325,-373.0691,391.13905,473.96375,-541.34405,473.96375,-541.34405,719.5102617645318,-48.796832911009695,64.14557185715717,139.07463186833513,0.6473828551339053,0.4296277009684157,0.7769713782120505,33.56975353951642
LF,Line 2,48,3,23,6,63,zpar show lf 3 23 6 63,161.123475,-326.39135,-208.44995,353.602275,-208.344025,353.246775,269.3812,-499.84675,269.3812,-499.84675,567.8142340581138,-61.678547863661876,58.89045517878657,138.44547894967076,0.6490153885501831,0.4462487787047149,0.7876286860382847,34.51156212596619
LF,Line 2,50,3,32,6,63,zpar show lf 3 32 6 63,54.878805,-235.6612,-74.31954,244.952975,-74.309305,244.8177,100.3737,-370.219525,100.3737,-370.219525,383.5849010882931,-74.83066207768648,49.22553434746756,136.086557524368,0.6501863828338975,0.47976492390133474,0.8080326197800934,36.42318201859527
LF,Line 2,52,3,40,6,63,zpar show lf 3 40 6 63,38.042668,-201.172863,-52.393625,202.927663,-52.41616,202.800675,71.9665,-319.0744,71.9665,-319.0744,327.0896663876895,-77.28975071874258,44.66024690757418,135.08810524443606,0.6521040846035038,0.49647662634007883,0.8195906158922269,37.28367506540689
LF,Line 2,54,3,49,6,63,zpar show lf 3 49 6 63,21.97429,-166.306825,-31.433458,160.390763,-31.464885,160.2717,44.76273,-267.2371,44.76273,-267.2371,270.9600885987877,-80.49112048236812,38.55521962597222,132.65449693982694,0.6518952178279309,0.5214561598562227,0.8347957245212292,38.65659181000979
LF,Line 2,56,3,58,6,63,zpar show lf 3 58 6 63,15.703703,-146.677475,-23.065773,136.350175,-23.101178,136.249788,33.665535,-237.838525,33.665535,-237.838525,240.2093508192632,-81.94342695802357,34.285639611317386,130.70304121993286,0.6515301363230582,0.5403775917950799,0.8464629113265346,39.67223388113034
LF,Line 2,58,4,3,6,63,zpar show lf 4 3 6 63,12.218998,-133.764013,-18.350039,120.522675,-18.380143,120.423475,27.34476,-218.4828,27.34476,-218.4828,220.18735157882617,-82.86609883899665,31.014186920298833,128.98471123821662,0.6508062499065081,0.5559600945734321,0.8559441580357167,40.50605953820636
LF,Line 2,60,4,12,6,63,zpar show lf 4 12 6 63,9.106335,-121.320313,-14.106983,105.271638,-14.131876,105.1783,21.609218,-199.811925,21.609218,-199.811925,200.97702275329175,-83.82757760463393,27.511266041965733,126.74734949469862,0.6488394737100514,0.574221893502769,0.8664429846344431,41.50877703379103
LF,Line 2,62,4,21,6,63,zpar show lf 4 21 6 63,7.068192,-111.78255,-11.289614,93.5518,-11.316079,93.49434,17.748534,-185.471563,17.748534,-185.471563,186.31884268858082,-84.5337768784339,24.539541683807023,124.60959405259433,0.6464588180741754,0.5910235314771438,0.8759097089458332,42.43504552692915
LF,Line 2,64,4,30,6,63,zpar show lf 4 30 6 63,5.458311,-103.703069,-9.024797,83.628305,-9.066414,83.56397,14.650853,-173.295763,14.650853,-173.295763,173.91397001787917,-85.16756420138124,21.811092881240576,122.35788795479914,0.6432329430585996,0.6078902552199283,0.8850306104464282,43.38189518932161
LF,Line 2,66,4,39,6,63,zpar show lf 4 39 6 63,4.495344,-97.36333,-7.635259,75.82544,-7.656584,75.76861,12.664239,-163.714275,12.664239,-163.714275,164.20337020970288,-85.57665147791936,19.510202680318265,120.34434004719796,0.6401125571420624,0.6230799959136856,0.8932932145263102,44.227485363225824
LF,Line 2,68,4,48,6,63,zpar show lf 4 48 6 63,3.659723,-91.93443,-6.421472,69.137435,-6.453736,69.097185,10.957603,-155.512913,10.957603,-155.512913,155.8984771357667,-85.96954054531608,17.465705547644404,118.32754446889828,0.6363628558878698,0.6377801875959722,0.9009557436654252,45.063734674034215
LF,Line 2,70,4,57,6,63,zpar show lf 4 57 6 63,3.0777,-87.77905,-5.567094,64.02867,-5.594014,63.98324,9.731477,-149.246063,9.731477,-149.246063,149.56299330249277,-86.26935298448113,15.854383064851115,116.60647580926917,0.6327932388446381,0.6502025274384003,0.907298522987209,45.77741296863667
LF,Line 2,72,5,2,6,63,zpar show lf 5 2 6 63,2.75324,-84.88733,-5.093762,60.479945,-5.120465,60.417375,9.056634,-144.864775,9.056634,-144.864775,145.14759955028737,-86.42264698380694,14.658038650274422,115.32543573913546,0.6301158327729118,0.6597331692845918,0.9123013851602946,46.31538671353512
LF,Line 2,74,5,11,6,63,zpar show lf 5 11 6 63,2.348911,-81.547255,-4.472693,56.36104,-4.512028,56.31064,8.164182,-139.808225,8.164182,-139.808225,140.046398187814,-86.65797525089107,13.30819221422659,113.68394524722622,0.6261025450948499,0.6714160727837425,0.9180435391453895,47.00014021258801
LF,Line 2,76,5,20,6,63,zpar show lf 5 20 6 63,2.03955,-78.66375,-3.989768,52.80559,-4.000602,52.750275,7.425365,-135.430375,7.425365,-135.430375,135.6337808881838,-86.86173403904624,12.13151125202938,112.14657102987053,0.622006217042321,0.6822738699749271,0.923249352932274,47.64561862507124
LF,Line 2,78,5,29,6,63,zpar show lf 5 29 6 63,1.732413,-76.03321,-3.535051,49.55962,-3.556116,49.515395,6.773203,-131.454738,6.773203,-131.454738,131.62911692147696,-87.05044433411916,11.048575344029885,110.65884009942727,0.6177848719775189,0.6928168675038221,0.9282528534521658,48.27660874125774
LF,Line 2,80,5,38,6,63,zpar show lf 5 38 6 63,1.530713,-73.63027,-3.194802,46.61188,-3.22383,46.569625,6.253676,-127.850725,6.253676,-127.850725,128.00357942861834,-87.19967257931202,10.055311411631319,109.24542473314514,0.6135736053985145,0.7029405828401233,0.9330584291700837,48.883366898301944
LF,Line 2,82,5,47,6,63,zpar show lf 5 47 6 63,1.321303,-71.519935,-2.867783,44.005275,-2.882661,43.96528,5.75176,-124.645463,5.75176,-124.645463,124.77809979953201,-87.357962719114,9.194212500135354,107.88248741931729,0.6090878206103673,0.7124442828758557,0.9373178913359006,49.471975341619284
LF,Line 2,84,5,55,6,63,zpar show lf 5 55 6 63,1.185782,-70.002985,-2.659009,42.12478,-2.68683,42.08436,5.451481,-122.3271,5.451481,-122.3271,122.4485117896635,-87.44831420240705,8.545772536245906,106.8651148322282,0.6056929021576867,0.719738957479703,0.9406848880672904,49.917870974865544
LF,Line 2,86,6,0,6,63,zpar show lf 6 0 6 63,1.092943,-68.66115,-2.510382,40.46795,-2.539429,40.423343,5.233815,-120.298475,5.233815,-120.298475,120.41227473467914,-87.50880866722737,7.9540642104481805,105.96002412566322,0.6026788119398191,0.7264402116755079,0.9438946612309811,50.319777677199596
LF,Line 2,88,6,9,6,63,zpar show lf 6 9 6 63,0.965814,-67.153525,-2.300524,38.60706,-2.324563,38.569008,4.89906,-118.014213,4.89906,-118.014213,118.11585523922251,-87.6228762483999,7.3568289436953265,104.8692477138893,0.5985485834909691,0.7339999232576986,0.94710944148042,50.80408547652186
LF,Line 2,90,6,18,6,63,zpar show lf 6 18 6 63,0.876034,-65.737045,-2.135011,36.870633,-2.166141,36.842338,4.627944,-115.8914,4.627944,-115.8914,115.98376808686264,-87.71319662781887,6.794370746154763,103.83326463407356,0.5945271360521295,0.741298312334685,0.9502555989693506,51.2701099556419
LF,Line 2,92,6,27,6,63,zpar show lf 6 27 6 63,0.788781,-64.459915,-1.965848,35.296725,-2.005323,35.273795,4.36857,-113.978613,4.36857,-113.978613,114.06230150776666,-87.8050429099883,6.291406925413787,102.86291694919095,0.5905931269291449,0.7481210274050326,0.9531449591859082,51.711192643415785
LF,Line 2,94,6,36,6,63,zpar show lf 6 36 6 63,0.711311,-63.215565,-1.842781,33.75661,-1.866866,33.73225,4.17406,-112.0723,4.17406,-112.0723,112.15000313942751,-87.86704179099387,5.765604450371975,101.86384654997683,0.586494032626439,0.7553277476894483,0.9562924535601216,52.17151094223103
LF,Line 2,96,6,45,6,63,zpar show lf 6 45 6 63,0.623921,-62.120245,-1.710541,32.400855,-1.718033,32.376043,3.948995,-110.392475,3.948995,-110.392475,110.463084775574,-87.95127060374185,5.349070168962616,100.94353112508345,0.5823693840540822,0.7616588490255152,0.9587900196510202,52.598232929376486
LF,Line 2,98,6,54,6,63,zpar show lf 6 54 6 63,0.563081,-61.15806,-1.607183,31.206038,-1.620006,31.182343,3.787529,-108.930163,3.787529,-108.930163,108.99598977546104,-88.00861367281833,4.965902086210673,100.13768215768981,0.5787668004823721,0.7674087870222547,0.9611905408084134,52.97701577434226
LF,Line 2,100,6,63,6,63,zpar show lf 6 63 6 63,0.491246,-60.215395,-1.495741,30.034503,-1.501694,30.00668,3.603764,-107.481375,3.603764,-107.481375,107.54177368287321,-88.0796380384952,4.611842528832582,99.30663608816492,0.5748152331442086,0.7731595741360887,0.9634252847693634,53.37057713672246
LF,Line 3,100,6,63,6,63,zpar show lf 6 63 6 63,0.491246,-60.215395,-1.495741,30.034503,-1.501694,30.00668,3.603764,-107.481375,3.603764,-107.481375,107.54177368287321,-88.0796380384952,4.611842528832582,99.30663608816492,0.5748152331442086,0.7731595741360887,0.9634252847693634,53.37057713672246
LF,Line 3,98,6,63,6,54,zpar show lf 6 63 6 54,0.51259,-60.415415,-1.559988,30.670298,-1.571361,30.643323,3.79293,-109.457788,3.79293,-109.457788,109.52348456763893,-88.0153814091896,4.763952442109986,100.9511743471419,0.5848142748687687,0.7653480922231366,0.9632058130845549,52.61599715304782
LF,Line 3,96,6,63,6,45,zpar show lf 6 63 6 45,0.546343,-60.623595,-1.608513,31.312973,-1.641148,31.291248,3.957775,-111.46175,3.957775,-111.46175,111.53199404661035,-87.96640036977867,4.944853811172061,102.60522071892785,0.5944061884051219,0.7574147472290084,0.9628062194098499,51.87578123177322
LF,Line 3,94,6,63,6,36,zpar show lf 6 63 6 36,0.574695,-60.851495,-1.68235,32.024288,-1.705578,31.99669,4.146949,-113.659788,4.146949,-113.659788,113.73541486368065,-87.91045424646128,5.144356930505224,104.414720035854,0.6045109621667522,0.7488504619729095,0.9623983155517327,51.08773063898159
LF,Line 3,92,6,63,6,27,zpar show lf 6 63 6 27,0.600993,-61.09906,-1.767481,32.805528,-1.792932,32.778015,4.36134,-116.087538,4.36134,-116.087538,116.1694355908517,-87.8484434199224,5.3733450877569755,106.41067326869765,0.6151806465824918,0.7395053778868729,0.9619331743178731,50.243565119056974
LF,Line 3,90,6,63,6,18,zpar show lf 6 63 6 18,0.634915,-61.362675,-1.859968,33.612618,-1.883758,33.57932,4.616653,-118.588525,4.616653,-118.588525,118.67835416198707,-87.77060026952424,5.583244809453455,108.45750799487381,0.625765766807276,0.730229271025792,0.9616743644138372,49.40526623005168
LF,Line 3,88,6,63,6,9,zpar show lf 6 63 6 9,0.658835,-61.625835,-1.934664,34.457578,-1.959836,34.424645,4.84462,-121.2254,4.84462,-121.2254,121.32216593889345,-87.71146435974727,5.8427547666697555,110.59559280508545,0.6361987741926792,0.7205019236513723,0.961182554080959,48.55569379882353
LF,Line 3,86,6,63,6,0,zpar show lf 6 63 6 0,0.686497,-61.92082,-2.031707,35.35424,-2.054248,35.328603,5.113994,-124.00135,5.113994,-124.00135,124.10675943096145,-87.63837797573265,6.109916780671304,112.83625365064583,0.6466706220554,0.7105404106697162,0.9607552074405878,47.69432785016922
LF,Line 3,84,6,63,5,55,zpar show lf 6 63 5 55,0.717054,-62.14699,-2.099525,36.079765,-2.127598,36.041948,5.295996,-126.237463,5.295996,-126.237463,126.34850469359891,-87.59769897087416,6.361820131894997,114.62971585271,0.654574307713944,0.702533184029821,0.9602189328388955,47.02393561136675
LF,Line 3,82,6,63,5,47,zpar show lf 6 63 5 47,0.749386,-62.43401,-2.195716,36.953243,-2.227559,36.920173,5.558223,-128.93515,5.558223,-128.93515,129.05489819623364,-87.53158338412274,6.642571397759738,116.78580347946787,0.6637885281502396,0.6932017016540624,0.9597623712565257,46.24170890875713
LF,Line 3,80,6,63,5,38,zpar show lf 6 63 5 38,0.807013,-62.805435,-2.336854,38.110795,-2.368815,38.0752,5.957771,-132.513688,5.957771,-132.513688,132.647550081597,-87.42573453760599,6.984158953027243,119.63441449378497,0.6754812210493928,0.6813053807461951,0.9594018458519331,45.24594709276724
LF,Line 3,78,6,63,5,29,zpar show lf 6 63 5 29,0.847044,-63.200155,-2.477847,39.363755,-2.51244,39.318073,6.342894,-136.405975,6.342894,-136.405975,136.5533680287523,-87.33765725189399,7.41253242488964,122.71357692117256,0.6872073395613818,0.6685631964994506,0.9587651825450251,44.21213557019731
LF,Line 3,76,6,63,5,20,zpar show lf 6 63 5 20,0.909171,-63.63468,-2.652033,40.709465,-2.672208,40.66553,6.810465,-140.57265,6.810465,-140.57265,140.73753003921422,-87.22630235672717,7.8515062653876795,125.97971322007865,0.698967349575927,0.6555405281295966,0.9582738334075634,43.16367138393011
LF,Line 3,74,6,63,5,11,zpar show lf 6 63 5 11,0.978179,-64.094285,-2.831865,42.13101,-2.853868,42.08301,7.330784,-144.979513,7.330784,-144.979513,145.1647325756908,-87.10534571986855,8.31364912490966,129.40871217211827,0.7105605304476978,0.642319415242091,0.957846803318284,42.112369870619155
LF,Line 3,72,6,63,5,2,zpar show lf 6 63 5 2,1.051547,-64.609185,-3.046412,43.70604,-3.0662,43.656905,7.937166,-149.842788,7.937166,-149.842788,150.05285641974464,-86.96787877678011,8.833925590854399,133.16078621901224,0.7223927769068881,0.6283176877271277,0.9574102782182826,41.01586326723993
LF,Line 3,70,6,63,4,57,zpar show lf 6 63 4 57,1.118803,-65.098535,-3.233774,45.278355,-3.268237,45.22658,8.460044,-154.75185,8.460044,-154.75185,154.98292623029297,-86.87084328554003,9.456402815856734,136.91060305805965,0.7331349574500504,0.6145116788142487,0.9566145876132109,39.9696449532731
LF,Line 3,68,6,63,4,48,zpar show lf 6 63 4 48,1.213917,-65.68807,-3.49756,47.121605,-3.534126,47.05107,9.203937,-160.459513,9.203937,-160.459513,160.72326455276203,-86.71711870873197,10.110586899300863,141.24017604006167,0.7448841000088589,0.5994387425584534,0.9561271508152394,38.82505779622354
LF,Line 3,66,6,63,4,39,zpar show lf 6 63 4 39,1.324366,-66.398545,-3.81999,49.29164,-3.860776,49.22941,10.143698,-167.187375,10.143698,-167.187375,167.49481475110156,-86.52797048209783,10.883022669157686,146.27786154743856,0.7574763732819841,0.582688505526715,0.9556653967542115,37.56927500920974
LF,Line 3,64,6,63,4,30,zpar show lf 6 63 4 30,1.438505,-67.16062,-4.149172,51.672655,-4.198437,51.597315,11.117378,-174.53975,11.117378,-174.53975,174.89345449060517,-86.3554462526168,11.823498012349846,151.68845732420556,0.769586411514174,0.5653365291133715,0.9549181304893197,36.300924008724046
LF,Line 3,62,6,63,4,21,zpar show lf 6 63 4 21,1.590836,-68.05375,-4.602293,54.436335,-4.649538,54.350115,12.435985,-183.0846,12.435985,-183.0846,183.50646985891322,-86.11416437847754,12.86033838711259,157.9184825737873,0.782412398782863,0.5466261349004325,0.9544471138441039,34.93976557615711
LF,Line 3,60,6,63,4,12,zpar show lf 6 63 4 12,1.764532,-69.002935,-5.090895,57.38599,-5.132932,57.305455,13.791323,-192.267288,13.791323,-192.267288,192.76127885279573,-85.89720350833586,14.117474467528089,164.49738020465944,0.794300377879672,0.5277352114830869,0.9536338625168929,33.60016525036687
LF,Line 3,58,6,63,4,3,zpar show lf 6 63 4 3,1.980422,-70.115295,-5.731013,60.832165,-5.769926,60.74999,15.641848,-202.966788,15.641848,-202.966788,203.56862341699923,-85.59315134444209,15.49793158735795,172.05817070451022,0.8067565208366694,0.5076361759771261,0.9531791914814166,32.17937333743811
LF,Line 3,56,6,63,3,58,zpar show lf 6 63 3 58,2.216321,-71.33584,-6.40572,64.628145,-6.456702,64.53411,17.613578,-214.694125,17.613578,-214.694125,215.41542525891157,-85.30993855363403,17.189711442728072,180.12060932379708,0.8181992824477938,0.48736711793917104,0.9523532818478753,30.780489647542144
LF,Line 3,54,6,63,3,49,zpar show lf 6 63 3 49,2.52708,-72.764305,-7.303453,69.060325,-7.367863,68.956375,20.25526,-228.440875,20.25526,-228.440875,229.33710761329758,-84.93298289243941,19.116213733339052,189.42091865786176,0.8300030904408351,0.46589604722751077,0.9518215468056793,29.306301284014495
LF,Line 3,52,6,63,3,40,zpar show lf 6 63 3 40,2.946265,-74.539635,-8.517168,74.6509,-8.590703,74.53685,23.820995,-245.829,23.820995,-245.829,246.98043858530585,-84.46528055981305,21.67314362407431,200.8810292713341,0.8424427670280324,0.44159161337415076,0.9511640072670082,27.66262744937334
LF,Line 3,50,6,63,3,32,zpar show lf 6 63 3 32,3.366783,-76.245565,-9.737662,79.94951,-9.84198,79.821035,27.47326,-262.259825,27.47326,-262.259825,263.694891539556,-84.01974165277633,24.152133877913126,211.39317372824542,0.852244239622232,0.42122266062244795,0.9506570221647397,26.300935945429234
LF,Line 3,48,6,63,3,23,zpar show lf 6 63 3 23,4.097459,-78.996955,-11.951071,88.46592,-12.015315,88.33607,33.932878,-288.721525,33.932878,-288.721525,290.70871883672237,-83.29688886630157,28.299907003841803,227.77622838826346,0.865030146114972,0.3926304058386468,0.9499662042813473,24.41292578716006
LF,Line 3,46,6,63,3,14,zpar show lf 6 63 3 14,4.915179,-81.86815,-14.374523,97.41492,-14.464518,97.24483,41.132073,-316.462475,41.132073,-316.462475,319.1243417735522,-82.59452089072329,32.99644390517992,244.11314412440095,0.8751550883003217,0.3671998761508332,0.9490691110889297,22.76207511522939
LF,Line 3,44,6,63,3,5,zpar show lf 6 63 3 5,6.343459,-85.99406,-18.635561,110.258075,-18.750344,110.0617,53.90025,-356.3523,53.90025,-356.3523,360.40560298828944,-81.39889471099862,39.498208315066265,266.71454631008197,0.8869209383329028,0.3369880939240261,0.9487832873211169,20.80442785165774
LF,Line 3,42,6,63,2,60,zpar show lf 6 63 2 60,8.020779,-90.55083,-23.608598,124.508088,-23.767278,124.284625,68.8433,-400.690625,68.8433,-400.690625,406.561652050191,-80.2511030548561,47.57273873635806,289.9652534420295,0.8957559412559519,0.3097909857303236,0.9478128302228779,19.07758965325232
LF,Line 3,40,6,63,2,51,zpar show lf 6 63 2 51,10.919211,-97.25094,-32.39573,145.362613,-32.552085,145.063025,95.3719,-465.4431,95.3719,-465.4431,475.1137533761994,-78.42006418358665,59.39062329148997,321.6506565621785,0.9052283355753313,0.2786652746685334,0.9471497636776213,17.110446435654545
LF,Line 3,38,6,63,2,42,zpar show lf 6 63 2 42,16.94253,-107.3334,-50.698485,176.87805,-50.7962,176.473238,150.84695,-563.6079,150.84695,-563.6079,583.4455135372218,-75.01625188408676,76.80223014580818,366.8988990024144,0.9158542740362073,0.24347343241813654,0.9476646894149098,14.88734774938624
LF,Line 3,36,6,63,2,33,zpar show lf 6 63 2 33,25.4338,-119.975863,-76.54627,216.43975,-76.64627,215.895925,229.4729,-686.92915,229.4729,-686.92915,724.2440672550467,-71.52778689123377,102.36792612856189,414.2959299975203,0.9218053003180452,0.21261525734935904,0.9460075366254624,12.988181650720628
LF,Line 3,34,6,63,2,24,zpar show lf 6 63 2 24,61.70257,-141.767313,-188.116213,285.4121,-188.147063,284.62565,572.43615,-904.368,572.43615,-904.368,1070.3105274876177,-57.66749198720528,152.39794810333456,521.1730862812522,0.9352505409794576,0.16672933549478847,0.9499959187896029,10.108065805357047
LF,Line 3,32,6,63,2,15,zpar show lf 6 63 2 15,108.268925,-163.802475,-331.77235,355.519925,-331.4511,354.336125,1014.321,-1125.95675,1014.321,-1125.95675,1515.462204712332,-47.98581162835617,230.4729731996341,585.4273783129904,0.9334410472773881,0.13892758632369973,0.9437229800020958,8.465406940015708
LF,Line 3,30,6,63,2,6,zpar show lf 6 63 2 6,145.858425,-35.34526,-453.29145,-41.348365,-452.1509,-41.846385,1403.906,97.86002,1403.906,97.86002,1407.3125595795698,3.9873833107582772,334.87905384194096,936.1870008470893,0.9624353578878254,0.09137293725351249,0.9667630690996636,5.423365618696166
LF,Line 3,28,6,63,1,61,zpar show lf 6 63 1 61,158.416088,49.9746,-495.39605,-305.440125,-494.03035,-305.50245,1543.596625,913.829,1543.596625,913.829,1793.8154815789694,30.626076876269057,668.212834742071,854.4243041248469,0.9423525321573323,0.06858050317872655,0.9448447387161466,4.162410710172155
LF,Line 3,26,6,63,1,52,zpar show lf 6 63 1 52,73.788145,39.992043,-232.6413,-277.80545,-231.776875,-277.463125,729.37365,837.14245,729.37365,837.14245,1110.3122997185635,48.9354742725446,1397.676903596478,1007.186477641357,0.9534537922488637,0.032383407455049966,0.9540035739095212,1.9452642821126054
LF,Line 3,24,6,63,1,43,zpar show lf 6 63 1 43,27.429135,24.981803,-88.38959,-233.038125,-87.81523,-232.56505,281.555075,703.54525,281.555075,703.54525,757.7923060151892,68.18897472835829,1547.094835714347,-496.98046562154775,0.942914037213911,-0.017763884605634803,0.9430813523611412,-1.0792873886577856
LF,Line 3,22,6,63,1,34,zpar show lf 6 63 1 34,14.437653,6.338039,-47.3281,-175.708013,-46.95994,-175.342925,152.457525,527.6212,152.457525,527.6212,549.2061795160045,73.88321188245838,707.0285976515491,-839.8173739861381,0.9407824489392358,-0.06569359252744085,0.9430733080366909,-3.9944045293218724
LF,Line 3,20,6,63,1,25,zpar show lf 6 63 1 25,8.355099,-5.273615,-28.014035,-139.956813,-27.731608,-139.630138,91.47606,417.576775,91.47606,417.576775,427.4789264660005,77.64374175371366,328.692826204134,-657.909678873431,0.9342836285607025,-0.11417020296827426,0.9412336234125774,-6.967047166986455
LF,Line 3,18,6,63,1,16,zpar show lf 6 63 1 16,5.036972,-14.085039,-17.388649,-112.741775,-17.160189,-112.471325,57.65034,333.763875,57.65034,333.763875,338.7061941522936,80.2001153028489,168.43699747173574,-491.1118971545791,0.9243915713913144,-0.16999042856598864,0.939891761355185,-10.419955828042928
LF,Line 3,16,6,63,1,8,zpar show lf 6 63 1 8,3.815097,-18.553951,-13.397795,-98.92793,-13.237558,-98.6775,44.88939,291.16445,44.88939,291.16445,294.60447090696806,81.23560368474548,114.08933053346553,-412.01148345870513,0.9165698820542277,-0.2094844713438692,0.9402042822829096,-12.873978799426217
LF,Line 3,14,6,63,0,63,zpar show lf 6 63 0 63,2.59239,-22.895563,-9.461467,-85.50335,-9.314192,-85.28939,32.233285,249.818325,32.233285,249.818325,251.88922201574414,82.64792239021635,77.74796441080852,-336.75457831844847,0.9015226452900559,-0.25959474354221235,0.9381537778240446,-16.063831296188223
LF,Line 3,12,6,63,0,54,zpar show lf 6 63 0 54,1.984208,-26.154413,-7.452486,-75.443735,-7.336852,-75.228905,25.664598,218.689075,25.664598,218.689075,220.18987968309813,83.30658075917331,54.86550926014145,-285.7582501485863,0.8868209857342796,-0.3084125304716086,0.9389194585749197,-19.176302423102484
LF,Line 3,10,6,63,0,45,zpar show lf 6 63 0 45,1.427861,-29.078668,-5.604996,-66.384615,-5.528223,-66.206885,19.687334,190.745313,19.687334,190.745313,191.75861271790515,84.10721521275066,39.75838851011475,-241.52917306386004,0.8648072680506722,-0.3637876001782896,0.9382073485731959,-22.81441775531514
LF,Line 3,8,6,63,0,36,zpar show lf 6 63 0 36,1.097672,-31.3167,-4.514933,-59.457495,-4.449622,-59.28827,16.067784,169.336763,16.067784,169.336763,170.09736325407522,84.57962870761277,29.818510297581323,-209.6058736481038,0.841332806773092,-0.41666495066904724,0.9388559915496777,-26.346633700608084
LF,Line 3,6,6,63,0,27,zpar show lf 6 63 0 27,0.813188,-33.29641,-3.52399,-53.34033,-3.463405,-53.1788,12.78183,150.421113,12.78183,150.421113,150.96319556205634,85.14303637988561,23.08297442801402,-182.26521702204192,0.8104779699863011,-0.47265829286860167,0.9382325946430216,-30.250079691093415
LF,Line 3,4,6,63,0,18,zpar show lf 6 63 0 18,0.624351,-34.915353,-2.888949,-48.31424,-2.832279,-48.161665,10.634475,134.8875,10.634475,134.8875,135.30605941633073,85.49214867532102,18.036856123753253,-160.75137570234824,0.7767088459693906,-0.5275722929833299,0.9389404431223479,-34.18594445377504
LF,Line 3,2,6,63,0,9,zpar show lf 6 63 0 9,0.480727,-36.233035,-2.378199,-44.24325,-2.329279,-44.093965,8.931001,122.321588,8.931001,122.321588,122.6471918541299,85.82410354466705,14.654003047305755,-143.77738307411096,0.7398446589985247,-0.578532687211605,0.9391859185597514,-38.02416589298726
LF,Line 3,0,6,63,0,0,zpar show lf 6 63 0 0,0.359978,-37.467118,-1.97704,-40.42892,-1.924463,-40.278905,7.526309,110.495288,7.526309,110.495288,110.75131600737946,86.1033569824329,11.798785142931617,-128.25298660910795,0.6950906162909681,-0.6327881529609419,0.9399850059354555,-42.31372144135309
LF,Line 4,100,6,63,0,0,zpar show lf 6 63 0 0,0.359978,-37.467118,-1.97704,-40.42892,-1.924463,-40.278905,7.526309,110.495288,7.526309,110.495288,110.75131600737946,86.1033569824329,11.798785142931617,-128.25298660910795,0.6950906162909681,-0.6327881529609419,0.9399850059354555,-42.31372144135309
LF,Line 4,98,6,54,0,0,zpar show lf 6 54 0 0,0.357719,-37.47358,-1.946172,-40.528378,-1.90915,-40.379745,7.34597,108.04045,7.34597,108.04045,108.28989847369607,86.11028765688707,12.095563980345585,-125.85801484719224,0.6847316614147982,-0.6389997077901591,0.9365778529838182,-43.02134611691863
LF,Line 4,96,6,45,0,0,zpar show lf 6 45 0 0,0.359048,-37.46653,-1.924482,-40.617008,-1.885788,-40.474605,7.129498,105.610988,7.129498,105.610988,105.8513605395233,86.13798414032473,12.425832674794782,-123.48248447027385,0.6739298467167258,-0.6449886355345132,0.9328407035846489,-43.74295249434478
LF,Line 4,94,6,36,0,0,zpar show lf 6 36 0 0,0.360696,-37.469215,-1.891203,-40.7163,-1.858819,-40.578203,6.934734,103.111369,6.934734,103.111369,103.34430295233945,86.15237830200087,12.746740818621312,-121.03819695862562,0.6624232247477023,-0.6511841679515471,0.9288946922422873,-44.50979660180717
LF,Line 4,92,6,27,0,0,zpar show lf 6 27 0 0,0.365002,-37.464465,-1.86703,-40.831643,-1.831715,-40.688318,6.686938,100.47025,6.686938,100.47025,100.69253336210357,86.19221515492426,13.132036508919695,-118.4669369372816,0.6496570802555207,-0.6574166599857487,0.9242569917252158,-45.34013838149372
LF,Line 4,90,6,18,0,0,zpar show lf 6 18 0 0,0.36427,-37.465785,-1.835535,-40.936868,-1.800968,-40.800755,6.48599,97.96661,6.48599,97.96661,98.18108138115103,86.21219608672038,13.468598115957082,-116.02278669435208,0.6371055962463275,-0.6633834880417937,0.9197723593231562,-46.1575702206718
LF,Line 4,88,6,9,0,0,zpar show lf 6 9 0 0,0.36762,-37.47525,-1.805681,-41.030388,-1.776274,-40.900585,6.280457,95.48256,6.280457,95.48256,95.68888861452227,86.23673610425728,13.79140850076537,-113.59438131997811,0.6241601011940534,-0.6692641185327086,0.9151449569756337,-46.99719707594052
LF,Line 4,86,6,0,0,0,zpar show lf 6 0 0 0,0.372839,-37.475648,-1.774128,-41.135098,-1.746375,-41.00504,6.101078,92.93466,6.101078,92.93466,93.13470986736193,86.24397262285935,14.103368429377408,-111.10535928294053,0.6104001431342487,-0.6752629874877843,0.9102573465835028,-47.88817410017268
LF,Line 4,84,5,55,0,0,zpar show lf 5 55 0 0,0.370649,-37.467678,-1.764312,-41.21935,-1.728257,-41.07623,5.923367,90.99431,5.923367,90.99431,91.18689998564919,86.27552793200381,14.375440913748015,-109.21453847675103,0.5994562617347449,-0.6795324256186986,0.9061523752660073,-48.582553538916336
LF,Line 4,82,5,47,0,0,zpar show lf 5 47 0 0,0.370365,-37.47435,-1.730654,-41.303925,-1.705217,-41.169743,5.715503,88.76546,5.715503,88.76546,88.94927691417514,86.31587825322708,14.69544704569149,-107.03216337840297,0.5863828708241657,-0.6842882794331379,0.901163315146347,-49.40594347128842
LF,Line 4,80,5,38,0,0,zpar show lf 5 38 0 0,0.369886,-37.472255,-1.700421,-41.409723,-1.681136,-41.265743,5.547572,86.17393,5.547572,86.17393,86.35231187837465,86.31658372959488,14.990736285646395,-104.49750744355545,0.5708348164275298,-0.6900474518055847,0.8955545060962132,-50.40108854401726
LF,Line 4,78,5,29,0,0,zpar show lf 5 29 0 0,0.380424,-37.4706,-1.666602,-41.522228,-1.64344,-41.390298,5.326415,83.4347,5.326415,83.4347,83.60454449874257,86.34723291555626,15.365866812530093,-101.82608364858874,0.5535498923434466,-0.6954740788114706,0.8888766380168314,-51.48260470693175
LF,Line 4,76,5,20,0,0,zpar show lf 5 20 0 0,0.37185,-37.47462,-1.640872,-41.630223,-1.616353,-41.490468,5.149771,80.821455,5.149771,80.821455,80.98535503206408,86.35416360447876,15.669930029437271,-99.27026011638225,0.5364625251131007,-0.7007086148117798,0.8824877357347055,-52.56233098867359
LF,Line 4,74,5,11,0,0,zpar show lf 5 11 0 0,0.372613,-37.47522,-1.612559,-41.721883,-1.589097,-41.585675,4.958415,78.260415,4.958415,78.260415,78.41733504324442,86.37470586278805,15.981498279598085,-96.76002551819704,0.5189471675108989,-0.7054505514561639,0.8757663176997564,-53.66086518422308
LF,Line 4,72,5,2,0,0,zpar show lf 5 2 0 0,0.382406,-37.479728,-1.584393,-41.832238,-1.560057,-41.697815,4.805791,75.615425,4.805791,75.615425,75.76798878857949,86.3634180123651,16.272970493063212,-94.18449647202148,0.5003103371428512,-0.7101389742806355,0.8686816426311463,-54.83436462004848
LF,Line 4,70,4,57,0,0,zpar show lf 4 57 0 0,0.369476,-37.479153,-1.564569,-41.905335,-1.537327,-41.7655,4.623157,73.70846,4.623157,73.70846,73.8533049783031,86.41098403763941,16.54615458147649,-92.30941366262654,0.4861070064707806,-0.712846012160387,0.862814846182511,-55.70897324563813
LF,Line 4,68,4,48,0,0,zpar show lf 4 48 0 0,0.367806,-37.486313,-1.526782,-42.01214,-1.513236,-41.869863,4.470454,71.064135,4.470454,71.064135,71.20460829373575,86.40041953273337,16.832190805534854,-89.72254947113963,0.4660548679123982,-0.7168240027923268,0.8550109887504703,-56.96943141041117
LF,Line 4,66,4,39,0,0,zpar show lf 4 39 0 0,0.375488,-37.48122,-1.489806,-42.114755,-1.475199,-41.98282,4.273462,68.424835,4.273462,68.424835,68.558154308898,86.42624314336439,17.177173322535637,-87.13876982434435,0.4450890603463477,-0.7198018947794736,0.8462972523694705,-58.269451145723885
LF,Line 4,64,4,30,0,0,zpar show lf 4 30 0 0,0.378532,-37.48515,-1.459213,-42.231115,-1.453127,-42.09403,4.077199,65.60547,4.077199,65.60547,65.73204124022395,86.44379898471476,17.514138825530015,-84.3906028045285,0.4219646629865677,-0.72252644233442,0.8367189711496935,-59.71452641811461
LF,Line 4,62,4,21,0,0,zpar show lf 4 21 0 0,0.376275,-37.486423,-1.429513,-42.331995,-1.421339,-42.20031,3.932296,62.892,3.932296,62.892,63.014812669971626,86.42226267274104,17.793862699694433,-81.73238294932939,0.3987875227108515,-0.7248226678774741,0.8272843453969603,-61.18101046658965
LF,Line 4,60,4,12,0,0,zpar show lf 4 12 0 0,0.376132,-37.480248,-1.392856,-42.439945,-1.3891,-42.31397,3.758577,60.23966,3.758577,60.23966,60.3568019197549,86.42973087273708,18.117188314215696,-79.13781811545408,0.375229040336554,-0.7258521937457157,0.8171035674119648,-62.663312476399106
LF,Line 4,58,4,3,0,0,zpar show lf 4 3 0 0,0.374721,-37.48306,-1.361588,-42.54323,-1.35459,-42.41559,3.619088,57.495735,3.619088,57.495735,57.609524743239895,86.39825009710644,18.392288544507448,-76.44645848072815,0.349979959337113,-0.7265691952659089,0.8064668421249306,-64.28042221268116
LF,Line 4,56,3,58,0,0,zpar show lf 3 58 0 0,0.382368,-37.488785,-1.330955,-42.628015,-1.331775,-42.49734,3.43776,55.455915,3.43776,55.455915,55.56236768087574,86.4527244676524,18.683384398532297,-74.45375427912676,0.3306214610994407,-0.7256157466825139,0.7973887147264822,-65.5039679356939
LF,Line 4,54,3,49,0,0,zpar show lf 3 49 0 0,0.379465,-37.48877,-1.295724,-42.738745,-1.305995,-42.61009,3.302705,52.709905,3.302705,52.709905,52.813274329718,86.41463978956254,18.963731998223658,-71.76993405606181,0.3038832086018771,-0.7244424680388161,0.7855965211024951,-67.2433232339267
LF,Line 4,52,3,40,0,0,zpar show lf 3 40 0 0,0.369452,-37.498753,-1.263413,-42.839285,-1.270104,-42.71551,3.148906,49.97748,3.148906,49.97748,50.07658251265991,86.39475925304981,19.251604711887467,-69.0860519248998,0.276266983119081,-0.7220028617678627,0.773053412360816,-69.06116345580364
LF,Line 4,50,3,32,0,0,zpar show lf 3 32 0 0,0.366488,-37.503175,-1.230474,-42.93994,-1.238433,-42.808595,3.037393,47.510035,3.037393,47.510035,47.60702870309881,86.34196694979177,19.492679129417148,-66.66649404062167,0.2506440284837764,-0.7188805502282495,0.7613223197247319,-70.77844138179682
LF,Line 4,48,3,23,0,0,zpar show lf 3 23 0 0,0.369852,-37.50002,-1.20221,-43.049505,-1.193232,-42.92959,2.852306,44.5504,2.852306,44.5504,44.641614998537364,86.33668060419745,19.835552294245094,-63.768024922968536,0.21913564491788523,-0.7130204605031443,0.7459347209841444,-72.91601114756406
LF,Line 4,46,3,14,0,0,zpar show lf 3 14 0 0,0.369516,-37.499595,-1.166083,-43.157015,-1.166723,-43.03583,2.706207,41.79834,2.706207,41.79834,41.885854212161526,86.29559142660283,20.124445016836255,-61.07431232344193,0.18907928683343356,-0.7062647682073246,0.7311367173931193,-75.01239790892006
LF,Line 4,44,3,5,0,0,zpar show lf 3 5 0 0,0.36815,-37.50536,-1.126869,-43.265725,-1.135843,-43.15126,2.587566,38.961758,2.587566,38.961758,39.04758743193899,86.20039693534783,20.3921366526609,-58.29673964519591,0.15733994332060092,-0.6978667827067302,0.7153837460898678,-77.29461896552688
LF,Line 4,42,2,60,0,0,zpar show lf 2 60 0 0,0.37255,-37.50946,-1.101698,-43.357535,-1.105101,-43.238145,2.411149,36.58078,2.411149,36.58078,36.660156913311226,86.22891808232465,20.688521376235045,-55.96533421640278,0.13041400136955142,-0.6884663888247463,0.7007094835198138,-79.27373257629728
LF,Line 4,40,2,51,0,0,zpar show lf 2 51 0 0,0.368443,-37.514183,-1.059925,-43.469245,-1.071713,-43.354055,2.301733,33.734688,2.301733,33.734688,33.813120963031984,86.09673266558448,20.952034561015346,-53.17563951872735,0.09751361073652284,-0.6763765296224615,0.6833696760195017,-81.79616075305536
LF,Line 4,38,2,42,0,0,zpar show lf 2 42 0 0,0.365104,-37.52299,-1.027635,-43.58018,-1.03377,-43.464995,2.172598,30.907128,2.172598,30.907128,30.983394637740844,85.97904181017913,21.228545508467,-50.405484693891275,0.06453243051912226,-0.661991564175559,0.6651295104175642,-84.43227005875208
LF,Line 4,36,2,33,0,0,zpar show lf 2 33 0 0,0.367984,-37.52914,-0.992775,-43.68678,-0.994276,-43.580815,2.072147,28.031745,2.072147,28.031745,28.10822870503643,85.77230277444892,21.480832713624196,-47.588188840054116,0.030656013160231678,-0.6453383787722664,0.6460661067253858,-87.28027837833862
LF,Line 4,34,2,24,0,0,zpar show lf 2 24 0 0,0.364872,-37.534058,-0.950002,-43.807345,-0.9674,-43.699205,1.914128,24.96598,1.914128,24.96598,25.03925005587795,85.61574109429687,21.79806972100612,-44.58733692022636,-0.00515379765706741,-0.6242108068772837,0.6242320826845409,-90.47305195818544
LF,Line 4,32,2,15,0,0,zpar show lf 2 15 0 0,0.382727,-37.5381,-0.916326,-43.90548,-0.93011,-43.81394,1.794255,22.11492,1.794255,22.11492,22.187587467127315,85.361567906191,22.066626272117094,-41.799132102267265,-0.03830939667276696,-0.6022264934489133,0.6034437498932319,-93.63984848708301
LF,Line 4,30,2,6,0,0,zpar show lf 2 6 0 0,0.374441,-37.540613,-0.877403,-44.025145,-0.898763,-43.93174,1.699663,19.1749,1.699663,19.1749,19.250081670568804,84.93454134581697,22.321365797238535,-38.92033315080526,-0.07219449347178367,-0.5770102158382373,0.5815091005902974,-97.13168578028137
LF,Line 4,28,1,61,0,0,zpar show lf 1 61 0 0,0.379536,-37.54591,-0.843015,-44.11948,-0.86157,-44.03287,1.536702,16.544304,1.536702,16.544304,16.615518285061707,84.69336177363851,22.622348545046286,-36.3386760908456,-0.10125551160974389,-0.5510447972475363,0.5602705125249137,-100.41205664503754
LF,Line 4,26,1,52,0,0,zpar show lf 1 52 0 0,0.378723,-37.552833,-0.805442,-44.239375,-0.828378,-44.152295,1.4565,13.588333,1.4565,13.588333,13.666169396319109,83.88196530805466,22.86353036162871,-33.448665826547625,-0.13354979987263488,-0.5203663378031546,0.5372305599690765,-104.39405334098522
LF,Line 4,24,1,43,0,0,zpar show lf 1 43 0 0,0.386481,-37.556488,-0.768099,-44.35205,-0.789023,-44.27387,1.348915,10.664395,1.348915,10.664395,10.74936706942553,82.79107043082594,23.134977844447672,-30.58901535652148,-0.16375196300298153,-0.4867442052583158,0.5135509972143752,-108.59412507110878
LF,Line 4,22,1,34,0,0,zpar show lf 1 34 0 0,0.385746,-37.567268,-0.727476,-44.47743,-0.752796,-44.389235,1.274067,7.669048,1.274067,7.669048,7.774158729199771,80.56753951277267,23.373322220102285,-27.657449132606637,-0.19333789710105256,-0.44981856059451747,0.48960829232232245,-113.25866527384679
LF,Line 4,20,1,25,0,0,zpar show lf 1 25 0 0,0.3899,-37.577748,-0.686111,-44.58811,-0.720302,-44.52164,1.147869,4.501692,1.147869,4.501692,4.645732892023066,75.6951945857652,23.664246726030754,-24.559041689899452,-0.22171687062387144,-0.40731015237956086,0.4637455454780171,-118.56140100986468
LF,Line 4,18,1,16,0,0,zpar show lf 1 16 0 0,0.401168,-37.57803,-0.652542,-44.70527,-0.671433,-44.638685,1.089606,1.478497,1.089606,1.478497,1.836625877593202,53.610947770409176,23.892459568189725,-21.598366349394773,-0.24679658595160225,-0.36443189987074204,0.4401353933515971,-124.1062133280533
LF,Line 4,16,1,8,0,0,zpar show lf 1 8 0 0,0.402442,-37.582093,-0.621138,-44.809275,-0.638025,-44.748995,0.992608,-1.173115,0.992608,-1.173115,1.5367073387242607,-49.76443207751062,24.137684971325765,-19.005978222771095,-0.2656614828690701,-0.3244656828725299,0.4193494996326219,-129.30945210900063
LF,Line 4,14,0,63,0,0,zpar show lf 0 63 0 0,0.408918,-37.593175,-0.585964,-44.913675,-0.621114,-44.85231,0.854856,-3.819322,0.854856,-3.819322,3.913821574934146,-77.38376469777921,24.411767462995282,-16.426877685949137,-0.281425245372653,-0.28288288918673965,0.3990274398179844,-134.8520016853931
LF,Line 4,12,0,54,0,0,zpar show lf 0 54 0 0,0.42343,-37.591198,-0.544177,-45.02978,-0.572579,-44.978105,0.801525,-6.888637,0.801525,-6.888637,6.935110816951233,-83.36321232941685,24.64591275875051,-13.42052977029233,-0.29771066986886296,-0.2333143776336161,0.3782423056247526,-141.91437669879386
LF,Line 4,10,0,45,0,0,zpar show lf 0 45 0 0,0.427853,-37.596948,-0.505487,-45.14791,-0.540425,-45.10061,0.719712,-9.919889,0.719712,-9.919889,9.945963157747217,-85.85032317530487,24.89448570902028,-10.458741980751642,-0.3096717400432254,-0.1828908854760238,0.3596465800916269,-149.43407183668043
LF,Line 4,8,0,36,0,0,zpar show lf 0 36 0 0,0.431726,-37.603528,-0.467276,-45.27276,-0.50324,-45.22167,0.673531,-13.020538,0.673531,-13.020538,13.03794668716685,-87.0388229428043,25.11247404889921,-7.42719491234112,-0.3184457541960797,-0.13036920593759066,0.3440985734092891,-157.7361903370442
LF,Line 4,6,0,27,0,0,zpar show lf 0 27 0 0,0.450627,-37.610345,-0.434272,-45.401565,-0.456584,-45.3527,0.575417,-16.30362,0.575417,-16.30362,16.31377117126169,-87.9786521963407,25.39471904981274,-4.224809540748264,-0.32220110561219323,-0.07409070444426799,0.33061001942283536,-167.04986175537363
LF,Line 4,4,0,18,0,0,zpar show lf 0 18 0 0,0.457988,-37.61177,-0.398879,-45.52277,-0.409958,-45.48145,0.539205,-19.442608,0.539205,-19.442608,19.450083492717685,-88.41141404904887,25.61225708175331,-1.1541896436006809,-0.32222880964476835,-0.020183272626188083,0.32286029526559534,-176.4158774111974
LF,Line 4,2,0,9,0,0,zpar show lf 0 9 0 0,0.468138,-37.61237,-0.357984,-45.632615,-0.371906,-45.608115,0.474902,-22.52609,0.474902,-22.52609,22.531095459335837,-88.79225155859892,25.8500847164408,1.8637704736675076,-0.3175945635529672,0.03237562427247448,0.31924048591216025,174.17936869966812
LF,Line 4,0,0,0,0,0,zpar show lf 0 0 0 0,0.470628,-37.615503,-0.326247,-45.75875,-0.332313,-45.735325,0.444323,-25.70301,0.444323,-25.70301,25.706850176332942,-89.00963750125773,26.058720323742424,4.966778058327328,-0.3091908021826052,0.08549263151900172,0.3207926779064116,164.54364163404108
