timestamp,firmware,Fx,Pfwd,Pref,LoadR,Load X,Inp R,Inp X,C1 %,C2 %,V_Tune,V_NG,I_Tune,P_Tune,Rs,Xs,Rl,Xl,C1c,C1f,C2c,C2f,C1%,C2%,Vpp_Tune,Vpp_NG,Vcap,VBias,IBias,Iout,PhOut,Pout,Eff%,HVDC,DcBias,DcBias_RNG,Amb.Temp,PA.Temp
2026-09-28 07:38:48.370,DEMO_MODE,F1,0,0,0.10,-14.44,0.54,50.00,0.0,0.0,0.00,0.00,0.00,89.38,0.54,50.00,0.10,-14.44,6,63,6,63,0.0%,0.0%,0.000,0.000,0.00,-4.90,0.00,0.00,0.00,0.00,0.0%,1200.00,-50.00,HI,-50.00,-50.00
2026-09-28 07:38:48.491,DEMO_MODE,F1,0,0,0.10,-14.44,0.54,50.00,0.0,0.0,0.00,0.00,0.00,89.38,0.54,50.00,0.10,-14.44,6,63,6,63,0.0%,0.0%,0.000,0.000,0.00,-4.90,0.00,0.00,0.00,0.00,0.0%,1200.00,-50.00,HI,-50.00,-50.00
2026-09-28 07:38:48.612,DEMO_MODE,F1,0,0,0.10,-14.44,0.54,50.00,0.0,0.0,0.00,0.00,0.00,89.38,0.54,50.00,0.10,-14.44,6,63,6,63,0.0%,0.0%,0.000,0.000,0.00,-4.90,0.00,0.00,0.00,0.00,0.0%,1200.00,-50.00,HI,-50.00,-50.00
2026-09-28 07:38:48.733,DEMO_MODE,F1,0,0,0.10,-14.44,0.54,50.00,0.0,0.0,0.00,0.00,0.00,89.38,0.54,50.00,0.10,-14.44,6,63,6,63,0.0%,0.0%,0.000,0.000,0.00,-4.90,0.00,0.00,0.00,0.00,0.0%,1200.00,-50.00,HI,-50.00,-50.00
2026-09-28 07:38:48.854,DEMO_MODE,F1,0,0,0.10,-14.44,0.54,50.00,0.0,0.0,0.00,0.00,0.00,89.38,0.54,50.00,0.10,-14.44,6,63,6,63,0.0%,0.0%,0.000,0.000,0.00,-4.90,0.00,0.00,0.00,0.00,0.0%,1200.00,-50.00,HI,-50.00,-50.00
2026-09-28 07:38:48.974,DEMO_MODE,F1,0,0,0.10,-14.44,0.54,50.00,0.0,0.0,0.00,0.00,0.00,89.38,0.54,50.00,0.10,-14.44,6,63,6,63,0.0%,0.0%,0.000,0.000,0.00,-4.90,0.00,0.00,0.00,0.00,0.0%,1200.00,-50.00,HI,-50.00,-50.00
2026-09-28 07:38:49.095,DEMO_MODE,F1,0,0,0.10,-14.44,0.54,50.00,0.0,0.0,0.00,0.00,0.00,89.38,0.54,50.00,0.10,-14.44,6,63,6,63,0.0%,0.0%,0.000,0.000,0.00,-4.90,0.00,0.00,0.00,0.00,0.0%,1200.00,-50.00,HI,-50.00,-50.00
2026-09-28 07:38:49.215,DEMO_MODE,F1,0,0,0.10,-14.44,0.54,50.00,0.0,0.0,0.00,0.00,0.00,89.38,0.54,50.00,0.10,-14.44,6,63,6,63,0.0%,0.0%,0.000,0.000,0.00,-4.90,0.00,0.00,0.00,0.00,0.0%,1200.00,-50.00,HI,-50.00,-50.00
2026-09-28 07:38:49.336,DEMO_MODE,F1,0,0,0.10,-14.44,0.54,50.00,0.0,0.0,0.00,0.00,0.00,89.38,0.54,50.00,0.10,-14.44,6,63,6,63,0.0%,0.0%,0.000,0.000,0.00,-4.90,0.00,0.00,0.00,0.00,0.0%,1200.00,-50.00,HI,-50.00,-50.00
2026-09-28 07:38:49.456,DEMO_MODE,F1,0,0,0.10,-14.44,0.54,50.00,0.0,0.0,0.00,0.00,0.00,89.38,0.54,50.00,0.10,-14.44,6,63,6,63,0.0%,0.0%,0.000,0.000,0.00,-4.90,0.00,0.00,0.00,0.00,0.0%,1200.00,-50.00,HI,-50.00,-50.00
2026-09-28 07:38:49.577,DEMO_MODE,F1,0,0,0.10,-14.44,0.54,50.00,0.0,0.0,0.00,0.00,0.00,89.38,0.54,50.00,0.10,-14.44,6,63,6,63,0.0%,0.0%,0.000,0.000,0.00,-4.90,0.00,0.00,0.00,0.00,0.0%,1200.00,-50.00,HI,-50.00,-50.00
2026-09-28 07:38:49.698,DEMO_MODE,F1,0,0,0.10,-14.44,0.54,50.00,0.0,0.0,0.00,0.00,0.00,89.38,0.54,50.00,0.10,-14.44,6,63,6,63,0.0%,0.0%,0.000,0.000,0.00,-4.90,0.00,0.00,0.00,0.00,0.0%,1200.00,-50.00,HI,-50.00,-50.00
2026-09-28 07:38:49.819,DEMO_MODE,F1,0,0,0.10,-14.44,0.54,50.00,0.0,0.0,0.00,0.00,0.00,89.38,0.54,50.00,0.10,-14.44,6,63,6,63,0.0%,0.0%,0.000,0.000,0.00,-4.90,0.00,0.00,0.00,0.00,0.0%,1200.00,-50.00,HI,-50.00,-50.00
2026-09-28 07:38:49.940,DEMO_MODE,F1,0,0,0.10,-14.44,0.54,50.00,0.0,0.0,0.00,0.00,0.00,89.38,0.54,50.00,0.10,-14.44,6,63,6,63,0.0%,0.0%,0.000,0.000,0.00,-4.90,0.00,0.00,0.00,0.00,0.0%,1200.00,-50.00,HI,-50.00,-50.00
2026-09-28 07:38:50.061,DEMO_MODE,F1,0,0,0.10,-14.44,0.54,50.00,0.0,0.0,0.00,0.00,0.00,89.38,0.54,50.00,0.10,-14.44,6,63,6,63,0.0%,0.0%,0.000,0.000,0.00,-4.90,0.00,0.00,0.00,0.00,0.0%,1200.00,-50.00,HI,-50.00,-50.00
2026-09-28 07:38:50.182,DEMO_MODE,F1,0,0,0.10,-14.44,0.54,50.00,0.0,0.0,0.00,0.00,0.00,89.38,0.54,50.00,0.10,-14.44,6,63,6,63,0.0%,0.0%,0.000,0.000,0.00,-4.90,0.00,0.00,0.00,0.00,0.0%,1200.00,-50.00,HI,-50.00,-50.00
2026-09-28 07:38:50.302,DEMO_MODE,F1,0,0,0.10,-14.44,0.54,50.00,0.0,0.0,0.00,0.00,0.00,89.38,0.54,50.00,0.10,-14.44,6,63,6,63,0.0%,0.0%,0.000,0.000,0.00,-4.90,0.00,0.00,0.00,0.00,0.0%,1200.00,-50.00,HI,-50.00,-50.00
2026-09-28 07:38:50.422,DEMO_MODE,F1,0,0,0.10,-14.44,0.54,50.00,0.0,0.0,0.00,0.00,0.00,89.38,0.54,50.00,0.10,-14.44,6,63,6,63,0.0%,0.0%,0.000,0.000,0.00,-4.90,0.00,0.00,0.00,0.00,0.0%,1200.00,-50.00,HI,-50.00,-50.00
2026-09-28 07:38:50.543,DEMO_MODE,F1,0,0,0.10,-14.44,0.54,50.00,0.0,0.0,0.00,0.00,0.00,89.38,0.54,50.00,0.10,-14.44,6,63,6,63,0.0%,0.0%,0.000,0.000,0.00,-4.90,0.00,0.00,0.00,0.00,0.0%,1200.00,-50.00,HI,-50.00,-50.00
2026-09-28 07:38:50.663,DEMO_MODE,F1,0,0,0.10,-14.44,0.54,50.00,0.0,0.0,0.00,0.00,0.00,89.38,0.54,50.00,0.10,-14.44,6,63,6,63,0.0%,0.0%,0.000,0.000,0.00,-4.90,0.00,0.00,0.00,0.00,0.0%,1200.00,-50.00,HI,-50.00,-50.00
2026-09-28 07:38:50.784,DEMO_MODE,F1,0,0,0.10,-14.44,0.54,50.00,0.0,0.0,0.00,0.00,0.00,89.38,0.54,50.00,0.10,-14.44,6,63,6,63,0.0%,0.0%,0.000,0.000,0.00,-4.90,0.00,0.00,0.00,0.00,0.0%,1200.00,-50.00,HI,-50.00,-50.00
2026-09-28 07:38:50.904,DEMO_MODE,F1,0,0,0.10,-14.44,0.54,50.00,0.0,0.0,0.00,0.00,0.00,89.38,0.54,50.00,0.10,-14.44,6,63,6,63,0.0%,0.0%,0.000,0.000,0.00,-4.90,0.00,0.00,0.00,0.00,0.0%,1200.00,-50.00,HI,-50.00,-50.00
2026-09-28 07:38:51.025,DEMO_MODE,F1,0,0,0.10,-14.44,0.54,50.00,0.0,0.0,0.00,0.00,0.00,89.38,0.54,50.00,0.10,-14.44,6,63,6,63,0.0%,0.0%,0.000,0.000,0.00,-4.90,0.00,0.00,0.00,0.00,0.0%,1200.00,-50.00,HI,-50.00,-50.00
2026-09-28 07:38:51.146,DEMO_MODE,F1,0,0,0.10,-14.44,0.54,50.00,0.0,0.0,0.00,0.00,0.00,89.38,0.54,50.00,0.10,-14.44,6,63,6,63,0.0%,0.0%,0.000,0.000,0.00,-4.90,0.00,0.00,0.00,0.00,0.0%,1200.00,-50.00,HI,-50.00,-50.00
2026-09-28 07:38:51.266,DEMO_MODE,F1,0,0,0.10,-14.44,0.54,50.00,0.0,0.0,0.00,0.00,0.00,89.38,0.54,50.00,0.10,-14.44,6,63,6,63,0.0%,0.0%,0.000,0.000,0.00,-4.90,0.00,0.00,0.00,0.00,0.0%,1200.00,-50.00,HI,-50.00,-50.00
2026-09-28 07:38:51.387,DEMO_MODE,F1,0,0,0.10,-14.44,0.54,50.00,0.0,0.0,0.00,0.00,0.00,89.38,0.54,50.00,0.10,-14.44,6,63,6,63,0.0%,0.0%,0.000,0.000,0.00,-4.90,0.00,0.00,0.00,0.00,0.0%,1200.00,-50.00,HI,-50.00,-50.00
2026-09-28 07:38:51.507,DEMO_MODE,F1,0,0,0.10,-14.44,0.54,50.00,0.0,0.0,0.00,0.00,0.00,89.38,0.54,50.00,0.10,-14.44,6,63,6,63,0.0%,0.0%,0.000,0.000,0.00,-4.90,0.00,0.00,0.00,0.00,0.0%,1200.00,-50.00,HI,-50.00,-50.00
2026-09-28 07:38:51.628,DEMO_MODE,F1,0,0,0.10,-14.44,0.54,50.00,0.0,0.0,0.00,0.00,0.00,89.38,0.54,50.00,0.10,-14.44,6,63,6,63,0.0%,0.0%,0.000,0.000,0.00,-4.90,0.00,0.00,0.00,0.00,0.0%,1200.00,-50.00,HI,-50.00,-50.00
2026-09-28 07:38:51.748,DEMO_MODE,F1,0,0,0.10,-14.44,0.54,50.00,0.0,0.0,0.00,0.00,0.00,89.38,0.54,50.00,0.10,-14.44,6,63,6,63,0.0%,0.0%,0.000,0.000,0.00,-4.90,0.00,0.00,0.00,0.00,0.0%,1200.00,-50.00,HI,-50.00,-50.00
2026-09-28 07:38:51.869,DEMO_MODE,F1,0,0,0.10,-14.44,0.54,50.00,0.0,0.0,0.00,0.00,0.00,89.38,0.54,50.00,0.10,-14.44,6,63,6,63,0.0%,0.0%,0.000,0.000,0.00,-4.90,0.00,0.00,0.00,0.00,0.0%,1200.00,-50.00,HI,-50.00,-50.00
2026-09-28 07:38:51.989,DEMO_MODE,F1,0,0,0.10,-14.44,0.54,50.00,0.0,0.0,0.00,0.00,0.00,89.38,0.54,50.00,0.10,-14.44,6,63,6,63,0.0%,0.0%,0.000,0.000,0.00,-4.90,0.00,0.00,0.00,0.00,0.0%,1200.00,-50.00,HI,-50.00,-50.00
2026-09-28 07:38:52.110,DEMO_MODE,F1,0,0,0.10,-14.44,0.54,50.00,0.0,0.0,0.00,0.00,0.00,89.38,0.54,50.00,0.10,-14.44,6,63,6,63,0.0%,0.0%,0.000,0.000,0.00,-4.90,0.00,0.00,0.00,0.00,0.0%,1200.00,-50.00,HI,-50.00,-50.00
2026-09-28 07:38:52.231,DEMO_MODE,F1,0,0,0.10,-14.44,0.54,50.00,0.0,0.0,0.00,0.00,0.00,89.38,0.54,50.00,0.10,-14.44,6,63,6,63,0.0%,0.0%,0.000,0.000,0.00,-4.90,0.00,0.00,0.00,0.00,0.0%,1200.00,-50.00,HI,-50.00,-50.00
2026-09-28 07:38:52.351,DEMO_MODE,F1,0,0,0.10,-14.44,0.54,50.00,0.0,0.0,0.00,0.00,0.00,89.38,0.54,50.00,0.10,-14.44,6,63,6,63,0.0%,0.0%,0.000,0.000,0.00,-4.90,0.00,0.00,0.00,0.00,0.0%,1200.00,-50.00,HI,-50.00,-50.00
2026-09-28 07:38:52.472,DEMO_MODE,F1,0,0,0.10,-14.44,0.54,50.00,0.0,0.0,0.00,0.00,0.00,89.38,0.54,50.00,0.10,-14.44,6,63,6,63,0.0%,0.0%,0.000,0.000,0.00,-4.90,0.00,0.00,0.00,0.00,0.0%,1200.00,-50.00,HI,-50.00,-50.00
2026-09-28 07:38:52.592,DEMO_MODE,F1,0,0,0.10,-14.44,0.54,50.00,0.0,0.0,0.00,0.00,0.00,89.38,0.54,50.00,0.10,-14.44,6,63,6,63,0.0%,0.0%,0.000,0.000,0.00,-4.90,0.00,0.00,0.00,0.00,0.0%,1200.00,-50.00,HI,-50.00,-50.00
2026-09-28 07:38:52.713,DEMO_MODE,F1,0,0,0.10,-14.44,0.54,50.00,0.0,0.0,0.00,0.00,0.00,89.38,0.54,50.00,0.10,-14.44,6,63,6,63,0.0%,0.0%,0.000,0.000,0.00,-4.90,0.00,0.00,0.00,0.00,0.0%,1200.00,-50.00,HI,-50.00,-50.00
2026-09-28 07:38:52.833,DEMO_MODE,F1,0,0,0.10,-14.44,0.54,50.00,0.0,0.0,0.00,0.00,0.00,89.38,0.54,50.00,0.10,-14.44,6,63,6,63,0.0%,0.0%,0.000,0.000,0.00,-4.90,0.00,0.00,0.00,0.00,0.0%,1200.00,-50.00,HI,-50.00,-50.00
2026-09-28 07:38:52.954,DEMO_MODE,F1,0,0,0.10,-14.44,0.54,50.00,0.0,0.0,0.00,0.00,0.00,89.38,0.54,50.00,0.10,-14.44,6,63,6,63,0.0%,0.0%,0.000,0.000,0.00,-4.90,0.00,0.00,0.00,0.00,0.0%,1200.00,-50.00,HI,-50.00,-50.00
2026-09-28 07:38:53.075,DEMO_MODE,F1,0,0,0.10,-14.44,0.54,50.00,0.0,0.0,0.00,0.00,0.00,89.38,0.54,50.00,0.10,-14.44,6,63,6,63,0.0%,0.0%,0.000,0.000,0.00,-4.90,0.00,0.00,0.00,0.00,0.0%,1200.00,-50.00,HI,-50.00,-50.00
2026-09-28 07:38:53.195,DEMO_MODE,F1,0,0,0.10,-14.44,0.54,50.00,0.0,0.0,0.00,0.00,0.00,89.38,0.54,50.00,0.10,-14.44,6,63,6,63,0.0%,0.0%,0.000,0.000,0.00,-4.90,0.00,0.00,0.00,0.00,0.0%,1200.00,-50.00,HI,-50.00,-50.00
2026-09-28 07:38:53.316,DEMO_MODE,F1,0,0,0.10,-14.44,0.54,50.00,0.0,0.0,0.00,0.00,0.00,89.38,0.54,50.00,0.10,-14.44,6,63,6,63,0.0%,0.0%,0.000,0.000,0.00,-4.90,0.00,0.00,0.00,0.00,0.0%,1200.00,-50.00,HI,-50.00,-50.00
2026-09-28 07:38:53.437,DEMO_MODE,F1,0,0,0.10,-14.44,0.54,50.00,0.0,4.0,0.00,0.00,0.00,89.38,0.54,50.00,0.10,-14.44,6,63,6,63,0.0%,4.0%,0.000,0.000,0.00,-4.90,0.00,0.00,0.00,0.00,0.0%,1200.00,-50.00,HI,-50.00,-50.00
2026-09-28 07:38:53.558,DEMO_MODE,F1,0,0,0.10,-14.44,0.54,50.00,0.0,4.0,0.00,0.00,0.00,89.38,0.54,50.00,0.10,-14.44,6,63,6,63,0.0%,4.0%,0.000,0.000,0.00,-4.90,0.00,0.00,0.00,0.00,0.0%,1200.00,-50.00,HI,-50.00,-50.00
2026-09-28 07:38:53.679,DEMO_MODE,F1,0,0,0.10,-14.44,0.54,50.00,0.0,4.0,0.00,0.00,0.00,89.38,0.54,50.00,0.10,-14.44,6,63,6,63,0.0%,4.0%,0.000,0.000,0.00,-4.90,0.00,0.00,0.00,0.00,0.0%,1200.00,-50.00,HI,-50.00,-50.00
2026-09-28 07:38:53.799,DEMO_MODE,F1,0,0,0.10,-14.44,0.54,50.00,0.0,4.0,0.00,0.00,0.00,89.38,0.54,50.00,0.10,-14.44,6,63,6,63,0.0%,4.0%,0.000,0.000,0.00,-4.90,0.00,0.00,0.00,0.00,0.0%,1200.00,-50.00,HI,-50.00,-50.00
2026-09-28 07:38:53.920,DEMO_MODE,F1,0,0,0.10,-14.44,0.54,50.00,0.0,4.0,0.00,0.00,0.00,89.38,0.54,50.00,0.10,-14.44,6,63,6,63,0.0%,4.0%,0.000,0.000,0.00,-4.90,0.00,0.00,0.00,0.00,0.0%,1200.00,-50.00,HI,-50.00,-50.00
2026-09-28 07:38:54.041,DEMO_MODE,F1,0,0,0.10,-14.44,0.54,50.00,0.0,4.0,0.00,0.00,0.00,89.38,0.54,50.00,0.10,-14.44,6,63,6,63,0.0%,4.0%,0.000,0.000,0.00,-4.90,0.00,0.00,0.00,0.00,0.0%,1200.00,-50.00,HI,-50.00,-50.00
2026-09-28 07:38:54.161,DEMO_MODE,F1,0,0,0.10,-14.44,0.54,50.00,0.0,4.0,0.00,0.00,0.00,89.38,0.54,50.00,0.10,-14.44,6,63,6,63,0.0%,4.0%,0.000,0.000,0.00,-4.90,0.00,0.00,0.00,0.00,0.0%,1200.00,-50.00,HI,-50.00,-50.00
2026-09-28 07:38:54.282,DEMO_MODE,F1,0,0,0.10,-14.44,0.54,50.00,0.0,4.0,0.00,0.00,0.00,89.38,0.54,50.00,0.10,-14.44,6,63,6,63,0.0%,4.0%,0.000,0.000,0.00,-4.90,0.00,0.00,0.00,0.00,0.0%,1200.00,-50.00,HI,-50.00,-50.00
2026-09-28 07:38:54.403,DEMO_MODE,F1,0,0,0.10,-14.44,0.54,50.00,0.0,4.0,0.00,0.00,0.00,89.38,0.54,50.00,0.10,-14.44,6,63,6,63,0.0%,4.0%,0.000,0.000,0.00,-4.90,0.00,0.00,0.00,0.00,0.0%,1200.00,-50.00,HI,-50.00,-50.00
2026-09-28 07:38:54.524,DEMO_MODE,F1,0,0,0.10,-14.44,0.54,50.00,0.0,4.0,0.00,0.00,0.00,89.38,0.54,50.00,0.10,-14.44,6,63,6,63,0.0%,4.0%,0.000,0.000,0.00,-4.90,0.00,0.00,0.00,0.00,0.0%,1200.00,-50.00,HI,-50.00,-50.00
2026-09-28 07:38:54.645,DEMO_MODE,F1,0,0,0.10,-14.44,0.54,50.00,0.0,4.0,0.00,0.00,0.00,89.38,0.54,50.00,0.10,-14.44,6,63,6,63,0.0%,4.0%,0.000,0.000,0.00,-4.90,0.00,0.00,0.00,0.00,0.0%,1200.00,-50.00,HI,-50.00,-50.00
2026-09-28 07:38:54.766,DEMO_MODE,F1,0,0,0.10,-14.44,0.54,50.00,0.0,4.0,0.00,0.00,0.00,89.38,0.54,50.00,0.10,-14.44,6,63,6,63,0.0%,4.0%,0.000,0.000,0.00,-4.90,0.00,0.00,0.00,0.00,0.0%,1200.00,-50.00,HI,-50.00,-50.00
2026-09-28 07:38:54.886,DEMO_MODE,F1,0,0,0.10,-14.44,0.54,50.00,0.0,4.0,0.00,0.00,0.00,89.38,0.54,50.00,0.10,-14.44,6,63,6,63,0.0%,4.0%,0.000,0.000,0.00,-4.90,0.00,0.00,0.00,0.00,0.0%,1200.00,-50.00,HI,-50.00,-50.00
2026-09-28 07:38:55.007,DEMO_MODE,F1,0,0,0.10,-14.44,0.54,50.00,0.0,4.0,0.00,0.00,0.00,89.38,0.54,50.00,0.10,-14.44,6,63,6,63,0.0%,4.0%,0.000,0.000,0.00,-4.90,0.00,0.00,0.00,0.00,0.0%,1200.00,-50.00,HI,-50.00,-50.00
2026-09-28 07:38:55.128,DEMO_MODE,F1,0,0,0.10,-14.44,0.54,50.00,0.0,4.0,0.00,0.00,0.00,89.38,0.54,50.00,0.10,-14.44,6,63,6,63,0.0%,4.0%,0.000,0.000,0.00,-4.90,0.00,0.00,0.00,0.00,0.0%,1200.00,-50.00,HI,-50.00,-50.00
2026-09-28 07:38:55.249,DEMO_MODE,F1,0,0,0.10,-14.44,0.54,50.00,0.0,4.0,0.00,0.00,0.00,89.38,0.54,50.00,0.10,-14.44,6,63,6,63,0.0%,4.0%,0.000,0.000,0.00,-4.90,0.00,0.00,0.00,0.00,0.0%,1200.00,-50.00,HI,-50.00,-50.00
2026-09-28 07:38:55.370,DEMO_MODE,F1,0,0,0.10,-14.44,0.54,50.00,0.0,4.0,0.00,0.00,0.00,89.38,0.54,50.00,0.10,-14.44,6,63,6,63,0.0%,4.0%,0.000,0.000,0.00,-4.90,0.00,0.00,0.00,0.00,0.0%,1200.00,-50.00,HI,-50.00,-50.00
2026-09-28 07:38:55.490,DEMO_MODE,F1,0,0,0.10,-14.44,0.54,50.00,0.0,4.0,0.00,0.00,0.00,89.38,0.54,50.00,0.10,-14.44,6,63,6,63,0.0%,4.0%,0.000,0.000,0.00,-4.90,0.00,0.00,0.00,0.00,0.0%,1200.00,-50.00,HI,-50.00,-50.00
2026-09-28 07:38:55.611,DEMO_MODE,F1,0,0,0.10,-14.44,0.54,50.00,0.0,4.0,0.00,0.00,0.00,89.38,0.54,50.00,0.10,-14.44,6,63,6,63,0.0%,4.0%,0.000,0.000,0.00,-4.90,0.00,0.00,0.00,0.00,0.0%,1200.00,-50.00,HI,-50.00,-50.00
2026-09-28 07:38:55.732,DEMO_MODE,F1,0,0,0.10,-14.44,0.54,50.00,0.0,4.0,0.00,0.00,0.00,89.38,0.54,50.00,0.10,-14.44,6,63,6,63,0.0%,4.0%,0.000,0.000,0.00,-4.90,0.00,0.00,0.00,0.00,0.0%,1200.00,-50.00,HI,-50.00,-50.00
2026-09-28 07:38:55.853,DEMO_MODE,F1,0,0,0.10,-14.44,0.54,50.00,0.0,4.0,0.00,0.00,0.00,89.38,0.54,50.00,0.10,-14.44,6,63,6,63,0.0%,4.0%,0.000,0.000,0.00,-4.90,0.00,0.00,0.00,0.00,0.0%,1200.00,-50.00,HI,-50.00,-50.00
2026-09-28 07:38:55.975,DEMO_MODE,F1,0,0,0.10,-14.44,0.54,50.00,0.0,4.0,0.00,0.00,0.00,89.38,0.54,50.00,0.10,-14.44,6,63,6,63,0.0%,4.0%,0.000,0.000,0.00,-4.90,0.00,0.00,0.00,0.00,0.0%,1200.00,-50.00,HI,-50.00,-50.00
2026-09-28 07:38:56.095,DEMO_MODE,F1,0,0,0.10,-14.44,0.54,50.00,0.0,4.0,0.00,0.00,0.00,89.38,0.54,50.00,0.10,-14.44,6,63,6,63,0.0%,4.0%,0.000,0.000,0.00,-4.90,0.00,0.00,0.00,0.00,0.0%,1200.00,-50.00,HI,-50.00,-50.00
2026-09-28 07:38:56.217,DEMO_MODE,F1,0,0,0.10,-14.44,0.54,50.00,0.0,4.0,0.00,0.00,0.00,89.38,0.54,50.00,0.10,-14.44,6,63,6,63,0.0%,4.0%,0.000,0.000,0.00,-4.90,0.00,0.00,0.00,0.00,0.0%,1200.00,-50.00,HI,-50.00,-50.00
2026-09-28 07:38:56.337,DEMO_MODE,F1,0,0,0.10,-14.44,0.54,50.00,0.0,4.0,0.00,0.00,0.00,89.38,0.54,50.00,0.10,-14.44,6,63,6,63,0.0%,4.0%,0.000,0.000,0.00,-4.90,0.00,0.00,0.00,0.00,0.0%,1200.00,-50.00,HI,-50.00,-50.00
2026-09-28 07:38:56.457,DEMO_MODE,F1,0,0,0.10,-14.44,0.54,50.00,0.0,4.0,0.00,0.00,0.00,89.38,0.54,50.00,0.10,-14.44,6,63,6,63,0.0%,4.0%,0.000,0.000,0.00,-4.90,0.00,0.00,0.00,0.00,0.0%,1200.00,-50.00,HI,-50.00,-50.00
2026-09-28 07:38:56.578,DEMO_MODE,F1,0,0,0.10,-14.44,0.54,50.00,0.0,4.0,0.00,0.00,0.00,89.38,0.54,50.00,0.10,-14.44,6,63,6,63,0.0%,4.0%,0.000,0.000,0.00,-4.90,0.00,0.00,0.00,0.00,0.0%,1200.00,-50.00,HI,-50.00,-50.00
2026-09-28 07:38:56.699,DEMO_MODE,F1,0,0,0.10,-14.44,0.54,50.00,0.0,4.0,0.00,0.00,0.00,89.38,0.54,50.00,0.10,-14.44,6,63,6,63,0.0%,4.0%,0.000,0.000,0.00,-4.90,0.00,0.00,0.00,0.00,0.0%,1200.00,-50.00,HI,-50.00,-50.00
2026-09-28 07:38:56.819,DEMO_MODE,F1,0,0,0.10,-14.44,0.54,50.00,0.0,4.0,0.00,0.00,0.00,89.38,0.54,50.00,0.10,-14.44,6,63,6,63,0.0%,4.0%,0.000,0.000,0.00,-4.90,0.00,0.00,0.00,0.00,0.0%,1200.00,-50.00,HI,-50.00,-50.00
2026-09-28 07:38:56.940,DEMO_MODE,F1,0,0,0.10,-14.44,0.54,50.00,0.0,4.0,0.00,0.00,0.00,89.38,0.54,50.00,0.10,-14.44,6,63,6,63,0.0%,4.0%,0.000,0.000,0.00,-4.90,0.00,0.00,0.00,0.00,0.0%,1200.00,-50.00,HI,-50.00,-50.00
2026-09-28 07:38:57.060,DEMO_MODE,F1,0,0,0.10,-14.44,0.54,50.00,0.0,4.0,0.00,0.00,0.00,89.38,0.54,50.00,0.10,-14.44,6,63,6,63,0.0%,4.0%,0.000,0.000,0.00,-4.90,0.00,0.00,0.00,0.00,0.0%,1200.00,-50.00,HI,-50.00,-50.00
2026-09-28 07:38:57.181,DEMO_MODE,F1,0,0,0.10,-14.44,0.54,50.00,0.0,4.0,0.00,0.00,0.00,89.38,0.54,50.00,0.10,-14.44,6,63,6,63,0.0%,4.0%,0.000,0.000,0.00,-4.90,0.00,0.00,0.00,0.00,0.0%,1200.00,-50.00,HI,-50.00,-50.00
2026-09-28 07:38:57.302,DEMO_MODE,F1,0,0,0.10,-14.44,0.54,50.00,0.0,4.0,0.00,0.00,0.00,89.38,0.54,50.00,0.10,-14.44,6,63,6,63,0.0%,4.0%,0.000,0.000,0.00,-4.90,0.00,0.00,0.00,0.00,0.0%,1200.00,-50.00,HI,-50.00,-50.00
2026-09-28 07:38:57.422,DEMO_MODE,F1,0,1,0.10,-14.44,0.54,50.00,0.0,4.0,0.00,0.00,0.00,89.38,0.54,50.00,0.10,-14.44,6,63,6,63,0.0%,4.0%,0.000,0.000,0.00,-4.90,0.00,0.00,0.00,0.00,0.0%,1200.00,-50.00,HI,-50.00,-50.00
2026-09-28 07:38:57.543,DEMO_MODE,F1,0,1,0.10,-14.44,0.54,50.00,0.0,4.0,0.00,0.00,0.00,89.38,0.54,50.00,0.10,-14.44,6,63,6,63,0.0%,4.0%,0.000,0.000,0.00,-4.90,0.00,0.00,0.00,0.00,0.0%,1200.00,-50.00,HI,-50.00,-50.00
2026-09-28 07:38:57.664,DEMO_MODE,F1,0,1,0.10,-14.44,0.54,50.00,0.0,4.0,0.00,0.00,0.00,89.38,0.54,50.00,0.10,-14.44,6,63,6,63,0.0%,4.0%,0.000,0.000,0.00,-4.90,0.00,0.00,0.00,0.00,0.0%,1200.00,-50.00,HI,-50.00,-50.00
2026-09-28 07:38:57.784,DEMO_MODE,F1,0,1,0.10,-14.44,0.54,50.00,0.0,4.0,0.00,0.00,0.00,89.38,0.54,50.00,0.10,-14.44,6,63,6,63,0.0%,4.0%,0.000,0.000,0.00,-4.90,0.00,0.00,0.00,0.00,0.0%,1200.00,-50.00,HI,-50.00,-50.00
2026-09-28 07:38:57.905,DEMO_MODE,F1,0,1,0.10,-14.44,0.54,50.00,0.0,4.0,0.00,0.00,0.00,89.38,0.54,50.00,0.10,-14.44,6,63,6,63,0.0%,4.0%,0.000,0.000,0.00,-4.90,0.00,0.00,0.00,0.00,0.0%,1200.00,-50.00,HI,-50.00,-50.00
2026-09-28 07:38:58.025,DEMO_MODE,F1,0,1,0.10,-14.44,0.54,50.00,0.0,4.0,0.00,0.00,0.00,89.38,0.54,50.00,0.10,-14.44,6,63,6,63,0.0%,4.0%,0.000,0.000,0.00,-4.90,0.00,0.00,0.00,0.00,0.0%,1200.00,-50.00,HI,-50.00,-50.00
2026-09-28 07:38:58.146,DEMO_MODE,F1,0,1,0.10,-14.44,0.54,50.00,0.0,4.0,0.00,0.00,0.00,89.38,0.54,50.00,0.10,-14.44,6,63,6,63,0.0%,4.0%,0.000,0.000,0.00,-4.90,0.00,0.00,0.00,0.00,0.0%,1200.00,-50.00,HI,-50.00,-50.00
2026-09-28 07:38:58.267,DEMO_MODE,F1,0,1,0.10,-14.44,0.54,50.00,0.0,4.0,0.00,0.00,0.00,89.38,0.54,50.00,0.10,-14.44,6,63,6,63,0.0%,4.0%,0.000,0.000,0.00,-4.90,0.00,0.00,0.00,0.00,0.0%,1200.00,-50.00,HI,-50.00,-50.00
2026-09-28 07:38:58.387,DEMO_MODE,F1,0,1,0.10,-14.44,0.54,50.00,0.0,4.0,0.00,0.00,0.00,89.38,0.54,50.00,0.10,-14.44,6,63,6,63,0.0%,4.0%,0.000,0.000,0.00,-4.90,0.00,0.00,0.00,0.00,0.0%,1200.00,-50.00,HI,-50.00,-50.00
2026-09-28 07:38:58.508,DEMO_MODE,F1,100,1,0.10,-14.44,0.54,50.00,10.0,8.0,0.00,0.00,0.00,89.38,0.54,50.00,0.10,-14.44,6,63,6,63,10.0%,8.0%,50.000,0.000,0.00,-4.90,0.00,1.98,0.00,99.00,0.0%,1200.00,-40.00,HI,-50.00,-50.00
2026-09-28 07:38:58.629,DEMO_MODE,F1,100,1,0.10,-14.44,0.54,50.00,10.0,8.0,0.00,0.00,0.00,89.38,0.54,50.00,0.10,-14.44,6,63,6,63,10.0%,8.0%,50.000,0.000,0.00,-4.90,0.00,1.98,0.00,99.00,0.0%,1200.00,-40.00,HI,-50.00,-50.00
2026-09-28 07:38:58.749,DEMO_MODE,F1,100,1,0.10,-14.44,0.54,50.00,10.0,8.0,0.00,0.00,0.00,89.38,0.54,50.00,0.10,-14.44,6,63,6,63,10.0%,8.0%,50.000,0.000,0.00,-4.90,0.00,1.98,0.00,99.00,0.0%,1200.00,-40.00,HI,-50.00,-50.00
2026-09-28 07:38:58.871,DEMO_MODE,F1,100,1,0.10,-14.44,0.54,50.00,10.0,8.0,0.00,0.00,0.00,89.38,0.54,50.00,0.10,-14.44,6,63,6,63,10.0%,8.0%,50.000,0.000,0.00,-4.90,0.00,1.98,0.00,99.00,0.0%,1200.00,-40.00,HI,-50.00,-50.00
2026-09-28 07:38:58.991,DEMO_MODE,F1,100,1,0.10,-14.44,0.54,50.00,10.0,8.0,0.00,0.00,0.00,89.38,0.54,50.00,0.10,-14.44,6,63,6,63,10.0%,8.0%,50.000,0.000,0.00,-4.90,0.00,1.98,0.00,99.00,0.0%,1200.00,-40.00,HI,-50.00,-50.00
2026-09-28 07:38:59.113,DEMO_MODE,F1,100,1,0.10,-14.44,0.54,50.00,10.0,8.0,0.00,0.00,0.00,89.38,0.54,50.00,0.10,-14.44,6,63,6,63,10.0%,8.0%,50.000,0.000,0.00,-4.90,0.00,1.98,0.00,99.00,0.0%,1200.00,-40.00,HI,-50.00,-50.00
2026-09-28 07:38:59.238,DEMO_MODE,F1,100,1,0.10,-14.44,0.54,50.00,10.0,8.0,0.00,0.00,0.00,89.38,0.54,50.00,0.10,-14.44,6,63,6,63,10.0%,8.0%,50.000,0.000,0.00,-4.90,0.00,1.98,0.00,99.00,0.0%,1200.00,-40.00,HI,-50.00,-50.00
2026-09-28 07:38:59.358,DEMO_MODE,F1,100,1,0.10,-14.44,0.54,50.00,10.0,8.0,0.00,0.00,0.00,89.38,0.54,50.00,0.10,-14.44,6,63,6,63,10.0%,8.0%,50.000,0.000,0.00,-4.90,0.00,1.98,0.00,99.00,0.0%,1200.00,-40.00,HI,-50.00,-50.00
2026-09-28 07:38:59.479,DEMO_MODE,F1,100,1,0.10,-14.44,0.54,50.00,10.0,8.0,0.00,0.00,0.00,89.38,0.54,50.00,0.10,-14.44,6,63,6,63,10.0%,8.0%,50.000,0.000,0.00,-4.90,0.00,1.98,0.00,99.00,0.0%,1200.00,-40.00,HI,-50.00,-50.00
2026-09-28 07:38:59.600,DEMO_MODE,F1,100,1,0.10,-14.44,0.54,50.00,10.0,8.0,0.00,0.00,0.00,89.38,0.54,50.00,0.10,-14.44,6,63,6,63,10.0%,8.0%,50.000,0.000,0.00,-4.90,0.00,1.98,0.00,99.00,0.0%,1200.00,-40.00,HI,-50.00,-50.00
2026-09-28 07:38:59.720,DEMO_MODE,F1,100,1,0.10,-14.44,0.54,50.00,10.0,8.0,0.00,0.00,0.00,89.38,0.54,50.00,0.10,-14.44,6,63,6,63,10.0%,8.0%,50.000,0.000,0.00,-4.90,0.00,1.98,0.00,99.00,0.0%,1200.00,-40.00,HI,-50.00,-50.00
2026-09-28 07:38:59.842,DEMO_MODE,F1,100,1,0.10,-14.44,0.54,50.00,10.0,8.0,0.00,0.00,0.00,89.38,0.54,50.00,0.10,-14.44,6,63,6,63,10.0%,8.0%,50.000,0.000,0.00,-4.90,0.00,1.98,0.00,99.00,0.0%,1200.00,-40.00,HI,-50.00,-50.00
2026-09-28 07:38:59.962,DEMO_MODE,F1,100,1,0.10,-14.44,0.54,50.00,10.0,8.0,0.00,0.00,0.00,89.38,0.54,50.00,0.10,-14.44,6,63,6,63,10.0%,8.0%,50.000,0.000,0.00,-4.90,0.00,1.98,0.00,99.00,0.0%,1200.00,-40.00,HI,-50.00,-50.00
2026-09-28 07:39:00.083,DEMO_MODE,F1,100,1,0.10,-14.44,0.54,50.00,10.0,8.0,0.00,0.00,0.00,89.38,0.54,50.00,0.10,-14.44,6,63,6,63,10.0%,8.0%,50.000,0.000,0.00,-4.90,0.00,1.98,0.00,99.00,0.0%,1200.00,-40.00,HI,-50.00,-50.00
2026-09-28 07:39:00.204,DEMO_MODE,F1,100,1,0.10,-14.44,0.54,50.00,10.0,8.0,0.00,0.00,0.00,89.38,0.54,50.00,0.10,-14.44,6,63,6,63,10.0%,8.0%,50.000,0.000,0.00,-4.90,0.00,1.98,0.00,99.00,0.0%,1200.00,-40.00,HI,-50.00,-50.00
2026-09-28 07:39:00.324,DEMO_MODE,F1,100,1,0.10,-14.44,0.54,50.00,10.0,8.0,0.00,0.00,0.00,89.38,0.54,50.00,0.10,-14.44,6,63,6,63,10.0%,8.0%,50.000,0.000,0.00,-4.90,0.00,1.98,0.00,99.00,0.0%,1200.00,-40.00,HI,-50.00,-50.00
2026-09-28 07:39:00.445,DEMO_MODE,F1,100,1,0.10,-14.44,0.54,50.00,10.0,8.0,0.00,0.00,0.00,89.38,0.54,50.00,0.10,-14.44,6,63,6,63,10.0%,8.0%,50.000,0.000,0.00,-4.90,0.00,1.98,0.00,99.00,0.0%,1200.00,-40.00,HI,-50.00,-50.00
2026-09-28 07:39:00.566,DEMO_MODE,F1,100,1,0.10,-14.44,0.54,50.00,10.0,8.0,0.00,0.00,0.00,89.38,0.54,50.00,0.10,-14.44,6,63,6,63,10.0%,8.0%,50.000,0.000,0.00,-4.90,0.00,1.98,0.00,99.00,0.0%,1200.00,-40.00,HI,-50.00,-50.00
2026-09-28 07:39:00.687,DEMO_MODE,F1,100,1,0.10,-14.44,0.54,50.00,10.0,8.0,0.00,0.00,0.00,89.38,0.54,50.00,0.10,-14.44,6,63,6,63,10.0%,8.0%,50.000,0.000,0.00,-4.90,0.00,1.98,0.00,99.00,0.0%,1200.00,-40.00,HI,-50.00,-50.00
2026-09-28 07:39:00.807,DEMO_MODE,F1,100,1,0.10,-14.44,0.54,50.00,10.0,8.0,0.00,0.00,0.00,89.38,0.54,50.00,0.10,-14.44,6,63,6,63,10.0%,8.0%,50.000,0.000,0.00,-4.90,0.00,1.98,0.00,99.00,0.0%,1200.00,-40.00,HI,-50.00,-50.00
2026-09-28 07:39:00.928,DEMO_MODE,F1,100,1,0.10,-14.44,0.54,50.00,10.0,8.0,0.00,0.00,0.00,89.38,0.54,50.00,0.10,-14.44,6,63,6,63,10.0%,8.0%,50.000,0.000,0.00,-4.90,0.00,1.98,0.00,99.00,0.0%,1200.00,-40.00,HI,-50.00,-50.00
2026-09-28 07:39:01.048,DEMO_MODE,F1,100,1,0.10,-14.44,0.54,50.00,10.0,8.0,0.00,0.00,0.00,89.38,0.54,50.00,0.10,-14.44,6,63,6,63,10.0%,8.0%,50.000,0.000,0.00,-4.90,0.00,1.98,0.00,99.00,0.0%,1200.00,-40.00,HI,-50.00,-50.00
2026-09-28 07:39:01.169,DEMO_MODE,F1,100,1,0.10,-14.44,0.54,50.00,10.0,8.0,0.00,0.00,0.00,89.38,0.54,50.00,0.10,-14.44,6,63,6,63,10.0%,8.0%,50.000,0.000,0.00,-4.90,0.00,1.98,0.00,99.00,0.0%,1200.00,-40.00,HI,-50.00,-50.00
2026-09-28 07:39:01.290,DEMO_MODE,F1,100,1,0.10,-14.44,0.54,50.00,10.0,8.0,0.00,0.00,0.00,89.38,0.54,50.00,0.10,-14.44,6,63,6,63,10.0%,8.0%,50.000,0.000,0.00,-4.90,0.00,1.98,0.00,99.00,0.0%,1200.00,-40.00,HI,-50.00,-50.00
2026-09-28 07:39:01.411,DEMO_MODE,F1,100,1,0.10,-14.44,0.54,50.00,10.0,8.0,0.00,0.00,0.00,89.38,0.54,50.00,0.10,-14.44,6,63,6,63,10.0%,8.0%,50.000,0.000,0.00,-4.90,0.00,1.98,0.00,99.00,0.0%,1200.00,-40.00,HI,-50.00,-50.00
2026-09-28 07:39:01.532,DEMO_MODE,F1,100,1,0.10,-14.44,0.54,50.00,10.0,8.0,0.00,0.00,0.00,89.38,0.54,50.00,0.10,-14.44,6,63,6,63,10.0%,8.0%,50.000,0.000,0.00,-4.90,0.00,1.98,0.00,99.00,0.0%,1200.00,-40.00,HI,-50.00,-50.00
2026-09-28 07:39:01.652,DEMO_MODE,F1,100,1,0.10,-14.44,0.54,50.00,10.0,8.0,0.00,0.00,0.00,89.38,0.54,50.00,0.10,-14.44,6,63,6,63,10.0%,8.0%,50.000,0.000,0.00,-4.90,0.00,1.98,0.00,99.00,0.0%,1200.00,-40.00,HI,-50.00,-50.00
2026-09-28 07:39:01.773,DEMO_MODE,F1,100,1,0.10,-14.44,0.54,50.00,10.0,8.0,0.00,0.00,0.00,89.38,0.54,50.00,0.10,-14.44,6,63,6,63,10.0%,8.0%,50.000,0.000,0.00,-4.90,0.00,1.98,0.00,99.00,0.0%,1200.00,-40.00,HI,-50.00,-50.00
2026-09-28 07:39:01.893,DEMO_MODE,F1,100,1,0.10,-14.44,0.54,50.00,10.0,8.0,0.00,0.00,0.00,89.38,0.54,50.00,0.10,-14.44,6,63,6,63,10.0%,8.0%,50.000,0.000,0.00,-4.90,0.00,1.98,0.00,99.00,0.0%,1200.00,-40.00,HI,-50.00,-50.00
2026-09-28 07:39:02.014,DEMO_MODE,F1,100,1,0.10,-14.44,0.54,50.00,10.0,8.0,0.00,0.00,0.00,89.38,0.54,50.00,0.10,-14.44,6,63,6,63,10.0%,8.0%,50.000,0.000,0.00,-4.90,0.00,1.98,0.00,99.00,0.0%,1200.00,-40.00,HI,-50.00,-50.00
2026-09-28 07:39:02.135,DEMO_MODE,F1,100,1,0.10,-14.44,0.54,50.00,10.0,8.0,0.00,0.00,0.00,89.38,0.54,50.00,0.10,-14.44,6,63,6,63,10.0%,8.0%,50.000,0.000,0.00,-4.90,0.00,1.98,0.00,99.00,0.0%,1200.00,-40.00,HI,-50.00,-50.00
2026-09-28 07:39:02.255,DEMO_MODE,F1,100,1,0.10,-14.44,0.54,50.00,10.0,8.0,0.00,0.00,0.00,89.38,0.54,50.00,0.10,-14.44,6,63,6,63,10.0%,8.0%,50.000,0.000,0.00,-4.90,0.00,1.98,0.00,99.00,0.0%,1200.00,-40.00,HI,-50.00,-50.00
2026-09-28 07:39:02.375,DEMO_MODE,F1,100,1,0.10,-14.44,0.54,50.00,10.0,8.0,0.00,0.00,0.00,89.38,0.54,50.00,0.10,-14.44,6,63,6,63,10.0%,8.0%,50.000,0.000,0.00,-4.90,0.00,1.98,0.00,99.00,0.0%,1200.00,-40.00,HI,-50.00,-50.00
2026-09-28 07:39:02.496,DEMO_MODE,F1,100,1,0.10,-14.44,0.54,50.00,10.0,8.0,0.00,0.00,0.00,89.38,0.54,50.00,0.10,-14.44,6,63,6,63,10.0%,8.0%,50.000,0.000,0.00,-4.90,0.00,1.98,0.00,99.00,0.0%,1200.00,-40.00,HI,-50.00,-50.00
2026-09-28 07:39:02.616,DEMO_MODE,F1,100,1,0.10,-14.44,0.54,50.00,10.0,8.0,0.00,0.00,0.00,89.38,0.54,50.00,0.10,-14.44,6,63,6,63,10.0%,8.0%,50.000,0.000,0.00,-4.90,0.00,1.98,0.00,99.00,0.0%,1200.00,-40.00,HI,-50.00,-50.00
2026-09-28 07:39:02.737,DEMO_MODE,F1,100,1,0.10,-14.44,0.54,50.00,10.0,8.0,0.00,0.00,0.00,89.38,0.54,50.00,0.10,-14.44,6,63,6,63,10.0%,8.0%,50.000,0.000,0.00,-4.90,0.00,1.98,0.00,99.00,0.0%,1200.00,-40.00,HI,-50.00,-50.00
2026-09-28 07:39:02.860,DEMO_MODE,F1,100,1,0.10,-14.44,0.54,50.00,10.0,8.0,0.00,0.00,0.00,89.38,0.54,50.00,0.10,-14.44,6,63,6,63,10.0%,8.0%,50.000,0.000,0.00,-4.90,0.00,1.98,0.00,99.00,0.0%,1200.00,-40.00,HI,-50.00,-50.00
2026-09-28 07:39:02.981,DEMO_MODE,F1,100,1,0.10,-14.44,0.54,50.00,10.0,8.0,0.00,0.00,0.00,89.38,0.54,50.00,0.10,-14.44,6,63,6,63,10.0%,8.0%,50.000,0.000,0.00,-4.90,0.00,1.98,0.00,99.00,0.0%,1200.00,-40.00,HI,-50.00,-50.00
2026-09-28 07:39:03.102,DEMO_MODE,F1,100,1,0.10,-14.44,0.54,50.00,10.0,8.0,0.00,0.00,0.00,89.38,0.54,50.00,0.10,-14.44,6,63,6,63,10.0%,8.0%,50.000,0.000,0.00,-4.90,0.00,1.98,0.00,99.00,0.0%,1200.00,-40.00,HI,-50.00,-50.00
2026-09-28 07:39:03.223,DEMO_MODE,F1,100,1,0.10,-14.44,0.54,50.00,10.0,8.0,0.00,0.00,0.00,89.38,0.54,50.00,0.10,-14.44,6,63,6,63,10.0%,8.0%,50.000,0.000,0.00,-4.90,0.00,1.98,0.00,99.00,0.0%,1200.00,-40.00,HI,-50.00,-50.00
2026-09-28 07:39:03.344,DEMO_MODE,F1,100,1,0.10,-14.44,0.54,50.00,10.0,8.0,0.00,0.00,0.00,89.38,0.54,50.00,0.10,-14.44,6,63,6,63,10.0%,8.0%,50.000,0.000,0.00,-4.90,0.00,1.98,0.00,99.00,0.0%,1200.00,-40.00,HI,-50.00,-50.00
2026-09-28 07:39:03.464,DEMO_MODE,F1,100,1,0.10,-14.44,0.54,50.00,10.0,12.0,0.00,0.00,0.00,89.38,0.54,50.00,0.10,-14.44,6,63,6,63,10.0%,12.0%,50.000,0.000,0.00,-4.90,0.00,1.98,0.00,99.00,0.0%,1200.00,-40.00,HI,-50.00,-50.00
2026-09-28 07:39:03.585,DEMO_MODE,F1,100,1,0.10,-14.44,0.54,50.00,10.0,12.0,0.00,0.00,0.00,89.38,0.54,50.00,0.10,-14.44,6,63,6,63,10.0%,12.0%,50.000,0.000,0.00,-4.90,0.00,1.98,0.00,99.00,0.0%,1200.00,-40.00,HI,-50.00,-50.00
2026-09-28 07:39:03.705,DEMO_MODE,F1,100,1,0.10,-14.44,0.54,50.00,10.0,12.0,0.00,0.00,0.00,89.38,0.54,50.00,0.10,-14.44,6,63,6,63,10.0%,12.0%,50.000,0.000,0.00,-4.90,0.00,1.98,0.00,99.00,0.0%,1200.00,-40.00,HI,-50.00,-50.00
2026-09-28 07:39:03.826,DEMO_MODE,F1,100,1,0.10,-14.44,0.54,50.00,10.0,12.0,0.00,0.00,0.00,89.38,0.54,50.00,0.10,-14.44,6,63,6,63,10.0%,12.0%,50.000,0.000,0.00,-4.90,0.00,1.98,0.00,99.00,0.0%,1200.00,-40.00,HI,-50.00,-50.00
2026-09-28 07:39:03.947,DEMO_MODE,F1,100,1,0.10,-14.44,0.54,50.00,10.0,12.0,0.00,0.00,0.00,89.38,0.54,50.00,0.10,-14.44,6,63,6,63,10.0%,12.0%,50.000,0.000,0.00,-4.90,0.00,1.98,0.00,99.00,0.0%,1200.00,-40.00,HI,-50.00,-50.00
2026-09-28 07:39:04.067,DEMO_MODE,F1,100,1,0.10,-14.44,0.54,50.00,10.0,12.0,0.00,0.00,0.00,89.38,0.54,50.00,0.10,-14.44,6,63,6,63,10.0%,12.0%,50.000,0.000,0.00,-4.90,0.00,1.98,0.00,99.00,0.0%,1200.00,-40.00,HI,-50.00,-50.00
2026-09-28 07:39:04.187,DEMO_MODE,F1,100,1,0.10,-14.44,0.54,50.00,10.0,12.0,0.00,0.00,0.00,89.38,0.54,50.00,0.10,-14.44,6,63,6,63,10.0%,12.0%,50.000,0.000,0.00,-4.90,0.00,1.98,0.00,99.00,0.0%,1200.00,-40.00,HI,-50.00,-50.00
2026-09-28 07:39:04.308,DEMO_MODE,F1,100,1,0.10,-14.44,0.54,50.00,10.0,12.0,0.00,0.00,0.00,89.38,0.54,50.00,0.10,-14.44,6,63,6,63,10.0%,12.0%,50.000,0.000,0.00,-4.90,0.00,1.98,0.00,99.00,0.0%,1200.00,-40.00,HI,-50.00,-50.00
2026-09-28 07:39:04.429,DEMO_MODE,F1,100,1,0.10,-14.44,0.54,50.00,10.0,12.0,0.00,0.00,0.00,89.38,0.54,50.00,0.10,-14.44,6,63,6,63,10.0%,12.0%,50.000,0.000,0.00,-4.90,0.00,1.98,0.00,99.00,0.0%,1200.00,-40.00,HI,-50.00,-50.00
2026-09-28 07:39:04.550,DEMO_MODE,F1,100,1,0.10,-14.44,0.54,50.00,10.0,12.0,0.00,0.00,0.00,89.38,0.54,50.00,0.10,-14.44,6,63,6,63,10.0%,12.0%,50.000,0.000,0.00,-4.90,0.00,1.98,0.00,99.00,0.0%,1200.00,-40.00,HI,-50.00,-50.00
2026-09-28 07:39:04.671,DEMO_MODE,F1,100,1,0.10,-14.44,0.54,50.00,10.0,12.0,0.00,0.00,0.00,89.38,0.54,50.00,0.10,-14.44,6,63,6,63,10.0%,12.0%,50.000,0.000,0.00,-4.90,0.00,1.98,0.00,99.00,0.0%,1200.00,-40.00,HI,-50.00,-50.00
2026-09-28 07:39:04.791,DEMO_MODE,F1,100,1,0.10,-14.44,0.54,50.00,10.0,12.0,0.00,0.00,0.00,89.38,0.54,50.00,0.10,-14.44,6,63,6,63,10.0%,12.0%,50.000,0.000,0.00,-4.90,0.00,1.98,0.00,99.00,0.0%,1200.00,-40.00,HI,-50.00,-50.00
2026-09-28 07:39:04.911,DEMO_MODE,F1,100,1,0.10,-14.44,0.54,50.00,10.0,12.0,0.00,0.00,0.00,89.38,0.54,50.00,0.10,-14.44,6,63,6,63,10.0%,12.0%,50.000,0.000,0.00,-4.90,0.00,1.98,0.00,99.00,0.0%,1200.00,-40.00,HI,-50.00,-50.00
2026-09-28 07:39:05.032,DEMO_MODE,F1,100,1,0.10,-14.44,0.54,50.00,10.0,12.0,0.00,0.00,0.00,89.38,0.54,50.00,0.10,-14.44,6,63,6,63,10.0%,12.0%,50.000,0.000,0.00,-4.90,0.00,1.98,0.00,99.00,0.0%,1200.00,-40.00,HI,-50.00,-50.00
2026-09-28 07:39:05.153,DEMO_MODE,F1,100,1,0.10,-14.44,0.54,50.00,10.0,12.0,0.00,0.00,0.00,89.38,0.54,50.00,0.10,-14.44,6,63,6,63,10.0%,12.0%,50.000,0.000,0.00,-4.90,0.00,1.98,0.00,99.00,0.0%,1200.00,-40.00,HI,-50.00,-50.00
2026-09-28 07:39:05.274,DEMO_MODE,F1,100,1,0.10,-14.44,0.54,50.00,10.0,12.0,0.00,0.00,0.00,89.38,0.54,50.00,0.10,-14.44,6,63,6,63,10.0%,12.0%,50.000,0.000,0.00,-4.90,0.00,1.98,0.00,99.00,0.0%,1200.00,-40.00,HI,-50.00,-50.00
2026-09-28 07:39:05.394,DEMO_MODE,F1,100,1,0.10,-14.44,0.54,50.00,10.0,12.0,0.00,0.00,0.00,89.38,0.54,50.00,0.10,-14.44,6,63,6,63,10.0%,12.0%,50.000,0.000,0.00,-4.90,0.00,1.98,0.00,99.00,0.0%,1200.00,-40.00,HI,-50.00,-50.00
2026-09-28 07:39:05.515,DEMO_MODE,F1,100,1,0.10,-14.44,0.54,50.00,10.0,12.0,0.00,0.00,0.00,89.38,0.54,50.00,0.10,-14.44,6,63,6,63,10.0%,12.0%,50.000,0.000,0.00,-4.90,0.00,1.98,0.00,99.00,0.0%,1200.00,-40.00,HI,-50.00,-50.00
2026-09-28 07:39:05.636,DEMO_MODE,F1,100,1,0.10,-14.44,0.54,50.00,10.0,12.0,0.00,0.00,0.00,89.38,0.54,50.00,0.10,-14.44,6,63,6,63,10.0%,12.0%,50.000,0.000,0.00,-4.90,0.00,1.98,0.00,99.00,0.0%,1200.00,-40.00,HI,-50.00,-50.00
2026-09-28 07:39:05.757,DEMO_MODE,F1,100,1,0.10,-14.44,0.54,50.00,10.0,12.0,0.00,0.00,0.00,89.38,0.54,50.00,0.10,-14.44,6,63,6,63,10.0%,12.0%,50.000,0.000,0.00,-4.90,0.00,1.98,0.00,99.00,0.0%,1200.00,-40.00,HI,-50.00,-50.00
2026-09-28 07:39:05.877,DEMO_MODE,F1,100,1,0.10,-14.44,0.54,50.00,10.0,12.0,0.00,0.00,0.00,89.38,0.54,50.00,0.10,-14.44,6,63,6,63,10.0%,12.0%,50.000,0.000,0.00,-4.90,0.00,1.98,0.00,99.00,0.0%,1200.00,-40.00,HI,-50.00,-50.00
2026-09-28 07:39:05.998,DEMO_MODE,F1,100,1,0.10,-14.44,0.54,50.00,10.0,12.0,0.00,0.00,0.00,89.38,0.54,50.00,0.10,-14.44,6,63,6,63,10.0%,12.0%,50.000,0.000,0.00,-4.90,0.00,1.98,0.00,99.00,0.0%,1200.00,-40.00,HI,-50.00,-50.00
2026-09-28 07:39:06.118,DEMO_MODE,F1,100,1,0.10,-14.44,0.54,50.00,10.0,12.0,0.00,0.00,0.00,89.38,0.54,50.00,0.10,-14.44,6,63,6,63,10.0%,12.0%,50.000,0.000,0.00,-4.90,0.00,1.98,0.00,99.00,0.0%,1200.00,-40.00,HI,-50.00,-50.00
2026-09-28 07:39:06.239,DEMO_MODE,F1,100,1,0.10,-14.44,0.54,50.00,10.0,12.0,0.00,0.00,0.00,89.38,0.54,50.00,0.10,-14.44,6,63,6,63,10.0%,12.0%,50.000,0.000,0.00,-4.90,0.00,1.98,0.00,99.00,0.0%,1200.00,-40.00,HI,-50.00,-50.00
2026-09-28 07:39:06.360,DEMO_MODE,F1,100,1,0.10,-14.44,0.54,50.00,10.0,12.0,0.00,0.00,0.00,89.38,0.54,50.00,0.10,-14.44,6,63,6,63,10.0%,12.0%,50.000,0.000,0.00,-4.90,0.00,1.98,0.00,99.00,0.0%,1200.00,-40.00,HI,-50.00,-50.00
2026-09-28 07:39:06.484,DEMO_MODE,F1,100,2,0.10,-14.44,0.54,50.00,10.0,12.0,0.00,0.00,0.00,89.38,0.54,50.00,0.10,-14.44,6,63,6,63,10.0%,12.0%,50.000,0.000,0.00,-4.90,0.00,1.96,0.00,98.00,0.0%,1200.00,-40.00,HI,-50.00,-50.00
2026-09-28 07:39:06.605,DEMO_MODE,F1,100,2,0.10,-14.44,0.54,50.00,10.0,12.0,0.00,0.00,0.00,89.38,0.54,50.00,0.10,-14.44,6,63,6,63,10.0%,12.0%,50.000,0.000,0.00,-4.90,0.00,1.96,0.00,98.00,0.0%,1200.00,-40.00,HI,-50.00,-50.00
2026-09-28 07:39:06.726,DEMO_MODE,F1,100,2,0.10,-14.44,0.54,50.00,10.0,12.0,0.00,0.00,0.00,89.38,0.54,50.00,0.10,-14.44,6,63,6,63,10.0%,12.0%,50.000,0.000,0.00,-4.90,0.00,1.96,0.00,98.00,0.0%,1200.00,-40.00,HI,-50.00,-50.00
2026-09-28 07:39:06.847,DEMO_MODE,F1,100,2,0.10,-14.44,0.54,50.00,10.0,12.0,0.00,0.00,0.00,89.38,0.54,50.00,0.10,-14.44,6,63,6,63,10.0%,12.0%,50.000,0.000,0.00,-4.90,0.00,1.96,0.00,98.00,0.0%,1200.00,-40.00,HI,-50.00,-50.00
2026-09-28 07:39:06.967,DEMO_MODE,F1,100,2,0.10,-14.44,0.54,50.00,10.0,12.0,0.00,0.00,0.00,89.38,0.54,50.00,0.10,-14.44,6,63,6,63,10.0%,12.0%,50.000,0.000,0.00,-4.90,0.00,1.96,0.00,98.00,0.0%,1200.00,-40.00,HI,-50.00,-50.00
2026-09-28 07:39:07.088,DEMO_MODE,F1,100,2,0.10,-14.44,0.54,50.00,10.0,12.0,0.00,0.00,0.00,89.38,0.54,50.00,0.10,-14.44,6,63,6,63,10.0%,12.0%,50.000,0.000,0.00,-4.90,0.00,1.96,0.00,98.00,0.0%,1200.00,-40.00,HI,-50.00,-50.00
2026-09-28 07:39:07.209,DEMO_MODE,F1,100,2,0.10,-14.44,0.54,50.00,10.0,12.0,0.00,0.00,0.00,89.38,0.54,50.00,0.10,-14.44,6,63,6,63,10.0%,12.0%,50.000,0.000,0.00,-4.90,0.00,1.96,0.00,98.00,0.0%,1200.00,-40.00,HI,-50.00,-50.00
2026-09-28 07:39:07.329,DEMO_MODE,F1,100,2,0.10,-14.44,0.54,50.00,10.0,12.0,0.00,0.00,0.00,89.38,0.54,50.00,0.10,-14.44,6,63,6,63,10.0%,12.0%,50.000,0.000,0.00,-4.90,0.00,1.96,0.00,98.00,0.0%,1200.00,-40.00,HI,-50.00,-50.00
2026-09-28 07:39:07.450,DEMO_MODE,F1,100,2,0.10,-14.44,0.54,50.00,10.0,12.0,0.00,0.00,0.00,89.38,0.54,50.00,0.10,-14.44,6,63,6,63,10.0%,12.0%,50.000,0.000,0.00,-4.90,0.00,1.96,0.00,98.00,0.0%,1200.00,-40.00,HI,-50.00,-50.00
2026-09-28 07:39:07.570,DEMO_MODE,F1,100,2,0.10,-14.44,0.54,50.00,10.0,12.0,0.00,0.00,0.00,89.38,0.54,50.00,0.10,-14.44,6,63,6,63,10.0%,12.0%,50.000,0.000,0.00,-4.90,0.00,1.96,0.00,98.00,0.0%,1200.00,-40.00,HI,-50.00,-50.00
2026-09-28 07:39:07.690,DEMO_MODE,F1,100,2,0.10,-14.44,0.54,50.00,10.0,12.0,0.00,0.00,0.00,89.38,0.54,50.00,0.10,-14.44,6,63,6,63,10.0%,12.0%,50.000,0.000,0.00,-4.90,0.00,1.96,0.00,98.00,0.0%,1200.00,-40.00,HI,-50.00,-50.00
2026-09-28 07:39:07.811,DEMO_MODE,F1,100,2,0.10,-14.44,0.54,50.00,10.0,12.0,0.00,0.00,0.00,89.38,0.54,50.00,0.10,-14.44,6,63,6,63,10.0%,12.0%,50.000,0.000,0.00,-4.90,0.00,1.96,0.00,98.00,0.0%,1200.00,-40.00,HI,-50.00,-50.00
2026-09-28 07:39:07.931,DEMO_MODE,F1,100,2,0.10,-14.44,0.54,50.00,10.0,12.0,0.00,0.00,0.00,89.38,0.54,50.00,0.10,-14.44,6,63,6,63,10.0%,12.0%,50.000,0.000,0.00,-4.90,0.00,1.96,0.00,98.00,0.0%,1200.00,-40.00,HI,-50.00,-50.00
2026-09-28 07:39:08.052,DEMO_MODE,F1,100,2,0.10,-14.44,0.54,50.00,10.0,12.0,0.00,0.00,0.00,89.38,0.54,50.00,0.10,-14.44,6,63,6,63,10.0%,12.0%,50.000,0.000,0.00,-4.90,0.00,1.96,0.00,98.00,0.0%,1200.00,-40.00,HI,-50.00,-50.00
2026-09-28 07:39:08.173,DEMO_MODE,F1,100,2,0.10,-14.44,0.54,50.00,10.0,12.0,0.00,0.00,0.00,89.38,0.54,50.00,0.10,-14.44,6,63,6,63,10.0%,12.0%,50.000,0.000,0.00,-4.90,0.00,1.96,0.00,98.00,0.0%,1200.00,-40.00,HI,-50.00,-50.00
2026-09-28 07:39:08.293,DEMO_MODE,F1,100,2,0.10,-14.44,0.54,50.00,10.0,12.0,0.00,0.00,0.00,89.38,0.54,50.00,0.10,-14.44,6,63,6,63,10.0%,12.0%,50.000,0.000,0.00,-4.90,0.00,1.96,0.00,98.00,0.0%,1200.00,-40.00,HI,-50.00,-50.00
2026-09-28 07:39:08.414,DEMO_MODE,F1,100,2,0.10,-14.44,0.54,50.00,10.0,12.0,0.00,0.00,0.00,89.38,0.54,50.00,0.10,-14.44,6,63,6,63,10.0%,12.0%,50.000,0.000,0.00,-4.90,0.00,1.96,0.00,98.00,0.0%,1200.00,-40.00,HI,-50.00,-50.00
2026-09-28 07:39:08.534,DEMO_MODE,F1,200,2,0.10,-14.44,0.54,50.00,20.0,16.0,0.00,0.00,0.00,89.38,0.54,50.00,0.10,-14.44,6,63,6,63,20.0%,16.0%,100.000,0.000,0.00,-4.90,0.00,1.98,0.00,198.00,0.0%,1200.00,-30.00,HI,-50.00,-50.00
2026-09-28 07:39:08.655,DEMO_MODE,F1,200,2,0.10,-14.44,0.54,50.00,20.0,16.0,0.00,0.00,0.00,89.38,0.54,50.00,0.10,-14.44,6,63,6,63,20.0%,16.0%,100.000,0.000,0.00,-4.90,0.00,1.98,0.00,198.00,0.0%,1200.00,-30.00,HI,-50.00,-50.00
2026-09-28 07:39:08.775,DEMO_MODE,F1,200,2,0.10,-14.44,0.54,50.00,20.0,16.0,0.00,0.00,0.00,89.38,0.54,50.00,0.10,-14.44,6,63,6,63,20.0%,16.0%,100.000,0.000,0.00,-4.90,0.00,1.98,0.00,198.00,0.0%,1200.00,-30.00,HI,-50.00,-50.00
2026-09-28 07:39:08.896,DEMO_MODE,F1,200,2,0.10,-14.44,0.54,50.00,20.0,16.0,0.00,0.00,0.00,89.38,0.54,50.00,0.10,-14.44,6,63,6,63,20.0%,16.0%,100.000,0.000,0.00,-4.90,0.00,1.98,0.00,198.00,0.0%,1200.00,-30.00,HI,-50.00,-50.00
2026-09-28 07:39:09.016,DEMO_MODE,F1,200,2,0.10,-14.44,0.54,50.00,20.0,16.0,0.00,0.00,0.00,89.38,0.54,50.00,0.10,-14.44,6,63,6,63,20.0%,16.0%,100.000,0.000,0.00,-4.90,0.00,1.98,0.00,198.00,0.0%,1200.00,-30.00,HI,-50.00,-50.00
2026-09-28 07:39:09.137,DEMO_MODE,F1,200,2,0.10,-14.44,0.54,50.00,20.0,16.0,0.00,0.00,0.00,89.38,0.54,50.00,0.10,-14.44,6,63,6,63,20.0%,16.0%,100.000,0.000,0.00,-4.90,0.00,1.98,0.00,198.00,0.0%,1200.00,-30.00,HI,-50.00,-50.00
2026-09-28 07:39:09.258,DEMO_MODE,F1,200,2,0.10,-14.44,0.54,50.00,20.0,16.0,0.00,0.00,0.00,89.38,0.54,50.00,0.10,-14.44,6,63,6,63,20.0%,16.0%,100.000,0.000,0.00,-4.90,0.00,1.98,0.00,198.00,0.0%,1200.00,-30.00,HI,-50.00,-50.00
2026-09-28 07:39:09.379,DEMO_MODE,F1,200,2,0.10,-14.44,0.54,50.00,20.0,16.0,0.00,0.00,0.00,89.38,0.54,50.00,0.10,-14.44,6,63,6,63,20.0%,16.0%,100.000,0.000,0.00,-4.90,0.00,1.98,0.00,198.00,0.0%,1200.00,-30.00,HI,-50.00,-50.00
2026-09-28 07:39:09.499,DEMO_MODE,F1,200,2,0.10,-14.44,0.54,50.00,20.0,16.0,0.00,0.00,0.00,89.38,0.54,50.00,0.10,-14.44,6,63,6,63,20.0%,16.0%,100.000,0.000,0.00,-4.90,0.00,1.98,0.00,198.00,0.0%,1200.00,-30.00,HI,-50.00,-50.00
2026-09-28 07:39:09.620,DEMO_MODE,F1,200,2,0.10,-14.44,0.54,50.00,20.0,16.0,0.00,0.00,0.00,89.38,0.54,50.00,0.10,-14.44,6,63,6,63,20.0%,16.0%,100.000,0.000,0.00,-4.90,0.00,1.98,0.00,198.00,0.0%,1200.00,-30.00,HI,-50.00,-50.00
2026-09-28 07:39:09.740,DEMO_MODE,F1,200,2,0.10,-14.44,0.54,50.00,20.0,16.0,0.00,0.00,0.00,89.38,0.54,50.00,0.10,-14.44,6,63,6,63,20.0%,16.0%,100.000,0.000,0.00,-4.90,0.00,1.98,0.00,198.00,0.0%,1200.00,-30.00,HI,-50.00,-50.00
2026-09-28 07:39:09.861,DEMO_MODE,F1,200,2,0.10,-14.44,0.54,50.00,20.0,16.0,0.00,0.00,0.00,89.38,0.54,50.00,0.10,-14.44,6,63,6,63,20.0%,16.0%,100.000,0.000,0.00,-4.90,0.00,1.98,0.00,198.00,0.0%,1200.00,-30.00,HI,-50.00,-50.00
2026-09-28 07:39:09.982,DEMO_MODE,F1,200,2,0.10,-14.44,0.54,50.00,20.0,16.0,0.00,0.00,0.00,89.38,0.54,50.00,0.10,-14.44,6,63,6,63,20.0%,16.0%,100.000,0.000,0.00,-4.90,0.00,1.98,0.00,198.00,0.0%,1200.00,-30.00,HI,-50.00,-50.00
2026-09-28 07:39:10.103,DEMO_MODE,F1,200,2,0.10,-14.44,0.54,50.00,20.0,16.0,0.00,0.00,0.00,89.38,0.54,50.00,0.10,-14.44,6,63,6,63,20.0%,16.0%,100.000,0.000,0.00,-4.90,0.00,1.98,0.00,198.00,0.0%,1200.00,-30.00,HI,-50.00,-50.00
2026-09-28 07:39:10.223,DEMO_MODE,F1,200,2,0.10,-14.44,0.54,50.00,20.0,16.0,0.00,0.00,0.00,89.38,0.54,50.00,0.10,-14.44,6,63,6,63,20.0%,16.0%,100.000,0.000,0.00,-4.90,0.00,1.98,0.00,198.00,0.0%,1200.00,-30.00,HI,-50.00,-50.00
2026-09-28 07:39:10.344,DEMO_MODE,F1,200,2,0.10,-14.44,0.54,50.00,20.0,16.0,0.00,0.00,0.00,89.38,0.54,50.00,0.10,-14.44,6,63,6,63,20.0%,16.0%,100.000,0.000,0.00,-4.90,0.00,1.98,0.00,198.00,0.0%,1200.00,-30.00,HI,-50.00,-50.00
2026-09-28 07:39:10.464,DEMO_MODE,F1,200,2,0.10,-14.44,0.54,50.00,20.0,16.0,0.00,0.00,0.00,89.38,0.54,50.00,0.10,-14.44,6,63,6,63,20.0%,16.0%,100.000,0.000,0.00,-4.90,0.00,1.98,0.00,198.00,0.0%,1200.00,-30.00,HI,-50.00,-50.00
2026-09-28 07:39:10.585,DEMO_MODE,F1,200,2,0.10,-14.44,0.54,50.00,20.0,16.0,0.00,0.00,0.00,89.38,0.54,50.00,0.10,-14.44,6,63,6,63,20.0%,16.0%,100.000,0.000,0.00,-4.90,0.00,1.98,0.00,198.00,0.0%,1200.00,-30.00,HI,-50.00,-50.00
2026-09-28 07:39:10.706,DEMO_MODE,F1,200,2,0.10,-14.44,0.54,50.00,20.0,16.0,0.00,0.00,0.00,89.38,0.54,50.00,0.10,-14.44,6,63,6,63,20.0%,16.0%,100.000,0.000,0.00,-4.90,0.00,1.98,0.00,198.00,0.0%,1200.00,-30.00,HI,-50.00,-50.00
2026-09-28 07:39:10.827,DEMO_MODE,F1,200,2,0.10,-14.44,0.54,50.00,20.0,16.0,0.00,0.00,0.00,89.38,0.54,50.00,0.10,-14.44,6,63,6,63,20.0%,16.0%,100.000,0.000,0.00,-4.90,0.00,1.98,0.00,198.00,0.0%,1200.00,-30.00,HI,-50.00,-50.00
2026-09-28 07:39:10.947,DEMO_MODE,F1,200,2,0.10,-14.44,0.54,50.00,20.0,16.0,0.00,0.00,0.00,89.38,0.54,50.00,0.10,-14.44,6,63,6,63,20.0%,16.0%,100.000,0.000,0.00,-4.90,0.00,1.98,0.00,198.00,0.0%,1200.00,-30.00,HI,-50.00,-50.00
2026-09-28 07:39:11.068,DEMO_MODE,F1,200,2,0.10,-14.44,0.54,50.00,20.0,16.0,0.00,0.00,0.00,89.38,0.54,50.00,0.10,-14.44,6,63,6,63,20.0%,16.0%,100.000,0.000,0.00,-4.90,0.00,1.98,0.00,198.00,0.0%,1200.00,-30.00,HI,-50.00,-50.00
2026-09-28 07:39:11.188,DEMO_MODE,F1,200,2,0.10,-14.44,0.54,50.00,20.0,16.0,0.00,0.00,0.00,89.38,0.54,50.00,0.10,-14.44,6,63,6,63,20.0%,16.0%,100.000,0.000,0.00,-4.90,0.00,1.98,0.00,198.00,0.0%,1200.00,-30.00,HI,-50.00,-50.00
2026-09-28 07:39:11.309,DEMO_MODE,F1,200,2,0.10,-14.44,0.54,50.00,20.0,16.0,0.00,0.00,0.00,89.38,0.54,50.00,0.10,-14.44,6,63,6,63,20.0%,16.0%,100.000,0.000,0.00,-4.90,0.00,1.98,0.00,198.00,0.0%,1200.00,-30.00,HI,-50.00,-50.00
2026-09-28 07:39:11.430,DEMO_MODE,F1,200,2,0.10,-14.44,0.54,50.00,20.0,16.0,0.00,0.00,0.00,89.38,0.54,50.00,0.10,-14.44,6,63,6,63,20.0%,16.0%,100.000,0.000,0.00,-4.90,0.00,1.98,0.00,198.00,0.0%,1200.00,-30.00,HI,-50.00,-50.00
2026-09-28 07:39:11.550,DEMO_MODE,F1,200,2,0.10,-14.44,0.54,50.00,20.0,16.0,0.00,0.00,0.00,89.38,0.54,50.00,0.10,-14.44,6,63,6,63,20.0%,16.0%,100.000,0.000,0.00,-4.90,0.00,1.98,0.00,198.00,0.0%,1200.00,-30.00,HI,-50.00,-50.00
2026-09-28 07:39:11.671,DEMO_MODE,F1,200,2,0.10,-14.44,0.54,50.00,20.0,16.0,0.00,0.00,0.00,89.38,0.54,50.00,0.10,-14.44,6,63,6,63,20.0%,16.0%,100.000,0.000,0.00,-4.90,0.00,1.98,0.00,198.00,0.0%,1200.00,-30.00,HI,-50.00,-50.00
2026-09-28 07:39:11.792,DEMO_MODE,F1,200,2,0.10,-14.44,0.54,50.00,20.0,16.0,0.00,0.00,0.00,89.38,0.54,50.00,0.10,-14.44,6,63,6,63,20.0%,16.0%,100.000,0.000,0.00,-4.90,0.00,1.98,0.00,198.00,0.0%,1200.00,-30.00,HI,-50.00,-50.00
2026-09-28 07:39:11.912,DEMO_MODE,F1,200,2,0.10,-14.44,0.54,50.00,20.0,16.0,0.00,0.00,0.00,89.38,0.54,50.00,0.10,-14.44,6,63,6,63,20.0%,16.0%,100.000,0.000,0.00,-4.90,0.00,1.98,0.00,198.00,0.0%,1200.00,-30.00,HI,-50.00,-50.00
2026-09-28 07:39:12.033,DEMO_MODE,F1,200,2,0.10,-14.44,0.54,50.00,20.0,16.0,0.00,0.00,0.00,89.38,0.54,50.00,0.10,-14.44,6,63,6,63,20.0%,16.0%,100.000,0.000,0.00,-4.90,0.00,1.98,0.00,198.00,0.0%,1200.00,-30.00,HI,-50.00,-50.00
2026-09-28 07:39:12.153,DEMO_MODE,F1,200,2,0.10,-14.44,0.54,50.00,20.0,16.0,0.00,0.00,0.00,89.38,0.54,50.00,0.10,-14.44,6,63,6,63,20.0%,16.0%,100.000,0.000,0.00,-4.90,0.00,1.98,0.00,198.00,0.0%,1200.00,-30.00,HI,-50.00,-50.00
2026-09-28 07:39:12.274,DEMO_MODE,F1,200,2,0.10,-14.44,0.54,50.00,20.0,16.0,0.00,0.00,0.00,89.38,0.54,50.00,0.10,-14.44,6,63,6,63,20.0%,16.0%,100.000,0.000,0.00,-4.90,0.00,1.98,0.00,198.00,0.0%,1200.00,-30.00,HI,-50.00,-50.00
2026-09-28 07:39:12.395,DEMO_MODE,F1,200,2,0.10,-14.44,0.54,50.00,20.0,16.0,0.00,0.00,0.00,89.38,0.54,50.00,0.10,-14.44,6,63,6,63,20.0%,16.0%,100.000,0.000,0.00,-4.90,0.00,1.98,0.00,198.00,0.0%,1200.00,-30.00,HI,-50.00,-50.00
2026-09-28 07:39:12.516,DEMO_MODE,F1,200,2,0.10,-14.44,0.54,50.00,20.0,16.0,0.00,0.00,0.00,89.38,0.54,50.00,0.10,-14.44,6,63,6,63,20.0%,16.0%,100.000,0.000,0.00,-4.90,0.00,1.98,0.00,198.00,0.0%,1200.00,-30.00,HI,-50.00,-50.00
2026-09-28 07:39:12.636,DEMO_MODE,F1,200,2,0.10,-14.44,0.54,50.00,20.0,16.0,0.00,0.00,0.00,89.38,0.54,50.00,0.10,-14.44,6,63,6,63,20.0%,16.0%,100.000,0.000,0.00,-4.90,0.00,1.98,0.00,198.00,0.0%,1200.00,-30.00,HI,-50.00,-50.00
2026-09-28 07:39:12.757,DEMO_MODE,F1,200,2,0.10,-14.44,0.54,50.00,20.0,16.0,0.00,0.00,0.00,89.38,0.54,50.00,0.10,-14.44,6,63,6,63,20.0%,16.0%,100.000,0.000,0.00,-4.90,0.00,1.98,0.00,198.00,0.0%,1200.00,-30.00,HI,-50.00,-50.00
2026-09-28 07:39:12.878,DEMO_MODE,F1,200,2,0.10,-14.44,0.54,50.00,20.0,16.0,0.00,0.00,0.00,89.38,0.54,50.00,0.10,-14.44,6,63,6,63,20.0%,16.0%,100.000,0.000,0.00,-4.90,0.00,1.98,0.00,198.00,0.0%,1200.00,-30.00,HI,-50.00,-50.00
2026-09-28 07:39:12.999,DEMO_MODE,F1,200,2,0.10,-14.44,0.54,50.00,20.0,16.0,0.00,0.00,0.00,89.38,0.54,50.00,0.10,-14.44,6,63,6,63,20.0%,16.0%,100.000,0.000,0.00,-4.90,0.00,1.98,0.00,198.00,0.0%,1200.00,-30.00,HI,-50.00,-50.00
2026-09-28 07:39:13.120,DEMO_MODE,F1,200,2,0.10,-14.44,0.54,50.00,20.0,16.0,0.00,0.00,0.00,89.38,0.54,50.00,0.10,-14.44,6,63,6,63,20.0%,16.0%,100.000,0.000,0.00,-4.90,0.00,1.98,0.00,198.00,0.0%,1200.00,-30.00,HI,-50.00,-50.00
2026-09-28 07:39:13.241,DEMO_MODE,F1,200,2,0.10,-14.44,0.54,50.00,20.0,16.0,0.00,0.00,0.00,89.38,0.54,50.00,0.10,-14.44,6,63,6,63,20.0%,16.0%,100.000,0.000,0.00,-4.90,0.00,1.98,0.00,198.00,0.0%,1200.00,-30.00,HI,-50.00,-50.00
2026-09-28 07:39:13.365,DEMO_MODE,F1,200,2,0.10,-14.44,0.54,50.00,20.0,16.0,0.00,0.00,0.00,89.38,0.54,50.00,0.10,-14.44,6,63,6,63,20.0%,16.0%,100.000,0.000,0.00,-4.90,0.00,1.98,0.00,198.00,0.0%,1200.00,-30.00,HI,-50.00,-50.00
2026-09-28 07:39:13.486,DEMO_MODE,F1,200,2,0.10,-14.44,0.54,50.00,20.0,16.0,0.00,0.00,0.00,89.38,0.54,50.00,0.10,-14.44,6,63,6,63,20.0%,16.0%,100.000,0.000,0.00,-4.90,0.00,1.98,0.00,198.00,0.0%,1200.00,-30.00,HI,-50.00,-50.00
2026-09-28 07:39:13.607,DEMO_MODE,F1,200,2,0.10,-14.44,0.54,50.00,20.0,20.0,0.00,0.00,0.00,89.38,0.54,50.00,0.10,-14.44,6,63,6,63,20.0%,20.0%,100.000,0.000,0.00,-4.90,0.00,1.98,0.00,198.00,0.0%,1200.00,-30.00,HI,-50.00,-50.00
2026-09-28 07:39:13.728,DEMO_MODE,F1,200,2,0.10,-14.44,0.54,50.00,20.0,20.0,0.00,0.00,0.00,89.38,0.54,50.00,0.10,-14.44,6,63,6,63,20.0%,20.0%,100.000,0.000,0.00,-4.90,0.00,1.98,0.00,198.00,0.0%,1200.00,-30.00,HI,-50.00,-50.00
2026-09-28 07:39:13.849,DEMO_MODE,F1,200,2,0.10,-14.44,0.54,50.00,20.0,20.0,0.00,0.00,0.00,89.38,0.54,50.00,0.10,-14.44,6,63,6,63,20.0%,20.0%,100.000,0.000,0.00,-4.90,0.00,1.98,0.00,198.00,0.0%,1200.00,-30.00,HI,-50.00,-50.00
2026-09-28 07:39:13.969,DEMO_MODE,F1,200,2,0.10,-14.44,0.54,50.00,20.0,20.0,0.00,0.00,0.00,89.38,0.54,50.00,0.10,-14.44,6,63,6,63,20.0%,20.0%,100.000,0.000,0.00,-4.90,0.00,1.98,0.00,198.00,0.0%,1200.00,-30.00,HI,-50.00,-50.00
2026-09-28 07:39:14.090,DEMO_MODE,F1,200,2,0.10,-14.44,0.54,50.00,20.0,20.0,0.00,0.00,0.00,89.38,0.54,50.00,0.10,-14.44,6,63,6,63,20.0%,20.0%,100.000,0.000,0.00,-4.90,0.00,1.98,0.00,198.00,0.0%,1200.00,-30.00,HI,-50.00,-50.00
2026-09-28 07:39:14.211,DEMO_MODE,F1,200,2,0.10,-14.44,0.54,50.00,20.0,20.0,0.00,0.00,0.00,89.38,0.54,50.00,0.10,-14.44,6,63,6,63,20.0%,20.0%,100.000,0.000,0.00,-4.90,0.00,1.98,0.00,198.00,0.0%,1200.00,-30.00,HI,-50.00,-50.00
2026-09-28 07:39:14.332,DEMO_MODE,F1,200,2,0.10,-14.44,0.54,50.00,20.0,20.0,0.00,0.00,0.00,89.38,0.54,50.00,0.10,-14.44,6,63,6,63,20.0%,20.0%,100.000,0.000,0.00,-4.90,0.00,1.98,0.00,198.00,0.0%,1200.00,-30.00,HI,-50.00,-50.00
2026-09-28 07:39:14.453,DEMO_MODE,F1,200,2,0.10,-14.44,0.54,50.00,20.0,20.0,0.00,0.00,0.00,89.38,0.54,50.00,0.10,-14.44,6,63,6,63,20.0%,20.0%,100.000,0.000,0.00,-4.90,0.00,1.98,0.00,198.00,0.0%,1200.00,-30.00,HI,-50.00,-50.00
2026-09-28 07:39:14.573,DEMO_MODE,F1,200,2,0.10,-14.44,0.54,50.00,20.0,20.0,0.00,0.00,0.00,89.38,0.54,50.00,0.10,-14.44,6,63,6,63,20.0%,20.0%,100.000,0.000,0.00,-4.90,0.00,1.98,0.00,198.00,0.0%,1200.00,-30.00,HI,-50.00,-50.00
2026-09-28 07:39:14.694,DEMO_MODE,F1,200,2,0.10,-14.44,0.54,50.00,20.0,20.0,0.00,0.00,0.00,89.38,0.54,50.00,0.10,-14.44,6,63,6,63,20.0%,20.0%,100.000,0.000,0.00,-4.90,0.00,1.98,0.00,198.00,0.0%,1200.00,-30.00,HI,-50.00,-50.00
2026-09-28 07:39:14.815,DEMO_MODE,F1,200,2,0.10,-14.44,0.54,50.00,20.0,20.0,0.00,0.00,0.00,89.38,0.54,50.00,0.10,-14.44,6,63,6,63,20.0%,20.0%,100.000,0.000,0.00,-4.90,0.00,1.98,0.00,198.00,0.0%,1200.00,-30.00,HI,-50.00,-50.00
2026-09-28 07:39:14.935,DEMO_MODE,F1,200,2,0.10,-14.44,0.54,50.00,20.0,20.0,0.00,0.00,0.00,89.38,0.54,50.00,0.10,-14.44,6,63,6,63,20.0%,20.0%,100.000,0.000,0.00,-4.90,0.00,1.98,0.00,198.00,0.0%,1200.00,-30.00,HI,-50.00,-50.00
2026-09-28 07:39:15.056,DEMO_MODE,F1,200,2,0.10,-14.44,0.54,50.00,20.0,20.0,0.00,0.00,0.00,89.38,0.54,50.00,0.10,-14.44,6,63,6,63,20.0%,20.0%,100.000,0.000,0.00,-4.90,0.00,1.98,0.00,198.00,0.0%,1200.00,-30.00,HI,-50.00,-50.00
2026-09-28 07:39:15.178,DEMO_MODE,F1,200,2,0.10,-14.44,0.54,50.00,20.0,20.0,0.00,0.00,0.00,89.38,0.54,50.00,0.10,-14.44,6,63,6,63,20.0%,20.0%,100.000,0.000,0.00,-4.90,0.00,1.98,0.00,198.00,0.0%,1200.00,-30.00,HI,-50.00,-50.00
2026-09-28 07:39:15.299,DEMO_MODE,F1,200,2,0.10,-14.44,0.54,50.00,20.0,20.0,0.00,0.00,0.00,89.38,0.54,50.00,0.10,-14.44,6,63,6,63,20.0%,20.0%,100.000,0.000,0.00,-4.90,0.00,1.98,0.00,198.00,0.0%,1200.00,-30.00,HI,-50.00,-50.00
2026-09-28 07:39:15.419,DEMO_MODE,F1,200,2,0.10,-14.44,0.54,50.00,20.0,20.0,0.00,0.00,0.00,89.38,0.54,50.00,0.10,-14.44,6,63,6,63,20.0%,20.0%,100.000,0.000,0.00,-4.90,0.00,1.98,0.00,198.00,0.0%,1200.00,-30.00,HI,-50.00,-50.00
2026-09-28 07:39:15.540,DEMO_MODE,F1,200,3,0.10,-14.44,0.54,50.00,20.0,20.0,0.00,0.00,0.00,89.38,0.54,50.00,0.10,-14.44,6,63,6,63,20.0%,20.0%,100.000,0.000,0.00,-4.90,0.00,1.97,0.00,197.00,0.0%,1200.00,-30.00,HI,-50.00,-50.00
2026-09-28 07:39:15.660,DEMO_MODE,F1,200,3,0.10,-14.44,0.54,50.00,20.0,20.0,0.00,0.00,0.00,89.38,0.54,50.00,0.10,-14.44,6,63,6,63,20.0%,20.0%,100.000,0.000,0.00,-4.90,0.00,1.97,0.00,197.00,0.0%,1200.00,-30.00,HI,-50.00,-50.00
2026-09-28 07:39:15.781,DEMO_MODE,F1,200,3,0.10,-14.44,0.54,50.00,20.0,20.0,0.00,0.00,0.00,89.38,0.54,50.00,0.10,-14.44,6,63,6,63,20.0%,20.0%,100.000,0.000,0.00,-4.90,0.00,1.97,0.00,197.00,0.0%,1200.00,-30.00,HI,-50.00,-50.00
2026-09-28 07:39:15.902,DEMO_MODE,F1,200,3,0.10,-14.44,0.54,50.00,20.0,20.0,0.00,0.00,0.00,89.38,0.54,50.00,0.10,-14.44,6,63,6,63,20.0%,20.0%,100.000,0.000,0.00,-4.90,0.00,1.97,0.00,197.00,0.0%,1200.00,-30.00,HI,-50.00,-50.00
2026-09-28 07:39:16.022,DEMO_MODE,F1,200,3,0.10,-14.44,0.54,50.00,20.0,20.0,0.00,0.00,0.00,89.38,0.54,50.00,0.10,-14.44,6,63,6,63,20.0%,20.0%,100.000,0.000,0.00,-4.90,0.00,1.97,0.00,197.00,0.0%,1200.00,-30.00,HI,-50.00,-50.00
2026-09-28 07:39:16.143,DEMO_MODE,F1,200,3,0.10,-14.44,0.54,50.00,20.0,20.0,0.00,0.00,0.00,89.38,0.54,50.00,0.10,-14.44,6,63,6,63,20.0%,20.0%,100.000,0.000,0.00,-4.90,0.00,1.97,0.00,197.00,0.0%,1200.00,-30.00,HI,-50.00,-50.00
2026-09-28 07:39:16.263,DEMO_MODE,F1,200,3,0.10,-14.44,0.54,50.00,20.0,20.0,0.00,0.00,0.00,89.38,0.54,50.00,0.10,-14.44,6,63,6,63,20.0%,20.0%,100.000,0.000,0.00,-4.90,0.00,1.97,0.00,197.00,0.0%,1200.00,-30.00,HI,-50.00,-50.00
2026-09-28 07:39:16.384,DEMO_MODE,F1,200,3,0.10,-14.44,0.54,50.00,20.0,20.0,0.00,0.00,0.00,89.38,0.54,50.00,0.10,-14.44,6,63,6,63,20.0%,20.0%,100.000,0.000,0.00,-4.90,0.00,1.97,0.00,197.00,0.0%,1200.00,-30.00,HI,-50.00,-50.00
2026-09-28 07:39:16.505,DEMO_MODE,F1,200,3,0.10,-14.44,0.54,50.00,20.0,20.0,0.00,0.00,0.00,89.38,0.54,50.00,0.10,-14.44,6,63,6,63,20.0%,20.0%,100.000,0.000,0.00,-4.90,0.00,1.97,0.00,197.00,0.0%,1200.00,-30.00,HI,-50.00,-50.00
2026-09-28 07:39:16.626,DEMO_MODE,F1,200,3,0.10,-14.44,0.54,50.00,20.0,20.0,0.00,0.00,0.00,89.38,0.54,50.00,0.10,-14.44,6,63,6,63,20.0%,20.0%,100.000,0.000,0.00,-4.90,0.00,1.97,0.00,197.00,0.0%,1200.00,-30.00,HI,-50.00,-50.00
2026-09-28 07:39:16.747,DEMO_MODE,F1,200,3,0.10,-14.44,0.54,50.00,20.0,20.0,0.00,0.00,0.00,89.38,0.54,50.00,0.10,-14.44,6,63,6,63,20.0%,20.0%,100.000,0.000,0.00,-4.90,0.00,1.97,0.00,197.00,0.0%,1200.00,-30.00,HI,-50.00,-50.00
2026-09-28 07:39:16.867,DEMO_MODE,F1,200,3,0.10,-14.44,0.54,50.00,20.0,20.0,0.00,0.00,0.00,89.38,0.54,50.00,0.10,-14.44,6,63,6,63,20.0%,20.0%,100.000,0.000,0.00,-4.90,0.00,1.97,0.00,197.00,0.0%,1200.00,-30.00,HI,-50.00,-50.00
2026-09-28 07:39:16.988,DEMO_MODE,F1,200,3,0.10,-14.44,0.54,50.00,20.0,20.0,0.00,0.00,0.00,89.38,0.54,50.00,0.10,-14.44,6,63,6,63,20.0%,20.0%,100.000,0.000,0.00,-4.90,0.00,1.97,0.00,197.00,0.0%,1200.00,-30.00,HI,-50.00,-50.00
2026-09-28 07:39:17.109,DEMO_MODE,F1,200,3,0.10,-14.44,0.54,50.00,20.0,20.0,0.00,0.00,0.00,89.38,0.54,50.00,0.10,-14.44,6,63,6,63,20.0%,20.0%,100.000,0.000,0.00,-4.90,0.00,1.97,0.00,197.00,0.0%,1200.00,-30.00,HI,-50.00,-50.00
2026-09-28 07:39:17.230,DEMO_MODE,F1,200,3,0.10,-14.44,0.54,50.00,20.0,20.0,0.00,0.00,0.00,89.38,0.54,50.00,0.10,-14.44,6,63,6,63,20.0%,20.0%,100.000,0.000,0.00,-4.90,0.00,1.97,0.00,197.00,0.0%,1200.00,-30.00,HI,-50.00,-50.00
2026-09-28 07:39:17.351,DEMO_MODE,F1,200,3,0.10,-14.44,0.54,50.00,20.0,20.0,0.00,0.00,0.00,89.38,0.54,50.00,0.10,-14.44,6,63,6,63,20.0%,20.0%,100.000,0.000,0.00,-4.90,0.00,1.97,0.00,197.00,0.0%,1200.00,-30.00,HI,-50.00,-50.00
2026-09-28 07:39:17.472,DEMO_MODE,F1,200,3,0.10,-14.44,0.54,50.00,20.0,20.0,0.00,0.00,0.00,89.38,0.54,50.00,0.10,-14.44,6,63,6,63,20.0%,20.0%,100.000,0.000,0.00,-4.90,0.00,1.97,0.00,197.00,0.0%,1200.00,-30.00,HI,-50.00,-50.00
2026-09-28 07:39:17.593,DEMO_MODE,F1,200,3,0.10,-14.44,0.54,50.00,20.0,20.0,0.00,0.00,0.00,89.38,0.54,50.00,0.10,-14.44,6,63,6,63,20.0%,20.0%,100.000,0.000,0.00,-4.90,0.00,1.97,0.00,197.00,0.0%,1200.00,-30.00,HI,-50.00,-50.00
2026-09-28 07:39:17.714,DEMO_MODE,F1,200,3,0.10,-14.44,0.54,50.00,20.0,20.0,0.00,0.00,0.00,89.38,0.54,50.00,0.10,-14.44,6,63,6,63,20.0%,20.0%,100.000,0.000,0.00,-4.90,0.00,1.97,0.00,197.00,0.0%,1200.00,-30.00,HI,-50.00,-50.00
2026-09-28 07:39:17.834,DEMO_MODE,F1,200,3,0.10,-14.44,0.54,50.00,20.0,20.0,0.00,0.00,0.00,89.38,0.54,50.00,0.10,-14.44,6,63,6,63,20.0%,20.0%,100.000,0.000,0.00,-4.90,0.00,1.97,0.00,197.00,0.0%,1200.00,-30.00,HI,-50.00,-50.00
2026-09-28 07:39:17.956,DEMO_MODE,F1,200,3,0.10,-14.44,0.54,50.00,20.0,20.0,0.00,0.00,0.00,89.38,0.54,50.00,0.10,-14.44,6,63,6,63,20.0%,20.0%,100.000,0.000,0.00,-4.90,0.00,1.97,0.00,197.00,0.0%,1200.00,-30.00,HI,-50.00,-50.00
2026-09-28 07:39:18.076,DEMO_MODE,F1,200,3,0.10,-14.44,0.54,50.00,20.0,20.0,0.00,0.00,0.00,89.38,0.54,50.00,0.10,-14.44,6,63,6,63,20.0%,20.0%,100.000,0.000,0.00,-4.90,0.00,1.97,0.00,197.00,0.0%,1200.00,-30.00,HI,-50.00,-50.00
2026-09-28 07:39:18.196,DEMO_MODE,F1,200,3,0.10,-14.44,0.54,50.00,20.0,20.0,0.00,0.00,0.00,89.38,0.54,50.00,0.10,-14.44,6,63,6,63,20.0%,20.0%,100.000,0.000,0.00,-4.90,0.00,1.97,0.00,197.00,0.0%,1200.00,-30.00,HI,-50.00,-50.00
2026-09-28 07:39:18.317,DEMO_MODE,F1,200,3,0.10,-14.44,0.54,50.00,20.0,20.0,0.00,0.00,0.00,89.38,0.54,50.00,0.10,-14.44,6,63,6,63,20.0%,20.0%,100.000,0.000,0.00,-4.90,0.00,1.97,0.00,197.00,0.0%,1200.00,-30.00,HI,-50.00,-50.00
2026-09-28 07:39:18.438,DEMO_MODE,F1,200,3,0.10,-14.44,0.54,50.00,20.0,20.0,0.00,0.00,0.00,89.38,0.54,50.00,0.10,-14.44,6,63,6,63,20.0%,20.0%,100.000,0.000,0.00,-4.90,0.00,1.97,0.00,197.00,0.0%,1200.00,-30.00,HI,-50.00,-50.00
2026-09-28 07:39:18.559,DEMO_MODE,F1,300,3,0.10,-14.44,0.54,50.00,30.0,24.0,0.00,0.00,0.00,89.38,0.54,50.00,0.10,-14.44,6,63,6,63,30.0%,24.0%,150.000,0.000,0.00,-4.90,0.00,1.98,0.00,297.00,0.0%,1200.00,-20.00,HI,-50.00,-50.00
2026-09-28 07:39:18.680,DEMO_MODE,F1,300,3,0.10,-14.44,0.54,50.00,30.0,24.0,0.00,0.00,0.00,89.38,0.54,50.00,0.10,-14.44,6,63,6,63,30.0%,24.0%,150.000,0.000,0.00,-4.90,0.00,1.98,0.00,297.00,0.0%,1200.00,-20.00,HI,-50.00,-50.00
2026-09-28 07:39:18.801,DEMO_MODE,F1,300,3,0.10,-14.44,0.54,50.00,30.0,24.0,0.00,0.00,0.00,89.38,0.54,50.00,0.10,-14.44,6,63,6,63,30.0%,24.0%,150.000,0.000,0.00,-4.90,0.00,1.98,0.00,297.00,0.0%,1200.00,-20.00,HI,-50.00,-50.00
2026-09-28 07:39:18.922,DEMO_MODE,F1,300,3,0.10,-14.44,0.54,50.00,30.0,24.0,0.00,0.00,0.00,89.38,0.54,50.00,0.10,-14.44,6,63,6,63,30.0%,24.0%,150.000,0.000,0.00,-4.90,0.00,1.98,0.00,297.00,0.0%,1200.00,-20.00,HI,-50.00,-50.00
2026-09-28 07:39:19.042,DEMO_MODE,F1,300,3,0.10,-14.44,0.54,50.00,30.0,24.0,0.00,0.00,0.00,89.38,0.54,50.00,0.10,-14.44,6,63,6,63,30.0%,24.0%,150.000,0.000,0.00,-4.90,0.00,1.98,0.00,297.00,0.0%,1200.00,-20.00,HI,-50.00,-50.00
2026-09-28 07:39:19.163,DEMO_MODE,F1,300,3,0.10,-14.44,0.54,50.00,30.0,24.0,0.00,0.00,0.00,89.38,0.54,50.00,0.10,-14.44,6,63,6,63,30.0%,24.0%,150.000,0.000,0.00,-4.90,0.00,1.98,0.00,297.00,0.0%,1200.00,-20.00,HI,-50.00,-50.00
2026-09-28 07:39:19.284,DEMO_MODE,F1,300,3,0.10,-14.44,0.54,50.00,30.0,24.0,0.00,0.00,0.00,89.38,0.54,50.00,0.10,-14.44,6,63,6,63,30.0%,24.0%,150.000,0.000,0.00,-4.90,0.00,1.98,0.00,297.00,0.0%,1200.00,-20.00,HI,-50.00,-50.00
2026-09-28 07:39:19.405,DEMO_MODE,F1,300,3,0.10,-14.44,0.54,50.00,30.0,24.0,0.00,0.00,0.00,89.38,0.54,50.00,0.10,-14.44,6,63,6,63,30.0%,24.0%,150.000,0.000,0.00,-4.90,0.00,1.98,0.00,297.00,0.0%,1200.00,-20.00,HI,-50.00,-50.00
2026-09-28 07:39:19.526,DEMO_MODE,F1,300,3,0.10,-14.44,0.54,50.00,30.0,24.0,0.00,0.00,0.00,89.38,0.54,50.00,0.10,-14.44,6,63,6,63,30.0%,24.0%,150.000,0.000,0.00,-4.90,0.00,1.98,0.00,297.00,0.0%,1200.00,-20.00,HI,-50.00,-50.00
2026-09-28 07:39:19.647,DEMO_MODE,F1,300,3,0.10,-14.44,0.54,50.00,30.0,24.0,0.00,0.00,0.00,89.38,0.54,50.00,0.10,-14.44,6,63,6,63,30.0%,24.0%,150.000,0.000,0.00,-4.90,0.00,1.98,0.00,297.00,0.0%,1200.00,-20.00,HI,-50.00,-50.00
2026-09-28 07:39:19.768,DEMO_MODE,F1,300,3,0.10,-14.44,0.54,50.00,30.0,24.0,0.00,0.00,0.00,89.38,0.54,50.00,0.10,-14.44,6,63,6,63,30.0%,24.0%,150.000,0.000,0.00,-4.90,0.00,1.98,0.00,297.00,0.0%,1200.00,-20.00,HI,-50.00,-50.00
2026-09-28 07:39:19.888,DEMO_MODE,F1,300,3,0.10,-14.44,0.54,50.00,30.0,24.0,0.00,0.00,0.00,89.38,0.54,50.00,0.10,-14.44,6,63,6,63,30.0%,24.0%,150.000,0.000,0.00,-4.90,0.00,1.98,0.00,297.00,0.0%,1200.00,-20.00,HI,-50.00,-50.00
2026-09-28 07:39:20.009,DEMO_MODE,F1,300,3,0.10,-14.44,0.54,50.00,30.0,24.0,0.00,0.00,0.00,89.38,0.54,50.00,0.10,-14.44,6,63,6,63,30.0%,24.0%,150.000,0.000,0.00,-4.90,0.00,1.98,0.00,297.00,0.0%,1200.00,-20.00,HI,-50.00,-50.00
2026-09-28 07:39:20.130,DEMO_MODE,F1,300,3,0.10,-14.44,0.54,50.00,30.0,24.0,0.00,0.00,0.00,89.38,0.54,50.00,0.10,-14.44,6,63,6,63,30.0%,24.0%,150.000,0.000,0.00,-4.90,0.00,1.98,0.00,297.00,0.0%,1200.00,-20.00,HI,-50.00,-50.00
2026-09-28 07:39:20.250,DEMO_MODE,F1,300,3,0.10,-14.44,0.54,50.00,30.0,24.0,0.00,0.00,0.00,89.38,0.54,50.00,0.10,-14.44,6,63,6,63,30.0%,24.0%,150.000,0.000,0.00,-4.90,0.00,1.98,0.00,297.00,0.0%,1200.00,-20.00,HI,-50.00,-50.00
2026-09-28 07:39:20.371,DEMO_MODE,F1,300,3,0.10,-14.44,0.54,50.00,30.0,24.0,0.00,0.00,0.00,89.38,0.54,50.00,0.10,-14.44,6,63,6,63,30.0%,24.0%,150.000,0.000,0.00,-4.90,0.00,1.98,0.00,297.00,0.0%,1200.00,-20.00,HI,-50.00,-50.00
2026-09-28 07:39:20.492,DEMO_MODE,F1,300,3,0.10,-14.44,0.54,50.00,30.0,24.0,0.00,0.00,0.00,89.38,0.54,50.00,0.10,-14.44,6,63,6,63,30.0%,24.0%,150.000,0.000,0.00,-4.90,0.00,1.98,0.00,297.00,0.0%,1200.00,-20.00,HI,-50.00,-50.00
2026-09-28 07:39:20.613,DEMO_MODE,F1,300,3,0.10,-14.44,0.54,50.00,30.0,24.0,0.00,0.00,0.00,89.38,0.54,50.00,0.10,-14.44,6,63,6,63,30.0%,24.0%,150.000,0.000,0.00,-4.90,0.00,1.98,0.00,297.00,0.0%,1200.00,-20.00,HI,-50.00,-50.00
2026-09-28 07:39:20.735,DEMO_MODE,F1,300,3,0.10,-14.44,0.54,50.00,30.0,24.0,0.00,0.00,0.00,89.38,0.54,50.00,0.10,-14.44,6,63,6,63,30.0%,24.0%,150.000,0.000,0.00,-4.90,0.00,1.98,0.00,297.00,0.0%,1200.00,-20.00,HI,-50.00,-50.00
2026-09-28 07:39:20.856,DEMO_MODE,F1,300,3,0.10,-14.44,0.54,50.00,30.0,24.0,0.00,0.00,0.00,89.38,0.54,50.00,0.10,-14.44,6,63,6,63,30.0%,24.0%,150.000,0.000,0.00,-4.90,0.00,1.98,0.00,297.00,0.0%,1200.00,-20.00,HI,-50.00,-50.00
2026-09-28 07:39:20.976,DEMO_MODE,F1,300,3,0.10,-14.44,0.54,50.00,30.0,24.0,0.00,0.00,0.00,89.38,0.54,50.00,0.10,-14.44,6,63,6,63,30.0%,24.0%,150.000,0.000,0.00,-4.90,0.00,1.98,0.00,297.00,0.0%,1200.00,-20.00,HI,-50.00,-50.00
2026-09-28 07:39:21.097,DEMO_MODE,F1,300,3,0.10,-14.44,0.54,50.00,30.0,24.0,0.00,0.00,0.00,89.38,0.54,50.00,0.10,-14.44,6,63,6,63,30.0%,24.0%,150.000,0.000,0.00,-4.90,0.00,1.98,0.00,297.00,0.0%,1200.00,-20.00,HI,-50.00,-50.00
2026-09-28 07:39:21.218,DEMO_MODE,F1,300,3,0.10,-14.44,0.54,50.00,30.0,24.0,0.00,0.00,0.00,89.38,0.54,50.00,0.10,-14.44,6,63,6,63,30.0%,24.0%,150.000,0.000,0.00,-4.90,0.00,1.98,0.00,297.00,0.0%,1200.00,-20.00,HI,-50.00,-50.00
2026-09-28 07:39:21.339,DEMO_MODE,F1,300,3,0.10,-14.44,0.54,50.00,30.0,24.0,0.00,0.00,0.00,89.38,0.54,50.00,0.10,-14.44,6,63,6,63,30.0%,24.0%,150.000,0.000,0.00,-4.90,0.00,1.98,0.00,297.00,0.0%,1200.00,-20.00,HI,-50.00,-50.00
2026-09-28 07:39:21.460,DEMO_MODE,F1,300,3,0.10,-14.44,0.54,50.00,30.0,24.0,0.00,0.00,0.00,89.38,0.54,50.00,0.10,-14.44,6,63,6,63,30.0%,24.0%,150.000,0.000,0.00,-4.90,0.00,1.98,0.00,297.00,0.0%,1200.00,-20.00,HI,-50.00,-50.00
2026-09-28 07:39:21.581,DEMO_MODE,F1,300,3,0.10,-14.44,0.54,50.00,30.0,24.0,0.00,0.00,0.00,89.38,0.54,50.00,0.10,-14.44,6,63,6,63,30.0%,24.0%,150.000,0.000,0.00,-4.90,0.00,1.98,0.00,297.00,0.0%,1200.00,-20.00,HI,-50.00,-50.00
2026-09-28 07:39:21.702,DEMO_MODE,F1,300,3,0.10,-14.44,0.54,50.00,30.0,24.0,0.00,0.00,0.00,89.38,0.54,50.00,0.10,-14.44,6,63,6,63,30.0%,24.0%,150.000,0.000,0.00,-4.90,0.00,1.98,0.00,297.00,0.0%,1200.00,-20.00,HI,-50.00,-50.00
2026-09-28 07:39:21.822,DEMO_MODE,F1,300,3,0.10,-14.44,0.54,50.00,30.0,24.0,0.00,0.00,0.00,89.38,0.54,50.00,0.10,-14.44,6,63,6,63,30.0%,24.0%,150.000,0.000,0.00,-4.90,0.00,1.98,0.00,297.00,0.0%,1200.00,-20.00,HI,-50.00,-50.00
2026-09-28 07:39:21.943,DEMO_MODE,F1,300,3,0.10,-14.44,0.54,50.00,30.0,24.0,0.00,0.00,0.00,89.38,0.54,50.00,0.10,-14.44,6,63,6,63,30.0%,24.0%,150.000,0.000,0.00,-4.90,0.00,1.98,0.00,297.00,0.0%,1200.00,-20.00,HI,-50.00,-50.00
2026-09-28 07:39:22.064,DEMO_MODE,F1,300,3,0.10,-14.44,0.54,50.00,30.0,24.0,0.00,0.00,0.00,89.38,0.54,50.00,0.10,-14.44,6,63,6,63,30.0%,24.0%,150.000,0.000,0.00,-4.90,0.00,1.98,0.00,297.00,0.0%,1200.00,-20.00,HI,-50.00,-50.00
2026-09-28 07:39:22.185,DEMO_MODE,F1,300,3,0.10,-14.44,0.54,50.00,30.0,24.0,0.00,0.00,0.00,89.38,0.54,50.00,0.10,-14.44,6,63,6,63,30.0%,24.0%,150.000,0.000,0.00,-4.90,0.00,1.98,0.00,297.00,0.0%,1200.00,-20.00,HI,-50.00,-50.00
2026-09-28 07:39:22.306,DEMO_MODE,F1,300,3,0.10,-14.44,0.54,50.00,30.0,24.0,0.00,0.00,0.00,89.38,0.54,50.00,0.10,-14.44,6,63,6,63,30.0%,24.0%,150.000,0.000,0.00,-4.90,0.00,1.98,0.00,297.00,0.0%,1200.00,-20.00,HI,-50.00,-50.00
2026-09-28 07:39:22.427,DEMO_MODE,F1,300,3,0.10,-14.44,0.54,50.00,30.0,24.0,0.00,0.00,0.00,89.38,0.54,50.00,0.10,-14.44,6,63,6,63,30.0%,24.0%,150.000,0.000,0.00,-4.90,0.00,1.98,0.00,297.00,0.0%,1200.00,-20.00,HI,-50.00,-50.00
2026-09-28 07:39:22.547,DEMO_MODE,F1,300,3,0.10,-14.44,0.54,50.00,30.0,24.0,0.00,0.00,0.00,89.38,0.54,50.00,0.10,-14.44,6,63,6,63,30.0%,24.0%,150.000,0.000,0.00,-4.90,0.00,1.98,0.00,297.00,0.0%,1200.00,-20.00,HI,-50.00,-50.00
2026-09-28 07:39:22.668,DEMO_MODE,F1,300,3,0.10,-14.44,0.54,50.00,30.0,24.0,0.00,0.00,0.00,89.38,0.54,50.00,0.10,-14.44,6,63,6,63,30.0%,24.0%,150.000,0.000,0.00,-4.90,0.00,1.98,0.00,297.00,0.0%,1200.00,-20.00,HI,-50.00,-50.00
2026-09-28 07:39:22.789,DEMO_MODE,F1,300,3,0.10,-14.44,0.54,50.00,30.0,24.0,0.00,0.00,0.00,89.38,0.54,50.00,0.10,-14.44,6,63,6,63,30.0%,24.0%,150.000,0.000,0.00,-4.90,0.00,1.98,0.00,297.00,0.0%,1200.00,-20.00,HI,-50.00,-50.00
2026-09-28 07:39:22.910,DEMO_MODE,F1,300,3,0.10,-14.44,0.54,50.00,30.0,24.0,0.00,0.00,0.00,89.38,0.54,50.00,0.10,-14.44,6,63,6,63,30.0%,24.0%,150.000,0.000,0.00,-4.90,0.00,1.98,0.00,297.00,0.0%,1200.00,-20.00,HI,-50.00,-50.00
2026-09-28 07:39:23.031,DEMO_MODE,F1,300,3,0.10,-14.44,0.54,50.00,30.0,24.0,0.00,0.00,0.00,89.38,0.54,50.00,0.10,-14.44,6,63,6,63,30.0%,24.0%,150.000,0.000,0.00,-4.90,0.00,1.98,0.00,297.00,0.0%,1200.00,-20.00,HI,-50.00,-50.00
2026-09-28 07:39:23.151,DEMO_MODE,F1,300,3,0.10,-14.44,0.54,50.00,30.0,24.0,0.00,0.00,0.00,89.38,0.54,50.00,0.10,-14.44,6,63,6,63,30.0%,24.0%,150.000,0.000,0.00,-4.90,0.00,1.98,0.00,297.00,0.0%,1200.00,-20.00,HI,-50.00,-50.00
2026-09-28 07:39:23.272,DEMO_MODE,F1,300,3,0.10,-14.44,0.54,50.00,30.0,24.0,0.00,0.00,0.00,89.38,0.54,50.00,0.10,-14.44,6,63,6,63,30.0%,24.0%,150.000,0.000,0.00,-4.90,0.00,1.98,0.00,297.00,0.0%,1200.00,-20.00,HI,-50.00,-50.00
2026-09-28 07:39:23.393,DEMO_MODE,F1,300,3,0.10,-14.44,0.54,50.00,30.0,24.0,0.00,0.00,0.00,89.38,0.54,50.00,0.10,-14.44,6,63,6,63,30.0%,24.0%,150.000,0.000,0.00,-4.90,0.00,1.98,0.00,297.00,0.0%,1200.00,-20.00,HI,-50.00,-50.00
2026-09-28 07:39:23.514,DEMO_MODE,F1,300,3,0.10,-14.44,0.54,50.00,30.0,24.0,0.00,0.00,0.00,89.38,0.54,50.00,0.10,-14.44,6,63,6,63,30.0%,24.0%,150.000,0.000,0.00,-4.90,0.00,1.98,0.00,297.00,0.0%,1200.00,-20.00,HI,-50.00,-50.00
2026-09-28 07:39:23.635,DEMO_MODE,F1,300,3,0.10,-14.44,0.54,50.00,30.0,28.0,0.00,0.00,0.00,89.38,0.54,50.00,0.10,-14.44,6,63,6,63,30.0%,28.0%,150.000,0.000,0.00,-4.90,0.00,1.98,0.00,297.00,0.0%,1200.00,-20.00,HI,-50.00,-50.00
2026-09-28 07:39:23.755,DEMO_MODE,F1,300,3,0.10,-14.44,0.54,50.00,30.0,28.0,0.00,0.00,0.00,89.38,0.54,50.00,0.10,-14.44,6,63,6,63,30.0%,28.0%,150.000,0.000,0.00,-4.90,0.00,1.98,0.00,297.00,0.0%,1200.00,-20.00,HI,-50.00,-50.00
2026-09-28 07:39:23.876,DEMO_MODE,F1,300,3,0.10,-14.44,0.54,50.00,30.0,28.0,0.00,0.00,0.00,89.38,0.54,50.00,0.10,-14.44,6,63,6,63,30.0%,28.0%,150.000,0.000,0.00,-4.90,0.00,1.98,0.00,297.00,0.0%,1200.00,-20.00,HI,-50.00,-50.00
2026-09-28 07:39:23.997,DEMO_MODE,F1,300,3,0.10,-14.44,0.54,50.00,30.0,28.0,0.00,0.00,0.00,89.38,0.54,50.00,0.10,-14.44,6,63,6,63,30.0%,28.0%,150.000,0.000,0.00,-4.90,0.00,1.98,0.00,297.00,0.0%,1200.00,-20.00,HI,-50.00,-50.00
2026-09-28 07:39:24.117,DEMO_MODE,F1,300,3,0.10,-14.44,0.54,50.00,30.0,28.0,0.00,0.00,0.00,89.38,0.54,50.00,0.10,-14.44,6,63,6,63,30.0%,28.0%,150.000,0.000,0.00,-4.90,0.00,1.98,0.00,297.00,0.0%,1200.00,-20.00,HI,-50.00,-50.00
2026-09-28 07:39:24.238,DEMO_MODE,F1,300,3,0.10,-14.44,0.54,50.00,30.0,28.0,0.00,0.00,0.00,89.38,0.54,50.00,0.10,-14.44,6,63,6,63,30.0%,28.0%,150.000,0.000,0.00,-4.90,0.00,1.98,0.00,297.00,0.0%,1200.00,-20.00,HI,-50.00,-50.00
2026-09-28 07:39:24.359,DEMO_MODE,F1,300,3,0.10,-14.44,0.54,50.00,30.0,28.0,0.00,0.00,0.00,89.38,0.54,50.00,0.10,-14.44,6,63,6,63,30.0%,28.0%,150.000,0.000,0.00,-4.90,0.00,1.98,0.00,297.00,0.0%,1200.00,-20.00,HI,-50.00,-50.00
2026-09-28 07:39:24.479,DEMO_MODE,F1,300,3,0.10,-14.44,0.54,50.00,30.0,28.0,0.00,0.00,0.00,89.38,0.54,50.00,0.10,-14.44,6,63,6,63,30.0%,28.0%,150.000,0.000,0.00,-4.90,0.00,1.98,0.00,297.00,0.0%,1200.00,-20.00,HI,-50.00,-50.00
2026-09-28 07:39:24.600,DEMO_MODE,F1,300,4,0.10,-14.44,0.54,50.00,30.0,28.0,0.00,0.00,0.00,89.38,0.54,50.00,0.10,-14.44,6,63,6,63,30.0%,28.0%,150.000,0.000,0.00,-4.90,0.00,1.97,0.00,296.00,0.0%,1200.00,-20.00,HI,-50.00,-50.00
2026-09-28 07:39:24.721,DEMO_MODE,F1,300,4,0.10,-14.44,0.54,50.00,30.0,28.0,0.00,0.00,0.00,89.38,0.54,50.00,0.10,-14.44,6,63,6,63,30.0%,28.0%,150.000,0.000,0.00,-4.90,0.00,1.97,0.00,296.00,0.0%,1200.00,-20.00,HI,-50.00,-50.00
2026-09-28 07:39:24.842,DEMO_MODE,F1,300,4,0.10,-14.44,0.54,50.00,30.0,28.0,0.00,0.00,0.00,89.38,0.54,50.00,0.10,-14.44,6,63,6,63,30.0%,28.0%,150.000,0.000,0.00,-4.90,0.00,1.97,0.00,296.00,0.0%,1200.00,-20.00,HI,-50.00,-50.00
2026-09-28 07:39:24.963,DEMO_MODE,F1,300,4,0.10,-14.44,0.54,50.00,30.0,28.0,0.00,0.00,0.00,89.38,0.54,50.00,0.10,-14.44,6,63,6,63,30.0%,28.0%,150.000,0.000,0.00,-4.90,0.00,1.97,0.00,296.00,0.0%,1200.00,-20.00,HI,-50.00,-50.00
2026-09-28 07:39:25.084,DEMO_MODE,F1,300,4,0.10,-14.44,0.54,50.00,30.0,28.0,0.00,0.00,0.00,89.38,0.54,50.00,0.10,-14.44,6,63,6,63,30.0%,28.0%,150.000,0.000,0.00,-4.90,0.00,1.97,0.00,296.00,0.0%,1200.00,-20.00,HI,-50.00,-50.00
2026-09-28 07:39:25.205,DEMO_MODE,F1,300,4,0.10,-14.44,0.54,50.00,30.0,28.0,0.00,0.00,0.00,89.38,0.54,50.00,0.10,-14.44,6,63,6,63,30.0%,28.0%,150.000,0.000,0.00,-4.90,0.00,1.97,0.00,296.00,0.0%,1200.00,-20.00,HI,-50.00,-50.00
2026-09-28 07:39:25.325,DEMO_MODE,F1,300,4,0.10,-14.44,0.54,50.00,30.0,28.0,0.00,0.00,0.00,89.38,0.54,50.00,0.10,-14.44,6,63,6,63,30.0%,28.0%,150.000,0.000,0.00,-4.90,0.00,1.97,0.00,296.00,0.0%,1200.00,-20.00,HI,-50.00,-50.00
2026-09-28 07:39:25.446,DEMO_MODE,F1,300,4,0.10,-14.44,0.54,50.00,30.0,28.0,0.00,0.00,0.00,89.38,0.54,50.00,0.10,-14.44,6,63,6,63,30.0%,28.0%,150.000,0.000,0.00,-4.90,0.00,1.97,0.00,296.00,0.0%,1200.00,-20.00,HI,-50.00,-50.00
2026-09-28 07:39:25.566,DEMO_MODE,F1,300,4,0.10,-14.44,0.54,50.00,30.0,28.0,0.00,0.00,0.00,89.38,0.54,50.00,0.10,-14.44,6,63,6,63,30.0%,28.0%,150.000,0.000,0.00,-4.90,0.00,1.97,0.00,296.00,0.0%,1200.00,-20.00,HI,-50.00,-50.00
2026-09-28 07:39:25.688,DEMO_MODE,F1,300,4,0.10,-14.44,0.54,50.00,30.0,28.0,0.00,0.00,0.00,89.38,0.54,50.00,0.10,-14.44,6,63,6,63,30.0%,28.0%,150.000,0.000,0.00,-4.90,0.00,1.97,0.00,296.00,0.0%,1200.00,-20.00,HI,-50.00,-50.00
2026-09-28 07:39:25.808,DEMO_MODE,F1,300,4,0.10,-14.44,0.54,50.00,30.0,28.0,0.00,0.00,0.00,89.38,0.54,50.00,0.10,-14.44,6,63,6,63,30.0%,28.0%,150.000,0.000,0.00,-4.90,0.00,1.97,0.00,296.00,0.0%,1200.00,-20.00,HI,-50.00,-50.00
2026-09-28 07:39:25.929,DEMO_MODE,F1,300,4,0.10,-14.44,0.54,50.00,30.0,28.0,0.00,0.00,0.00,89.38,0.54,50.00,0.10,-14.44,6,63,6,63,30.0%,28.0%,150.000,0.000,0.00,-4.90,0.00,1.97,0.00,296.00,0.0%,1200.00,-20.00,HI,-50.00,-50.00
2026-09-28 07:39:26.049,DEMO_MODE,F1,300,4,0.10,-14.44,0.54,50.00,30.0,28.0,0.00,0.00,0.00,89.38,0.54,50.00,0.10,-14.44,6,63,6,63,30.0%,28.0%,150.000,0.000,0.00,-4.90,0.00,1.97,0.00,296.00,0.0%,1200.00,-20.00,HI,-50.00,-50.00
2026-09-28 07:39:26.170,DEMO_MODE,F1,300,4,0.10,-14.44,0.54,50.00,30.0,28.0,0.00,0.00,0.00,89.38,0.54,50.00,0.10,-14.44,6,63,6,63,30.0%,28.0%,150.000,0.000,0.00,-4.90,0.00,1.97,0.00,296.00,0.0%,1200.00,-20.00,HI,-50.00,-50.00
2026-09-28 07:39:26.291,DEMO_MODE,F1,300,4,0.10,-14.44,0.54,50.00,30.0,28.0,0.00,0.00,0.00,89.38,0.54,50.00,0.10,-14.44,6,63,6,63,30.0%,28.0%,150.000,0.000,0.00,-4.90,0.00,1.97,0.00,296.00,0.0%,1200.00,-20.00,HI,-50.00,-50.00
2026-09-28 07:39:26.412,DEMO_MODE,F1,300,4,0.10,-14.44,0.54,50.00,30.0,28.0,0.00,0.00,0.00,89.38,0.54,50.00,0.10,-14.44,6,63,6,63,30.0%,28.0%,150.000,0.000,0.00,-4.90,0.00,1.97,0.00,296.00,0.0%,1200.00,-20.00,HI,-50.00,-50.00
2026-09-28 07:39:26.533,DEMO_MODE,F1,300,4,0.10,-14.44,0.54,50.00,30.0,28.0,0.00,0.00,0.00,89.38,0.54,50.00,0.10,-14.44,6,63,6,63,30.0%,28.0%,150.000,0.000,0.00,-4.90,0.00,1.97,0.00,296.00,0.0%,1200.00,-20.00,HI,-50.00,-50.00
2026-09-28 07:39:26.654,DEMO_MODE,F1,300,4,0.10,-14.44,0.54,50.00,30.0,28.0,0.00,0.00,0.00,89.38,0.54,50.00,0.10,-14.44,6,63,6,63,30.0%,28.0%,150.000,0.000,0.00,-4.90,0.00,1.97,0.00,296.00,0.0%,1200.00,-20.00,HI,-50.00,-50.00
2026-09-28 07:39:26.774,DEMO_MODE,F1,300,4,0.10,-14.44,0.54,50.00,30.0,28.0,0.00,0.00,0.00,89.38,0.54,50.00,0.10,-14.44,6,63,6,63,30.0%,28.0%,150.000,0.000,0.00,-4.90,0.00,1.97,0.00,296.00,0.0%,1200.00,-20.00,HI,-50.00,-50.00
2026-09-28 07:39:26.895,DEMO_MODE,F1,300,4,0.10,-14.44,0.54,50.00,30.0,28.0,0.00,0.00,0.00,89.38,0.54,50.00,0.10,-14.44,6,63,6,63,30.0%,28.0%,150.000,0.000,0.00,-4.90,0.00,1.97,0.00,296.00,0.0%,1200.00,-20.00,HI,-50.00,-50.00
2026-09-28 07:39:27.016,DEMO_MODE,F1,300,4,0.10,-14.44,0.54,50.00,30.0,28.0,0.00,0.00,0.00,89.38,0.54,50.00,0.10,-14.44,6,63,6,63,30.0%,28.0%,150.000,0.000,0.00,-4.90,0.00,1.97,0.00,296.00,0.0%,1200.00,-20.00,HI,-50.00,-50.00
2026-09-28 07:39:27.137,DEMO_MODE,F1,300,4,0.10,-14.44,0.54,50.00,30.0,28.0,0.00,0.00,0.00,89.38,0.54,50.00,0.10,-14.44,6,63,6,63,30.0%,28.0%,150.000,0.000,0.00,-4.90,0.00,1.97,0.00,296.00,0.0%,1200.00,-20.00,HI,-50.00,-50.00
2026-09-28 07:39:27.258,DEMO_MODE,F1,300,4,0.10,-14.44,0.54,50.00,30.0,28.0,0.00,0.00,0.00,89.38,0.54,50.00,0.10,-14.44,6,63,6,63,30.0%,28.0%,150.000,0.000,0.00,-4.90,0.00,1.97,0.00,296.00,0.0%,1200.00,-20.00,HI,-50.00,-50.00
2026-09-28 07:39:27.378,DEMO_MODE,F1,300,4,0.10,-14.44,0.54,50.00,30.0,28.0,0.00,0.00,0.00,89.38,0.54,50.00,0.10,-14.44,6,63,6,63,30.0%,28.0%,150.000,0.000,0.00,-4.90,0.00,1.97,0.00,296.00,0.0%,1200.00,-20.00,HI,-50.00,-50.00
2026-09-28 07:39:27.498,DEMO_MODE,F1,300,4,0.10,-14.44,0.54,50.00,30.0,28.0,0.00,0.00,0.00,89.38,0.54,50.00,0.10,-14.44,6,63,6,63,30.0%,28.0%,150.000,0.000,0.00,-4.90,0.00,1.97,0.00,296.00,0.0%,1200.00,-20.00,HI,-50.00,-50.00
2026-09-28 07:39:27.619,DEMO_MODE,F1,300,4,0.10,-14.44,0.54,50.00,30.0,28.0,0.00,0.00,0.00,89.38,0.54,50.00,0.10,-14.44,6,63,6,63,30.0%,28.0%,150.000,0.000,0.00,-4.90,0.00,1.97,0.00,296.00,0.0%,1200.00,-20.00,HI,-50.00,-50.00
2026-09-28 07:39:27.739,DEMO_MODE,F1,300,4,0.10,-14.44,0.54,50.00,30.0,28.0,0.00,0.00,0.00,89.38,0.54,50.00,0.10,-14.44,6,63,6,63,30.0%,28.0%,150.000,0.000,0.00,-4.90,0.00,1.97,0.00,296.00,0.0%,1200.00,-20.00,HI,-50.00,-50.00
2026-09-28 07:39:27.861,DEMO_MODE,F1,300,4,0.10,-14.44,0.54,50.00,30.0,28.0,0.00,0.00,0.00,89.38,0.54,50.00,0.10,-14.44,6,63,6,63,30.0%,28.0%,150.000,0.000,0.00,-4.90,0.00,1.97,0.00,296.00,0.0%,1200.00,-20.00,HI,-50.00,-50.00
2026-09-28 07:39:27.981,DEMO_MODE,F1,300,4,0.10,-14.44,0.54,50.00,30.0,28.0,0.00,0.00,0.00,89.38,0.54,50.00,0.10,-14.44,6,63,6,63,30.0%,28.0%,150.000,0.000,0.00,-4.90,0.00,1.97,0.00,296.00,0.0%,1200.00,-20.00,HI,-50.00,-50.00
2026-09-28 07:39:28.102,DEMO_MODE,F1,300,4,0.10,-14.44,0.54,50.00,30.0,28.0,0.00,0.00,0.00,89.38,0.54,50.00,0.10,-14.44,6,63,6,63,30.0%,28.0%,150.000,0.000,0.00,-4.90,0.00,1.97,0.00,296.00,0.0%,1200.00,-20.00,HI,-50.00,-50.00
2026-09-28 07:39:28.222,DEMO_MODE,F1,300,4,0.10,-14.44,0.54,50.00,30.0,28.0,0.00,0.00,0.00,89.38,0.54,50.00,0.10,-14.44,6,63,6,63,30.0%,28.0%,150.000,0.000,0.00,-4.90,0.00,1.97,0.00,296.00,0.0%,1200.00,-20.00,HI,-50.00,-50.00
2026-09-28 07:39:28.343,DEMO_MODE,F1,300,4,0.10,-14.44,0.54,50.00,30.0,28.0,0.00,0.00,0.00,89.38,0.54,50.00,0.10,-14.44,6,63,6,63,30.0%,28.0%,150.000,0.000,0.00,-4.90,0.00,1.97,0.00,296.00,0.0%,1200.00,-20.00,HI,-50.00,-50.00
2026-09-28 07:39:28.463,DEMO_MODE,F1,300,4,0.10,-14.44,0.54,50.00,30.0,28.0,0.00,0.00,0.00,89.38,0.54,50.00,0.10,-14.44,6,63,6,63,30.0%,28.0%,150.000,0.000,0.00,-4.90,0.00,1.97,0.00,296.00,0.0%,1200.00,-20.00,HI,-50.00,-50.00
2026-09-28 07:39:28.584,DEMO_MODE,F1,300,4,0.10,-14.44,0.54,50.00,30.0,28.0,0.00,0.00,0.00,89.38,0.54,50.00,0.10,-14.44,6,63,6,63,30.0%,28.0%,150.000,0.000,0.00,-4.90,0.00,1.97,0.00,296.00,0.0%,1200.00,-20.00,HI,-50.00,-50.00
2026-09-28 07:39:28.704,DEMO_MODE,F1,400,4,0.10,-14.44,0.54,50.00,40.0,32.0,0.00,0.00,0.00,89.38,0.54,50.00,0.10,-14.44,6,63,6,63,40.0%,32.0%,200.000,0.000,0.00,-4.90,0.00,1.98,0.00,396.00,0.0%,1200.00,-10.00,HI,-50.00,-50.00
2026-09-28 07:39:28.825,DEMO_MODE,F1,400,4,0.10,-14.44,0.54,50.00,40.0,32.0,0.00,0.00,0.00,89.38,0.54,50.00,0.10,-14.44,6,63,6,63,40.0%,32.0%,200.000,0.000,0.00,-4.90,0.00,1.98,0.00,396.00,0.0%,1200.00,-10.00,HI,-50.00,-50.00
2026-09-28 07:39:28.946,DEMO_MODE,F1,400,4,0.10,-14.44,0.54,50.00,40.0,32.0,0.00,0.00,0.00,89.38,0.54,50.00,0.10,-14.44,6,63,6,63,40.0%,32.0%,200.000,0.000,0.00,-4.90,0.00,1.98,0.00,396.00,0.0%,1200.00,-10.00,HI,-50.00,-50.00
2026-09-28 07:39:29.066,DEMO_MODE,F1,400,4,0.10,-14.44,0.54,50.00,40.0,32.0,0.00,0.00,0.00,89.38,0.54,50.00,0.10,-14.44,6,63,6,63,40.0%,32.0%,200.000,0.000,0.00,-4.90,0.00,1.98,0.00,396.00,0.0%,1200.00,-10.00,HI,-50.00,-50.00
2026-09-28 07:39:29.187,DEMO_MODE,F1,400,4,0.10,-14.44,0.54,50.00,40.0,32.0,0.00,0.00,0.00,89.38,0.54,50.00,0.10,-14.44,6,63,6,63,40.0%,32.0%,200.000,0.000,0.00,-4.90,0.00,1.98,0.00,396.00,0.0%,1200.00,-10.00,HI,-50.00,-50.00
2026-09-28 07:39:29.307,DEMO_MODE,F1,400,4,0.10,-14.44,0.54,50.00,40.0,32.0,0.00,0.00,0.00,89.38,0.54,50.00,0.10,-14.44,6,63,6,63,40.0%,32.0%,200.000,0.000,0.00,-4.90,0.00,1.98,0.00,396.00,0.0%,1200.00,-10.00,HI,-50.00,-50.00
2026-09-28 07:39:29.428,DEMO_MODE,F1,400,4,0.10,-14.44,0.54,50.00,40.0,32.0,0.00,0.00,0.00,89.38,0.54,50.00,0.10,-14.44,6,63,6,63,40.0%,32.0%,200.000,0.000,0.00,-4.90,0.00,1.98,0.00,396.00,0.0%,1200.00,-10.00,HI,-50.00,-50.00
2026-09-28 07:39:29.548,DEMO_MODE,F1,400,4,0.10,-14.44,0.54,50.00,40.0,32.0,0.00,0.00,0.00,89.38,0.54,50.00,0.10,-14.44,6,63,6,63,40.0%,32.0%,200.000,0.000,0.00,-4.90,0.00,1.98,0.00,396.00,0.0%,1200.00,-10.00,HI,-50.00,-50.00
2026-09-28 07:39:29.669,DEMO_MODE,F1,400,4,0.10,-14.44,0.54,50.00,40.0,32.0,0.00,0.00,0.00,89.38,0.54,50.00,0.10,-14.44,6,63,6,63,40.0%,32.0%,200.000,0.000,0.00,-4.90,0.00,1.98,0.00,396.00,0.0%,1200.00,-10.00,HI,-50.00,-50.00
2026-09-28 07:39:29.790,DEMO_MODE,F1,400,4,0.10,-14.44,0.54,50.00,40.0,32.0,0.00,0.00,0.00,89.38,0.54,50.00,0.10,-14.44,6,63,6,63,40.0%,32.0%,200.000,0.000,0.00,-4.90,0.00,1.98,0.00,396.00,0.0%,1200.00,-10.00,HI,-50.00,-50.00
2026-09-28 07:39:29.911,DEMO_MODE,F1,400,4,0.10,-14.44,0.54,50.00,40.0,32.0,0.00,0.00,0.00,89.38,0.54,50.00,0.10,-14.44,6,63,6,63,40.0%,32.0%,200.000,0.000,0.00,-4.90,0.00,1.98,0.00,396.00,0.0%,1200.00,-10.00,HI,-50.00,-50.00
2026-09-28 07:39:30.031,DEMO_MODE,F1,400,4,0.10,-14.44,0.54,50.00,40.0,32.0,0.00,0.00,0.00,89.38,0.54,50.00,0.10,-14.44,6,63,6,63,40.0%,32.0%,200.000,0.000,0.00,-4.90,0.00,1.98,0.00,396.00,0.0%,1200.00,-10.00,HI,-50.00,-50.00
2026-09-28 07:39:30.152,DEMO_MODE,F1,400,4,0.10,-14.44,0.54,50.00,40.0,32.0,0.00,0.00,0.00,89.38,0.54,50.00,0.10,-14.44,6,63,6,63,40.0%,32.0%,200.000,0.000,0.00,-4.90,0.00,1.98,0.00,396.00,0.0%,1200.00,-10.00,HI,-50.00,-50.00
2026-09-28 07:39:30.273,DEMO_MODE,F1,400,4,0.10,-14.44,0.54,50.00,40.0,32.0,0.00,0.00,0.00,89.38,0.54,50.00,0.10,-14.44,6,63,6,63,40.0%,32.0%,200.000,0.000,0.00,-4.90,0.00,1.98,0.00,396.00,0.0%,1200.00,-10.00,HI,-50.00,-50.00
2026-09-28 07:39:30.394,DEMO_MODE,F1,400,4,0.10,-14.44,0.54,50.00,40.0,32.0,0.00,0.00,0.00,89.38,0.54,50.00,0.10,-14.44,6,63,6,63,40.0%,32.0%,200.000,0.000,0.00,-4.90,0.00,1.98,0.00,396.00,0.0%,1200.00,-10.00,HI,-50.00,-50.00
2026-09-28 07:39:30.514,DEMO_MODE,F1,400,4,0.10,-14.44,0.54,50.00,40.0,32.0,0.00,0.00,0.00,89.38,0.54,50.00,0.10,-14.44,6,63,6,63,40.0%,32.0%,200.000,0.000,0.00,-4.90,0.00,1.98,0.00,396.00,0.0%,1200.00,-10.00,HI,-50.00,-50.00
2026-09-28 07:39:30.635,DEMO_MODE,F1,400,4,0.10,-14.44,0.54,50.00,40.0,32.0,0.00,0.00,0.00,89.38,0.54,50.00,0.10,-14.44,6,63,6,63,40.0%,32.0%,200.000,0.000,0.00,-4.90,0.00,1.98,0.00,396.00,0.0%,1200.00,-10.00,HI,-50.00,-50.00
2026-09-28 07:39:30.756,DEMO_MODE,F1,400,4,0.10,-14.44,0.54,50.00,40.0,32.0,0.00,0.00,0.00,89.38,0.54,50.00,0.10,-14.44,6,63,6,63,40.0%,32.0%,200.000,0.000,0.00,-4.90,0.00,1.98,0.00,396.00,0.0%,1200.00,-10.00,HI,-50.00,-50.00
2026-09-28 07:39:30.876,DEMO_MODE,F1,400,4,0.10,-14.44,0.54,50.00,40.0,32.0,0.00,0.00,0.00,89.38,0.54,50.00,0.10,-14.44,6,63,6,63,40.0%,32.0%,200.000,0.000,0.00,-4.90,0.00,1.98,0.00,396.00,0.0%,1200.00,-10.00,HI,-50.00,-50.00
2026-09-28 07:39:30.997,DEMO_MODE,F1,400,4,0.10,-14.44,0.54,50.00,40.0,32.0,0.00,0.00,0.00,89.38,0.54,50.00,0.10,-14.44,6,63,6,63,40.0%,32.0%,200.000,0.000,0.00,-4.90,0.00,1.98,0.00,396.00,0.0%,1200.00,-10.00,HI,-50.00,-50.00
2026-09-28 07:39:31.118,DEMO_MODE,F1,400,4,0.10,-14.44,0.54,50.00,40.0,32.0,0.00,0.00,0.00,89.38,0.54,50.00,0.10,-14.44,6,63,6,63,40.0%,32.0%,200.000,0.000,0.00,-4.90,0.00,1.98,0.00,396.00,0.0%,1200.00,-10.00,HI,-50.00,-50.00
2026-09-28 07:39:31.239,DEMO_MODE,F1,400,4,0.10,-14.44,0.54,50.00,40.0,32.0,0.00,0.00,0.00,89.38,0.54,50.00,0.10,-14.44,6,63,6,63,40.0%,32.0%,200.000,0.000,0.00,-4.90,0.00,1.98,0.00,396.00,0.0%,1200.00,-10.00,HI,-50.00,-50.00
2026-09-28 07:39:31.363,DEMO_MODE,F1,400,4,0.10,-14.44,0.54,50.00,40.0,32.0,0.00,0.00,0.00,89.38,0.54,50.00,0.10,-14.44,6,63,6,63,40.0%,32.0%,200.000,0.000,0.00,-4.90,0.00,1.98,0.00,396.00,0.0%,1200.00,-10.00,HI,-50.00,-50.00
2026-09-28 07:39:31.484,DEMO_MODE,F1,400,4,0.10,-14.44,0.54,50.00,40.0,32.0,0.00,0.00,0.00,89.38,0.54,50.00,0.10,-14.44,6,63,6,63,40.0%,32.0%,200.000,0.000,0.00,-4.90,0.00,1.98,0.00,396.00,0.0%,1200.00,-10.00,HI,-50.00,-50.00
2026-09-28 07:39:31.605,DEMO_MODE,F1,400,4,0.10,-14.44,0.54,50.00,40.0,32.0,0.00,0.00,0.00,89.38,0.54,50.00,0.10,-14.44,6,63,6,63,40.0%,32.0%,200.000,0.000,0.00,-4.90,0.00,1.98,0.00,396.00,0.0%,1200.00,-10.00,HI,-50.00,-50.00
2026-09-28 07:39:31.727,DEMO_MODE,F1,400,4,0.10,-14.44,0.54,50.00,40.0,32.0,0.00,0.00,0.00,89.38,0.54,50.00,0.10,-14.44,6,63,6,63,40.0%,32.0%,200.000,0.000,0.00,-4.90,0.00,1.98,0.00,396.00,0.0%,1200.00,-10.00,HI,-50.00,-50.00
2026-09-28 07:39:31.847,DEMO_MODE,F1,400,4,0.10,-14.44,0.54,50.00,40.0,32.0,0.00,0.00,0.00,89.38,0.54,50.00,0.10,-14.44,6,63,6,63,40.0%,32.0%,200.000,0.000,0.00,-4.90,0.00,1.98,0.00,396.00,0.0%,1200.00,-10.00,HI,-50.00,-50.00
2026-09-28 07:39:31.968,DEMO_MODE,F1,400,4,0.10,-14.44,0.54,50.00,40.0,32.0,0.00,0.00,0.00,89.38,0.54,50.00,0.10,-14.44,6,63,6,63,40.0%,32.0%,200.000,0.000,0.00,-4.90,0.00,1.98,0.00,396.00,0.0%,1200.00,-10.00,HI,-50.00,-50.00
2026-09-28 07:39:32.090,DEMO_MODE,F1,400,4,0.10,-14.44,0.54,50.00,40.0,32.0,0.00,0.00,0.00,89.38,0.54,50.00,0.10,-14.44,6,63,6,63,40.0%,32.0%,200.000,0.000,0.00,-4.90,0.00,1.98,0.00,396.00,0.0%,1200.00,-10.00,HI,-50.00,-50.00
2026-09-28 07:39:32.211,DEMO_MODE,F1,400,4,0.10,-14.44,0.54,50.00,40.0,32.0,0.00,0.00,0.00,89.38,0.54,50.00,0.10,-14.44,6,63,6,63,40.0%,32.0%,200.000,0.000,0.00,-4.90,0.00,1.98,0.00,396.00,0.0%,1200.00,-10.00,HI,-50.00,-50.00
2026-09-28 07:39:32.331,DEMO_MODE,F1,400,4,0.10,-14.44,0.54,50.00,40.0,32.0,0.00,0.00,0.00,89.38,0.54,50.00,0.10,-14.44,6,63,6,63,40.0%,32.0%,200.000,0.000,0.00,-4.90,0.00,1.98,0.00,396.00,0.0%,1200.00,-10.00,HI,-50.00,-50.00
2026-09-28 07:39:32.452,DEMO_MODE,F1,400,4,0.10,-14.44,0.54,50.00,40.0,32.0,0.00,0.00,0.00,89.38,0.54,50.00,0.10,-14.44,6,63,6,63,40.0%,32.0%,200.000,0.000,0.00,-4.90,0.00,1.98,0.00,396.00,0.0%,1200.00,-10.00,HI,-50.00,-50.00
2026-09-28 07:39:32.573,DEMO_MODE,F1,400,4,0.10,-14.44,0.54,50.00,40.0,32.0,0.00,0.00,0.00,89.38,0.54,50.00,0.10,-14.44,6,63,6,63,40.0%,32.0%,200.000,0.000,0.00,-4.90,0.00,1.98,0.00,396.00,0.0%,1200.00,-10.00,HI,-50.00,-50.00
2026-09-28 07:39:32.693,DEMO_MODE,F1,400,4,0.10,-14.44,0.54,50.00,40.0,32.0,0.00,0.00,0.00,89.38,0.54,50.00,0.10,-14.44,6,63,6,63,40.0%,32.0%,200.000,0.000,0.00,-4.90,0.00,1.98,0.00,396.00,0.0%,1200.00,-10.00,HI,-50.00,-50.00
2026-09-28 07:39:32.814,DEMO_MODE,F1,400,4,0.10,-14.44,0.54,50.00,40.0,32.0,0.00,0.00,0.00,89.38,0.54,50.00,0.10,-14.44,6,63,6,63,40.0%,32.0%,200.000,0.000,0.00,-4.90,0.00,1.98,0.00,396.00,0.0%,1200.00,-10.00,HI,-50.00,-50.00
2026-09-28 07:39:32.935,DEMO_MODE,F1,400,4,0.10,-14.44,0.54,50.00,40.0,32.0,0.00,0.00,0.00,89.38,0.54,50.00,0.10,-14.44,6,63,6,63,40.0%,32.0%,200.000,0.000,0.00,-4.90,0.00,1.98,0.00,396.00,0.0%,1200.00,-10.00,HI,-50.00,-50.00
2026-09-28 07:39:33.055,DEMO_MODE,F1,400,4,0.10,-14.44,0.54,50.00,40.0,32.0,0.00,0.00,0.00,89.38,0.54,50.00,0.10,-14.44,6,63,6,63,40.0%,32.0%,200.000,0.000,0.00,-4.90,0.00,1.98,0.00,396.00,0.0%,1200.00,-10.00,HI,-50.00,-50.00
2026-09-28 07:39:33.175,DEMO_MODE,F1,400,4,0.10,-14.44,0.54,50.00,40.0,32.0,0.00,0.00,0.00,89.38,0.54,50.00,0.10,-14.44,6,63,6,63,40.0%,32.0%,200.000,0.000,0.00,-4.90,0.00,1.98,0.00,396.00,0.0%,1200.00,-10.00,HI,-50.00,-50.00
2026-09-28 07:39:33.296,DEMO_MODE,F1,400,4,0.10,-14.44,0.54,50.00,40.0,32.0,0.00,0.00,0.00,89.38,0.54,50.00,0.10,-14.44,6,63,6,63,40.0%,32.0%,200.000,0.000,0.00,-4.90,0.00,1.98,0.00,396.00,0.0%,1200.00,-10.00,HI,-50.00,-50.00
2026-09-28 07:39:33.417,DEMO_MODE,F1,400,4,0.10,-14.44,0.54,50.00,40.0,32.0,0.00,0.00,0.00,89.38,0.54,50.00,0.10,-14.44,6,63,6,63,40.0%,32.0%,200.000,0.000,0.00,-4.90,0.00,1.98,0.00,396.00,0.0%,1200.00,-10.00,HI,-50.00,-50.00
2026-09-28 07:39:33.538,DEMO_MODE,F1,400,4,0.10,-14.44,0.54,50.00,40.0,32.0,0.00,0.00,0.00,89.38,0.54,50.00,0.10,-14.44,6,63,6,63,40.0%,32.0%,200.000,0.000,0.00,-4.90,0.00,1.98,0.00,396.00,0.0%,1200.00,-10.00,HI,-50.00,-50.00
2026-09-28 07:39:33.659,DEMO_MODE,F1,400,0,0.10,-14.44,0.54,50.00,40.0,36.0,0.00,0.00,0.00,89.38,0.54,50.00,0.10,-14.44,6,63,6,63,40.0%,36.0%,200.000,0.000,0.00,-4.90,0.00,2.00,0.00,400.00,0.0%,1200.00,-10.00,HI,-50.00,-50.00
2026-09-28 07:39:33.779,DEMO_MODE,F1,400,0,0.10,-14.44,0.54,50.00,40.0,36.0,0.00,0.00,0.00,89.38,0.54,50.00,0.10,-14.44,6,63,6,63,40.0%,36.0%,200.000,0.000,0.00,-4.90,0.00,2.00,0.00,400.00,0.0%,1200.00,-10.00,HI,-50.00,-50.00
2026-09-28 07:39:33.900,DEMO_MODE,F1,400,0,0.10,-14.44,0.54,50.00,40.0,36.0,0.00,0.00,0.00,89.38,0.54,50.00,0.10,-14.44,6,63,6,63,40.0%,36.0%,200.000,0.000,0.00,-4.90,0.00,2.00,0.00,400.00,0.0%,1200.00,-10.00,HI,-50.00,-50.00
2026-09-28 07:39:34.021,DEMO_MODE,F1,400,0,0.10,-14.44,0.54,50.00,40.0,36.0,0.00,0.00,0.00,89.38,0.54,50.00,0.10,-14.44,6,63,6,63,40.0%,36.0%,200.000,0.000,0.00,-4.90,0.00,2.00,0.00,400.00,0.0%,1200.00,-10.00,HI,-50.00,-50.00
2026-09-28 07:39:34.142,DEMO_MODE,F1,400,0,0.10,-14.44,0.54,50.00,40.0,36.0,0.00,0.00,0.00,89.38,0.54,50.00,0.10,-14.44,6,63,6,63,40.0%,36.0%,200.000,0.000,0.00,-4.90,0.00,2.00,0.00,400.00,0.0%,1200.00,-10.00,HI,-50.00,-50.00
2026-09-28 07:39:34.263,DEMO_MODE,F1,400,0,0.10,-14.44,0.54,50.00,40.0,36.0,0.00,0.00,0.00,89.38,0.54,50.00,0.10,-14.44,6,63,6,63,40.0%,36.0%,200.000,0.000,0.00,-4.90,0.00,2.00,0.00,400.00,0.0%,1200.00,-10.00,HI,-50.00,-50.00
2026-09-28 07:39:34.383,DEMO_MODE,F1,400,0,0.10,-14.44,0.54,50.00,40.0,36.0,0.00,0.00,0.00,89.38,0.54,50.00,0.10,-14.44,6,63,6,63,40.0%,36.0%,200.000,0.000,0.00,-4.90,0.00,2.00,0.00,400.00,0.0%,1200.00,-10.00,HI,-50.00,-50.00
2026-09-28 07:39:34.504,DEMO_MODE,F1,400,0,0.10,-14.44,0.54,50.00,40.0,36.0,0.00,0.00,0.00,89.38,0.54,50.00,0.10,-14.44,6,63,6,63,40.0%,36.0%,200.000,0.000,0.00,-4.90,0.00,2.00,0.00,400.00,0.0%,1200.00,-10.00,HI,-50.00,-50.00
2026-09-28 07:39:34.625,DEMO_MODE,F1,400,0,0.10,-14.44,0.54,50.00,40.0,36.0,0.00,0.00,0.00,89.38,0.54,50.00,0.10,-14.44,6,63,6,63,40.0%,36.0%,200.000,0.000,0.00,-4.90,0.00,2.00,0.00,400.00,0.0%,1200.00,-10.00,HI,-50.00,-50.00
2026-09-28 07:39:34.745,DEMO_MODE,F1,400,0,0.10,-14.44,0.54,50.00,40.0,36.0,0.00,0.00,0.00,89.38,0.54,50.00,0.10,-14.44,6,63,6,63,40.0%,36.0%,200.000,0.000,0.00,-4.90,0.00,2.00,0.00,400.00,0.0%,1200.00,-10.00,HI,-50.00,-50.00
2026-09-28 07:39:34.866,DEMO_MODE,F1,400,0,0.10,-14.44,0.54,50.00,40.0,36.0,0.00,0.00,0.00,89.38,0.54,50.00,0.10,-14.44,6,63,6,63,40.0%,36.0%,200.000,0.000,0.00,-4.90,0.00,2.00,0.00,400.00,0.0%,1200.00,-10.00,HI,-50.00,-50.00
2026-09-28 07:39:34.987,DEMO_MODE,F1,400,0,0.10,-14.44,0.54,50.00,40.0,36.0,0.00,0.00,0.00,89.38,0.54,50.00,0.10,-14.44,6,63,6,63,40.0%,36.0%,200.000,0.000,0.00,-4.90,0.00,2.00,0.00,400.00,0.0%,1200.00,-10.00,HI,-50.00,-50.00
2026-09-28 07:39:35.108,DEMO_MODE,F1,400,0,0.10,-14.44,0.54,50.00,40.0,36.0,0.00,0.00,0.00,89.38,0.54,50.00,0.10,-14.44,6,63,6,63,40.0%,36.0%,200.000,0.000,0.00,-4.90,0.00,2.00,0.00,400.00,0.0%,1200.00,-10.00,HI,-50.00,-50.00
2026-09-28 07:39:35.229,DEMO_MODE,F1,400,0,0.10,-14.44,0.54,50.00,40.0,36.0,0.00,0.00,0.00,89.38,0.54,50.00,0.10,-14.44,6,63,6,63,40.0%,36.0%,200.000,0.000,0.00,-4.90,0.00,2.00,0.00,400.00,0.0%,1200.00,-10.00,HI,-50.00,-50.00
2026-09-28 07:39:35.350,DEMO_MODE,F1,400,0,0.10,-14.44,0.54,50.00,40.0,36.0,0.00,0.00,0.00,89.38,0.54,50.00,0.10,-14.44,6,63,6,63,40.0%,36.0%,200.000,0.000,0.00,-4.90,0.00,2.00,0.00,400.00,0.0%,1200.00,-10.00,HI,-50.00,-50.00
2026-09-28 07:39:35.471,DEMO_MODE,F1,400,0,0.10,-14.44,0.54,50.00,40.0,36.0,0.00,0.00,0.00,89.38,0.54,50.00,0.10,-14.44,6,63,6,63,40.0%,36.0%,200.000,0.000,0.00,-4.90,0.00,2.00,0.00,400.00,0.0%,1200.00,-10.00,HI,-50.00,-50.00
2026-09-28 07:39:35.591,DEMO_MODE,F1,400,0,0.10,-14.44,0.54,50.00,40.0,36.0,0.00,0.00,0.00,89.38,0.54,50.00,0.10,-14.44,6,63,6,63,40.0%,36.0%,200.000,0.000,0.00,-4.90,0.00,2.00,0.00,400.00,0.0%,1200.00,-10.00,HI,-50.00,-50.00
2026-09-28 07:39:35.712,DEMO_MODE,F1,400,0,0.10,-14.44,0.54,50.00,40.0,36.0,0.00,0.00,0.00,89.38,0.54,50.00,0.10,-14.44,6,63,6,63,40.0%,36.0%,200.000,0.000,0.00,-4.90,0.00,2.00,0.00,400.00,0.0%,1200.00,-10.00,HI,-50.00,-50.00
2026-09-28 07:39:35.832,DEMO_MODE,F1,400,0,0.10,-14.44,0.54,50.00,40.0,36.0,0.00,0.00,0.00,89.38,0.54,50.00,0.10,-14.44,6,63,6,63,40.0%,36.0%,200.000,0.000,0.00,-4.90,0.00,2.00,0.00,400.00,0.0%,1200.00,-10.00,HI,-50.00,-50.00
2026-09-28 07:39:35.953,DEMO_MODE,F1,400,0,0.10,-14.44,0.54,50.00,40.0,36.0,0.00,0.00,0.00,89.38,0.54,50.00,0.10,-14.44,6,63,6,63,40.0%,36.0%,200.000,0.000,0.00,-4.90,0.00,2.00,0.00,400.00,0.0%,1200.00,-10.00,HI,-50.00,-50.00
2026-09-28 07:39:36.074,DEMO_MODE,F1,400,0,0.10,-14.44,0.54,50.00,40.0,36.0,0.00,0.00,0.00,89.38,0.54,50.00,0.10,-14.44,6,63,6,63,40.0%,36.0%,200.000,0.000,0.00,-4.90,0.00,2.00,0.00,400.00,0.0%,1200.00,-10.00,HI,-50.00,-50.00
2026-09-28 07:39:36.195,DEMO_MODE,F1,400,0,0.10,-14.44,0.54,50.00,40.0,36.0,0.00,0.00,0.00,89.38,0.54,50.00,0.10,-14.44,6,63,6,63,40.0%,36.0%,200.000,0.000,0.00,-4.90,0.00,2.00,0.00,400.00,0.0%,1200.00,-10.00,HI,-50.00,-50.00
2026-09-28 07:39:36.315,DEMO_MODE,F1,400,0,0.10,-14.44,0.54,50.00,40.0,36.0,0.00,0.00,0.00,89.38,0.54,50.00,0.10,-14.44,6,63,6,63,40.0%,36.0%,200.000,0.000,0.00,-4.90,0.00,2.00,0.00,400.00,0.0%,1200.00,-10.00,HI,-50.00,-50.00
2026-09-28 07:39:36.436,DEMO_MODE,F1,400,0,0.10,-14.44,0.54,50.00,40.0,36.0,0.00,0.00,0.00,89.38,0.54,50.00,0.10,-14.44,6,63,6,63,40.0%,36.0%,200.000,0.000,0.00,-4.90,0.00,2.00,0.00,400.00,0.0%,1200.00,-10.00,HI,-50.00,-50.00
2026-09-28 07:39:36.557,DEMO_MODE,F1,400,0,0.10,-14.44,0.54,50.00,40.0,36.0,0.00,0.00,0.00,89.38,0.54,50.00,0.10,-14.44,6,63,6,63,40.0%,36.0%,200.000,0.000,0.00,-4.90,0.00,2.00,0.00,400.00,0.0%,1200.00,-10.00,HI,-50.00,-50.00
2026-09-28 07:39:36.678,DEMO_MODE,F1,400,0,0.10,-14.44,0.54,50.00,40.0,36.0,0.00,0.00,0.00,89.38,0.54,50.00,0.10,-14.44,6,63,6,63,40.0%,36.0%,200.000,0.000,0.00,-4.90,0.00,2.00,0.00,400.00,0.0%,1200.00,-10.00,HI,-50.00,-50.00
2026-09-28 07:39:36.799,DEMO_MODE,F1,400,0,0.10,-14.44,0.54,50.00,40.0,36.0,0.00,0.00,0.00,89.38,0.54,50.00,0.10,-14.44,6,63,6,63,40.0%,36.0%,200.000,0.000,0.00,-4.90,0.00,2.00,0.00,400.00,0.0%,1200.00,-10.00,HI,-50.00,-50.00
2026-09-28 07:39:36.920,DEMO_MODE,F1,400,0,0.10,-14.44,0.54,50.00,40.0,36.0,0.00,0.00,0.00,89.38,0.54,50.00,0.10,-14.44,6,63,6,63,40.0%,36.0%,200.000,0.000,0.00,-4.90,0.00,2.00,0.00,400.00,0.0%,1200.00,-10.00,HI,-50.00,-50.00
2026-09-28 07:39:37.041,DEMO_MODE,F1,400,0,0.10,-14.44,0.54,50.00,40.0,36.0,0.00,0.00,0.00,89.38,0.54,50.00,0.10,-14.44,6,63,6,63,40.0%,36.0%,200.000,0.000,0.00,-4.90,0.00,2.00,0.00,400.00,0.0%,1200.00,-10.00,HI,-50.00,-50.00
2026-09-28 07:39:37.162,DEMO_MODE,F1,400,0,0.10,-14.44,0.54,50.00,40.0,36.0,0.00,0.00,0.00,89.38,0.54,50.00,0.10,-14.44,6,63,6,63,40.0%,36.0%,200.000,0.000,0.00,-4.90,0.00,2.00,0.00,400.00,0.0%,1200.00,-10.00,HI,-50.00,-50.00
2026-09-28 07:39:37.283,DEMO_MODE,F1,400,0,0.10,-14.44,0.54,50.00,40.0,36.0,0.00,0.00,0.00,89.38,0.54,50.00,0.10,-14.44,6,63,6,63,40.0%,36.0%,200.000,0.000,0.00,-4.90,0.00,2.00,0.00,400.00,0.0%,1200.00,-10.00,HI,-50.00,-50.00
2026-09-28 07:39:37.403,DEMO_MODE,F1,400,0,0.10,-14.44,0.54,50.00,40.0,36.0,0.00,0.00,0.00,89.38,0.54,50.00,0.10,-14.44,6,63,6,63,40.0%,36.0%,200.000,0.000,0.00,-4.90,0.00,2.00,0.00,400.00,0.0%,1200.00,-10.00,HI,-50.00,-50.00
2026-09-28 07:39:37.524,DEMO_MODE,F1,400,0,0.10,-14.44,0.54,50.00,40.0,36.0,0.00,0.00,0.00,89.38,0.54,50.00,0.10,-14.44,6,63,6,63,40.0%,36.0%,200.000,0.000,0.00,-4.90,0.00,2.00,0.00,400.00,0.0%,1200.00,-10.00,HI,-50.00,-50.00
2026-09-28 07:39:37.645,DEMO_MODE,F1,400,0,0.10,-14.44,0.54,50.00,40.0,36.0,0.00,0.00,0.00,89.38,0.54,50.00,0.10,-14.44,6,63,6,63,40.0%,36.0%,200.000,0.000,0.00,-4.90,0.00,2.00,0.00,400.00,0.0%,1200.00,-10.00,HI,-50.00,-50.00
2026-09-28 07:39:37.765,DEMO_MODE,F1,400,0,0.10,-14.44,0.54,50.00,40.0,36.0,0.00,0.00,0.00,89.38,0.54,50.00,0.10,-14.44,6,63,6,63,40.0%,36.0%,200.000,0.000,0.00,-4.90,0.00,2.00,0.00,400.00,0.0%,1200.00,-10.00,HI,-50.00,-50.00
2026-09-28 07:39:37.886,DEMO_MODE,F1,400,0,0.10,-14.44,0.54,50.00,40.0,36.0,0.00,0.00,0.00,89.38,0.54,50.00,0.10,-14.44,6,63,6,63,40.0%,36.0%,200.000,0.000,0.00,-4.90,0.00,2.00,0.00,400.00,0.0%,1200.00,-10.00,HI,-50.00,-50.00
2026-09-28 07:39:38.007,DEMO_MODE,F1,400,0,0.10,-14.44,0.54,50.00,40.0,36.0,0.00,0.00,0.00,89.38,0.54,50.00,0.10,-14.44,6,63,6,63,40.0%,36.0%,200.000,0.000,0.00,-4.90,0.00,2.00,0.00,400.00,0.0%,1200.00,-10.00,HI,-50.00,-50.00
2026-09-28 07:39:38.127,DEMO_MODE,F1,400,0,0.10,-14.44,0.54,50.00,40.0,36.0,0.00,0.00,0.00,89.38,0.54,50.00,0.10,-14.44,6,63,6,63,40.0%,36.0%,200.000,0.000,0.00,-4.90,0.00,2.00,0.00,400.00,0.0%,1200.00,-10.00,HI,-50.00,-50.00
2026-09-28 07:39:38.248,DEMO_MODE,F1,400,0,0.10,-14.44,0.54,50.00,40.0,36.0,0.00,0.00,0.00,89.38,0.54,50.00,0.10,-14.44,6,63,6,63,40.0%,36.0%,200.000,0.000,0.00,-4.90,0.00,2.00,0.00,400.00,0.0%,1200.00,-10.00,HI,-50.00,-50.00
2026-09-28 07:39:38.368,DEMO_MODE,F1,400,0,0.10,-14.44,0.54,50.00,40.0,36.0,0.00,0.00,0.00,89.38,0.54,50.00,0.10,-14.44,6,63,6,63,40.0%,36.0%,200.000,0.000,0.00,-4.90,0.00,2.00,0.00,400.00,0.0%,1200.00,-10.00,HI,-50.00,-50.00
2026-09-28 07:39:38.489,DEMO_MODE,F1,400,0,0.10,-14.44,0.54,50.00,40.0,36.0,0.00,0.00,0.00,89.38,0.54,50.00,0.10,-14.44,6,63,6,63,40.0%,36.0%,200.000,0.000,0.00,-4.90,0.00,2.00,0.00,400.00,0.0%,1200.00,-10.00,HI,-50.00,-50.00
2026-09-28 07:39:38.609,DEMO_MODE,F1,400,0,0.10,-14.44,0.54,50.00,40.0,36.0,0.00,0.00,0.00,89.38,0.54,50.00,0.10,-14.44,6,63,6,63,40.0%,36.0%,200.000,0.000,0.00,-4.90,0.00,2.00,0.00,400.00,0.0%,1200.00,-10.00,HI,-50.00,-50.00
2026-09-28 07:39:38.730,DEMO_MODE,F1,500,0,0.10,-14.44,0.54,50.00,50.0,40.0,0.00,0.00,0.00,89.38,0.54,50.00,0.10,-14.44,6,63,6,63,50.0%,40.0%,250.000,0.000,0.00,-4.90,0.00,2.00,0.00,500.00,0.0%,1200.00,0.00,HI,-50.00,-50.00
2026-09-28 07:39:38.851,DEMO_MODE,F1,500,0,0.10,-14.44,0.54,50.00,50.0,40.0,0.00,0.00,0.00,89.38,0.54,50.00,0.10,-14.44,6,63,6,63,50.0%,40.0%,250.000,0.000,0.00,-4.90,0.00,2.00,0.00,500.00,0.0%,1200.00,0.00,HI,-50.00,-50.00
2026-09-28 07:39:38.971,DEMO_MODE,F1,500,0,0.10,-14.44,0.54,50.00,50.0,40.0,0.00,0.00,0.00,89.38,0.54,50.00,0.10,-14.44,6,63,6,63,50.0%,40.0%,250.000,0.000,0.00,-4.90,0.00,2.00,0.00,500.00,0.0%,1200.00,0.00,HI,-50.00,-50.00
2026-09-28 07:39:39.092,DEMO_MODE,F1,500,0,0.10,-14.44,0.54,50.00,50.0,40.0,0.00,0.00,0.00,89.38,0.54,50.00,0.10,-14.44,6,63,6,63,50.0%,40.0%,250.000,0.000,0.00,-4.90,0.00,2.00,0.00,500.00,0.0%,1200.00,0.00,HI,-50.00,-50.00
2026-09-28 07:39:39.212,DEMO_MODE,F1,500,0,0.10,-14.44,0.54,50.00,50.0,40.0,0.00,0.00,0.00,89.38,0.54,50.00,0.10,-14.44,6,63,6,63,50.0%,40.0%,250.000,0.000,0.00,-4.90,0.00,2.00,0.00,500.00,0.0%,1200.00,0.00,HI,-50.00,-50.00
2026-09-28 07:39:39.333,DEMO_MODE,F1,500,0,0.10,-14.44,0.54,50.00,50.0,40.0,0.00,0.00,0.00,89.38,0.54,50.00,0.10,-14.44,6,63,6,63,50.0%,40.0%,250.000,0.000,0.00,-4.90,0.00,2.00,0.00,500.00,0.0%,1200.00,0.00,HI,-50.00,-50.00
2026-09-28 07:39:39.454,DEMO_MODE,F1,500,0,0.10,-14.44,0.54,50.00,50.0,40.0,0.00,0.00,0.00,89.38,0.54,50.00,0.10,-14.44,6,63,6,63,50.0%,40.0%,250.000,0.000,0.00,-4.90,0.00,2.00,0.00,500.00,0.0%,1200.00,0.00,HI,-50.00,-50.00
2026-09-28 07:39:39.574,DEMO_MODE,F1,500,0,0.10,-14.44,0.54,50.00,50.0,40.0,0.00,0.00,0.00,89.38,0.54,50.00,0.10,-14.44,6,63,6,63,50.0%,40.0%,250.000,0.000,0.00,-4.90,0.00,2.00,0.00,500.00,0.0%,1200.00,0.00,HI,-50.00,-50.00
2026-09-28 07:39:39.696,DEMO_MODE,F1,500,0,0.10,-14.44,0.54,50.00,50.0,40.0,0.00,0.00,0.00,89.38,0.54,50.00,0.10,-14.44,6,63,6,63,50.0%,40.0%,250.000,0.000,0.00,-4.90,0.00,2.00,0.00,500.00,0.0%,1200.00,0.00,HI,-50.00,-50.00
2026-09-28 07:39:39.816,DEMO_MODE,F1,500,0,0.10,-14.44,0.54,50.00,50.0,40.0,0.00,0.00,0.00,89.38,0.54,50.00,0.10,-14.44,6,63,6,63,50.0%,40.0%,250.000,0.000,0.00,-4.90,0.00,2.00,0.00,500.00,0.0%,1200.00,0.00,HI,-50.00,-50.00
2026-09-28 07:39:39.937,DEMO_MODE,F1,500,0,0.10,-14.44,0.54,50.00,50.0,40.0,0.00,0.00,0.00,89.38,0.54,50.00,0.10,-14.44,6,63,6,63,50.0%,40.0%,250.000,0.000,0.00,-4.90,0.00,2.00,0.00,500.00,0.0%,1200.00,0.00,HI,-50.00,-50.00
2026-09-28 07:39:40.058,DEMO_MODE,F1,500,0,0.10,-14.44,0.54,50.00,50.0,40.0,0.00,0.00,0.00,89.38,0.54,50.00,0.10,-14.44,6,63,6,63,50.0%,40.0%,250.000,0.000,0.00,-4.90,0.00,2.00,0.00,500.00,0.0%,1200.00,0.00,HI,-50.00,-50.00
2026-09-28 07:39:40.178,DEMO_MODE,F1,500,0,0.10,-14.44,0.54,50.00,50.0,40.0,0.00,0.00,0.00,89.38,0.54,50.00,0.10,-14.44,6,63,6,63,50.0%,40.0%,250.000,0.000,0.00,-4.90,0.00,2.00,0.00,500.00,0.0%,1200.00,0.00,HI,-50.00,-50.00
2026-09-28 07:39:40.299,DEMO_MODE,F1,500,0,0.10,-14.44,0.54,50.00,50.0,40.0,0.00,0.00,0.00,89.38,0.54,50.00,0.10,-14.44,6,63,6,63,50.0%,40.0%,250.000,0.000,0.00,-4.90,0.00,2.00,0.00,500.00,0.0%,1200.00,0.00,HI,-50.00,-50.00
2026-09-28 07:39:40.420,DEMO_MODE,F1,500,0,0.10,-14.44,0.54,50.00,50.0,40.0,0.00,0.00,0.00,89.38,0.54,50.00,0.10,-14.44,6,63,6,63,50.0%,40.0%,250.000,0.000,0.00,-4.90,0.00,2.00,0.00,500.00,0.0%,1200.00,0.00,HI,-50.00,-50.00
2026-09-28 07:39:40.541,DEMO_MODE,F1,500,0,0.10,-14.44,0.54,50.00,50.0,40.0,0.00,0.00,0.00,89.38,0.54,50.00,0.10,-14.44,6,63,6,63,50.0%,40.0%,250.000,0.000,0.00,-4.90,0.00,2.00,0.00,500.00,0.0%,1200.00,0.00,HI,-50.00,-50.00
2026-09-28 07:39:40.661,DEMO_MODE,F1,500,0,0.10,-14.44,0.54,50.00,50.0,40.0,0.00,0.00,0.00,89.38,0.54,50.00,0.10,-14.44,6,63,6,63,50.0%,40.0%,250.000,0.000,0.00,-4.90,0.00,2.00,0.00,500.00,0.0%,1200.00,0.00,HI,-50.00,-50.00
2026-09-28 07:39:40.782,DEMO_MODE,F1,500,0,0.10,-14.44,0.54,50.00,50.0,40.0,0.00,0.00,0.00,89.38,0.54,50.00,0.10,-14.44,6,63,6,63,50.0%,40.0%,250.000,0.000,0.00,-4.90,0.00,2.00,0.00,500.00,0.0%,1200.00,0.00,HI,-50.00,-50.00
2026-09-28 07:39:40.903,DEMO_MODE,F1,500,0,0.10,-14.44,0.54,50.00,50.0,40.0,0.00,0.00,0.00,89.38,0.54,50.00,0.10,-14.44,6,63,6,63,50.0%,40.0%,250.000,0.000,0.00,-4.90,0.00,2.00,0.00,500.00,0.0%,1200.00,0.00,HI,-50.00,-50.00
2026-09-28 07:39:41.025,DEMO_MODE,F1,500,0,0.10,-14.44,0.54,50.00,50.0,40.0,0.00,0.00,0.00,89.38,0.54,50.00,0.10,-14.44,6,63,6,63,50.0%,40.0%,250.000,0.000,0.00,-4.90,0.00,2.00,0.00,500.00,0.0%,1200.00,0.00,HI,-50.00,-50.00
2026-09-28 07:39:41.146,DEMO_MODE,F1,500,0,0.10,-14.44,0.54,50.00,50.0,40.0,0.00,0.00,0.00,89.38,0.54,50.00,0.10,-14.44,6,63,6,63,50.0%,40.0%,250.000,0.000,0.00,-4.90,0.00,2.00,0.00,500.00,0.0%,1200.00,0.00,HI,-50.00,-50.00
2026-09-28 07:39:41.266,DEMO_MODE,F1,500,0,0.10,-14.44,0.54,50.00,50.0,40.0,0.00,0.00,0.00,89.38,0.54,50.00,0.10,-14.44,6,63,6,63,50.0%,40.0%,250.000,0.000,0.00,-4.90,0.00,2.00,0.00,500.00,0.0%,1200.00,0.00,HI,-50.00,-50.00
2026-09-28 07:39:41.387,DEMO_MODE,F1,500,0,0.10,-14.44,0.54,50.00,50.0,40.0,0.00,0.00,0.00,89.38,0.54,50.00,0.10,-14.44,6,63,6,63,50.0%,40.0%,250.000,0.000,0.00,-4.90,0.00,2.00,0.00,500.00,0.0%,1200.00,0.00,HI,-50.00,-50.00
2026-09-28 07:39:41.507,DEMO_MODE,F1,500,0,0.10,-14.44,0.54,50.00,50.0,40.0,0.00,0.00,0.00,89.38,0.54,50.00,0.10,-14.44,6,63,6,63,50.0%,40.0%,250.000,0.000,0.00,-4.90,0.00,2.00,0.00,500.00,0.0%,1200.00,0.00,HI,-50.00,-50.00
2026-09-28 07:39:41.628,DEMO_MODE,F1,500,0,0.10,-14.44,0.54,50.00,50.0,40.0,0.00,0.00,0.00,89.38,0.54,50.00,0.10,-14.44,6,63,6,63,50.0%,40.0%,250.000,0.000,0.00,-4.90,0.00,2.00,0.00,500.00,0.0%,1200.00,0.00,HI,-50.00,-50.00
2026-09-28 07:39:41.749,DEMO_MODE,F1,500,0,0.10,-14.44,0.54,50.00,50.0,40.0,0.00,0.00,0.00,89.38,0.54,50.00,0.10,-14.44,6,63,6,63,50.0%,40.0%,250.000,0.000,0.00,-4.90,0.00,2.00,0.00,500.00,0.0%,1200.00,0.00,HI,-50.00,-50.00
2026-09-28 07:39:41.870,DEMO_MODE,F1,500,0,0.10,-14.44,0.54,50.00,50.0,40.0,0.00,0.00,0.00,89.38,0.54,50.00,0.10,-14.44,6,63,6,63,50.0%,40.0%,250.000,0.000,0.00,-4.90,0.00,2.00,0.00,500.00,0.0%,1200.00,0.00,HI,-50.00,-50.00
2026-09-28 07:39:41.991,DEMO_MODE,F1,500,0,0.10,-14.44,0.54,50.00,50.0,40.0,0.00,0.00,0.00,89.38,0.54,50.00,0.10,-14.44,6,63,6,63,50.0%,40.0%,250.000,0.000,0.00,-4.90,0.00,2.00,0.00,500.00,0.0%,1200.00,0.00,HI,-50.00,-50.00
2026-09-28 07:39:42.114,DEMO_MODE,F1,500,0,0.10,-14.44,0.54,50.00,50.0,40.0,0.00,0.00,0.00,89.38,0.54,50.00,0.10,-14.44,6,63,6,63,50.0%,40.0%,250.000,0.000,0.00,-4.90,0.00,2.00,0.00,500.00,0.0%,1200.00,0.00,HI,-50.00,-50.00
2026-09-28 07:39:42.235,DEMO_MODE,F1,500,0,0.10,-14.44,0.54,50.00,50.0,40.0,0.00,0.00,0.00,89.38,0.54,50.00,0.10,-14.44,6,63,6,63,50.0%,40.0%,250.000,0.000,0.00,-4.90,0.00,2.00,0.00,500.00,0.0%,1200.00,0.00,HI,-50.00,-50.00
2026-09-28 07:39:42.355,DEMO_MODE,F1,500,0,0.10,-14.44,0.54,50.00,50.0,40.0,0.00,0.00,0.00,89.38,0.54,50.00,0.10,-14.44,6,63,6,63,50.0%,40.0%,250.000,0.000,0.00,-4.90,0.00,2.00,0.00,500.00,0.0%,1200.00,0.00,HI,-50.00,-50.00
2026-09-28 07:39:42.476,DEMO_MODE,F1,500,0,0.10,-14.44,0.54,50.00,50.0,40.0,0.00,0.00,0.00,89.38,0.54,50.00,0.10,-14.44,6,63,6,63,50.0%,40.0%,250.000,0.000,0.00,-4.90,0.00,2.00,0.00,500.00,0.0%,1200.00,0.00,HI,-50.00,-50.00
2026-09-28 07:39:42.596,DEMO_MODE,F1,500,0,0.10,-14.44,0.54,50.00,50.0,40.0,0.00,0.00,0.00,89.38,0.54,50.00,0.10,-14.44,6,63,6,63,50.0%,40.0%,250.000,0.000,0.00,-4.90,0.00,2.00,0.00,500.00,0.0%,1200.00,0.00,HI,-50.00,-50.00
2026-09-28 07:39:42.718,DEMO_MODE,F1,500,1,0.10,-14.44,0.54,50.00,50.0,40.0,0.00,0.00,0.00,89.38,0.54,50.00,0.10,-14.44,6,63,6,63,50.0%,40.0%,250.000,0.000,0.00,-4.90,0.00,2.00,0.00,499.00,0.0%,1200.00,0.00,HI,-50.00,-50.00
2026-09-28 07:39:42.838,DEMO_MODE,F1,500,1,0.10,-14.44,0.54,50.00,50.0,40.0,0.00,0.00,0.00,89.38,0.54,50.00,0.10,-14.44,6,63,6,63,50.0%,40.0%,250.000,0.000,0.00,-4.90,0.00,2.00,0.00,499.00,0.0%,1200.00,0.00,HI,-50.00,-50.00
2026-09-28 07:39:42.959,DEMO_MODE,F1,500,1,0.10,-14.44,0.54,50.00,50.0,40.0,0.00,0.00,0.00,89.38,0.54,50.00,0.10,-14.44,6,63,6,63,50.0%,40.0%,250.000,0.000,0.00,-4.90,0.00,2.00,0.00,499.00,0.0%,1200.00,0.00,HI,-50.00,-50.00
2026-09-28 07:39:43.079,DEMO_MODE,F1,500,1,0.10,-14.44,0.54,50.00,50.0,40.0,0.00,0.00,0.00,89.38,0.54,50.00,0.10,-14.44,6,63,6,63,50.0%,40.0%,250.000,0.000,0.00,-4.90,0.00,2.00,0.00,499.00,0.0%,1200.00,0.00,HI,-50.00,-50.00
2026-09-28 07:39:43.201,DEMO_MODE,F1,500,1,0.10,-14.44,0.54,50.00,50.0,40.0,0.00,0.00,0.00,89.38,0.54,50.00,0.10,-14.44,6,63,6,63,50.0%,40.0%,250.000,0.000,0.00,-4.90,0.00,2.00,0.00,499.00,0.0%,1200.00,0.00,HI,-50.00,-50.00
2026-09-28 07:39:43.321,DEMO_MODE,F1,500,1,0.10,-14.44,0.54,50.00,50.0,40.0,0.00,0.00,0.00,89.38,0.54,50.00,0.10,-14.44,6,63,6,63,50.0%,40.0%,250.000,0.000,0.00,-4.90,0.00,2.00,0.00,499.00,0.0%,1200.00,0.00,HI,-50.00,-50.00
2026-09-28 07:39:43.442,DEMO_MODE,F1,500,1,0.10,-14.44,0.54,50.00,50.0,40.0,0.00,0.00,0.00,89.38,0.54,50.00,0.10,-14.44,6,63,6,63,50.0%,40.0%,250.000,0.000,0.00,-4.90,0.00,2.00,0.00,499.00,0.0%,1200.00,0.00,HI,-50.00,-50.00
2026-09-28 07:39:43.563,DEMO_MODE,F1,500,1,0.10,-14.44,0.54,50.00,50.0,40.0,0.00,0.00,0.00,89.38,0.54,50.00,0.10,-14.44,6,63,6,63,50.0%,40.0%,250.000,0.000,0.00,-4.90,0.00,2.00,0.00,499.00,0.0%,1200.00,0.00,HI,-50.00,-50.00
2026-09-28 07:39:43.684,DEMO_MODE,F1,500,1,0.10,-14.44,0.54,50.00,50.0,40.0,0.00,0.00,0.00,89.38,0.54,50.00,0.10,-14.44,6,63,6,63,50.0%,40.0%,250.000,0.000,0.00,-4.90,0.00,2.00,0.00,499.00,0.0%,1200.00,0.00,HI,-50.00,-50.00
2026-09-28 07:39:43.805,DEMO_MODE,F1,500,1,0.10,-14.44,0.54,50.00,50.0,44.0,0.00,0.00,0.00,89.38,0.54,50.00,0.10,-14.44,6,63,6,63,50.0%,44.0%,250.000,0.000,0.00,-4.90,0.00,2.00,0.00,499.00,0.0%,1200.00,0.00,HI,-50.00,-50.00
2026-09-28 07:39:43.925,DEMO_MODE,F1,500,1,0.10,-14.44,0.54,50.00,50.0,44.0,0.00,0.00,0.00,89.38,0.54,50.00,0.10,-14.44,6,63,6,63,50.0%,44.0%,250.000,0.000,0.00,-4.90,0.00,2.00,0.00,499.00,0.0%,1200.00,0.00,HI,-50.00,-50.00
2026-09-28 07:39:44.046,DEMO_MODE,F1,500,1,0.10,-14.44,0.54,50.00,50.0,44.0,0.00,0.00,0.00,89.38,0.54,50.00,0.10,-14.44,6,63,6,63,50.0%,44.0%,250.000,0.000,0.00,-4.90,0.00,2.00,0.00,499.00,0.0%,1200.00,0.00,HI,-50.00,-50.00
2026-09-28 07:39:44.166,DEMO_MODE,F1,500,1,0.10,-14.44,0.54,50.00,50.0,44.0,0.00,0.00,0.00,89.38,0.54,50.00,0.10,-14.44,6,63,6,63,50.0%,44.0%,250.000,0.000,0.00,-4.90,0.00,2.00,0.00,499.00,0.0%,1200.00,0.00,HI,-50.00,-50.00
2026-09-28 07:39:44.288,DEMO_MODE,F1,500,1,0.10,-14.44,0.54,50.00,50.0,44.0,0.00,0.00,0.00,89.38,0.54,50.00,0.10,-14.44,6,63,6,63,50.0%,44.0%,250.000,0.000,0.00,-4.90,0.00,2.00,0.00,499.00,0.0%,1200.00,0.00,HI,-50.00,-50.00
2026-09-28 07:39:44.408,DEMO_MODE,F1,500,1,0.10,-14.44,0.54,50.00,50.0,44.0,0.00,0.00,0.00,89.38,0.54,50.00,0.10,-14.44,6,63,6,63,50.0%,44.0%,250.000,0.000,0.00,-4.90,0.00,2.00,0.00,499.00,0.0%,1200.00,0.00,HI,-50.00,-50.00
2026-09-28 07:39:44.529,DEMO_MODE,F1,500,1,0.10,-14.44,0.54,50.00,50.0,44.0,0.00,0.00,0.00,89.38,0.54,50.00,0.10,-14.44,6,63,6,63,50.0%,44.0%,250.000,0.000,0.00,-4.90,0.00,2.00,0.00,499.00,0.0%,1200.00,0.00,HI,-50.00,-50.00
2026-09-28 07:39:44.650,DEMO_MODE,F1,500,1,0.10,-14.44,0.54,50.00,50.0,44.0,0.00,0.00,0.00,89.38,0.54,50.00,0.10,-14.44,6,63,6,63,50.0%,44.0%,250.000,0.000,0.00,-4.90,0.00,2.00,0.00,499.00,0.0%,1200.00,0.00,HI,-50.00,-50.00
2026-09-28 07:39:44.770,DEMO_MODE,F1,500,1,0.10,-14.44,0.54,50.00,50.0,44.0,0.00,0.00,0.00,89.38,0.54,50.00,0.10,-14.44,6,63,6,63,50.0%,44.0%,250.000,0.000,0.00,-4.90,0.00,2.00,0.00,499.00,0.0%,1200.00,0.00,HI,-50.00,-50.00
2026-09-28 07:39:44.891,DEMO_MODE,F1,500,1,0.10,-14.44,0.54,50.00,50.0,44.0,0.00,0.00,0.00,89.38,0.54,50.00,0.10,-14.44,6,63,6,63,50.0%,44.0%,250.000,0.000,0.00,-4.90,0.00,2.00,0.00,499.00,0.0%,1200.00,0.00,HI,-50.00,-50.00
2026-09-28 07:39:45.011,DEMO_MODE,F1,500,1,0.10,-14.44,0.54,50.00,50.0,44.0,0.00,0.00,0.00,89.38,0.54,50.00,0.10,-14.44,6,63,6,63,50.0%,44.0%,250.000,0.000,0.00,-4.90,0.00,2.00,0.00,499.00,0.0%,1200.00,0.00,HI,-50.00,-50.00
2026-09-28 07:39:45.132,DEMO_MODE,F1,500,1,0.10,-14.44,0.54,50.00,50.0,44.0,0.00,0.00,0.00,89.38,0.54,50.00,0.10,-14.44,6,63,6,63,50.0%,44.0%,250.000,0.000,0.00,-4.90,0.00,2.00,0.00,499.00,0.0%,1200.00,0.00,HI,-50.00,-50.00
2026-09-28 07:39:45.254,DEMO_MODE,F1,500,1,0.10,-14.44,0.54,50.00,50.0,44.0,0.00,0.00,0.00,89.38,0.54,50.00,0.10,-14.44,6,63,6,63,50.0%,44.0%,250.000,0.000,0.00,-4.90,0.00,2.00,0.00,499.00,0.0%,1200.00,0.00,HI,-50.00,-50.00
2026-09-28 07:39:45.374,DEMO_MODE,F1,500,1,0.10,-14.44,0.54,50.00,50.0,44.0,0.00,0.00,0.00,89.38,0.54,50.00,0.10,-14.44,6,63,6,63,50.0%,44.0%,250.000,0.000,0.00,-4.90,0.00,2.00,0.00,499.00,0.0%,1200.00,0.00,HI,-50.00,-50.00
2026-09-28 07:39:45.495,DEMO_MODE,F1,500,1,0.10,-14.44,0.54,50.00,50.0,44.0,0.00,0.00,0.00,89.38,0.54,50.00,0.10,-14.44,6,63,6,63,50.0%,44.0%,250.000,0.000,0.00,-4.90,0.00,2.00,0.00,499.00,0.0%,1200.00,0.00,HI,-50.00,-50.00
2026-09-28 07:39:45.615,DEMO_MODE,F1,500,1,0.10,-14.44,0.54,50.00,50.0,44.0,0.00,0.00,0.00,89.38,0.54,50.00,0.10,-14.44,6,63,6,63,50.0%,44.0%,250.000,0.000,0.00,-4.90,0.00,2.00,0.00,499.00,0.0%,1200.00,0.00,HI,-50.00,-50.00
2026-09-28 07:39:45.736,DEMO_MODE,F1,500,1,0.10,-14.44,0.54,50.00,50.0,44.0,0.00,0.00,0.00,89.38,0.54,50.00,0.10,-14.44,6,63,6,63,50.0%,44.0%,250.000,0.000,0.00,-4.90,0.00,2.00,0.00,499.00,0.0%,1200.00,0.00,HI,-50.00,-50.00
2026-09-28 07:39:45.857,DEMO_MODE,F1,500,1,0.10,-14.44,0.54,50.00,50.0,44.0,0.00,0.00,0.00,89.38,0.54,50.00,0.10,-14.44,6,63,6,63,50.0%,44.0%,250.000,0.000,0.00,-4.90,0.00,2.00,0.00,499.00,0.0%,1200.00,0.00,HI,-50.00,-50.00
2026-09-28 07:39:45.978,DEMO_MODE,F1,500,1,0.10,-14.44,0.54,50.00,50.0,44.0,0.00,0.00,0.00,89.38,0.54,50.00,0.10,-14.44,6,63,6,63,50.0%,44.0%,250.000,0.000,0.00,-4.90,0.00,2.00,0.00,499.00,0.0%,1200.00,0.00,HI,-50.00,-50.00
2026-09-28 07:39:46.098,DEMO_MODE,F1,500,1,0.10,-14.44,0.54,50.00,50.0,44.0,0.00,0.00,0.00,89.38,0.54,50.00,0.10,-14.44,6,63,6,63,50.0%,44.0%,250.000,0.000,0.00,-4.90,0.00,2.00,0.00,499.00,0.0%,1200.00,0.00,HI,-50.00,-50.00
2026-09-28 07:39:46.219,DEMO_MODE,F1,500,1,0.10,-14.44,0.54,50.00,50.0,44.0,0.00,0.00,0.00,89.38,0.54,50.00,0.10,-14.44,6,63,6,63,50.0%,44.0%,250.000,0.000,0.00,-4.90,0.00,2.00,0.00,499.00,0.0%,1200.00,0.00,HI,-50.00,-50.00
2026-09-28 07:39:46.339,DEMO_MODE,F1,500,1,0.10,-14.44,0.54,50.00,50.0,44.0,0.00,0.00,0.00,89.38,0.54,50.00,0.10,-14.44,6,63,6,63,50.0%,44.0%,250.000,0.000,0.00,-4.90,0.00,2.00,0.00,499.00,0.0%,1200.00,0.00,HI,-50.00,-50.00
2026-09-28 07:39:46.460,DEMO_MODE,F1,500,1,0.10,-14.44,0.54,50.00,50.0,44.0,0.00,0.00,0.00,89.38,0.54,50.00,0.10,-14.44,6,63,6,63,50.0%,44.0%,250.000,0.000,0.00,-4.90,0.00,2.00,0.00,499.00,0.0%,1200.00,0.00,HI,-50.00,-50.00
2026-09-28 07:39:46.580,DEMO_MODE,F1,500,1,0.10,-14.44,0.54,50.00,50.0,44.0,0.00,0.00,0.00,89.38,0.54,50.00,0.10,-14.44,6,63,6,63,50.0%,44.0%,250.000,0.000,0.00,-4.90,0.00,2.00,0.00,499.00,0.0%,1200.00,0.00,HI,-50.00,-50.00
2026-09-28 07:39:46.701,DEMO_MODE,F1,500,1,0.10,-14.44,0.54,50.00,50.0,44.0,0.00,0.00,0.00,89.38,0.54,50.00,0.10,-14.44,6,63,6,63,50.0%,44.0%,250.000,0.000,0.00,-4.90,0.00,2.00,0.00,499.00,0.0%,1200.00,0.00,HI,-50.00,-50.00
2026-09-28 07:39:46.821,DEMO_MODE,F1,500,1,0.10,-14.44,0.54,50.00,50.0,44.0,0.00,0.00,0.00,89.38,0.54,50.00,0.10,-14.44,6,63,6,63,50.0%,44.0%,250.000,0.000,0.00,-4.90,0.00,2.00,0.00,499.00,0.0%,1200.00,0.00,HI,-50.00,-50.00
2026-09-28 07:39:46.942,DEMO_MODE,F1,500,1,0.10,-14.44,0.54,50.00,50.0,44.0,0.00,0.00,0.00,89.38,0.54,50.00,0.10,-14.44,6,63,6,63,50.0%,44.0%,250.000,0.000,0.00,-4.90,0.00,2.00,0.00,499.00,0.0%,1200.00,0.00,HI,-50.00,-50.00
2026-09-28 07:39:47.063,DEMO_MODE,F1,500,1,0.10,-14.44,0.54,50.00,50.0,44.0,0.00,0.00,0.00,89.38,0.54,50.00,0.10,-14.44,6,63,6,63,50.0%,44.0%,250.000,0.000,0.00,-4.90,0.00,2.00,0.00,499.00,0.0%,1200.00,0.00,HI,-50.00,-50.00
2026-09-28 07:39:47.183,DEMO_MODE,F1,500,1,0.10,-14.44,0.54,50.00,50.0,44.0,0.00,0.00,0.00,89.38,0.54,50.00,0.10,-14.44,6,63,6,63,50.0%,44.0%,250.000,0.000,0.00,-4.90,0.00,2.00,0.00,499.00,0.0%,1200.00,0.00,HI,-50.00,-50.00
2026-09-28 07:39:47.304,DEMO_MODE,F1,500,1,0.10,-14.44,0.54,50.00,50.0,44.0,0.00,0.00,0.00,89.38,0.54,50.00,0.10,-14.44,6,63,6,63,50.0%,44.0%,250.000,0.000,0.00,-4.90,0.00,2.00,0.00,499.00,0.0%,1200.00,0.00,HI,-50.00,-50.00
2026-09-28 07:39:47.425,DEMO_MODE,F1,500,1,0.10,-14.44,0.54,50.00,50.0,44.0,0.00,0.00,0.00,89.38,0.54,50.00,0.10,-14.44,6,63,6,63,50.0%,44.0%,250.000,0.000,0.00,-4.90,0.00,2.00,0.00,499.00,0.0%,1200.00,0.00,HI,-50.00,-50.00
2026-09-28 07:39:47.545,DEMO_MODE,F1,500,1,0.10,-14.44,0.54,50.00,50.0,44.0,0.00,0.00,0.00,89.38,0.54,50.00,0.10,-14.44,6,63,6,63,50.0%,44.0%,250.000,0.000,0.00,-4.90,0.00,2.00,0.00,499.00,0.0%,1200.00,0.00,HI,-50.00,-50.00
2026-09-28 07:39:47.666,DEMO_MODE,F1,500,1,0.10,-14.44,0.54,50.00,50.0,44.0,0.00,0.00,0.00,89.38,0.54,50.00,0.10,-14.44,6,63,6,63,50.0%,44.0%,250.000,0.000,0.00,-4.90,0.00,2.00,0.00,499.00,0.0%,1200.00,0.00,HI,-50.00,-50.00
2026-09-28 07:39:47.786,DEMO_MODE,F1,500,1,0.10,-14.44,0.54,50.00,50.0,44.0,0.00,0.00,0.00,89.38,0.54,50.00,0.10,-14.44,6,63,6,63,50.0%,44.0%,250.000,0.000,0.00,-4.90,0.00,2.00,0.00,499.00,0.0%,1200.00,0.00,HI,-50.00,-50.00
2026-09-28 07:39:47.908,DEMO_MODE,F1,500,1,0.10,-14.44,0.54,50.00,50.0,44.0,0.00,0.00,0.00,89.38,0.54,50.00,0.10,-14.44,6,63,6,63,50.0%,44.0%,250.000,0.000,0.00,-4.90,0.00,2.00,0.00,499.00,0.0%,1200.00,0.00,HI,-50.00,-50.00
2026-09-28 07:39:48.028,DEMO_MODE,F1,500,1,0.10,-14.44,0.54,50.00,50.0,44.0,0.00,0.00,0.00,89.38,0.54,50.00,0.10,-14.44,6,63,6,63,50.0%,44.0%,250.000,0.000,0.00,-4.90,0.00,2.00,0.00,499.00,0.0%,1200.00,0.00,HI,-50.00,-50.00
2026-09-28 07:39:48.149,DEMO_MODE,F1,500,1,0.10,-14.44,0.54,50.00,50.0,44.0,0.00,0.00,0.00,89.38,0.54,50.00,0.10,-14.44,6,63,6,63,50.0%,44.0%,250.000,0.000,0.00,-4.90,0.00,2.00,0.00,499.00,0.0%,1200.00,0.00,HI,-50.00,-50.00
2026-09-28 07:39:48.270,DEMO_MODE,F1,500,1,0.10,-14.44,0.54,50.00,50.0,44.0,0.00,0.00,0.00,89.38,0.54,50.00,0.10,-14.44,6,63,6,63,50.0%,44.0%,250.000,0.000,0.00,-4.90,0.00,2.00,0.00,499.00,0.0%,1200.00,0.00,HI,-50.00,-50.00
2026-09-28 07:39:48.391,DEMO_MODE,F1,500,1,0.10,-14.44,0.54,50.00,50.0,44.0,0.00,0.00,0.00,89.38,0.54,50.00,0.10,-14.44,6,63,6,63,50.0%,44.0%,250.000,0.000,0.00,-4.90,0.00,2.00,0.00,499.00,0.0%,1200.00,0.00,HI,-50.00,-50.00
2026-09-28 07:39:48.512,DEMO_MODE,F1,500,1,0.10,-14.44,0.54,50.00,50.0,44.0,0.00,0.00,0.00,89.38,0.54,50.00,0.10,-14.44,6,63,6,63,50.0%,44.0%,250.000,0.000,0.00,-4.90,0.00,2.00,0.00,499.00,0.0%,1200.00,0.00,HI,-50.00,-50.00
2026-09-28 07:39:48.633,DEMO_MODE,F1,500,1,0.10,-14.44,0.54,50.00,50.0,44.0,0.00,0.00,0.00,89.38,0.54,50.00,0.10,-14.44,6,63,6,63,50.0%,44.0%,250.000,0.000,0.00,-4.90,0.00,2.00,0.00,499.00,0.0%,1200.00,0.00,HI,-50.00,-50.00
2026-09-28 07:39:48.754,DEMO_MODE,F1,600,1,0.10,-14.44,0.54,50.00,60.0,48.0,0.00,0.00,0.00,89.38,0.54,50.00,0.10,-14.44,6,63,6,63,60.0%,48.0%,300.000,0.000,0.00,-4.90,0.00,2.00,0.00,599.00,0.0%,1200.00,10.00,HI,-50.00,-50.00
2026-09-28 07:39:48.875,DEMO_MODE,F1,600,1,0.10,-14.44,0.54,50.00,60.0,48.0,0.00,0.00,0.00,89.38,0.54,50.00,0.10,-14.44,6,63,6,63,60.0%,48.0%,300.000,0.000,0.00,-4.90,0.00,2.00,0.00,599.00,0.0%,1200.00,10.00,HI,-50.00,-50.00
2026-09-28 07:39:48.995,DEMO_MODE,F1,600,1,0.10,-14.44,0.54,50.00,60.0,48.0,0.00,0.00,0.00,89.38,0.54,50.00,0.10,-14.44,6,63,6,63,60.0%,48.0%,300.000,0.000,0.00,-4.90,0.00,2.00,0.00,599.00,0.0%,1200.00,10.00,HI,-50.00,-50.00
2026-09-28 07:39:49.119,DEMO_MODE,F1,600,1,0.10,-14.44,0.54,50.00,60.0,48.0,0.00,0.00,0.00,89.38,0.54,50.00,0.10,-14.44,6,63,6,63,60.0%,48.0%,300.000,0.000,0.00,-4.90,0.00,2.00,0.00,599.00,0.0%,1200.00,10.00,HI,-50.00,-50.00
2026-09-28 07:39:49.240,DEMO_MODE,F1,600,1,0.10,-14.44,0.54,50.00,60.0,48.0,0.00,0.00,0.00,89.38,0.54,50.00,0.10,-14.44,6,63,6,63,60.0%,48.0%,300.000,0.000,0.00,-4.90,0.00,2.00,0.00,599.00,0.0%,1200.00,10.00,HI,-50.00,-50.00
2026-09-28 07:39:49.362,DEMO_MODE,F1,600,1,0.10,-14.44,0.54,50.00,60.0,48.0,0.00,0.00,0.00,89.38,0.54,50.00,0.10,-14.44,6,63,6,63,60.0%,48.0%,300.000,0.000,0.00,-4.90,0.00,2.00,0.00,599.00,0.0%,1200.00,10.00,HI,-50.00,-50.00
2026-09-28 07:39:49.483,DEMO_MODE,F1,600,1,0.10,-14.44,0.54,50.00,60.0,48.0,0.00,0.00,0.00,89.38,0.54,50.00,0.10,-14.44,6,63,6,63,60.0%,48.0%,300.000,0.000,0.00,-4.90,0.00,2.00,0.00,599.00,0.0%,1200.00,10.00,HI,-50.00,-50.00
2026-09-28 07:39:49.604,DEMO_MODE,F1,600,1,0.10,-14.44,0.54,50.00,60.0,48.0,0.00,0.00,0.00,89.38,0.54,50.00,0.10,-14.44,6,63,6,63,60.0%,48.0%,300.000,0.000,0.00,-4.90,0.00,2.00,0.00,599.00,0.0%,1200.00,10.00,HI,-50.00,-50.00
2026-09-28 07:39:49.725,DEMO_MODE,F1,600,1,0.10,-14.44,0.54,50.00,60.0,48.0,0.00,0.00,0.00,89.38,0.54,50.00,0.10,-14.44,6,63,6,63,60.0%,48.0%,300.000,0.000,0.00,-4.90,0.00,2.00,0.00,599.00,0.0%,1200.00,10.00,HI,-50.00,-50.00
2026-09-28 07:39:49.846,DEMO_MODE,F1,600,1,0.10,-14.44,0.54,50.00,60.0,48.0,0.00,0.00,0.00,89.38,0.54,50.00,0.10,-14.44,6,63,6,63,60.0%,48.0%,300.000,0.000,0.00,-4.90,0.00,2.00,0.00,599.00,0.0%,1200.00,10.00,HI,-50.00,-50.00
2026-09-28 07:39:49.967,DEMO_MODE,F1,600,1,0.10,-14.44,0.54,50.00,60.0,48.0,0.00,0.00,0.00,89.38,0.54,50.00,0.10,-14.44,6,63,6,63,60.0%,48.0%,300.000,0.000,0.00,-4.90,0.00,2.00,0.00,599.00,0.0%,1200.00,10.00,HI,-50.00,-50.00
2026-09-28 07:39:50.087,DEMO_MODE,F1,600,1,0.10,-14.44,0.54,50.00,60.0,48.0,0.00,0.00,0.00,89.38,0.54,50.00,0.10,-14.44,6,63,6,63,60.0%,48.0%,300.000,0.000,0.00,-4.90,0.00,2.00,0.00,599.00,0.0%,1200.00,10.00,HI,-50.00,-50.00
2026-09-28 07:39:50.209,DEMO_MODE,F1,600,1,0.10,-14.44,0.54,50.00,60.0,48.0,0.00,0.00,0.00,89.38,0.54,50.00,0.10,-14.44,6,63,6,63,60.0%,48.0%,300.000,0.000,0.00,-4.90,0.00,2.00,0.00,599.00,0.0%,1200.00,10.00,HI,-50.00,-50.00
2026-09-28 07:39:50.330,DEMO_MODE,F1,600,1,0.10,-14.44,0.54,50.00,60.0,48.0,0.00,0.00,0.00,89.38,0.54,50.00,0.10,-14.44,6,63,6,63,60.0%,48.0%,300.000,0.000,0.00,-4.90,0.00,2.00,0.00,599.00,0.0%,1200.00,10.00,HI,-50.00,-50.00
2026-09-28 07:39:50.450,DEMO_MODE,F1,600,1,0.10,-14.44,0.54,50.00,60.0,48.0,0.00,0.00,0.00,89.38,0.54,50.00,0.10,-14.44,6,63,6,63,60.0%,48.0%,300.000,0.000,0.00,-4.90,0.00,2.00,0.00,599.00,0.0%,1200.00,10.00,HI,-50.00,-50.00
2026-09-28 07:39:50.571,DEMO_MODE,F1,600,1,0.10,-14.44,0.54,50.00,60.0,48.0,0.00,0.00,0.00,89.38,0.54,50.00,0.10,-14.44,6,63,6,63,60.0%,48.0%,300.000,0.000,0.00,-4.90,0.00,2.00,0.00,599.00,0.0%,1200.00,10.00,HI,-50.00,-50.00
2026-09-28 07:39:50.692,DEMO_MODE,F1,600,1,0.10,-14.44,0.54,50.00,60.0,48.0,0.00,0.00,0.00,89.38,0.54,50.00,0.10,-14.44,6,63,6,63,60.0%,48.0%,300.000,0.000,0.00,-4.90,0.00,2.00,0.00,599.00,0.0%,1200.00,10.00,HI,-50.00,-50.00
2026-09-28 07:39:50.813,DEMO_MODE,F1,600,1,0.10,-14.44,0.54,50.00,60.0,48.0,0.00,0.00,0.00,89.38,0.54,50.00,0.10,-14.44,6,63,6,63,60.0%,48.0%,300.000,0.000,0.00,-4.90,0.00,2.00,0.00,599.00,0.0%,1200.00,10.00,HI,-50.00,-50.00
2026-09-28 07:39:50.933,DEMO_MODE,F1,600,1,0.10,-14.44,0.54,50.00,60.0,48.0,0.00,0.00,0.00,89.38,0.54,50.00,0.10,-14.44,6,63,6,63,60.0%,48.0%,300.000,0.000,0.00,-4.90,0.00,2.00,0.00,599.00,0.0%,1200.00,10.00,HI,-50.00,-50.00
2026-09-28 07:39:51.053,DEMO_MODE,F1,600,1,0.10,-14.44,0.54,50.00,60.0,48.0,0.00,0.00,0.00,89.38,0.54,50.00,0.10,-14.44,6,63,6,63,60.0%,48.0%,300.000,0.000,0.00,-4.90,0.00,2.00,0.00,599.00,0.0%,1200.00,10.00,HI,-50.00,-50.00
2026-09-28 07:39:51.174,DEMO_MODE,F1,600,1,0.10,-14.44,0.54,50.00,60.0,48.0,0.00,0.00,0.00,89.38,0.54,50.00,0.10,-14.44,6,63,6,63,60.0%,48.0%,300.000,0.000,0.00,-4.90,0.00,2.00,0.00,599.00,0.0%,1200.00,10.00,HI,-50.00,-50.00
2026-09-28 07:39:51.295,DEMO_MODE,F1,600,1,0.10,-14.44,0.54,50.00,60.0,48.0,0.00,0.00,0.00,89.38,0.54,50.00,0.10,-14.44,6,63,6,63,60.0%,48.0%,300.000,0.000,0.00,-4.90,0.00,2.00,0.00,599.00,0.0%,1200.00,10.00,HI,-50.00,-50.00
2026-09-28 07:39:51.422,DEMO_MODE,F1,600,1,0.10,-14.44,0.54,50.00,60.0,48.0,0.00,0.00,0.00,89.38,0.54,50.00,0.10,-14.44,6,63,6,63,60.0%,48.0%,300.000,0.000,0.00,-4.90,0.00,2.00,0.00,599.00,0.0%,1200.00,10.00,HI,-50.00,-50.00
2026-09-28 07:39:51.559,DEMO_MODE,F1,600,1,0.10,-14.44,0.54,50.00,60.0,48.0,0.00,0.00,0.00,89.38,0.54,50.00,0.10,-14.44,6,63,6,63,60.0%,48.0%,300.000,0.000,0.00,-4.90,0.00,2.00,0.00,599.00,0.0%,1200.00,10.00,HI,-50.00,-50.00
2026-09-28 07:39:51.679,DEMO_MODE,F1,600,1,0.10,-14.44,0.54,50.00,60.0,48.0,0.00,0.00,0.00,89.38,0.54,50.00,0.10,-14.44,6,63,6,63,60.0%,48.0%,300.000,0.000,0.00,-4.90,0.00,2.00,0.00,599.00,0.0%,1200.00,10.00,HI,-50.00,-50.00
2026-09-28 07:39:51.800,DEMO_MODE,F1,600,2,0.10,-14.44,0.54,50.00,60.0,48.0,0.00,0.00,0.00,89.38,0.54,50.00,0.10,-14.44,6,63,6,63,60.0%,48.0%,300.000,0.000,0.00,-4.90,0.00,1.99,0.00,598.00,0.0%,1200.00,10.00,HI,-50.00,-50.00
2026-09-28 07:39:51.920,DEMO_MODE,F1,600,2,0.10,-14.44,0.54,50.00,60.0,48.0,0.00,0.00,0.00,89.38,0.54,50.00,0.10,-14.44,6,63,6,63,60.0%,48.0%,300.000,0.000,0.00,-4.90,0.00,1.99,0.00,598.00,0.0%,1200.00,10.00,HI,-50.00,-50.00
2026-09-28 07:39:52.041,DEMO_MODE,F1,600,2,0.10,-14.44,0.54,50.00,60.0,48.0,0.00,0.00,0.00,89.38,0.54,50.00,0.10,-14.44,6,63,6,63,60.0%,48.0%,300.000,0.000,0.00,-4.90,0.00,1.99,0.00,598.00,0.0%,1200.00,10.00,HI,-50.00,-50.00
2026-09-28 07:39:52.163,DEMO_MODE,F1,600,2,0.10,-14.44,0.54,50.00,60.0,48.0,0.00,0.00,0.00,89.38,0.54,50.00,0.10,-14.44,6,63,6,63,60.0%,48.0%,300.000,0.000,0.00,-4.90,0.00,1.99,0.00,598.00,0.0%,1200.00,10.00,HI,-50.00,-50.00
2026-09-28 07:39:52.284,DEMO_MODE,F1,600,2,0.10,-14.44,0.54,50.00,60.0,48.0,0.00,0.00,0.00,89.38,0.54,50.00,0.10,-14.44,6,63,6,63,60.0%,48.0%,300.000,0.000,0.00,-4.90,0.00,1.99,0.00,598.00,0.0%,1200.00,10.00,HI,-50.00,-50.00
2026-09-28 07:39:52.410,DEMO_MODE,F1,600,2,0.10,-14.44,0.54,50.00,60.0,48.0,0.00,0.00,0.00,89.38,0.54,50.00,0.10,-14.44,6,63,6,63,60.0%,48.0%,300.000,0.000,0.00,-4.90,0.00,1.99,0.00,598.00,0.0%,1200.00,10.00,HI,-50.00,-50.00
2026-09-28 07:39:52.530,DEMO_MODE,F1,600,2,0.10,-14.44,0.54,50.00,60.0,48.0,0.00,0.00,0.00,89.38,0.54,50.00,0.10,-14.44,6,63,6,63,60.0%,48.0%,300.000,0.000,0.00,-4.90,0.00,1.99,0.00,598.00,0.0%,1200.00,10.00,HI,-50.00,-50.00
2026-09-28 07:39:52.656,DEMO_MODE,F1,600,2,0.10,-14.44,0.54,50.00,60.0,48.0,0.00,0.00,0.00,89.38,0.54,50.00,0.10,-14.44,6,63,6,63,60.0%,48.0%,300.000,0.000,0.00,-4.90,0.00,1.99,0.00,598.00,0.0%,1200.00,10.00,HI,-50.00,-50.00
2026-09-28 07:39:52.776,DEMO_MODE,F1,600,2,0.10,-14.44,0.54,50.00,60.0,48.0,0.00,0.00,0.00,89.38,0.54,50.00,0.10,-14.44,6,63,6,63,60.0%,48.0%,300.000,0.000,0.00,-4.90,0.00,1.99,0.00,598.00,0.0%,1200.00,10.00,HI,-50.00,-50.00
2026-09-28 07:39:52.902,DEMO_MODE,F1,600,2,0.10,-14.44,0.54,50.00,60.0,48.0,0.00,0.00,0.00,89.38,0.54,50.00,0.10,-14.44,6,63,6,63,60.0%,48.0%,300.000,0.000,0.00,-4.90,0.00,1.99,0.00,598.00,0.0%,1200.00,10.00,HI,-50.00,-50.00
2026-09-28 07:39:53.023,DEMO_MODE,F1,600,2,0.10,-14.44,0.54,50.00,60.0,48.0,0.00,0.00,0.00,89.38,0.54,50.00,0.10,-14.44,6,63,6,63,60.0%,48.0%,300.000,0.000,0.00,-4.90,0.00,1.99,0.00,598.00,0.0%,1200.00,10.00,HI,-50.00,-50.00
2026-09-28 07:39:53.149,DEMO_MODE,F1,600,2,0.10,-14.44,0.54,50.00,60.0,48.0,0.00,0.00,0.00,89.38,0.54,50.00,0.10,-14.44,6,63,6,63,60.0%,48.0%,300.000,0.000,0.00,-4.90,0.00,1.99,0.00,598.00,0.0%,1200.00,10.00,HI,-50.00,-50.00
2026-09-28 07:39:53.270,DEMO_MODE,F1,600,2,0.10,-14.44,0.54,50.00,60.0,48.0,0.00,0.00,0.00,89.38,0.54,50.00,0.10,-14.44,6,63,6,63,60.0%,48.0%,300.000,0.000,0.00,-4.90,0.00,1.99,0.00,598.00,0.0%,1200.00,10.00,HI,-50.00,-50.00
2026-09-28 07:39:53.396,DEMO_MODE,F1,600,2,0.10,-14.44,0.54,50.00,60.0,48.0,0.00,0.00,0.00,89.38,0.54,50.00,0.10,-14.44,6,63,6,63,60.0%,48.0%,300.000,0.000,0.00,-4.90,0.00,1.99,0.00,598.00,0.0%,1200.00,10.00,HI,-50.00,-50.00
2026-09-28 07:39:53.523,DEMO_MODE,F1,600,2,0.10,-14.44,0.54,50.00,60.0,48.0,0.00,0.00,0.00,89.38,0.54,50.00,0.10,-14.44,6,63,6,63,60.0%,48.0%,300.000,0.000,0.00,-4.90,0.00,1.99,0.00,598.00,0.0%,1200.00,10.00,HI,-50.00,-50.00
2026-09-28 07:39:53.650,DEMO_MODE,F1,600,2,0.10,-14.44,0.54,50.00,60.0,48.0,0.00,0.00,0.00,89.38,0.54,50.00,0.10,-14.44,6,63,6,63,60.0%,48.0%,300.000,0.000,0.00,-4.90,0.00,1.99,0.00,598.00,0.0%,1200.00,10.00,HI,-50.00,-50.00
2026-09-28 07:39:53.770,DEMO_MODE,F1,600,2,0.10,-14.44,0.54,50.00,60.0,48.0,0.00,0.00,0.00,89.38,0.54,50.00,0.10,-14.44,6,63,6,63,60.0%,48.0%,300.000,0.000,0.00,-4.90,0.00,1.99,0.00,598.00,0.0%,1200.00,10.00,HI,-50.00,-50.00
2026-09-28 07:39:53.896,DEMO_MODE,F1,600,2,0.10,-14.44,0.54,50.00,60.0,52.0,0.00,0.00,0.00,89.38,0.54,50.00,0.10,-14.44,6,63,6,63,60.0%,52.0%,300.000,0.000,0.00,-4.90,0.00,1.99,0.00,598.00,0.0%,1200.00,10.00,HI,-50.00,-50.00
2026-09-28 07:39:54.017,DEMO_MODE,F1,600,2,0.10,-14.44,0.54,50.00,60.0,52.0,0.00,0.00,0.00,89.38,0.54,50.00,0.10,-14.44,6,63,6,63,60.0%,52.0%,300.000,0.000,0.00,-4.90,0.00,1.99,0.00,598.00,0.0%,1200.00,10.00,HI,-50.00,-50.00
2026-09-28 07:39:54.143,DEMO_MODE,F1,600,2,0.10,-14.44,0.54,50.00,60.0,52.0,0.00,0.00,0.00,89.38,0.54,50.00,0.10,-14.44,6,63,6,63,60.0%,52.0%,300.000,0.000,0.00,-4.90,0.00,1.99,0.00,598.00,0.0%,1200.00,10.00,HI,-50.00,-50.00
2026-09-28 07:39:54.263,DEMO_MODE,F1,600,2,0.10,-14.44,0.54,50.00,60.0,52.0,0.00,0.00,0.00,89.38,0.54,50.00,0.10,-14.44,6,63,6,63,60.0%,52.0%,300.000,0.000,0.00,-4.90,0.00,1.99,0.00,598.00,0.0%,1200.00,10.00,HI,-50.00,-50.00
2026-09-28 07:39:54.390,DEMO_MODE,F1,600,2,0.10,-14.44,0.54,50.00,60.0,52.0,0.00,0.00,0.00,89.38,0.54,50.00,0.10,-14.44,6,63,6,63,60.0%,52.0%,300.000,0.000,0.00,-4.90,0.00,1.99,0.00,598.00,0.0%,1200.00,10.00,HI,-50.00,-50.00
2026-09-28 07:39:54.511,DEMO_MODE,F1,600,2,0.10,-14.44,0.54,50.00,60.0,52.0,0.00,0.00,0.00,89.38,0.54,50.00,0.10,-14.44,6,63,6,63,60.0%,52.0%,300.000,0.000,0.00,-4.90,0.00,1.99,0.00,598.00,0.0%,1200.00,10.00,HI,-50.00,-50.00
2026-09-28 07:39:54.637,DEMO_MODE,F1,600,2,0.10,-14.44,0.54,50.00,60.0,52.0,0.00,0.00,0.00,89.38,0.54,50.00,0.10,-14.44,6,63,6,63,60.0%,52.0%,300.000,0.000,0.00,-4.90,0.00,1.99,0.00,598.00,0.0%,1200.00,10.00,HI,-50.00,-50.00
2026-09-28 07:39:54.758,DEMO_MODE,F1,600,2,0.10,-14.44,0.54,50.00,60.0,52.0,0.00,0.00,0.00,89.38,0.54,50.00,0.10,-14.44,6,63,6,63,60.0%,52.0%,300.000,0.000,0.00,-4.90,0.00,1.99,0.00,598.00,0.0%,1200.00,10.00,HI,-50.00,-50.00
2026-09-28 07:39:54.884,DEMO_MODE,F1,600,2,0.10,-14.44,0.54,50.00,60.0,52.0,0.00,0.00,0.00,89.38,0.54,50.00,0.10,-14.44,6,63,6,63,60.0%,52.0%,300.000,0.000,0.00,-4.90,0.00,1.99,0.00,598.00,0.0%,1200.00,10.00,HI,-50.00,-50.00
2026-09-28 07:39:55.004,DEMO_MODE,F1,600,2,0.10,-14.44,0.54,50.00,60.0,52.0,0.00,0.00,0.00,89.38,0.54,50.00,0.10,-14.44,6,63,6,63,60.0%,52.0%,300.000,0.000,0.00,-4.90,0.00,1.99,0.00,598.00,0.0%,1200.00,10.00,HI,-50.00,-50.00
2026-09-28 07:39:55.130,DEMO_MODE,F1,600,2,0.10,-14.44,0.54,50.00,60.0,52.0,0.00,0.00,0.00,89.38,0.54,50.00,0.10,-14.44,6,63,6,63,60.0%,52.0%,300.000,0.000,0.00,-4.90,0.00,1.99,0.00,598.00,0.0%,1200.00,10.00,HI,-50.00,-50.00
2026-09-28 07:39:55.251,DEMO_MODE,F1,600,2,0.10,-14.44,0.54,50.00,60.0,52.0,0.00,0.00,0.00,89.38,0.54,50.00,0.10,-14.44,6,63,6,63,60.0%,52.0%,300.000,0.000,0.00,-4.90,0.00,1.99,0.00,598.00,0.0%,1200.00,10.00,HI,-50.00,-50.00
2026-09-28 07:39:55.377,DEMO_MODE,F1,600,2,0.10,-14.44,0.54,50.00,60.0,52.0,0.00,0.00,0.00,89.38,0.54,50.00,0.10,-14.44,6,63,6,63,60.0%,52.0%,300.000,0.000,0.00,-4.90,0.00,1.99,0.00,598.00,0.0%,1200.00,10.00,HI,-50.00,-50.00
2026-09-28 07:39:55.498,DEMO_MODE,F1,600,2,0.10,-14.44,0.54,50.00,60.0,52.0,0.00,0.00,0.00,89.38,0.54,50.00,0.10,-14.44,6,63,6,63,60.0%,52.0%,300.000,0.000,0.00,-4.90,0.00,1.99,0.00,598.00,0.0%,1200.00,10.00,HI,-50.00,-50.00
2026-09-28 07:39:55.625,DEMO_MODE,F1,600,2,0.10,-14.44,0.54,50.00,60.0,52.0,0.00,0.00,0.00,89.38,0.54,50.00,0.10,-14.44,6,63,6,63,60.0%,52.0%,300.000,0.000,0.00,-4.90,0.00,1.99,0.00,598.00,0.0%,1200.00,10.00,HI,-50.00,-50.00
2026-09-28 07:39:55.745,DEMO_MODE,F1,600,2,0.10,-14.44,0.54,50.00,60.0,52.0,0.00,0.00,0.00,89.38,0.54,50.00,0.10,-14.44,6,63,6,63,60.0%,52.0%,300.000,0.000,0.00,-4.90,0.00,1.99,0.00,598.00,0.0%,1200.00,10.00,HI,-50.00,-50.00
2026-09-28 07:39:55.866,DEMO_MODE,F1,600,2,0.10,-14.44,0.54,50.00,60.0,52.0,0.00,0.00,0.00,89.38,0.54,50.00,0.10,-14.44,6,63,6,63,60.0%,52.0%,300.000,0.000,0.00,-4.90,0.00,1.99,0.00,598.00,0.0%,1200.00,10.00,HI,-50.00,-50.00
2026-09-28 07:39:55.987,DEMO_MODE,F1,600,2,0.10,-14.44,0.54,50.00,60.0,52.0,0.00,0.00,0.00,89.38,0.54,50.00,0.10,-14.44,6,63,6,63,60.0%,52.0%,300.000,0.000,0.00,-4.90,0.00,1.99,0.00,598.00,0.0%,1200.00,10.00,HI,-50.00,-50.00
2026-09-28 07:39:56.108,DEMO_MODE,F1,600,2,0.10,-14.44,0.54,50.00,60.0,52.0,0.00,0.00,0.00,89.38,0.54,50.00,0.10,-14.44,6,63,6,63,60.0%,52.0%,300.000,0.000,0.00,-4.90,0.00,1.99,0.00,598.00,0.0%,1200.00,10.00,HI,-50.00,-50.00
2026-09-28 07:39:56.229,DEMO_MODE,F1,600,2,0.10,-14.44,0.54,50.00,60.0,52.0,0.00,0.00,0.00,89.38,0.54,50.00,0.10,-14.44,6,63,6,63,60.0%,52.0%,300.000,0.000,0.00,-4.90,0.00,1.99,0.00,598.00,0.0%,1200.00,10.00,HI,-50.00,-50.00
2026-09-28 07:39:56.350,DEMO_MODE,F1,600,2,0.10,-14.44,0.54,50.00,60.0,52.0,0.00,0.00,0.00,89.38,0.54,50.00,0.10,-14.44,6,63,6,63,60.0%,52.0%,300.000,0.000,0.00,-4.90,0.00,1.99,0.00,598.00,0.0%,1200.00,10.00,HI,-50.00,-50.00
2026-09-28 07:39:56.471,DEMO_MODE,F1,600,2,0.10,-14.44,0.54,50.00,60.0,52.0,0.00,0.00,0.00,89.38,0.54,50.00,0.10,-14.44,6,63,6,63,60.0%,52.0%,300.000,0.000,0.00,-4.90,0.00,1.99,0.00,598.00,0.0%,1200.00,10.00,HI,-50.00,-50.00
2026-09-28 07:39:56.592,DEMO_MODE,F1,600,2,0.10,-14.44,0.54,50.00,60.0,52.0,0.00,0.00,0.00,89.38,0.54,50.00,0.10,-14.44,6,63,6,63,60.0%,52.0%,300.000,0.000,0.00,-4.90,0.00,1.99,0.00,598.00,0.0%,1200.00,10.00,HI,-50.00,-50.00
2026-09-28 07:39:56.712,DEMO_MODE,F1,600,2,0.10,-14.44,0.54,50.00,60.0,52.0,0.00,0.00,0.00,89.38,0.54,50.00,0.10,-14.44,6,63,6,63,60.0%,52.0%,300.000,0.000,0.00,-4.90,0.00,1.99,0.00,598.00,0.0%,1200.00,10.00,HI,-50.00,-50.00
2026-09-28 07:39:56.833,DEMO_MODE,F1,600,2,0.10,-14.44,0.54,50.00,60.0,52.0,0.00,0.00,0.00,89.38,0.54,50.00,0.10,-14.44,6,63,6,63,60.0%,52.0%,300.000,0.000,0.00,-4.90,0.00,1.99,0.00,598.00,0.0%,1200.00,10.00,HI,-50.00,-50.00
2026-09-28 07:39:56.954,DEMO_MODE,F1,600,2,0.10,-14.44,0.54,50.00,60.0,52.0,0.00,0.00,0.00,89.38,0.54,50.00,0.10,-14.44,6,63,6,63,60.0%,52.0%,300.000,0.000,0.00,-4.90,0.00,1.99,0.00,598.00,0.0%,1200.00,10.00,HI,-50.00,-50.00
2026-09-28 07:39:57.075,DEMO_MODE,F1,600,2,0.10,-14.44,0.54,50.00,60.0,52.0,0.00,0.00,0.00,89.38,0.54,50.00,0.10,-14.44,6,63,6,63,60.0%,52.0%,300.000,0.000,0.00,-4.90,0.00,1.99,0.00,598.00,0.0%,1200.00,10.00,HI,-50.00,-50.00
2026-09-28 07:39:57.195,DEMO_MODE,F1,600,2,0.10,-14.44,0.54,50.00,60.0,52.0,0.00,0.00,0.00,89.38,0.54,50.00,0.10,-14.44,6,63,6,63,60.0%,52.0%,300.000,0.000,0.00,-4.90,0.00,1.99,0.00,598.00,0.0%,1200.00,10.00,HI,-50.00,-50.00
2026-09-28 07:39:57.316,DEMO_MODE,F1,600,2,0.10,-14.44,0.54,50.00,60.0,52.0,0.00,0.00,0.00,89.38,0.54,50.00,0.10,-14.44,6,63,6,63,60.0%,52.0%,300.000,0.000,0.00,-4.90,0.00,1.99,0.00,598.00,0.0%,1200.00,10.00,HI,-50.00,-50.00
2026-09-28 07:39:57.437,DEMO_MODE,F1,600,2,0.10,-14.44,0.54,50.00,60.0,52.0,0.00,0.00,0.00,89.38,0.54,50.00,0.10,-14.44,6,63,6,63,60.0%,52.0%,300.000,0.000,0.00,-4.90,0.00,1.99,0.00,598.00,0.0%,1200.00,10.00,HI,-50.00,-50.00
2026-09-28 07:39:57.557,DEMO_MODE,F1,600,2,0.10,-14.44,0.54,50.00,60.0,52.0,0.00,0.00,0.00,89.38,0.54,50.00,0.10,-14.44,6,63,6,63,60.0%,52.0%,300.000,0.000,0.00,-4.90,0.00,1.99,0.00,598.00,0.0%,1200.00,10.00,HI,-50.00,-50.00
2026-09-28 07:39:57.678,DEMO_MODE,F1,600,2,0.10,-14.44,0.54,50.00,60.0,52.0,0.00,0.00,0.00,89.38,0.54,50.00,0.10,-14.44,6,63,6,63,60.0%,52.0%,300.000,0.000,0.00,-4.90,0.00,1.99,0.00,598.00,0.0%,1200.00,10.00,HI,-50.00,-50.00
2026-09-28 07:39:57.799,DEMO_MODE,F1,600,2,0.10,-14.44,0.54,50.00,60.0,52.0,0.00,0.00,0.00,89.38,0.54,50.00,0.10,-14.44,6,63,6,63,60.0%,52.0%,300.000,0.000,0.00,-4.90,0.00,1.99,0.00,598.00,0.0%,1200.00,10.00,HI,-50.00,-50.00
2026-09-28 07:39:57.920,DEMO_MODE,F1,600,2,0.10,-14.44,0.54,50.00,60.0,52.0,0.00,0.00,0.00,89.38,0.54,50.00,0.10,-14.44,6,63,6,63,60.0%,52.0%,300.000,0.000,0.00,-4.90,0.00,1.99,0.00,598.00,0.0%,1200.00,10.00,HI,-50.00,-50.00
2026-09-28 07:39:58.041,DEMO_MODE,F1,600,2,0.10,-14.44,0.54,50.00,60.0,52.0,0.00,0.00,0.00,89.38,0.54,50.00,0.10,-14.44,6,63,6,63,60.0%,52.0%,300.000,0.000,0.00,-4.90,0.00,1.99,0.00,598.00,0.0%,1200.00,10.00,HI,-50.00,-50.00
2026-09-28 07:39:58.163,DEMO_MODE,F1,600,2,0.10,-14.44,0.54,50.00,60.0,52.0,0.00,0.00,0.00,89.38,0.54,50.00,0.10,-14.44,6,63,6,63,60.0%,52.0%,300.000,0.000,0.00,-4.90,0.00,1.99,0.00,598.00,0.0%,1200.00,10.00,HI,-50.00,-50.00
2026-09-28 07:39:58.284,DEMO_MODE,F1,600,2,0.10,-14.44,0.54,50.00,60.0,52.0,0.00,0.00,0.00,89.38,0.54,50.00,0.10,-14.44,6,63,6,63,60.0%,52.0%,300.000,0.000,0.00,-4.90,0.00,1.99,0.00,598.00,0.0%,1200.00,10.00,HI,-50.00,-50.00
2026-09-28 07:39:58.411,DEMO_MODE,F1,600,2,0.10,-14.44,0.54,50.00,60.0,52.0,0.00,0.00,0.00,89.38,0.54,50.00,0.10,-14.44,6,63,6,63,60.0%,52.0%,300.000,0.000,0.00,-4.90,0.00,1.99,0.00,598.00,0.0%,1200.00,10.00,HI,-50.00,-50.00
2026-09-28 07:39:58.533,DEMO_MODE,F1,600,2,0.10,-14.44,0.54,50.00,60.0,52.0,0.00,0.00,0.00,89.38,0.54,50.00,0.10,-14.44,6,63,6,63,60.0%,52.0%,300.000,0.000,0.00,-4.90,0.00,1.99,0.00,598.00,0.0%,1200.00,10.00,HI,-50.00,-50.00
2026-09-28 07:39:58.659,DEMO_MODE,F1,600,2,0.10,-14.44,0.54,50.00,60.0,52.0,0.00,0.00,0.00,89.38,0.54,50.00,0.10,-14.44,6,63,6,63,60.0%,52.0%,300.000,0.000,0.00,-4.90,0.00,1.99,0.00,598.00,0.0%,1200.00,10.00,HI,-50.00,-50.00
2026-09-28 07:39:58.780,DEMO_MODE,F1,600,2,0.10,-14.44,0.54,50.00,60.0,52.0,0.00,0.00,0.00,89.38,0.54,50.00,0.10,-14.44,6,63,6,63,60.0%,52.0%,300.000,0.000,0.00,-4.90,0.00,1.99,0.00,598.00,0.0%,1200.00,10.00,HI,-50.00,-50.00
2026-09-28 07:39:58.905,DEMO_MODE,F1,600,2,0.10,-14.44,0.54,50.00,60.0,52.0,0.00,0.00,0.00,89.38,0.54,50.00,0.10,-14.44,6,63,6,63,60.0%,52.0%,300.000,0.000,0.00,-4.90,0.00,1.99,0.00,598.00,0.0%,1200.00,10.00,HI,-50.00,-50.00
2026-09-28 07:39:59.026,DEMO_MODE,F1,700,2,0.10,-14.44,0.54,50.00,70.0,56.0,0.00,0.00,0.00,89.38,0.54,50.00,0.10,-14.44,6,63,6,63,70.0%,56.0%,350.000,0.000,0.00,-4.90,0.00,1.99,0.00,698.00,0.0%,1200.00,20.00,HI,-50.00,-50.00
2026-09-28 07:39:59.152,DEMO_MODE,F1,700,2,0.10,-14.44,0.54,50.00,70.0,56.0,0.00,0.00,0.00,89.38,0.54,50.00,0.10,-14.44,6,63,6,63,70.0%,56.0%,350.000,0.000,0.00,-4.90,0.00,1.99,0.00,698.00,0.0%,1200.00,20.00,HI,-50.00,-50.00
2026-09-28 07:39:59.272,DEMO_MODE,F1,700,2,0.10,-14.44,0.54,50.00,70.0,56.0,0.00,0.00,0.00,89.38,0.54,50.00,0.10,-14.44,6,63,6,63,70.0%,56.0%,350.000,0.000,0.00,-4.90,0.00,1.99,0.00,698.00,0.0%,1200.00,20.00,HI,-50.00,-50.00
2026-09-28 07:39:59.398,DEMO_MODE,F1,700,2,0.10,-14.44,0.54,50.00,70.0,56.0,0.00,0.00,0.00,89.38,0.54,50.00,0.10,-14.44,6,63,6,63,70.0%,56.0%,350.000,0.000,0.00,-4.90,0.00,1.99,0.00,698.00,0.0%,1200.00,20.00,HI,-50.00,-50.00
2026-09-28 07:39:59.519,DEMO_MODE,F1,700,2,0.10,-14.44,0.54,50.00,70.0,56.0,0.00,0.00,0.00,89.38,0.54,50.00,0.10,-14.44,6,63,6,63,70.0%,56.0%,350.000,0.000,0.00,-4.90,0.00,1.99,0.00,698.00,0.0%,1200.00,20.00,HI,-50.00,-50.00
2026-09-28 07:39:59.645,DEMO_MODE,F1,700,2,0.10,-14.44,0.54,50.00,70.0,56.0,0.00,0.00,0.00,89.38,0.54,50.00,0.10,-14.44,6,63,6,63,70.0%,56.0%,350.000,0.000,0.00,-4.90,0.00,1.99,0.00,698.00,0.0%,1200.00,20.00,HI,-50.00,-50.00
2026-09-28 07:39:59.766,DEMO_MODE,F1,700,2,0.10,-14.44,0.54,50.00,70.0,56.0,0.00,0.00,0.00,89.38,0.54,50.00,0.10,-14.44,6,63,6,63,70.0%,56.0%,350.000,0.000,0.00,-4.90,0.00,1.99,0.00,698.00,0.0%,1200.00,20.00,HI,-50.00,-50.00
2026-09-28 07:39:59.892,DEMO_MODE,F1,700,2,0.10,-14.44,0.54,50.00,70.0,56.0,0.00,0.00,0.00,89.38,0.54,50.00,0.10,-14.44,6,63,6,63,70.0%,56.0%,350.000,0.000,0.00,-4.90,0.00,1.99,0.00,698.00,0.0%,1200.00,20.00,HI,-50.00,-50.00
2026-09-28 07:40:00.013,DEMO_MODE,F1,700,2,0.10,-14.44,0.54,50.00,70.0,56.0,0.00,0.00,0.00,89.38,0.54,50.00,0.10,-14.44,6,63,6,63,70.0%,56.0%,350.000,0.000,0.00,-4.90,0.00,1.99,0.00,698.00,0.0%,1200.00,20.00,HI,-50.00,-50.00
2026-09-28 07:40:00.139,DEMO_MODE,F1,700,2,0.10,-14.44,0.54,50.00,70.0,56.0,0.00,0.00,0.00,89.38,0.54,50.00,0.10,-14.44,6,63,6,63,70.0%,56.0%,350.000,0.000,0.00,-4.90,0.00,1.99,0.00,698.00,0.0%,1200.00,20.00,HI,-50.00,-50.00
2026-09-28 07:40:00.260,DEMO_MODE,F1,700,2,0.10,-14.44,0.54,50.00,70.0,56.0,0.00,0.00,0.00,89.38,0.54,50.00,0.10,-14.44,6,63,6,63,70.0%,56.0%,350.000,0.000,0.00,-4.90,0.00,1.99,0.00,698.00,0.0%,1200.00,20.00,HI,-50.00,-50.00
2026-09-28 07:40:00.387,DEMO_MODE,F1,700,2,0.10,-14.44,0.54,50.00,70.0,56.0,0.00,0.00,0.00,89.38,0.54,50.00,0.10,-14.44,6,63,6,63,70.0%,56.0%,350.000,0.000,0.00,-4.90,0.00,1.99,0.00,698.00,0.0%,1200.00,20.00,HI,-50.00,-50.00
2026-09-28 07:40:00.507,DEMO_MODE,F1,700,2,0.10,-14.44,0.54,50.00,70.0,56.0,0.00,0.00,0.00,89.38,0.54,50.00,0.10,-14.44,6,63,6,63,70.0%,56.0%,350.000,0.000,0.00,-4.90,0.00,1.99,0.00,698.00,0.0%,1200.00,20.00,HI,-50.00,-50.00
2026-09-28 07:40:00.633,DEMO_MODE,F1,700,2,0.10,-14.44,0.54,50.00,70.0,56.0,0.00,0.00,0.00,89.38,0.54,50.00,0.10,-14.44,6,63,6,63,70.0%,56.0%,350.000,0.000,0.00,-4.90,0.00,1.99,0.00,698.00,0.0%,1200.00,20.00,HI,-50.00,-50.00
2026-09-28 07:40:00.764,DEMO_MODE,F1,700,2,0.10,-14.44,0.54,50.00,70.0,56.0,0.00,0.00,0.00,89.38,0.54,50.00,0.10,-14.44,6,63,6,63,70.0%,56.0%,350.000,0.000,0.00,-4.90,0.00,1.99,0.00,698.00,0.0%,1200.00,20.00,HI,-50.00,-50.00
2026-09-28 07:40:00.890,DEMO_MODE,F1,700,2,0.10,-14.44,0.54,50.00,70.0,56.0,0.00,0.00,0.00,89.38,0.54,50.00,0.10,-14.44,6,63,6,63,70.0%,56.0%,350.000,0.000,0.00,-4.90,0.00,1.99,0.00,698.00,0.0%,1200.00,20.00,HI,-50.00,-50.00
2026-09-28 07:40:01.011,DEMO_MODE,F1,700,3,0.10,-14.44,0.54,50.00,70.0,56.0,0.00,0.00,0.00,89.38,0.54,50.00,0.10,-14.44,6,63,6,63,70.0%,56.0%,350.000,0.000,0.00,-4.90,0.00,1.99,0.00,697.00,0.0%,1200.00,20.00,HI,-50.00,-50.00
2026-09-28 07:40:01.138,DEMO_MODE,F1,700,3,0.10,-14.44,0.54,50.00,70.0,56.0,0.00,0.00,0.00,89.38,0.54,50.00,0.10,-14.44,6,63,6,63,70.0%,56.0%,350.000,0.000,0.00,-4.90,0.00,1.99,0.00,697.00,0.0%,1200.00,20.00,HI,-50.00,-50.00
2026-09-28 07:40:01.269,DEMO_MODE,F1,700,3,0.10,-14.44,0.54,50.00,70.0,56.0,0.00,0.00,0.00,89.38,0.54,50.00,0.10,-14.44,6,63,6,63,70.0%,56.0%,350.000,0.000,0.00,-4.90,0.00,1.99,0.00,697.00,0.0%,1200.00,20.00,HI,-50.00,-50.00
2026-09-28 07:40:01.395,DEMO_MODE,F1,700,3,0.10,-14.44,0.54,50.00,70.0,56.0,0.00,0.00,0.00,89.38,0.54,50.00,0.10,-14.44,6,63,6,63,70.0%,56.0%,350.000,0.000,0.00,-4.90,0.00,1.99,0.00,697.00,0.0%,1200.00,20.00,HI,-50.00,-50.00
2026-09-28 07:40:01.516,DEMO_MODE,F1,700,3,0.10,-14.44,0.54,50.00,70.0,56.0,0.00,0.00,0.00,89.38,0.54,50.00,0.10,-14.44,6,63,6,63,70.0%,56.0%,350.000,0.000,0.00,-4.90,0.00,1.99,0.00,697.00,0.0%,1200.00,20.00,HI,-50.00,-50.00
2026-09-28 07:40:01.642,DEMO_MODE,F1,700,3,0.10,-14.44,0.54,50.00,70.0,56.0,0.00,0.00,0.00,89.38,0.54,50.00,0.10,-14.44,6,63,6,63,70.0%,56.0%,350.000,0.000,0.00,-4.90,0.00,1.99,0.00,697.00,0.0%,1200.00,20.00,HI,-50.00,-50.00
2026-09-28 07:40:01.762,DEMO_MODE,F1,700,3,0.10,-14.44,0.54,50.00,70.0,56.0,0.00,0.00,0.00,89.38,0.54,50.00,0.10,-14.44,6,63,6,63,70.0%,56.0%,350.000,0.000,0.00,-4.90,0.00,1.99,0.00,697.00,0.0%,1200.00,20.00,HI,-50.00,-50.00
2026-09-28 07:40:01.888,DEMO_MODE,F1,700,3,0.10,-14.44,0.54,50.00,70.0,56.0,0.00,0.00,0.00,89.38,0.54,50.00,0.10,-14.44,6,63,6,63,70.0%,56.0%,350.000,0.000,0.00,-4.90,0.00,1.99,0.00,697.00,0.0%,1200.00,20.00,HI,-50.00,-50.00
2026-09-28 07:40:02.009,DEMO_MODE,F1,700,3,0.10,-14.44,0.54,50.00,70.0,56.0,0.00,0.00,0.00,89.38,0.54,50.00,0.10,-14.44,6,63,6,63,70.0%,56.0%,350.000,0.000,0.00,-4.90,0.00,1.99,0.00,697.00,0.0%,1200.00,20.00,HI,-50.00,-50.00
2026-09-28 07:40:02.135,DEMO_MODE,F1,700,3,0.10,-14.44,0.54,50.00,70.0,56.0,0.00,0.00,0.00,89.38,0.54,50.00,0.10,-14.44,6,63,6,63,70.0%,56.0%,350.000,0.000,0.00,-4.90,0.00,1.99,0.00,697.00,0.0%,1200.00,20.00,HI,-50.00,-50.00
2026-09-28 07:40:02.260,DEMO_MODE,F1,700,3,0.10,-14.44,0.54,50.00,70.0,56.0,0.00,0.00,0.00,89.38,0.54,50.00,0.10,-14.44,6,63,6,63,70.0%,56.0%,350.000,0.000,0.00,-4.90,0.00,1.99,0.00,697.00,0.0%,1200.00,20.00,HI,-50.00,-50.00
2026-09-28 07:40:02.387,DEMO_MODE,F1,700,3,0.10,-14.44,0.54,50.00,70.0,56.0,0.00,0.00,0.00,89.38,0.54,50.00,0.10,-14.44,6,63,6,63,70.0%,56.0%,350.000,0.000,0.00,-4.90,0.00,1.99,0.00,697.00,0.0%,1200.00,20.00,HI,-50.00,-50.00
2026-09-28 07:40:02.507,DEMO_MODE,F1,700,3,0.10,-14.44,0.54,50.00,70.0,56.0,0.00,0.00,0.00,89.38,0.54,50.00,0.10,-14.44,6,63,6,63,70.0%,56.0%,350.000,0.000,0.00,-4.90,0.00,1.99,0.00,697.00,0.0%,1200.00,20.00,HI,-50.00,-50.00
2026-09-28 07:40:02.634,DEMO_MODE,F1,700,3,0.10,-14.44,0.54,50.00,70.0,56.0,0.00,0.00,0.00,89.38,0.54,50.00,0.10,-14.44,6,63,6,63,70.0%,56.0%,350.000,0.000,0.00,-4.90,0.00,1.99,0.00,697.00,0.0%,1200.00,20.00,HI,-50.00,-50.00
2026-09-28 07:40:02.765,DEMO_MODE,F1,700,3,0.10,-14.44,0.54,50.00,70.0,56.0,0.00,0.00,0.00,89.38,0.54,50.00,0.10,-14.44,6,63,6,63,70.0%,56.0%,350.000,0.000,0.00,-4.90,0.00,1.99,0.00,697.00,0.0%,1200.00,20.00,HI,-50.00,-50.00
2026-09-28 07:40:02.892,DEMO_MODE,F1,700,3,0.10,-14.44,0.54,50.00,70.0,56.0,0.00,0.00,0.00,89.38,0.54,50.00,0.10,-14.44,6,63,6,63,70.0%,56.0%,350.000,0.000,0.00,-4.90,0.00,1.99,0.00,697.00,0.0%,1200.00,20.00,HI,-50.00,-50.00
2026-09-28 07:40:03.013,DEMO_MODE,F1,700,3,0.10,-14.44,0.54,50.00,70.0,56.0,0.00,0.00,0.00,89.38,0.54,50.00,0.10,-14.44,6,63,6,63,70.0%,56.0%,350.000,0.000,0.00,-4.90,0.00,1.99,0.00,697.00,0.0%,1200.00,20.00,HI,-50.00,-50.00
2026-09-28 07:40:03.138,DEMO_MODE,F1,700,3,0.10,-14.44,0.54,50.00,70.0,56.0,0.00,0.00,0.00,89.38,0.54,50.00,0.10,-14.44,6,63,6,63,70.0%,56.0%,350.000,0.000,0.00,-4.90,0.00,1.99,0.00,697.00,0.0%,1200.00,20.00,HI,-50.00,-50.00
2026-09-28 07:40:03.259,DEMO_MODE,F1,700,3,0.10,-14.44,0.54,50.00,70.0,56.0,0.00,0.00,0.00,89.38,0.54,50.00,0.10,-14.44,6,63,6,63,70.0%,56.0%,350.000,0.000,0.00,-4.90,0.00,1.99,0.00,697.00,0.0%,1200.00,20.00,HI,-50.00,-50.00
2026-09-28 07:40:03.384,DEMO_MODE,F1,700,3,0.10,-14.44,0.54,50.00,70.0,56.0,0.00,0.00,0.00,89.38,0.54,50.00,0.10,-14.44,6,63,6,63,70.0%,56.0%,350.000,0.000,0.00,-4.90,0.00,1.99,0.00,697.00,0.0%,1200.00,20.00,HI,-50.00,-50.00
2026-09-28 07:40:03.505,DEMO_MODE,F1,700,3,0.10,-14.44,0.54,50.00,70.0,56.0,0.00,0.00,0.00,89.38,0.54,50.00,0.10,-14.44,6,63,6,63,70.0%,56.0%,350.000,0.000,0.00,-4.90,0.00,1.99,0.00,697.00,0.0%,1200.00,20.00,HI,-50.00,-50.00
2026-09-28 07:40:03.631,DEMO_MODE,F1,700,3,0.10,-14.44,0.54,50.00,70.0,56.0,0.00,0.00,0.00,89.38,0.54,50.00,0.10,-14.44,6,63,6,63,70.0%,56.0%,350.000,0.000,0.00,-4.90,0.00,1.99,0.00,697.00,0.0%,1200.00,20.00,HI,-50.00,-50.00
2026-09-28 07:40:03.751,DEMO_MODE,F1,700,3,0.10,-14.44,0.54,50.00,70.0,56.0,0.00,0.00,0.00,89.38,0.54,50.00,0.10,-14.44,6,63,6,63,70.0%,56.0%,350.000,0.000,0.00,-4.90,0.00,1.99,0.00,697.00,0.0%,1200.00,20.00,HI,-50.00,-50.00
2026-09-28 07:40:03.877,DEMO_MODE,F1,700,3,0.10,-14.44,0.54,50.00,70.0,56.0,0.00,0.00,0.00,89.38,0.54,50.00,0.10,-14.44,6,63,6,63,70.0%,56.0%,350.000,0.000,0.00,-4.90,0.00,1.99,0.00,697.00,0.0%,1200.00,20.00,HI,-50.00,-50.00
2026-09-28 07:40:03.997,DEMO_MODE,F1,700,3,0.10,-14.44,0.54,50.00,70.0,56.0,0.00,0.00,0.00,89.38,0.54,50.00,0.10,-14.44,6,63,6,63,70.0%,56.0%,350.000,0.000,0.00,-4.90,0.00,1.99,0.00,697.00,0.0%,1200.00,20.00,HI,-50.00,-50.00
2026-09-28 07:40:04.124,DEMO_MODE,F1,700,3,0.10,-14.44,0.54,50.00,70.0,60.0,0.00,0.00,0.00,89.38,0.54,50.00,0.10,-14.44,6,63,6,63,70.0%,60.0%,350.000,0.000,0.00,-4.90,0.00,1.99,0.00,697.00,0.0%,1200.00,20.00,HI,-50.00,-50.00
2026-09-28 07:40:04.250,DEMO_MODE,F1,700,3,0.10,-14.44,0.54,50.00,70.0,60.0,0.00,0.00,0.00,89.38,0.54,50.00,0.10,-14.44,6,63,6,63,70.0%,60.0%,350.000,0.000,0.00,-4.90,0.00,1.99,0.00,697.00,0.0%,1200.00,20.00,HI,-50.00,-50.00
2026-09-28 07:40:04.377,DEMO_MODE,F1,700,3,0.10,-14.44,0.54,50.00,70.0,60.0,0.00,0.00,0.00,89.38,0.54,50.00,0.10,-14.44,6,63,6,63,70.0%,60.0%,350.000,0.000,0.00,-4.90,0.00,1.99,0.00,697.00,0.0%,1200.00,20.00,HI,-50.00,-50.00
2026-09-28 07:40:04.498,DEMO_MODE,F1,700,3,0.10,-14.44,0.54,50.00,70.0,60.0,0.00,0.00,0.00,89.38,0.54,50.00,0.10,-14.44,6,63,6,63,70.0%,60.0%,350.000,0.000,0.00,-4.90,0.00,1.99,0.00,697.00,0.0%,1200.00,20.00,HI,-50.00,-50.00
2026-09-28 07:40:04.624,DEMO_MODE,F1,700,3,0.10,-14.44,0.54,50.00,70.0,60.0,0.00,0.00,0.00,89.38,0.54,50.00,0.10,-14.44,6,63,6,63,70.0%,60.0%,350.000,0.000,0.00,-4.90,0.00,1.99,0.00,697.00,0.0%,1200.00,20.00,HI,-50.00,-50.00
2026-09-28 07:40:04.745,DEMO_MODE,F1,700,3,0.10,-14.44,0.54,50.00,70.0,60.0,0.00,0.00,0.00,89.38,0.54,50.00,0.10,-14.44,6,63,6,63,70.0%,60.0%,350.000,0.000,0.00,-4.90,0.00,1.99,0.00,697.00,0.0%,1200.00,20.00,HI,-50.00,-50.00
2026-09-28 07:40:04.872,DEMO_MODE,F1,700,3,0.10,-14.44,0.54,50.00,70.0,60.0,0.00,0.00,0.00,89.38,0.54,50.00,0.10,-14.44,6,63,6,63,70.0%,60.0%,350.000,0.000,0.00,-4.90,0.00,1.99,0.00,697.00,0.0%,1200.00,20.00,HI,-50.00,-50.00
2026-09-28 07:40:04.993,DEMO_MODE,F1,700,3,0.10,-14.44,0.54,50.00,70.0,60.0,0.00,0.00,0.00,89.38,0.54,50.00,0.10,-14.44,6,63,6,63,70.0%,60.0%,350.000,0.000,0.00,-4.90,0.00,1.99,0.00,697.00,0.0%,1200.00,20.00,HI,-50.00,-50.00
2026-09-28 07:40:05.113,DEMO_MODE,F1,700,3,0.10,-14.44,0.54,50.00,70.0,60.0,0.00,0.00,0.00,89.38,0.54,50.00,0.10,-14.44,6,63,6,63,70.0%,60.0%,350.000,0.000,0.00,-4.90,0.00,1.99,0.00,697.00,0.0%,1200.00,20.00,HI,-50.00,-50.00
2026-09-28 07:40:05.245,DEMO_MODE,F1,700,3,0.10,-14.44,0.54,50.00,70.0,60.0,0.00,0.00,0.00,89.38,0.54,50.00,0.10,-14.44,6,63,6,63,70.0%,60.0%,350.000,0.000,0.00,-4.90,0.00,1.99,0.00,697.00,0.0%,1200.00,20.00,HI,-50.00,-50.00
2026-09-28 07:40:05.372,DEMO_MODE,F1,700,3,0.10,-14.44,0.54,50.00,70.0,60.0,0.00,0.00,0.00,89.38,0.54,50.00,0.10,-14.44,6,63,6,63,70.0%,60.0%,350.000,0.000,0.00,-4.90,0.00,1.99,0.00,697.00,0.0%,1200.00,20.00,HI,-50.00,-50.00
2026-09-28 07:40:05.503,DEMO_MODE,F1,700,3,0.10,-14.44,0.54,50.00,70.0,60.0,0.00,0.00,0.00,89.38,0.54,50.00,0.10,-14.44,6,63,6,63,70.0%,60.0%,350.000,0.000,0.00,-4.90,0.00,1.99,0.00,697.00,0.0%,1200.00,20.00,HI,-50.00,-50.00
2026-09-28 07:40:05.630,DEMO_MODE,F1,700,3,0.10,-14.44,0.54,50.00,70.0,60.0,0.00,0.00,0.00,89.38,0.54,50.00,0.10,-14.44,6,63,6,63,70.0%,60.0%,350.000,0.000,0.00,-4.90,0.00,1.99,0.00,697.00,0.0%,1200.00,20.00,HI,-50.00,-50.00
2026-09-28 07:40:05.750,DEMO_MODE,F1,700,3,0.10,-14.44,0.54,50.00,70.0,60.0,0.00,0.00,0.00,89.38,0.54,50.00,0.10,-14.44,6,63,6,63,70.0%,60.0%,350.000,0.000,0.00,-4.90,0.00,1.99,0.00,697.00,0.0%,1200.00,20.00,HI,-50.00,-50.00
2026-09-28 07:40:05.877,DEMO_MODE,F1,700,3,0.10,-14.44,0.54,50.00,70.0,60.0,0.00,0.00,0.00,89.38,0.54,50.00,0.10,-14.44,6,63,6,63,70.0%,60.0%,350.000,0.000,0.00,-4.90,0.00,1.99,0.00,697.00,0.0%,1200.00,20.00,HI,-50.00,-50.00
2026-09-28 07:40:05.998,DEMO_MODE,F1,700,3,0.10,-14.44,0.54,50.00,70.0,60.0,0.00,0.00,0.00,89.38,0.54,50.00,0.10,-14.44,6,63,6,63,70.0%,60.0%,350.000,0.000,0.00,-4.90,0.00,1.99,0.00,697.00,0.0%,1200.00,20.00,HI,-50.00,-50.00
2026-09-28 07:40:06.123,DEMO_MODE,F1,700,3,0.10,-14.44,0.54,50.00,70.0,60.0,0.00,0.00,0.00,89.38,0.54,50.00,0.10,-14.44,6,63,6,63,70.0%,60.0%,350.000,0.000,0.00,-4.90,0.00,1.99,0.00,697.00,0.0%,1200.00,20.00,HI,-50.00,-50.00
2026-09-28 07:40:06.243,DEMO_MODE,F1,700,3,0.10,-14.44,0.54,50.00,70.0,60.0,0.00,0.00,0.00,89.38,0.54,50.00,0.10,-14.44,6,63,6,63,70.0%,60.0%,350.000,0.000,0.00,-4.90,0.00,1.99,0.00,697.00,0.0%,1200.00,20.00,HI,-50.00,-50.00
2026-09-28 07:40:06.369,DEMO_MODE,F1,700,3,0.10,-14.44,0.54,50.00,70.0,60.0,0.00,0.00,0.00,89.38,0.54,50.00,0.10,-14.44,6,63,6,63,70.0%,60.0%,350.000,0.000,0.00,-4.90,0.00,1.99,0.00,697.00,0.0%,1200.00,20.00,HI,-50.00,-50.00
2026-09-28 07:40:06.490,DEMO_MODE,F1,700,3,0.10,-14.44,0.54,50.00,70.0,60.0,0.00,0.00,0.00,89.38,0.54,50.00,0.10,-14.44,6,63,6,63,70.0%,60.0%,350.000,0.000,0.00,-4.90,0.00,1.99,0.00,697.00,0.0%,1200.00,20.00,HI,-50.00,-50.00
2026-09-28 07:40:06.616,DEMO_MODE,F1,700,3,0.10,-14.44,0.54,50.00,70.0,60.0,0.00,0.00,0.00,89.38,0.54,50.00,0.10,-14.44,6,63,6,63,70.0%,60.0%,350.000,0.000,0.00,-4.90,0.00,1.99,0.00,697.00,0.0%,1200.00,20.00,HI,-50.00,-50.00
2026-09-28 07:40:06.748,DEMO_MODE,F1,700,3,0.10,-14.44,0.54,50.00,70.0,60.0,0.00,0.00,0.00,89.38,0.54,50.00,0.10,-14.44,6,63,6,63,70.0%,60.0%,350.000,0.000,0.00,-4.90,0.00,1.99,0.00,697.00,0.0%,1200.00,20.00,HI,-50.00,-50.00
2026-09-28 07:40:06.875,DEMO_MODE,F1,700,3,0.10,-14.44,0.54,50.00,70.0,60.0,0.00,0.00,0.00,89.38,0.54,50.00,0.10,-14.44,6,63,6,63,70.0%,60.0%,350.000,0.000,0.00,-4.90,0.00,1.99,0.00,697.00,0.0%,1200.00,20.00,HI,-50.00,-50.00
2026-09-28 07:40:07.001,DEMO_MODE,F1,700,3,0.10,-14.44,0.54,50.00,70.0,60.0,0.00,0.00,0.00,89.38,0.54,50.00,0.10,-14.44,6,63,6,63,70.0%,60.0%,350.000,0.000,0.00,-4.90,0.00,1.99,0.00,697.00,0.0%,1200.00,20.00,HI,-50.00,-50.00
2026-09-28 07:40:07.126,DEMO_MODE,F1,700,3,0.10,-14.44,0.54,50.00,70.0,60.0,0.00,0.00,0.00,89.38,0.54,50.00,0.10,-14.44,6,63,6,63,70.0%,60.0%,350.000,0.000,0.00,-4.90,0.00,1.99,0.00,697.00,0.0%,1200.00,20.00,HI,-50.00,-50.00
2026-09-28 07:40:07.247,DEMO_MODE,F1,700,3,0.10,-14.44,0.54,50.00,70.0,60.0,0.00,0.00,0.00,89.38,0.54,50.00,0.10,-14.44,6,63,6,63,70.0%,60.0%,350.000,0.000,0.00,-4.90,0.00,1.99,0.00,697.00,0.0%,1200.00,20.00,HI,-50.00,-50.00
2026-09-28 07:40:07.373,DEMO_MODE,F1,700,3,0.10,-14.44,0.54,50.00,70.0,60.0,0.00,0.00,0.00,89.38,0.54,50.00,0.10,-14.44,6,63,6,63,70.0%,60.0%,350.000,0.000,0.00,-4.90,0.00,1.99,0.00,697.00,0.0%,1200.00,20.00,HI,-50.00,-50.00
2026-09-28 07:40:07.493,DEMO_MODE,F1,700,3,0.10,-14.44,0.54,50.00,70.0,60.0,0.00,0.00,0.00,89.38,0.54,50.00,0.10,-14.44,6,63,6,63,70.0%,60.0%,350.000,0.000,0.00,-4.90,0.00,1.99,0.00,697.00,0.0%,1200.00,20.00,HI,-50.00,-50.00
2026-09-28 07:40:07.619,DEMO_MODE,F1,700,3,0.10,-14.44,0.54,50.00,70.0,60.0,0.00,0.00,0.00,89.38,0.54,50.00,0.10,-14.44,6,63,6,63,70.0%,60.0%,350.000,0.000,0.00,-4.90,0.00,1.99,0.00,697.00,0.0%,1200.00,20.00,HI,-50.00,-50.00
2026-09-28 07:40:07.740,DEMO_MODE,F1,700,3,0.10,-14.44,0.54,50.00,70.0,60.0,0.00,0.00,0.00,89.38,0.54,50.00,0.10,-14.44,6,63,6,63,70.0%,60.0%,350.000,0.000,0.00,-4.90,0.00,1.99,0.00,697.00,0.0%,1200.00,20.00,HI,-50.00,-50.00
2026-09-28 07:40:07.861,DEMO_MODE,F1,700,3,0.10,-14.44,0.54,50.00,70.0,60.0,0.00,0.00,0.00,89.38,0.54,50.00,0.10,-14.44,6,63,6,63,70.0%,60.0%,350.000,0.000,0.00,-4.90,0.00,1.99,0.00,697.00,0.0%,1200.00,20.00,HI,-50.00,-50.00
2026-09-28 07:40:07.981,DEMO_MODE,F1,700,3,0.10,-14.44,0.54,50.00,70.0,60.0,0.00,0.00,0.00,89.38,0.54,50.00,0.10,-14.44,6,63,6,63,70.0%,60.0%,350.000,0.000,0.00,-4.90,0.00,1.99,0.00,697.00,0.0%,1200.00,20.00,HI,-50.00,-50.00
2026-09-28 07:40:08.102,DEMO_MODE,F1,700,3,0.10,-14.44,0.54,50.00,70.0,60.0,0.00,0.00,0.00,89.38,0.54,50.00,0.10,-14.44,6,63,6,63,70.0%,60.0%,350.000,0.000,0.00,-4.90,0.00,1.99,0.00,697.00,0.0%,1200.00,20.00,HI,-50.00,-50.00
2026-09-28 07:40:08.222,DEMO_MODE,F1,700,3,0.10,-14.44,0.54,50.00,70.0,60.0,0.00,0.00,0.00,89.38,0.54,50.00,0.10,-14.44,6,63,6,63,70.0%,60.0%,350.000,0.000,0.00,-4.90,0.00,1.99,0.00,697.00,0.0%,1200.00,20.00,HI,-50.00,-50.00
2026-09-28 07:40:08.343,DEMO_MODE,F1,700,3,0.10,-14.44,0.54,50.00,70.0,60.0,0.00,0.00,0.00,89.38,0.54,50.00,0.10,-14.44,6,63,6,63,70.0%,60.0%,350.000,0.000,0.00,-4.90,0.00,1.99,0.00,697.00,0.0%,1200.00,20.00,HI,-50.00,-50.00
2026-09-28 07:40:08.464,DEMO_MODE,F1,700,3,0.10,-14.44,0.54,50.00,70.0,60.0,0.00,0.00,0.00,89.38,0.54,50.00,0.10,-14.44,6,63,6,63,70.0%,60.0%,350.000,0.000,0.00,-4.90,0.00,1.99,0.00,697.00,0.0%,1200.00,20.00,HI,-50.00,-50.00
2026-09-28 07:40:08.586,DEMO_MODE,F1,700,3,0.10,-14.44,0.54,50.00,70.0,60.0,0.00,0.00,0.00,89.38,0.54,50.00,0.10,-14.44,6,63,6,63,70.0%,60.0%,350.000,0.000,0.00,-4.90,0.00,1.99,0.00,697.00,0.0%,1200.00,20.00,HI,-50.00,-50.00
2026-09-28 07:40:08.707,DEMO_MODE,F1,700,3,0.10,-14.44,0.54,50.00,70.0,60.0,0.00,0.00,0.00,89.38,0.54,50.00,0.10,-14.44,6,63,6,63,70.0%,60.0%,350.000,0.000,0.00,-4.90,0.00,1.99,0.00,697.00,0.0%,1200.00,20.00,HI,-50.00,-50.00
2026-09-28 07:40:08.827,DEMO_MODE,F1,700,3,0.10,-14.44,0.54,50.00,70.0,60.0,0.00,0.00,0.00,89.38,0.54,50.00,0.10,-14.44,6,63,6,63,70.0%,60.0%,350.000,0.000,0.00,-4.90,0.00,1.99,0.00,697.00,0.0%,1200.00,20.00,HI,-50.00,-50.00
2026-09-28 07:40:08.948,DEMO_MODE,F1,700,3,0.10,-14.44,0.54,50.00,70.0,60.0,0.00,0.00,0.00,89.38,0.54,50.00,0.10,-14.44,6,63,6,63,70.0%,60.0%,350.000,0.000,0.00,-4.90,0.00,1.99,0.00,697.00,0.0%,1200.00,20.00,HI,-50.00,-50.00
2026-09-28 07:40:09.069,DEMO_MODE,F1,700,3,0.10,-14.44,0.54,50.00,70.0,60.0,0.00,0.00,0.00,89.38,0.54,50.00,0.10,-14.44,6,63,6,63,70.0%,60.0%,350.000,0.000,0.00,-4.90,0.00,1.99,0.00,697.00,0.0%,1200.00,20.00,HI,-50.00,-50.00
2026-09-28 07:40:09.190,DEMO_MODE,F1,700,3,0.10,-14.44,0.54,50.00,70.0,60.0,0.00,0.00,0.00,89.38,0.54,50.00,0.10,-14.44,6,63,6,63,70.0%,60.0%,350.000,0.000,0.00,-4.90,0.00,1.99,0.00,697.00,0.0%,1200.00,20.00,HI,-50.00,-50.00
2026-09-28 07:40:09.311,DEMO_MODE,F1,800,3,0.10,-14.44,0.54,50.00,80.0,64.0,0.00,0.00,0.00,89.38,0.54,50.00,0.10,-14.44,6,63,6,63,80.0%,64.0%,400.000,0.000,0.00,-4.90,0.00,1.99,0.00,797.00,0.0%,1200.00,30.00,HI,-50.00,-50.00
2026-09-28 07:40:09.431,DEMO_MODE,F1,800,3,0.10,-14.44,0.54,50.00,80.0,64.0,0.00,0.00,0.00,89.38,0.54,50.00,0.10,-14.44,6,63,6,63,80.0%,64.0%,400.000,0.000,0.00,-4.90,0.00,1.99,0.00,797.00,0.0%,1200.00,30.00,HI,-50.00,-50.00
2026-09-28 07:40:09.552,DEMO_MODE,F1,800,3,0.10,-14.44,0.54,50.00,80.0,64.0,0.00,0.00,0.00,89.38,0.54,50.00,0.10,-14.44,6,63,6,63,80.0%,64.0%,400.000,0.000,0.00,-4.90,0.00,1.99,0.00,797.00,0.0%,1200.00,30.00,HI,-50.00,-50.00
2026-09-28 07:40:09.673,DEMO_MODE,F1,800,3,0.10,-14.44,0.54,50.00,80.0,64.0,0.00,0.00,0.00,89.38,0.54,50.00,0.10,-14.44,6,63,6,63,80.0%,64.0%,400.000,0.000,0.00,-4.90,0.00,1.99,0.00,797.00,0.0%,1200.00,30.00,HI,-50.00,-50.00
2026-09-28 07:40:09.793,DEMO_MODE,F1,800,3,0.10,-14.44,0.54,50.00,80.0,64.0,0.00,0.00,0.00,89.38,0.54,50.00,0.10,-14.44,6,63,6,63,80.0%,64.0%,400.000,0.000,0.00,-4.90,0.00,1.99,0.00,797.00,0.0%,1200.00,30.00,HI,-50.00,-50.00
2026-09-28 07:40:09.916,DEMO_MODE,F1,800,3,0.10,-14.44,0.54,50.00,80.0,64.0,0.00,0.00,0.00,89.38,0.54,50.00,0.10,-14.44,6,63,6,63,80.0%,64.0%,400.000,0.000,0.00,-4.90,0.00,1.99,0.00,797.00,0.0%,1200.00,30.00,HI,-50.00,-50.00
2026-09-28 07:40:10.036,DEMO_MODE,F1,800,3,0.10,-14.44,0.54,50.00,80.0,64.0,0.00,0.00,0.00,89.38,0.54,50.00,0.10,-14.44,6,63,6,63,80.0%,64.0%,400.000,0.000,0.00,-4.90,0.00,1.99,0.00,797.00,0.0%,1200.00,30.00,HI,-50.00,-50.00
2026-09-28 07:40:10.160,DEMO_MODE,F1,800,3,0.10,-14.44,0.54,50.00,80.0,64.0,0.00,0.00,0.00,89.38,0.54,50.00,0.10,-14.44,6,63,6,63,80.0%,64.0%,400.000,0.000,0.00,-4.90,0.00,1.99,0.00,797.00,0.0%,1200.00,30.00,HI,-50.00,-50.00
2026-09-28 07:40:10.282,DEMO_MODE,F1,800,4,0.10,-14.44,0.54,50.00,80.0,64.0,0.00,0.00,0.00,89.38,0.54,50.00,0.10,-14.44,6,63,6,63,80.0%,64.0%,400.000,0.000,0.00,-4.90,0.00,1.99,0.00,796.00,0.0%,1200.00,30.00,HI,-50.00,-50.00
2026-09-28 07:40:10.407,DEMO_MODE,F1,800,4,0.10,-14.44,0.54,50.00,80.0,64.0,0.00,0.00,0.00,89.38,0.54,50.00,0.10,-14.44,6,63,6,63,80.0%,64.0%,400.000,0.000,0.00,-4.90,0.00,1.99,0.00,796.00,0.0%,1200.00,30.00,HI,-50.00,-50.00
2026-09-28 07:40:10.527,DEMO_MODE,F1,800,4,0.10,-14.44,0.54,50.00,80.0,64.0,0.00,0.00,0.00,89.38,0.54,50.00,0.10,-14.44,6,63,6,63,80.0%,64.0%,400.000,0.000,0.00,-4.90,0.00,1.99,0.00,796.00,0.0%,1200.00,30.00,HI,-50.00,-50.00
2026-09-28 07:40:10.653,DEMO_MODE,F1,800,4,0.10,-14.44,0.54,50.00,80.0,64.0,0.00,0.00,0.00,89.38,0.54,50.00,0.10,-14.44,6,63,6,63,80.0%,64.0%,400.000,0.000,0.00,-4.90,0.00,1.99,0.00,796.00,0.0%,1200.00,30.00,HI,-50.00,-50.00
2026-09-28 07:40:10.774,DEMO_MODE,F1,800,4,0.10,-14.44,0.54,50.00,80.0,64.0,0.00,0.00,0.00,89.38,0.54,50.00,0.10,-14.44,6,63,6,63,80.0%,64.0%,400.000,0.000,0.00,-4.90,0.00,1.99,0.00,796.00,0.0%,1200.00,30.00,HI,-50.00,-50.00
2026-09-28 07:40:10.901,DEMO_MODE,F1,800,4,0.10,-14.44,0.54,50.00,80.0,64.0,0.00,0.00,0.00,89.38,0.54,50.00,0.10,-14.44,6,63,6,63,80.0%,64.0%,400.000,0.000,0.00,-4.90,0.00,1.99,0.00,796.00,0.0%,1200.00,30.00,HI,-50.00,-50.00
2026-09-28 07:40:11.021,DEMO_MODE,F1,800,4,0.10,-14.44,0.54,50.00,80.0,64.0,0.00,0.00,0.00,89.38,0.54,50.00,0.10,-14.44,6,63,6,63,80.0%,64.0%,400.000,0.000,0.00,-4.90,0.00,1.99,0.00,796.00,0.0%,1200.00,30.00,HI,-50.00,-50.00
2026-09-28 07:40:11.147,DEMO_MODE,F1,800,4,0.10,-14.44,0.54,50.00,80.0,64.0,0.00,0.00,0.00,89.38,0.54,50.00,0.10,-14.44,6,63,6,63,80.0%,64.0%,400.000,0.000,0.00,-4.90,0.00,1.99,0.00,796.00,0.0%,1200.00,30.00,HI,-50.00,-50.00
2026-09-28 07:40:11.267,DEMO_MODE,F1,800,4,0.10,-14.44,0.54,50.00,80.0,64.0,0.00,0.00,0.00,89.38,0.54,50.00,0.10,-14.44,6,63,6,63,80.0%,64.0%,400.000,0.000,0.00,-4.90,0.00,1.99,0.00,796.00,0.0%,1200.00,30.00,HI,-50.00,-50.00
2026-09-28 07:40:11.393,DEMO_MODE,F1,800,4,0.10,-14.44,0.54,50.00,80.0,64.0,0.00,0.00,0.00,89.38,0.54,50.00,0.10,-14.44,6,63,6,63,80.0%,64.0%,400.000,0.000,0.00,-4.90,0.00,1.99,0.00,796.00,0.0%,1200.00,30.00,HI,-50.00,-50.00
2026-09-28 07:40:11.513,DEMO_MODE,F1,800,4,0.10,-14.44,0.54,50.00,80.0,64.0,0.00,0.00,0.00,89.38,0.54,50.00,0.10,-14.44,6,63,6,63,80.0%,64.0%,400.000,0.000,0.00,-4.90,0.00,1.99,0.00,796.00,0.0%,1200.00,30.00,HI,-50.00,-50.00
2026-09-28 07:40:11.640,DEMO_MODE,F1,800,4,0.10,-14.44,0.54,50.00,80.0,64.0,0.00,0.00,0.00,89.38,0.54,50.00,0.10,-14.44,6,63,6,63,80.0%,64.0%,400.000,0.000,0.00,-4.90,0.00,1.99,0.00,796.00,0.0%,1200.00,30.00,HI,-50.00,-50.00
2026-09-28 07:40:11.761,DEMO_MODE,F1,800,4,0.10,-14.44,0.54,50.00,80.0,64.0,0.00,0.00,0.00,89.38,0.54,50.00,0.10,-14.44,6,63,6,63,80.0%,64.0%,400.000,0.000,0.00,-4.90,0.00,1.99,0.00,796.00,0.0%,1200.00,30.00,HI,-50.00,-50.00
2026-09-28 07:40:11.887,DEMO_MODE,F1,800,4,0.10,-14.44,0.54,50.00,80.0,64.0,0.00,0.00,0.00,89.38,0.54,50.00,0.10,-14.44,6,63,6,63,80.0%,64.0%,400.000,0.000,0.00,-4.90,0.00,1.99,0.00,796.00,0.0%,1200.00,30.00,HI,-50.00,-50.00
2026-09-28 07:40:12.008,DEMO_MODE,F1,800,4,0.10,-14.44,0.54,50.00,80.0,64.0,0.00,0.00,0.00,89.38,0.54,50.00,0.10,-14.44,6,63,6,63,80.0%,64.0%,400.000,0.000,0.00,-4.90,0.00,1.99,0.00,796.00,0.0%,1200.00,30.00,HI,-50.00,-50.00
2026-09-28 07:40:12.134,DEMO_MODE,F1,800,4,0.10,-14.44,0.54,50.00,80.0,64.0,0.00,0.00,0.00,89.38,0.54,50.00,0.10,-14.44,6,63,6,63,80.0%,64.0%,400.000,0.000,0.00,-4.90,0.00,1.99,0.00,796.00,0.0%,1200.00,30.00,HI,-50.00,-50.00
2026-09-28 07:40:12.255,DEMO_MODE,F1,800,4,0.10,-14.44,0.54,50.00,80.0,64.0,0.00,0.00,0.00,89.38,0.54,50.00,0.10,-14.44,6,63,6,63,80.0%,64.0%,400.000,0.000,0.00,-4.90,0.00,1.99,0.00,796.00,0.0%,1200.00,30.00,HI,-50.00,-50.00
2026-09-28 07:40:12.382,DEMO_MODE,F1,800,4,0.10,-14.44,0.54,50.00,80.0,64.0,0.00,0.00,0.00,89.38,0.54,50.00,0.10,-14.44,6,63,6,63,80.0%,64.0%,400.000,0.000,0.00,-4.90,0.00,1.99,0.00,796.00,0.0%,1200.00,30.00,HI,-50.00,-50.00
2026-09-28 07:40:12.503,DEMO_MODE,F1,800,4,0.10,-14.44,0.54,50.00,80.0,64.0,0.00,0.00,0.00,89.38,0.54,50.00,0.10,-14.44,6,63,6,63,80.0%,64.0%,400.000,0.000,0.00,-4.90,0.00,1.99,0.00,796.00,0.0%,1200.00,30.00,HI,-50.00,-50.00
2026-09-28 07:40:12.630,DEMO_MODE,F1,800,4,0.10,-14.44,0.54,50.00,80.0,64.0,0.00,0.00,0.00,89.38,0.54,50.00,0.10,-14.44,6,63,6,63,80.0%,64.0%,400.000,0.000,0.00,-4.90,0.00,1.99,0.00,796.00,0.0%,1200.00,30.00,HI,-50.00,-50.00
2026-09-28 07:40:12.751,DEMO_MODE,F1,800,4,0.10,-14.44,0.54,50.00,80.0,64.0,0.00,0.00,0.00,89.38,0.54,50.00,0.10,-14.44,6,63,6,63,80.0%,64.0%,400.000,0.000,0.00,-4.90,0.00,1.99,0.00,796.00,0.0%,1200.00,30.00,HI,-50.00,-50.00
2026-09-28 07:40:12.877,DEMO_MODE,F1,800,4,0.10,-14.44,0.54,50.00,80.0,64.0,0.00,0.00,0.00,89.38,0.54,50.00,0.10,-14.44,6,63,6,63,80.0%,64.0%,400.000,0.000,0.00,-4.90,0.00,1.99,0.00,796.00,0.0%,1200.00,30.00,HI,-50.00,-50.00
2026-09-28 07:40:13.003,DEMO_MODE,F1,800,4,0.10,-14.44,0.54,50.00,80.0,64.0,0.00,0.00,0.00,89.38,0.54,50.00,0.10,-14.44,6,63,6,63,80.0%,64.0%,400.000,0.000,0.00,-4.90,0.00,1.99,0.00,796.00,0.0%,1200.00,30.00,HI,-50.00,-50.00
2026-09-28 07:40:13.128,DEMO_MODE,F1,800,4,0.10,-14.44,0.54,50.00,80.0,64.0,0.00,0.00,0.00,89.38,0.54,50.00,0.10,-14.44,6,63,6,63,80.0%,64.0%,400.000,0.000,0.00,-4.90,0.00,1.99,0.00,796.00,0.0%,1200.00,30.00,HI,-50.00,-50.00
2026-09-28 07:40:13.249,DEMO_MODE,F1,800,4,0.10,-14.44,0.54,50.00,80.0,64.0,0.00,0.00,0.00,89.38,0.54,50.00,0.10,-14.44,6,63,6,63,80.0%,64.0%,400.000,0.000,0.00,-4.90,0.00,1.99,0.00,796.00,0.0%,1200.00,30.00,HI,-50.00,-50.00
2026-09-28 07:40:13.375,DEMO_MODE,F1,800,4,0.10,-14.44,0.54,50.00,80.0,64.0,0.00,0.00,0.00,89.38,0.54,50.00,0.10,-14.44,6,63,6,63,80.0%,64.0%,400.000,0.000,0.00,-4.90,0.00,1.99,0.00,796.00,0.0%,1200.00,30.00,HI,-50.00,-50.00
2026-09-28 07:40:13.495,DEMO_MODE,F1,800,4,0.10,-14.44,0.54,50.00,80.0,64.0,0.00,0.00,0.00,89.38,0.54,50.00,0.10,-14.44,6,63,6,63,80.0%,64.0%,400.000,0.000,0.00,-4.90,0.00,1.99,0.00,796.00,0.0%,1200.00,30.00,HI,-50.00,-50.00
2026-09-28 07:40:13.621,DEMO_MODE,F1,800,4,0.10,-14.44,0.54,50.00,80.0,64.0,0.00,0.00,0.00,89.38,0.54,50.00,0.10,-14.44,6,63,6,63,80.0%,64.0%,400.000,0.000,0.00,-4.90,0.00,1.99,0.00,796.00,0.0%,1200.00,30.00,HI,-50.00,-50.00
2026-09-28 07:40:13.741,DEMO_MODE,F1,800,4,0.10,-14.44,0.54,50.00,80.0,64.0,0.00,0.00,0.00,89.38,0.54,50.00,0.10,-14.44,6,63,6,63,80.0%,64.0%,400.000,0.000,0.00,-4.90,0.00,1.99,0.00,796.00,0.0%,1200.00,30.00,HI,-50.00,-50.00
2026-09-28 07:40:13.862,DEMO_MODE,F1,800,4,0.10,-14.44,0.54,50.00,80.0,64.0,0.00,0.00,0.00,89.38,0.54,50.00,0.10,-14.44,6,63,6,63,80.0%,64.0%,400.000,0.000,0.00,-4.90,0.00,1.99,0.00,796.00,0.0%,1200.00,30.00,HI,-50.00,-50.00
2026-09-28 07:40:13.983,DEMO_MODE,F1,800,4,0.10,-14.44,0.54,50.00,80.0,64.0,0.00,0.00,0.00,89.38,0.54,50.00,0.10,-14.44,6,63,6,63,80.0%,64.0%,400.000,0.000,0.00,-4.90,0.00,1.99,0.00,796.00,0.0%,1200.00,30.00,HI,-50.00,-50.00
2026-09-28 07:40:14.104,DEMO_MODE,F1,800,4,0.10,-14.44,0.54,50.00,80.0,64.0,0.00,0.00,0.00,89.38,0.54,50.00,0.10,-14.44,6,63,6,63,80.0%,64.0%,400.000,0.000,0.00,-4.90,0.00,1.99,0.00,796.00,0.0%,1200.00,30.00,HI,-50.00,-50.00
2026-09-28 07:40:14.225,DEMO_MODE,F1,800,4,0.10,-14.44,0.54,50.00,80.0,64.0,0.00,0.00,0.00,89.38,0.54,50.00,0.10,-14.44,6,63,6,63,80.0%,64.0%,400.000,0.000,0.00,-4.90,0.00,1.99,0.00,796.00,0.0%,1200.00,30.00,HI,-50.00,-50.00
2026-09-28 07:40:14.346,DEMO_MODE,F1,800,4,0.10,-14.44,0.54,50.00,80.0,64.0,0.00,0.00,0.00,89.38,0.54,50.00,0.10,-14.44,6,63,6,63,80.0%,64.0%,400.000,0.000,0.00,-4.90,0.00,1.99,0.00,796.00,0.0%,1200.00,30.00,HI,-50.00,-50.00
2026-09-28 07:40:14.466,DEMO_MODE,F1,800,4,0.10,-14.44,0.54,50.00,80.0,68.0,0.00,0.00,0.00,89.38,0.54,50.00,0.10,-14.44,6,63,6,63,80.0%,68.0%,400.000,0.000,0.00,-4.90,0.00,1.99,0.00,796.00,0.0%,1200.00,30.00,HI,-50.00,-50.00
2026-09-28 07:40:14.587,DEMO_MODE,F1,800,4,0.10,-14.44,0.54,50.00,80.0,68.0,0.00,0.00,0.00,89.38,0.54,50.00,0.10,-14.44,6,63,6,63,80.0%,68.0%,400.000,0.000,0.00,-4.90,0.00,1.99,0.00,796.00,0.0%,1200.00,30.00,HI,-50.00,-50.00
2026-09-28 07:40:14.707,DEMO_MODE,F1,800,4,0.10,-14.44,0.54,50.00,80.0,68.0,0.00,0.00,0.00,89.38,0.54,50.00,0.10,-14.44,6,63,6,63,80.0%,68.0%,400.000,0.000,0.00,-4.90,0.00,1.99,0.00,796.00,0.0%,1200.00,30.00,HI,-50.00,-50.00
2026-09-28 07:40:14.828,DEMO_MODE,F1,800,4,0.10,-14.44,0.54,50.00,80.0,68.0,0.00,0.00,0.00,89.38,0.54,50.00,0.10,-14.44,6,63,6,63,80.0%,68.0%,400.000,0.000,0.00,-4.90,0.00,1.99,0.00,796.00,0.0%,1200.00,30.00,HI,-50.00,-50.00
2026-09-28 07:40:14.949,DEMO_MODE,F1,800,4,0.10,-14.44,0.54,50.00,80.0,68.0,0.00,0.00,0.00,89.38,0.54,50.00,0.10,-14.44,6,63,6,63,80.0%,68.0%,400.000,0.000,0.00,-4.90,0.00,1.99,0.00,796.00,0.0%,1200.00,30.00,HI,-50.00,-50.00
2026-09-28 07:40:15.070,DEMO_MODE,F1,800,4,0.10,-14.44,0.54,50.00,80.0,68.0,0.00,0.00,0.00,89.38,0.54,50.00,0.10,-14.44,6,63,6,63,80.0%,68.0%,400.000,0.000,0.00,-4.90,0.00,1.99,0.00,796.00,0.0%,1200.00,30.00,HI,-50.00,-50.00
2026-09-28 07:40:15.191,DEMO_MODE,F1,800,4,0.10,-14.44,0.54,50.00,80.0,68.0,0.00,0.00,0.00,89.38,0.54,50.00,0.10,-14.44,6,63,6,63,80.0%,68.0%,400.000,0.000,0.00,-4.90,0.00,1.99,0.00,796.00,0.0%,1200.00,30.00,HI,-50.00,-50.00
2026-09-28 07:40:15.311,DEMO_MODE,F1,800,4,0.10,-14.44,0.54,50.00,80.0,68.0,0.00,0.00,0.00,89.38,0.54,50.00,0.10,-14.44,6,63,6,63,80.0%,68.0%,400.000,0.000,0.00,-4.90,0.00,1.99,0.00,796.00,0.0%,1200.00,30.00,HI,-50.00,-50.00
2026-09-28 07:40:15.432,DEMO_MODE,F1,800,4,0.10,-14.44,0.54,50.00,80.0,68.0,0.00,0.00,0.00,89.38,0.54,50.00,0.10,-14.44,6,63,6,63,80.0%,68.0%,400.000,0.000,0.00,-4.90,0.00,1.99,0.00,796.00,0.0%,1200.00,30.00,HI,-50.00,-50.00
2026-09-28 07:40:15.553,DEMO_MODE,F1,800,4,0.10,-14.44,0.54,50.00,80.0,68.0,0.00,0.00,0.00,89.38,0.54,50.00,0.10,-14.44,6,63,6,63,80.0%,68.0%,400.000,0.000,0.00,-4.90,0.00,1.99,0.00,796.00,0.0%,1200.00,30.00,HI,-50.00,-50.00
2026-09-28 07:40:15.674,DEMO_MODE,F1,800,4,0.10,-14.44,0.54,50.00,80.0,68.0,0.00,0.00,0.00,89.38,0.54,50.00,0.10,-14.44,6,63,6,63,80.0%,68.0%,400.000,0.000,0.00,-4.90,0.00,1.99,0.00,796.00,0.0%,1200.00,30.00,HI,-50.00,-50.00
2026-09-28 07:40:15.795,DEMO_MODE,F1,800,4,0.10,-14.44,0.54,50.00,80.0,68.0,0.00,0.00,0.00,89.38,0.54,50.00,0.10,-14.44,6,63,6,63,80.0%,68.0%,400.000,0.000,0.00,-4.90,0.00,1.99,0.00,796.00,0.0%,1200.00,30.00,HI,-50.00,-50.00
2026-09-28 07:40:15.920,DEMO_MODE,F1,800,4,0.10,-14.44,0.54,50.00,80.0,68.0,0.00,0.00,0.00,89.38,0.54,50.00,0.10,-14.44,6,63,6,63,80.0%,68.0%,400.000,0.000,0.00,-4.90,0.00,1.99,0.00,796.00,0.0%,1200.00,30.00,HI,-50.00,-50.00
2026-09-28 07:40:16.041,DEMO_MODE,F1,800,4,0.10,-14.44,0.54,50.00,80.0,68.0,0.00,0.00,0.00,89.38,0.54,50.00,0.10,-14.44,6,63,6,63,80.0%,68.0%,400.000,0.000,0.00,-4.90,0.00,1.99,0.00,796.00,0.0%,1200.00,30.00,HI,-50.00,-50.00
2026-09-28 07:40:16.167,DEMO_MODE,F1,800,4,0.10,-14.44,0.54,50.00,80.0,68.0,0.00,0.00,0.00,89.38,0.54,50.00,0.10,-14.44,6,63,6,63,80.0%,68.0%,400.000,0.000,0.00,-4.90,0.00,1.99,0.00,796.00,0.0%,1200.00,30.00,HI,-50.00,-50.00
2026-09-28 07:40:16.289,DEMO_MODE,F1,800,4,0.10,-14.44,0.54,50.00,80.0,68.0,0.00,0.00,0.00,89.38,0.54,50.00,0.10,-14.44,6,63,6,63,80.0%,68.0%,400.000,0.000,0.00,-4.90,0.00,1.99,0.00,796.00,0.0%,1200.00,30.00,HI,-50.00,-50.00
2026-09-28 07:40:16.415,DEMO_MODE,F1,800,4,0.10,-14.44,0.54,50.00,80.0,68.0,0.00,0.00,0.00,89.38,0.54,50.00,0.10,-14.44,6,63,6,63,80.0%,68.0%,400.000,0.000,0.00,-4.90,0.00,1.99,0.00,796.00,0.0%,1200.00,30.00,HI,-50.00,-50.00
2026-09-28 07:40:16.536,DEMO_MODE,F1,800,4,0.10,-14.44,0.54,50.00,80.0,68.0,0.00,0.00,0.00,89.38,0.54,50.00,0.10,-14.44,6,63,6,63,80.0%,68.0%,400.000,0.000,0.00,-4.90,0.00,1.99,0.00,796.00,0.0%,1200.00,30.00,HI,-50.00,-50.00
2026-09-28 07:40:16.661,DEMO_MODE,F1,800,4,0.10,-14.44,0.54,50.00,80.0,68.0,0.00,0.00,0.00,89.38,0.54,50.00,0.10,-14.44,6,63,6,63,80.0%,68.0%,400.000,0.000,0.00,-4.90,0.00,1.99,0.00,796.00,0.0%,1200.00,30.00,HI,-50.00,-50.00
2026-09-28 07:40:16.782,DEMO_MODE,F1,800,4,0.10,-14.44,0.54,50.00,80.0,68.0,0.00,0.00,0.00,89.38,0.54,50.00,0.10,-14.44,6,63,6,63,80.0%,68.0%,400.000,0.000,0.00,-4.90,0.00,1.99,0.00,796.00,0.0%,1200.00,30.00,HI,-50.00,-50.00
2026-09-28 07:40:16.909,DEMO_MODE,F1,800,4,0.10,-14.44,0.54,50.00,80.0,68.0,0.00,0.00,0.00,89.38,0.54,50.00,0.10,-14.44,6,63,6,63,80.0%,68.0%,400.000,0.000,0.00,-4.90,0.00,1.99,0.00,796.00,0.0%,1200.00,30.00,HI,-50.00,-50.00
2026-09-28 07:40:17.030,DEMO_MODE,F1,800,4,0.10,-14.44,0.54,50.00,80.0,68.0,0.00,0.00,0.00,89.38,0.54,50.00,0.10,-14.44,6,63,6,63,80.0%,68.0%,400.000,0.000,0.00,-4.90,0.00,1.99,0.00,796.00,0.0%,1200.00,30.00,HI,-50.00,-50.00
2026-09-28 07:40:17.157,DEMO_MODE,F1,800,4,0.10,-14.44,0.54,50.00,80.0,68.0,0.00,0.00,0.00,89.38,0.54,50.00,0.10,-14.44,6,63,6,63,80.0%,68.0%,400.000,0.000,0.00,-4.90,0.00,1.99,0.00,796.00,0.0%,1200.00,30.00,HI,-50.00,-50.00
2026-09-28 07:40:17.277,DEMO_MODE,F1,800,4,0.10,-14.44,0.54,50.00,80.0,68.0,0.00,0.00,0.00,89.38,0.54,50.00,0.10,-14.44,6,63,6,63,80.0%,68.0%,400.000,0.000,0.00,-4.90,0.00,1.99,0.00,796.00,0.0%,1200.00,30.00,HI,-50.00,-50.00
2026-09-28 07:40:17.404,DEMO_MODE,F1,800,4,0.10,-14.44,0.54,50.00,80.0,68.0,0.00,0.00,0.00,89.38,0.54,50.00,0.10,-14.44,6,63,6,63,80.0%,68.0%,400.000,0.000,0.00,-4.90,0.00,1.99,0.00,796.00,0.0%,1200.00,30.00,HI,-50.00,-50.00
2026-09-28 07:40:17.525,DEMO_MODE,F1,800,4,0.10,-14.44,0.54,50.00,80.0,68.0,0.00,0.00,0.00,89.38,0.54,50.00,0.10,-14.44,6,63,6,63,80.0%,68.0%,400.000,0.000,0.00,-4.90,0.00,1.99,0.00,796.00,0.0%,1200.00,30.00,HI,-50.00,-50.00
2026-09-28 07:40:17.652,DEMO_MODE,F1,800,4,0.10,-14.44,0.54,50.00,80.0,68.0,0.00,0.00,0.00,89.38,0.54,50.00,0.10,-14.44,6,63,6,63,80.0%,68.0%,400.000,0.000,0.00,-4.90,0.00,1.99,0.00,796.00,0.0%,1200.00,30.00,HI,-50.00,-50.00
2026-09-28 07:40:17.773,DEMO_MODE,F1,800,4,0.10,-14.44,0.54,50.00,80.0,68.0,0.00,0.00,0.00,89.38,0.54,50.00,0.10,-14.44,6,63,6,63,80.0%,68.0%,400.000,0.000,0.00,-4.90,0.00,1.99,0.00,796.00,0.0%,1200.00,30.00,HI,-50.00,-50.00
2026-09-28 07:40:17.899,DEMO_MODE,F1,800,4,0.10,-14.44,0.54,50.00,80.0,68.0,0.00,0.00,0.00,89.38,0.54,50.00,0.10,-14.44,6,63,6,63,80.0%,68.0%,400.000,0.000,0.00,-4.90,0.00,1.99,0.00,796.00,0.0%,1200.00,30.00,HI,-50.00,-50.00
2026-09-28 07:40:18.019,DEMO_MODE,F1,800,4,0.10,-14.44,0.54,50.00,80.0,68.0,0.00,0.00,0.00,89.38,0.54,50.00,0.10,-14.44,6,63,6,63,80.0%,68.0%,400.000,0.000,0.00,-4.90,0.00,1.99,0.00,796.00,0.0%,1200.00,30.00,HI,-50.00,-50.00
2026-09-28 07:40:18.145,DEMO_MODE,F1,800,4,0.10,-14.44,0.54,50.00,80.0,68.0,0.00,0.00,0.00,89.38,0.54,50.00,0.10,-14.44,6,63,6,63,80.0%,68.0%,400.000,0.000,0.00,-4.90,0.00,1.99,0.00,796.00,0.0%,1200.00,30.00,HI,-50.00,-50.00
2026-09-28 07:40:18.266,DEMO_MODE,F1,800,4,0.10,-14.44,0.54,50.00,80.0,68.0,0.00,0.00,0.00,89.38,0.54,50.00,0.10,-14.44,6,63,6,63,80.0%,68.0%,400.000,0.000,0.00,-4.90,0.00,1.99,0.00,796.00,0.0%,1200.00,30.00,HI,-50.00,-50.00
2026-09-28 07:40:18.392,DEMO_MODE,F1,800,4,0.10,-14.44,0.54,50.00,80.0,68.0,0.00,0.00,0.00,89.38,0.54,50.00,0.10,-14.44,6,63,6,63,80.0%,68.0%,400.000,0.000,0.00,-4.90,0.00,1.99,0.00,796.00,0.0%,1200.00,30.00,HI,-50.00,-50.00
2026-09-28 07:40:18.523,DEMO_MODE,F1,800,4,0.10,-14.44,0.54,50.00,80.0,68.0,0.00,0.00,0.00,89.38,0.54,50.00,0.10,-14.44,6,63,6,63,80.0%,68.0%,400.000,0.000,0.00,-4.90,0.00,1.99,0.00,796.00,0.0%,1200.00,30.00,HI,-50.00,-50.00
2026-09-28 07:40:18.649,DEMO_MODE,F1,800,4,0.10,-14.44,0.54,50.00,80.0,68.0,0.00,0.00,0.00,89.38,0.54,50.00,0.10,-14.44,6,63,6,63,80.0%,68.0%,400.000,0.000,0.00,-4.90,0.00,1.99,0.00,796.00,0.0%,1200.00,30.00,HI,-50.00,-50.00
2026-09-28 07:40:18.770,DEMO_MODE,F1,800,4,0.10,-14.44,0.54,50.00,80.0,68.0,0.00,0.00,0.00,89.38,0.54,50.00,0.10,-14.44,6,63,6,63,80.0%,68.0%,400.000,0.000,0.00,-4.90,0.00,1.99,0.00,796.00,0.0%,1200.00,30.00,HI,-50.00,-50.00
2026-09-28 07:40:18.896,DEMO_MODE,F1,800,4,0.10,-14.44,0.54,50.00,80.0,68.0,0.00,0.00,0.00,89.38,0.54,50.00,0.10,-14.44,6,63,6,63,80.0%,68.0%,400.000,0.000,0.00,-4.90,0.00,1.99,0.00,796.00,0.0%,1200.00,30.00,HI,-50.00,-50.00
2026-09-28 07:40:19.022,DEMO_MODE,F1,800,4,0.10,-14.44,0.54,50.00,80.0,68.0,0.00,0.00,0.00,89.38,0.54,50.00,0.10,-14.44,6,63,6,63,80.0%,68.0%,400.000,0.000,0.00,-4.90,0.00,1.99,0.00,796.00,0.0%,1200.00,30.00,HI,-50.00,-50.00
2026-09-28 07:40:19.149,DEMO_MODE,F1,800,4,0.10,-14.44,0.54,50.00,80.0,68.0,0.00,0.00,0.00,89.38,0.54,50.00,0.10,-14.44,6,63,6,63,80.0%,68.0%,400.000,0.000,0.00,-4.90,0.00,1.99,0.00,796.00,0.0%,1200.00,30.00,HI,-50.00,-50.00
2026-09-28 07:40:19.270,DEMO_MODE,F1,800,4,0.10,-14.44,0.54,50.00,80.0,68.0,0.00,0.00,0.00,89.38,0.54,50.00,0.10,-14.44,6,63,6,63,80.0%,68.0%,400.000,0.000,0.00,-4.90,0.00,1.99,0.00,796.00,0.0%,1200.00,30.00,HI,-50.00,-50.00
2026-09-28 07:40:19.396,DEMO_MODE,F1,800,4,0.10,-14.44,0.54,50.00,80.0,68.0,0.00,0.00,0.00,89.38,0.54,50.00,0.10,-14.44,6,63,6,63,80.0%,68.0%,400.000,0.000,0.00,-4.90,0.00,1.99,0.00,796.00,0.0%,1200.00,30.00,HI,-50.00,-50.00
2026-09-28 07:40:19.516,DEMO_MODE,F1,900,0,0.10,-14.44,0.54,50.00,90.0,72.0,0.00,0.00,0.00,89.38,0.54,50.00,0.10,-14.44,6,63,6,63,90.0%,72.0%,450.000,0.000,0.00,-4.90,0.00,2.00,0.00,900.00,0.0%,1200.00,40.00,HI,-50.00,-50.00
2026-09-28 07:40:19.642,DEMO_MODE,F1,900,0,0.10,-14.44,0.54,50.00,90.0,72.0,0.00,0.00,0.00,89.38,0.54,50.00,0.10,-14.44,6,63,6,63,90.0%,72.0%,450.000,0.000,0.00,-4.90,0.00,2.00,0.00,900.00,0.0%,1200.00,40.00,HI,-50.00,-50.00
2026-09-28 07:40:19.763,DEMO_MODE,F1,900,0,0.10,-14.44,0.54,50.00,90.0,72.0,0.00,0.00,0.00,89.38,0.54,50.00,0.10,-14.44,6,63,6,63,90.0%,72.0%,450.000,0.000,0.00,-4.90,0.00,2.00,0.00,900.00,0.0%,1200.00,40.00,HI,-50.00,-50.00
2026-09-28 07:40:19.888,DEMO_MODE,F1,900,0,0.10,-14.44,0.54,50.00,90.0,72.0,0.00,0.00,0.00,89.38,0.54,50.00,0.10,-14.44,6,63,6,63,90.0%,72.0%,450.000,0.000,0.00,-4.90,0.00,2.00,0.00,900.00,0.0%,1200.00,40.00,HI,-50.00,-50.00
2026-09-28 07:40:20.009,DEMO_MODE,F1,900,0,0.10,-14.44,0.54,50.00,90.0,72.0,0.00,0.00,0.00,89.38,0.54,50.00,0.10,-14.44,6,63,6,63,90.0%,72.0%,450.000,0.000,0.00,-4.90,0.00,2.00,0.00,900.00,0.0%,1200.00,40.00,HI,-50.00,-50.00
2026-09-28 07:40:20.135,DEMO_MODE,F1,900,0,0.10,-14.44,0.54,50.00,90.0,72.0,0.00,0.00,0.00,89.38,0.54,50.00,0.10,-14.44,6,63,6,63,90.0%,72.0%,450.000,0.000,0.00,-4.90,0.00,2.00,0.00,900.00,0.0%,1200.00,40.00,HI,-50.00,-50.00
2026-09-28 07:40:20.256,DEMO_MODE,F1,900,0,0.10,-14.44,0.54,50.00,90.0,72.0,0.00,0.00,0.00,89.38,0.54,50.00,0.10,-14.44,6,63,6,63,90.0%,72.0%,450.000,0.000,0.00,-4.90,0.00,2.00,0.00,900.00,0.0%,1200.00,40.00,HI,-50.00,-50.00
2026-09-28 07:40:20.382,DEMO_MODE,F1,900,0,0.10,-14.44,0.54,50.00,90.0,72.0,0.00,0.00,0.00,89.38,0.54,50.00,0.10,-14.44,6,63,6,63,90.0%,72.0%,450.000,0.000,0.00,-4.90,0.00,2.00,0.00,900.00,0.0%,1200.00,40.00,HI,-50.00,-50.00
2026-09-28 07:40:20.503,DEMO_MODE,F1,900,0,0.10,-14.44,0.54,50.00,90.0,72.0,0.00,0.00,0.00,89.38,0.54,50.00,0.10,-14.44,6,63,6,63,90.0%,72.0%,450.000,0.000,0.00,-4.90,0.00,2.00,0.00,900.00,0.0%,1200.00,40.00,HI,-50.00,-50.00
2026-09-28 07:40:20.629,DEMO_MODE,F1,900,0,0.10,-14.44,0.54,50.00,90.0,72.0,0.00,0.00,0.00,89.38,0.54,50.00,0.10,-14.44,6,63,6,63,90.0%,72.0%,450.000,0.000,0.00,-4.90,0.00,2.00,0.00,900.00,0.0%,1200.00,40.00,HI,-50.00,-50.00
2026-09-28 07:40:20.750,DEMO_MODE,F1,900,0,0.10,-14.44,0.54,50.00,90.0,72.0,0.00,0.00,0.00,89.38,0.54,50.00,0.10,-14.44,6,63,6,63,90.0%,72.0%,450.000,0.000,0.00,-4.90,0.00,2.00,0.00,900.00,0.0%,1200.00,40.00,HI,-50.00,-50.00
2026-09-28 07:40:20.876,DEMO_MODE,F1,900,0,0.10,-14.44,0.54,50.00,90.0,72.0,0.00,0.00,0.00,89.38,0.54,50.00,0.10,-14.44,6,63,6,63,90.0%,72.0%,450.000,0.000,0.00,-4.90,0.00,2.00,0.00,900.00,0.0%,1200.00,40.00,HI,-50.00,-50.00
2026-09-28 07:40:20.996,DEMO_MODE,F1,900,0,0.10,-14.44,0.54,50.00,90.0,72.0,0.00,0.00,0.00,89.38,0.54,50.00,0.10,-14.44,6,63,6,63,90.0%,72.0%,450.000,0.000,0.00,-4.90,0.00,2.00,0.00,900.00,0.0%,1200.00,40.00,HI,-50.00,-50.00
2026-09-28 07:40:21.122,DEMO_MODE,F1,900,0,0.10,-14.44,0.54,50.00,90.0,72.0,0.00,0.00,0.00,89.38,0.54,50.00,0.10,-14.44,6,63,6,63,90.0%,72.0%,450.000,0.000,0.00,-4.90,0.00,2.00,0.00,900.00,0.0%,1200.00,40.00,HI,-50.00,-50.00
2026-09-28 07:40:21.243,DEMO_MODE,F1,900,0,0.10,-14.44,0.54,50.00,90.0,72.0,0.00,0.00,0.00,89.38,0.54,50.00,0.10,-14.44,6,63,6,63,90.0%,72.0%,450.000,0.000,0.00,-4.90,0.00,2.00,0.00,900.00,0.0%,1200.00,40.00,HI,-50.00,-50.00
2026-09-28 07:40:21.369,DEMO_MODE,F1,900,0,0.10,-14.44,0.54,50.00,90.0,72.0,0.00,0.00,0.00,89.38,0.54,50.00,0.10,-14.44,6,63,6,63,90.0%,72.0%,450.000,0.000,0.00,-4.90,0.00,2.00,0.00,900.00,0.0%,1200.00,40.00,HI,-50.00,-50.00
2026-09-28 07:40:21.501,DEMO_MODE,F1,900,0,0.10,-14.44,0.54,50.00,90.0,72.0,0.00,0.00,0.00,89.38,0.54,50.00,0.10,-14.44,6,63,6,63,90.0%,72.0%,450.000,0.000,0.00,-4.90,0.00,2.00,0.00,900.00,0.0%,1200.00,40.00,HI,-50.00,-50.00
2026-09-28 07:40:21.626,DEMO_MODE,F1,900,0,0.10,-14.44,0.54,50.00,90.0,72.0,0.00,0.00,0.00,89.38,0.54,50.00,0.10,-14.44,6,63,6,63,90.0%,72.0%,450.000,0.000,0.00,-4.90,0.00,2.00,0.00,900.00,0.0%,1200.00,40.00,HI,-50.00,-50.00
2026-09-28 07:40:21.758,DEMO_MODE,F1,900,0,0.10,-14.44,0.54,50.00,90.0,72.0,0.00,0.00,0.00,89.38,0.54,50.00,0.10,-14.44,6,63,6,63,90.0%,72.0%,450.000,0.000,0.00,-4.90,0.00,2.00,0.00,900.00,0.0%,1200.00,40.00,HI,-50.00,-50.00
2026-09-28 07:40:21.883,DEMO_MODE,F1,900,0,0.10,-14.44,0.54,50.00,90.0,72.0,0.00,0.00,0.00,89.38,0.54,50.00,0.10,-14.44,6,63,6,63,90.0%,72.0%,450.000,0.000,0.00,-4.90,0.00,2.00,0.00,900.00,0.0%,1200.00,40.00,HI,-50.00,-50.00
2026-09-28 07:40:22.004,DEMO_MODE,F1,900,0,0.10,-14.44,0.54,50.00,90.0,72.0,0.00,0.00,0.00,89.38,0.54,50.00,0.10,-14.44,6,63,6,63,90.0%,72.0%,450.000,0.000,0.00,-4.90,0.00,2.00,0.00,900.00,0.0%,1200.00,40.00,HI,-50.00,-50.00
2026-09-28 07:40:22.129,DEMO_MODE,F1,900,0,0.10,-14.44,0.54,50.00,90.0,72.0,0.00,0.00,0.00,89.38,0.54,50.00,0.10,-14.44,6,63,6,63,90.0%,72.0%,450.000,0.000,0.00,-4.90,0.00,2.00,0.00,900.00,0.0%,1200.00,40.00,HI,-50.00,-50.00
2026-09-28 07:40:22.267,DEMO_MODE,F1,900,0,0.10,-14.44,0.54,50.00,90.0,72.0,0.00,0.00,0.00,89.38,0.54,50.00,0.10,-14.44,6,63,6,63,90.0%,72.0%,450.000,0.000,0.00,-4.90,0.00,2.00,0.00,900.00,0.0%,1200.00,40.00,HI,-50.00,-50.00
2026-09-28 07:40:22.393,DEMO_MODE,F1,900,0,0.10,-14.44,0.54,50.00,90.0,72.0,0.00,0.00,0.00,89.38,0.54,50.00,0.10,-14.44,6,63,6,63,90.0%,72.0%,450.000,0.000,0.00,-4.90,0.00,2.00,0.00,900.00,0.0%,1200.00,40.00,HI,-50.00,-50.00
2026-09-28 07:40:22.514,DEMO_MODE,F1,900,0,0.10,-14.44,0.54,50.00,90.0,72.0,0.00,0.00,0.00,89.38,0.54,50.00,0.10,-14.44,6,63,6,63,90.0%,72.0%,450.000,0.000,0.00,-4.90,0.00,2.00,0.00,900.00,0.0%,1200.00,40.00,HI,-50.00,-50.00
2026-09-28 07:40:22.639,DEMO_MODE,F1,900,0,0.10,-14.44,0.54,50.00,90.0,72.0,0.00,0.00,0.00,89.38,0.54,50.00,0.10,-14.44,6,63,6,63,90.0%,72.0%,450.000,0.000,0.00,-4.90,0.00,2.00,0.00,900.00,0.0%,1200.00,40.00,HI,-50.00,-50.00
2026-09-28 07:40:22.759,DEMO_MODE,F1,900,0,0.10,-14.44,0.54,50.00,90.0,72.0,0.00,0.00,0.00,89.38,0.54,50.00,0.10,-14.44,6,63,6,63,90.0%,72.0%,450.000,0.000,0.00,-4.90,0.00,2.00,0.00,900.00,0.0%,1200.00,40.00,HI,-50.00,-50.00
2026-09-28 07:40:22.885,DEMO_MODE,F1,900,0,0.10,-14.44,0.54,50.00,90.0,72.0,0.00,0.00,0.00,89.38,0.54,50.00,0.10,-14.44,6,63,6,63,90.0%,72.0%,450.000,0.000,0.00,-4.90,0.00,2.00,0.00,900.00,0.0%,1200.00,40.00,HI,-50.00,-50.00
2026-09-28 07:40:23.006,DEMO_MODE,F1,900,0,0.10,-14.44,0.54,50.00,90.0,72.0,0.00,0.00,0.00,89.38,0.54,50.00,0.10,-14.44,6,63,6,63,90.0%,72.0%,450.000,0.000,0.00,-4.90,0.00,2.00,0.00,900.00,0.0%,1200.00,40.00,HI,-50.00,-50.00
2026-09-28 07:40:23.132,DEMO_MODE,F1,900,0,0.10,-14.44,0.54,50.00,90.0,72.0,0.00,0.00,0.00,89.38,0.54,50.00,0.10,-14.44,6,63,6,63,90.0%,72.0%,450.000,0.000,0.00,-4.90,0.00,2.00,0.00,900.00,0.0%,1200.00,40.00,HI,-50.00,-50.00
2026-09-28 07:40:23.253,DEMO_MODE,F1,900,0,0.10,-14.44,0.54,50.00,90.0,72.0,0.00,0.00,0.00,89.38,0.54,50.00,0.10,-14.44,6,63,6,63,90.0%,72.0%,450.000,0.000,0.00,-4.90,0.00,2.00,0.00,900.00,0.0%,1200.00,40.00,HI,-50.00,-50.00
2026-09-28 07:40:23.380,DEMO_MODE,F1,900,0,0.10,-14.44,0.54,50.00,90.0,72.0,0.00,0.00,0.00,89.38,0.54,50.00,0.10,-14.44,6,63,6,63,90.0%,72.0%,450.000,0.000,0.00,-4.90,0.00,2.00,0.00,900.00,0.0%,1200.00,40.00,HI,-50.00,-50.00
2026-09-28 07:40:23.500,DEMO_MODE,F1,900,0,0.10,-14.44,0.54,50.00,90.0,72.0,0.00,0.00,0.00,89.38,0.54,50.00,0.10,-14.44,6,63,6,63,90.0%,72.0%,450.000,0.000,0.00,-4.90,0.00,2.00,0.00,900.00,0.0%,1200.00,40.00,HI,-50.00,-50.00
2026-09-28 07:40:23.626,DEMO_MODE,F1,900,0,0.10,-14.44,0.54,50.00,90.0,72.0,0.00,0.00,0.00,89.38,0.54,50.00,0.10,-14.44,6,63,6,63,90.0%,72.0%,450.000,0.000,0.00,-4.90,0.00,2.00,0.00,900.00,0.0%,1200.00,40.00,HI,-50.00,-50.00
2026-09-28 07:40:23.747,DEMO_MODE,F1,900,0,0.10,-14.44,0.54,50.00,90.0,72.0,0.00,0.00,0.00,89.38,0.54,50.00,0.10,-14.44,6,63,6,63,90.0%,72.0%,450.000,0.000,0.00,-4.90,0.00,2.00,0.00,900.00,0.0%,1200.00,40.00,HI,-50.00,-50.00
2026-09-28 07:40:23.874,DEMO_MODE,F1,900,0,0.10,-14.44,0.54,50.00,90.0,72.0,0.00,0.00,0.00,89.38,0.54,50.00,0.10,-14.44,6,63,6,63,90.0%,72.0%,450.000,0.000,0.00,-4.90,0.00,2.00,0.00,900.00,0.0%,1200.00,40.00,HI,-50.00,-50.00
2026-09-28 07:40:23.995,DEMO_MODE,F1,900,0,0.10,-14.44,0.54,50.00,90.0,72.0,0.00,0.00,0.00,89.38,0.54,50.00,0.10,-14.44,6,63,6,63,90.0%,72.0%,450.000,0.000,0.00,-4.90,0.00,2.00,0.00,900.00,0.0%,1200.00,40.00,HI,-50.00,-50.00
2026-09-28 07:40:24.121,DEMO_MODE,F1,900,0,0.10,-14.44,0.54,50.00,90.0,72.0,0.00,0.00,0.00,89.38,0.54,50.00,0.10,-14.44,6,63,6,63,90.0%,72.0%,450.000,0.000,0.00,-4.90,0.00,2.00,0.00,900.00,0.0%,1200.00,40.00,HI,-50.00,-50.00
2026-09-28 07:40:24.242,DEMO_MODE,F1,900,0,0.10,-14.44,0.54,50.00,90.0,72.0,0.00,0.00,0.00,89.38,0.54,50.00,0.10,-14.44,6,63,6,63,90.0%,72.0%,450.000,0.000,0.00,-4.90,0.00,2.00,0.00,900.00,0.0%,1200.00,40.00,HI,-50.00,-50.00
2026-09-28 07:40:24.362,DEMO_MODE,F1,900,0,0.10,-14.44,0.54,50.00,90.0,72.0,0.00,0.00,0.00,89.38,0.54,50.00,0.10,-14.44,6,63,6,63,90.0%,72.0%,450.000,0.000,0.00,-4.90,0.00,2.00,0.00,900.00,0.0%,1200.00,40.00,HI,-50.00,-50.00
2026-09-28 07:40:24.483,DEMO_MODE,F1,900,0,0.10,-14.44,0.54,50.00,90.0,72.0,0.00,0.00,0.00,89.38,0.54,50.00,0.10,-14.44,6,63,6,63,90.0%,72.0%,450.000,0.000,0.00,-4.90,0.00,2.00,0.00,900.00,0.0%,1200.00,40.00,HI,-50.00,-50.00
2026-09-28 07:40:24.604,DEMO_MODE,F1,900,0,0.10,-14.44,0.54,50.00,90.0,72.0,0.00,0.00,0.00,89.38,0.54,50.00,0.10,-14.44,6,63,6,63,90.0%,72.0%,450.000,0.000,0.00,-4.90,0.00,2.00,0.00,900.00,0.0%,1200.00,40.00,HI,-50.00,-50.00
2026-09-28 07:40:24.724,DEMO_MODE,F1,900,0,0.10,-14.44,0.54,50.00,90.0,76.0,0.00,0.00,0.00,89.38,0.54,50.00,0.10,-14.44,6,63,6,63,90.0%,76.0%,450.000,0.000,0.00,-4.90,0.00,2.00,0.00,900.00,0.0%,1200.00,40.00,HI,-50.00,-50.00
2026-09-28 07:40:24.845,DEMO_MODE,F1,900,0,0.10,-14.44,0.54,50.00,90.0,76.0,0.00,0.00,0.00,89.38,0.54,50.00,0.10,-14.44,6,63,6,63,90.0%,76.0%,450.000,0.000,0.00,-4.90,0.00,2.00,0.00,900.00,0.0%,1200.00,40.00,HI,-50.00,-50.00
2026-09-28 07:40:24.965,DEMO_MODE,F1,900,0,0.10,-14.44,0.54,50.00,90.0,76.0,0.00,0.00,0.00,89.38,0.54,50.00,0.10,-14.44,6,63,6,63,90.0%,76.0%,450.000,0.000,0.00,-4.90,0.00,2.00,0.00,900.00,0.0%,1200.00,40.00,HI,-50.00,-50.00
2026-09-28 07:40:25.086,DEMO_MODE,F1,900,0,0.10,-14.44,0.54,50.00,90.0,76.0,0.00,0.00,0.00,89.38,0.54,50.00,0.10,-14.44,6,63,6,63,90.0%,76.0%,450.000,0.000,0.00,-4.90,0.00,2.00,0.00,900.00,0.0%,1200.00,40.00,HI,-50.00,-50.00
2026-09-28 07:40:25.206,DEMO_MODE,F1,900,0,0.10,-14.44,0.54,50.00,90.0,76.0,0.00,0.00,0.00,89.38,0.54,50.00,0.10,-14.44,6,63,6,63,90.0%,76.0%,450.000,0.000,0.00,-4.90,0.00,2.00,0.00,900.00,0.0%,1200.00,40.00,HI,-50.00,-50.00
2026-09-28 07:40:25.327,DEMO_MODE,F1,900,0,0.10,-14.44,0.54,50.00,90.0,76.0,0.00,0.00,0.00,89.38,0.54,50.00,0.10,-14.44,6,63,6,63,90.0%,76.0%,450.000,0.000,0.00,-4.90,0.00,2.00,0.00,900.00,0.0%,1200.00,40.00,HI,-50.00,-50.00
2026-09-28 07:40:25.448,DEMO_MODE,F1,900,0,0.10,-14.44,0.54,50.00,90.0,76.0,0.00,0.00,0.00,89.38,0.54,50.00,0.10,-14.44,6,63,6,63,90.0%,76.0%,450.000,0.000,0.00,-4.90,0.00,2.00,0.00,900.00,0.0%,1200.00,40.00,HI,-50.00,-50.00
2026-09-28 07:40:25.569,DEMO_MODE,F1,900,0,0.10,-14.44,0.54,50.00,90.0,76.0,0.00,0.00,0.00,89.38,0.54,50.00,0.10,-14.44,6,63,6,63,90.0%,76.0%,450.000,0.000,0.00,-4.90,0.00,2.00,0.00,900.00,0.0%,1200.00,40.00,HI,-50.00,-50.00
2026-09-28 07:40:25.695,DEMO_MODE,F1,900,0,0.10,-14.44,0.54,50.00,90.0,76.0,0.00,0.00,0.00,89.38,0.54,50.00,0.10,-14.44,6,63,6,63,90.0%,76.0%,450.000,0.000,0.00,-4.90,0.00,2.00,0.00,900.00,0.0%,1200.00,40.00,HI,-50.00,-50.00
2026-09-28 07:40:25.815,DEMO_MODE,F1,900,0,0.10,-14.44,0.54,50.00,90.0,76.0,0.00,0.00,0.00,89.38,0.54,50.00,0.10,-14.44,6,63,6,63,90.0%,76.0%,450.000,0.000,0.00,-4.90,0.00,2.00,0.00,900.00,0.0%,1200.00,40.00,HI,-50.00,-50.00
2026-09-28 07:40:25.941,DEMO_MODE,F1,900,0,0.10,-14.44,0.54,50.00,90.0,76.0,0.00,0.00,0.00,89.38,0.54,50.00,0.10,-14.44,6,63,6,63,90.0%,76.0%,450.000,0.000,0.00,-4.90,0.00,2.00,0.00,900.00,0.0%,1200.00,40.00,HI,-50.00,-50.00
2026-09-28 07:40:26.062,DEMO_MODE,F1,900,0,0.10,-14.44,0.54,50.00,90.0,76.0,0.00,0.00,0.00,89.38,0.54,50.00,0.10,-14.44,6,63,6,63,90.0%,76.0%,450.000,0.000,0.00,-4.90,0.00,2.00,0.00,900.00,0.0%,1200.00,40.00,HI,-50.00,-50.00
2026-09-28 07:40:26.188,DEMO_MODE,F1,900,0,0.10,-14.44,0.54,50.00,90.0,76.0,0.00,0.00,0.00,89.38,0.54,50.00,0.10,-14.44,6,63,6,63,90.0%,76.0%,450.000,0.000,0.00,-4.90,0.00,2.00,0.00,900.00,0.0%,1200.00,40.00,HI,-50.00,-50.00
2026-09-28 07:40:26.309,DEMO_MODE,F1,900,0,0.10,-14.44,0.54,50.00,90.0,76.0,0.00,0.00,0.00,89.38,0.54,50.00,0.10,-14.44,6,63,6,63,90.0%,76.0%,450.000,0.000,0.00,-4.90,0.00,2.00,0.00,900.00,0.0%,1200.00,40.00,HI,-50.00,-50.00
2026-09-28 07:40:26.434,DEMO_MODE,F1,900,0,0.10,-14.44,0.54,50.00,90.0,76.0,0.00,0.00,0.00,89.38,0.54,50.00,0.10,-14.44,6,63,6,63,90.0%,76.0%,450.000,0.000,0.00,-4.90,0.00,2.00,0.00,900.00,0.0%,1200.00,40.00,HI,-50.00,-50.00
2026-09-28 07:40:26.565,DEMO_MODE,F1,900,0,0.10,-14.44,0.54,50.00,90.0,76.0,0.00,0.00,0.00,89.38,0.54,50.00,0.10,-14.44,6,63,6,63,90.0%,76.0%,450.000,0.000,0.00,-4.90,0.00,2.00,0.00,900.00,0.0%,1200.00,40.00,HI,-50.00,-50.00
2026-09-28 07:40:26.691,DEMO_MODE,F1,900,0,0.10,-14.44,0.54,50.00,90.0,76.0,0.00,0.00,0.00,89.38,0.54,50.00,0.10,-14.44,6,63,6,63,90.0%,76.0%,450.000,0.000,0.00,-4.90,0.00,2.00,0.00,900.00,0.0%,1200.00,40.00,HI,-50.00,-50.00
2026-09-28 07:40:26.812,DEMO_MODE,F1,900,0,0.10,-14.44,0.54,50.00,90.0,76.0,0.00,0.00,0.00,89.38,0.54,50.00,0.10,-14.44,6,63,6,63,90.0%,76.0%,450.000,0.000,0.00,-4.90,0.00,2.00,0.00,900.00,0.0%,1200.00,40.00,HI,-50.00,-50.00
2026-09-28 07:40:26.939,DEMO_MODE,F1,900,0,0.10,-14.44,0.54,50.00,90.0,76.0,0.00,0.00,0.00,89.38,0.54,50.00,0.10,-14.44,6,63,6,63,90.0%,76.0%,450.000,0.000,0.00,-4.90,0.00,2.00,0.00,900.00,0.0%,1200.00,40.00,HI,-50.00,-50.00
2026-09-28 07:40:27.064,DEMO_MODE,F1,900,0,0.10,-14.44,0.54,50.00,90.0,76.0,0.00,0.00,0.00,89.38,0.54,50.00,0.10,-14.44,6,63,6,63,90.0%,76.0%,450.000,0.000,0.00,-4.90,0.00,2.00,0.00,900.00,0.0%,1200.00,40.00,HI,-50.00,-50.00
2026-09-28 07:40:27.190,DEMO_MODE,F1,900,0,0.10,-14.44,0.54,50.00,90.0,76.0,0.00,0.00,0.00,89.38,0.54,50.00,0.10,-14.44,6,63,6,63,90.0%,76.0%,450.000,0.000,0.00,-4.90,0.00,2.00,0.00,900.00,0.0%,1200.00,40.00,HI,-50.00,-50.00
2026-09-28 07:40:27.310,DEMO_MODE,F1,900,0,0.10,-14.44,0.54,50.00,90.0,76.0,0.00,0.00,0.00,89.38,0.54,50.00,0.10,-14.44,6,63,6,63,90.0%,76.0%,450.000,0.000,0.00,-4.90,0.00,2.00,0.00,900.00,0.0%,1200.00,40.00,HI,-50.00,-50.00
2026-09-28 07:40:27.437,DEMO_MODE,F1,900,0,0.10,-14.44,0.54,50.00,90.0,76.0,0.00,0.00,0.00,89.38,0.54,50.00,0.10,-14.44,6,63,6,63,90.0%,76.0%,450.000,0.000,0.00,-4.90,0.00,2.00,0.00,900.00,0.0%,1200.00,40.00,HI,-50.00,-50.00
2026-09-28 07:40:27.558,DEMO_MODE,F1,900,0,0.10,-14.44,0.54,50.00,90.0,76.0,0.00,0.00,0.00,89.38,0.54,50.00,0.10,-14.44,6,63,6,63,90.0%,76.0%,450.000,0.000,0.00,-4.90,0.00,2.00,0.00,900.00,0.0%,1200.00,40.00,HI,-50.00,-50.00
2026-09-28 07:40:27.683,DEMO_MODE,F1,900,0,0.10,-14.44,0.54,50.00,90.0,76.0,0.00,0.00,0.00,89.38,0.54,50.00,0.10,-14.44,6,63,6,63,90.0%,76.0%,450.000,0.000,0.00,-4.90,0.00,2.00,0.00,900.00,0.0%,1200.00,40.00,HI,-50.00,-50.00
2026-09-28 07:40:27.804,DEMO_MODE,F1,900,0,0.10,-14.44,0.54,50.00,90.0,76.0,0.00,0.00,0.00,89.38,0.54,50.00,0.10,-14.44,6,63,6,63,90.0%,76.0%,450.000,0.000,0.00,-4.90,0.00,2.00,0.00,900.00,0.0%,1200.00,40.00,HI,-50.00,-50.00
2026-09-28 07:40:27.929,DEMO_MODE,F1,900,0,0.10,-14.44,0.54,50.00,90.0,76.0,0.00,0.00,0.00,89.38,0.54,50.00,0.10,-14.44,6,63,6,63,90.0%,76.0%,450.000,0.000,0.00,-4.90,0.00,2.00,0.00,900.00,0.0%,1200.00,40.00,HI,-50.00,-50.00
2026-09-28 07:40:28.050,DEMO_MODE,F1,900,0,0.10,-14.44,0.54,50.00,90.0,76.0,0.00,0.00,0.00,89.38,0.54,50.00,0.10,-14.44,6,63,6,63,90.0%,76.0%,450.000,0.000,0.00,-4.90,0.00,2.00,0.00,900.00,0.0%,1200.00,40.00,HI,-50.00,-50.00
2026-09-28 07:40:28.177,DEMO_MODE,F1,900,0,0.10,-14.44,0.54,50.00,90.0,76.0,0.00,0.00,0.00,89.38,0.54,50.00,0.10,-14.44,6,63,6,63,90.0%,76.0%,450.000,0.000,0.00,-4.90,0.00,2.00,0.00,900.00,0.0%,1200.00,40.00,HI,-50.00,-50.00
2026-09-28 07:40:28.298,DEMO_MODE,F1,900,0,0.10,-14.44,0.54,50.00,90.0,76.0,0.00,0.00,0.00,89.38,0.54,50.00,0.10,-14.44,6,63,6,63,90.0%,76.0%,450.000,0.000,0.00,-4.90,0.00,2.00,0.00,900.00,0.0%,1200.00,40.00,HI,-50.00,-50.00
2026-09-28 07:40:28.424,DEMO_MODE,F1,900,0,0.10,-14.44,0.54,50.00,90.0,76.0,0.00,0.00,0.00,89.38,0.54,50.00,0.10,-14.44,6,63,6,63,90.0%,76.0%,450.000,0.000,0.00,-4.90,0.00,2.00,0.00,900.00,0.0%,1200.00,40.00,HI,-50.00,-50.00
2026-09-28 07:40:28.550,DEMO_MODE,F1,900,0,0.10,-14.44,0.54,50.00,90.0,76.0,0.00,0.00,0.00,89.38,0.54,50.00,0.10,-14.44,6,63,6,63,90.0%,76.0%,450.000,0.000,0.00,-4.90,0.00,2.00,0.00,900.00,0.0%,1200.00,40.00,HI,-50.00,-50.00
2026-09-28 07:40:28.677,DEMO_MODE,F1,900,0,0.10,-14.44,0.54,50.00,90.0,76.0,0.00,0.00,0.00,89.38,0.54,50.00,0.10,-14.44,6,63,6,63,90.0%,76.0%,450.000,0.000,0.00,-4.90,0.00,2.00,0.00,900.00,0.0%,1200.00,40.00,HI,-50.00,-50.00
2026-09-28 07:40:28.815,DEMO_MODE,F1,900,1,0.10,-14.44,0.54,50.00,90.0,76.0,0.00,0.00,0.00,89.38,0.54,50.00,0.10,-14.44,6,63,6,63,90.0%,76.0%,450.000,0.000,0.00,-4.90,0.00,2.00,0.00,899.00,0.0%,1200.00,40.00,HI,-50.00,-50.00
2026-09-28 07:40:28.941,DEMO_MODE,F1,900,1,0.10,-14.44,0.54,50.00,90.0,76.0,0.00,0.00,0.00,89.38,0.54,50.00,0.10,-14.44,6,63,6,63,90.0%,76.0%,450.000,0.000,0.00,-4.90,0.00,2.00,0.00,899.00,0.0%,1200.00,40.00,HI,-50.00,-50.00
2026-09-28 07:40:29.061,DEMO_MODE,F1,900,1,0.10,-14.44,0.54,50.00,90.0,76.0,0.00,0.00,0.00,89.38,0.54,50.00,0.10,-14.44,6,63,6,63,90.0%,76.0%,450.000,0.000,0.00,-4.90,0.00,2.00,0.00,899.00,0.0%,1200.00,40.00,HI,-50.00,-50.00
2026-09-28 07:40:29.187,DEMO_MODE,F1,900,1,0.10,-14.44,0.54,50.00,90.0,76.0,0.00,0.00,0.00,89.38,0.54,50.00,0.10,-14.44,6,63,6,63,90.0%,76.0%,450.000,0.000,0.00,-4.90,0.00,2.00,0.00,899.00,0.0%,1200.00,40.00,HI,-50.00,-50.00
2026-09-28 07:40:29.307,DEMO_MODE,F1,900,1,0.10,-14.44,0.54,50.00,90.0,76.0,0.00,0.00,0.00,89.38,0.54,50.00,0.10,-14.44,6,63,6,63,90.0%,76.0%,450.000,0.000,0.00,-4.90,0.00,2.00,0.00,899.00,0.0%,1200.00,40.00,HI,-50.00,-50.00
2026-09-28 07:40:29.434,DEMO_MODE,F1,900,1,0.10,-14.44,0.54,50.00,90.0,76.0,0.00,0.00,0.00,89.38,0.54,50.00,0.10,-14.44,6,63,6,63,90.0%,76.0%,450.000,0.000,0.00,-4.90,0.00,2.00,0.00,899.00,0.0%,1200.00,40.00,HI,-50.00,-50.00
2026-09-28 07:40:29.555,DEMO_MODE,F1,900,1,0.10,-14.44,0.54,50.00,90.0,76.0,0.00,0.00,0.00,89.38,0.54,50.00,0.10,-14.44,6,63,6,63,90.0%,76.0%,450.000,0.000,0.00,-4.90,0.00,2.00,0.00,899.00,0.0%,1200.00,40.00,HI,-50.00,-50.00
2026-09-28 07:40:29.681,DEMO_MODE,F1,900,1,0.10,-14.44,0.54,50.00,90.0,76.0,0.00,0.00,0.00,89.38,0.54,50.00,0.10,-14.44,6,63,6,63,90.0%,76.0%,450.000,0.000,0.00,-4.90,0.00,2.00,0.00,899.00,0.0%,1200.00,40.00,HI,-50.00,-50.00
2026-09-28 07:40:29.802,DEMO_MODE,F1,900,1,0.10,-14.44,0.54,50.00,90.0,76.0,0.00,0.00,0.00,89.38,0.54,50.00,0.10,-14.44,6,63,6,63,90.0%,76.0%,450.000,0.000,0.00,-4.90,0.00,2.00,0.00,899.00,0.0%,1200.00,40.00,HI,-50.00,-50.00
2026-09-28 07:40:29.929,DEMO_MODE,F1,0,1,0.10,-14.44,0.54,50.00,0.0,0.0,0.00,0.00,0.00,89.38,0.54,50.00,0.10,-14.44,6,63,6,63,0.0%,0.0%,0.000,0.000,0.00,-4.90,0.00,0.00,0.00,0.00,0.0%,1200.00,-50.00,HI,-50.00,-50.00
2026-09-28 07:40:30.061,DEMO_MODE,F1,0,1,0.10,-14.44,0.54,50.00,0.0,0.0,0.00,0.00,0.00,89.38,0.54,50.00,0.10,-14.44,6,63,6,63,0.0%,0.0%,0.000,0.000,0.00,-4.90,0.00,0.00,0.00,0.00,0.0%,1200.00,-50.00,HI,-50.00,-50.00
2026-09-28 07:40:30.188,DEMO_MODE,F1,0,1,0.10,-14.44,0.54,50.00,0.0,0.0,0.00,0.00,0.00,89.38,0.54,50.00,0.10,-14.44,6,63,6,63,0.0%,0.0%,0.000,0.000,0.00,-4.90,0.00,0.00,0.00,0.00,0.0%,1200.00,-50.00,HI,-50.00,-50.00
2026-09-28 07:40:30.308,DEMO_MODE,F1,0,1,0.10,-14.44,0.54,50.00,0.0,0.0,0.00,0.00,0.00,89.38,0.54,50.00,0.10,-14.44,6,63,6,63,0.0%,0.0%,0.000,0.000,0.00,-4.90,0.00,0.00,0.00,0.00,0.0%,1200.00,-50.00,HI,-50.00,-50.00
2026-09-28 07:40:30.433,DEMO_MODE,F1,0,1,0.10,-14.44,0.54,50.00,0.0,0.0,0.00,0.00,0.00,89.38,0.54,50.00,0.10,-14.44,6,63,6,63,0.0%,0.0%,0.000,0.000,0.00,-4.90,0.00,0.00,0.00,0.00,0.0%,1200.00,-50.00,HI,-50.00,-50.00
2026-09-28 07:40:30.554,DEMO_MODE,F1,0,1,0.10,-14.44,0.54,50.00,0.0,0.0,0.00,0.00,0.00,89.38,0.54,50.00,0.10,-14.44,6,63,6,63,0.0%,0.0%,0.000,0.000,0.00,-4.90,0.00,0.00,0.00,0.00,0.0%,1200.00,-50.00,HI,-50.00,-50.00
2026-09-28 07:40:30.681,DEMO_MODE,F1,0,1,0.10,-14.44,0.54,50.00,0.0,0.0,0.00,0.00,0.00,89.38,0.54,50.00,0.10,-14.44,6,63,6,63,0.0%,0.0%,0.000,0.000,0.00,-4.90,0.00,0.00,0.00,0.00,0.0%,1200.00,-50.00,HI,-50.00,-50.00
2026-09-28 07:40:30.802,DEMO_MODE,F1,0,1,0.10,-14.44,0.54,50.00,0.0,0.0,0.00,0.00,0.00,89.38,0.54,50.00,0.10,-14.44,6,63,6,63,0.0%,0.0%,0.000,0.000,0.00,-4.90,0.00,0.00,0.00,0.00,0.0%,1200.00,-50.00,HI,-50.00,-50.00
2026-09-28 07:40:30.929,DEMO_MODE,F1,0,1,0.10,-14.44,0.54,50.00,0.0,0.0,0.00,0.00,0.00,89.38,0.54,50.00,0.10,-14.44,6,63,6,63,0.0%,0.0%,0.000,0.000,0.00,-4.90,0.00,0.00,0.00,0.00,0.0%,1200.00,-50.00,HI,-50.00,-50.00
2026-09-28 07:40:31.063,DEMO_MODE,F1,0,1,0.10,-14.44,0.54,50.00,0.0,0.0,0.00,0.00,0.00,89.38,0.54,50.00,0.10,-14.44,6,63,6,63,0.0%,0.0%,0.000,0.000,0.00,-4.90,0.00,0.00,0.00,0.00,0.0%,1200.00,-50.00,HI,-50.00,-50.00
2026-09-28 07:40:31.189,DEMO_MODE,F1,0,1,0.10,-14.44,0.54,50.00,0.0,0.0,0.00,0.00,0.00,89.38,0.54,50.00,0.10,-14.44,6,63,6,63,0.0%,0.0%,0.000,0.000,0.00,-4.90,0.00,0.00,0.00,0.00,0.0%,1200.00,-50.00,HI,-50.00,-50.00
2026-09-28 07:40:31.310,DEMO_MODE,F1,0,1,0.10,-14.44,0.54,50.00,0.0,0.0,0.00,0.00,0.00,89.38,0.54,50.00,0.10,-14.44,6,63,6,63,0.0%,0.0%,0.000,0.000,0.00,-4.90,0.00,0.00,0.00,0.00,0.0%,1200.00,-50.00,HI,-50.00,-50.00
2026-09-28 07:40:31.436,DEMO_MODE,F1,0,1,0.10,-14.44,0.54,50.00,0.0,0.0,0.00,0.00,0.00,89.38,0.54,50.00,0.10,-14.44,6,63,6,63,0.0%,0.0%,0.000,0.000,0.00,-4.90,0.00,0.00,0.00,0.00,0.0%,1200.00,-50.00,HI,-50.00,-50.00
2026-09-28 07:40:31.556,DEMO_MODE,F1,0,1,0.10,-14.44,0.54,50.00,0.0,0.0,0.00,0.00,0.00,89.38,0.54,50.00,0.10,-14.44,6,63,6,63,0.0%,0.0%,0.000,0.000,0.00,-4.90,0.00,0.00,0.00,0.00,0.0%,1200.00,-50.00,HI,-50.00,-50.00
2026-09-28 07:40:31.682,DEMO_MODE,F1,0,1,0.10,-14.44,0.54,50.00,0.0,0.0,0.00,0.00,0.00,89.38,0.54,50.00,0.10,-14.44,6,63,6,63,0.0%,0.0%,0.000,0.000,0.00,-4.90,0.00,0.00,0.00,0.00,0.0%,1200.00,-50.00,HI,-50.00,-50.00
2026-09-28 07:40:31.803,DEMO_MODE,F1,0,1,0.10,-14.44,0.54,50.00,0.0,0.0,0.00,0.00,0.00,89.38,0.54,50.00,0.10,-14.44,6,63,6,63,0.0%,0.0%,0.000,0.000,0.00,-4.90,0.00,0.00,0.00,0.00,0.0%,1200.00,-50.00,HI,-50.00,-50.00
2026-09-28 07:40:31.930,DEMO_MODE,F1,0,1,0.10,-14.44,0.54,50.00,0.0,0.0,0.00,0.00,0.00,89.38,0.54,50.00,0.10,-14.44,6,63,6,63,0.0%,0.0%,0.000,0.000,0.00,-4.90,0.00,0.00,0.00,0.00,0.0%,1200.00,-50.00,HI,-50.00,-50.00
2026-09-28 07:40:32.050,DEMO_MODE,F1,0,1,0.10,-14.44,0.54,50.00,0.0,0.0,0.00,0.00,0.00,89.38,0.54,50.00,0.10,-14.44,6,63,6,63,0.0%,0.0%,0.000,0.000,0.00,-4.90,0.00,0.00,0.00,0.00,0.0%,1200.00,-50.00,HI,-50.00,-50.00
2026-09-28 07:40:32.176,DEMO_MODE,F1,0,1,0.10,-14.44,0.54,50.00,0.0,0.0,0.00,0.00,0.00,89.38,0.54,50.00,0.10,-14.44,6,63,6,63,0.0%,0.0%,0.000,0.000,0.00,-4.90,0.00,0.00,0.00,0.00,0.0%,1200.00,-50.00,HI,-50.00,-50.00
2026-09-28 07:40:32.297,DEMO_MODE,F1,0,1,0.10,-14.44,0.54,50.00,0.0,0.0,0.00,0.00,0.00,89.38,0.54,50.00,0.10,-14.44,6,63,6,63,0.0%,0.0%,0.000,0.000,0.00,-4.90,0.00,0.00,0.00,0.00,0.0%,1200.00,-50.00,HI,-50.00,-50.00
2026-09-28 07:40:32.423,DEMO_MODE,F1,0,1,0.10,-14.44,0.54,50.00,0.0,0.0,0.00,0.00,0.00,89.38,0.54,50.00,0.10,-14.44,6,63,6,63,0.0%,0.0%,0.000,0.000,0.00,-4.90,0.00,0.00,0.00,0.00,0.0%,1200.00,-50.00,HI,-50.00,-50.00
2026-09-28 07:40:32.554,DEMO_MODE,F1,0,1,0.10,-14.44,0.54,50.00,0.0,0.0,0.00,0.00,0.00,89.38,0.54,50.00,0.10,-14.44,6,63,6,63,0.0%,0.0%,0.000,0.000,0.00,-4.90,0.00,0.00,0.00,0.00,0.0%,1200.00,-50.00,HI,-50.00,-50.00
2026-09-28 07:40:32.681,DEMO_MODE,F1,0,1,0.10,-14.44,0.54,50.00,0.0,0.0,0.00,0.00,0.00,89.38,0.54,50.00,0.10,-14.44,6,63,6,63,0.0%,0.0%,0.000,0.000,0.00,-4.90,0.00,0.00,0.00,0.00,0.0%,1200.00,-50.00,HI,-50.00,-50.00
2026-09-28 07:40:32.801,DEMO_MODE,F1,0,1,0.10,-14.44,0.54,50.00,0.0,0.0,0.00,0.00,0.00,89.38,0.54,50.00,0.10,-14.44,6,63,6,63,0.0%,0.0%,0.000,0.000,0.00,-4.90,0.00,0.00,0.00,0.00,0.0%,1200.00,-50.00,HI,-50.00,-50.00
2026-09-28 07:40:32.927,DEMO_MODE,F1,0,1,0.10,-14.44,0.54,50.00,0.0,0.0,0.00,0.00,0.00,89.38,0.54,50.00,0.10,-14.44,6,63,6,63,0.0%,0.0%,0.000,0.000,0.00,-4.90,0.00,0.00,0.00,0.00,0.0%,1200.00,-50.00,HI,-50.00,-50.00
2026-09-28 07:40:33.048,DEMO_MODE,F1,0,1,0.10,-14.44,0.54,50.00,0.0,0.0,0.00,0.00,0.00,89.38,0.54,50.00,0.10,-14.44,6,63,6,63,0.0%,0.0%,0.000,0.000,0.00,-4.90,0.00,0.00,0.00,0.00,0.0%,1200.00,-50.00,HI,-50.00,-50.00
2026-09-28 07:40:33.175,DEMO_MODE,F1,0,1,0.10,-14.44,0.54,50.00,0.0,0.0,0.00,0.00,0.00,89.38,0.54,50.00,0.10,-14.44,6,63,6,63,0.0%,0.0%,0.000,0.000,0.00,-4.90,0.00,0.00,0.00,0.00,0.0%,1200.00,-50.00,HI,-50.00,-50.00
2026-09-28 07:40:33.296,DEMO_MODE,F1,0,1,0.10,-14.44,0.54,50.00,0.0,0.0,0.00,0.00,0.00,89.38,0.54,50.00,0.10,-14.44,6,63,6,63,0.0%,0.0%,0.000,0.000,0.00,-4.90,0.00,0.00,0.00,0.00,0.0%,1200.00,-50.00,HI,-50.00,-50.00
2026-09-28 07:40:33.422,DEMO_MODE,F1,0,1,0.10,-14.44,0.54,50.00,0.0,0.0,0.00,0.00,0.00,89.38,0.54,50.00,0.10,-14.44,6,63,6,63,0.0%,0.0%,0.000,0.000,0.00,-4.90,0.00,0.00,0.00,0.00,0.0%,1200.00,-50.00,HI,-50.00,-50.00
2026-09-28 07:40:33.543,DEMO_MODE,F1,0,1,0.10,-14.44,0.54,50.00,0.0,0.0,0.00,0.00,0.00,89.38,0.54,50.00,0.10,-14.44,6,63,6,63,0.0%,0.0%,0.000,0.000,0.00,-4.90,0.00,0.00,0.00,0.00,0.0%,1200.00,-50.00,HI,-50.00,-50.00
2026-09-28 07:40:33.668,DEMO_MODE,F1,0,1,0.10,-14.44,0.54,50.00,0.0,0.0,0.00,0.00,0.00,89.38,0.54,50.00,0.10,-14.44,6,63,6,63,0.0%,0.0%,0.000,0.000,0.00,-4.90,0.00,0.00,0.00,0.00,0.0%,1200.00,-50.00,HI,-50.00,-50.00
2026-09-28 07:40:33.789,DEMO_MODE,F1,0,1,0.10,-14.44,0.54,50.00,0.0,0.0,0.00,0.00,0.00,89.38,0.54,50.00,0.10,-14.44,6,63,6,63,0.0%,0.0%,0.000,0.000,0.00,-4.90,0.00,0.00,0.00,0.00,0.0%,1200.00,-50.00,HI,-50.00,-50.00
2026-09-28 07:40:33.915,DEMO_MODE,F1,0,1,0.10,-14.44,0.54,50.00,0.0,0.0,0.00,0.00,0.00,89.38,0.54,50.00,0.10,-14.44,6,63,6,63,0.0%,0.0%,0.000,0.000,0.00,-4.90,0.00,0.00,0.00,0.00,0.0%,1200.00,-50.00,HI,-50.00,-50.00
2026-09-28 07:40:34.036,DEMO_MODE,F1,0,1,0.10,-14.44,0.54,50.00,0.0,0.0,0.00,0.00,0.00,89.38,0.54,50.00,0.10,-14.44,6,63,6,63,0.0%,0.0%,0.000,0.000,0.00,-4.90,0.00,0.00,0.00,0.00,0.0%,1200.00,-50.00,HI,-50.00,-50.00
2026-09-28 07:40:34.162,DEMO_MODE,F1,0,1,0.10,-14.44,0.54,50.00,0.0,0.0,0.00,0.00,0.00,89.38,0.54,50.00,0.10,-14.44,6,63,6,63,0.0%,0.0%,0.000,0.000,0.00,-4.90,0.00,0.00,0.00,0.00,0.0%,1200.00,-50.00,HI,-50.00,-50.00
2026-09-28 07:40:34.294,DEMO_MODE,F1,0,1,0.10,-14.44,0.54,50.00,0.0,0.0,0.00,0.00,0.00,89.38,0.54,50.00,0.10,-14.44,6,63,6,63,0.0%,0.0%,0.000,0.000,0.00,-4.90,0.00,0.00,0.00,0.00,0.0%,1200.00,-50.00,HI,-50.00,-50.00
2026-09-28 07:40:34.420,DEMO_MODE,F1,0,1,0.10,-14.44,0.54,50.00,0.0,0.0,0.00,0.00,0.00,89.38,0.54,50.00,0.10,-14.44,6,63,6,63,0.0%,0.0%,0.000,0.000,0.00,-4.90,0.00,0.00,0.00,0.00,0.0%,1200.00,-50.00,HI,-50.00,-50.00
2026-09-28 07:40:34.541,DEMO_MODE,F1,0,1,0.10,-14.44,0.54,50.00,0.0,0.0,0.00,0.00,0.00,89.38,0.54,50.00,0.10,-14.44,6,63,6,63,0.0%,0.0%,0.000,0.000,0.00,-4.90,0.00,0.00,0.00,0.00,0.0%,1200.00,-50.00,HI,-50.00,-50.00
2026-09-28 07:40:34.667,DEMO_MODE,F1,0,1,0.10,-14.44,0.54,50.00,0.0,0.0,0.00,0.00,0.00,89.38,0.54,50.00,0.10,-14.44,6,63,6,63,0.0%,0.0%,0.000,0.000,0.00,-4.90,0.00,0.00,0.00,0.00,0.0%,1200.00,-50.00,HI,-50.00,-50.00
2026-09-28 07:40:34.787,DEMO_MODE,F1,0,1,0.10,-14.44,0.54,50.00,0.0,0.0,0.00,0.00,0.00,89.38,0.54,50.00,0.10,-14.44,6,63,6,63,0.0%,0.0%,0.000,0.000,0.00,-4.90,0.00,0.00,0.00,0.00,0.0%,1200.00,-50.00,HI,-50.00,-50.00
2026-09-28 07:40:34.913,DEMO_MODE,F1,0,1,0.10,-14.44,0.54,50.00,0.0,0.0,0.00,0.00,0.00,89.38,0.54,50.00,0.10,-14.44,6,63,6,63,0.0%,0.0%,0.000,0.000,0.00,-4.90,0.00,0.00,0.00,0.00,0.0%,1200.00,-50.00,HI,-50.00,-50.00
2026-09-28 07:40:35.034,DEMO_MODE,F1,0,1,0.10,-14.44,0.54,50.00,0.0,4.0,0.00,0.00,0.00,89.38,0.54,50.00,0.10,-14.44,6,63,6,63,0.0%,4.0%,0.000,0.000,0.00,-4.90,0.00,0.00,0.00,0.00,0.0%,1200.00,-50.00,HI,-50.00,-50.00
2026-09-28 07:40:35.161,DEMO_MODE,F1,0,1,0.10,-14.44,0.54,50.00,0.0,4.0,0.00,0.00,0.00,89.38,0.54,50.00,0.10,-14.44,6,63,6,63,0.0%,4.0%,0.000,0.000,0.00,-4.90,0.00,0.00,0.00,0.00,0.0%,1200.00,-50.00,HI,-50.00,-50.00
2026-09-28 07:40:35.282,DEMO_MODE,F1,0,1,0.10,-14.44,0.54,50.00,0.0,4.0,0.00,0.00,0.00,89.38,0.54,50.00,0.10,-14.44,6,63,6,63,0.0%,4.0%,0.000,0.000,0.00,-4.90,0.00,0.00,0.00,0.00,0.0%,1200.00,-50.00,HI,-50.00,-50.00
2026-09-28 07:40:35.408,DEMO_MODE,F1,0,1,0.10,-14.44,0.54,50.00,0.0,4.0,0.00,0.00,0.00,89.38,0.54,50.00,0.10,-14.44,6,63,6,63,0.0%,4.0%,0.000,0.000,0.00,-4.90,0.00,0.00,0.00,0.00,0.0%,1200.00,-50.00,HI,-50.00,-50.00
2026-09-28 07:40:35.529,DEMO_MODE,F1,0,1,0.10,-14.44,0.54,50.00,0.0,4.0,0.00,0.00,0.00,89.38,0.54,50.00,0.10,-14.44,6,63,6,63,0.0%,4.0%,0.000,0.000,0.00,-4.90,0.00,0.00,0.00,0.00,0.0%,1200.00,-50.00,HI,-50.00,-50.00
2026-09-28 07:40:35.655,DEMO_MODE,F1,0,1,0.10,-14.44,0.54,50.00,0.0,4.0,0.00,0.00,0.00,89.38,0.54,50.00,0.10,-14.44,6,63,6,63,0.0%,4.0%,0.000,0.000,0.00,-4.90,0.00,0.00,0.00,0.00,0.0%,1200.00,-50.00,HI,-50.00,-50.00
2026-09-28 07:40:35.787,DEMO_MODE,F1,0,1,0.10,-14.44,0.54,50.00,0.0,4.0,0.00,0.00,0.00,89.38,0.54,50.00,0.10,-14.44,6,63,6,63,0.0%,4.0%,0.000,0.000,0.00,-4.90,0.00,0.00,0.00,0.00,0.0%,1200.00,-50.00,HI,-50.00,-50.00
2026-09-28 07:40:35.912,DEMO_MODE,F1,0,1,0.10,-14.44,0.54,50.00,0.0,4.0,0.00,0.00,0.00,89.38,0.54,50.00,0.10,-14.44,6,63,6,63,0.0%,4.0%,0.000,0.000,0.00,-4.90,0.00,0.00,0.00,0.00,0.0%,1200.00,-50.00,HI,-50.00,-50.00
2026-09-28 07:40:36.033,DEMO_MODE,F1,0,1,0.10,-14.44,0.54,50.00,0.0,4.0,0.00,0.00,0.00,89.38,0.54,50.00,0.10,-14.44,6,63,6,63,0.0%,4.0%,0.000,0.000,0.00,-4.90,0.00,0.00,0.00,0.00,0.0%,1200.00,-50.00,HI,-50.00,-50.00
2026-09-28 07:40:36.160,DEMO_MODE,F1,0,1,0.10,-14.44,0.54,50.00,0.0,4.0,0.00,0.00,0.00,89.38,0.54,50.00,0.10,-14.44,6,63,6,63,0.0%,4.0%,0.000,0.000,0.00,-4.90,0.00,0.00,0.00,0.00,0.0%,1200.00,-50.00,HI,-50.00,-50.00
2026-09-28 07:40:36.286,DEMO_MODE,F1,0,1,0.10,-14.44,0.54,50.00,0.0,4.0,0.00,0.00,0.00,89.38,0.54,50.00,0.10,-14.44,6,63,6,63,0.0%,4.0%,0.000,0.000,0.00,-4.90,0.00,0.00,0.00,0.00,0.0%,1200.00,-50.00,HI,-50.00,-50.00
2026-09-28 07:40:36.413,DEMO_MODE,F1,0,1,0.10,-14.44,0.54,50.00,0.0,4.0,0.00,0.00,0.00,89.38,0.54,50.00,0.10,-14.44,6,63,6,63,0.0%,4.0%,0.000,0.000,0.00,-4.90,0.00,0.00,0.00,0.00,0.0%,1200.00,-50.00,HI,-50.00,-50.00
2026-09-28 07:40:36.534,DEMO_MODE,F1,0,1,0.10,-14.44,0.54,50.00,0.0,4.0,0.00,0.00,0.00,89.38,0.54,50.00,0.10,-14.44,6,63,6,63,0.0%,4.0%,0.000,0.000,0.00,-4.90,0.00,0.00,0.00,0.00,0.0%,1200.00,-50.00,HI,-50.00,-50.00
2026-09-28 07:40:36.661,DEMO_MODE,F1,0,1,0.10,-14.44,0.54,50.00,0.0,4.0,0.00,0.00,0.00,89.38,0.54,50.00,0.10,-14.44,6,63,6,63,0.0%,4.0%,0.000,0.000,0.00,-4.90,0.00,0.00,0.00,0.00,0.0%,1200.00,-50.00,HI,-50.00,-50.00
2026-09-28 07:40:36.792,DEMO_MODE,F1,0,1,0.10,-14.44,0.54,50.00,0.0,4.0,0.00,0.00,0.00,89.38,0.54,50.00,0.10,-14.44,6,63,6,63,0.0%,4.0%,0.000,0.000,0.00,-4.90,0.00,0.00,0.00,0.00,0.0%,1200.00,-50.00,HI,-50.00,-50.00
2026-09-28 07:40:36.918,DEMO_MODE,F1,0,1,0.10,-14.44,0.54,50.00,0.0,4.0,0.00,0.00,0.00,89.38,0.54,50.00,0.10,-14.44,6,63,6,63,0.0%,4.0%,0.000,0.000,0.00,-4.90,0.00,0.00,0.00,0.00,0.0%,1200.00,-50.00,HI,-50.00,-50.00
2026-09-28 07:40:37.039,DEMO_MODE,F1,0,1,0.10,-14.44,0.54,50.00,0.0,4.0,0.00,0.00,0.00,89.38,0.54,50.00,0.10,-14.44,6,63,6,63,0.0%,4.0%,0.000,0.000,0.00,-4.90,0.00,0.00,0.00,0.00,0.0%,1200.00,-50.00,HI,-50.00,-50.00
2026-09-28 07:40:37.165,DEMO_MODE,F1,0,1,0.10,-14.44,0.54,50.00,0.0,4.0,0.00,0.00,0.00,89.38,0.54,50.00,0.10,-14.44,6,63,6,63,0.0%,4.0%,0.000,0.000,0.00,-4.90,0.00,0.00,0.00,0.00,0.0%,1200.00,-50.00,HI,-50.00,-50.00
2026-09-28 07:40:37.286,DEMO_MODE,F1,0,1,0.10,-14.44,0.54,50.00,0.0,4.0,0.00,0.00,0.00,89.38,0.54,50.00,0.10,-14.44,6,63,6,63,0.0%,4.0%,0.000,0.000,0.00,-4.90,0.00,0.00,0.00,0.00,0.0%,1200.00,-50.00,HI,-50.00,-50.00
2026-09-28 07:40:37.412,DEMO_MODE,F1,0,1,0.10,-14.44,0.54,50.00,0.0,4.0,0.00,0.00,0.00,89.38,0.54,50.00,0.10,-14.44,6,63,6,63,0.0%,4.0%,0.000,0.000,0.00,-4.90,0.00,0.00,0.00,0.00,0.0%,1200.00,-50.00,HI,-50.00,-50.00
2026-09-28 07:40:37.532,DEMO_MODE,F1,0,1,0.10,-14.44,0.54,50.00,0.0,4.0,0.00,0.00,0.00,89.38,0.54,50.00,0.10,-14.44,6,63,6,63,0.0%,4.0%,0.000,0.000,0.00,-4.90,0.00,0.00,0.00,0.00,0.0%,1200.00,-50.00,HI,-50.00,-50.00
2026-09-28 07:40:37.658,DEMO_MODE,F1,0,1,0.10,-14.44,0.54,50.00,0.0,4.0,0.00,0.00,0.00,89.38,0.54,50.00,0.10,-14.44,6,63,6,63,0.0%,4.0%,0.000,0.000,0.00,-4.90,0.00,0.00,0.00,0.00,0.0%,1200.00,-50.00,HI,-50.00,-50.00
2026-09-28 07:40:37.779,DEMO_MODE,F1,0,1,0.10,-14.44,0.54,50.00,0.0,4.0,0.00,0.00,0.00,89.38,0.54,50.00,0.10,-14.44,6,63,6,63,0.0%,4.0%,0.000,0.000,0.00,-4.90,0.00,0.00,0.00,0.00,0.0%,1200.00,-50.00,HI,-50.00,-50.00
2026-09-28 07:40:37.906,DEMO_MODE,F1,0,1,0.10,-14.44,0.54,50.00,0.0,4.0,0.00,0.00,0.00,89.38,0.54,50.00,0.10,-14.44,6,63,6,63,0.0%,4.0%,0.000,0.000,0.00,-4.90,0.00,0.00,0.00,0.00,0.0%,1200.00,-50.00,HI,-50.00,-50.00
2026-09-28 07:40:38.027,DEMO_MODE,F1,0,1,0.10,-14.44,0.54,50.00,0.0,4.0,0.00,0.00,0.00,89.38,0.54,50.00,0.10,-14.44,6,63,6,63,0.0%,4.0%,0.000,0.000,0.00,-4.90,0.00,0.00,0.00,0.00,0.0%,1200.00,-50.00,HI,-50.00,-50.00
2026-09-28 07:40:38.154,DEMO_MODE,F1,0,2,0.10,-14.44,0.54,50.00,0.0,4.0,0.00,0.00,0.00,89.38,0.54,50.00,0.10,-14.44,6,63,6,63,0.0%,4.0%,0.000,0.000,0.00,-4.90,0.00,0.00,0.00,0.00,0.0%,1200.00,-50.00,HI,-50.00,-50.00
2026-09-28 07:40:38.275,DEMO_MODE,F1,0,2,0.10,-14.44,0.54,50.00,0.0,4.0,0.00,0.00,0.00,89.38,0.54,50.00,0.10,-14.44,6,63,6,63,0.0%,4.0%,0.000,0.000,0.00,-4.90,0.00,0.00,0.00,0.00,0.0%,1200.00,-50.00,HI,-50.00,-50.00
2026-09-28 07:40:38.401,DEMO_MODE,F1,0,2,0.10,-14.44,0.54,50.00,0.0,4.0,0.00,0.00,0.00,89.38,0.54,50.00,0.10,-14.44,6,63,6,63,0.0%,4.0%,0.000,0.000,0.00,-4.90,0.00,0.00,0.00,0.00,0.0%,1200.00,-50.00,HI,-50.00,-50.00
2026-09-28 07:40:38.521,DEMO_MODE,F1,0,2,0.10,-14.44,0.54,50.00,0.0,4.0,0.00,0.00,0.00,89.38,0.54,50.00,0.10,-14.44,6,63,6,63,0.0%,4.0%,0.000,0.000,0.00,-4.90,0.00,0.00,0.00,0.00,0.0%,1200.00,-50.00,HI,-50.00,-50.00
2026-09-28 07:40:38.647,DEMO_MODE,F1,0,2,0.10,-14.44,0.54,50.00,0.0,4.0,0.00,0.00,0.00,89.38,0.54,50.00,0.10,-14.44,6,63,6,63,0.0%,4.0%,0.000,0.000,0.00,-4.90,0.00,0.00,0.00,0.00,0.0%,1200.00,-50.00,HI,-50.00,-50.00
2026-09-28 07:40:38.768,DEMO_MODE,F1,0,2,0.10,-14.44,0.54,50.00,0.0,4.0,0.00,0.00,0.00,89.38,0.54,50.00,0.10,-14.44,6,63,6,63,0.0%,4.0%,0.000,0.000,0.00,-4.90,0.00,0.00,0.00,0.00,0.0%,1200.00,-50.00,HI,-50.00,-50.00
2026-09-28 07:40:38.894,DEMO_MODE,F1,0,2,0.10,-14.44,0.54,50.00,0.0,4.0,0.00,0.00,0.00,89.38,0.54,50.00,0.10,-14.44,6,63,6,63,0.0%,4.0%,0.000,0.000,0.00,-4.90,0.00,0.00,0.00,0.00,0.0%,1200.00,-50.00,HI,-50.00,-50.00
2026-09-28 07:40:39.014,DEMO_MODE,F1,0,2,0.10,-14.44,0.54,50.00,0.0,4.0,0.00,0.00,0.00,89.38,0.54,50.00,0.10,-14.44,6,63,6,63,0.0%,4.0%,0.000,0.000,0.00,-4.90,0.00,0.00,0.00,0.00,0.0%,1200.00,-50.00,HI,-50.00,-50.00
2026-09-28 07:40:39.141,DEMO_MODE,F1,0,2,0.10,-14.44,0.54,50.00,0.0,4.0,0.00,0.00,0.00,89.38,0.54,50.00,0.10,-14.44,6,63,6,63,0.0%,4.0%,0.000,0.000,0.00,-4.90,0.00,0.00,0.00,0.00,0.0%,1200.00,-50.00,HI,-50.00,-50.00
2026-09-28 07:40:39.261,DEMO_MODE,F1,0,2,0.10,-14.44,0.54,50.00,0.0,4.0,0.00,0.00,0.00,89.38,0.54,50.00,0.10,-14.44,6,63,6,63,0.0%,4.0%,0.000,0.000,0.00,-4.90,0.00,0.00,0.00,0.00,0.0%,1200.00,-50.00,HI,-50.00,-50.00
2026-09-28 07:40:39.387,DEMO_MODE,F1,0,2,0.10,-14.44,0.54,50.00,0.0,4.0,0.00,0.00,0.00,89.38,0.54,50.00,0.10,-14.44,6,63,6,63,0.0%,4.0%,0.000,0.000,0.00,-4.90,0.00,0.00,0.00,0.00,0.0%,1200.00,-50.00,HI,-50.00,-50.00
2026-09-28 07:40:39.507,DEMO_MODE,F1,0,2,0.10,-14.44,0.54,50.00,0.0,4.0,0.00,0.00,0.00,89.38,0.54,50.00,0.10,-14.44,6,63,6,63,0.0%,4.0%,0.000,0.000,0.00,-4.90,0.00,0.00,0.00,0.00,0.0%,1200.00,-50.00,HI,-50.00,-50.00
2026-09-28 07:40:39.633,DEMO_MODE,F1,0,2,0.10,-14.44,0.54,50.00,0.0,4.0,0.00,0.00,0.00,89.38,0.54,50.00,0.10,-14.44,6,63,6,63,0.0%,4.0%,0.000,0.000,0.00,-4.90,0.00,0.00,0.00,0.00,0.0%,1200.00,-50.00,HI,-50.00,-50.00
2026-09-28 07:40:39.754,DEMO_MODE,F1,0,2,0.10,-14.44,0.54,50.00,0.0,4.0,0.00,0.00,0.00,89.38,0.54,50.00,0.10,-14.44,6,63,6,63,0.0%,4.0%,0.000,0.000,0.00,-4.90,0.00,0.00,0.00,0.00,0.0%,1200.00,-50.00,HI,-50.00,-50.00
2026-09-28 07:40:39.880,DEMO_MODE,F1,0,2,0.10,-14.44,0.54,50.00,0.0,4.0,0.00,0.00,0.00,89.38,0.54,50.00,0.10,-14.44,6,63,6,63,0.0%,4.0%,0.000,0.000,0.00,-4.90,0.00,0.00,0.00,0.00,0.0%,1200.00,-50.00,HI,-50.00,-50.00
2026-09-28 07:40:40.000,DEMO_MODE,F1,0,2,0.10,-14.44,0.54,50.00,0.0,4.0,0.00,0.00,0.00,89.38,0.54,50.00,0.10,-14.44,6,63,6,63,0.0%,4.0%,0.000,0.000,0.00,-4.90,0.00,0.00,0.00,0.00,0.0%,1200.00,-50.00,HI,-50.00,-50.00
2026-09-28 07:40:40.125,DEMO_MODE,F1,0,2,0.10,-14.44,0.54,50.00,0.0,4.0,0.00,0.00,0.00,89.38,0.54,50.00,0.10,-14.44,6,63,6,63,0.0%,4.0%,0.000,0.000,0.00,-4.90,0.00,0.00,0.00,0.00,0.0%,1200.00,-50.00,HI,-50.00,-50.00
2026-09-28 07:40:40.246,DEMO_MODE,F1,100,2,0.10,-14.44,0.54,50.00,10.0,8.0,0.00,0.00,0.00,89.38,0.54,50.00,0.10,-14.44,6,63,6,63,10.0%,8.0%,50.000,0.000,0.00,-4.90,0.00,1.96,0.00,98.00,0.0%,1200.00,-40.00,HI,-50.00,-50.00
2026-09-28 07:40:40.372,DEMO_MODE,F1,100,2,0.10,-14.44,0.54,50.00,10.0,8.0,0.00,0.00,0.00,89.38,0.54,50.00,0.10,-14.44,6,63,6,63,10.0%,8.0%,50.000,0.000,0.00,-4.90,0.00,1.96,0.00,98.00,0.0%,1200.00,-40.00,HI,-50.00,-50.00
2026-09-28 07:40:40.493,DEMO_MODE,F1,100,2,0.10,-14.44,0.54,50.00,10.0,8.0,0.00,0.00,0.00,89.38,0.54,50.00,0.10,-14.44,6,63,6,63,10.0%,8.0%,50.000,0.000,0.00,-4.90,0.00,1.96,0.00,98.00,0.0%,1200.00,-40.00,HI,-50.00,-50.00
2026-09-28 07:40:40.613,DEMO_MODE,F1,100,2,0.10,-14.44,0.54,50.00,10.0,8.0,0.00,0.00,0.00,89.38,0.54,50.00,0.10,-14.44,6,63,6,63,10.0%,8.0%,50.000,0.000,0.00,-4.90,0.00,1.96,0.00,98.00,0.0%,1200.00,-40.00,HI,-50.00,-50.00
2026-09-28 07:40:40.734,DEMO_MODE,F1,100,2,0.10,-14.44,0.54,50.00,10.0,8.0,0.00,0.00,0.00,89.38,0.54,50.00,0.10,-14.44,6,63,6,63,10.0%,8.0%,50.000,0.000,0.00,-4.90,0.00,1.96,0.00,98.00,0.0%,1200.00,-40.00,HI,-50.00,-50.00
2026-09-28 07:40:40.855,DEMO_MODE,F1,100,2,0.10,-14.44,0.54,50.00,10.0,8.0,0.00,0.00,0.00,89.38,0.54,50.00,0.10,-14.44,6,63,6,63,10.0%,8.0%,50.000,0.000,0.00,-4.90,0.00,1.96,0.00,98.00,0.0%,1200.00,-40.00,HI,-50.00,-50.00
2026-09-28 07:40:40.976,DEMO_MODE,F1,100,2,0.10,-14.44,0.54,50.00,10.0,8.0,0.00,0.00,0.00,89.38,0.54,50.00,0.10,-14.44,6,63,6,63,10.0%,8.0%,50.000,0.000,0.00,-4.90,0.00,1.96,0.00,98.00,0.0%,1200.00,-40.00,HI,-50.00,-50.00
2026-09-28 07:40:41.096,DEMO_MODE,F1,100,2,0.10,-14.44,0.54,50.00,10.0,8.0,0.00,0.00,0.00,89.38,0.54,50.00,0.10,-14.44,6,63,6,63,10.0%,8.0%,50.000,0.000,0.00,-4.90,0.00,1.96,0.00,98.00,0.0%,1200.00,-40.00,HI,-50.00,-50.00
2026-09-28 07:40:41.216,DEMO_MODE,F1,100,2,0.10,-14.44,0.54,50.00,10.0,8.0,0.00,0.00,0.00,89.38,0.54,50.00,0.10,-14.44,6,63,6,63,10.0%,8.0%,50.000,0.000,0.00,-4.90,0.00,1.96,0.00,98.00,0.0%,1200.00,-40.00,HI,-50.00,-50.00
2026-09-28 07:40:41.337,DEMO_MODE,F1,100,2,0.10,-14.44,0.54,50.00,10.0,8.0,0.00,0.00,0.00,89.38,0.54,50.00,0.10,-14.44,6,63,6,63,10.0%,8.0%,50.000,0.000,0.00,-4.90,0.00,1.96,0.00,98.00,0.0%,1200.00,-40.00,HI,-50.00,-50.00
2026-09-28 07:40:41.458,DEMO_MODE,F1,100,2,0.10,-14.44,0.54,50.00,10.0,8.0,0.00,0.00,0.00,89.38,0.54,50.00,0.10,-14.44,6,63,6,63,10.0%,8.0%,50.000,0.000,0.00,-4.90,0.00,1.96,0.00,98.00,0.0%,1200.00,-40.00,HI,-50.00,-50.00
2026-09-28 07:40:41.578,DEMO_MODE,F1,100,2,0.10,-14.44,0.54,50.00,10.0,8.0,0.00,0.00,0.00,89.38,0.54,50.00,0.10,-14.44,6,63,6,63,10.0%,8.0%,50.000,0.000,0.00,-4.90,0.00,1.96,0.00,98.00,0.0%,1200.00,-40.00,HI,-50.00,-50.00
2026-09-28 07:40:41.699,DEMO_MODE,F1,100,2,0.10,-14.44,0.54,50.00,10.0,8.0,0.00,0.00,0.00,89.38,0.54,50.00,0.10,-14.44,6,63,6,63,10.0%,8.0%,50.000,0.000,0.00,-4.90,0.00,1.96,0.00,98.00,0.0%,1200.00,-40.00,HI,-50.00,-50.00
2026-09-28 07:40:41.819,DEMO_MODE,F1,100,2,0.10,-14.44,0.54,50.00,10.0,8.0,0.00,0.00,0.00,89.38,0.54,50.00,0.10,-14.44,6,63,6,63,10.0%,8.0%,50.000,0.000,0.00,-4.90,0.00,1.96,0.00,98.00,0.0%,1200.00,-40.00,HI,-50.00,-50.00
2026-09-28 07:40:41.946,DEMO_MODE,F1,100,2,0.10,-14.44,0.54,50.00,10.0,8.0,0.00,0.00,0.00,89.38,0.54,50.00,0.10,-14.44,6,63,6,63,10.0%,8.0%,50.000,0.000,0.00,-4.90,0.00,1.96,0.00,98.00,0.0%,1200.00,-40.00,HI,-50.00,-50.00
2026-09-28 07:40:42.067,DEMO_MODE,F1,100,2,0.10,-14.44,0.54,50.00,10.0,8.0,0.00,0.00,0.00,89.38,0.54,50.00,0.10,-14.44,6,63,6,63,10.0%,8.0%,50.000,0.000,0.00,-4.90,0.00,1.96,0.00,98.00,0.0%,1200.00,-40.00,HI,-50.00,-50.00
2026-09-28 07:40:42.193,DEMO_MODE,F1,100,2,0.10,-14.44,0.54,50.00,10.0,8.0,0.00,0.00,0.00,89.38,0.54,50.00,0.10,-14.44,6,63,6,63,10.0%,8.0%,50.000,0.000,0.00,-4.90,0.00,1.96,0.00,98.00,0.0%,1200.00,-40.00,HI,-50.00,-50.00
2026-09-28 07:40:42.314,DEMO_MODE,F1,100,2,0.10,-14.44,0.54,50.00,10.0,8.0,0.00,0.00,0.00,89.38,0.54,50.00,0.10,-14.44,6,63,6,63,10.0%,8.0%,50.000,0.000,0.00,-4.90,0.00,1.96,0.00,98.00,0.0%,1200.00,-40.00,HI,-50.00,-50.00
2026-09-28 07:40:42.440,DEMO_MODE,F1,100,2,0.10,-14.44,0.54,50.00,10.0,8.0,0.00,0.00,0.00,89.38,0.54,50.00,0.10,-14.44,6,63,6,63,10.0%,8.0%,50.000,0.000,0.00,-4.90,0.00,1.96,0.00,98.00,0.0%,1200.00,-40.00,HI,-50.00,-50.00
2026-09-28 07:40:42.560,DEMO_MODE,F1,100,2,0.10,-14.44,0.54,50.00,10.0,8.0,0.00,0.00,0.00,89.38,0.54,50.00,0.10,-14.44,6,63,6,63,10.0%,8.0%,50.000,0.000,0.00,-4.90,0.00,1.96,0.00,98.00,0.0%,1200.00,-40.00,HI,-50.00,-50.00
2026-09-28 07:40:42.686,DEMO_MODE,F1,100,2,0.10,-14.44,0.54,50.00,10.0,8.0,0.00,0.00,0.00,89.38,0.54,50.00,0.10,-14.44,6,63,6,63,10.0%,8.0%,50.000,0.000,0.00,-4.90,0.00,1.96,0.00,98.00,0.0%,1200.00,-40.00,HI,-50.00,-50.00
2026-09-28 07:40:42.806,DEMO_MODE,F1,100,2,0.10,-14.44,0.54,50.00,10.0,8.0,0.00,0.00,0.00,89.38,0.54,50.00,0.10,-14.44,6,63,6,63,10.0%,8.0%,50.000,0.000,0.00,-4.90,0.00,1.96,0.00,98.00,0.0%,1200.00,-40.00,HI,-50.00,-50.00
2026-09-28 07:40:42.932,DEMO_MODE,F1,100,2,0.10,-14.44,0.54,50.00,10.0,8.0,0.00,0.00,0.00,89.38,0.54,50.00,0.10,-14.44,6,63,6,63,10.0%,8.0%,50.000,0.000,0.00,-4.90,0.00,1.96,0.00,98.00,0.0%,1200.00,-40.00,HI,-50.00,-50.00
2026-09-28 07:40:43.053,DEMO_MODE,F1,100,2,0.10,-14.44,0.54,50.00,10.0,8.0,0.00,0.00,0.00,89.38,0.54,50.00,0.10,-14.44,6,63,6,63,10.0%,8.0%,50.000,0.000,0.00,-4.90,0.00,1.96,0.00,98.00,0.0%,1200.00,-40.00,HI,-50.00,-50.00
2026-09-28 07:40:43.180,DEMO_MODE,F1,100,2,0.10,-14.44,0.54,50.00,10.0,8.0,0.00,0.00,0.00,89.38,0.54,50.00,0.10,-14.44,6,63,6,63,10.0%,8.0%,50.000,0.000,0.00,-4.90,0.00,1.96,0.00,98.00,0.0%,1200.00,-40.00,HI,-50.00,-50.00
2026-09-28 07:40:43.301,DEMO_MODE,F1,100,2,0.10,-14.44,0.54,50.00,10.0,8.0,0.00,0.00,0.00,89.38,0.54,50.00,0.10,-14.44,6,63,6,63,10.0%,8.0%,50.000,0.000,0.00,-4.90,0.00,1.96,0.00,98.00,0.0%,1200.00,-40.00,HI,-50.00,-50.00
2026-09-28 07:40:43.427,DEMO_MODE,F1,100,2,0.10,-14.44,0.54,50.00,10.0,8.0,0.00,0.00,0.00,89.38,0.54,50.00,0.10,-14.44,6,63,6,63,10.0%,8.0%,50.000,0.000,0.00,-4.90,0.00,1.96,0.00,98.00,0.0%,1200.00,-40.00,HI,-50.00,-50.00
2026-09-28 07:40:43.547,DEMO_MODE,F1,100,2,0.10,-14.44,0.54,50.00,10.0,8.0,0.00,0.00,0.00,89.38,0.54,50.00,0.10,-14.44,6,63,6,63,10.0%,8.0%,50.000,0.000,0.00,-4.90,0.00,1.96,0.00,98.00,0.0%,1200.00,-40.00,HI,-50.00,-50.00
2026-09-28 07:40:43.673,DEMO_MODE,F1,100,2,0.10,-14.44,0.54,50.00,10.0,8.0,0.00,0.00,0.00,89.38,0.54,50.00,0.10,-14.44,6,63,6,63,10.0%,8.0%,50.000,0.000,0.00,-4.90,0.00,1.96,0.00,98.00,0.0%,1200.00,-40.00,HI,-50.00,-50.00
2026-09-28 07:40:43.793,DEMO_MODE,F1,100,2,0.10,-14.44,0.54,50.00,10.0,8.0,0.00,0.00,0.00,89.38,0.54,50.00,0.10,-14.44,6,63,6,63,10.0%,8.0%,50.000,0.000,0.00,-4.90,0.00,1.96,0.00,98.00,0.0%,1200.00,-40.00,HI,-50.00,-50.00
2026-09-28 07:40:43.919,DEMO_MODE,F1,100,2,0.10,-14.44,0.54,50.00,10.0,8.0,0.00,0.00,0.00,89.38,0.54,50.00,0.10,-14.44,6,63,6,63,10.0%,8.0%,50.000,0.000,0.00,-4.90,0.00,1.96,0.00,98.00,0.0%,1200.00,-40.00,HI,-50.00,-50.00
2026-09-28 07:40:44.051,DEMO_MODE,F1,100,2,0.10,-14.44,0.54,50.00,10.0,8.0,0.00,0.00,0.00,89.38,0.54,50.00,0.10,-14.44,6,63,6,63,10.0%,8.0%,50.000,0.000,0.00,-4.90,0.00,1.96,0.00,98.00,0.0%,1200.00,-40.00,HI,-50.00,-50.00
2026-09-28 07:40:44.177,DEMO_MODE,F1,100,2,0.10,-14.44,0.54,50.00,10.0,8.0,0.00,0.00,0.00,89.38,0.54,50.00,0.10,-14.44,6,63,6,63,10.0%,8.0%,50.000,0.000,0.00,-4.90,0.00,1.96,0.00,98.00,0.0%,1200.00,-40.00,HI,-50.00,-50.00
2026-09-28 07:40:44.298,DEMO_MODE,F1,100,2,0.10,-14.44,0.54,50.00,10.0,8.0,0.00,0.00,0.00,89.38,0.54,50.00,0.10,-14.44,6,63,6,63,10.0%,8.0%,50.000,0.000,0.00,-4.90,0.00,1.96,0.00,98.00,0.0%,1200.00,-40.00,HI,-50.00,-50.00
2026-09-28 07:40:44.424,DEMO_MODE,F1,100,2,0.10,-14.44,0.54,50.00,10.0,8.0,0.00,0.00,0.00,89.38,0.54,50.00,0.10,-14.44,6,63,6,63,10.0%,8.0%,50.000,0.000,0.00,-4.90,0.00,1.96,0.00,98.00,0.0%,1200.00,-40.00,HI,-50.00,-50.00
2026-09-28 07:40:44.544,DEMO_MODE,F1,100,2,0.10,-14.44,0.54,50.00,10.0,8.0,0.00,0.00,0.00,89.38,0.54,50.00,0.10,-14.44,6,63,6,63,10.0%,8.0%,50.000,0.000,0.00,-4.90,0.00,1.96,0.00,98.00,0.0%,1200.00,-40.00,HI,-50.00,-50.00
2026-09-28 07:40:44.671,DEMO_MODE,F1,100,2,0.10,-14.44,0.54,50.00,10.0,8.0,0.00,0.00,0.00,89.38,0.54,50.00,0.10,-14.44,6,63,6,63,10.0%,8.0%,50.000,0.000,0.00,-4.90,0.00,1.96,0.00,98.00,0.0%,1200.00,-40.00,HI,-50.00,-50.00
2026-09-28 07:40:44.792,DEMO_MODE,F1,100,2,0.10,-14.44,0.54,50.00,10.0,8.0,0.00,0.00,0.00,89.38,0.54,50.00,0.10,-14.44,6,63,6,63,10.0%,8.0%,50.000,0.000,0.00,-4.90,0.00,1.96,0.00,98.00,0.0%,1200.00,-40.00,HI,-50.00,-50.00
2026-09-28 07:40:44.919,DEMO_MODE,F1,100,2,0.10,-14.44,0.54,50.00,10.0,8.0,0.00,0.00,0.00,89.38,0.54,50.00,0.10,-14.44,6,63,6,63,10.0%,8.0%,50.000,0.000,0.00,-4.90,0.00,1.96,0.00,98.00,0.0%,1200.00,-40.00,HI,-50.00,-50.00
2026-09-28 07:40:45.040,DEMO_MODE,F1,100,2,0.10,-14.44,0.54,50.00,10.0,8.0,0.00,0.00,0.00,89.38,0.54,50.00,0.10,-14.44,6,63,6,63,10.0%,8.0%,50.000,0.000,0.00,-4.90,0.00,1.96,0.00,98.00,0.0%,1200.00,-40.00,HI,-50.00,-50.00
2026-09-28 07:40:45.165,DEMO_MODE,F1,100,2,0.10,-14.44,0.54,50.00,10.0,8.0,0.00,0.00,0.00,89.38,0.54,50.00,0.10,-14.44,6,63,6,63,10.0%,8.0%,50.000,0.000,0.00,-4.90,0.00,1.96,0.00,98.00,0.0%,1200.00,-40.00,HI,-50.00,-50.00
2026-09-28 07:40:45.286,DEMO_MODE,F1,100,2,0.10,-14.44,0.54,50.00,10.0,8.0,0.00,0.00,0.00,89.38,0.54,50.00,0.10,-14.44,6,63,6,63,10.0%,8.0%,50.000,0.000,0.00,-4.90,0.00,1.96,0.00,98.00,0.0%,1200.00,-40.00,HI,-50.00,-50.00
2026-09-28 07:40:45.413,DEMO_MODE,F1,100,2,0.10,-14.44,0.54,50.00,10.0,12.0,0.00,0.00,0.00,89.38,0.54,50.00,0.10,-14.44,6,63,6,63,10.0%,12.0%,50.000,0.000,0.00,-4.90,0.00,1.96,0.00,98.00,0.0%,1200.00,-40.00,HI,-50.00,-50.00
2026-09-28 07:40:45.533,DEMO_MODE,F1,100,2,0.10,-14.44,0.54,50.00,10.0,12.0,0.00,0.00,0.00,89.38,0.54,50.00,0.10,-14.44,6,63,6,63,10.0%,12.0%,50.000,0.000,0.00,-4.90,0.00,1.96,0.00,98.00,0.0%,1200.00,-40.00,HI,-50.00,-50.00
2026-09-28 07:40:45.659,DEMO_MODE,F1,100,2,0.10,-14.44,0.54,50.00,10.0,12.0,0.00,0.00,0.00,89.38,0.54,50.00,0.10,-14.44,6,63,6,63,10.0%,12.0%,50.000,0.000,0.00,-4.90,0.00,1.96,0.00,98.00,0.0%,1200.00,-40.00,HI,-50.00,-50.00
2026-09-28 07:40:45.779,DEMO_MODE,F1,100,2,0.10,-14.44,0.54,50.00,10.0,12.0,0.00,0.00,0.00,89.38,0.54,50.00,0.10,-14.44,6,63,6,63,10.0%,12.0%,50.000,0.000,0.00,-4.90,0.00,1.96,0.00,98.00,0.0%,1200.00,-40.00,HI,-50.00,-50.00
2026-09-28 07:40:45.905,DEMO_MODE,F1,100,2,0.10,-14.44,0.54,50.00,10.0,12.0,0.00,0.00,0.00,89.38,0.54,50.00,0.10,-14.44,6,63,6,63,10.0%,12.0%,50.000,0.000,0.00,-4.90,0.00,1.96,0.00,98.00,0.0%,1200.00,-40.00,HI,-50.00,-50.00
2026-09-28 07:40:46.031,DEMO_MODE,F1,100,2,0.10,-14.44,0.54,50.00,10.0,12.0,0.00,0.00,0.00,89.38,0.54,50.00,0.10,-14.44,6,63,6,63,10.0%,12.0%,50.000,0.000,0.00,-4.90,0.00,1.96,0.00,98.00,0.0%,1200.00,-40.00,HI,-50.00,-50.00
2026-09-28 07:40:46.157,DEMO_MODE,F1,100,2,0.10,-14.44,0.54,50.00,10.0,12.0,0.00,0.00,0.00,89.38,0.54,50.00,0.10,-14.44,6,63,6,63,10.0%,12.0%,50.000,0.000,0.00,-4.90,0.00,1.96,0.00,98.00,0.0%,1200.00,-40.00,HI,-50.00,-50.00
2026-09-28 07:40:46.277,DEMO_MODE,F1,100,2,0.10,-14.44,0.54,50.00,10.0,12.0,0.00,0.00,0.00,89.38,0.54,50.00,0.10,-14.44,6,63,6,63,10.0%,12.0%,50.000,0.000,0.00,-4.90,0.00,1.96,0.00,98.00,0.0%,1200.00,-40.00,HI,-50.00,-50.00
2026-09-28 07:40:46.404,DEMO_MODE,F1,100,2,0.10,-14.44,0.54,50.00,10.0,12.0,0.00,0.00,0.00,89.38,0.54,50.00,0.10,-14.44,6,63,6,63,10.0%,12.0%,50.000,0.000,0.00,-4.90,0.00,1.96,0.00,98.00,0.0%,1200.00,-40.00,HI,-50.00,-50.00
2026-09-28 07:40:46.525,DEMO_MODE,F1,100,2,0.10,-14.44,0.54,50.00,10.0,12.0,0.00,0.00,0.00,89.38,0.54,50.00,0.10,-14.44,6,63,6,63,10.0%,12.0%,50.000,0.000,0.00,-4.90,0.00,1.96,0.00,98.00,0.0%,1200.00,-40.00,HI,-50.00,-50.00
2026-09-28 07:40:46.650,DEMO_MODE,F1,100,2,0.10,-14.44,0.54,50.00,10.0,12.0,0.00,0.00,0.00,89.38,0.54,50.00,0.10,-14.44,6,63,6,63,10.0%,12.0%,50.000,0.000,0.00,-4.90,0.00,1.96,0.00,98.00,0.0%,1200.00,-40.00,HI,-50.00,-50.00
2026-09-28 07:40:46.771,DEMO_MODE,F1,100,2,0.10,-14.44,0.54,50.00,10.0,12.0,0.00,0.00,0.00,89.38,0.54,50.00,0.10,-14.44,6,63,6,63,10.0%,12.0%,50.000,0.000,0.00,-4.90,0.00,1.96,0.00,98.00,0.0%,1200.00,-40.00,HI,-50.00,-50.00
2026-09-28 07:40:46.896,DEMO_MODE,F1,100,2,0.10,-14.44,0.54,50.00,10.0,12.0,0.00,0.00,0.00,89.38,0.54,50.00,0.10,-14.44,6,63,6,63,10.0%,12.0%,50.000,0.000,0.00,-4.90,0.00,1.96,0.00,98.00,0.0%,1200.00,-40.00,HI,-50.00,-50.00
2026-09-28 07:40:47.017,DEMO_MODE,F1,100,2,0.10,-14.44,0.54,50.00,10.0,12.0,0.00,0.00,0.00,89.38,0.54,50.00,0.10,-14.44,6,63,6,63,10.0%,12.0%,50.000,0.000,0.00,-4.90,0.00,1.96,0.00,98.00,0.0%,1200.00,-40.00,HI,-50.00,-50.00
2026-09-28 07:40:47.144,DEMO_MODE,F1,100,2,0.10,-14.44,0.54,50.00,10.0,12.0,0.00,0.00,0.00,89.38,0.54,50.00,0.10,-14.44,6,63,6,63,10.0%,12.0%,50.000,0.000,0.00,-4.90,0.00,1.96,0.00,98.00,0.0%,1200.00,-40.00,HI,-50.00,-50.00
2026-09-28 07:40:47.265,DEMO_MODE,F1,100,2,0.10,-14.44,0.54,50.00,10.0,12.0,0.00,0.00,0.00,89.38,0.54,50.00,0.10,-14.44,6,63,6,63,10.0%,12.0%,50.000,0.000,0.00,-4.90,0.00,1.96,0.00,98.00,0.0%,1200.00,-40.00,HI,-50.00,-50.00
2026-09-28 07:40:47.390,DEMO_MODE,F1,100,3,0.10,-14.44,0.54,50.00,10.0,12.0,0.00,0.00,0.00,89.38,0.54,50.00,0.10,-14.44,6,63,6,63,10.0%,12.0%,50.000,0.000,0.00,-4.90,0.00,1.94,0.00,97.00,0.0%,1200.00,-40.00,HI,-50.00,-50.00
2026-09-28 07:40:47.511,DEMO_MODE,F1,100,3,0.10,-14.44,0.54,50.00,10.0,12.0,0.00,0.00,0.00,89.38,0.54,50.00,0.10,-14.44,6,63,6,63,10.0%,12.0%,50.000,0.000,0.00,-4.90,0.00,1.94,0.00,97.00,0.0%,1200.00,-40.00,HI,-50.00,-50.00
2026-09-28 07:40:47.637,DEMO_MODE,F1,100,3,0.10,-14.44,0.54,50.00,10.0,12.0,0.00,0.00,0.00,89.38,0.54,50.00,0.10,-14.44,6,63,6,63,10.0%,12.0%,50.000,0.000,0.00,-4.90,0.00,1.94,0.00,97.00,0.0%,1200.00,-40.00,HI,-50.00,-50.00
2026-09-28 07:40:47.758,DEMO_MODE,F1,100,3,0.10,-14.44,0.54,50.00,10.0,12.0,0.00,0.00,0.00,89.38,0.54,50.00,0.10,-14.44,6,63,6,63,10.0%,12.0%,50.000,0.000,0.00,-4.90,0.00,1.94,0.00,97.00,0.0%,1200.00,-40.00,HI,-50.00,-50.00
2026-09-28 07:40:47.884,DEMO_MODE,F1,100,3,0.10,-14.44,0.54,50.00,10.0,12.0,0.00,0.00,0.00,89.38,0.54,50.00,0.10,-14.44,6,63,6,63,10.0%,12.0%,50.000,0.000,0.00,-4.90,0.00,1.94,0.00,97.00,0.0%,1200.00,-40.00,HI,-50.00,-50.00
2026-09-28 07:40:48.005,DEMO_MODE,F1,100,3,0.10,-14.44,0.54,50.00,10.0,12.0,0.00,0.00,0.00,89.38,0.54,50.00,0.10,-14.44,6,63,6,63,10.0%,12.0%,50.000,0.000,0.00,-4.90,0.00,1.94,0.00,97.00,0.0%,1200.00,-40.00,HI,-50.00,-50.00
2026-09-28 07:40:48.131,DEMO_MODE,F1,100,3,0.10,-14.44,0.54,50.00,10.0,12.0,0.00,0.00,0.00,89.38,0.54,50.00,0.10,-14.44,6,63,6,63,10.0%,12.0%,50.000,0.000,0.00,-4.90,0.00,1.94,0.00,97.00,0.0%,1200.00,-40.00,HI,-50.00,-50.00
2026-09-28 07:40:48.257,DEMO_MODE,F1,100,3,0.10,-14.44,0.54,50.00,10.0,12.0,0.00,0.00,0.00,89.38,0.54,50.00,0.10,-14.44,6,63,6,63,10.0%,12.0%,50.000,0.000,0.00,-4.90,0.00,1.94,0.00,97.00,0.0%,1200.00,-40.00,HI,-50.00,-50.00
2026-09-28 07:40:48.384,DEMO_MODE,F1,100,3,0.10,-14.44,0.54,50.00,10.0,12.0,0.00,0.00,0.00,89.38,0.54,50.00,0.10,-14.44,6,63,6,63,10.0%,12.0%,50.000,0.000,0.00,-4.90,0.00,1.94,0.00,97.00,0.0%,1200.00,-40.00,HI,-50.00,-50.00
2026-09-28 07:40:48.504,DEMO_MODE,F1,100,3,0.10,-14.44,0.54,50.00,10.0,12.0,0.00,0.00,0.00,89.38,0.54,50.00,0.10,-14.44,6,63,6,63,10.0%,12.0%,50.000,0.000,0.00,-4.90,0.00,1.94,0.00,97.00,0.0%,1200.00,-40.00,HI,-50.00,-50.00
2026-09-28 07:40:48.630,DEMO_MODE,F1,100,3,0.10,-14.44,0.54,50.00,10.0,12.0,0.00,0.00,0.00,89.38,0.54,50.00,0.10,-14.44,6,63,6,63,10.0%,12.0%,50.000,0.000,0.00,-4.90,0.00,1.94,0.00,97.00,0.0%,1200.00,-40.00,HI,-50.00,-50.00
2026-09-28 07:40:48.751,DEMO_MODE,F1,100,3,0.10,-14.44,0.54,50.00,10.0,12.0,0.00,0.00,0.00,89.38,0.54,50.00,0.10,-14.44,6,63,6,63,10.0%,12.0%,50.000,0.000,0.00,-4.90,0.00,1.94,0.00,97.00,0.0%,1200.00,-40.00,HI,-50.00,-50.00
2026-09-28 07:40:48.878,DEMO_MODE,F1,100,3,0.10,-14.44,0.54,50.00,10.0,12.0,0.00,0.00,0.00,89.38,0.54,50.00,0.10,-14.44,6,63,6,63,10.0%,12.0%,50.000,0.000,0.00,-4.90,0.00,1.94,0.00,97.00,0.0%,1200.00,-40.00,HI,-50.00,-50.00
2026-09-28 07:40:49.010,DEMO_MODE,F1,100,3,0.10,-14.44,0.54,50.00,10.0,12.0,0.00,0.00,0.00,89.38,0.54,50.00,0.10,-14.44,6,63,6,63,10.0%,12.0%,50.000,0.000,0.00,-4.90,0.00,1.94,0.00,97.00,0.0%,1200.00,-40.00,HI,-50.00,-50.00
2026-09-28 07:40:49.136,DEMO_MODE,F1,100,3,0.10,-14.44,0.54,50.00,10.0,12.0,0.00,0.00,0.00,89.38,0.54,50.00,0.10,-14.44,6,63,6,63,10.0%,12.0%,50.000,0.000,0.00,-4.90,0.00,1.94,0.00,97.00,0.0%,1200.00,-40.00,HI,-50.00,-50.00
2026-09-28 07:40:49.268,DEMO_MODE,F1,100,3,0.10,-14.44,0.54,50.00,10.0,12.0,0.00,0.00,0.00,89.38,0.54,50.00,0.10,-14.44,6,63,6,63,10.0%,12.0%,50.000,0.000,0.00,-4.90,0.00,1.94,0.00,97.00,0.0%,1200.00,-40.00,HI,-50.00,-50.00
2026-09-28 07:40:49.394,DEMO_MODE,F1,100,3,0.10,-14.44,0.54,50.00,10.0,12.0,0.00,0.00,0.00,89.38,0.54,50.00,0.10,-14.44,6,63,6,63,10.0%,12.0%,50.000,0.000,0.00,-4.90,0.00,1.94,0.00,97.00,0.0%,1200.00,-40.00,HI,-50.00,-50.00
2026-09-28 07:40:49.515,DEMO_MODE,F1,100,3,0.10,-14.44,0.54,50.00,10.0,12.0,0.00,0.00,0.00,89.38,0.54,50.00,0.10,-14.44,6,63,6,63,10.0%,12.0%,50.000,0.000,0.00,-4.90,0.00,1.94,0.00,97.00,0.0%,1200.00,-40.00,HI,-50.00,-50.00
2026-09-28 07:40:49.641,DEMO_MODE,F1,100,3,0.10,-14.44,0.54,50.00,10.0,12.0,0.00,0.00,0.00,89.38,0.54,50.00,0.10,-14.44,6,63,6,63,10.0%,12.0%,50.000,0.000,0.00,-4.90,0.00,1.94,0.00,97.00,0.0%,1200.00,-40.00,HI,-50.00,-50.00
2026-09-28 07:40:49.761,DEMO_MODE,F1,100,3,0.10,-14.44,0.54,50.00,10.0,12.0,0.00,0.00,0.00,89.38,0.54,50.00,0.10,-14.44,6,63,6,63,10.0%,12.0%,50.000,0.000,0.00,-4.90,0.00,1.94,0.00,97.00,0.0%,1200.00,-40.00,HI,-50.00,-50.00
2026-09-28 07:40:49.886,DEMO_MODE,F1,100,3,0.10,-14.44,0.54,50.00,10.0,12.0,0.00,0.00,0.00,89.38,0.54,50.00,0.10,-14.44,6,63,6,63,10.0%,12.0%,50.000,0.000,0.00,-4.90,0.00,1.94,0.00,97.00,0.0%,1200.00,-40.00,HI,-50.00,-50.00
2026-09-28 07:40:50.008,DEMO_MODE,F1,100,3,0.10,-14.44,0.54,50.00,10.0,12.0,0.00,0.00,0.00,89.38,0.54,50.00,0.10,-14.44,6,63,6,63,10.0%,12.0%,50.000,0.000,0.00,-4.90,0.00,1.94,0.00,97.00,0.0%,1200.00,-40.00,HI,-50.00,-50.00
2026-09-28 07:40:50.134,DEMO_MODE,F1,100,3,0.10,-14.44,0.54,50.00,10.0,12.0,0.00,0.00,0.00,89.38,0.54,50.00,0.10,-14.44,6,63,6,63,10.0%,12.0%,50.000,0.000,0.00,-4.90,0.00,1.94,0.00,97.00,0.0%,1200.00,-40.00,HI,-50.00,-50.00
2026-09-28 07:40:50.254,DEMO_MODE,F1,100,3,0.10,-14.44,0.54,50.00,10.0,12.0,0.00,0.00,0.00,89.38,0.54,50.00,0.10,-14.44,6,63,6,63,10.0%,12.0%,50.000,0.000,0.00,-4.90,0.00,1.94,0.00,97.00,0.0%,1200.00,-40.00,HI,-50.00,-50.00
2026-09-28 07:40:50.380,DEMO_MODE,F1,100,3,0.10,-14.44,0.54,50.00,10.0,12.0,0.00,0.00,0.00,89.38,0.54,50.00,0.10,-14.44,6,63,6,63,10.0%,12.0%,50.000,0.000,0.00,-4.90,0.00,1.94,0.00,97.00,0.0%,1200.00,-40.00,HI,-50.00,-50.00
2026-09-28 07:40:50.507,DEMO_MODE,F1,200,3,0.10,-14.44,0.54,50.00,20.0,16.0,0.00,0.00,0.00,89.38,0.54,50.00,0.10,-14.44,6,63,6,63,20.0%,16.0%,100.000,0.000,0.00,-4.90,0.00,1.97,0.00,197.00,0.0%,1200.00,-30.00,HI,-50.00,-50.00
2026-09-28 07:40:50.632,DEMO_MODE,F1,200,3,0.10,-14.44,0.54,50.00,20.0,16.0,0.00,0.00,0.00,89.38,0.54,50.00,0.10,-14.44,6,63,6,63,20.0%,16.0%,100.000,0.000,0.00,-4.90,0.00,1.97,0.00,197.00,0.0%,1200.00,-30.00,HI,-50.00,-50.00
2026-09-28 07:40:50.753,DEMO_MODE,F1,200,3,0.10,-14.44,0.54,50.00,20.0,16.0,0.00,0.00,0.00,89.38,0.54,50.00,0.10,-14.44,6,63,6,63,20.0%,16.0%,100.000,0.000,0.00,-4.90,0.00,1.97,0.00,197.00,0.0%,1200.00,-30.00,HI,-50.00,-50.00
2026-09-28 07:40:50.879,DEMO_MODE,F1,200,3,0.10,-14.44,0.54,50.00,20.0,16.0,0.00,0.00,0.00,89.38,0.54,50.00,0.10,-14.44,6,63,6,63,20.0%,16.0%,100.000,0.000,0.00,-4.90,0.00,1.97,0.00,197.00,0.0%,1200.00,-30.00,HI,-50.00,-50.00
2026-09-28 07:40:51.000,DEMO_MODE,F1,200,3,0.10,-14.44,0.54,50.00,20.0,16.0,0.00,0.00,0.00,89.38,0.54,50.00,0.10,-14.44,6,63,6,63,20.0%,16.0%,100.000,0.000,0.00,-4.90,0.00,1.97,0.00,197.00,0.0%,1200.00,-30.00,HI,-50.00,-50.00
2026-09-28 07:40:51.126,DEMO_MODE,F1,200,3,0.10,-14.44,0.54,50.00,20.0,16.0,0.00,0.00,0.00,89.38,0.54,50.00,0.10,-14.44,6,63,6,63,20.0%,16.0%,100.000,0.000,0.00,-4.90,0.00,1.97,0.00,197.00,0.0%,1200.00,-30.00,HI,-50.00,-50.00
2026-09-28 07:40:51.247,DEMO_MODE,F1,200,3,0.10,-14.44,0.54,50.00,20.0,16.0,0.00,0.00,0.00,89.38,0.54,50.00,0.10,-14.44,6,63,6,63,20.0%,16.0%,100.000,0.000,0.00,-4.90,0.00,1.97,0.00,197.00,0.0%,1200.00,-30.00,HI,-50.00,-50.00
2026-09-28 07:40:51.372,DEMO_MODE,F1,200,3,0.10,-14.44,0.54,50.00,20.0,16.0,0.00,0.00,0.00,89.38,0.54,50.00,0.10,-14.44,6,63,6,63,20.0%,16.0%,100.000,0.000,0.00,-4.90,0.00,1.97,0.00,197.00,0.0%,1200.00,-30.00,HI,-50.00,-50.00
2026-09-28 07:40:51.492,DEMO_MODE,F1,200,3,0.10,-14.44,0.54,50.00,20.0,16.0,0.00,0.00,0.00,89.38,0.54,50.00,0.10,-14.44,6,63,6,63,20.0%,16.0%,100.000,0.000,0.00,-4.90,0.00,1.97,0.00,197.00,0.0%,1200.00,-30.00,HI,-50.00,-50.00
2026-09-28 07:40:51.613,DEMO_MODE,F1,200,3,0.10,-14.44,0.54,50.00,20.0,16.0,0.00,0.00,0.00,89.38,0.54,50.00,0.10,-14.44,6,63,6,63,20.0%,16.0%,100.000,0.000,0.00,-4.90,0.00,1.97,0.00,197.00,0.0%,1200.00,-30.00,HI,-50.00,-50.00
2026-09-28 07:40:51.734,DEMO_MODE,F1,200,3,0.10,-14.44,0.54,50.00,20.0,16.0,0.00,0.00,0.00,89.38,0.54,50.00,0.10,-14.44,6,63,6,63,20.0%,16.0%,100.000,0.000,0.00,-4.90,0.00,1.97,0.00,197.00,0.0%,1200.00,-30.00,HI,-50.00,-50.00
2026-09-28 07:40:51.855,DEMO_MODE,F1,200,3,0.10,-14.44,0.54,50.00,20.0,16.0,0.00,0.00,0.00,89.38,0.54,50.00,0.10,-14.44,6,63,6,63,20.0%,16.0%,100.000,0.000,0.00,-4.90,0.00,1.97,0.00,197.00,0.0%,1200.00,-30.00,HI,-50.00,-50.00
2026-09-28 07:40:51.976,DEMO_MODE,F1,200,3,0.10,-14.44,0.54,50.00,20.0,16.0,0.00,0.00,0.00,89.38,0.54,50.00,0.10,-14.44,6,63,6,63,20.0%,16.0%,100.000,0.000,0.00,-4.90,0.00,1.97,0.00,197.00,0.0%,1200.00,-30.00,HI,-50.00,-50.00
2026-09-28 07:40:52.096,DEMO_MODE,F1,200,3,0.10,-14.44,0.54,50.00,20.0,16.0,0.00,0.00,0.00,89.38,0.54,50.00,0.10,-14.44,6,63,6,63,20.0%,16.0%,100.000,0.000,0.00,-4.90,0.00,1.97,0.00,197.00,0.0%,1200.00,-30.00,HI,-50.00,-50.00
2026-09-28 07:40:52.217,DEMO_MODE,F1,200,3,0.10,-14.44,0.54,50.00,20.0,16.0,0.00,0.00,0.00,89.38,0.54,50.00,0.10,-14.44,6,63,6,63,20.0%,16.0%,100.000,0.000,0.00,-4.90,0.00,1.97,0.00,197.00,0.0%,1200.00,-30.00,HI,-50.00,-50.00
2026-09-28 07:40:52.338,DEMO_MODE,F1,200,3,0.10,-14.44,0.54,50.00,20.0,16.0,0.00,0.00,0.00,89.38,0.54,50.00,0.10,-14.44,6,63,6,63,20.0%,16.0%,100.000,0.000,0.00,-4.90,0.00,1.97,0.00,197.00,0.0%,1200.00,-30.00,HI,-50.00,-50.00
2026-09-28 07:40:52.458,DEMO_MODE,F1,200,3,0.10,-14.44,0.54,50.00,20.0,16.0,0.00,0.00,0.00,89.38,0.54,50.00,0.10,-14.44,6,63,6,63,20.0%,16.0%,100.000,0.000,0.00,-4.90,0.00,1.97,0.00,197.00,0.0%,1200.00,-30.00,HI,-50.00,-50.00
2026-09-28 07:40:52.579,DEMO_MODE,F1,200,3,0.10,-14.44,0.54,50.00,20.0,16.0,0.00,0.00,0.00,89.38,0.54,50.00,0.10,-14.44,6,63,6,63,20.0%,16.0%,100.000,0.000,0.00,-4.90,0.00,1.97,0.00,197.00,0.0%,1200.00,-30.00,HI,-50.00,-50.00
2026-09-28 07:40:52.703,DEMO_MODE,F1,200,3,0.10,-14.44,0.54,50.00,20.0,16.0,0.00,0.00,0.00,89.38,0.54,50.00,0.10,-14.44,6,63,6,63,20.0%,16.0%,100.000,0.000,0.00,-4.90,0.00,1.97,0.00,197.00,0.0%,1200.00,-30.00,HI,-50.00,-50.00
2026-09-28 07:40:52.824,DEMO_MODE,F1,200,3,0.10,-14.44,0.54,50.00,20.0,16.0,0.00,0.00,0.00,89.38,0.54,50.00,0.10,-14.44,6,63,6,63,20.0%,16.0%,100.000,0.000,0.00,-4.90,0.00,1.97,0.00,197.00,0.0%,1200.00,-30.00,HI,-50.00,-50.00
2026-09-28 07:40:52.945,DEMO_MODE,F1,200,3,0.10,-14.44,0.54,50.00,20.0,16.0,0.00,0.00,0.00,89.38,0.54,50.00,0.10,-14.44,6,63,6,63,20.0%,16.0%,100.000,0.000,0.00,-4.90,0.00,1.97,0.00,197.00,0.0%,1200.00,-30.00,HI,-50.00,-50.00
2026-09-28 07:40:53.066,DEMO_MODE,F1,200,3,0.10,-14.44,0.54,50.00,20.0,16.0,0.00,0.00,0.00,89.38,0.54,50.00,0.10,-14.44,6,63,6,63,20.0%,16.0%,100.000,0.000,0.00,-4.90,0.00,1.97,0.00,197.00,0.0%,1200.00,-30.00,HI,-50.00,-50.00
2026-09-28 07:40:53.191,DEMO_MODE,F1,200,3,0.10,-14.44,0.54,50.00,20.0,16.0,0.00,0.00,0.00,89.38,0.54,50.00,0.10,-14.44,6,63,6,63,20.0%,16.0%,100.000,0.000,0.00,-4.90,0.00,1.97,0.00,197.00,0.0%,1200.00,-30.00,HI,-50.00,-50.00
2026-09-28 07:40:53.320,DEMO_MODE,F1,200,3,0.10,-14.44,0.54,50.00,20.0,16.0,0.00,0.00,0.00,89.38,0.54,50.00,0.10,-14.44,6,63,6,63,20.0%,16.0%,100.000,0.000,0.00,-4.90,0.00,1.97,0.00,197.00,0.0%,1200.00,-30.00,HI,-50.00,-50.00
2026-09-28 07:40:53.443,DEMO_MODE,F1,200,3,0.10,-14.44,0.54,50.00,20.0,16.0,0.00,0.00,0.00,89.38,0.54,50.00,0.10,-14.44,6,63,6,63,20.0%,16.0%,100.000,0.000,0.00,-4.90,0.00,1.97,0.00,197.00,0.0%,1200.00,-30.00,HI,-50.00,-50.00
2026-09-28 07:40:53.564,DEMO_MODE,F1,200,3,0.10,-14.44,0.54,50.00,20.0,16.0,0.00,0.00,0.00,89.38,0.54,50.00,0.10,-14.44,6,63,6,63,20.0%,16.0%,100.000,0.000,0.00,-4.90,0.00,1.97,0.00,197.00,0.0%,1200.00,-30.00,HI,-50.00,-50.00
2026-09-28 07:40:53.689,DEMO_MODE,F1,200,3,0.10,-14.44,0.54,50.00,20.0,16.0,0.00,0.00,0.00,89.38,0.54,50.00,0.10,-14.44,6,63,6,63,20.0%,16.0%,100.000,0.000,0.00,-4.90,0.00,1.97,0.00,197.00,0.0%,1200.00,-30.00,HI,-50.00,-50.00
2026-09-28 07:40:53.810,DEMO_MODE,F1,200,3,0.10,-14.44,0.54,50.00,20.0,16.0,0.00,0.00,0.00,89.38,0.54,50.00,0.10,-14.44,6,63,6,63,20.0%,16.0%,100.000,0.000,0.00,-4.90,0.00,1.97,0.00,197.00,0.0%,1200.00,-30.00,HI,-50.00,-50.00
2026-09-28 07:40:53.936,DEMO_MODE,F1,200,3,0.10,-14.44,0.54,50.00,20.0,16.0,0.00,0.00,0.00,89.38,0.54,50.00,0.10,-14.44,6,63,6,63,20.0%,16.0%,100.000,0.000,0.00,-4.90,0.00,1.97,0.00,197.00,0.0%,1200.00,-30.00,HI,-50.00,-50.00
2026-09-28 07:40:54.057,DEMO_MODE,F1,200,3,0.10,-14.44,0.54,50.00,20.0,16.0,0.00,0.00,0.00,89.38,0.54,50.00,0.10,-14.44,6,63,6,63,20.0%,16.0%,100.000,0.000,0.00,-4.90,0.00,1.97,0.00,197.00,0.0%,1200.00,-30.00,HI,-50.00,-50.00
2026-09-28 07:40:54.183,DEMO_MODE,F1,200,3,0.10,-14.44,0.54,50.00,20.0,16.0,0.00,0.00,0.00,89.38,0.54,50.00,0.10,-14.44,6,63,6,63,20.0%,16.0%,100.000,0.000,0.00,-4.90,0.00,1.97,0.00,197.00,0.0%,1200.00,-30.00,HI,-50.00,-50.00
2026-09-28 07:40:54.303,DEMO_MODE,F1,200,3,0.10,-14.44,0.54,50.00,20.0,16.0,0.00,0.00,0.00,89.38,0.54,50.00,0.10,-14.44,6,63,6,63,20.0%,16.0%,100.000,0.000,0.00,-4.90,0.00,1.97,0.00,197.00,0.0%,1200.00,-30.00,HI,-50.00,-50.00
2026-09-28 07:40:54.429,DEMO_MODE,F1,200,3,0.10,-14.44,0.54,50.00,20.0,16.0,0.00,0.00,0.00,89.38,0.54,50.00,0.10,-14.44,6,63,6,63,20.0%,16.0%,100.000,0.000,0.00,-4.90,0.00,1.97,0.00,197.00,0.0%,1200.00,-30.00,HI,-50.00,-50.00
2026-09-28 07:40:54.550,DEMO_MODE,F1,200,3,0.10,-14.44,0.54,50.00,20.0,16.0,0.00,0.00,0.00,89.38,0.54,50.00,0.10,-14.44,6,63,6,63,20.0%,16.0%,100.000,0.000,0.00,-4.90,0.00,1.97,0.00,197.00,0.0%,1200.00,-30.00,HI,-50.00,-50.00
2026-09-28 07:40:54.676,DEMO_MODE,F1,200,3,0.10,-14.44,0.54,50.00,20.0,16.0,0.00,0.00,0.00,89.38,0.54,50.00,0.10,-14.44,6,63,6,63,20.0%,16.0%,100.000,0.000,0.00,-4.90,0.00,1.97,0.00,197.00,0.0%,1200.00,-30.00,HI,-50.00,-50.00
2026-09-28 07:40:54.797,DEMO_MODE,F1,200,3,0.10,-14.44,0.54,50.00,20.0,16.0,0.00,0.00,0.00,89.38,0.54,50.00,0.10,-14.44,6,63,6,63,20.0%,16.0%,100.000,0.000,0.00,-4.90,0.00,1.97,0.00,197.00,0.0%,1200.00,-30.00,HI,-50.00,-50.00
2026-09-28 07:40:54.923,DEMO_MODE,F1,200,3,0.10,-14.44,0.54,50.00,20.0,16.0,0.00,0.00,0.00,89.38,0.54,50.00,0.10,-14.44,6,63,6,63,20.0%,16.0%,100.000,0.000,0.00,-4.90,0.00,1.97,0.00,197.00,0.0%,1200.00,-30.00,HI,-50.00,-50.00
2026-09-28 07:40:55.043,DEMO_MODE,F1,200,3,0.10,-14.44,0.54,50.00,20.0,16.0,0.00,0.00,0.00,89.38,0.54,50.00,0.10,-14.44,6,63,6,63,20.0%,16.0%,100.000,0.000,0.00,-4.90,0.00,1.97,0.00,197.00,0.0%,1200.00,-30.00,HI,-50.00,-50.00
2026-09-28 07:40:55.169,DEMO_MODE,F1,200,3,0.10,-14.44,0.54,50.00,20.0,16.0,0.00,0.00,0.00,89.38,0.54,50.00,0.10,-14.44,6,63,6,63,20.0%,16.0%,100.000,0.000,0.00,-4.90,0.00,1.97,0.00,197.00,0.0%,1200.00,-30.00,HI,-50.00,-50.00
2026-09-28 07:40:55.290,DEMO_MODE,F1,200,3,0.10,-14.44,0.54,50.00,20.0,16.0,0.00,0.00,0.00,89.38,0.54,50.00,0.10,-14.44,6,63,6,63,20.0%,16.0%,100.000,0.000,0.00,-4.90,0.00,1.97,0.00,197.00,0.0%,1200.00,-30.00,HI,-50.00,-50.00
2026-09-28 07:40:55.417,DEMO_MODE,F1,200,3,0.10,-14.44,0.54,50.00,20.0,16.0,0.00,0.00,0.00,89.38,0.54,50.00,0.10,-14.44,6,63,6,63,20.0%,16.0%,100.000,0.000,0.00,-4.90,0.00,1.97,0.00,197.00,0.0%,1200.00,-30.00,HI,-50.00,-50.00
2026-09-28 07:40:55.538,DEMO_MODE,F1,200,3,0.10,-14.44,0.54,50.00,20.0,16.0,0.00,0.00,0.00,89.38,0.54,50.00,0.10,-14.44,6,63,6,63,20.0%,16.0%,100.000,0.000,0.00,-4.90,0.00,1.97,0.00,197.00,0.0%,1200.00,-30.00,HI,-50.00,-50.00
2026-09-28 07:40:55.664,DEMO_MODE,F1,200,3,0.10,-14.44,0.54,50.00,20.0,20.0,0.00,0.00,0.00,89.38,0.54,50.00,0.10,-14.44,6,63,6,63,20.0%,20.0%,100.000,0.000,0.00,-4.90,0.00,1.97,0.00,197.00,0.0%,1200.00,-30.00,HI,-50.00,-50.00
2026-09-28 07:40:55.785,DEMO_MODE,F1,200,3,0.10,-14.44,0.54,50.00,20.0,20.0,0.00,0.00,0.00,89.38,0.54,50.00,0.10,-14.44,6,63,6,63,20.0%,20.0%,100.000,0.000,0.00,-4.90,0.00,1.97,0.00,197.00,0.0%,1200.00,-30.00,HI,-50.00,-50.00
2026-09-28 07:40:55.911,DEMO_MODE,F1,200,3,0.10,-14.44,0.54,50.00,20.0,20.0,0.00,0.00,0.00,89.38,0.54,50.00,0.10,-14.44,6,63,6,63,20.0%,20.0%,100.000,0.000,0.00,-4.90,0.00,1.97,0.00,197.00,0.0%,1200.00,-30.00,HI,-50.00,-50.00
2026-09-28 07:40:56.032,DEMO_MODE,F1,200,3,0.10,-14.44,0.54,50.00,20.0,20.0,0.00,0.00,0.00,89.38,0.54,50.00,0.10,-14.44,6,63,6,63,20.0%,20.0%,100.000,0.000,0.00,-4.90,0.00,1.97,0.00,197.00,0.0%,1200.00,-30.00,HI,-50.00,-50.00
2026-09-28 07:40:56.158,DEMO_MODE,F1,200,3,0.10,-14.44,0.54,50.00,20.0,20.0,0.00,0.00,0.00,89.38,0.54,50.00,0.10,-14.44,6,63,6,63,20.0%,20.0%,100.000,0.000,0.00,-4.90,0.00,1.97,0.00,197.00,0.0%,1200.00,-30.00,HI,-50.00,-50.00
2026-09-28 07:40:56.279,DEMO_MODE,F1,200,3,0.10,-14.44,0.54,50.00,20.0,20.0,0.00,0.00,0.00,89.38,0.54,50.00,0.10,-14.44,6,63,6,63,20.0%,20.0%,100.000,0.000,0.00,-4.90,0.00,1.97,0.00,197.00,0.0%,1200.00,-30.00,HI,-50.00,-50.00
2026-09-28 07:40:56.405,DEMO_MODE,F1,200,3,0.10,-14.44,0.54,50.00,20.0,20.0,0.00,0.00,0.00,89.38,0.54,50.00,0.10,-14.44,6,63,6,63,20.0%,20.0%,100.000,0.000,0.00,-4.90,0.00,1.97,0.00,197.00,0.0%,1200.00,-30.00,HI,-50.00,-50.00
2026-09-28 07:40:56.525,DEMO_MODE,F1,200,3,0.10,-14.44,0.54,50.00,20.0,20.0,0.00,0.00,0.00,89.38,0.54,50.00,0.10,-14.44,6,63,6,63,20.0%,20.0%,100.000,0.000,0.00,-4.90,0.00,1.97,0.00,197.00,0.0%,1200.00,-30.00,HI,-50.00,-50.00
2026-09-28 07:40:56.652,DEMO_MODE,F1,200,4,0.10,-14.44,0.54,50.00,20.0,20.0,0.00,0.00,0.00,89.38,0.54,50.00,0.10,-14.44,6,63,6,63,20.0%,20.0%,100.000,0.000,0.00,-4.90,0.00,1.96,0.00,196.00,0.0%,1200.00,-30.00,HI,-50.00,-50.00
2026-09-28 07:40:56.772,DEMO_MODE,F1,200,4,0.10,-14.44,0.54,50.00,20.0,20.0,0.00,0.00,0.00,89.38,0.54,50.00,0.10,-14.44,6,63,6,63,20.0%,20.0%,100.000,0.000,0.00,-4.90,0.00,1.96,0.00,196.00,0.0%,1200.00,-30.00,HI,-50.00,-50.00
2026-09-28 07:40:56.897,DEMO_MODE,F1,200,4,0.10,-14.44,0.54,50.00,20.0,20.0,0.00,0.00,0.00,89.38,0.54,50.00,0.10,-14.44,6,63,6,63,20.0%,20.0%,100.000,0.000,0.00,-4.90,0.00,1.96,0.00,196.00,0.0%,1200.00,-30.00,HI,-50.00,-50.00
2026-09-28 07:40:57.018,DEMO_MODE,F1,200,4,0.10,-14.44,0.54,50.00,20.0,20.0,0.00,0.00,0.00,89.38,0.54,50.00,0.10,-14.44,6,63,6,63,20.0%,20.0%,100.000,0.000,0.00,-4.90,0.00,1.96,0.00,196.00,0.0%,1200.00,-30.00,HI,-50.00,-50.00
2026-09-28 07:40:57.143,DEMO_MODE,F1,200,4,0.10,-14.44,0.54,50.00,20.0,20.0,0.00,0.00,0.00,89.38,0.54,50.00,0.10,-14.44,6,63,6,63,20.0%,20.0%,100.000,0.000,0.00,-4.90,0.00,1.96,0.00,196.00,0.0%,1200.00,-30.00,HI,-50.00,-50.00
2026-09-28 07:40:57.280,DEMO_MODE,F1,200,4,0.10,-14.44,0.54,50.00,20.0,20.0,0.00,0.00,0.00,89.38,0.54,50.00,0.10,-14.44,6,63,6,63,20.0%,20.0%,100.000,0.000,0.00,-4.90,0.00,1.96,0.00,196.00,0.0%,1200.00,-30.00,HI,-50.00,-50.00
2026-09-28 07:40:57.408,DEMO_MODE,F1,200,4,0.10,-14.44,0.54,50.00,20.0,20.0,0.00,0.00,0.00,89.38,0.54,50.00,0.10,-14.44,6,63,6,63,20.0%,20.0%,100.000,0.000,0.00,-4.90,0.00,1.96,0.00,196.00,0.0%,1200.00,-30.00,HI,-50.00,-50.00
2026-09-28 07:40:57.538,DEMO_MODE,F1,200,4,0.10,-14.44,0.54,50.00,20.0,20.0,0.00,0.00,0.00,89.38,0.54,50.00,0.10,-14.44,6,63,6,63,20.0%,20.0%,100.000,0.000,0.00,-4.90,0.00,1.96,0.00,196.00,0.0%,1200.00,-30.00,HI,-50.00,-50.00
2026-09-28 07:40:57.665,DEMO_MODE,F1,200,4,0.10,-14.44,0.54,50.00,20.0,20.0,0.00,0.00,0.00,89.38,0.54,50.00,0.10,-14.44,6,63,6,63,20.0%,20.0%,100.000,0.000,0.00,-4.90,0.00,1.96,0.00,196.00,0.0%,1200.00,-30.00,HI,-50.00,-50.00
2026-09-28 07:40:57.786,DEMO_MODE,F1,200,4,0.10,-14.44,0.54,50.00,20.0,20.0,0.00,0.00,0.00,89.38,0.54,50.00,0.10,-14.44,6,63,6,63,20.0%,20.0%,100.000,0.000,0.00,-4.90,0.00,1.96,0.00,196.00,0.0%,1200.00,-30.00,HI,-50.00,-50.00
2026-09-28 07:40:57.913,DEMO_MODE,F1,200,4,0.10,-14.44,0.54,50.00,20.0,20.0,0.00,0.00,0.00,89.38,0.54,50.00,0.10,-14.44,6,63,6,63,20.0%,20.0%,100.000,0.000,0.00,-4.90,0.00,1.96,0.00,196.00,0.0%,1200.00,-30.00,HI,-50.00,-50.00
2026-09-28 07:40:58.033,DEMO_MODE,F1,200,4,0.10,-14.44,0.54,50.00,20.0,20.0,0.00,0.00,0.00,89.38,0.54,50.00,0.10,-14.44,6,63,6,63,20.0%,20.0%,100.000,0.000,0.00,-4.90,0.00,1.96,0.00,196.00,0.0%,1200.00,-30.00,HI,-50.00,-50.00
2026-09-28 07:40:58.159,DEMO_MODE,F1,200,4,0.10,-14.44,0.54,50.00,20.0,20.0,0.00,0.00,0.00,89.38,0.54,50.00,0.10,-14.44,6,63,6,63,20.0%,20.0%,100.000,0.000,0.00,-4.90,0.00,1.96,0.00,196.00,0.0%,1200.00,-30.00,HI,-50.00,-50.00
2026-09-28 07:40:58.280,DEMO_MODE,F1,200,4,0.10,-14.44,0.54,50.00,20.0,20.0,0.00,0.00,0.00,89.38,0.54,50.00,0.10,-14.44,6,63,6,63,20.0%,20.0%,100.000,0.000,0.00,-4.90,0.00,1.96,0.00,196.00,0.0%,1200.00,-30.00,HI,-50.00,-50.00
2026-09-28 07:40:58.407,DEMO_MODE,F1,200,4,0.10,-14.44,0.54,50.00,20.0,20.0,0.00,0.00,0.00,89.38,0.54,50.00,0.10,-14.44,6,63,6,63,20.0%,20.0%,100.000,0.000,0.00,-4.90,0.00,1.96,0.00,196.00,0.0%,1200.00,-30.00,HI,-50.00,-50.00
2026-09-28 07:40:58.528,DEMO_MODE,F1,200,4,0.10,-14.44,0.54,50.00,20.0,20.0,0.00,0.00,0.00,89.38,0.54,50.00,0.10,-14.44,6,63,6,63,20.0%,20.0%,100.000,0.000,0.00,-4.90,0.00,1.96,0.00,196.00,0.0%,1200.00,-30.00,HI,-50.00,-50.00
2026-09-28 07:40:58.654,DEMO_MODE,F1,200,4,0.10,-14.44,0.54,50.00,20.0,20.0,0.00,0.00,0.00,89.38,0.54,50.00,0.10,-14.44,6,63,6,63,20.0%,20.0%,100.000,0.000,0.00,-4.90,0.00,1.96,0.00,196.00,0.0%,1200.00,-30.00,HI,-50.00,-50.00
2026-09-28 07:40:58.775,DEMO_MODE,F1,200,4,0.10,-14.44,0.54,50.00,20.0,20.0,0.00,0.00,0.00,89.38,0.54,50.00,0.10,-14.44,6,63,6,63,20.0%,20.0%,100.000,0.000,0.00,-4.90,0.00,1.96,0.00,196.00,0.0%,1200.00,-30.00,HI,-50.00,-50.00
2026-09-28 07:40:58.901,DEMO_MODE,F1,200,4,0.10,-14.44,0.54,50.00,20.0,20.0,0.00,0.00,0.00,89.38,0.54,50.00,0.10,-14.44,6,63,6,63,20.0%,20.0%,100.000,0.000,0.00,-4.90,0.00,1.96,0.00,196.00,0.0%,1200.00,-30.00,HI,-50.00,-50.00
2026-09-28 07:40:59.023,DEMO_MODE,F1,200,4,0.10,-14.44,0.54,50.00,20.0,20.0,0.00,0.00,0.00,89.38,0.54,50.00,0.10,-14.44,6,63,6,63,20.0%,20.0%,100.000,0.000,0.00,-4.90,0.00,1.96,0.00,196.00,0.0%,1200.00,-30.00,HI,-50.00,-50.00
2026-09-28 07:40:59.149,DEMO_MODE,F1,200,4,0.10,-14.44,0.54,50.00,20.0,20.0,0.00,0.00,0.00,89.38,0.54,50.00,0.10,-14.44,6,63,6,63,20.0%,20.0%,100.000,0.000,0.00,-4.90,0.00,1.96,0.00,196.00,0.0%,1200.00,-30.00,HI,-50.00,-50.00
2026-09-28 07:40:59.284,DEMO_MODE,F1,200,4,0.10,-14.44,0.54,50.00,20.0,20.0,0.00,0.00,0.00,89.38,0.54,50.00,0.10,-14.44,6,63,6,63,20.0%,20.0%,100.000,0.000,0.00,-4.90,0.00,1.96,0.00,196.00,0.0%,1200.00,-30.00,HI,-50.00,-50.00
2026-09-28 07:40:59.406,DEMO_MODE,F1,200,4,0.10,-14.44,0.54,50.00,20.0,20.0,0.00,0.00,0.00,89.38,0.54,50.00,0.10,-14.44,6,63,6,63,20.0%,20.0%,100.000,0.000,0.00,-4.90,0.00,1.96,0.00,196.00,0.0%,1200.00,-30.00,HI,-50.00,-50.00
2026-09-28 07:40:59.527,DEMO_MODE,F1,200,4,0.10,-14.44,0.54,50.00,20.0,20.0,0.00,0.00,0.00,89.38,0.54,50.00,0.10,-14.44,6,63,6,63,20.0%,20.0%,100.000,0.000,0.00,-4.90,0.00,1.96,0.00,196.00,0.0%,1200.00,-30.00,HI,-50.00,-50.00
2026-09-28 07:40:59.652,DEMO_MODE,F1,200,4,0.10,-14.44,0.54,50.00,20.0,20.0,0.00,0.00,0.00,89.38,0.54,50.00,0.10,-14.44,6,63,6,63,20.0%,20.0%,100.000,0.000,0.00,-4.90,0.00,1.96,0.00,196.00,0.0%,1200.00,-30.00,HI,-50.00,-50.00
2026-09-28 07:40:59.773,DEMO_MODE,F1,200,4,0.10,-14.44,0.54,50.00,20.0,20.0,0.00,0.00,0.00,89.38,0.54,50.00,0.10,-14.44,6,63,6,63,20.0%,20.0%,100.000,0.000,0.00,-4.90,0.00,1.96,0.00,196.00,0.0%,1200.00,-30.00,HI,-50.00,-50.00
2026-09-28 07:40:59.900,DEMO_MODE,F1,200,4,0.10,-14.44,0.54,50.00,20.0,20.0,0.00,0.00,0.00,89.38,0.54,50.00,0.10,-14.44,6,63,6,63,20.0%,20.0%,100.000,0.000,0.00,-4.90,0.00,1.96,0.00,196.00,0.0%,1200.00,-30.00,HI,-50.00,-50.00
2026-09-28 07:41:00.025,DEMO_MODE,F1,200,4,0.10,-14.44,0.54,50.00,20.0,20.0,0.00,0.00,0.00,89.38,0.54,50.00,0.10,-14.44,6,63,6,63,20.0%,20.0%,100.000,0.000,0.00,-4.90,0.00,1.96,0.00,196.00,0.0%,1200.00,-30.00,HI,-50.00,-50.00
2026-09-28 07:41:00.151,DEMO_MODE,F1,200,4,0.10,-14.44,0.54,50.00,20.0,20.0,0.00,0.00,0.00,89.38,0.54,50.00,0.10,-14.44,6,63,6,63,20.0%,20.0%,100.000,0.000,0.00,-4.90,0.00,1.96,0.00,196.00,0.0%,1200.00,-30.00,HI,-50.00,-50.00
2026-09-28 07:41:00.271,DEMO_MODE,F1,200,4,0.10,-14.44,0.54,50.00,20.0,20.0,0.00,0.00,0.00,89.38,0.54,50.00,0.10,-14.44,6,63,6,63,20.0%,20.0%,100.000,0.000,0.00,-4.90,0.00,1.96,0.00,196.00,0.0%,1200.00,-30.00,HI,-50.00,-50.00
2026-09-28 07:41:00.397,DEMO_MODE,F1,200,4,0.10,-14.44,0.54,50.00,20.0,20.0,0.00,0.00,0.00,89.38,0.54,50.00,0.10,-14.44,6,63,6,63,20.0%,20.0%,100.000,0.000,0.00,-4.90,0.00,1.96,0.00,196.00,0.0%,1200.00,-30.00,HI,-50.00,-50.00
2026-09-28 07:41:00.517,DEMO_MODE,F1,200,4,0.10,-14.44,0.54,50.00,20.0,20.0,0.00,0.00,0.00,89.38,0.54,50.00,0.10,-14.44,6,63,6,63,20.0%,20.0%,100.000,0.000,0.00,-4.90,0.00,1.96,0.00,196.00,0.0%,1200.00,-30.00,HI,-50.00,-50.00
2026-09-28 07:41:00.644,DEMO_MODE,F1,200,4,0.10,-14.44,0.54,50.00,20.0,20.0,0.00,0.00,0.00,89.38,0.54,50.00,0.10,-14.44,6,63,6,63,20.0%,20.0%,100.000,0.000,0.00,-4.90,0.00,1.96,0.00,196.00,0.0%,1200.00,-30.00,HI,-50.00,-50.00
2026-09-28 07:41:00.764,DEMO_MODE,F1,200,4,0.10,-14.44,0.54,50.00,20.0,20.0,0.00,0.00,0.00,89.38,0.54,50.00,0.10,-14.44,6,63,6,63,20.0%,20.0%,100.000,0.000,0.00,-4.90,0.00,1.96,0.00,196.00,0.0%,1200.00,-30.00,HI,-50.00,-50.00
2026-09-28 07:41:00.890,DEMO_MODE,F1,300,4,0.10,-14.44,0.54,50.00,30.0,24.0,0.00,0.00,0.00,89.38,0.54,50.00,0.10,-14.44,6,63,6,63,30.0%,24.0%,150.000,0.000,0.00,-4.90,0.00,1.97,0.00,296.00,0.0%,1200.00,-20.00,HI,-50.00,-50.00
2026-09-28 07:41:01.011,DEMO_MODE,F1,300,4,0.10,-14.44,0.54,50.00,30.0,24.0,0.00,0.00,0.00,89.38,0.54,50.00,0.10,-14.44,6,63,6,63,30.0%,24.0%,150.000,0.000,0.00,-4.90,0.00,1.97,0.00,296.00,0.0%,1200.00,-20.00,HI,-50.00,-50.00
2026-09-28 07:41:01.137,DEMO_MODE,F1,300,4,0.10,-14.44,0.54,50.00,30.0,24.0,0.00,0.00,0.00,89.38,0.54,50.00,0.10,-14.44,6,63,6,63,30.0%,24.0%,150.000,0.000,0.00,-4.90,0.00,1.97,0.00,296.00,0.0%,1200.00,-20.00,HI,-50.00,-50.00
2026-09-28 07:41:01.257,DEMO_MODE,F1,300,4,0.10,-14.44,0.54,50.00,30.0,24.0,0.00,0.00,0.00,89.38,0.54,50.00,0.10,-14.44,6,63,6,63,30.0%,24.0%,150.000,0.000,0.00,-4.90,0.00,1.97,0.00,296.00,0.0%,1200.00,-20.00,HI,-50.00,-50.00
2026-09-28 07:41:01.383,DEMO_MODE,F1,300,4,0.10,-14.44,0.54,50.00,30.0,24.0,0.00,0.00,0.00,89.38,0.54,50.00,0.10,-14.44,6,63,6,63,30.0%,24.0%,150.000,0.000,0.00,-4.90,0.00,1.97,0.00,296.00,0.0%,1200.00,-20.00,HI,-50.00,-50.00
2026-09-28 07:41:01.504,DEMO_MODE,F1,300,4,0.10,-14.44,0.54,50.00,30.0,24.0,0.00,0.00,0.00,89.38,0.54,50.00,0.10,-14.44,6,63,6,63,30.0%,24.0%,150.000,0.000,0.00,-4.90,0.00,1.97,0.00,296.00,0.0%,1200.00,-20.00,HI,-50.00,-50.00
2026-09-28 07:41:01.630,DEMO_MODE,F1,300,4,0.10,-14.44,0.54,50.00,30.0,24.0,0.00,0.00,0.00,89.38,0.54,50.00,0.10,-14.44,6,63,6,63,30.0%,24.0%,150.000,0.000,0.00,-4.90,0.00,1.97,0.00,296.00,0.0%,1200.00,-20.00,HI,-50.00,-50.00
2026-09-28 07:41:01.751,DEMO_MODE,F1,300,4,0.10,-14.44,0.54,50.00,30.0,24.0,0.00,0.00,0.00,89.38,0.54,50.00,0.10,-14.44,6,63,6,63,30.0%,24.0%,150.000,0.000,0.00,-4.90,0.00,1.97,0.00,296.00,0.0%,1200.00,-20.00,HI,-50.00,-50.00
2026-09-28 07:41:01.877,DEMO_MODE,F1,300,4,0.10,-14.44,0.54,50.00,30.0,24.0,0.00,0.00,0.00,89.38,0.54,50.00,0.10,-14.44,6,63,6,63,30.0%,24.0%,150.000,0.000,0.00,-4.90,0.00,1.97,0.00,296.00,0.0%,1200.00,-20.00,HI,-50.00,-50.00
2026-09-28 07:41:01.998,DEMO_MODE,F1,300,4,0.10,-14.44,0.54,50.00,30.0,24.0,0.00,0.00,0.00,89.38,0.54,50.00,0.10,-14.44,6,63,6,63,30.0%,24.0%,150.000,0.000,0.00,-4.90,0.00,1.97,0.00,296.00,0.0%,1200.00,-20.00,HI,-50.00,-50.00
2026-09-28 07:41:02.125,DEMO_MODE,F1,300,4,0.10,-14.44,0.54,50.00,30.0,24.0,0.00,0.00,0.00,89.38,0.54,50.00,0.10,-14.44,6,63,6,63,30.0%,24.0%,150.000,0.000,0.00,-4.90,0.00,1.97,0.00,296.00,0.0%,1200.00,-20.00,HI,-50.00,-50.00
2026-09-28 07:41:02.246,DEMO_MODE,F1,300,4,0.10,-14.44,0.54,50.00,30.0,24.0,0.00,0.00,0.00,89.38,0.54,50.00,0.10,-14.44,6,63,6,63,30.0%,24.0%,150.000,0.000,0.00,-4.90,0.00,1.97,0.00,296.00,0.0%,1200.00,-20.00,HI,-50.00,-50.00
2026-09-28 07:41:02.372,DEMO_MODE,F1,300,4,0.10,-14.44,0.54,50.00,30.0,24.0,0.00,0.00,0.00,89.38,0.54,50.00,0.10,-14.44,6,63,6,63,30.0%,24.0%,150.000,0.000,0.00,-4.90,0.00,1.97,0.00,296.00,0.0%,1200.00,-20.00,HI,-50.00,-50.00
2026-09-28 07:41:02.493,DEMO_MODE,F1,300,4,0.10,-14.44,0.54,50.00,30.0,24.0,0.00,0.00,0.00,89.38,0.54,50.00,0.10,-14.44,6,63,6,63,30.0%,24.0%,150.000,0.000,0.00,-4.90,0.00,1.97,0.00,296.00,0.0%,1200.00,-20.00,HI,-50.00,-50.00
2026-09-28 07:41:02.613,DEMO_MODE,F1,300,4,0.10,-14.44,0.54,50.00,30.0,24.0,0.00,0.00,0.00,89.38,0.54,50.00,0.10,-14.44,6,63,6,63,30.0%,24.0%,150.000,0.000,0.00,-4.90,0.00,1.97,0.00,296.00,0.0%,1200.00,-20.00,HI,-50.00,-50.00
2026-09-28 07:41:02.734,DEMO_MODE,F1,300,4,0.10,-14.44,0.54,50.00,30.0,24.0,0.00,0.00,0.00,89.38,0.54,50.00,0.10,-14.44,6,63,6,63,30.0%,24.0%,150.000,0.000,0.00,-4.90,0.00,1.97,0.00,296.00,0.0%,1200.00,-20.00,HI,-50.00,-50.00
2026-09-28 07:41:02.855,DEMO_MODE,F1,300,4,0.10,-14.44,0.54,50.00,30.0,24.0,0.00,0.00,0.00,89.38,0.54,50.00,0.10,-14.44,6,63,6,63,30.0%,24.0%,150.000,0.000,0.00,-4.90,0.00,1.97,0.00,296.00,0.0%,1200.00,-20.00,HI,-50.00,-50.00
2026-09-28 07:41:02.976,DEMO_MODE,F1,300,4,0.10,-14.44,0.54,50.00,30.0,24.0,0.00,0.00,0.00,89.38,0.54,50.00,0.10,-14.44,6,63,6,63,30.0%,24.0%,150.000,0.000,0.00,-4.90,0.00,1.97,0.00,296.00,0.0%,1200.00,-20.00,HI,-50.00,-50.00
2026-09-28 07:41:03.097,DEMO_MODE,F1,300,4,0.10,-14.44,0.54,50.00,30.0,24.0,0.00,0.00,0.00,89.38,0.54,50.00,0.10,-14.44,6,63,6,63,30.0%,24.0%,150.000,0.000,0.00,-4.90,0.00,1.97,0.00,296.00,0.0%,1200.00,-20.00,HI,-50.00,-50.00
2026-09-28 07:41:03.217,DEMO_MODE,F1,300,4,0.10,-14.44,0.54,50.00,30.0,24.0,0.00,0.00,0.00,89.38,0.54,50.00,0.10,-14.44,6,63,6,63,30.0%,24.0%,150.000,0.000,0.00,-4.90,0.00,1.97,0.00,296.00,0.0%,1200.00,-20.00,HI,-50.00,-50.00
2026-09-28 07:41:03.338,DEMO_MODE,F1,300,4,0.10,-14.44,0.54,50.00,30.0,24.0,0.00,0.00,0.00,89.38,0.54,50.00,0.10,-14.44,6,63,6,63,30.0%,24.0%,150.000,0.000,0.00,-4.90,0.00,1.97,0.00,296.00,0.0%,1200.00,-20.00,HI,-50.00,-50.00
2026-09-28 07:41:03.459,DEMO_MODE,F1,300,4,0.10,-14.44,0.54,50.00,30.0,24.0,0.00,0.00,0.00,89.38,0.54,50.00,0.10,-14.44,6,63,6,63,30.0%,24.0%,150.000,0.000,0.00,-4.90,0.00,1.97,0.00,296.00,0.0%,1200.00,-20.00,HI,-50.00,-50.00
2026-09-28 07:41:03.579,DEMO_MODE,F1,300,4,0.10,-14.44,0.54,50.00,30.0,24.0,0.00,0.00,0.00,89.38,0.54,50.00,0.10,-14.44,6,63,6,63,30.0%,24.0%,150.000,0.000,0.00,-4.90,0.00,1.97,0.00,296.00,0.0%,1200.00,-20.00,HI,-50.00,-50.00
2026-09-28 07:41:03.700,DEMO_MODE,F1,300,4,0.10,-14.44,0.54,50.00,30.0,24.0,0.00,0.00,0.00,89.38,0.54,50.00,0.10,-14.44,6,63,6,63,30.0%,24.0%,150.000,0.000,0.00,-4.90,0.00,1.97,0.00,296.00,0.0%,1200.00,-20.00,HI,-50.00,-50.00
2026-09-28 07:41:03.821,DEMO_MODE,F1,300,4,0.10,-14.44,0.54,50.00,30.0,24.0,0.00,0.00,0.00,89.38,0.54,50.00,0.10,-14.44,6,63,6,63,30.0%,24.0%,150.000,0.000,0.00,-4.90,0.00,1.97,0.00,296.00,0.0%,1200.00,-20.00,HI,-50.00,-50.00
2026-09-28 07:41:03.941,DEMO_MODE,F1,300,4,0.10,-14.44,0.54,50.00,30.0,24.0,0.00,0.00,0.00,89.38,0.54,50.00,0.10,-14.44,6,63,6,63,30.0%,24.0%,150.000,0.000,0.00,-4.90,0.00,1.97,0.00,296.00,0.0%,1200.00,-20.00,HI,-50.00,-50.00
2026-09-28 07:41:04.062,DEMO_MODE,F1,300,4,0.10,-14.44,0.54,50.00,30.0,24.0,0.00,0.00,0.00,89.38,0.54,50.00,0.10,-14.44,6,63,6,63,30.0%,24.0%,150.000,0.000,0.00,-4.90,0.00,1.97,0.00,296.00,0.0%,1200.00,-20.00,HI,-50.00,-50.00
2026-09-28 07:41:04.183,DEMO_MODE,F1,300,4,0.10,-14.44,0.54,50.00,30.0,24.0,0.00,0.00,0.00,89.38,0.54,50.00,0.10,-14.44,6,63,6,63,30.0%,24.0%,150.000,0.000,0.00,-4.90,0.00,1.97,0.00,296.00,0.0%,1200.00,-20.00,HI,-50.00,-50.00
2026-09-28 07:41:04.303,DEMO_MODE,F1,300,4,0.10,-14.44,0.54,50.00,30.0,24.0,0.00,0.00,0.00,89.38,0.54,50.00,0.10,-14.44,6,63,6,63,30.0%,24.0%,150.000,0.000,0.00,-4.90,0.00,1.97,0.00,296.00,0.0%,1200.00,-20.00,HI,-50.00,-50.00
2026-09-28 07:41:04.424,DEMO_MODE,F1,300,4,0.10,-14.44,0.54,50.00,30.0,24.0,0.00,0.00,0.00,89.38,0.54,50.00,0.10,-14.44,6,63,6,63,30.0%,24.0%,150.000,0.000,0.00,-4.90,0.00,1.97,0.00,296.00,0.0%,1200.00,-20.00,HI,-50.00,-50.00
2026-09-28 07:41:04.545,DEMO_MODE,F1,300,4,0.10,-14.44,0.54,50.00,30.0,24.0,0.00,0.00,0.00,89.38,0.54,50.00,0.10,-14.44,6,63,6,63,30.0%,24.0%,150.000,0.000,0.00,-4.90,0.00,1.97,0.00,296.00,0.0%,1200.00,-20.00,HI,-50.00,-50.00
2026-09-28 07:41:04.666,DEMO_MODE,F1,300,4,0.10,-14.44,0.54,50.00,30.0,24.0,0.00,0.00,0.00,89.38,0.54,50.00,0.10,-14.44,6,63,6,63,30.0%,24.0%,150.000,0.000,0.00,-4.90,0.00,1.97,0.00,296.00,0.0%,1200.00,-20.00,HI,-50.00,-50.00
2026-09-28 07:41:04.787,DEMO_MODE,F1,300,4,0.10,-14.44,0.54,50.00,30.0,24.0,0.00,0.00,0.00,89.38,0.54,50.00,0.10,-14.44,6,63,6,63,30.0%,24.0%,150.000,0.000,0.00,-4.90,0.00,1.97,0.00,296.00,0.0%,1200.00,-20.00,HI,-50.00,-50.00
2026-09-28 07:41:04.912,DEMO_MODE,F1,300,4,0.10,-14.44,0.54,50.00,30.0,24.0,0.00,0.00,0.00,89.38,0.54,50.00,0.10,-14.44,6,63,6,63,30.0%,24.0%,150.000,0.000,0.00,-4.90,0.00,1.97,0.00,296.00,0.0%,1200.00,-20.00,HI,-50.00,-50.00
2026-09-28 07:41:05.032,DEMO_MODE,F1,300,4,0.10,-14.44,0.54,50.00,30.0,24.0,0.00,0.00,0.00,89.38,0.54,50.00,0.10,-14.44,6,63,6,63,30.0%,24.0%,150.000,0.000,0.00,-4.90,0.00,1.97,0.00,296.00,0.0%,1200.00,-20.00,HI,-50.00,-50.00
2026-09-28 07:41:05.158,DEMO_MODE,F1,300,4,0.10,-14.44,0.54,50.00,30.0,24.0,0.00,0.00,0.00,89.38,0.54,50.00,0.10,-14.44,6,63,6,63,30.0%,24.0%,150.000,0.000,0.00,-4.90,0.00,1.97,0.00,296.00,0.0%,1200.00,-20.00,HI,-50.00,-50.00
2026-09-28 07:41:05.278,DEMO_MODE,F1,300,4,0.10,-14.44,0.54,50.00,30.0,24.0,0.00,0.00,0.00,89.38,0.54,50.00,0.10,-14.44,6,63,6,63,30.0%,24.0%,150.000,0.000,0.00,-4.90,0.00,1.97,0.00,296.00,0.0%,1200.00,-20.00,HI,-50.00,-50.00
2026-09-28 07:41:05.405,DEMO_MODE,F1,300,4,0.10,-14.44,0.54,50.00,30.0,24.0,0.00,0.00,0.00,89.38,0.54,50.00,0.10,-14.44,6,63,6,63,30.0%,24.0%,150.000,0.000,0.00,-4.90,0.00,1.97,0.00,296.00,0.0%,1200.00,-20.00,HI,-50.00,-50.00
2026-09-28 07:41:05.525,DEMO_MODE,F1,300,4,0.10,-14.44,0.54,50.00,30.0,24.0,0.00,0.00,0.00,89.38,0.54,50.00,0.10,-14.44,6,63,6,63,30.0%,24.0%,150.000,0.000,0.00,-4.90,0.00,1.97,0.00,296.00,0.0%,1200.00,-20.00,HI,-50.00,-50.00
2026-09-28 07:41:05.652,DEMO_MODE,F1,300,4,0.10,-14.44,0.54,50.00,30.0,24.0,0.00,0.00,0.00,89.38,0.54,50.00,0.10,-14.44,6,63,6,63,30.0%,24.0%,150.000,0.000,0.00,-4.90,0.00,1.97,0.00,296.00,0.0%,1200.00,-20.00,HI,-50.00,-50.00
2026-09-28 07:41:05.772,DEMO_MODE,F1,300,4,0.10,-14.44,0.54,50.00,30.0,24.0,0.00,0.00,0.00,89.38,0.54,50.00,0.10,-14.44,6,63,6,63,30.0%,24.0%,150.000,0.000,0.00,-4.90,0.00,1.97,0.00,296.00,0.0%,1200.00,-20.00,HI,-50.00,-50.00
2026-09-28 07:41:05.899,DEMO_MODE,F1,300,0,0.10,-14.44,0.54,50.00,30.0,28.0,0.00,0.00,0.00,89.38,0.54,50.00,0.10,-14.44,6,63,6,63,30.0%,28.0%,150.000,0.000,0.00,-4.90,0.00,2.00,0.00,300.00,0.0%,1200.00,-20.00,HI,-50.00,-50.00
2026-09-28 07:41:06.020,DEMO_MODE,F1,300,0,0.10,-14.44,0.54,50.00,30.0,28.0,0.00,0.00,0.00,89.38,0.54,50.00,0.10,-14.44,6,63,6,63,30.0%,28.0%,150.000,0.000,0.00,-4.90,0.00,2.00,0.00,300.00,0.0%,1200.00,-20.00,HI,-50.00,-50.00
2026-09-28 07:41:06.146,DEMO_MODE,F1,300,0,0.10,-14.44,0.54,50.00,30.0,28.0,0.00,0.00,0.00,89.38,0.54,50.00,0.10,-14.44,6,63,6,63,30.0%,28.0%,150.000,0.000,0.00,-4.90,0.00,2.00,0.00,300.00,0.0%,1200.00,-20.00,HI,-50.00,-50.00
2026-09-28 07:41:06.267,DEMO_MODE,F1,300,0,0.10,-14.44,0.54,50.00,30.0,28.0,0.00,0.00,0.00,89.38,0.54,50.00,0.10,-14.44,6,63,6,63,30.0%,28.0%,150.000,0.000,0.00,-4.90,0.00,2.00,0.00,300.00,0.0%,1200.00,-20.00,HI,-50.00,-50.00
2026-09-28 07:41:06.393,DEMO_MODE,F1,300,0,0.10,-14.44,0.54,50.00,30.0,28.0,0.00,0.00,0.00,89.38,0.54,50.00,0.10,-14.44,6,63,6,63,30.0%,28.0%,150.000,0.000,0.00,-4.90,0.00,2.00,0.00,300.00,0.0%,1200.00,-20.00,HI,-50.00,-50.00
2026-09-28 07:41:06.519,DEMO_MODE,F1,300,0,0.10,-14.44,0.54,50.00,30.0,28.0,0.00,0.00,0.00,89.38,0.54,50.00,0.10,-14.44,6,63,6,63,30.0%,28.0%,150.000,0.000,0.00,-4.90,0.00,2.00,0.00,300.00,0.0%,1200.00,-20.00,HI,-50.00,-50.00
2026-09-28 07:41:06.644,DEMO_MODE,F1,300,0,0.10,-14.44,0.54,50.00,30.0,28.0,0.00,0.00,0.00,89.38,0.54,50.00,0.10,-14.44,6,63,6,63,30.0%,28.0%,150.000,0.000,0.00,-4.90,0.00,2.00,0.00,300.00,0.0%,1200.00,-20.00,HI,-50.00,-50.00
2026-09-28 07:41:06.782,DEMO_MODE,F1,300,0,0.10,-14.44,0.54,50.00,30.0,28.0,0.00,0.00,0.00,89.38,0.54,50.00,0.10,-14.44,6,63,6,63,30.0%,28.0%,150.000,0.000,0.00,-4.90,0.00,2.00,0.00,300.00,0.0%,1200.00,-20.00,HI,-50.00,-50.00
2026-09-28 07:41:06.908,DEMO_MODE,F1,300,0,0.10,-14.44,0.54,50.00,30.0,28.0,0.00,0.00,0.00,89.38,0.54,50.00,0.10,-14.44,6,63,6,63,30.0%,28.0%,150.000,0.000,0.00,-4.90,0.00,2.00,0.00,300.00,0.0%,1200.00,-20.00,HI,-50.00,-50.00
2026-09-28 07:41:07.028,DEMO_MODE,F1,300,0,0.10,-14.44,0.54,50.00,30.0,28.0,0.00,0.00,0.00,89.38,0.54,50.00,0.10,-14.44,6,63,6,63,30.0%,28.0%,150.000,0.000,0.00,-4.90,0.00,2.00,0.00,300.00,0.0%,1200.00,-20.00,HI,-50.00,-50.00
2026-09-28 07:41:07.156,DEMO_MODE,F1,300,0,0.10,-14.44,0.54,50.00,30.0,28.0,0.00,0.00,0.00,89.38,0.54,50.00,0.10,-14.44,6,63,6,63,30.0%,28.0%,150.000,0.000,0.00,-4.90,0.00,2.00,0.00,300.00,0.0%,1200.00,-20.00,HI,-50.00,-50.00
2026-09-28 07:41:07.276,DEMO_MODE,F1,300,0,0.10,-14.44,0.54,50.00,30.0,28.0,0.00,0.00,0.00,89.38,0.54,50.00,0.10,-14.44,6,63,6,63,30.0%,28.0%,150.000,0.000,0.00,-4.90,0.00,2.00,0.00,300.00,0.0%,1200.00,-20.00,HI,-50.00,-50.00
2026-09-28 07:41:07.403,DEMO_MODE,F1,300,0,0.10,-14.44,0.54,50.00,30.0,28.0,0.00,0.00,0.00,89.38,0.54,50.00,0.10,-14.44,6,63,6,63,30.0%,28.0%,150.000,0.000,0.00,-4.90,0.00,2.00,0.00,300.00,0.0%,1200.00,-20.00,HI,-50.00,-50.00
2026-09-28 07:41:07.523,DEMO_MODE,F1,300,0,0.10,-14.44,0.54,50.00,30.0,28.0,0.00,0.00,0.00,89.38,0.54,50.00,0.10,-14.44,6,63,6,63,30.0%,28.0%,150.000,0.000,0.00,-4.90,0.00,2.00,0.00,300.00,0.0%,1200.00,-20.00,HI,-50.00,-50.00
2026-09-28 07:41:07.650,DEMO_MODE,F1,300,0,0.10,-14.44,0.54,50.00,30.0,28.0,0.00,0.00,0.00,89.38,0.54,50.00,0.10,-14.44,6,63,6,63,30.0%,28.0%,150.000,0.000,0.00,-4.90,0.00,2.00,0.00,300.00,0.0%,1200.00,-20.00,HI,-50.00,-50.00
2026-09-28 07:41:07.775,DEMO_MODE,F1,300,0,0.10,-14.44,0.54,50.00,30.0,28.0,0.00,0.00,0.00,89.38,0.54,50.00,0.10,-14.44,6,63,6,63,30.0%,28.0%,150.000,0.000,0.00,-4.90,0.00,2.00,0.00,300.00,0.0%,1200.00,-20.00,HI,-50.00,-50.00
2026-09-28 07:41:07.901,DEMO_MODE,F1,300,0,0.10,-14.44,0.54,50.00,30.0,28.0,0.00,0.00,0.00,89.38,0.54,50.00,0.10,-14.44,6,63,6,63,30.0%,28.0%,150.000,0.000,0.00,-4.90,0.00,2.00,0.00,300.00,0.0%,1200.00,-20.00,HI,-50.00,-50.00
2026-09-28 07:41:08.027,DEMO_MODE,F1,300,0,0.10,-14.44,0.54,50.00,30.0,28.0,0.00,0.00,0.00,89.38,0.54,50.00,0.10,-14.44,6,63,6,63,30.0%,28.0%,150.000,0.000,0.00,-4.90,0.00,2.00,0.00,300.00,0.0%,1200.00,-20.00,HI,-50.00,-50.00
2026-09-28 07:41:08.154,DEMO_MODE,F1,300,0,0.10,-14.44,0.54,50.00,30.0,28.0,0.00,0.00,0.00,89.38,0.54,50.00,0.10,-14.44,6,63,6,63,30.0%,28.0%,150.000,0.000,0.00,-4.90,0.00,2.00,0.00,300.00,0.0%,1200.00,-20.00,HI,-50.00,-50.00
2026-09-28 07:41:08.275,DEMO_MODE,F1,300,0,0.10,-14.44,0.54,50.00,30.0,28.0,0.00,0.00,0.00,89.38,0.54,50.00,0.10,-14.44,6,63,6,63,30.0%,28.0%,150.000,0.000,0.00,-4.90,0.00,2.00,0.00,300.00,0.0%,1200.00,-20.00,HI,-50.00,-50.00
2026-09-28 07:41:08.401,DEMO_MODE,F1,300,0,0.10,-14.44,0.54,50.00,30.0,28.0,0.00,0.00,0.00,89.38,0.54,50.00,0.10,-14.44,6,63,6,63,30.0%,28.0%,150.000,0.000,0.00,-4.90,0.00,2.00,0.00,300.00,0.0%,1200.00,-20.00,HI,-50.00,-50.00
2026-09-28 07:41:08.522,DEMO_MODE,F1,300,0,0.10,-14.44,0.54,50.00,30.0,28.0,0.00,0.00,0.00,89.38,0.54,50.00,0.10,-14.44,6,63,6,63,30.0%,28.0%,150.000,0.000,0.00,-4.90,0.00,2.00,0.00,300.00,0.0%,1200.00,-20.00,HI,-50.00,-50.00
2026-09-28 07:41:08.648,DEMO_MODE,F1,300,0,0.10,-14.44,0.54,50.00,30.0,28.0,0.00,0.00,0.00,89.38,0.54,50.00,0.10,-14.44,6,63,6,63,30.0%,28.0%,150.000,0.000,0.00,-4.90,0.00,2.00,0.00,300.00,0.0%,1200.00,-20.00,HI,-50.00,-50.00
2026-09-28 07:41:08.768,DEMO_MODE,F1,300,0,0.10,-14.44,0.54,50.00,30.0,28.0,0.00,0.00,0.00,89.38,0.54,50.00,0.10,-14.44,6,63,6,63,30.0%,28.0%,150.000,0.000,0.00,-4.90,0.00,2.00,0.00,300.00,0.0%,1200.00,-20.00,HI,-50.00,-50.00
2026-09-28 07:41:08.895,DEMO_MODE,F1,300,0,0.10,-14.44,0.54,50.00,30.0,28.0,0.00,0.00,0.00,89.38,0.54,50.00,0.10,-14.44,6,63,6,63,30.0%,28.0%,150.000,0.000,0.00,-4.90,0.00,2.00,0.00,300.00,0.0%,1200.00,-20.00,HI,-50.00,-50.00
2026-09-28 07:41:09.016,DEMO_MODE,F1,300,0,0.10,-14.44,0.54,50.00,30.0,28.0,0.00,0.00,0.00,89.38,0.54,50.00,0.10,-14.44,6,63,6,63,30.0%,28.0%,150.000,0.000,0.00,-4.90,0.00,2.00,0.00,300.00,0.0%,1200.00,-20.00,HI,-50.00,-50.00
2026-09-28 07:41:09.143,DEMO_MODE,F1,300,0,0.10,-14.44,0.54,50.00,30.0,28.0,0.00,0.00,0.00,89.38,0.54,50.00,0.10,-14.44,6,63,6,63,30.0%,28.0%,150.000,0.000,0.00,-4.90,0.00,2.00,0.00,300.00,0.0%,1200.00,-20.00,HI,-50.00,-50.00
2026-09-28 07:41:09.269,DEMO_MODE,F1,300,0,0.10,-14.44,0.54,50.00,30.0,28.0,0.00,0.00,0.00,89.38,0.54,50.00,0.10,-14.44,6,63,6,63,30.0%,28.0%,150.000,0.000,0.00,-4.90,0.00,2.00,0.00,300.00,0.0%,1200.00,-20.00,HI,-50.00,-50.00
2026-09-28 07:41:09.396,DEMO_MODE,F1,300,0,0.10,-14.44,0.54,50.00,30.0,28.0,0.00,0.00,0.00,89.38,0.54,50.00,0.10,-14.44,6,63,6,63,30.0%,28.0%,150.000,0.000,0.00,-4.90,0.00,2.00,0.00,300.00,0.0%,1200.00,-20.00,HI,-50.00,-50.00
2026-09-28 07:41:09.517,DEMO_MODE,F1,300,0,0.10,-14.44,0.54,50.00,30.0,28.0,0.00,0.00,0.00,89.38,0.54,50.00,0.10,-14.44,6,63,6,63,30.0%,28.0%,150.000,0.000,0.00,-4.90,0.00,2.00,0.00,300.00,0.0%,1200.00,-20.00,HI,-50.00,-50.00
2026-09-28 07:41:09.644,DEMO_MODE,F1,300,0,0.10,-14.44,0.54,50.00,30.0,28.0,0.00,0.00,0.00,89.38,0.54,50.00,0.10,-14.44,6,63,6,63,30.0%,28.0%,150.000,0.000,0.00,-4.90,0.00,2.00,0.00,300.00,0.0%,1200.00,-20.00,HI,-50.00,-50.00
2026-09-28 07:41:09.764,DEMO_MODE,F1,300,0,0.10,-14.44,0.54,50.00,30.0,28.0,0.00,0.00,0.00,89.38,0.54,50.00,0.10,-14.44,6,63,6,63,30.0%,28.0%,150.000,0.000,0.00,-4.90,0.00,2.00,0.00,300.00,0.0%,1200.00,-20.00,HI,-50.00,-50.00
2026-09-28 07:41:09.891,DEMO_MODE,F1,300,0,0.10,-14.44,0.54,50.00,30.0,28.0,0.00,0.00,0.00,89.38,0.54,50.00,0.10,-14.44,6,63,6,63,30.0%,28.0%,150.000,0.000,0.00,-4.90,0.00,2.00,0.00,300.00,0.0%,1200.00,-20.00,HI,-50.00,-50.00
2026-09-28 07:41:10.011,DEMO_MODE,F1,300,0,0.10,-14.44,0.54,50.00,30.0,28.0,0.00,0.00,0.00,89.38,0.54,50.00,0.10,-14.44,6,63,6,63,30.0%,28.0%,150.000,0.000,0.00,-4.90,0.00,2.00,0.00,300.00,0.0%,1200.00,-20.00,HI,-50.00,-50.00
2026-09-28 07:41:10.138,DEMO_MODE,F1,300,0,0.10,-14.44,0.54,50.00,30.0,28.0,0.00,0.00,0.00,89.38,0.54,50.00,0.10,-14.44,6,63,6,63,30.0%,28.0%,150.000,0.000,0.00,-4.90,0.00,2.00,0.00,300.00,0.0%,1200.00,-20.00,HI,-50.00,-50.00
2026-09-28 07:41:10.259,DEMO_MODE,F1,300,0,0.10,-14.44,0.54,50.00,30.0,28.0,0.00,0.00,0.00,89.38,0.54,50.00,0.10,-14.44,6,63,6,63,30.0%,28.0%,150.000,0.000,0.00,-4.90,0.00,2.00,0.00,300.00,0.0%,1200.00,-20.00,HI,-50.00,-50.00
2026-09-28 07:41:10.385,DEMO_MODE,F1,300,0,0.10,-14.44,0.54,50.00,30.0,28.0,0.00,0.00,0.00,89.38,0.54,50.00,0.10,-14.44,6,63,6,63,30.0%,28.0%,150.000,0.000,0.00,-4.90,0.00,2.00,0.00,300.00,0.0%,1200.00,-20.00,HI,-50.00,-50.00
2026-09-28 07:41:10.511,DEMO_MODE,F1,300,0,0.10,-14.44,0.54,50.00,30.0,28.0,0.00,0.00,0.00,89.38,0.54,50.00,0.10,-14.44,6,63,6,63,30.0%,28.0%,150.000,0.000,0.00,-4.90,0.00,2.00,0.00,300.00,0.0%,1200.00,-20.00,HI,-50.00,-50.00
2026-09-28 07:41:10.637,DEMO_MODE,F1,300,0,0.10,-14.44,0.54,50.00,30.0,28.0,0.00,0.00,0.00,89.38,0.54,50.00,0.10,-14.44,6,63,6,63,30.0%,28.0%,150.000,0.000,0.00,-4.90,0.00,2.00,0.00,300.00,0.0%,1200.00,-20.00,HI,-50.00,-50.00
2026-09-28 07:41:10.758,DEMO_MODE,F1,300,0,0.10,-14.44,0.54,50.00,30.0,28.0,0.00,0.00,0.00,89.38,0.54,50.00,0.10,-14.44,6,63,6,63,30.0%,28.0%,150.000,0.000,0.00,-4.90,0.00,2.00,0.00,300.00,0.0%,1200.00,-20.00,HI,-50.00,-50.00
2026-09-28 07:41:10.884,DEMO_MODE,F1,300,0,0.10,-14.44,0.54,50.00,30.0,28.0,0.00,0.00,0.00,89.38,0.54,50.00,0.10,-14.44,6,63,6,63,30.0%,28.0%,150.000,0.000,0.00,-4.90,0.00,2.00,0.00,300.00,0.0%,1200.00,-20.00,HI,-50.00,-50.00
2026-09-28 07:41:11.004,DEMO_MODE,F1,300,0,0.10,-14.44,0.54,50.00,30.0,28.0,0.00,0.00,0.00,89.38,0.54,50.00,0.10,-14.44,6,63,6,63,30.0%,28.0%,150.000,0.000,0.00,-4.90,0.00,2.00,0.00,300.00,0.0%,1200.00,-20.00,HI,-50.00,-50.00
2026-09-28 07:41:11.131,DEMO_MODE,F1,400,0,0.10,-14.44,0.54,50.00,40.0,32.0,0.00,0.00,0.00,89.38,0.54,50.00,0.10,-14.44,6,63,6,63,40.0%,32.0%,200.000,0.000,0.00,-4.90,0.00,2.00,0.00,400.00,0.0%,1200.00,-10.00,HI,-50.00,-50.00
2026-09-28 07:41:11.251,DEMO_MODE,F1,400,0,0.10,-14.44,0.54,50.00,40.0,32.0,0.00,0.00,0.00,89.38,0.54,50.00,0.10,-14.44,6,63,6,63,40.0%,32.0%,200.000,0.000,0.00,-4.90,0.00,2.00,0.00,400.00,0.0%,1200.00,-10.00,HI,-50.00,-50.00
2026-09-28 07:41:11.377,DEMO_MODE,F1,400,0,0.10,-14.44,0.54,50.00,40.0,32.0,0.00,0.00,0.00,89.38,0.54,50.00,0.10,-14.44,6,63,6,63,40.0%,32.0%,200.000,0.000,0.00,-4.90,0.00,2.00,0.00,400.00,0.0%,1200.00,-10.00,HI,-50.00,-50.00
2026-09-28 07:41:11.498,DEMO_MODE,F1,400,0,0.10,-14.44,0.54,50.00,40.0,32.0,0.00,0.00,0.00,89.38,0.54,50.00,0.10,-14.44,6,63,6,63,40.0%,32.0%,200.000,0.000,0.00,-4.90,0.00,2.00,0.00,400.00,0.0%,1200.00,-10.00,HI,-50.00,-50.00
2026-09-28 07:41:11.624,DEMO_MODE,F1,400,0,0.10,-14.44,0.54,50.00,40.0,32.0,0.00,0.00,0.00,89.38,0.54,50.00,0.10,-14.44,6,63,6,63,40.0%,32.0%,200.000,0.000,0.00,-4.90,0.00,2.00,0.00,400.00,0.0%,1200.00,-10.00,HI,-50.00,-50.00
2026-09-28 07:41:11.744,DEMO_MODE,F1,400,0,0.10,-14.44,0.54,50.00,40.0,32.0,0.00,0.00,0.00,89.38,0.54,50.00,0.10,-14.44,6,63,6,63,40.0%,32.0%,200.000,0.000,0.00,-4.90,0.00,2.00,0.00,400.00,0.0%,1200.00,-10.00,HI,-50.00,-50.00
2026-09-28 07:41:11.871,DEMO_MODE,F1,400,0,0.10,-14.44,0.54,50.00,40.0,32.0,0.00,0.00,0.00,89.38,0.54,50.00,0.10,-14.44,6,63,6,63,40.0%,32.0%,200.000,0.000,0.00,-4.90,0.00,2.00,0.00,400.00,0.0%,1200.00,-10.00,HI,-50.00,-50.00
2026-09-28 07:41:11.992,DEMO_MODE,F1,400,0,0.10,-14.44,0.54,50.00,40.0,32.0,0.00,0.00,0.00,89.38,0.54,50.00,0.10,-14.44,6,63,6,63,40.0%,32.0%,200.000,0.000,0.00,-4.90,0.00,2.00,0.00,400.00,0.0%,1200.00,-10.00,HI,-50.00,-50.00
2026-09-28 07:41:12.112,DEMO_MODE,F1,400,0,0.10,-14.44,0.54,50.00,40.0,32.0,0.00,0.00,0.00,89.38,0.54,50.00,0.10,-14.44,6,63,6,63,40.0%,32.0%,200.000,0.000,0.00,-4.90,0.00,2.00,0.00,400.00,0.0%,1200.00,-10.00,HI,-50.00,-50.00
2026-09-28 07:41:12.233,DEMO_MODE,F1,400,0,0.10,-14.44,0.54,50.00,40.0,32.0,0.00,0.00,0.00,89.38,0.54,50.00,0.10,-14.44,6,63,6,63,40.0%,32.0%,200.000,0.000,0.00,-4.90,0.00,2.00,0.00,400.00,0.0%,1200.00,-10.00,HI,-50.00,-50.00
2026-09-28 07:41:12.353,DEMO_MODE,F1,400,0,0.10,-14.44,0.54,50.00,40.0,32.0,0.00,0.00,0.00,89.38,0.54,50.00,0.10,-14.44,6,63,6,63,40.0%,32.0%,200.000,0.000,0.00,-4.90,0.00,2.00,0.00,400.00,0.0%,1200.00,-10.00,HI,-50.00,-50.00
2026-09-28 07:41:12.473,DEMO_MODE,F1,400,0,0.10,-14.44,0.54,50.00,40.0,32.0,0.00,0.00,0.00,89.38,0.54,50.00,0.10,-14.44,6,63,6,63,40.0%,32.0%,200.000,0.000,0.00,-4.90,0.00,2.00,0.00,400.00,0.0%,1200.00,-10.00,HI,-50.00,-50.00
2026-09-28 07:41:12.595,DEMO_MODE,F1,400,0,0.10,-14.44,0.54,50.00,40.0,32.0,0.00,0.00,0.00,89.38,0.54,50.00,0.10,-14.44,6,63,6,63,40.0%,32.0%,200.000,0.000,0.00,-4.90,0.00,2.00,0.00,400.00,0.0%,1200.00,-10.00,HI,-50.00,-50.00
2026-09-28 07:41:12.716,DEMO_MODE,F1,400,0,0.10,-14.44,0.54,50.00,40.0,32.0,0.00,0.00,0.00,89.38,0.54,50.00,0.10,-14.44,6,63,6,63,40.0%,32.0%,200.000,0.000,0.00,-4.90,0.00,2.00,0.00,400.00,0.0%,1200.00,-10.00,HI,-50.00,-50.00
2026-09-28 07:41:12.836,DEMO_MODE,F1,400,0,0.10,-14.44,0.54,50.00,40.0,32.0,0.00,0.00,0.00,89.38,0.54,50.00,0.10,-14.44,6,63,6,63,40.0%,32.0%,200.000,0.000,0.00,-4.90,0.00,2.00,0.00,400.00,0.0%,1200.00,-10.00,HI,-50.00,-50.00
2026-09-28 07:41:12.957,DEMO_MODE,F1,400,0,0.10,-14.44,0.54,50.00,40.0,32.0,0.00,0.00,0.00,89.38,0.54,50.00,0.10,-14.44,6,63,6,63,40.0%,32.0%,200.000,0.000,0.00,-4.90,0.00,2.00,0.00,400.00,0.0%,1200.00,-10.00,HI,-50.00,-50.00
2026-09-28 07:41:13.077,DEMO_MODE,F1,400,0,0.10,-14.44,0.54,50.00,40.0,32.0,0.00,0.00,0.00,89.38,0.54,50.00,0.10,-14.44,6,63,6,63,40.0%,32.0%,200.000,0.000,0.00,-4.90,0.00,2.00,0.00,400.00,0.0%,1200.00,-10.00,HI,-50.00,-50.00
2026-09-28 07:41:13.199,DEMO_MODE,F1,400,0,0.10,-14.44,0.54,50.00,40.0,32.0,0.00,0.00,0.00,89.38,0.54,50.00,0.10,-14.44,6,63,6,63,40.0%,32.0%,200.000,0.000,0.00,-4.90,0.00,2.00,0.00,400.00,0.0%,1200.00,-10.00,HI,-50.00,-50.00
2026-09-28 07:41:13.320,DEMO_MODE,F1,400,0,0.10,-14.44,0.54,50.00,40.0,32.0,0.00,0.00,0.00,89.38,0.54,50.00,0.10,-14.44,6,63,6,63,40.0%,32.0%,200.000,0.000,0.00,-4.90,0.00,2.00,0.00,400.00,0.0%,1200.00,-10.00,HI,-50.00,-50.00
2026-09-28 07:41:13.440,DEMO_MODE,F1,400,0,0.10,-14.44,0.54,50.00,40.0,32.0,0.00,0.00,0.00,89.38,0.54,50.00,0.10,-14.44,6,63,6,63,40.0%,32.0%,200.000,0.000,0.00,-4.90,0.00,2.00,0.00,400.00,0.0%,1200.00,-10.00,HI,-50.00,-50.00
2026-09-28 07:41:13.561,DEMO_MODE,F1,400,0,0.10,-14.44,0.54,50.00,40.0,32.0,0.00,0.00,0.00,89.38,0.54,50.00,0.10,-14.44,6,63,6,63,40.0%,32.0%,200.000,0.000,0.00,-4.90,0.00,2.00,0.00,400.00,0.0%,1200.00,-10.00,HI,-50.00,-50.00
2026-09-28 07:41:13.681,DEMO_MODE,F1,400,0,0.10,-14.44,0.54,50.00,40.0,32.0,0.00,0.00,0.00,89.38,0.54,50.00,0.10,-14.44,6,63,6,63,40.0%,32.0%,200.000,0.000,0.00,-4.90,0.00,2.00,0.00,400.00,0.0%,1200.00,-10.00,HI,-50.00,-50.00
2026-09-28 07:41:13.802,DEMO_MODE,F1,400,0,0.10,-14.44,0.54,50.00,40.0,32.0,0.00,0.00,0.00,89.38,0.54,50.00,0.10,-14.44,6,63,6,63,40.0%,32.0%,200.000,0.000,0.00,-4.90,0.00,2.00,0.00,400.00,0.0%,1200.00,-10.00,HI,-50.00,-50.00
2026-09-28 07:41:13.923,DEMO_MODE,F1,400,0,0.10,-14.44,0.54,50.00,40.0,32.0,0.00,0.00,0.00,89.38,0.54,50.00,0.10,-14.44,6,63,6,63,40.0%,32.0%,200.000,0.000,0.00,-4.90,0.00,2.00,0.00,400.00,0.0%,1200.00,-10.00,HI,-50.00,-50.00
2026-09-28 07:41:14.043,DEMO_MODE,F1,400,0,0.10,-14.44,0.54,50.00,40.0,32.0,0.00,0.00,0.00,89.38,0.54,50.00,0.10,-14.44,6,63,6,63,40.0%,32.0%,200.000,0.000,0.00,-4.90,0.00,2.00,0.00,400.00,0.0%,1200.00,-10.00,HI,-50.00,-50.00
2026-09-28 07:41:14.164,DEMO_MODE,F1,400,0,0.10,-14.44,0.54,50.00,40.0,32.0,0.00,0.00,0.00,89.38,0.54,50.00,0.10,-14.44,6,63,6,63,40.0%,32.0%,200.000,0.000,0.00,-4.90,0.00,2.00,0.00,400.00,0.0%,1200.00,-10.00,HI,-50.00,-50.00
2026-09-28 07:41:14.285,DEMO_MODE,F1,400,0,0.10,-14.44,0.54,50.00,40.0,32.0,0.00,0.00,0.00,89.38,0.54,50.00,0.10,-14.44,6,63,6,63,40.0%,32.0%,200.000,0.000,0.00,-4.90,0.00,2.00,0.00,400.00,0.0%,1200.00,-10.00,HI,-50.00,-50.00
2026-09-28 07:41:14.405,DEMO_MODE,F1,400,0,0.10,-14.44,0.54,50.00,40.0,32.0,0.00,0.00,0.00,89.38,0.54,50.00,0.10,-14.44,6,63,6,63,40.0%,32.0%,200.000,0.000,0.00,-4.90,0.00,2.00,0.00,400.00,0.0%,1200.00,-10.00,HI,-50.00,-50.00
2026-09-28 07:41:14.526,DEMO_MODE,F1,400,0,0.10,-14.44,0.54,50.00,40.0,32.0,0.00,0.00,0.00,89.38,0.54,50.00,0.10,-14.44,6,63,6,63,40.0%,32.0%,200.000,0.000,0.00,-4.90,0.00,2.00,0.00,400.00,0.0%,1200.00,-10.00,HI,-50.00,-50.00
2026-09-28 07:41:14.647,DEMO_MODE,F1,400,0,0.10,-14.44,0.54,50.00,40.0,32.0,0.00,0.00,0.00,89.38,0.54,50.00,0.10,-14.44,6,63,6,63,40.0%,32.0%,200.000,0.000,0.00,-4.90,0.00,2.00,0.00,400.00,0.0%,1200.00,-10.00,HI,-50.00,-50.00
2026-09-28 07:41:14.768,DEMO_MODE,F1,400,0,0.10,-14.44,0.54,50.00,40.0,32.0,0.00,0.00,0.00,89.38,0.54,50.00,0.10,-14.44,6,63,6,63,40.0%,32.0%,200.000,0.000,0.00,-4.90,0.00,2.00,0.00,400.00,0.0%,1200.00,-10.00,HI,-50.00,-50.00
2026-09-28 07:41:14.889,DEMO_MODE,F1,400,0,0.10,-14.44,0.54,50.00,40.0,32.0,0.00,0.00,0.00,89.38,0.54,50.00,0.10,-14.44,6,63,6,63,40.0%,32.0%,200.000,0.000,0.00,-4.90,0.00,2.00,0.00,400.00,0.0%,1200.00,-10.00,HI,-50.00,-50.00
2026-09-28 07:41:15.009,DEMO_MODE,F1,400,0,0.10,-14.44,0.54,50.00,40.0,32.0,0.00,0.00,0.00,89.38,0.54,50.00,0.10,-14.44,6,63,6,63,40.0%,32.0%,200.000,0.000,0.00,-4.90,0.00,2.00,0.00,400.00,0.0%,1200.00,-10.00,HI,-50.00,-50.00
2026-09-28 07:41:15.129,DEMO_MODE,F1,400,1,0.10,-14.44,0.54,50.00,40.0,32.0,0.00,0.00,0.00,89.38,0.54,50.00,0.10,-14.44,6,63,6,63,40.0%,32.0%,200.000,0.000,0.00,-4.90,0.00,2.00,0.00,399.00,0.0%,1200.00,-10.00,HI,-50.00,-50.00
2026-09-28 07:41:15.249,DEMO_MODE,F1,400,1,0.10,-14.44,0.54,50.00,40.0,32.0,0.00,0.00,0.00,89.38,0.54,50.00,0.10,-14.44,6,63,6,63,40.0%,32.0%,200.000,0.000,0.00,-4.90,0.00,2.00,0.00,399.00,0.0%,1200.00,-10.00,HI,-50.00,-50.00
2026-09-28 07:41:15.371,DEMO_MODE,F1,400,1,0.10,-14.44,0.54,50.00,40.0,32.0,0.00,0.00,0.00,89.38,0.54,50.00,0.10,-14.44,6,63,6,63,40.0%,32.0%,200.000,0.000,0.00,-4.90,0.00,2.00,0.00,399.00,0.0%,1200.00,-10.00,HI,-50.00,-50.00
2026-09-28 07:41:15.492,DEMO_MODE,F1,400,1,0.10,-14.44,0.54,50.00,40.0,32.0,0.00,0.00,0.00,89.38,0.54,50.00,0.10,-14.44,6,63,6,63,40.0%,32.0%,200.000,0.000,0.00,-4.90,0.00,2.00,0.00,399.00,0.0%,1200.00,-10.00,HI,-50.00,-50.00
2026-09-28 07:41:15.613,DEMO_MODE,F1,400,1,0.10,-14.44,0.54,50.00,40.0,32.0,0.00,0.00,0.00,89.38,0.54,50.00,0.10,-14.44,6,63,6,63,40.0%,32.0%,200.000,0.000,0.00,-4.90,0.00,2.00,0.00,399.00,0.0%,1200.00,-10.00,HI,-50.00,-50.00
2026-09-28 07:41:15.734,DEMO_MODE,F1,400,1,0.10,-14.44,0.54,50.00,40.0,32.0,0.00,0.00,0.00,89.38,0.54,50.00,0.10,-14.44,6,63,6,63,40.0%,32.0%,200.000,0.000,0.00,-4.90,0.00,2.00,0.00,399.00,0.0%,1200.00,-10.00,HI,-50.00,-50.00
2026-09-28 07:41:15.855,DEMO_MODE,F1,400,1,0.10,-14.44,0.54,50.00,40.0,32.0,0.00,0.00,0.00,89.38,0.54,50.00,0.10,-14.44,6,63,6,63,40.0%,32.0%,200.000,0.000,0.00,-4.90,0.00,2.00,0.00,399.00,0.0%,1200.00,-10.00,HI,-50.00,-50.00
2026-09-28 07:41:15.976,DEMO_MODE,F1,400,1,0.10,-14.44,0.54,50.00,40.0,32.0,0.00,0.00,0.00,89.38,0.54,50.00,0.10,-14.44,6,63,6,63,40.0%,32.0%,200.000,0.000,0.00,-4.90,0.00,2.00,0.00,399.00,0.0%,1200.00,-10.00,HI,-50.00,-50.00
2026-09-28 07:41:16.096,DEMO_MODE,F1,400,1,0.10,-14.44,0.54,50.00,40.0,32.0,0.00,0.00,0.00,89.38,0.54,50.00,0.10,-14.44,6,63,6,63,40.0%,32.0%,200.000,0.000,0.00,-4.90,0.00,2.00,0.00,399.00,0.0%,1200.00,-10.00,HI,-50.00,-50.00
2026-09-28 07:41:16.217,DEMO_MODE,F1,400,1,0.10,-14.44,0.54,50.00,40.0,36.0,0.00,0.00,0.00,89.38,0.54,50.00,0.10,-14.44,6,63,6,63,40.0%,36.0%,200.000,0.000,0.00,-4.90,0.00,2.00,0.00,399.00,0.0%,1200.00,-10.00,HI,-50.00,-50.00
2026-09-28 07:41:16.338,DEMO_MODE,F1,400,1,0.10,-14.44,0.54,50.00,40.0,36.0,0.00,0.00,0.00,89.38,0.54,50.00,0.10,-14.44,6,63,6,63,40.0%,36.0%,200.000,0.000,0.00,-4.90,0.00,2.00,0.00,399.00,0.0%,1200.00,-10.00,HI,-50.00,-50.00
2026-09-28 07:41:16.459,DEMO_MODE,F1,400,1,0.10,-14.44,0.54,50.00,40.0,36.0,0.00,0.00,0.00,89.38,0.54,50.00,0.10,-14.44,6,63,6,63,40.0%,36.0%,200.000,0.000,0.00,-4.90,0.00,2.00,0.00,399.00,0.0%,1200.00,-10.00,HI,-50.00,-50.00
2026-09-28 07:41:16.579,DEMO_MODE,F1,400,1,0.10,-14.44,0.54,50.00,40.0,36.0,0.00,0.00,0.00,89.38,0.54,50.00,0.10,-14.44,6,63,6,63,40.0%,36.0%,200.000,0.000,0.00,-4.90,0.00,2.00,0.00,399.00,0.0%,1200.00,-10.00,HI,-50.00,-50.00
2026-09-28 07:41:16.700,DEMO_MODE,F1,400,1,0.10,-14.44,0.54,50.00,40.0,36.0,0.00,0.00,0.00,89.38,0.54,50.00,0.10,-14.44,6,63,6,63,40.0%,36.0%,200.000,0.000,0.00,-4.90,0.00,2.00,0.00,399.00,0.0%,1200.00,-10.00,HI,-50.00,-50.00
2026-09-28 07:41:16.821,DEMO_MODE,F1,400,1,0.10,-14.44,0.54,50.00,40.0,36.0,0.00,0.00,0.00,89.38,0.54,50.00,0.10,-14.44,6,63,6,63,40.0%,36.0%,200.000,0.000,0.00,-4.90,0.00,2.00,0.00,399.00,0.0%,1200.00,-10.00,HI,-50.00,-50.00
2026-09-28 07:41:16.942,DEMO_MODE,F1,400,1,0.10,-14.44,0.54,50.00,40.0,36.0,0.00,0.00,0.00,89.38,0.54,50.00,0.10,-14.44,6,63,6,63,40.0%,36.0%,200.000,0.000,0.00,-4.90,0.00,2.00,0.00,399.00,0.0%,1200.00,-10.00,HI,-50.00,-50.00
2026-09-28 07:41:17.062,DEMO_MODE,F1,400,1,0.10,-14.44,0.54,50.00,40.0,36.0,0.00,0.00,0.00,89.38,0.54,50.00,0.10,-14.44,6,63,6,63,40.0%,36.0%,200.000,0.000,0.00,-4.90,0.00,2.00,0.00,399.00,0.0%,1200.00,-10.00,HI,-50.00,-50.00
2026-09-28 07:41:17.183,DEMO_MODE,F1,400,1,0.10,-14.44,0.54,50.00,40.0,36.0,0.00,0.00,0.00,89.38,0.54,50.00,0.10,-14.44,6,63,6,63,40.0%,36.0%,200.000,0.000,0.00,-4.90,0.00,2.00,0.00,399.00,0.0%,1200.00,-10.00,HI,-50.00,-50.00
2026-09-28 07:41:17.304,DEMO_MODE,F1,400,1,0.10,-14.44,0.54,50.00,40.0,36.0,0.00,0.00,0.00,89.38,0.54,50.00,0.10,-14.44,6,63,6,63,40.0%,36.0%,200.000,0.000,0.00,-4.90,0.00,2.00,0.00,399.00,0.0%,1200.00,-10.00,HI,-50.00,-50.00
2026-09-28 07:41:17.425,DEMO_MODE,F1,400,1,0.10,-14.44,0.54,50.00,40.0,36.0,0.00,0.00,0.00,89.38,0.54,50.00,0.10,-14.44,6,63,6,63,40.0%,36.0%,200.000,0.000,0.00,-4.90,0.00,2.00,0.00,399.00,0.0%,1200.00,-10.00,HI,-50.00,-50.00
2026-09-28 07:41:17.545,DEMO_MODE,F1,400,1,0.10,-14.44,0.54,50.00,40.0,36.0,0.00,0.00,0.00,89.38,0.54,50.00,0.10,-14.44,6,63,6,63,40.0%,36.0%,200.000,0.000,0.00,-4.90,0.00,2.00,0.00,399.00,0.0%,1200.00,-10.00,HI,-50.00,-50.00
2026-09-28 07:41:17.667,DEMO_MODE,F1,400,1,0.10,-14.44,0.54,50.00,40.0,36.0,0.00,0.00,0.00,89.38,0.54,50.00,0.10,-14.44,6,63,6,63,40.0%,36.0%,200.000,0.000,0.00,-4.90,0.00,2.00,0.00,399.00,0.0%,1200.00,-10.00,HI,-50.00,-50.00
2026-09-28 07:41:17.787,DEMO_MODE,F1,400,1,0.10,-14.44,0.54,50.00,40.0,36.0,0.00,0.00,0.00,89.38,0.54,50.00,0.10,-14.44,6,63,6,63,40.0%,36.0%,200.000,0.000,0.00,-4.90,0.00,2.00,0.00,399.00,0.0%,1200.00,-10.00,HI,-50.00,-50.00
2026-09-28 07:41:17.913,DEMO_MODE,F1,400,1,0.10,-14.44,0.54,50.00,40.0,36.0,0.00,0.00,0.00,89.38,0.54,50.00,0.10,-14.44,6,63,6,63,40.0%,36.0%,200.000,0.000,0.00,-4.90,0.00,2.00,0.00,399.00,0.0%,1200.00,-10.00,HI,-50.00,-50.00
2026-09-28 07:41:18.033,DEMO_MODE,F1,400,1,0.10,-14.44,0.54,50.00,40.0,36.0,0.00,0.00,0.00,89.38,0.54,50.00,0.10,-14.44,6,63,6,63,40.0%,36.0%,200.000,0.000,0.00,-4.90,0.00,2.00,0.00,399.00,0.0%,1200.00,-10.00,HI,-50.00,-50.00
2026-09-28 07:41:18.159,DEMO_MODE,F1,400,1,0.10,-14.44,0.54,50.00,40.0,36.0,0.00,0.00,0.00,89.38,0.54,50.00,0.10,-14.44,6,63,6,63,40.0%,36.0%,200.000,0.000,0.00,-4.90,0.00,2.00,0.00,399.00,0.0%,1200.00,-10.00,HI,-50.00,-50.00
2026-09-28 07:41:18.279,DEMO_MODE,F1,400,1,0.10,-14.44,0.54,50.00,40.0,36.0,0.00,0.00,0.00,89.38,0.54,50.00,0.10,-14.44,6,63,6,63,40.0%,36.0%,200.000,0.000,0.00,-4.90,0.00,2.00,0.00,399.00,0.0%,1200.00,-10.00,HI,-50.00,-50.00
2026-09-28 07:41:18.405,DEMO_MODE,F1,400,1,0.10,-14.44,0.54,50.00,40.0,36.0,0.00,0.00,0.00,89.38,0.54,50.00,0.10,-14.44,6,63,6,63,40.0%,36.0%,200.000,0.000,0.00,-4.90,0.00,2.00,0.00,399.00,0.0%,1200.00,-10.00,HI,-50.00,-50.00
2026-09-28 07:41:18.526,DEMO_MODE,F1,400,1,0.10,-14.44,0.54,50.00,40.0,36.0,0.00,0.00,0.00,89.38,0.54,50.00,0.10,-14.44,6,63,6,63,40.0%,36.0%,200.000,0.000,0.00,-4.90,0.00,2.00,0.00,399.00,0.0%,1200.00,-10.00,HI,-50.00,-50.00
2026-09-28 07:41:18.652,DEMO_MODE,F1,400,1,0.10,-14.44,0.54,50.00,40.0,36.0,0.00,0.00,0.00,89.38,0.54,50.00,0.10,-14.44,6,63,6,63,40.0%,36.0%,200.000,0.000,0.00,-4.90,0.00,2.00,0.00,399.00,0.0%,1200.00,-10.00,HI,-50.00,-50.00
2026-09-28 07:41:18.773,DEMO_MODE,F1,400,1,0.10,-14.44,0.54,50.00,40.0,36.0,0.00,0.00,0.00,89.38,0.54,50.00,0.10,-14.44,6,63,6,63,40.0%,36.0%,200.000,0.000,0.00,-4.90,0.00,2.00,0.00,399.00,0.0%,1200.00,-10.00,HI,-50.00,-50.00
2026-09-28 07:41:18.900,DEMO_MODE,F1,400,1,0.10,-14.44,0.54,50.00,40.0,36.0,0.00,0.00,0.00,89.38,0.54,50.00,0.10,-14.44,6,63,6,63,40.0%,36.0%,200.000,0.000,0.00,-4.90,0.00,2.00,0.00,399.00,0.0%,1200.00,-10.00,HI,-50.00,-50.00
2026-09-28 07:41:19.026,DEMO_MODE,F1,400,1,0.10,-14.44,0.54,50.00,40.0,36.0,0.00,0.00,0.00,89.38,0.54,50.00,0.10,-14.44,6,63,6,63,40.0%,36.0%,200.000,0.000,0.00,-4.90,0.00,2.00,0.00,399.00,0.0%,1200.00,-10.00,HI,-50.00,-50.00
2026-09-28 07:41:19.152,DEMO_MODE,F1,400,1,0.10,-14.44,0.54,50.00,40.0,36.0,0.00,0.00,0.00,89.38,0.54,50.00,0.10,-14.44,6,63,6,63,40.0%,36.0%,200.000,0.000,0.00,-4.90,0.00,2.00,0.00,399.00,0.0%,1200.00,-10.00,HI,-50.00,-50.00
2026-09-28 07:41:19.273,DEMO_MODE,F1,400,1,0.10,-14.44,0.54,50.00,40.0,36.0,0.00,0.00,0.00,89.38,0.54,50.00,0.10,-14.44,6,63,6,63,40.0%,36.0%,200.000,0.000,0.00,-4.90,0.00,2.00,0.00,399.00,0.0%,1200.00,-10.00,HI,-50.00,-50.00
2026-09-28 07:41:19.399,DEMO_MODE,F1,400,1,0.10,-14.44,0.54,50.00,40.0,36.0,0.00,0.00,0.00,89.38,0.54,50.00,0.10,-14.44,6,63,6,63,40.0%,36.0%,200.000,0.000,0.00,-4.90,0.00,2.00,0.00,399.00,0.0%,1200.00,-10.00,HI,-50.00,-50.00
2026-09-28 07:41:19.520,DEMO_MODE,F1,400,1,0.10,-14.44,0.54,50.00,40.0,36.0,0.00,0.00,0.00,89.38,0.54,50.00,0.10,-14.44,6,63,6,63,40.0%,36.0%,200.000,0.000,0.00,-4.90,0.00,2.00,0.00,399.00,0.0%,1200.00,-10.00,HI,-50.00,-50.00
2026-09-28 07:41:19.647,DEMO_MODE,F1,400,1,0.10,-14.44,0.54,50.00,40.0,36.0,0.00,0.00,0.00,89.38,0.54,50.00,0.10,-14.44,6,63,6,63,40.0%,36.0%,200.000,0.000,0.00,-4.90,0.00,2.00,0.00,399.00,0.0%,1200.00,-10.00,HI,-50.00,-50.00
2026-09-28 07:41:19.767,DEMO_MODE,F1,400,1,0.10,-14.44,0.54,50.00,40.0,36.0,0.00,0.00,0.00,89.38,0.54,50.00,0.10,-14.44,6,63,6,63,40.0%,36.0%,200.000,0.000,0.00,-4.90,0.00,2.00,0.00,399.00,0.0%,1200.00,-10.00,HI,-50.00,-50.00
2026-09-28 07:41:19.893,DEMO_MODE,F1,400,1,0.10,-14.44,0.54,50.00,40.0,36.0,0.00,0.00,0.00,89.38,0.54,50.00,0.10,-14.44,6,63,6,63,40.0%,36.0%,200.000,0.000,0.00,-4.90,0.00,2.00,0.00,399.00,0.0%,1200.00,-10.00,HI,-50.00,-50.00
2026-09-28 07:41:20.014,DEMO_MODE,F1,400,1,0.10,-14.44,0.54,50.00,40.0,36.0,0.00,0.00,0.00,89.38,0.54,50.00,0.10,-14.44,6,63,6,63,40.0%,36.0%,200.000,0.000,0.00,-4.90,0.00,2.00,0.00,399.00,0.0%,1200.00,-10.00,HI,-50.00,-50.00
2026-09-28 07:41:20.141,DEMO_MODE,F1,400,1,0.10,-14.44,0.54,50.00,40.0,36.0,0.00,0.00,0.00,89.38,0.54,50.00,0.10,-14.44,6,63,6,63,40.0%,36.0%,200.000,0.000,0.00,-4.90,0.00,2.00,0.00,399.00,0.0%,1200.00,-10.00,HI,-50.00,-50.00
2026-09-28 07:41:20.261,DEMO_MODE,F1,400,1,0.10,-14.44,0.54,50.00,40.0,36.0,0.00,0.00,0.00,89.38,0.54,50.00,0.10,-14.44,6,63,6,63,40.0%,36.0%,200.000,0.000,0.00,-4.90,0.00,2.00,0.00,399.00,0.0%,1200.00,-10.00,HI,-50.00,-50.00
2026-09-28 07:41:20.387,DEMO_MODE,F1,400,1,0.10,-14.44,0.54,50.00,40.0,36.0,0.00,0.00,0.00,89.38,0.54,50.00,0.10,-14.44,6,63,6,63,40.0%,36.0%,200.000,0.000,0.00,-4.90,0.00,2.00,0.00,399.00,0.0%,1200.00,-10.00,HI,-50.00,-50.00
2026-09-28 07:41:20.508,DEMO_MODE,F1,400,1,0.10,-14.44,0.54,50.00,40.0,36.0,0.00,0.00,0.00,89.38,0.54,50.00,0.10,-14.44,6,63,6,63,40.0%,36.0%,200.000,0.000,0.00,-4.90,0.00,2.00,0.00,399.00,0.0%,1200.00,-10.00,HI,-50.00,-50.00
2026-09-28 07:41:20.633,DEMO_MODE,F1,400,1,0.10,-14.44,0.54,50.00,40.0,36.0,0.00,0.00,0.00,89.38,0.54,50.00,0.10,-14.44,6,63,6,63,40.0%,36.0%,200.000,0.000,0.00,-4.90,0.00,2.00,0.00,399.00,0.0%,1200.00,-10.00,HI,-50.00,-50.00
2026-09-28 07:41:20.753,DEMO_MODE,F1,400,1,0.10,-14.44,0.54,50.00,40.0,36.0,0.00,0.00,0.00,89.38,0.54,50.00,0.10,-14.44,6,63,6,63,40.0%,36.0%,200.000,0.000,0.00,-4.90,0.00,2.00,0.00,399.00,0.0%,1200.00,-10.00,HI,-50.00,-50.00
2026-09-28 07:41:20.880,DEMO_MODE,F1,400,1,0.10,-14.44,0.54,50.00,40.0,36.0,0.00,0.00,0.00,89.38,0.54,50.00,0.10,-14.44,6,63,6,63,40.0%,36.0%,200.000,0.000,0.00,-4.90,0.00,2.00,0.00,399.00,0.0%,1200.00,-10.00,HI,-50.00,-50.00
2026-09-28 07:41:21.001,DEMO_MODE,F1,400,1,0.10,-14.44,0.54,50.00,40.0,36.0,0.00,0.00,0.00,89.38,0.54,50.00,0.10,-14.44,6,63,6,63,40.0%,36.0%,200.000,0.000,0.00,-4.90,0.00,2.00,0.00,399.00,0.0%,1200.00,-10.00,HI,-50.00,-50.00
2026-09-28 07:41:21.128,DEMO_MODE,F1,400,1,0.10,-14.44,0.54,50.00,40.0,36.0,0.00,0.00,0.00,89.38,0.54,50.00,0.10,-14.44,6,63,6,63,40.0%,36.0%,200.000,0.000,0.00,-4.90,0.00,2.00,0.00,399.00,0.0%,1200.00,-10.00,HI,-50.00,-50.00
2026-09-28 07:41:21.259,DEMO_MODE,F1,500,1,0.10,-14.44,0.54,50.00,50.0,40.0,0.00,0.00,0.00,89.38,0.54,50.00,0.10,-14.44,6,63,6,63,50.0%,40.0%,250.000,0.000,0.00,-4.90,0.00,2.00,0.00,499.00,0.0%,1200.00,0.00,HI,-50.00,-50.00
2026-09-28 07:41:21.386,DEMO_MODE,F1,500,1,0.10,-14.44,0.54,50.00,50.0,40.0,0.00,0.00,0.00,89.38,0.54,50.00,0.10,-14.44,6,63,6,63,50.0%,40.0%,250.000,0.000,0.00,-4.90,0.00,2.00,0.00,499.00,0.0%,1200.00,0.00,HI,-50.00,-50.00
2026-09-28 07:41:21.507,DEMO_MODE,F1,500,1,0.10,-14.44,0.54,50.00,50.0,40.0,0.00,0.00,0.00,89.38,0.54,50.00,0.10,-14.44,6,63,6,63,50.0%,40.0%,250.000,0.000,0.00,-4.90,0.00,2.00,0.00,499.00,0.0%,1200.00,0.00,HI,-50.00,-50.00
2026-09-28 07:41:21.633,DEMO_MODE,F1,500,1,0.10,-14.44,0.54,50.00,50.0,40.0,0.00,0.00,0.00,89.38,0.54,50.00,0.10,-14.44,6,63,6,63,50.0%,40.0%,250.000,0.000,0.00,-4.90,0.00,2.00,0.00,499.00,0.0%,1200.00,0.00,HI,-50.00,-50.00
2026-09-28 07:41:21.770,DEMO_MODE,F1,500,1,0.10,-14.44,0.54,50.00,50.0,40.0,0.00,0.00,0.00,89.38,0.54,50.00,0.10,-14.44,6,63,6,63,50.0%,40.0%,250.000,0.000,0.00,-4.90,0.00,2.00,0.00,499.00,0.0%,1200.00,0.00,HI,-50.00,-50.00
2026-09-28 07:41:21.896,DEMO_MODE,F1,500,1,0.10,-14.44,0.54,50.00,50.0,40.0,0.00,0.00,0.00,89.38,0.54,50.00,0.10,-14.44,6,63,6,63,50.0%,40.0%,250.000,0.000,0.00,-4.90,0.00,2.00,0.00,499.00,0.0%,1200.00,0.00,HI,-50.00,-50.00
2026-09-28 07:41:22.017,DEMO_MODE,F1,500,1,0.10,-14.44,0.54,50.00,50.0,40.0,0.00,0.00,0.00,89.38,0.54,50.00,0.10,-14.44,6,63,6,63,50.0%,40.0%,250.000,0.000,0.00,-4.90,0.00,2.00,0.00,499.00,0.0%,1200.00,0.00,HI,-50.00,-50.00
2026-09-28 07:41:22.143,DEMO_MODE,F1,500,1,0.10,-14.44,0.54,50.00,50.0,40.0,0.00,0.00,0.00,89.38,0.54,50.00,0.10,-14.44,6,63,6,63,50.0%,40.0%,250.000,0.000,0.00,-4.90,0.00,2.00,0.00,499.00,0.0%,1200.00,0.00,HI,-50.00,-50.00
2026-09-28 07:41:22.270,DEMO_MODE,F1,500,1,0.10,-14.44,0.54,50.00,50.0,40.0,0.00,0.00,0.00,89.38,0.54,50.00,0.10,-14.44,6,63,6,63,50.0%,40.0%,250.000,0.000,0.00,-4.90,0.00,2.00,0.00,499.00,0.0%,1200.00,0.00,HI,-50.00,-50.00
2026-09-28 07:41:22.397,DEMO_MODE,F1,500,1,0.10,-14.44,0.54,50.00,50.0,40.0,0.00,0.00,0.00,89.38,0.54,50.00,0.10,-14.44,6,63,6,63,50.0%,40.0%,250.000,0.000,0.00,-4.90,0.00,2.00,0.00,499.00,0.0%,1200.00,0.00,HI,-50.00,-50.00
2026-09-28 07:41:22.523,DEMO_MODE,F1,500,1,0.10,-14.44,0.54,50.00,50.0,40.0,0.00,0.00,0.00,89.38,0.54,50.00,0.10,-14.44,6,63,6,63,50.0%,40.0%,250.000,0.000,0.00,-4.90,0.00,2.00,0.00,499.00,0.0%,1200.00,0.00,HI,-50.00,-50.00
2026-09-28 07:41:22.650,DEMO_MODE,F1,500,1,0.10,-14.44,0.54,50.00,50.0,40.0,0.00,0.00,0.00,89.38,0.54,50.00,0.10,-14.44,6,63,6,63,50.0%,40.0%,250.000,0.000,0.00,-4.90,0.00,2.00,0.00,499.00,0.0%,1200.00,0.00,HI,-50.00,-50.00
2026-09-28 07:41:22.771,DEMO_MODE,F1,500,1,0.10,-14.44,0.54,50.00,50.0,40.0,0.00,0.00,0.00,89.38,0.54,50.00,0.10,-14.44,6,63,6,63,50.0%,40.0%,250.000,0.000,0.00,-4.90,0.00,2.00,0.00,499.00,0.0%,1200.00,0.00,HI,-50.00,-50.00
2026-09-28 07:41:22.897,DEMO_MODE,F1,500,1,0.10,-14.44,0.54,50.00,50.0,40.0,0.00,0.00,0.00,89.38,0.54,50.00,0.10,-14.44,6,63,6,63,50.0%,40.0%,250.000,0.000,0.00,-4.90,0.00,2.00,0.00,499.00,0.0%,1200.00,0.00,HI,-50.00,-50.00
2026-09-28 07:41:23.018,DEMO_MODE,F1,500,1,0.10,-14.44,0.54,50.00,50.0,40.0,0.00,0.00,0.00,89.38,0.54,50.00,0.10,-14.44,6,63,6,63,50.0%,40.0%,250.000,0.000,0.00,-4.90,0.00,2.00,0.00,499.00,0.0%,1200.00,0.00,HI,-50.00,-50.00
2026-09-28 07:41:23.143,DEMO_MODE,F1,500,1,0.10,-14.44,0.54,50.00,50.0,40.0,0.00,0.00,0.00,89.38,0.54,50.00,0.10,-14.44,6,63,6,63,50.0%,40.0%,250.000,0.000,0.00,-4.90,0.00,2.00,0.00,499.00,0.0%,1200.00,0.00,HI,-50.00,-50.00
2026-09-28 07:41:23.264,DEMO_MODE,F1,500,1,0.10,-14.44,0.54,50.00,50.0,40.0,0.00,0.00,0.00,89.38,0.54,50.00,0.10,-14.44,6,63,6,63,50.0%,40.0%,250.000,0.000,0.00,-4.90,0.00,2.00,0.00,499.00,0.0%,1200.00,0.00,HI,-50.00,-50.00
2026-09-28 07:41:23.391,DEMO_MODE,F1,500,1,0.10,-14.44,0.54,50.00,50.0,40.0,0.00,0.00,0.00,89.38,0.54,50.00,0.10,-14.44,6,63,6,63,50.0%,40.0%,250.000,0.000,0.00,-4.90,0.00,2.00,0.00,499.00,0.0%,1200.00,0.00,HI,-50.00,-50.00
2026-09-28 07:41:23.511,DEMO_MODE,F1,500,1,0.10,-14.44,0.54,50.00,50.0,40.0,0.00,0.00,0.00,89.38,0.54,50.00,0.10,-14.44,6,63,6,63,50.0%,40.0%,250.000,0.000,0.00,-4.90,0.00,2.00,0.00,499.00,0.0%,1200.00,0.00,HI,-50.00,-50.00
2026-09-28 07:41:23.638,DEMO_MODE,F1,500,1,0.10,-14.44,0.54,50.00,50.0,40.0,0.00,0.00,0.00,89.38,0.54,50.00,0.10,-14.44,6,63,6,63,50.0%,40.0%,250.000,0.000,0.00,-4.90,0.00,2.00,0.00,499.00,0.0%,1200.00,0.00,HI,-50.00,-50.00
2026-09-28 07:41:23.759,DEMO_MODE,F1,500,1,0.10,-14.44,0.54,50.00,50.0,40.0,0.00,0.00,0.00,89.38,0.54,50.00,0.10,-14.44,6,63,6,63,50.0%,40.0%,250.000,0.000,0.00,-4.90,0.00,2.00,0.00,499.00,0.0%,1200.00,0.00,HI,-50.00,-50.00
2026-09-28 07:41:23.885,DEMO_MODE,F1,500,1,0.10,-14.44,0.54,50.00,50.0,40.0,0.00,0.00,0.00,89.38,0.54,50.00,0.10,-14.44,6,63,6,63,50.0%,40.0%,250.000,0.000,0.00,-4.90,0.00,2.00,0.00,499.00,0.0%,1200.00,0.00,HI,-50.00,-50.00
2026-09-28 07:41:24.006,DEMO_MODE,F1,500,1,0.10,-14.44,0.54,50.00,50.0,40.0,0.00,0.00,0.00,89.38,0.54,50.00,0.10,-14.44,6,63,6,63,50.0%,40.0%,250.000,0.000,0.00,-4.90,0.00,2.00,0.00,499.00,0.0%,1200.00,0.00,HI,-50.00,-50.00
2026-09-28 07:41:24.131,DEMO_MODE,F1,500,1,0.10,-14.44,0.54,50.00,50.0,40.0,0.00,0.00,0.00,89.38,0.54,50.00,0.10,-14.44,6,63,6,63,50.0%,40.0%,250.000,0.000,0.00,-4.90,0.00,2.00,0.00,499.00,0.0%,1200.00,0.00,HI,-50.00,-50.00
2026-09-28 07:41:24.253,DEMO_MODE,F1,500,1,0.10,-14.44,0.54,50.00,50.0,40.0,0.00,0.00,0.00,89.38,0.54,50.00,0.10,-14.44,6,63,6,63,50.0%,40.0%,250.000,0.000,0.00,-4.90,0.00,2.00,0.00,499.00,0.0%,1200.00,0.00,HI,-50.00,-50.00
2026-09-28 07:41:24.379,DEMO_MODE,F1,500,2,0.10,-14.44,0.54,50.00,50.0,40.0,0.00,0.00,0.00,89.38,0.54,50.00,0.10,-14.44,6,63,6,63,50.0%,40.0%,250.000,0.000,0.00,-4.90,0.00,1.99,0.00,498.00,0.0%,1200.00,0.00,HI,-50.00,-50.00
