timestamp,firmware,Fx,Pfwd,Pref,LoadR,Load X,Inp R,Inp X,C1 %,C2 %,V_Tune,V_NG,I_Tune,P_Tune,Rs,Xs,Rl,Xl,C1c,C1f,C2c,C2f,C1%,C2%,Vpp_Tune,Vpp_NG,Vcap,VBias,IBias,Iout,PhOut,Pout,Eff%,HVDC,DcBias,DcBias_RNG,Amb.Temp,PA.Temp
2026-09-28 08:14:12.746,DEMO_MODE,F1,0,0,0.10,-14.44,0.54,50.00,0.0,0.0,0.00,0.00,0.00,89.38,0.54,50.00,0.10,-14.44,6,63,6,63,0.0%,0.0%,0.000,0.000,0.00,-4.90,0.00,0.00,0.00,0.00,0.0%,1200.00,-50.00,HI,-50.00,-50.00
2026-09-28 08:14:12.867,DEMO_MODE,F1,0,0,0.10,-14.44,0.54,50.00,0.0,0.0,0.00,0.00,0.00,89.38,0.54,50.00,0.10,-14.44,6,63,6,63,0.0%,0.0%,0.000,0.000,0.00,-4.90,0.00,0.00,0.00,0.00,0.0%,1200.00,-50.00,HI,-50.00,-50.00
2026-09-28 08:14:12.988,DEMO_MODE,F1,0,0,0.10,-14.44,0.54,50.00,0.0,0.0,0.00,0.00,0.00,89.38,0.54,50.00,0.10,-14.44,6,63,6,63,0.0%,0.0%,0.000,0.000,0.00,-4.90,0.00,0.00,0.00,0.00,0.0%,1200.00,-50.00,HI,-50.00,-50.00
2026-09-28 08:14:13.109,DEMO_MODE,F1,0,0,0.10,-14.44,0.54,50.00,0.0,0.0,0.00,0.00,0.00,89.38,0.54,50.00,0.10,-14.44,6,63,6,63,0.0%,0.0%,0.000,0.000,0.00,-4.90,0.00,0.00,0.00,0.00,0.0%,1200.00,-50.00,HI,-50.00,-50.00
2026-09-28 08:14:13.229,DEMO_MODE,F1,0,0,0.10,-14.44,0.54,50.00,0.0,0.0,0.00,0.00,0.00,89.38,0.54,50.00,0.10,-14.44,6,63,6,63,0.0%,0.0%,0.000,0.000,0.00,-4.90,0.00,0.00,0.00,0.00,0.0%,1200.00,-50.00,HI,-50.00,-50.00
2026-09-28 08:14:13.350,DEMO_MODE,F1,0,0,0.10,-14.44,0.54,50.00,0.0,0.0,0.00,0.00,0.00,89.38,0.54,50.00,0.10,-14.44,6,63,6,63,0.0%,0.0%,0.000,0.000,0.00,-4.90,0.00,0.00,0.00,0.00,0.0%,1200.00,-50.00,HI,-50.00,-50.00
2026-09-28 08:14:13.470,DEMO_MODE,F1,0,0,0.10,-14.44,0.54,50.00,0.0,0.0,0.00,0.00,0.00,89.38,0.54,50.00,0.10,-14.44,6,63,6,63,0.0%,0.0%,0.000,0.000,0.00,-4.90,0.00,0.00,0.00,0.00,0.0%,1200.00,-50.00,HI,-50.00,-50.00
2026-09-28 08:14:13.591,DEMO_MODE,F1,0,0,0.10,-14.44,0.54,50.00,0.0,0.0,0.00,0.00,0.00,89.38,0.54,50.00,0.10,-14.44,6,63,6,63,0.0%,0.0%,0.000,0.000,0.00,-4.90,0.00,0.00,0.00,0.00,0.0%,1200.00,-50.00,HI,-50.00,-50.00
2026-09-28 08:14:13.712,DEMO_MODE,F1,0,0,0.10,-14.44,0.54,50.00,0.0,0.0,0.00,0.00,0.00,89.38,0.54,50.00,0.10,-14.44,6,63,6,63,0.0%,0.0%,0.000,0.000,0.00,-4.90,0.00,0.00,0.00,0.00,0.0%,1200.00,-50.00,HI,-50.00,-50.00
2026-09-28 08:14:13.833,DEMO_MODE,F1,0,0,0.10,-14.44,0.54,50.00,0.0,0.0,0.00,0.00,0.00,89.38,0.54,50.00,0.10,-14.44,6,63,6,63,0.0%,0.0%,0.000,0.000,0.00,-4.90,0.00,0.00,0.00,0.00,0.0%,1200.00,-50.00,HI,-50.00,-50.00
2026-09-28 08:14:13.954,DEMO_MODE,F1,0,0,0.10,-14.44,0.54,50.00,0.0,0.0,0.00,0.00,0.00,89.38,0.54,50.00,0.10,-14.44,6,63,6,63,0.0%,0.0%,0.000,0.000,0.00,-4.90,0.00,0.00,0.00,0.00,0.0%,1200.00,-50.00,HI,-50.00,-50.00
2026-09-28 08:14:14.074,DEMO_MODE,F1,0,0,0.10,-14.44,0.54,50.00,0.0,0.0,0.00,0.00,0.00,89.38,0.54,50.00,0.10,-14.44,6,63,6,63,0.0%,0.0%,0.000,0.000,0.00,-4.90,0.00,0.00,0.00,0.00,0.0%,1200.00,-50.00,HI,-50.00,-50.00
2026-09-28 08:14:14.195,DEMO_MODE,F1,0,0,0.10,-14.44,0.54,50.00,0.0,0.0,0.00,0.00,0.00,89.38,0.54,50.00,0.10,-14.44,6,63,6,63,0.0%,0.0%,0.000,0.000,0.00,-4.90,0.00,0.00,0.00,0.00,0.0%,1200.00,-50.00,HI,-50.00,-50.00
2026-09-28 08:14:14.316,DEMO_MODE,F1,0,0,0.10,-14.44,0.54,50.00,0.0,0.0,0.00,0.00,0.00,89.38,0.54,50.00,0.10,-14.44,6,63,6,63,0.0%,0.0%,0.000,0.000,0.00,-4.90,0.00,0.00,0.00,0.00,0.0%,1200.00,-50.00,HI,-50.00,-50.00
2026-09-28 08:14:14.437,DEMO_MODE,F1,0,0,0.10,-14.44,0.54,50.00,0.0,0.0,0.00,0.00,0.00,89.38,0.54,50.00,0.10,-14.44,6,63,6,63,0.0%,0.0%,0.000,0.000,0.00,-4.90,0.00,0.00,0.00,0.00,0.0%,1200.00,-50.00,HI,-50.00,-50.00
2026-09-28 08:14:14.557,DEMO_MODE,F1,0,0,0.10,-14.44,0.54,50.00,0.0,0.0,0.00,0.00,0.00,89.38,0.54,50.00,0.10,-14.44,6,63,6,63,0.0%,0.0%,0.000,0.000,0.00,-4.90,0.00,0.00,0.00,0.00,0.0%,1200.00,-50.00,HI,-50.00,-50.00
2026-09-28 08:14:14.678,DEMO_MODE,F1,0,0,0.10,-14.44,0.54,50.00,0.0,0.0,0.00,0.00,0.00,89.38,0.54,50.00,0.10,-14.44,6,63,6,63,0.0%,0.0%,0.000,0.000,0.00,-4.90,0.00,0.00,0.00,0.00,0.0%,1200.00,-50.00,HI,-50.00,-50.00
2026-09-28 08:14:14.798,DEMO_MODE,F1,0,0,0.10,-14.44,0.54,50.00,0.0,0.0,0.00,0.00,0.00,89.38,0.54,50.00,0.10,-14.44,6,63,6,63,0.0%,0.0%,0.000,0.000,0.00,-4.90,0.00,0.00,0.00,0.00,0.0%,1200.00,-50.00,HI,-50.00,-50.00
2026-09-28 08:14:14.919,DEMO_MODE,F1,0,0,0.10,-14.44,0.54,50.00,0.0,0.0,0.00,0.00,0.00,89.38,0.54,50.00,0.10,-14.44,6,63,6,63,0.0%,0.0%,0.000,0.000,0.00,-4.90,0.00,0.00,0.00,0.00,0.0%,1200.00,-50.00,HI,-50.00,-50.00
2026-09-28 08:14:15.040,DEMO_MODE,F1,0,0,0.10,-14.44,0.54,50.00,0.0,0.0,0.00,0.00,0.00,89.38,0.54,50.00,0.10,-14.44,6,63,6,63,0.0%,0.0%,0.000,0.000,0.00,-4.90,0.00,0.00,0.00,0.00,0.0%,1200.00,-50.00,HI,-50.00,-50.00
2026-09-28 08:14:15.160,DEMO_MODE,F1,0,0,0.10,-14.44,0.54,50.00,0.0,0.0,0.00,0.00,0.00,89.38,0.54,50.00,0.10,-14.44,6,63,6,63,0.0%,0.0%,0.000,0.000,0.00,-4.90,0.00,0.00,0.00,0.00,0.0%,1200.00,-50.00,HI,-50.00,-50.00
2026-09-28 08:14:15.281,DEMO_MODE,F1,0,0,0.10,-14.44,0.54,50.00,0.0,0.0,0.00,0.00,0.00,89.38,0.54,50.00,0.10,-14.44,6,63,6,63,0.0%,0.0%,0.000,0.000,0.00,-4.90,0.00,0.00,0.00,0.00,0.0%,1200.00,-50.00,HI,-50.00,-50.00
2026-09-28 08:14:15.401,DEMO_MODE,F1,0,0,0.10,-14.44,0.54,50.00,0.0,0.0,0.00,0.00,0.00,89.38,0.54,50.00,0.10,-14.44,6,63,6,63,0.0%,0.0%,0.000,0.000,0.00,-4.90,0.00,0.00,0.00,0.00,0.0%,1200.00,-50.00,HI,-50.00,-50.00
2026-09-28 08:14:15.522,DEMO_MODE,F1,0,0,0.10,-14.44,0.54,50.00,0.0,0.0,0.00,0.00,0.00,89.38,0.54,50.00,0.10,-14.44,6,63,6,63,0.0%,0.0%,0.000,0.000,0.00,-4.90,0.00,0.00,0.00,0.00,0.0%,1200.00,-50.00,HI,-50.00,-50.00
2026-09-28 08:14:15.642,DEMO_MODE,F1,0,0,0.10,-14.44,0.54,50.00,0.0,0.0,0.00,0.00,0.00,89.38,0.54,50.00,0.10,-14.44,6,63,6,63,0.0%,0.0%,0.000,0.000,0.00,-4.90,0.00,0.00,0.00,0.00,0.0%,1200.00,-50.00,HI,-50.00,-50.00
2026-09-28 08:14:15.763,DEMO_MODE,F1,0,0,0.10,-14.44,0.54,50.00,0.0,0.0,0.00,0.00,0.00,89.38,0.54,50.00,0.10,-14.44,6,63,6,63,0.0%,0.0%,0.000,0.000,0.00,-4.90,0.00,0.00,0.00,0.00,0.0%,1200.00,-50.00,HI,-50.00,-50.00
2026-09-28 08:14:15.884,DEMO_MODE,F1,0,0,0.10,-14.44,0.54,50.00,0.0,0.0,0.00,0.00,0.00,89.38,0.54,50.00,0.10,-14.44,6,63,6,63,0.0%,0.0%,0.000,0.000,0.00,-4.90,0.00,0.00,0.00,0.00,0.0%,1200.00,-50.00,HI,-50.00,-50.00
2026-09-28 08:14:16.004,DEMO_MODE,F1,0,0,0.10,-14.44,0.54,50.00,0.0,0.0,0.00,0.00,0.00,89.38,0.54,50.00,0.10,-14.44,6,63,6,63,0.0%,0.0%,0.000,0.000,0.00,-4.90,0.00,0.00,0.00,0.00,0.0%,1200.00,-50.00,HI,-50.00,-50.00
2026-09-28 08:14:16.125,DEMO_MODE,F1,0,0,0.10,-14.44,0.54,50.00,0.0,0.0,0.00,0.00,0.00,89.38,0.54,50.00,0.10,-14.44,6,63,6,63,0.0%,0.0%,0.000,0.000,0.00,-4.90,0.00,0.00,0.00,0.00,0.0%,1200.00,-50.00,HI,-50.00,-50.00
2026-09-28 08:14:16.245,DEMO_MODE,F1,0,0,0.10,-14.44,0.54,50.00,0.0,0.0,0.00,0.00,0.00,89.38,0.54,50.00,0.10,-14.44,6,63,6,63,0.0%,0.0%,0.000,0.000,0.00,-4.90,0.00,0.00,0.00,0.00,0.0%,1200.00,-50.00,HI,-50.00,-50.00
2026-09-28 08:14:16.366,DEMO_MODE,F1,0,0,0.10,-14.44,0.54,50.00,0.0,0.0,0.00,0.00,0.00,89.38,0.54,50.00,0.10,-14.44,6,63,6,63,0.0%,0.0%,0.000,0.000,0.00,-4.90,0.00,0.00,0.00,0.00,0.0%,1200.00,-50.00,HI,-50.00,-50.00
2026-09-28 08:14:16.487,DEMO_MODE,F1,0,0,0.10,-14.44,0.54,50.00,0.0,0.0,0.00,0.00,0.00,89.38,0.54,50.00,0.10,-14.44,6,63,6,63,0.0%,0.0%,0.000,0.000,0.00,-4.90,0.00,0.00,0.00,0.00,0.0%,1200.00,-50.00,HI,-50.00,-50.00
2026-09-28 08:14:16.607,DEMO_MODE,F1,0,0,0.10,-14.44,0.54,50.00,0.0,0.0,0.00,0.00,0.00,89.38,0.54,50.00,0.10,-14.44,6,63,6,63,0.0%,0.0%,0.000,0.000,0.00,-4.90,0.00,0.00,0.00,0.00,0.0%,1200.00,-50.00,HI,-50.00,-50.00
2026-09-28 08:14:16.728,DEMO_MODE,F1,0,0,0.10,-14.44,0.54,50.00,0.0,0.0,0.00,0.00,0.00,89.38,0.54,50.00,0.10,-14.44,6,63,6,63,0.0%,0.0%,0.000,0.000,0.00,-4.90,0.00,0.00,0.00,0.00,0.0%,1200.00,-50.00,HI,-50.00,-50.00
2026-09-28 08:14:16.849,DEMO_MODE,F1,0,0,0.10,-14.44,0.54,50.00,0.0,0.0,0.00,0.00,0.00,89.38,0.54,50.00,0.10,-14.44,6,63,6,63,0.0%,0.0%,0.000,0.000,0.00,-4.90,0.00,0.00,0.00,0.00,0.0%,1200.00,-50.00,HI,-50.00,-50.00
2026-09-28 08:14:16.969,DEMO_MODE,F1,0,0,0.10,-14.44,0.54,50.00,0.0,0.0,0.00,0.00,0.00,89.38,0.54,50.00,0.10,-14.44,6,63,6,63,0.0%,0.0%,0.000,0.000,0.00,-4.90,0.00,0.00,0.00,0.00,0.0%,1200.00,-50.00,HI,-50.00,-50.00
2026-09-28 08:14:17.090,DEMO_MODE,F1,0,0,0.10,-14.44,0.54,50.00,0.0,0.0,0.00,0.00,0.00,89.38,0.54,50.00,0.10,-14.44,6,63,6,63,0.0%,0.0%,0.000,0.000,0.00,-4.90,0.00,0.00,0.00,0.00,0.0%,1200.00,-50.00,HI,-50.00,-50.00
2026-09-28 08:14:17.211,DEMO_MODE,F1,0,0,0.10,-14.44,0.54,50.00,0.0,0.0,0.00,0.00,0.00,89.38,0.54,50.00,0.10,-14.44,6,63,6,63,0.0%,0.0%,0.000,0.000,0.00,-4.90,0.00,0.00,0.00,0.00,0.0%,1200.00,-50.00,HI,-50.00,-50.00
2026-09-28 08:14:17.332,DEMO_MODE,F1,0,0,0.10,-14.44,0.54,50.00,0.0,0.0,0.00,0.00,0.00,89.38,0.54,50.00,0.10,-14.44,6,63,6,63,0.0%,0.0%,0.000,0.000,0.00,-4.90,0.00,0.00,0.00,0.00,0.0%,1200.00,-50.00,HI,-50.00,-50.00
2026-09-28 08:14:17.453,DEMO_MODE,F1,0,0,0.10,-14.44,0.54,50.00,0.0,0.0,0.00,0.00,0.00,89.38,0.54,50.00,0.10,-14.44,6,63,6,63,0.0%,0.0%,0.000,0.000,0.00,-4.90,0.00,0.00,0.00,0.00,0.0%,1200.00,-50.00,HI,-50.00,-50.00
2026-09-28 08:14:17.573,DEMO_MODE,F1,0,0,0.10,-14.44,0.54,50.00,0.0,0.0,0.00,0.00,0.00,89.38,0.54,50.00,0.10,-14.44,6,63,6,63,0.0%,0.0%,0.000,0.000,0.00,-4.90,0.00,0.00,0.00,0.00,0.0%,1200.00,-50.00,HI,-50.00,-50.00
2026-09-28 08:14:17.693,DEMO_MODE,F1,0,0,0.10,-14.44,0.54,50.00,0.0,0.0,0.00,0.00,0.00,89.38,0.54,50.00,0.10,-14.44,6,63,6,63,0.0%,0.0%,0.000,0.000,0.00,-4.90,0.00,0.00,0.00,0.00,0.0%,1200.00,-50.00,HI,-50.00,-50.00
2026-09-28 08:14:17.814,DEMO_MODE,F1,0,0,0.10,-14.44,0.54,50.00,0.0,4.0,0.00,0.00,0.00,89.38,0.54,50.00,0.10,-14.44,6,63,6,63,0.0%,4.0%,0.000,0.000,0.00,-4.90,0.00,0.00,0.00,0.00,0.0%,1200.00,-50.00,HI,-50.00,-50.00
2026-09-28 08:14:17.934,DEMO_MODE,F1,0,0,0.10,-14.44,0.54,50.00,0.0,4.0,0.00,0.00,0.00,89.38,0.54,50.00,0.10,-14.44,6,63,6,63,0.0%,4.0%,0.000,0.000,0.00,-4.90,0.00,0.00,0.00,0.00,0.0%,1200.00,-50.00,HI,-50.00,-50.00
2026-09-28 08:14:18.055,DEMO_MODE,F1,0,0,0.10,-14.44,0.54,50.00,0.0,4.0,0.00,0.00,0.00,89.38,0.54,50.00,0.10,-14.44,6,63,6,63,0.0%,4.0%,0.000,0.000,0.00,-4.90,0.00,0.00,0.00,0.00,0.0%,1200.00,-50.00,HI,-50.00,-50.00
2026-09-28 08:14:18.176,DEMO_MODE,F1,0,0,0.10,-14.44,0.54,50.00,0.0,4.0,0.00,0.00,0.00,89.38,0.54,50.00,0.10,-14.44,6,63,6,63,0.0%,4.0%,0.000,0.000,0.00,-4.90,0.00,0.00,0.00,0.00,0.0%,1200.00,-50.00,HI,-50.00,-50.00
2026-09-28 08:14:18.297,DEMO_MODE,F1,0,0,0.10,-14.44,0.54,50.00,0.0,4.0,0.00,0.00,0.00,89.38,0.54,50.00,0.10,-14.44,6,63,6,63,0.0%,4.0%,0.000,0.000,0.00,-4.90,0.00,0.00,0.00,0.00,0.0%,1200.00,-50.00,HI,-50.00,-50.00
2026-09-28 08:14:18.418,DEMO_MODE,F1,0,0,0.10,-14.44,0.54,50.00,0.0,4.0,0.00,0.00,0.00,89.38,0.54,50.00,0.10,-14.44,6,63,6,63,0.0%,4.0%,0.000,0.000,0.00,-4.90,0.00,0.00,0.00,0.00,0.0%,1200.00,-50.00,HI,-50.00,-50.00
2026-09-28 08:14:18.538,DEMO_MODE,F1,0,0,0.10,-14.44,0.54,50.00,0.0,4.0,0.00,0.00,0.00,89.38,0.54,50.00,0.10,-14.44,6,63,6,63,0.0%,4.0%,0.000,0.000,0.00,-4.90,0.00,0.00,0.00,0.00,0.0%,1200.00,-50.00,HI,-50.00,-50.00
2026-09-28 08:14:18.659,DEMO_MODE,F1,0,0,0.10,-14.44,0.54,50.00,0.0,4.0,0.00,0.00,0.00,89.38,0.54,50.00,0.10,-14.44,6,63,6,63,0.0%,4.0%,0.000,0.000,0.00,-4.90,0.00,0.00,0.00,0.00,0.0%,1200.00,-50.00,HI,-50.00,-50.00
2026-09-28 08:14:18.780,DEMO_MODE,F1,0,0,0.10,-14.44,0.54,50.00,0.0,4.0,0.00,0.00,0.00,89.38,0.54,50.00,0.10,-14.44,6,63,6,63,0.0%,4.0%,0.000,0.000,0.00,-4.90,0.00,0.00,0.00,0.00,0.0%,1200.00,-50.00,HI,-50.00,-50.00
2026-09-28 08:14:18.900,DEMO_MODE,F1,0,0,0.10,-14.44,0.54,50.00,0.0,4.0,0.00,0.00,0.00,89.38,0.54,50.00,0.10,-14.44,6,63,6,63,0.0%,4.0%,0.000,0.000,0.00,-4.90,0.00,0.00,0.00,0.00,0.0%,1200.00,-50.00,HI,-50.00,-50.00
2026-09-28 08:14:19.020,DEMO_MODE,F1,0,0,0.10,-14.44,0.54,50.00,0.0,4.0,0.00,0.00,0.00,89.38,0.54,50.00,0.10,-14.44,6,63,6,63,0.0%,4.0%,0.000,0.000,0.00,-4.90,0.00,0.00,0.00,0.00,0.0%,1200.00,-50.00,HI,-50.00,-50.00
2026-09-28 08:14:19.141,DEMO_MODE,F1,0,0,0.10,-14.44,0.54,50.00,0.0,4.0,0.00,0.00,0.00,89.38,0.54,50.00,0.10,-14.44,6,63,6,63,0.0%,4.0%,0.000,0.000,0.00,-4.90,0.00,0.00,0.00,0.00,0.0%,1200.00,-50.00,HI,-50.00,-50.00
2026-09-28 08:14:19.262,DEMO_MODE,F1,0,0,0.10,-14.44,0.54,50.00,0.0,4.0,0.00,0.00,0.00,89.38,0.54,50.00,0.10,-14.44,6,63,6,63,0.0%,4.0%,0.000,0.000,0.00,-4.90,0.00,0.00,0.00,0.00,0.0%,1200.00,-50.00,HI,-50.00,-50.00
2026-09-28 08:14:19.383,DEMO_MODE,F1,0,0,0.10,-14.44,0.54,50.00,0.0,4.0,0.00,0.00,0.00,89.38,0.54,50.00,0.10,-14.44,6,63,6,63,0.0%,4.0%,0.000,0.000,0.00,-4.90,0.00,0.00,0.00,0.00,0.0%,1200.00,-50.00,HI,-50.00,-50.00
2026-09-28 08:14:19.504,DEMO_MODE,F1,0,0,0.10,-14.44,0.54,50.00,0.0,4.0,0.00,0.00,0.00,89.38,0.54,50.00,0.10,-14.44,6,63,6,63,0.0%,4.0%,0.000,0.000,0.00,-4.90,0.00,0.00,0.00,0.00,0.0%,1200.00,-50.00,HI,-50.00,-50.00
2026-09-28 08:14:19.624,DEMO_MODE,F1,0,0,0.10,-14.44,0.54,50.00,0.0,4.0,0.00,0.00,0.00,89.38,0.54,50.00,0.10,-14.44,6,63,6,63,0.0%,4.0%,0.000,0.000,0.00,-4.90,0.00,0.00,0.00,0.00,0.0%,1200.00,-50.00,HI,-50.00,-50.00
2026-09-28 08:14:19.745,DEMO_MODE,F1,0,0,0.10,-14.44,0.54,50.00,0.0,4.0,0.00,0.00,0.00,89.38,0.54,50.00,0.10,-14.44,6,63,6,63,0.0%,4.0%,0.000,0.000,0.00,-4.90,0.00,0.00,0.00,0.00,0.0%,1200.00,-50.00,HI,-50.00,-50.00
2026-09-28 08:14:19.866,DEMO_MODE,F1,0,0,0.10,-14.44,0.54,50.00,0.0,4.0,0.00,0.00,0.00,89.38,0.54,50.00,0.10,-14.44,6,63,6,63,0.0%,4.0%,0.000,0.000,0.00,-4.90,0.00,0.00,0.00,0.00,0.0%,1200.00,-50.00,HI,-50.00,-50.00
2026-09-28 08:14:19.987,DEMO_MODE,F1,0,0,0.10,-14.44,0.54,50.00,0.0,4.0,0.00,0.00,0.00,89.38,0.54,50.00,0.10,-14.44,6,63,6,63,0.0%,4.0%,0.000,0.000,0.00,-4.90,0.00,0.00,0.00,0.00,0.0%,1200.00,-50.00,HI,-50.00,-50.00
2026-09-28 08:14:20.108,DEMO_MODE,F1,0,0,0.10,-14.44,0.54,50.00,0.0,4.0,0.00,0.00,0.00,89.38,0.54,50.00,0.10,-14.44,6,63,6,63,0.0%,4.0%,0.000,0.000,0.00,-4.90,0.00,0.00,0.00,0.00,0.0%,1200.00,-50.00,HI,-50.00,-50.00
2026-09-28 08:14:20.229,DEMO_MODE,F1,0,0,0.10,-14.44,0.54,50.00,0.0,4.0,0.00,0.00,0.00,89.38,0.54,50.00,0.10,-14.44,6,63,6,63,0.0%,4.0%,0.000,0.000,0.00,-4.90,0.00,0.00,0.00,0.00,0.0%,1200.00,-50.00,HI,-50.00,-50.00
2026-09-28 08:14:20.349,DEMO_MODE,F1,0,0,0.10,-14.44,0.54,50.00,0.0,4.0,0.00,0.00,0.00,89.38,0.54,50.00,0.10,-14.44,6,63,6,63,0.0%,4.0%,0.000,0.000,0.00,-4.90,0.00,0.00,0.00,0.00,0.0%,1200.00,-50.00,HI,-50.00,-50.00
2026-09-28 08:14:20.470,DEMO_MODE,F1,0,0,0.10,-14.44,0.54,50.00,0.0,4.0,0.00,0.00,0.00,89.38,0.54,50.00,0.10,-14.44,6,63,6,63,0.0%,4.0%,0.000,0.000,0.00,-4.90,0.00,0.00,0.00,0.00,0.0%,1200.00,-50.00,HI,-50.00,-50.00
2026-09-28 08:14:20.590,DEMO_MODE,F1,0,0,0.10,-14.44,0.54,50.00,0.0,4.0,0.00,0.00,0.00,89.38,0.54,50.00,0.10,-14.44,6,63,6,63,0.0%,4.0%,0.000,0.000,0.00,-4.90,0.00,0.00,0.00,0.00,0.0%,1200.00,-50.00,HI,-50.00,-50.00
2026-09-28 08:14:20.711,DEMO_MODE,F1,0,0,0.10,-14.44,0.54,50.00,0.0,4.0,0.00,0.00,0.00,89.38,0.54,50.00,0.10,-14.44,6,63,6,63,0.0%,4.0%,0.000,0.000,0.00,-4.90,0.00,0.00,0.00,0.00,0.0%,1200.00,-50.00,HI,-50.00,-50.00
2026-09-28 08:14:20.832,DEMO_MODE,F1,0,0,0.10,-14.44,0.54,50.00,0.0,4.0,0.00,0.00,0.00,89.38,0.54,50.00,0.10,-14.44,6,63,6,63,0.0%,4.0%,0.000,0.000,0.00,-4.90,0.00,0.00,0.00,0.00,0.0%,1200.00,-50.00,HI,-50.00,-50.00
2026-09-28 08:14:20.953,DEMO_MODE,F1,0,0,0.10,-14.44,0.54,50.00,0.0,4.0,0.00,0.00,0.00,89.38,0.54,50.00,0.10,-14.44,6,63,6,63,0.0%,4.0%,0.000,0.000,0.00,-4.90,0.00,0.00,0.00,0.00,0.0%,1200.00,-50.00,HI,-50.00,-50.00
2026-09-28 08:14:21.074,DEMO_MODE,F1,0,0,0.10,-14.44,0.54,50.00,0.0,4.0,0.00,0.00,0.00,89.38,0.54,50.00,0.10,-14.44,6,63,6,63,0.0%,4.0%,0.000,0.000,0.00,-4.90,0.00,0.00,0.00,0.00,0.0%,1200.00,-50.00,HI,-50.00,-50.00
2026-09-28 08:14:21.195,DEMO_MODE,F1,0,0,0.10,-14.44,0.54,50.00,0.0,4.0,0.00,0.00,0.00,89.38,0.54,50.00,0.10,-14.44,6,63,6,63,0.0%,4.0%,0.000,0.000,0.00,-4.90,0.00,0.00,0.00,0.00,0.0%,1200.00,-50.00,HI,-50.00,-50.00
2026-09-28 08:14:21.316,DEMO_MODE,F1,0,0,0.10,-14.44,0.54,50.00,0.0,4.0,0.00,0.00,0.00,89.38,0.54,50.00,0.10,-14.44,6,63,6,63,0.0%,4.0%,0.000,0.000,0.00,-4.90,0.00,0.00,0.00,0.00,0.0%,1200.00,-50.00,HI,-50.00,-50.00
2026-09-28 08:14:21.436,DEMO_MODE,F1,0,0,0.10,-14.44,0.54,50.00,0.0,4.0,0.00,0.00,0.00,89.38,0.54,50.00,0.10,-14.44,6,63,6,63,0.0%,4.0%,0.000,0.000,0.00,-4.90,0.00,0.00,0.00,0.00,0.0%,1200.00,-50.00,HI,-50.00,-50.00
2026-09-28 08:14:21.557,DEMO_MODE,F1,0,0,0.10,-14.44,0.54,50.00,0.0,4.0,0.00,0.00,0.00,89.38,0.54,50.00,0.10,-14.44,6,63,6,63,0.0%,4.0%,0.000,0.000,0.00,-4.90,0.00,0.00,0.00,0.00,0.0%,1200.00,-50.00,HI,-50.00,-50.00
2026-09-28 08:14:21.678,DEMO_MODE,F1,0,0,0.10,-14.44,0.54,50.00,0.0,4.0,0.00,0.00,0.00,89.38,0.54,50.00,0.10,-14.44,6,63,6,63,0.0%,4.0%,0.000,0.000,0.00,-4.90,0.00,0.00,0.00,0.00,0.0%,1200.00,-50.00,HI,-50.00,-50.00
2026-09-28 08:14:21.799,DEMO_MODE,F1,0,1,0.10,-14.44,0.54,50.00,0.0,4.0,0.00,0.00,0.00,89.38,0.54,50.00,0.10,-14.44,6,63,6,63,0.0%,4.0%,0.000,0.000,0.00,-4.90,0.00,0.00,0.00,0.00,0.0%,1200.00,-50.00,HI,-50.00,-50.00
2026-09-28 08:14:21.920,DEMO_MODE,F1,0,1,0.10,-14.44,0.54,50.00,0.0,4.0,0.00,0.00,0.00,89.38,0.54,50.00,0.10,-14.44,6,63,6,63,0.0%,4.0%,0.000,0.000,0.00,-4.90,0.00,0.00,0.00,0.00,0.0%,1200.00,-50.00,HI,-50.00,-50.00
2026-09-28 08:14:22.040,DEMO_MODE,F1,0,1,0.10,-14.44,0.54,50.00,0.0,4.0,0.00,0.00,0.00,89.38,0.54,50.00,0.10,-14.44,6,63,6,63,0.0%,4.0%,0.000,0.000,0.00,-4.90,0.00,0.00,0.00,0.00,0.0%,1200.00,-50.00,HI,-50.00,-50.00
2026-09-28 08:14:22.161,DEMO_MODE,F1,0,1,0.10,-14.44,0.54,50.00,0.0,4.0,0.00,0.00,0.00,89.38,0.54,50.00,0.10,-14.44,6,63,6,63,0.0%,4.0%,0.000,0.000,0.00,-4.90,0.00,0.00,0.00,0.00,0.0%,1200.00,-50.00,HI,-50.00,-50.00
2026-09-28 08:14:22.282,DEMO_MODE,F1,0,1,0.10,-14.44,0.54,50.00,0.0,4.0,0.00,0.00,0.00,89.38,0.54,50.00,0.10,-14.44,6,63,6,63,0.0%,4.0%,0.000,0.000,0.00,-4.90,0.00,0.00,0.00,0.00,0.0%,1200.00,-50.00,HI,-50.00,-50.00
2026-09-28 08:14:22.402,DEMO_MODE,F1,0,1,0.10,-14.44,0.54,50.00,0.0,4.0,0.00,0.00,0.00,89.38,0.54,50.00,0.10,-14.44,6,63,6,63,0.0%,4.0%,0.000,0.000,0.00,-4.90,0.00,0.00,0.00,0.00,0.0%,1200.00,-50.00,HI,-50.00,-50.00
2026-09-28 08:14:22.522,DEMO_MODE,F1,0,1,0.10,-14.44,0.54,50.00,0.0,4.0,0.00,0.00,0.00,89.38,0.54,50.00,0.10,-14.44,6,63,6,63,0.0%,4.0%,0.000,0.000,0.00,-4.90,0.00,0.00,0.00,0.00,0.0%,1200.00,-50.00,HI,-50.00,-50.00
2026-09-28 08:14:22.643,DEMO_MODE,F1,0,1,0.10,-14.44,0.54,50.00,0.0,4.0,0.00,0.00,0.00,89.38,0.54,50.00,0.10,-14.44,6,63,6,63,0.0%,4.0%,0.000,0.000,0.00,-4.90,0.00,0.00,0.00,0.00,0.0%,1200.00,-50.00,HI,-50.00,-50.00
2026-09-28 08:14:22.763,DEMO_MODE,F1,0,1,0.10,-14.44,0.54,50.00,0.0,4.0,0.00,0.00,0.00,89.38,0.54,50.00,0.10,-14.44,6,63,6,63,0.0%,4.0%,0.000,0.000,0.00,-4.90,0.00,0.00,0.00,0.00,0.0%,1200.00,-50.00,HI,-50.00,-50.00
2026-09-28 08:14:22.884,DEMO_MODE,F1,100,1,0.10,-14.44,0.54,50.00,10.0,8.0,0.00,0.00,0.00,89.38,0.54,50.00,0.10,-14.44,6,63,6,63,10.0%,8.0%,50.000,0.000,0.00,-4.90,0.00,1.98,0.00,99.00,0.0%,1200.00,-40.00,HI,-50.00,-50.00
2026-09-28 08:14:23.011,DEMO_MODE,F1,100,1,0.10,-14.44,0.54,50.00,10.0,8.0,0.00,0.00,0.00,89.38,0.54,50.00,0.10,-14.44,6,63,6,63,10.0%,8.0%,50.000,0.000,0.00,-4.90,0.00,1.98,0.00,99.00,0.0%,1200.00,-40.00,HI,-50.00,-50.00
2026-09-28 08:14:23.132,DEMO_MODE,F1,100,1,0.10,-14.44,0.54,50.00,10.0,8.0,0.00,0.00,0.00,89.38,0.54,50.00,0.10,-14.44,6,63,6,63,10.0%,8.0%,50.000,0.000,0.00,-4.90,0.00,1.98,0.00,99.00,0.0%,1200.00,-40.00,HI,-50.00,-50.00
2026-09-28 08:14:23.253,DEMO_MODE,F1,100,1,0.10,-14.44,0.54,50.00,10.0,8.0,0.00,0.00,0.00,89.38,0.54,50.00,0.10,-14.44,6,63,6,63,10.0%,8.0%,50.000,0.000,0.00,-4.90,0.00,1.98,0.00,99.00,0.0%,1200.00,-40.00,HI,-50.00,-50.00
2026-09-28 08:14:23.373,DEMO_MODE,F1,100,1,0.10,-14.44,0.54,50.00,10.0,8.0,0.00,0.00,0.00,89.38,0.54,50.00,0.10,-14.44,6,63,6,63,10.0%,8.0%,50.000,0.000,0.00,-4.90,0.00,1.98,0.00,99.00,0.0%,1200.00,-40.00,HI,-50.00,-50.00
2026-09-28 08:14:23.494,DEMO_MODE,F1,100,1,0.10,-14.44,0.54,50.00,10.0,8.0,0.00,0.00,0.00,89.38,0.54,50.00,0.10,-14.44,6,63,6,63,10.0%,8.0%,50.000,0.000,0.00,-4.90,0.00,1.98,0.00,99.00,0.0%,1200.00,-40.00,HI,-50.00,-50.00
2026-09-28 08:14:23.615,DEMO_MODE,F1,100,1,0.10,-14.44,0.54,50.00,10.0,8.0,0.00,0.00,0.00,89.38,0.54,50.00,0.10,-14.44,6,63,6,63,10.0%,8.0%,50.000,0.000,0.00,-4.90,0.00,1.98,0.00,99.00,0.0%,1200.00,-40.00,HI,-50.00,-50.00
2026-09-28 08:14:23.736,DEMO_MODE,F1,100,1,0.10,-14.44,0.54,50.00,10.0,8.0,0.00,0.00,0.00,89.38,0.54,50.00,0.10,-14.44,6,63,6,63,10.0%,8.0%,50.000,0.000,0.00,-4.90,0.00,1.98,0.00,99.00,0.0%,1200.00,-40.00,HI,-50.00,-50.00
2026-09-28 08:14:23.857,DEMO_MODE,F1,100,1,0.10,-14.44,0.54,50.00,10.0,8.0,0.00,0.00,0.00,89.38,0.54,50.00,0.10,-14.44,6,63,6,63,10.0%,8.0%,50.000,0.000,0.00,-4.90,0.00,1.98,0.00,99.00,0.0%,1200.00,-40.00,HI,-50.00,-50.00
2026-09-28 08:14:23.977,DEMO_MODE,F1,100,1,0.10,-14.44,0.54,50.00,10.0,8.0,0.00,0.00,0.00,89.38,0.54,50.00,0.10,-14.44,6,63,6,63,10.0%,8.0%,50.000,0.000,0.00,-4.90,0.00,1.98,0.00,99.00,0.0%,1200.00,-40.00,HI,-50.00,-50.00
2026-09-28 08:14:24.097,DEMO_MODE,F1,100,1,0.10,-14.44,0.54,50.00,10.0,8.0,0.00,0.00,0.00,89.38,0.54,50.00,0.10,-14.44,6,63,6,63,10.0%,8.0%,50.000,0.000,0.00,-4.90,0.00,1.98,0.00,99.00,0.0%,1200.00,-40.00,HI,-50.00,-50.00
2026-09-28 08:14:24.218,DEMO_MODE,F1,100,1,0.10,-14.44,0.54,50.00,10.0,8.0,0.00,0.00,0.00,89.38,0.54,50.00,0.10,-14.44,6,63,6,63,10.0%,8.0%,50.000,0.000,0.00,-4.90,0.00,1.98,0.00,99.00,0.0%,1200.00,-40.00,HI,-50.00,-50.00
2026-09-28 08:14:24.338,DEMO_MODE,F1,100,1,0.10,-14.44,0.54,50.00,10.0,8.0,0.00,0.00,0.00,89.38,0.54,50.00,0.10,-14.44,6,63,6,63,10.0%,8.0%,50.000,0.000,0.00,-4.90,0.00,1.98,0.00,99.00,0.0%,1200.00,-40.00,HI,-50.00,-50.00
2026-09-28 08:14:24.459,DEMO_MODE,F1,100,1,0.10,-14.44,0.54,50.00,10.0,8.0,0.00,0.00,0.00,89.38,0.54,50.00,0.10,-14.44,6,63,6,63,10.0%,8.0%,50.000,0.000,0.00,-4.90,0.00,1.98,0.00,99.00,0.0%,1200.00,-40.00,HI,-50.00,-50.00
2026-09-28 08:14:24.579,DEMO_MODE,F1,100,1,0.10,-14.44,0.54,50.00,10.0,8.0,0.00,0.00,0.00,89.38,0.54,50.00,0.10,-14.44,6,63,6,63,10.0%,8.0%,50.000,0.000,0.00,-4.90,0.00,1.98,0.00,99.00,0.0%,1200.00,-40.00,HI,-50.00,-50.00
2026-09-28 08:14:24.700,DEMO_MODE,F1,100,1,0.10,-14.44,0.54,50.00,10.0,8.0,0.00,0.00,0.00,89.38,0.54,50.00,0.10,-14.44,6,63,6,63,10.0%,8.0%,50.000,0.000,0.00,-4.90,0.00,1.98,0.00,99.00,0.0%,1200.00,-40.00,HI,-50.00,-50.00
2026-09-28 08:14:24.821,DEMO_MODE,F1,100,1,0.10,-14.44,0.54,50.00,10.0,8.0,0.00,0.00,0.00,89.38,0.54,50.00,0.10,-14.44,6,63,6,63,10.0%,8.0%,50.000,0.000,0.00,-4.90,0.00,1.98,0.00,99.00,0.0%,1200.00,-40.00,HI,-50.00,-50.00
2026-09-28 08:14:24.941,DEMO_MODE,F1,100,1,0.10,-14.44,0.54,50.00,10.0,8.0,0.00,0.00,0.00,89.38,0.54,50.00,0.10,-14.44,6,63,6,63,10.0%,8.0%,50.000,0.000,0.00,-4.90,0.00,1.98,0.00,99.00,0.0%,1200.00,-40.00,HI,-50.00,-50.00
2026-09-28 08:14:25.062,DEMO_MODE,F1,100,1,0.10,-14.44,0.54,50.00,10.0,8.0,0.00,0.00,0.00,89.38,0.54,50.00,0.10,-14.44,6,63,6,63,10.0%,8.0%,50.000,0.000,0.00,-4.90,0.00,1.98,0.00,99.00,0.0%,1200.00,-40.00,HI,-50.00,-50.00
2026-09-28 08:14:25.183,DEMO_MODE,F1,100,1,0.10,-14.44,0.54,50.00,10.0,8.0,0.00,0.00,0.00,89.38,0.54,50.00,0.10,-14.44,6,63,6,63,10.0%,8.0%,50.000,0.000,0.00,-4.90,0.00,1.98,0.00,99.00,0.0%,1200.00,-40.00,HI,-50.00,-50.00
2026-09-28 08:14:25.304,DEMO_MODE,F1,100,1,0.10,-14.44,0.54,50.00,10.0,8.0,0.00,0.00,0.00,89.38,0.54,50.00,0.10,-14.44,6,63,6,63,10.0%,8.0%,50.000,0.000,0.00,-4.90,0.00,1.98,0.00,99.00,0.0%,1200.00,-40.00,HI,-50.00,-50.00
2026-09-28 08:14:25.425,DEMO_MODE,F1,100,1,0.10,-14.44,0.54,50.00,10.0,8.0,0.00,0.00,0.00,89.38,0.54,50.00,0.10,-14.44,6,63,6,63,10.0%,8.0%,50.000,0.000,0.00,-4.90,0.00,1.98,0.00,99.00,0.0%,1200.00,-40.00,HI,-50.00,-50.00
2026-09-28 08:14:25.547,DEMO_MODE,F1,100,1,0.10,-14.44,0.54,50.00,10.0,8.0,0.00,0.00,0.00,89.38,0.54,50.00,0.10,-14.44,6,63,6,63,10.0%,8.0%,50.000,0.000,0.00,-4.90,0.00,1.98,0.00,99.00,0.0%,1200.00,-40.00,HI,-50.00,-50.00
2026-09-28 08:14:25.667,DEMO_MODE,F1,100,1,0.10,-14.44,0.54,50.00,10.0,8.0,0.00,0.00,0.00,89.38,0.54,50.00,0.10,-14.44,6,63,6,63,10.0%,8.0%,50.000,0.000,0.00,-4.90,0.00,1.98,0.00,99.00,0.0%,1200.00,-40.00,HI,-50.00,-50.00
2026-09-28 08:14:25.788,DEMO_MODE,F1,100,1,0.10,-14.44,0.54,50.00,10.0,8.0,0.00,0.00,0.00,89.38,0.54,50.00,0.10,-14.44,6,63,6,63,10.0%,8.0%,50.000,0.000,0.00,-4.90,0.00,1.98,0.00,99.00,0.0%,1200.00,-40.00,HI,-50.00,-50.00
2026-09-28 08:14:25.908,DEMO_MODE,F1,100,1,0.10,-14.44,0.54,50.00,10.0,8.0,0.00,0.00,0.00,89.38,0.54,50.00,0.10,-14.44,6,63,6,63,10.0%,8.0%,50.000,0.000,0.00,-4.90,0.00,1.98,0.00,99.00,0.0%,1200.00,-40.00,HI,-50.00,-50.00
2026-09-28 08:14:26.029,DEMO_MODE,F1,100,1,0.10,-14.44,0.54,50.00,10.0,8.0,0.00,0.00,0.00,89.38,0.54,50.00,0.10,-14.44,6,63,6,63,10.0%,8.0%,50.000,0.000,0.00,-4.90,0.00,1.98,0.00,99.00,0.0%,1200.00,-40.00,HI,-50.00,-50.00
2026-09-28 08:14:26.150,DEMO_MODE,F1,100,1,0.10,-14.44,0.54,50.00,10.0,8.0,0.00,0.00,0.00,89.38,0.54,50.00,0.10,-14.44,6,63,6,63,10.0%,8.0%,50.000,0.000,0.00,-4.90,0.00,1.98,0.00,99.00,0.0%,1200.00,-40.00,HI,-50.00,-50.00
2026-09-28 08:14:26.271,DEMO_MODE,F1,100,1,0.10,-14.44,0.54,50.00,10.0,8.0,0.00,0.00,0.00,89.38,0.54,50.00,0.10,-14.44,6,63,6,63,10.0%,8.0%,50.000,0.000,0.00,-4.90,0.00,1.98,0.00,99.00,0.0%,1200.00,-40.00,HI,-50.00,-50.00
2026-09-28 08:14:26.391,DEMO_MODE,F1,100,1,0.10,-14.44,0.54,50.00,10.0,8.0,0.00,0.00,0.00,89.38,0.54,50.00,0.10,-14.44,6,63,6,63,10.0%,8.0%,50.000,0.000,0.00,-4.90,0.00,1.98,0.00,99.00,0.0%,1200.00,-40.00,HI,-50.00,-50.00
2026-09-28 08:14:26.512,DEMO_MODE,F1,100,1,0.10,-14.44,0.54,50.00,10.0,8.0,0.00,0.00,0.00,89.38,0.54,50.00,0.10,-14.44,6,63,6,63,10.0%,8.0%,50.000,0.000,0.00,-4.90,0.00,1.98,0.00,99.00,0.0%,1200.00,-40.00,HI,-50.00,-50.00
2026-09-28 08:14:26.633,DEMO_MODE,F1,100,1,0.10,-14.44,0.54,50.00,10.0,8.0,0.00,0.00,0.00,89.38,0.54,50.00,0.10,-14.44,6,63,6,63,10.0%,8.0%,50.000,0.000,0.00,-4.90,0.00,1.98,0.00,99.00,0.0%,1200.00,-40.00,HI,-50.00,-50.00
2026-09-28 08:14:26.753,DEMO_MODE,F1,100,1,0.10,-14.44,0.54,50.00,10.0,8.0,0.00,0.00,0.00,89.38,0.54,50.00,0.10,-14.44,6,63,6,63,10.0%,8.0%,50.000,0.000,0.00,-4.90,0.00,1.98,0.00,99.00,0.0%,1200.00,-40.00,HI,-50.00,-50.00
2026-09-28 08:14:26.874,DEMO_MODE,F1,100,1,0.10,-14.44,0.54,50.00,10.0,8.0,0.00,0.00,0.00,89.38,0.54,50.00,0.10,-14.44,6,63,6,63,10.0%,8.0%,50.000,0.000,0.00,-4.90,0.00,1.98,0.00,99.00,0.0%,1200.00,-40.00,HI,-50.00,-50.00
2026-09-28 08:14:26.995,DEMO_MODE,F1,100,1,0.10,-14.44,0.54,50.00,10.0,8.0,0.00,0.00,0.00,89.38,0.54,50.00,0.10,-14.44,6,63,6,63,10.0%,8.0%,50.000,0.000,0.00,-4.90,0.00,1.98,0.00,99.00,0.0%,1200.00,-40.00,HI,-50.00,-50.00
2026-09-28 08:14:27.116,DEMO_MODE,F1,100,1,0.10,-14.44,0.54,50.00,10.0,8.0,0.00,0.00,0.00,89.38,0.54,50.00,0.10,-14.44,6,63,6,63,10.0%,8.0%,50.000,0.000,0.00,-4.90,0.00,1.98,0.00,99.00,0.0%,1200.00,-40.00,HI,-50.00,-50.00
2026-09-28 08:14:27.237,DEMO_MODE,F1,100,1,0.10,-14.44,0.54,50.00,10.0,8.0,0.00,0.00,0.00,89.38,0.54,50.00,0.10,-14.44,6,63,6,63,10.0%,8.0%,50.000,0.000,0.00,-4.90,0.00,1.98,0.00,99.00,0.0%,1200.00,-40.00,HI,-50.00,-50.00
2026-09-28 08:14:27.357,DEMO_MODE,F1,100,1,0.10,-14.44,0.54,50.00,10.0,8.0,0.00,0.00,0.00,89.38,0.54,50.00,0.10,-14.44,6,63,6,63,10.0%,8.0%,50.000,0.000,0.00,-4.90,0.00,1.98,0.00,99.00,0.0%,1200.00,-40.00,HI,-50.00,-50.00
2026-09-28 08:14:27.478,DEMO_MODE,F1,100,1,0.10,-14.44,0.54,50.00,10.0,8.0,0.00,0.00,0.00,89.38,0.54,50.00,0.10,-14.44,6,63,6,63,10.0%,8.0%,50.000,0.000,0.00,-4.90,0.00,1.98,0.00,99.00,0.0%,1200.00,-40.00,HI,-50.00,-50.00
2026-09-28 08:14:27.599,DEMO_MODE,F1,100,1,0.10,-14.44,0.54,50.00,10.0,8.0,0.00,0.00,0.00,89.38,0.54,50.00,0.10,-14.44,6,63,6,63,10.0%,8.0%,50.000,0.000,0.00,-4.90,0.00,1.98,0.00,99.00,0.0%,1200.00,-40.00,HI,-50.00,-50.00
2026-09-28 08:14:27.719,DEMO_MODE,F1,100,1,0.10,-14.44,0.54,50.00,10.0,8.0,0.00,0.00,0.00,89.38,0.54,50.00,0.10,-14.44,6,63,6,63,10.0%,8.0%,50.000,0.000,0.00,-4.90,0.00,1.98,0.00,99.00,0.0%,1200.00,-40.00,HI,-50.00,-50.00
2026-09-28 08:14:27.840,DEMO_MODE,F1,100,1,0.10,-14.44,0.54,50.00,10.0,12.0,0.00,0.00,0.00,89.38,0.54,50.00,0.10,-14.44,6,63,6,63,10.0%,12.0%,50.000,0.000,0.00,-4.90,0.00,1.98,0.00,99.00,0.0%,1200.00,-40.00,HI,-50.00,-50.00
2026-09-28 08:14:27.961,DEMO_MODE,F1,100,1,0.10,-14.44,0.54,50.00,10.0,12.0,0.00,0.00,0.00,89.38,0.54,50.00,0.10,-14.44,6,63,6,63,10.0%,12.0%,50.000,0.000,0.00,-4.90,0.00,1.98,0.00,99.00,0.0%,1200.00,-40.00,HI,-50.00,-50.00
2026-09-28 08:14:28.081,DEMO_MODE,F1,100,1,0.10,-14.44,0.54,50.00,10.0,12.0,0.00,0.00,0.00,89.38,0.54,50.00,0.10,-14.44,6,63,6,63,10.0%,12.0%,50.000,0.000,0.00,-4.90,0.00,1.98,0.00,99.00,0.0%,1200.00,-40.00,HI,-50.00,-50.00
2026-09-28 08:14:28.202,DEMO_MODE,F1,100,1,0.10,-14.44,0.54,50.00,10.0,12.0,0.00,0.00,0.00,89.38,0.54,50.00,0.10,-14.44,6,63,6,63,10.0%,12.0%,50.000,0.000,0.00,-4.90,0.00,1.98,0.00,99.00,0.0%,1200.00,-40.00,HI,-50.00,-50.00
2026-09-28 08:14:28.323,DEMO_MODE,F1,100,1,0.10,-14.44,0.54,50.00,10.0,12.0,0.00,0.00,0.00,89.38,0.54,50.00,0.10,-14.44,6,63,6,63,10.0%,12.0%,50.000,0.000,0.00,-4.90,0.00,1.98,0.00,99.00,0.0%,1200.00,-40.00,HI,-50.00,-50.00
2026-09-28 08:14:28.443,DEMO_MODE,F1,100,1,0.10,-14.44,0.54,50.00,10.0,12.0,0.00,0.00,0.00,89.38,0.54,50.00,0.10,-14.44,6,63,6,63,10.0%,12.0%,50.000,0.000,0.00,-4.90,0.00,1.98,0.00,99.00,0.0%,1200.00,-40.00,HI,-50.00,-50.00
2026-09-28 08:14:28.564,DEMO_MODE,F1,100,1,0.10,-14.44,0.54,50.00,10.0,12.0,0.00,0.00,0.00,89.38,0.54,50.00,0.10,-14.44,6,63,6,63,10.0%,12.0%,50.000,0.000,0.00,-4.90,0.00,1.98,0.00,99.00,0.0%,1200.00,-40.00,HI,-50.00,-50.00
2026-09-28 08:14:28.685,DEMO_MODE,F1,100,1,0.10,-14.44,0.54,50.00,10.0,12.0,0.00,0.00,0.00,89.38,0.54,50.00,0.10,-14.44,6,63,6,63,10.0%,12.0%,50.000,0.000,0.00,-4.90,0.00,1.98,0.00,99.00,0.0%,1200.00,-40.00,HI,-50.00,-50.00
2026-09-28 08:14:28.806,DEMO_MODE,F1,100,1,0.10,-14.44,0.54,50.00,10.0,12.0,0.00,0.00,0.00,89.38,0.54,50.00,0.10,-14.44,6,63,6,63,10.0%,12.0%,50.000,0.000,0.00,-4.90,0.00,1.98,0.00,99.00,0.0%,1200.00,-40.00,HI,-50.00,-50.00
2026-09-28 08:14:28.926,DEMO_MODE,F1,100,1,0.10,-14.44,0.54,50.00,10.0,12.0,0.00,0.00,0.00,89.38,0.54,50.00,0.10,-14.44,6,63,6,63,10.0%,12.0%,50.000,0.000,0.00,-4.90,0.00,1.98,0.00,99.00,0.0%,1200.00,-40.00,HI,-50.00,-50.00
2026-09-28 08:14:29.047,DEMO_MODE,F1,100,1,0.10,-14.44,0.54,50.00,10.0,12.0,0.00,0.00,0.00,89.38,0.54,50.00,0.10,-14.44,6,63,6,63,10.0%,12.0%,50.000,0.000,0.00,-4.90,0.00,1.98,0.00,99.00,0.0%,1200.00,-40.00,HI,-50.00,-50.00
2026-09-28 08:14:29.168,DEMO_MODE,F1,100,1,0.10,-14.44,0.54,50.00,10.0,12.0,0.00,0.00,0.00,89.38,0.54,50.00,0.10,-14.44,6,63,6,63,10.0%,12.0%,50.000,0.000,0.00,-4.90,0.00,1.98,0.00,99.00,0.0%,1200.00,-40.00,HI,-50.00,-50.00
2026-09-28 08:14:29.289,DEMO_MODE,F1,100,1,0.10,-14.44,0.54,50.00,10.0,12.0,0.00,0.00,0.00,89.38,0.54,50.00,0.10,-14.44,6,63,6,63,10.0%,12.0%,50.000,0.000,0.00,-4.90,0.00,1.98,0.00,99.00,0.0%,1200.00,-40.00,HI,-50.00,-50.00
2026-09-28 08:14:29.409,DEMO_MODE,F1,100,1,0.10,-14.44,0.54,50.00,10.0,12.0,0.00,0.00,0.00,89.38,0.54,50.00,0.10,-14.44,6,63,6,63,10.0%,12.0%,50.000,0.000,0.00,-4.90,0.00,1.98,0.00,99.00,0.0%,1200.00,-40.00,HI,-50.00,-50.00
2026-09-28 08:14:29.530,DEMO_MODE,F1,100,1,0.10,-14.44,0.54,50.00,10.0,12.0,0.00,0.00,0.00,89.38,0.54,50.00,0.10,-14.44,6,63,6,63,10.0%,12.0%,50.000,0.000,0.00,-4.90,0.00,1.98,0.00,99.00,0.0%,1200.00,-40.00,HI,-50.00,-50.00
2026-09-28 08:14:29.651,DEMO_MODE,F1,100,1,0.10,-14.44,0.54,50.00,10.0,12.0,0.00,0.00,0.00,89.38,0.54,50.00,0.10,-14.44,6,63,6,63,10.0%,12.0%,50.000,0.000,0.00,-4.90,0.00,1.98,0.00,99.00,0.0%,1200.00,-40.00,HI,-50.00,-50.00
2026-09-28 08:14:29.771,DEMO_MODE,F1,100,1,0.10,-14.44,0.54,50.00,10.0,12.0,0.00,0.00,0.00,89.38,0.54,50.00,0.10,-14.44,6,63,6,63,10.0%,12.0%,50.000,0.000,0.00,-4.90,0.00,1.98,0.00,99.00,0.0%,1200.00,-40.00,HI,-50.00,-50.00
2026-09-28 08:14:29.892,DEMO_MODE,F1,100,1,0.10,-14.44,0.54,50.00,10.0,12.0,0.00,0.00,0.00,89.38,0.54,50.00,0.10,-14.44,6,63,6,63,10.0%,12.0%,50.000,0.000,0.00,-4.90,0.00,1.98,0.00,99.00,0.0%,1200.00,-40.00,HI,-50.00,-50.00
2026-09-28 08:14:30.013,DEMO_MODE,F1,100,1,0.10,-14.44,0.54,50.00,10.0,12.0,0.00,0.00,0.00,89.38,0.54,50.00,0.10,-14.44,6,63,6,63,10.0%,12.0%,50.000,0.000,0.00,-4.90,0.00,1.98,0.00,99.00,0.0%,1200.00,-40.00,HI,-50.00,-50.00
2026-09-28 08:14:30.133,DEMO_MODE,F1,100,1,0.10,-14.44,0.54,50.00,10.0,12.0,0.00,0.00,0.00,89.38,0.54,50.00,0.10,-14.44,6,63,6,63,10.0%,12.0%,50.000,0.000,0.00,-4.90,0.00,1.98,0.00,99.00,0.0%,1200.00,-40.00,HI,-50.00,-50.00
2026-09-28 08:14:30.257,DEMO_MODE,F1,100,1,0.10,-14.44,0.54,50.00,10.0,12.0,0.00,0.00,0.00,89.38,0.54,50.00,0.10,-14.44,6,63,6,63,10.0%,12.0%,50.000,0.000,0.00,-4.90,0.00,1.98,0.00,99.00,0.0%,1200.00,-40.00,HI,-50.00,-50.00
2026-09-28 08:14:30.378,DEMO_MODE,F1,100,1,0.10,-14.44,0.54,50.00,10.0,12.0,0.00,0.00,0.00,89.38,0.54,50.00,0.10,-14.44,6,63,6,63,10.0%,12.0%,50.000,0.000,0.00,-4.90,0.00,1.98,0.00,99.00,0.0%,1200.00,-40.00,HI,-50.00,-50.00
2026-09-28 08:14:30.499,DEMO_MODE,F1,100,1,0.10,-14.44,0.54,50.00,10.0,12.0,0.00,0.00,0.00,89.38,0.54,50.00,0.10,-14.44,6,63,6,63,10.0%,12.0%,50.000,0.000,0.00,-4.90,0.00,1.98,0.00,99.00,0.0%,1200.00,-40.00,HI,-50.00,-50.00
2026-09-28 08:14:30.619,DEMO_MODE,F1,100,1,0.10,-14.44,0.54,50.00,10.0,12.0,0.00,0.00,0.00,89.38,0.54,50.00,0.10,-14.44,6,63,6,63,10.0%,12.0%,50.000,0.000,0.00,-4.90,0.00,1.98,0.00,99.00,0.0%,1200.00,-40.00,HI,-50.00,-50.00
2026-09-28 08:14:30.740,DEMO_MODE,F1,100,1,0.10,-14.44,0.54,50.00,10.0,12.0,0.00,0.00,0.00,89.38,0.54,50.00,0.10,-14.44,6,63,6,63,10.0%,12.0%,50.000,0.000,0.00,-4.90,0.00,1.98,0.00,99.00,0.0%,1200.00,-40.00,HI,-50.00,-50.00
2026-09-28 08:14:30.861,DEMO_MODE,F1,100,2,0.10,-14.44,0.54,50.00,10.0,12.0,0.00,0.00,0.00,89.38,0.54,50.00,0.10,-14.44,6,63,6,63,10.0%,12.0%,50.000,0.000,0.00,-4.90,0.00,1.96,0.00,98.00,0.0%,1200.00,-40.00,HI,-50.00,-50.00
2026-09-28 08:14:30.982,DEMO_MODE,F1,100,2,0.10,-14.44,0.54,50.00,10.0,12.0,0.00,0.00,0.00,89.38,0.54,50.00,0.10,-14.44,6,63,6,63,10.0%,12.0%,50.000,0.000,0.00,-4.90,0.00,1.96,0.00,98.00,0.0%,1200.00,-40.00,HI,-50.00,-50.00
2026-09-28 08:14:31.102,DEMO_MODE,F1,100,2,0.10,-14.44,0.54,50.00,10.0,12.0,0.00,0.00,0.00,89.38,0.54,50.00,0.10,-14.44,6,63,6,63,10.0%,12.0%,50.000,0.000,0.00,-4.90,0.00,1.96,0.00,98.00,0.0%,1200.00,-40.00,HI,-50.00,-50.00
2026-09-28 08:14:31.223,DEMO_MODE,F1,100,2,0.10,-14.44,0.54,50.00,10.0,12.0,0.00,0.00,0.00,89.38,0.54,50.00,0.10,-14.44,6,63,6,63,10.0%,12.0%,50.000,0.000,0.00,-4.90,0.00,1.96,0.00,98.00,0.0%,1200.00,-40.00,HI,-50.00,-50.00
2026-09-28 08:14:31.344,DEMO_MODE,F1,100,2,0.10,-14.44,0.54,50.00,10.0,12.0,0.00,0.00,0.00,89.38,0.54,50.00,0.10,-14.44,6,63,6,63,10.0%,12.0%,50.000,0.000,0.00,-4.90,0.00,1.96,0.00,98.00,0.0%,1200.00,-40.00,HI,-50.00,-50.00
2026-09-28 08:14:31.464,DEMO_MODE,F1,100,2,0.10,-14.44,0.54,50.00,10.0,12.0,0.00,0.00,0.00,89.38,0.54,50.00,0.10,-14.44,6,63,6,63,10.0%,12.0%,50.000,0.000,0.00,-4.90,0.00,1.96,0.00,98.00,0.0%,1200.00,-40.00,HI,-50.00,-50.00
2026-09-28 08:14:31.585,DEMO_MODE,F1,100,2,0.10,-14.44,0.54,50.00,10.0,12.0,0.00,0.00,0.00,89.38,0.54,50.00,0.10,-14.44,6,63,6,63,10.0%,12.0%,50.000,0.000,0.00,-4.90,0.00,1.96,0.00,98.00,0.0%,1200.00,-40.00,HI,-50.00,-50.00
2026-09-28 08:14:31.706,DEMO_MODE,F1,100,2,0.10,-14.44,0.54,50.00,10.0,12.0,0.00,0.00,0.00,89.38,0.54,50.00,0.10,-14.44,6,63,6,63,10.0%,12.0%,50.000,0.000,0.00,-4.90,0.00,1.96,0.00,98.00,0.0%,1200.00,-40.00,HI,-50.00,-50.00
2026-09-28 08:14:31.826,DEMO_MODE,F1,100,2,0.10,-14.44,0.54,50.00,10.0,12.0,0.00,0.00,0.00,89.38,0.54,50.00,0.10,-14.44,6,63,6,63,10.0%,12.0%,50.000,0.000,0.00,-4.90,0.00,1.96,0.00,98.00,0.0%,1200.00,-40.00,HI,-50.00,-50.00
2026-09-28 08:14:31.947,DEMO_MODE,F1,100,2,0.10,-14.44,0.54,50.00,10.0,12.0,0.00,0.00,0.00,89.38,0.54,50.00,0.10,-14.44,6,63,6,63,10.0%,12.0%,50.000,0.000,0.00,-4.90,0.00,1.96,0.00,98.00,0.0%,1200.00,-40.00,HI,-50.00,-50.00
2026-09-28 08:14:32.067,DEMO_MODE,F1,100,2,0.10,-14.44,0.54,50.00,10.0,12.0,0.00,0.00,0.00,89.38,0.54,50.00,0.10,-14.44,6,63,6,63,10.0%,12.0%,50.000,0.000,0.00,-4.90,0.00,1.96,0.00,98.00,0.0%,1200.00,-40.00,HI,-50.00,-50.00
2026-09-28 08:14:32.188,DEMO_MODE,F1,100,2,0.10,-14.44,0.54,50.00,10.0,12.0,0.00,0.00,0.00,89.38,0.54,50.00,0.10,-14.44,6,63,6,63,10.0%,12.0%,50.000,0.000,0.00,-4.90,0.00,1.96,0.00,98.00,0.0%,1200.00,-40.00,HI,-50.00,-50.00
2026-09-28 08:14:32.309,DEMO_MODE,F1,100,2,0.10,-14.44,0.54,50.00,10.0,12.0,0.00,0.00,0.00,89.38,0.54,50.00,0.10,-14.44,6,63,6,63,10.0%,12.0%,50.000,0.000,0.00,-4.90,0.00,1.96,0.00,98.00,0.0%,1200.00,-40.00,HI,-50.00,-50.00
2026-09-28 08:14:32.430,DEMO_MODE,F1,100,2,0.10,-14.44,0.54,50.00,10.0,12.0,0.00,0.00,0.00,89.38,0.54,50.00,0.10,-14.44,6,63,6,63,10.0%,12.0%,50.000,0.000,0.00,-4.90,0.00,1.96,0.00,98.00,0.0%,1200.00,-40.00,HI,-50.00,-50.00
2026-09-28 08:14:32.550,DEMO_MODE,F1,100,2,0.10,-14.44,0.54,50.00,10.0,12.0,0.00,0.00,0.00,89.38,0.54,50.00,0.10,-14.44,6,63,6,63,10.0%,12.0%,50.000,0.000,0.00,-4.90,0.00,1.96,0.00,98.00,0.0%,1200.00,-40.00,HI,-50.00,-50.00
2026-09-28 08:14:32.670,DEMO_MODE,F1,100,2,0.10,-14.44,0.54,50.00,10.0,12.0,0.00,0.00,0.00,89.38,0.54,50.00,0.10,-14.44,6,63,6,63,10.0%,12.0%,50.000,0.000,0.00,-4.90,0.00,1.96,0.00,98.00,0.0%,1200.00,-40.00,HI,-50.00,-50.00
2026-09-28 08:14:32.791,DEMO_MODE,F1,100,2,0.10,-14.44,0.54,50.00,10.0,12.0,0.00,0.00,0.00,89.38,0.54,50.00,0.10,-14.44,6,63,6,63,10.0%,12.0%,50.000,0.000,0.00,-4.90,0.00,1.96,0.00,98.00,0.0%,1200.00,-40.00,HI,-50.00,-50.00
2026-09-28 08:14:32.912,DEMO_MODE,F1,200,2,0.10,-14.44,0.54,50.00,20.0,16.0,0.00,0.00,0.00,89.38,0.54,50.00,0.10,-14.44,6,63,6,63,20.0%,16.0%,100.000,0.000,0.00,-4.90,0.00,1.98,0.00,198.00,0.0%,1200.00,-30.00,HI,-50.00,-50.00
2026-09-28 08:14:33.032,DEMO_MODE,F1,200,2,0.10,-14.44,0.54,50.00,20.0,16.0,0.00,0.00,0.00,89.38,0.54,50.00,0.10,-14.44,6,63,6,63,20.0%,16.0%,100.000,0.000,0.00,-4.90,0.00,1.98,0.00,198.00,0.0%,1200.00,-30.00,HI,-50.00,-50.00
2026-09-28 08:14:33.153,DEMO_MODE,F1,200,2,0.10,-14.44,0.54,50.00,20.0,16.0,0.00,0.00,0.00,89.38,0.54,50.00,0.10,-14.44,6,63,6,63,20.0%,16.0%,100.000,0.000,0.00,-4.90,0.00,1.98,0.00,198.00,0.0%,1200.00,-30.00,HI,-50.00,-50.00
2026-09-28 08:14:33.274,DEMO_MODE,F1,200,2,0.10,-14.44,0.54,50.00,20.0,16.0,0.00,0.00,0.00,89.38,0.54,50.00,0.10,-14.44,6,63,6,63,20.0%,16.0%,100.000,0.000,0.00,-4.90,0.00,1.98,0.00,198.00,0.0%,1200.00,-30.00,HI,-50.00,-50.00
2026-09-28 08:14:33.394,DEMO_MODE,F1,200,2,0.10,-14.44,0.54,50.00,20.0,16.0,0.00,0.00,0.00,89.38,0.54,50.00,0.10,-14.44,6,63,6,63,20.0%,16.0%,100.000,0.000,0.00,-4.90,0.00,1.98,0.00,198.00,0.0%,1200.00,-30.00,HI,-50.00,-50.00
2026-09-28 08:14:33.515,DEMO_MODE,F1,200,2,0.10,-14.44,0.54,50.00,20.0,16.0,0.00,0.00,0.00,89.38,0.54,50.00,0.10,-14.44,6,63,6,63,20.0%,16.0%,100.000,0.000,0.00,-4.90,0.00,1.98,0.00,198.00,0.0%,1200.00,-30.00,HI,-50.00,-50.00
2026-09-28 08:14:33.636,DEMO_MODE,F1,200,2,0.10,-14.44,0.54,50.00,20.0,16.0,0.00,0.00,0.00,89.38,0.54,50.00,0.10,-14.44,6,63,6,63,20.0%,16.0%,100.000,0.000,0.00,-4.90,0.00,1.98,0.00,198.00,0.0%,1200.00,-30.00,HI,-50.00,-50.00
2026-09-28 08:14:33.756,DEMO_MODE,F1,200,2,0.10,-14.44,0.54,50.00,20.0,16.0,0.00,0.00,0.00,89.38,0.54,50.00,0.10,-14.44,6,63,6,63,20.0%,16.0%,100.000,0.000,0.00,-4.90,0.00,1.98,0.00,198.00,0.0%,1200.00,-30.00,HI,-50.00,-50.00
2026-09-28 08:14:33.877,DEMO_MODE,F1,200,2,0.10,-14.44,0.54,50.00,20.0,16.0,0.00,0.00,0.00,89.38,0.54,50.00,0.10,-14.44,6,63,6,63,20.0%,16.0%,100.000,0.000,0.00,-4.90,0.00,1.98,0.00,198.00,0.0%,1200.00,-30.00,HI,-50.00,-50.00
2026-09-28 08:14:33.998,DEMO_MODE,F1,200,2,0.10,-14.44,0.54,50.00,20.0,16.0,0.00,0.00,0.00,89.38,0.54,50.00,0.10,-14.44,6,63,6,63,20.0%,16.0%,100.000,0.000,0.00,-4.90,0.00,1.98,0.00,198.00,0.0%,1200.00,-30.00,HI,-50.00,-50.00
2026-09-28 08:14:34.119,DEMO_MODE,F1,200,2,0.10,-14.44,0.54,50.00,20.0,16.0,0.00,0.00,0.00,89.38,0.54,50.00,0.10,-14.44,6,63,6,63,20.0%,16.0%,100.000,0.000,0.00,-4.90,0.00,1.98,0.00,198.00,0.0%,1200.00,-30.00,HI,-50.00,-50.00
2026-09-28 08:14:34.239,DEMO_MODE,F1,200,2,0.10,-14.44,0.54,50.00,20.0,16.0,0.00,0.00,0.00,89.38,0.54,50.00,0.10,-14.44,6,63,6,63,20.0%,16.0%,100.000,0.000,0.00,-4.90,0.00,1.98,0.00,198.00,0.0%,1200.00,-30.00,HI,-50.00,-50.00
2026-09-28 08:14:34.359,DEMO_MODE,F1,200,2,0.10,-14.44,0.54,50.00,20.0,16.0,0.00,0.00,0.00,89.38,0.54,50.00,0.10,-14.44,6,63,6,63,20.0%,16.0%,100.000,0.000,0.00,-4.90,0.00,1.98,0.00,198.00,0.0%,1200.00,-30.00,HI,-50.00,-50.00
2026-09-28 08:14:34.480,DEMO_MODE,F1,200,2,0.10,-14.44,0.54,50.00,20.0,16.0,0.00,0.00,0.00,89.38,0.54,50.00,0.10,-14.44,6,63,6,63,20.0%,16.0%,100.000,0.000,0.00,-4.90,0.00,1.98,0.00,198.00,0.0%,1200.00,-30.00,HI,-50.00,-50.00
2026-09-28 08:14:34.601,DEMO_MODE,F1,200,2,0.10,-14.44,0.54,50.00,20.0,16.0,0.00,0.00,0.00,89.38,0.54,50.00,0.10,-14.44,6,63,6,63,20.0%,16.0%,100.000,0.000,0.00,-4.90,0.00,1.98,0.00,198.00,0.0%,1200.00,-30.00,HI,-50.00,-50.00
2026-09-28 08:14:34.721,DEMO_MODE,F1,200,2,0.10,-14.44,0.54,50.00,20.0,16.0,0.00,0.00,0.00,89.38,0.54,50.00,0.10,-14.44,6,63,6,63,20.0%,16.0%,100.000,0.000,0.00,-4.90,0.00,1.98,0.00,198.00,0.0%,1200.00,-30.00,HI,-50.00,-50.00
2026-09-28 08:14:34.841,DEMO_MODE,F1,200,2,0.10,-14.44,0.54,50.00,20.0,16.0,0.00,0.00,0.00,89.38,0.54,50.00,0.10,-14.44,6,63,6,63,20.0%,16.0%,100.000,0.000,0.00,-4.90,0.00,1.98,0.00,198.00,0.0%,1200.00,-30.00,HI,-50.00,-50.00
2026-09-28 08:14:34.962,DEMO_MODE,F1,200,2,0.10,-14.44,0.54,50.00,20.0,16.0,0.00,0.00,0.00,89.38,0.54,50.00,0.10,-14.44,6,63,6,63,20.0%,16.0%,100.000,0.000,0.00,-4.90,0.00,1.98,0.00,198.00,0.0%,1200.00,-30.00,HI,-50.00,-50.00
2026-09-28 08:14:35.083,DEMO_MODE,F1,200,2,0.10,-14.44,0.54,50.00,20.0,16.0,0.00,0.00,0.00,89.38,0.54,50.00,0.10,-14.44,6,63,6,63,20.0%,16.0%,100.000,0.000,0.00,-4.90,0.00,1.98,0.00,198.00,0.0%,1200.00,-30.00,HI,-50.00,-50.00
2026-09-28 08:14:35.203,DEMO_MODE,F1,200,2,0.10,-14.44,0.54,50.00,20.0,16.0,0.00,0.00,0.00,89.38,0.54,50.00,0.10,-14.44,6,63,6,63,20.0%,16.0%,100.000,0.000,0.00,-4.90,0.00,1.98,0.00,198.00,0.0%,1200.00,-30.00,HI,-50.00,-50.00
2026-09-28 08:14:35.324,DEMO_MODE,F1,200,2,0.10,-14.44,0.54,50.00,20.0,16.0,0.00,0.00,0.00,89.38,0.54,50.00,0.10,-14.44,6,63,6,63,20.0%,16.0%,100.000,0.000,0.00,-4.90,0.00,1.98,0.00,198.00,0.0%,1200.00,-30.00,HI,-50.00,-50.00
2026-09-28 08:14:35.444,DEMO_MODE,F1,200,2,0.10,-14.44,0.54,50.00,20.0,16.0,0.00,0.00,0.00,89.38,0.54,50.00,0.10,-14.44,6,63,6,63,20.0%,16.0%,100.000,0.000,0.00,-4.90,0.00,1.98,0.00,198.00,0.0%,1200.00,-30.00,HI,-50.00,-50.00
2026-09-28 08:14:35.565,DEMO_MODE,F1,200,2,0.10,-14.44,0.54,50.00,20.0,16.0,0.00,0.00,0.00,89.38,0.54,50.00,0.10,-14.44,6,63,6,63,20.0%,16.0%,100.000,0.000,0.00,-4.90,0.00,1.98,0.00,198.00,0.0%,1200.00,-30.00,HI,-50.00,-50.00
2026-09-28 08:14:35.686,DEMO_MODE,F1,200,2,0.10,-14.44,0.54,50.00,20.0,16.0,0.00,0.00,0.00,89.38,0.54,50.00,0.10,-14.44,6,63,6,63,20.0%,16.0%,100.000,0.000,0.00,-4.90,0.00,1.98,0.00,198.00,0.0%,1200.00,-30.00,HI,-50.00,-50.00
2026-09-28 08:14:35.806,DEMO_MODE,F1,200,2,0.10,-14.44,0.54,50.00,20.0,16.0,0.00,0.00,0.00,89.38,0.54,50.00,0.10,-14.44,6,63,6,63,20.0%,16.0%,100.000,0.000,0.00,-4.90,0.00,1.98,0.00,198.00,0.0%,1200.00,-30.00,HI,-50.00,-50.00
2026-09-28 08:14:35.928,DEMO_MODE,F1,200,2,0.10,-14.44,0.54,50.00,20.0,16.0,0.00,0.00,0.00,89.38,0.54,50.00,0.10,-14.44,6,63,6,63,20.0%,16.0%,100.000,0.000,0.00,-4.90,0.00,1.98,0.00,198.00,0.0%,1200.00,-30.00,HI,-50.00,-50.00
2026-09-28 08:14:36.048,DEMO_MODE,F1,200,2,0.10,-14.44,0.54,50.00,20.0,16.0,0.00,0.00,0.00,89.38,0.54,50.00,0.10,-14.44,6,63,6,63,20.0%,16.0%,100.000,0.000,0.00,-4.90,0.00,1.98,0.00,198.00,0.0%,1200.00,-30.00,HI,-50.00,-50.00
2026-09-28 08:14:36.169,DEMO_MODE,F1,200,2,0.10,-14.44,0.54,50.00,20.0,16.0,0.00,0.00,0.00,89.38,0.54,50.00,0.10,-14.44,6,63,6,63,20.0%,16.0%,100.000,0.000,0.00,-4.90,0.00,1.98,0.00,198.00,0.0%,1200.00,-30.00,HI,-50.00,-50.00
2026-09-28 08:14:36.290,DEMO_MODE,F1,200,2,0.10,-14.44,0.54,50.00,20.0,16.0,0.00,0.00,0.00,89.38,0.54,50.00,0.10,-14.44,6,63,6,63,20.0%,16.0%,100.000,0.000,0.00,-4.90,0.00,1.98,0.00,198.00,0.0%,1200.00,-30.00,HI,-50.00,-50.00
2026-09-28 08:14:36.410,DEMO_MODE,F1,200,2,0.10,-14.44,0.54,50.00,20.0,16.0,0.00,0.00,0.00,89.38,0.54,50.00,0.10,-14.44,6,63,6,63,20.0%,16.0%,100.000,0.000,0.00,-4.90,0.00,1.98,0.00,198.00,0.0%,1200.00,-30.00,HI,-50.00,-50.00
2026-09-28 08:14:36.531,DEMO_MODE,F1,200,2,0.10,-14.44,0.54,50.00,20.0,16.0,0.00,0.00,0.00,89.38,0.54,50.00,0.10,-14.44,6,63,6,63,20.0%,16.0%,100.000,0.000,0.00,-4.90,0.00,1.98,0.00,198.00,0.0%,1200.00,-30.00,HI,-50.00,-50.00
2026-09-28 08:14:36.651,DEMO_MODE,F1,200,2,0.10,-14.44,0.54,50.00,20.0,16.0,0.00,0.00,0.00,89.38,0.54,50.00,0.10,-14.44,6,63,6,63,20.0%,16.0%,100.000,0.000,0.00,-4.90,0.00,1.98,0.00,198.00,0.0%,1200.00,-30.00,HI,-50.00,-50.00
2026-09-28 08:14:36.772,DEMO_MODE,F1,200,2,0.10,-14.44,0.54,50.00,20.0,16.0,0.00,0.00,0.00,89.38,0.54,50.00,0.10,-14.44,6,63,6,63,20.0%,16.0%,100.000,0.000,0.00,-4.90,0.00,1.98,0.00,198.00,0.0%,1200.00,-30.00,HI,-50.00,-50.00
2026-09-28 08:14:36.893,DEMO_MODE,F1,200,2,0.10,-14.44,0.54,50.00,20.0,16.0,0.00,0.00,0.00,89.38,0.54,50.00,0.10,-14.44,6,63,6,63,20.0%,16.0%,100.000,0.000,0.00,-4.90,0.00,1.98,0.00,198.00,0.0%,1200.00,-30.00,HI,-50.00,-50.00
2026-09-28 08:14:37.014,DEMO_MODE,F1,200,2,0.10,-14.44,0.54,50.00,20.0,16.0,0.00,0.00,0.00,89.38,0.54,50.00,0.10,-14.44,6,63,6,63,20.0%,16.0%,100.000,0.000,0.00,-4.90,0.00,1.98,0.00,198.00,0.0%,1200.00,-30.00,HI,-50.00,-50.00
2026-09-28 08:14:37.134,DEMO_MODE,F1,200,2,0.10,-14.44,0.54,50.00,20.0,16.0,0.00,0.00,0.00,89.38,0.54,50.00,0.10,-14.44,6,63,6,63,20.0%,16.0%,100.000,0.000,0.00,-4.90,0.00,1.98,0.00,198.00,0.0%,1200.00,-30.00,HI,-50.00,-50.00
2026-09-28 08:14:37.255,DEMO_MODE,F1,200,2,0.10,-14.44,0.54,50.00,20.0,16.0,0.00,0.00,0.00,89.38,0.54,50.00,0.10,-14.44,6,63,6,63,20.0%,16.0%,100.000,0.000,0.00,-4.90,0.00,1.98,0.00,198.00,0.0%,1200.00,-30.00,HI,-50.00,-50.00
2026-09-28 08:14:37.375,DEMO_MODE,F1,200,2,0.10,-14.44,0.54,50.00,20.0,16.0,0.00,0.00,0.00,89.38,0.54,50.00,0.10,-14.44,6,63,6,63,20.0%,16.0%,100.000,0.000,0.00,-4.90,0.00,1.98,0.00,198.00,0.0%,1200.00,-30.00,HI,-50.00,-50.00
2026-09-28 08:14:37.496,DEMO_MODE,F1,200,2,0.10,-14.44,0.54,50.00,20.0,16.0,0.00,0.00,0.00,89.38,0.54,50.00,0.10,-14.44,6,63,6,63,20.0%,16.0%,100.000,0.000,0.00,-4.90,0.00,1.98,0.00,198.00,0.0%,1200.00,-30.00,HI,-50.00,-50.00
2026-09-28 08:14:37.616,DEMO_MODE,F1,200,2,0.10,-14.44,0.54,50.00,20.0,16.0,0.00,0.00,0.00,89.38,0.54,50.00,0.10,-14.44,6,63,6,63,20.0%,16.0%,100.000,0.000,0.00,-4.90,0.00,1.98,0.00,198.00,0.0%,1200.00,-30.00,HI,-50.00,-50.00
2026-09-28 08:14:37.737,DEMO_MODE,F1,200,2,0.10,-14.44,0.54,50.00,20.0,16.0,0.00,0.00,0.00,89.38,0.54,50.00,0.10,-14.44,6,63,6,63,20.0%,16.0%,100.000,0.000,0.00,-4.90,0.00,1.98,0.00,198.00,0.0%,1200.00,-30.00,HI,-50.00,-50.00
2026-09-28 08:14:37.858,DEMO_MODE,F1,200,2,0.10,-14.44,0.54,50.00,20.0,16.0,0.00,0.00,0.00,89.38,0.54,50.00,0.10,-14.44,6,63,6,63,20.0%,16.0%,100.000,0.000,0.00,-4.90,0.00,1.98,0.00,198.00,0.0%,1200.00,-30.00,HI,-50.00,-50.00
2026-09-28 08:14:37.979,DEMO_MODE,F1,200,2,0.10,-14.44,0.54,50.00,20.0,20.0,0.00,0.00,0.00,89.38,0.54,50.00,0.10,-14.44,6,63,6,63,20.0%,20.0%,100.000,0.000,0.00,-4.90,0.00,1.98,0.00,198.00,0.0%,1200.00,-30.00,HI,-50.00,-50.00
2026-09-28 08:14:38.099,DEMO_MODE,F1,200,2,0.10,-14.44,0.54,50.00,20.0,20.0,0.00,0.00,0.00,89.38,0.54,50.00,0.10,-14.44,6,63,6,63,20.0%,20.0%,100.000,0.000,0.00,-4.90,0.00,1.98,0.00,198.00,0.0%,1200.00,-30.00,HI,-50.00,-50.00
2026-09-28 08:14:38.220,DEMO_MODE,F1,200,2,0.10,-14.44,0.54,50.00,20.0,20.0,0.00,0.00,0.00,89.38,0.54,50.00,0.10,-14.44,6,63,6,63,20.0%,20.0%,100.000,0.000,0.00,-4.90,0.00,1.98,0.00,198.00,0.0%,1200.00,-30.00,HI,-50.00,-50.00
2026-09-28 08:14:38.340,DEMO_MODE,F1,200,2,0.10,-14.44,0.54,50.00,20.0,20.0,0.00,0.00,0.00,89.38,0.54,50.00,0.10,-14.44,6,63,6,63,20.0%,20.0%,100.000,0.000,0.00,-4.90,0.00,1.98,0.00,198.00,0.0%,1200.00,-30.00,HI,-50.00,-50.00
2026-09-28 08:14:38.461,DEMO_MODE,F1,200,2,0.10,-14.44,0.54,50.00,20.0,20.0,0.00,0.00,0.00,89.38,0.54,50.00,0.10,-14.44,6,63,6,63,20.0%,20.0%,100.000,0.000,0.00,-4.90,0.00,1.98,0.00,198.00,0.0%,1200.00,-30.00,HI,-50.00,-50.00
2026-09-28 08:14:38.582,DEMO_MODE,F1,200,2,0.10,-14.44,0.54,50.00,20.0,20.0,0.00,0.00,0.00,89.38,0.54,50.00,0.10,-14.44,6,63,6,63,20.0%,20.0%,100.000,0.000,0.00,-4.90,0.00,1.98,0.00,198.00,0.0%,1200.00,-30.00,HI,-50.00,-50.00
2026-09-28 08:14:38.703,DEMO_MODE,F1,200,2,0.10,-14.44,0.54,50.00,20.0,20.0,0.00,0.00,0.00,89.38,0.54,50.00,0.10,-14.44,6,63,6,63,20.0%,20.0%,100.000,0.000,0.00,-4.90,0.00,1.98,0.00,198.00,0.0%,1200.00,-30.00,HI,-50.00,-50.00
2026-09-28 08:14:38.823,DEMO_MODE,F1,200,2,0.10,-14.44,0.54,50.00,20.0,20.0,0.00,0.00,0.00,89.38,0.54,50.00,0.10,-14.44,6,63,6,63,20.0%,20.0%,100.000,0.000,0.00,-4.90,0.00,1.98,0.00,198.00,0.0%,1200.00,-30.00,HI,-50.00,-50.00
2026-09-28 08:14:38.944,DEMO_MODE,F1,200,2,0.10,-14.44,0.54,50.00,20.0,20.0,0.00,0.00,0.00,89.38,0.54,50.00,0.10,-14.44,6,63,6,63,20.0%,20.0%,100.000,0.000,0.00,-4.90,0.00,1.98,0.00,198.00,0.0%,1200.00,-30.00,HI,-50.00,-50.00
2026-09-28 08:14:39.065,DEMO_MODE,F1,200,2,0.10,-14.44,0.54,50.00,20.0,20.0,0.00,0.00,0.00,89.38,0.54,50.00,0.10,-14.44,6,63,6,63,20.0%,20.0%,100.000,0.000,0.00,-4.90,0.00,1.98,0.00,198.00,0.0%,1200.00,-30.00,HI,-50.00,-50.00
2026-09-28 08:14:39.186,DEMO_MODE,F1,200,2,0.10,-14.44,0.54,50.00,20.0,20.0,0.00,0.00,0.00,89.38,0.54,50.00,0.10,-14.44,6,63,6,63,20.0%,20.0%,100.000,0.000,0.00,-4.90,0.00,1.98,0.00,198.00,0.0%,1200.00,-30.00,HI,-50.00,-50.00
2026-09-28 08:14:39.307,DEMO_MODE,F1,200,2,0.10,-14.44,0.54,50.00,20.0,20.0,0.00,0.00,0.00,89.38,0.54,50.00,0.10,-14.44,6,63,6,63,20.0%,20.0%,100.000,0.000,0.00,-4.90,0.00,1.98,0.00,198.00,0.0%,1200.00,-30.00,HI,-50.00,-50.00
2026-09-28 08:14:39.428,DEMO_MODE,F1,200,2,0.10,-14.44,0.54,50.00,20.0,20.0,0.00,0.00,0.00,89.38,0.54,50.00,0.10,-14.44,6,63,6,63,20.0%,20.0%,100.000,0.000,0.00,-4.90,0.00,1.98,0.00,198.00,0.0%,1200.00,-30.00,HI,-50.00,-50.00
2026-09-28 08:14:39.548,DEMO_MODE,F1,200,2,0.10,-14.44,0.54,50.00,20.0,20.0,0.00,0.00,0.00,89.38,0.54,50.00,0.10,-14.44,6,63,6,63,20.0%,20.0%,100.000,0.000,0.00,-4.90,0.00,1.98,0.00,198.00,0.0%,1200.00,-30.00,HI,-50.00,-50.00
2026-09-28 08:14:39.669,DEMO_MODE,F1,200,2,0.10,-14.44,0.54,50.00,20.0,20.0,0.00,0.00,0.00,89.38,0.54,50.00,0.10,-14.44,6,63,6,63,20.0%,20.0%,100.000,0.000,0.00,-4.90,0.00,1.98,0.00,198.00,0.0%,1200.00,-30.00,HI,-50.00,-50.00
2026-09-28 08:14:39.790,DEMO_MODE,F1,200,2,0.10,-14.44,0.54,50.00,20.0,20.0,0.00,0.00,0.00,89.38,0.54,50.00,0.10,-14.44,6,63,6,63,20.0%,20.0%,100.000,0.000,0.00,-4.90,0.00,1.98,0.00,198.00,0.0%,1200.00,-30.00,HI,-50.00,-50.00
2026-09-28 08:14:39.911,DEMO_MODE,F1,200,3,0.10,-14.44,0.54,50.00,20.0,20.0,0.00,0.00,0.00,89.38,0.54,50.00,0.10,-14.44,6,63,6,63,20.0%,20.0%,100.000,0.000,0.00,-4.90,0.00,1.97,0.00,197.00,0.0%,1200.00,-30.00,HI,-50.00,-50.00
2026-09-28 08:14:40.032,DEMO_MODE,F1,200,3,0.10,-14.44,0.54,50.00,20.0,20.0,0.00,0.00,0.00,89.38,0.54,50.00,0.10,-14.44,6,63,6,63,20.0%,20.0%,100.000,0.000,0.00,-4.90,0.00,1.97,0.00,197.00,0.0%,1200.00,-30.00,HI,-50.00,-50.00
2026-09-28 08:14:40.152,DEMO_MODE,F1,200,3,0.10,-14.44,0.54,50.00,20.0,20.0,0.00,0.00,0.00,89.38,0.54,50.00,0.10,-14.44,6,63,6,63,20.0%,20.0%,100.000,0.000,0.00,-4.90,0.00,1.97,0.00,197.00,0.0%,1200.00,-30.00,HI,-50.00,-50.00
2026-09-28 08:14:40.273,DEMO_MODE,F1,200,3,0.10,-14.44,0.54,50.00,20.0,20.0,0.00,0.00,0.00,89.38,0.54,50.00,0.10,-14.44,6,63,6,63,20.0%,20.0%,100.000,0.000,0.00,-4.90,0.00,1.97,0.00,197.00,0.0%,1200.00,-30.00,HI,-50.00,-50.00
2026-09-28 08:14:40.394,DEMO_MODE,F1,200,3,0.10,-14.44,0.54,50.00,20.0,20.0,0.00,0.00,0.00,89.38,0.54,50.00,0.10,-14.44,6,63,6,63,20.0%,20.0%,100.000,0.000,0.00,-4.90,0.00,1.97,0.00,197.00,0.0%,1200.00,-30.00,HI,-50.00,-50.00
2026-09-28 08:14:40.515,DEMO_MODE,F1,200,3,0.10,-14.44,0.54,50.00,20.0,20.0,0.00,0.00,0.00,89.38,0.54,50.00,0.10,-14.44,6,63,6,63,20.0%,20.0%,100.000,0.000,0.00,-4.90,0.00,1.97,0.00,197.00,0.0%,1200.00,-30.00,HI,-50.00,-50.00
2026-09-28 08:14:40.636,DEMO_MODE,F1,200,3,0.10,-14.44,0.54,50.00,20.0,20.0,0.00,0.00,0.00,89.38,0.54,50.00,0.10,-14.44,6,63,6,63,20.0%,20.0%,100.000,0.000,0.00,-4.90,0.00,1.97,0.00,197.00,0.0%,1200.00,-30.00,HI,-50.00,-50.00
2026-09-28 08:14:40.757,DEMO_MODE,F1,200,3,0.10,-14.44,0.54,50.00,20.0,20.0,0.00,0.00,0.00,89.38,0.54,50.00,0.10,-14.44,6,63,6,63,20.0%,20.0%,100.000,0.000,0.00,-4.90,0.00,1.97,0.00,197.00,0.0%,1200.00,-30.00,HI,-50.00,-50.00
2026-09-28 08:14:40.878,DEMO_MODE,F1,200,3,0.10,-14.44,0.54,50.00,20.0,20.0,0.00,0.00,0.00,89.38,0.54,50.00,0.10,-14.44,6,63,6,63,20.0%,20.0%,100.000,0.000,0.00,-4.90,0.00,1.97,0.00,197.00,0.0%,1200.00,-30.00,HI,-50.00,-50.00
2026-09-28 08:14:40.999,DEMO_MODE,F1,200,3,0.10,-14.44,0.54,50.00,20.0,20.0,0.00,0.00,0.00,89.38,0.54,50.00,0.10,-14.44,6,63,6,63,20.0%,20.0%,100.000,0.000,0.00,-4.90,0.00,1.97,0.00,197.00,0.0%,1200.00,-30.00,HI,-50.00,-50.00
2026-09-28 08:14:41.120,DEMO_MODE,F1,200,3,0.10,-14.44,0.54,50.00,20.0,20.0,0.00,0.00,0.00,89.38,0.54,50.00,0.10,-14.44,6,63,6,63,20.0%,20.0%,100.000,0.000,0.00,-4.90,0.00,1.97,0.00,197.00,0.0%,1200.00,-30.00,HI,-50.00,-50.00
2026-09-28 08:14:41.240,DEMO_MODE,F1,200,3,0.10,-14.44,0.54,50.00,20.0,20.0,0.00,0.00,0.00,89.38,0.54,50.00,0.10,-14.44,6,63,6,63,20.0%,20.0%,100.000,0.000,0.00,-4.90,0.00,1.97,0.00,197.00,0.0%,1200.00,-30.00,HI,-50.00,-50.00
2026-09-28 08:14:41.361,DEMO_MODE,F1,200,3,0.10,-14.44,0.54,50.00,20.0,20.0,0.00,0.00,0.00,89.38,0.54,50.00,0.10,-14.44,6,63,6,63,20.0%,20.0%,100.000,0.000,0.00,-4.90,0.00,1.97,0.00,197.00,0.0%,1200.00,-30.00,HI,-50.00,-50.00
2026-09-28 08:14:41.481,DEMO_MODE,F1,200,3,0.10,-14.44,0.54,50.00,20.0,20.0,0.00,0.00,0.00,89.38,0.54,50.00,0.10,-14.44,6,63,6,63,20.0%,20.0%,100.000,0.000,0.00,-4.90,0.00,1.97,0.00,197.00,0.0%,1200.00,-30.00,HI,-50.00,-50.00
2026-09-28 08:14:41.602,DEMO_MODE,F1,200,3,0.10,-14.44,0.54,50.00,20.0,20.0,0.00,0.00,0.00,89.38,0.54,50.00,0.10,-14.44,6,63,6,63,20.0%,20.0%,100.000,0.000,0.00,-4.90,0.00,1.97,0.00,197.00,0.0%,1200.00,-30.00,HI,-50.00,-50.00
2026-09-28 08:14:41.722,DEMO_MODE,F1,200,3,0.10,-14.44,0.54,50.00,20.0,20.0,0.00,0.00,0.00,89.38,0.54,50.00,0.10,-14.44,6,63,6,63,20.0%,20.0%,100.000,0.000,0.00,-4.90,0.00,1.97,0.00,197.00,0.0%,1200.00,-30.00,HI,-50.00,-50.00
2026-09-28 08:14:41.843,DEMO_MODE,F1,200,3,0.10,-14.44,0.54,50.00,20.0,20.0,0.00,0.00,0.00,89.38,0.54,50.00,0.10,-14.44,6,63,6,63,20.0%,20.0%,100.000,0.000,0.00,-4.90,0.00,1.97,0.00,197.00,0.0%,1200.00,-30.00,HI,-50.00,-50.00
2026-09-28 08:14:41.964,DEMO_MODE,F1,200,3,0.10,-14.44,0.54,50.00,20.0,20.0,0.00,0.00,0.00,89.38,0.54,50.00,0.10,-14.44,6,63,6,63,20.0%,20.0%,100.000,0.000,0.00,-4.90,0.00,1.97,0.00,197.00,0.0%,1200.00,-30.00,HI,-50.00,-50.00
2026-09-28 08:14:42.084,DEMO_MODE,F1,200,3,0.10,-14.44,0.54,50.00,20.0,20.0,0.00,0.00,0.00,89.38,0.54,50.00,0.10,-14.44,6,63,6,63,20.0%,20.0%,100.000,0.000,0.00,-4.90,0.00,1.97,0.00,197.00,0.0%,1200.00,-30.00,HI,-50.00,-50.00
2026-09-28 08:14:42.205,DEMO_MODE,F1,200,3,0.10,-14.44,0.54,50.00,20.0,20.0,0.00,0.00,0.00,89.38,0.54,50.00,0.10,-14.44,6,63,6,63,20.0%,20.0%,100.000,0.000,0.00,-4.90,0.00,1.97,0.00,197.00,0.0%,1200.00,-30.00,HI,-50.00,-50.00
2026-09-28 08:14:42.326,DEMO_MODE,F1,200,3,0.10,-14.44,0.54,50.00,20.0,20.0,0.00,0.00,0.00,89.38,0.54,50.00,0.10,-14.44,6,63,6,63,20.0%,20.0%,100.000,0.000,0.00,-4.90,0.00,1.97,0.00,197.00,0.0%,1200.00,-30.00,HI,-50.00,-50.00
2026-09-28 08:14:42.447,DEMO_MODE,F1,200,3,0.10,-14.44,0.54,50.00,20.0,20.0,0.00,0.00,0.00,89.38,0.54,50.00,0.10,-14.44,6,63,6,63,20.0%,20.0%,100.000,0.000,0.00,-4.90,0.00,1.97,0.00,197.00,0.0%,1200.00,-30.00,HI,-50.00,-50.00
2026-09-28 08:14:42.567,DEMO_MODE,F1,200,3,0.10,-14.44,0.54,50.00,20.0,20.0,0.00,0.00,0.00,89.38,0.54,50.00,0.10,-14.44,6,63,6,63,20.0%,20.0%,100.000,0.000,0.00,-4.90,0.00,1.97,0.00,197.00,0.0%,1200.00,-30.00,HI,-50.00,-50.00
2026-09-28 08:14:42.688,DEMO_MODE,F1,200,3,0.10,-14.44,0.54,50.00,20.0,20.0,0.00,0.00,0.00,89.38,0.54,50.00,0.10,-14.44,6,63,6,63,20.0%,20.0%,100.000,0.000,0.00,-4.90,0.00,1.97,0.00,197.00,0.0%,1200.00,-30.00,HI,-50.00,-50.00
2026-09-28 08:14:42.809,DEMO_MODE,F1,200,3,0.10,-14.44,0.54,50.00,20.0,20.0,0.00,0.00,0.00,89.38,0.54,50.00,0.10,-14.44,6,63,6,63,20.0%,20.0%,100.000,0.000,0.00,-4.90,0.00,1.97,0.00,197.00,0.0%,1200.00,-30.00,HI,-50.00,-50.00
2026-09-28 08:14:42.929,DEMO_MODE,F1,300,3,0.10,-14.44,0.54,50.00,30.0,24.0,0.00,0.00,0.00,89.38,0.54,50.00,0.10,-14.44,6,63,6,63,30.0%,24.0%,150.000,0.000,0.00,-4.90,0.00,1.98,0.00,297.00,0.0%,1200.00,-20.00,HI,-50.00,-50.00
2026-09-28 08:14:43.049,DEMO_MODE,F1,300,3,0.10,-14.44,0.54,50.00,30.0,24.0,0.00,0.00,0.00,89.38,0.54,50.00,0.10,-14.44,6,63,6,63,30.0%,24.0%,150.000,0.000,0.00,-4.90,0.00,1.98,0.00,297.00,0.0%,1200.00,-20.00,HI,-50.00,-50.00
2026-09-28 08:14:43.170,DEMO_MODE,F1,300,3,0.10,-14.44,0.54,50.00,30.0,24.0,0.00,0.00,0.00,89.38,0.54,50.00,0.10,-14.44,6,63,6,63,30.0%,24.0%,150.000,0.000,0.00,-4.90,0.00,1.98,0.00,297.00,0.0%,1200.00,-20.00,HI,-50.00,-50.00
2026-09-28 08:14:43.290,DEMO_MODE,F1,300,3,0.10,-14.44,0.54,50.00,30.0,24.0,0.00,0.00,0.00,89.38,0.54,50.00,0.10,-14.44,6,63,6,63,30.0%,24.0%,150.000,0.000,0.00,-4.90,0.00,1.98,0.00,297.00,0.0%,1200.00,-20.00,HI,-50.00,-50.00
2026-09-28 08:14:43.411,DEMO_MODE,F1,300,3,0.10,-14.44,0.54,50.00,30.0,24.0,0.00,0.00,0.00,89.38,0.54,50.00,0.10,-14.44,6,63,6,63,30.0%,24.0%,150.000,0.000,0.00,-4.90,0.00,1.98,0.00,297.00,0.0%,1200.00,-20.00,HI,-50.00,-50.00
2026-09-28 08:14:43.532,DEMO_MODE,F1,300,3,0.10,-14.44,0.54,50.00,30.0,24.0,0.00,0.00,0.00,89.38,0.54,50.00,0.10,-14.44,6,63,6,63,30.0%,24.0%,150.000,0.000,0.00,-4.90,0.00,1.98,0.00,297.00,0.0%,1200.00,-20.00,HI,-50.00,-50.00
2026-09-28 08:14:43.652,DEMO_MODE,F1,300,3,0.10,-14.44,0.54,50.00,30.0,24.0,0.00,0.00,0.00,89.38,0.54,50.00,0.10,-14.44,6,63,6,63,30.0%,24.0%,150.000,0.000,0.00,-4.90,0.00,1.98,0.00,297.00,0.0%,1200.00,-20.00,HI,-50.00,-50.00
2026-09-28 08:14:43.773,DEMO_MODE,F1,300,3,0.10,-14.44,0.54,50.00,30.0,24.0,0.00,0.00,0.00,89.38,0.54,50.00,0.10,-14.44,6,63,6,63,30.0%,24.0%,150.000,0.000,0.00,-4.90,0.00,1.98,0.00,297.00,0.0%,1200.00,-20.00,HI,-50.00,-50.00
2026-09-28 08:14:43.894,DEMO_MODE,F1,300,3,0.10,-14.44,0.54,50.00,30.0,24.0,0.00,0.00,0.00,89.38,0.54,50.00,0.10,-14.44,6,63,6,63,30.0%,24.0%,150.000,0.000,0.00,-4.90,0.00,1.98,0.00,297.00,0.0%,1200.00,-20.00,HI,-50.00,-50.00
2026-09-28 08:14:44.015,DEMO_MODE,F1,300,3,0.10,-14.44,0.54,50.00,30.0,24.0,0.00,0.00,0.00,89.38,0.54,50.00,0.10,-14.44,6,63,6,63,30.0%,24.0%,150.000,0.000,0.00,-4.90,0.00,1.98,0.00,297.00,0.0%,1200.00,-20.00,HI,-50.00,-50.00
2026-09-28 08:14:44.135,DEMO_MODE,F1,300,3,0.10,-14.44,0.54,50.00,30.0,24.0,0.00,0.00,0.00,89.38,0.54,50.00,0.10,-14.44,6,63,6,63,30.0%,24.0%,150.000,0.000,0.00,-4.90,0.00,1.98,0.00,297.00,0.0%,1200.00,-20.00,HI,-50.00,-50.00
2026-09-28 08:14:44.256,DEMO_MODE,F1,300,3,0.10,-14.44,0.54,50.00,30.0,24.0,0.00,0.00,0.00,89.38,0.54,50.00,0.10,-14.44,6,63,6,63,30.0%,24.0%,150.000,0.000,0.00,-4.90,0.00,1.98,0.00,297.00,0.0%,1200.00,-20.00,HI,-50.00,-50.00
2026-09-28 08:14:44.376,DEMO_MODE,F1,300,3,0.10,-14.44,0.54,50.00,30.0,24.0,0.00,0.00,0.00,89.38,0.54,50.00,0.10,-14.44,6,63,6,63,30.0%,24.0%,150.000,0.000,0.00,-4.90,0.00,1.98,0.00,297.00,0.0%,1200.00,-20.00,HI,-50.00,-50.00
2026-09-28 08:14:44.500,DEMO_MODE,F1,300,3,0.10,-14.44,0.54,50.00,30.0,24.0,0.00,0.00,0.00,89.38,0.54,50.00,0.10,-14.44,6,63,6,63,30.0%,24.0%,150.000,0.000,0.00,-4.90,0.00,1.98,0.00,297.00,0.0%,1200.00,-20.00,HI,-50.00,-50.00
2026-09-28 08:14:44.621,DEMO_MODE,F1,300,3,0.10,-14.44,0.54,50.00,30.0,24.0,0.00,0.00,0.00,89.38,0.54,50.00,0.10,-14.44,6,63,6,63,30.0%,24.0%,150.000,0.000,0.00,-4.90,0.00,1.98,0.00,297.00,0.0%,1200.00,-20.00,HI,-50.00,-50.00
2026-09-28 08:14:44.741,DEMO_MODE,F1,300,3,0.10,-14.44,0.54,50.00,30.0,24.0,0.00,0.00,0.00,89.38,0.54,50.00,0.10,-14.44,6,63,6,63,30.0%,24.0%,150.000,0.000,0.00,-4.90,0.00,1.98,0.00,297.00,0.0%,1200.00,-20.00,HI,-50.00,-50.00
2026-09-28 08:14:44.862,DEMO_MODE,F1,300,3,0.10,-14.44,0.54,50.00,30.0,24.0,0.00,0.00,0.00,89.38,0.54,50.00,0.10,-14.44,6,63,6,63,30.0%,24.0%,150.000,0.000,0.00,-4.90,0.00,1.98,0.00,297.00,0.0%,1200.00,-20.00,HI,-50.00,-50.00
2026-09-28 08:14:44.983,DEMO_MODE,F1,300,3,0.10,-14.44,0.54,50.00,30.0,24.0,0.00,0.00,0.00,89.38,0.54,50.00,0.10,-14.44,6,63,6,63,30.0%,24.0%,150.000,0.000,0.00,-4.90,0.00,1.98,0.00,297.00,0.0%,1200.00,-20.00,HI,-50.00,-50.00
2026-09-28 08:14:45.104,DEMO_MODE,F1,300,3,0.10,-14.44,0.54,50.00,30.0,24.0,0.00,0.00,0.00,89.38,0.54,50.00,0.10,-14.44,6,63,6,63,30.0%,24.0%,150.000,0.000,0.00,-4.90,0.00,1.98,0.00,297.00,0.0%,1200.00,-20.00,HI,-50.00,-50.00
2026-09-28 08:14:45.224,DEMO_MODE,F1,300,3,0.10,-14.44,0.54,50.00,30.0,24.0,0.00,0.00,0.00,89.38,0.54,50.00,0.10,-14.44,6,63,6,63,30.0%,24.0%,150.000,0.000,0.00,-4.90,0.00,1.98,0.00,297.00,0.0%,1200.00,-20.00,HI,-50.00,-50.00
2026-09-28 08:14:45.346,DEMO_MODE,F1,300,3,0.10,-14.44,0.54,50.00,30.0,24.0,0.00,0.00,0.00,89.38,0.54,50.00,0.10,-14.44,6,63,6,63,30.0%,24.0%,150.000,0.000,0.00,-4.90,0.00,1.98,0.00,297.00,0.0%,1200.00,-20.00,HI,-50.00,-50.00
2026-09-28 08:14:45.467,DEMO_MODE,F1,300,3,0.10,-14.44,0.54,50.00,30.0,24.0,0.00,0.00,0.00,89.38,0.54,50.00,0.10,-14.44,6,63,6,63,30.0%,24.0%,150.000,0.000,0.00,-4.90,0.00,1.98,0.00,297.00,0.0%,1200.00,-20.00,HI,-50.00,-50.00
2026-09-28 08:14:45.588,DEMO_MODE,F1,300,3,0.10,-14.44,0.54,50.00,30.0,24.0,0.00,0.00,0.00,89.38,0.54,50.00,0.10,-14.44,6,63,6,63,30.0%,24.0%,150.000,0.000,0.00,-4.90,0.00,1.98,0.00,297.00,0.0%,1200.00,-20.00,HI,-50.00,-50.00
2026-09-28 08:14:45.709,DEMO_MODE,F1,300,3,0.10,-14.44,0.54,50.00,30.0,24.0,0.00,0.00,0.00,89.38,0.54,50.00,0.10,-14.44,6,63,6,63,30.0%,24.0%,150.000,0.000,0.00,-4.90,0.00,1.98,0.00,297.00,0.0%,1200.00,-20.00,HI,-50.00,-50.00
2026-09-28 08:14:45.830,DEMO_MODE,F1,300,3,0.10,-14.44,0.54,50.00,30.0,24.0,0.00,0.00,0.00,89.38,0.54,50.00,0.10,-14.44,6,63,6,63,30.0%,24.0%,150.000,0.000,0.00,-4.90,0.00,1.98,0.00,297.00,0.0%,1200.00,-20.00,HI,-50.00,-50.00
2026-09-28 08:14:45.950,DEMO_MODE,F1,300,3,0.10,-14.44,0.54,50.00,30.0,24.0,0.00,0.00,0.00,89.38,0.54,50.00,0.10,-14.44,6,63,6,63,30.0%,24.0%,150.000,0.000,0.00,-4.90,0.00,1.98,0.00,297.00,0.0%,1200.00,-20.00,HI,-50.00,-50.00
2026-09-28 08:14:46.071,DEMO_MODE,F1,300,3,0.10,-14.44,0.54,50.00,30.0,24.0,0.00,0.00,0.00,89.38,0.54,50.00,0.10,-14.44,6,63,6,63,30.0%,24.0%,150.000,0.000,0.00,-4.90,0.00,1.98,0.00,297.00,0.0%,1200.00,-20.00,HI,-50.00,-50.00
2026-09-28 08:14:46.192,DEMO_MODE,F1,300,3,0.10,-14.44,0.54,50.00,30.0,24.0,0.00,0.00,0.00,89.38,0.54,50.00,0.10,-14.44,6,63,6,63,30.0%,24.0%,150.000,0.000,0.00,-4.90,0.00,1.98,0.00,297.00,0.0%,1200.00,-20.00,HI,-50.00,-50.00
2026-09-28 08:14:46.312,DEMO_MODE,F1,300,3,0.10,-14.44,0.54,50.00,30.0,24.0,0.00,0.00,0.00,89.38,0.54,50.00,0.10,-14.44,6,63,6,63,30.0%,24.0%,150.000,0.000,0.00,-4.90,0.00,1.98,0.00,297.00,0.0%,1200.00,-20.00,HI,-50.00,-50.00
2026-09-28 08:14:46.433,DEMO_MODE,F1,300,3,0.10,-14.44,0.54,50.00,30.0,24.0,0.00,0.00,0.00,89.38,0.54,50.00,0.10,-14.44,6,63,6,63,30.0%,24.0%,150.000,0.000,0.00,-4.90,0.00,1.98,0.00,297.00,0.0%,1200.00,-20.00,HI,-50.00,-50.00
2026-09-28 08:14:46.553,DEMO_MODE,F1,300,3,0.10,-14.44,0.54,50.00,30.0,24.0,0.00,0.00,0.00,89.38,0.54,50.00,0.10,-14.44,6,63,6,63,30.0%,24.0%,150.000,0.000,0.00,-4.90,0.00,1.98,0.00,297.00,0.0%,1200.00,-20.00,HI,-50.00,-50.00
2026-09-28 08:14:46.674,DEMO_MODE,F1,300,3,0.10,-14.44,0.54,50.00,30.0,24.0,0.00,0.00,0.00,89.38,0.54,50.00,0.10,-14.44,6,63,6,63,30.0%,24.0%,150.000,0.000,0.00,-4.90,0.00,1.98,0.00,297.00,0.0%,1200.00,-20.00,HI,-50.00,-50.00
2026-09-28 08:14:46.795,DEMO_MODE,F1,300,3,0.10,-14.44,0.54,50.00,30.0,24.0,0.00,0.00,0.00,89.38,0.54,50.00,0.10,-14.44,6,63,6,63,30.0%,24.0%,150.000,0.000,0.00,-4.90,0.00,1.98,0.00,297.00,0.0%,1200.00,-20.00,HI,-50.00,-50.00
2026-09-28 08:14:46.916,DEMO_MODE,F1,300,3,0.10,-14.44,0.54,50.00,30.0,24.0,0.00,0.00,0.00,89.38,0.54,50.00,0.10,-14.44,6,63,6,63,30.0%,24.0%,150.000,0.000,0.00,-4.90,0.00,1.98,0.00,297.00,0.0%,1200.00,-20.00,HI,-50.00,-50.00
2026-09-28 08:14:47.036,DEMO_MODE,F1,300,3,0.10,-14.44,0.54,50.00,30.0,24.0,0.00,0.00,0.00,89.38,0.54,50.00,0.10,-14.44,6,63,6,63,30.0%,24.0%,150.000,0.000,0.00,-4.90,0.00,1.98,0.00,297.00,0.0%,1200.00,-20.00,HI,-50.00,-50.00
2026-09-28 08:14:47.157,DEMO_MODE,F1,300,3,0.10,-14.44,0.54,50.00,30.0,24.0,0.00,0.00,0.00,89.38,0.54,50.00,0.10,-14.44,6,63,6,63,30.0%,24.0%,150.000,0.000,0.00,-4.90,0.00,1.98,0.00,297.00,0.0%,1200.00,-20.00,HI,-50.00,-50.00
2026-09-28 08:14:47.278,DEMO_MODE,F1,300,3,0.10,-14.44,0.54,50.00,30.0,24.0,0.00,0.00,0.00,89.38,0.54,50.00,0.10,-14.44,6,63,6,63,30.0%,24.0%,150.000,0.000,0.00,-4.90,0.00,1.98,0.00,297.00,0.0%,1200.00,-20.00,HI,-50.00,-50.00
2026-09-28 08:14:47.399,DEMO_MODE,F1,300,3,0.10,-14.44,0.54,50.00,30.0,24.0,0.00,0.00,0.00,89.38,0.54,50.00,0.10,-14.44,6,63,6,63,30.0%,24.0%,150.000,0.000,0.00,-4.90,0.00,1.98,0.00,297.00,0.0%,1200.00,-20.00,HI,-50.00,-50.00
2026-09-28 08:14:47.525,DEMO_MODE,F1,300,3,0.10,-14.44,0.54,50.00,30.0,24.0,0.00,0.00,0.00,89.38,0.54,50.00,0.10,-14.44,6,63,6,63,30.0%,24.0%,150.000,0.000,0.00,-4.90,0.00,1.98,0.00,297.00,0.0%,1200.00,-20.00,HI,-50.00,-50.00
2026-09-28 08:14:47.645,DEMO_MODE,F1,300,3,0.10,-14.44,0.54,50.00,30.0,24.0,0.00,0.00,0.00,89.38,0.54,50.00,0.10,-14.44,6,63,6,63,30.0%,24.0%,150.000,0.000,0.00,-4.90,0.00,1.98,0.00,297.00,0.0%,1200.00,-20.00,HI,-50.00,-50.00
2026-09-28 08:14:47.771,DEMO_MODE,F1,300,3,0.10,-14.44,0.54,50.00,30.0,24.0,0.00,0.00,0.00,89.38,0.54,50.00,0.10,-14.44,6,63,6,63,30.0%,24.0%,150.000,0.000,0.00,-4.90,0.00,1.98,0.00,297.00,0.0%,1200.00,-20.00,HI,-50.00,-50.00
2026-09-28 08:14:47.892,DEMO_MODE,F1,300,3,0.10,-14.44,0.54,50.00,30.0,24.0,0.00,0.00,0.00,89.38,0.54,50.00,0.10,-14.44,6,63,6,63,30.0%,24.0%,150.000,0.000,0.00,-4.90,0.00,1.98,0.00,297.00,0.0%,1200.00,-20.00,HI,-50.00,-50.00
2026-09-28 08:14:48.017,DEMO_MODE,F1,300,3,0.10,-14.44,0.54,50.00,30.0,28.0,0.00,0.00,0.00,89.38,0.54,50.00,0.10,-14.44,6,63,6,63,30.0%,28.0%,150.000,0.000,0.00,-4.90,0.00,1.98,0.00,297.00,0.0%,1200.00,-20.00,HI,-50.00,-50.00
2026-09-28 08:14:48.138,DEMO_MODE,F1,300,3,0.10,-14.44,0.54,50.00,30.0,28.0,0.00,0.00,0.00,89.38,0.54,50.00,0.10,-14.44,6,63,6,63,30.0%,28.0%,150.000,0.000,0.00,-4.90,0.00,1.98,0.00,297.00,0.0%,1200.00,-20.00,HI,-50.00,-50.00
2026-09-28 08:14:48.265,DEMO_MODE,F1,300,3,0.10,-14.44,0.54,50.00,30.0,28.0,0.00,0.00,0.00,89.38,0.54,50.00,0.10,-14.44,6,63,6,63,30.0%,28.0%,150.000,0.000,0.00,-4.90,0.00,1.98,0.00,297.00,0.0%,1200.00,-20.00,HI,-50.00,-50.00
2026-09-28 08:14:48.386,DEMO_MODE,F1,300,3,0.10,-14.44,0.54,50.00,30.0,28.0,0.00,0.00,0.00,89.38,0.54,50.00,0.10,-14.44,6,63,6,63,30.0%,28.0%,150.000,0.000,0.00,-4.90,0.00,1.98,0.00,297.00,0.0%,1200.00,-20.00,HI,-50.00,-50.00
2026-09-28 08:14:48.512,DEMO_MODE,F1,300,3,0.10,-14.44,0.54,50.00,30.0,28.0,0.00,0.00,0.00,89.38,0.54,50.00,0.10,-14.44,6,63,6,63,30.0%,28.0%,150.000,0.000,0.00,-4.90,0.00,1.98,0.00,297.00,0.0%,1200.00,-20.00,HI,-50.00,-50.00
2026-09-28 08:14:48.633,DEMO_MODE,F1,300,3,0.10,-14.44,0.54,50.00,30.0,28.0,0.00,0.00,0.00,89.38,0.54,50.00,0.10,-14.44,6,63,6,63,30.0%,28.0%,150.000,0.000,0.00,-4.90,0.00,1.98,0.00,297.00,0.0%,1200.00,-20.00,HI,-50.00,-50.00
2026-09-28 08:14:48.759,DEMO_MODE,F1,300,3,0.10,-14.44,0.54,50.00,30.0,28.0,0.00,0.00,0.00,89.38,0.54,50.00,0.10,-14.44,6,63,6,63,30.0%,28.0%,150.000,0.000,0.00,-4.90,0.00,1.98,0.00,297.00,0.0%,1200.00,-20.00,HI,-50.00,-50.00
2026-09-28 08:14:48.880,DEMO_MODE,F1,300,3,0.10,-14.44,0.54,50.00,30.0,28.0,0.00,0.00,0.00,89.38,0.54,50.00,0.10,-14.44,6,63,6,63,30.0%,28.0%,150.000,0.000,0.00,-4.90,0.00,1.98,0.00,297.00,0.0%,1200.00,-20.00,HI,-50.00,-50.00
2026-09-28 08:14:49.007,DEMO_MODE,F1,300,4,0.10,-14.44,0.54,50.00,30.0,28.0,0.00,0.00,0.00,89.38,0.54,50.00,0.10,-14.44,6,63,6,63,30.0%,28.0%,150.000,0.000,0.00,-4.90,0.00,1.97,0.00,296.00,0.0%,1200.00,-20.00,HI,-50.00,-50.00
2026-09-28 08:14:49.128,DEMO_MODE,F1,300,4,0.10,-14.44,0.54,50.00,30.0,28.0,0.00,0.00,0.00,89.38,0.54,50.00,0.10,-14.44,6,63,6,63,30.0%,28.0%,150.000,0.000,0.00,-4.90,0.00,1.97,0.00,296.00,0.0%,1200.00,-20.00,HI,-50.00,-50.00
2026-09-28 08:14:49.254,DEMO_MODE,F1,300,4,0.10,-14.44,0.54,50.00,30.0,28.0,0.00,0.00,0.00,89.38,0.54,50.00,0.10,-14.44,6,63,6,63,30.0%,28.0%,150.000,0.000,0.00,-4.90,0.00,1.97,0.00,296.00,0.0%,1200.00,-20.00,HI,-50.00,-50.00
2026-09-28 08:14:49.375,DEMO_MODE,F1,300,4,0.10,-14.44,0.54,50.00,30.0,28.0,0.00,0.00,0.00,89.38,0.54,50.00,0.10,-14.44,6,63,6,63,30.0%,28.0%,150.000,0.000,0.00,-4.90,0.00,1.97,0.00,296.00,0.0%,1200.00,-20.00,HI,-50.00,-50.00
2026-09-28 08:14:49.496,DEMO_MODE,F1,300,4,0.10,-14.44,0.54,50.00,30.0,28.0,0.00,0.00,0.00,89.38,0.54,50.00,0.10,-14.44,6,63,6,63,30.0%,28.0%,150.000,0.000,0.00,-4.90,0.00,1.97,0.00,296.00,0.0%,1200.00,-20.00,HI,-50.00,-50.00
2026-09-28 08:14:49.617,DEMO_MODE,F1,300,4,0.10,-14.44,0.54,50.00,30.0,28.0,0.00,0.00,0.00,89.38,0.54,50.00,0.10,-14.44,6,63,6,63,30.0%,28.0%,150.000,0.000,0.00,-4.90,0.00,1.97,0.00,296.00,0.0%,1200.00,-20.00,HI,-50.00,-50.00
2026-09-28 08:14:49.737,DEMO_MODE,F1,300,4,0.10,-14.44,0.54,50.00,30.0,28.0,0.00,0.00,0.00,89.38,0.54,50.00,0.10,-14.44,6,63,6,63,30.0%,28.0%,150.000,0.000,0.00,-4.90,0.00,1.97,0.00,296.00,0.0%,1200.00,-20.00,HI,-50.00,-50.00
2026-09-28 08:14:49.858,DEMO_MODE,F1,300,4,0.10,-14.44,0.54,50.00,30.0,28.0,0.00,0.00,0.00,89.38,0.54,50.00,0.10,-14.44,6,63,6,63,30.0%,28.0%,150.000,0.000,0.00,-4.90,0.00,1.97,0.00,296.00,0.0%,1200.00,-20.00,HI,-50.00,-50.00
2026-09-28 08:14:49.980,DEMO_MODE,F1,300,4,0.10,-14.44,0.54,50.00,30.0,28.0,0.00,0.00,0.00,89.38,0.54,50.00,0.10,-14.44,6,63,6,63,30.0%,28.0%,150.000,0.000,0.00,-4.90,0.00,1.97,0.00,296.00,0.0%,1200.00,-20.00,HI,-50.00,-50.00
2026-09-28 08:14:50.101,DEMO_MODE,F1,300,4,0.10,-14.44,0.54,50.00,30.0,28.0,0.00,0.00,0.00,89.38,0.54,50.00,0.10,-14.44,6,63,6,63,30.0%,28.0%,150.000,0.000,0.00,-4.90,0.00,1.97,0.00,296.00,0.0%,1200.00,-20.00,HI,-50.00,-50.00
2026-09-28 08:14:50.222,DEMO_MODE,F1,300,4,0.10,-14.44,0.54,50.00,30.0,28.0,0.00,0.00,0.00,89.38,0.54,50.00,0.10,-14.44,6,63,6,63,30.0%,28.0%,150.000,0.000,0.00,-4.90,0.00,1.97,0.00,296.00,0.0%,1200.00,-20.00,HI,-50.00,-50.00
2026-09-28 08:14:50.343,DEMO_MODE,F1,300,4,0.10,-14.44,0.54,50.00,30.0,28.0,0.00,0.00,0.00,89.38,0.54,50.00,0.10,-14.44,6,63,6,63,30.0%,28.0%,150.000,0.000,0.00,-4.90,0.00,1.97,0.00,296.00,0.0%,1200.00,-20.00,HI,-50.00,-50.00
2026-09-28 08:14:50.463,DEMO_MODE,F1,300,4,0.10,-14.44,0.54,50.00,30.0,28.0,0.00,0.00,0.00,89.38,0.54,50.00,0.10,-14.44,6,63,6,63,30.0%,28.0%,150.000,0.000,0.00,-4.90,0.00,1.97,0.00,296.00,0.0%,1200.00,-20.00,HI,-50.00,-50.00
2026-09-28 08:14:50.584,DEMO_MODE,F1,300,4,0.10,-14.44,0.54,50.00,30.0,28.0,0.00,0.00,0.00,89.38,0.54,50.00,0.10,-14.44,6,63,6,63,30.0%,28.0%,150.000,0.000,0.00,-4.90,0.00,1.97,0.00,296.00,0.0%,1200.00,-20.00,HI,-50.00,-50.00
2026-09-28 08:14:50.705,DEMO_MODE,F1,300,4,0.10,-14.44,0.54,50.00,30.0,28.0,0.00,0.00,0.00,89.38,0.54,50.00,0.10,-14.44,6,63,6,63,30.0%,28.0%,150.000,0.000,0.00,-4.90,0.00,1.97,0.00,296.00,0.0%,1200.00,-20.00,HI,-50.00,-50.00
2026-09-28 08:14:50.825,DEMO_MODE,F1,300,4,0.10,-14.44,0.54,50.00,30.0,28.0,0.00,0.00,0.00,89.38,0.54,50.00,0.10,-14.44,6,63,6,63,30.0%,28.0%,150.000,0.000,0.00,-4.90,0.00,1.97,0.00,296.00,0.0%,1200.00,-20.00,HI,-50.00,-50.00
2026-09-28 08:14:50.946,DEMO_MODE,F1,300,4,0.10,-14.44,0.54,50.00,30.0,28.0,0.00,0.00,0.00,89.38,0.54,50.00,0.10,-14.44,6,63,6,63,30.0%,28.0%,150.000,0.000,0.00,-4.90,0.00,1.97,0.00,296.00,0.0%,1200.00,-20.00,HI,-50.00,-50.00
2026-09-28 08:14:51.066,DEMO_MODE,F1,300,4,0.10,-14.44,0.54,50.00,30.0,28.0,0.00,0.00,0.00,89.38,0.54,50.00,0.10,-14.44,6,63,6,63,30.0%,28.0%,150.000,0.000,0.00,-4.90,0.00,1.97,0.00,296.00,0.0%,1200.00,-20.00,HI,-50.00,-50.00
2026-09-28 08:14:51.187,DEMO_MODE,F1,300,4,0.10,-14.44,0.54,50.00,30.0,28.0,0.00,0.00,0.00,89.38,0.54,50.00,0.10,-14.44,6,63,6,63,30.0%,28.0%,150.000,0.000,0.00,-4.90,0.00,1.97,0.00,296.00,0.0%,1200.00,-20.00,HI,-50.00,-50.00
2026-09-28 08:14:51.308,DEMO_MODE,F1,300,4,0.10,-14.44,0.54,50.00,30.0,28.0,0.00,0.00,0.00,89.38,0.54,50.00,0.10,-14.44,6,63,6,63,30.0%,28.0%,150.000,0.000,0.00,-4.90,0.00,1.97,0.00,296.00,0.0%,1200.00,-20.00,HI,-50.00,-50.00
2026-09-28 08:14:51.429,DEMO_MODE,F1,300,4,0.10,-14.44,0.54,50.00,30.0,28.0,0.00,0.00,0.00,89.38,0.54,50.00,0.10,-14.44,6,63,6,63,30.0%,28.0%,150.000,0.000,0.00,-4.90,0.00,1.97,0.00,296.00,0.0%,1200.00,-20.00,HI,-50.00,-50.00
2026-09-28 08:14:51.550,DEMO_MODE,F1,300,4,0.10,-14.44,0.54,50.00,30.0,28.0,0.00,0.00,0.00,89.38,0.54,50.00,0.10,-14.44,6,63,6,63,30.0%,28.0%,150.000,0.000,0.00,-4.90,0.00,1.97,0.00,296.00,0.0%,1200.00,-20.00,HI,-50.00,-50.00
2026-09-28 08:14:51.671,DEMO_MODE,F1,300,4,0.10,-14.44,0.54,50.00,30.0,28.0,0.00,0.00,0.00,89.38,0.54,50.00,0.10,-14.44,6,63,6,63,30.0%,28.0%,150.000,0.000,0.00,-4.90,0.00,1.97,0.00,296.00,0.0%,1200.00,-20.00,HI,-50.00,-50.00
2026-09-28 08:14:51.791,DEMO_MODE,F1,300,4,0.10,-14.44,0.54,50.00,30.0,28.0,0.00,0.00,0.00,89.38,0.54,50.00,0.10,-14.44,6,63,6,63,30.0%,28.0%,150.000,0.000,0.00,-4.90,0.00,1.97,0.00,296.00,0.0%,1200.00,-20.00,HI,-50.00,-50.00
2026-09-28 08:14:51.912,DEMO_MODE,F1,300,4,0.10,-14.44,0.54,50.00,30.0,28.0,0.00,0.00,0.00,89.38,0.54,50.00,0.10,-14.44,6,63,6,63,30.0%,28.0%,150.000,0.000,0.00,-4.90,0.00,1.97,0.00,296.00,0.0%,1200.00,-20.00,HI,-50.00,-50.00
2026-09-28 08:14:52.033,DEMO_MODE,F1,300,4,0.10,-14.44,0.54,50.00,30.0,28.0,0.00,0.00,0.00,89.38,0.54,50.00,0.10,-14.44,6,63,6,63,30.0%,28.0%,150.000,0.000,0.00,-4.90,0.00,1.97,0.00,296.00,0.0%,1200.00,-20.00,HI,-50.00,-50.00
2026-09-28 08:14:52.154,DEMO_MODE,F1,300,4,0.10,-14.44,0.54,50.00,30.0,28.0,0.00,0.00,0.00,89.38,0.54,50.00,0.10,-14.44,6,63,6,63,30.0%,28.0%,150.000,0.000,0.00,-4.90,0.00,1.97,0.00,296.00,0.0%,1200.00,-20.00,HI,-50.00,-50.00
2026-09-28 08:14:52.280,DEMO_MODE,F1,300,4,0.10,-14.44,0.54,50.00,30.0,28.0,0.00,0.00,0.00,89.38,0.54,50.00,0.10,-14.44,6,63,6,63,30.0%,28.0%,150.000,0.000,0.00,-4.90,0.00,1.97,0.00,296.00,0.0%,1200.00,-20.00,HI,-50.00,-50.00
2026-09-28 08:14:52.401,DEMO_MODE,F1,300,4,0.10,-14.44,0.54,50.00,30.0,28.0,0.00,0.00,0.00,89.38,0.54,50.00,0.10,-14.44,6,63,6,63,30.0%,28.0%,150.000,0.000,0.00,-4.90,0.00,1.97,0.00,296.00,0.0%,1200.00,-20.00,HI,-50.00,-50.00
2026-09-28 08:14:52.527,DEMO_MODE,F1,300,4,0.10,-14.44,0.54,50.00,30.0,28.0,0.00,0.00,0.00,89.38,0.54,50.00,0.10,-14.44,6,63,6,63,30.0%,28.0%,150.000,0.000,0.00,-4.90,0.00,1.97,0.00,296.00,0.0%,1200.00,-20.00,HI,-50.00,-50.00
2026-09-28 08:14:52.648,DEMO_MODE,F1,300,4,0.10,-14.44,0.54,50.00,30.0,28.0,0.00,0.00,0.00,89.38,0.54,50.00,0.10,-14.44,6,63,6,63,30.0%,28.0%,150.000,0.000,0.00,-4.90,0.00,1.97,0.00,296.00,0.0%,1200.00,-20.00,HI,-50.00,-50.00
2026-09-28 08:14:52.775,DEMO_MODE,F1,300,4,0.10,-14.44,0.54,50.00,30.0,28.0,0.00,0.00,0.00,89.38,0.54,50.00,0.10,-14.44,6,63,6,63,30.0%,28.0%,150.000,0.000,0.00,-4.90,0.00,1.97,0.00,296.00,0.0%,1200.00,-20.00,HI,-50.00,-50.00
2026-09-28 08:14:52.896,DEMO_MODE,F1,300,4,0.10,-14.44,0.54,50.00,30.0,28.0,0.00,0.00,0.00,89.38,0.54,50.00,0.10,-14.44,6,63,6,63,30.0%,28.0%,150.000,0.000,0.00,-4.90,0.00,1.97,0.00,296.00,0.0%,1200.00,-20.00,HI,-50.00,-50.00
2026-09-28 08:14:53.023,DEMO_MODE,F1,300,4,0.10,-14.44,0.54,50.00,30.0,28.0,0.00,0.00,0.00,89.38,0.54,50.00,0.10,-14.44,6,63,6,63,30.0%,28.0%,150.000,0.000,0.00,-4.90,0.00,1.97,0.00,296.00,0.0%,1200.00,-20.00,HI,-50.00,-50.00
2026-09-28 08:14:53.143,DEMO_MODE,F1,400,4,0.10,-14.44,0.54,50.00,40.0,32.0,0.00,0.00,0.00,89.38,0.54,50.00,0.10,-14.44,6,63,6,63,40.0%,32.0%,200.000,0.000,0.00,-4.90,0.00,1.98,0.00,396.00,0.0%,1200.00,-10.00,HI,-50.00,-50.00
2026-09-28 08:14:53.269,DEMO_MODE,F1,400,4,0.10,-14.44,0.54,50.00,40.0,32.0,0.00,0.00,0.00,89.38,0.54,50.00,0.10,-14.44,6,63,6,63,40.0%,32.0%,200.000,0.000,0.00,-4.90,0.00,1.98,0.00,396.00,0.0%,1200.00,-10.00,HI,-50.00,-50.00
2026-09-28 08:14:53.389,DEMO_MODE,F1,400,4,0.10,-14.44,0.54,50.00,40.0,32.0,0.00,0.00,0.00,89.38,0.54,50.00,0.10,-14.44,6,63,6,63,40.0%,32.0%,200.000,0.000,0.00,-4.90,0.00,1.98,0.00,396.00,0.0%,1200.00,-10.00,HI,-50.00,-50.00
2026-09-28 08:14:53.515,DEMO_MODE,F1,400,4,0.10,-14.44,0.54,50.00,40.0,32.0,0.00,0.00,0.00,89.38,0.54,50.00,0.10,-14.44,6,63,6,63,40.0%,32.0%,200.000,0.000,0.00,-4.90,0.00,1.98,0.00,396.00,0.0%,1200.00,-10.00,HI,-50.00,-50.00
2026-09-28 08:14:53.646,DEMO_MODE,F1,400,4,0.10,-14.44,0.54,50.00,40.0,32.0,0.00,0.00,0.00,89.38,0.54,50.00,0.10,-14.44,6,63,6,63,40.0%,32.0%,200.000,0.000,0.00,-4.90,0.00,1.98,0.00,396.00,0.0%,1200.00,-10.00,HI,-50.00,-50.00
2026-09-28 08:14:53.772,DEMO_MODE,F1,400,4,0.10,-14.44,0.54,50.00,40.0,32.0,0.00,0.00,0.00,89.38,0.54,50.00,0.10,-14.44,6,63,6,63,40.0%,32.0%,200.000,0.000,0.00,-4.90,0.00,1.98,0.00,396.00,0.0%,1200.00,-10.00,HI,-50.00,-50.00
2026-09-28 08:14:53.893,DEMO_MODE,F1,400,4,0.10,-14.44,0.54,50.00,40.0,32.0,0.00,0.00,0.00,89.38,0.54,50.00,0.10,-14.44,6,63,6,63,40.0%,32.0%,200.000,0.000,0.00,-4.90,0.00,1.98,0.00,396.00,0.0%,1200.00,-10.00,HI,-50.00,-50.00
2026-09-28 08:14:54.018,DEMO_MODE,F1,400,4,0.10,-14.44,0.54,50.00,40.0,32.0,0.00,0.00,0.00,89.38,0.54,50.00,0.10,-14.44,6,63,6,63,40.0%,32.0%,200.000,0.000,0.00,-4.90,0.00,1.98,0.00,396.00,0.0%,1200.00,-10.00,HI,-50.00,-50.00
2026-09-28 08:14:54.140,DEMO_MODE,F1,400,4,0.10,-14.44,0.54,50.00,40.0,32.0,0.00,0.00,0.00,89.38,0.54,50.00,0.10,-14.44,6,63,6,63,40.0%,32.0%,200.000,0.000,0.00,-4.90,0.00,1.98,0.00,396.00,0.0%,1200.00,-10.00,HI,-50.00,-50.00
2026-09-28 08:14:54.265,DEMO_MODE,F1,400,4,0.10,-14.44,0.54,50.00,40.0,32.0,0.00,0.00,0.00,89.38,0.54,50.00,0.10,-14.44,6,63,6,63,40.0%,32.0%,200.000,0.000,0.00,-4.90,0.00,1.98,0.00,396.00,0.0%,1200.00,-10.00,HI,-50.00,-50.00
2026-09-28 08:14:54.386,DEMO_MODE,F1,400,4,0.10,-14.44,0.54,50.00,40.0,32.0,0.00,0.00,0.00,89.38,0.54,50.00,0.10,-14.44,6,63,6,63,40.0%,32.0%,200.000,0.000,0.00,-4.90,0.00,1.98,0.00,396.00,0.0%,1200.00,-10.00,HI,-50.00,-50.00
2026-09-28 08:14:54.512,DEMO_MODE,F1,400,4,0.10,-14.44,0.54,50.00,40.0,32.0,0.00,0.00,0.00,89.38,0.54,50.00,0.10,-14.44,6,63,6,63,40.0%,32.0%,200.000,0.000,0.00,-4.90,0.00,1.98,0.00,396.00,0.0%,1200.00,-10.00,HI,-50.00,-50.00
2026-09-28 08:14:54.633,DEMO_MODE,F1,400,4,0.10,-14.44,0.54,50.00,40.0,32.0,0.00,0.00,0.00,89.38,0.54,50.00,0.10,-14.44,6,63,6,63,40.0%,32.0%,200.000,0.000,0.00,-4.90,0.00,1.98,0.00,396.00,0.0%,1200.00,-10.00,HI,-50.00,-50.00
2026-09-28 08:14:54.760,DEMO_MODE,F1,400,4,0.10,-14.44,0.54,50.00,40.0,32.0,0.00,0.00,0.00,89.38,0.54,50.00,0.10,-14.44,6,63,6,63,40.0%,32.0%,200.000,0.000,0.00,-4.90,0.00,1.98,0.00,396.00,0.0%,1200.00,-10.00,HI,-50.00,-50.00
2026-09-28 08:14:54.881,DEMO_MODE,F1,400,4,0.10,-14.44,0.54,50.00,40.0,32.0,0.00,0.00,0.00,89.38,0.54,50.00,0.10,-14.44,6,63,6,63,40.0%,32.0%,200.000,0.000,0.00,-4.90,0.00,1.98,0.00,396.00,0.0%,1200.00,-10.00,HI,-50.00,-50.00
2026-09-28 08:14:55.001,DEMO_MODE,F1,400,4,0.10,-14.44,0.54,50.00,40.0,32.0,0.00,0.00,0.00,89.38,0.54,50.00,0.10,-14.44,6,63,6,63,40.0%,32.0%,200.000,0.000,0.00,-4.90,0.00,1.98,0.00,396.00,0.0%,1200.00,-10.00,HI,-50.00,-50.00
2026-09-28 08:14:55.122,DEMO_MODE,F1,400,4,0.10,-14.44,0.54,50.00,40.0,32.0,0.00,0.00,0.00,89.38,0.54,50.00,0.10,-14.44,6,63,6,63,40.0%,32.0%,200.000,0.000,0.00,-4.90,0.00,1.98,0.00,396.00,0.0%,1200.00,-10.00,HI,-50.00,-50.00
2026-09-28 08:14:55.242,DEMO_MODE,F1,400,4,0.10,-14.44,0.54,50.00,40.0,32.0,0.00,0.00,0.00,89.38,0.54,50.00,0.10,-14.44,6,63,6,63,40.0%,32.0%,200.000,0.000,0.00,-4.90,0.00,1.98,0.00,396.00,0.0%,1200.00,-10.00,HI,-50.00,-50.00
2026-09-28 08:14:55.363,DEMO_MODE,F1,400,4,0.10,-14.44,0.54,50.00,40.0,32.0,0.00,0.00,0.00,89.38,0.54,50.00,0.10,-14.44,6,63,6,63,40.0%,32.0%,200.000,0.000,0.00,-4.90,0.00,1.98,0.00,396.00,0.0%,1200.00,-10.00,HI,-50.00,-50.00
2026-09-28 08:14:55.484,DEMO_MODE,F1,400,4,0.10,-14.44,0.54,50.00,40.0,32.0,0.00,0.00,0.00,89.38,0.54,50.00,0.10,-14.44,6,63,6,63,40.0%,32.0%,200.000,0.000,0.00,-4.90,0.00,1.98,0.00,396.00,0.0%,1200.00,-10.00,HI,-50.00,-50.00
2026-09-28 08:14:55.606,DEMO_MODE,F1,400,4,0.10,-14.44,0.54,50.00,40.0,32.0,0.00,0.00,0.00,89.38,0.54,50.00,0.10,-14.44,6,63,6,63,40.0%,32.0%,200.000,0.000,0.00,-4.90,0.00,1.98,0.00,396.00,0.0%,1200.00,-10.00,HI,-50.00,-50.00
2026-09-28 08:14:55.726,DEMO_MODE,F1,400,4,0.10,-14.44,0.54,50.00,40.0,32.0,0.00,0.00,0.00,89.38,0.54,50.00,0.10,-14.44,6,63,6,63,40.0%,32.0%,200.000,0.000,0.00,-4.90,0.00,1.98,0.00,396.00,0.0%,1200.00,-10.00,HI,-50.00,-50.00
2026-09-28 08:14:55.847,DEMO_MODE,F1,400,4,0.10,-14.44,0.54,50.00,40.0,32.0,0.00,0.00,0.00,89.38,0.54,50.00,0.10,-14.44,6,63,6,63,40.0%,32.0%,200.000,0.000,0.00,-4.90,0.00,1.98,0.00,396.00,0.0%,1200.00,-10.00,HI,-50.00,-50.00
2026-09-28 08:14:55.968,DEMO_MODE,F1,400,4,0.10,-14.44,0.54,50.00,40.0,32.0,0.00,0.00,0.00,89.38,0.54,50.00,0.10,-14.44,6,63,6,63,40.0%,32.0%,200.000,0.000,0.00,-4.90,0.00,1.98,0.00,396.00,0.0%,1200.00,-10.00,HI,-50.00,-50.00
2026-09-28 08:14:56.089,DEMO_MODE,F1,400,4,0.10,-14.44,0.54,50.00,40.0,32.0,0.00,0.00,0.00,89.38,0.54,50.00,0.10,-14.44,6,63,6,63,40.0%,32.0%,200.000,0.000,0.00,-4.90,0.00,1.98,0.00,396.00,0.0%,1200.00,-10.00,HI,-50.00,-50.00
2026-09-28 08:14:56.209,DEMO_MODE,F1,400,4,0.10,-14.44,0.54,50.00,40.0,32.0,0.00,0.00,0.00,89.38,0.54,50.00,0.10,-14.44,6,63,6,63,40.0%,32.0%,200.000,0.000,0.00,-4.90,0.00,1.98,0.00,396.00,0.0%,1200.00,-10.00,HI,-50.00,-50.00
2026-09-28 08:14:56.331,DEMO_MODE,F1,400,4,0.10,-14.44,0.54,50.00,40.0,32.0,0.00,0.00,0.00,89.38,0.54,50.00,0.10,-14.44,6,63,6,63,40.0%,32.0%,200.000,0.000,0.00,-4.90,0.00,1.98,0.00,396.00,0.0%,1200.00,-10.00,HI,-50.00,-50.00
2026-09-28 08:14:56.451,DEMO_MODE,F1,400,4,0.10,-14.44,0.54,50.00,40.0,32.0,0.00,0.00,0.00,89.38,0.54,50.00,0.10,-14.44,6,63,6,63,40.0%,32.0%,200.000,0.000,0.00,-4.90,0.00,1.98,0.00,396.00,0.0%,1200.00,-10.00,HI,-50.00,-50.00
2026-09-28 08:14:56.571,DEMO_MODE,F1,400,4,0.10,-14.44,0.54,50.00,40.0,32.0,0.00,0.00,0.00,89.38,0.54,50.00,0.10,-14.44,6,63,6,63,40.0%,32.0%,200.000,0.000,0.00,-4.90,0.00,1.98,0.00,396.00,0.0%,1200.00,-10.00,HI,-50.00,-50.00
2026-09-28 08:14:56.692,DEMO_MODE,F1,400,4,0.10,-14.44,0.54,50.00,40.0,32.0,0.00,0.00,0.00,89.38,0.54,50.00,0.10,-14.44,6,63,6,63,40.0%,32.0%,200.000,0.000,0.00,-4.90,0.00,1.98,0.00,396.00,0.0%,1200.00,-10.00,HI,-50.00,-50.00
2026-09-28 08:14:56.813,DEMO_MODE,F1,400,4,0.10,-14.44,0.54,50.00,40.0,32.0,0.00,0.00,0.00,89.38,0.54,50.00,0.10,-14.44,6,63,6,63,40.0%,32.0%,200.000,0.000,0.00,-4.90,0.00,1.98,0.00,396.00,0.0%,1200.00,-10.00,HI,-50.00,-50.00
2026-09-28 08:14:56.933,DEMO_MODE,F1,400,4,0.10,-14.44,0.54,50.00,40.0,32.0,0.00,0.00,0.00,89.38,0.54,50.00,0.10,-14.44,6,63,6,63,40.0%,32.0%,200.000,0.000,0.00,-4.90,0.00,1.98,0.00,396.00,0.0%,1200.00,-10.00,HI,-50.00,-50.00
2026-09-28 08:14:57.054,DEMO_MODE,F1,400,4,0.10,-14.44,0.54,50.00,40.0,32.0,0.00,0.00,0.00,89.38,0.54,50.00,0.10,-14.44,6,63,6,63,40.0%,32.0%,200.000,0.000,0.00,-4.90,0.00,1.98,0.00,396.00,0.0%,1200.00,-10.00,HI,-50.00,-50.00
2026-09-28 08:14:57.175,DEMO_MODE,F1,400,4,0.10,-14.44,0.54,50.00,40.0,32.0,0.00,0.00,0.00,89.38,0.54,50.00,0.10,-14.44,6,63,6,63,40.0%,32.0%,200.000,0.000,0.00,-4.90,0.00,1.98,0.00,396.00,0.0%,1200.00,-10.00,HI,-50.00,-50.00
2026-09-28 08:14:57.296,DEMO_MODE,F1,400,4,0.10,-14.44,0.54,50.00,40.0,32.0,0.00,0.00,0.00,89.38,0.54,50.00,0.10,-14.44,6,63,6,63,40.0%,32.0%,200.000,0.000,0.00,-4.90,0.00,1.98,0.00,396.00,0.0%,1200.00,-10.00,HI,-50.00,-50.00
2026-09-28 08:14:57.416,DEMO_MODE,F1,400,4,0.10,-14.44,0.54,50.00,40.0,32.0,0.00,0.00,0.00,89.38,0.54,50.00,0.10,-14.44,6,63,6,63,40.0%,32.0%,200.000,0.000,0.00,-4.90,0.00,1.98,0.00,396.00,0.0%,1200.00,-10.00,HI,-50.00,-50.00
2026-09-28 08:14:57.543,DEMO_MODE,F1,400,4,0.10,-14.44,0.54,50.00,40.0,32.0,0.00,0.00,0.00,89.38,0.54,50.00,0.10,-14.44,6,63,6,63,40.0%,32.0%,200.000,0.000,0.00,-4.90,0.00,1.98,0.00,396.00,0.0%,1200.00,-10.00,HI,-50.00,-50.00
2026-09-28 08:14:57.663,DEMO_MODE,F1,400,4,0.10,-14.44,0.54,50.00,40.0,32.0,0.00,0.00,0.00,89.38,0.54,50.00,0.10,-14.44,6,63,6,63,40.0%,32.0%,200.000,0.000,0.00,-4.90,0.00,1.98,0.00,396.00,0.0%,1200.00,-10.00,HI,-50.00,-50.00
2026-09-28 08:14:57.789,DEMO_MODE,F1,400,4,0.10,-14.44,0.54,50.00,40.0,32.0,0.00,0.00,0.00,89.38,0.54,50.00,0.10,-14.44,6,63,6,63,40.0%,32.0%,200.000,0.000,0.00,-4.90,0.00,1.98,0.00,396.00,0.0%,1200.00,-10.00,HI,-50.00,-50.00
2026-09-28 08:14:57.909,DEMO_MODE,F1,400,4,0.10,-14.44,0.54,50.00,40.0,32.0,0.00,0.00,0.00,89.38,0.54,50.00,0.10,-14.44,6,63,6,63,40.0%,32.0%,200.000,0.000,0.00,-4.90,0.00,1.98,0.00,396.00,0.0%,1200.00,-10.00,HI,-50.00,-50.00
2026-09-28 08:14:58.035,DEMO_MODE,F1,400,4,0.10,-14.44,0.54,50.00,40.0,32.0,0.00,0.00,0.00,89.38,0.54,50.00,0.10,-14.44,6,63,6,63,40.0%,32.0%,200.000,0.000,0.00,-4.90,0.00,1.98,0.00,396.00,0.0%,1200.00,-10.00,HI,-50.00,-50.00
2026-09-28 08:14:58.155,DEMO_MODE,F1,400,0,0.10,-14.44,0.54,50.00,40.0,36.0,0.00,0.00,0.00,89.38,0.54,50.00,0.10,-14.44,6,63,6,63,40.0%,36.0%,200.000,0.000,0.00,-4.90,0.00,2.00,0.00,400.00,0.0%,1200.00,-10.00,HI,-50.00,-50.00
2026-09-28 08:14:58.282,DEMO_MODE,F1,400,0,0.10,-14.44,0.54,50.00,40.0,36.0,0.00,0.00,0.00,89.38,0.54,50.00,0.10,-14.44,6,63,6,63,40.0%,36.0%,200.000,0.000,0.00,-4.90,0.00,2.00,0.00,400.00,0.0%,1200.00,-10.00,HI,-50.00,-50.00
2026-09-28 08:14:58.403,DEMO_MODE,F1,400,0,0.10,-14.44,0.54,50.00,40.0,36.0,0.00,0.00,0.00,89.38,0.54,50.00,0.10,-14.44,6,63,6,63,40.0%,36.0%,200.000,0.000,0.00,-4.90,0.00,2.00,0.00,400.00,0.0%,1200.00,-10.00,HI,-50.00,-50.00
2026-09-28 08:14:58.531,DEMO_MODE,F1,400,0,0.10,-14.44,0.54,50.00,40.0,36.0,0.00,0.00,0.00,89.38,0.54,50.00,0.10,-14.44,6,63,6,63,40.0%,36.0%,200.000,0.000,0.00,-4.90,0.00,2.00,0.00,400.00,0.0%,1200.00,-10.00,HI,-50.00,-50.00
2026-09-28 08:14:58.656,DEMO_MODE,F1,400,0,0.10,-14.44,0.54,50.00,40.0,36.0,0.00,0.00,0.00,89.38,0.54,50.00,0.10,-14.44,6,63,6,63,40.0%,36.0%,200.000,0.000,0.00,-4.90,0.00,2.00,0.00,400.00,0.0%,1200.00,-10.00,HI,-50.00,-50.00
2026-09-28 08:14:58.782,DEMO_MODE,F1,400,0,0.10,-14.44,0.54,50.00,40.0,36.0,0.00,0.00,0.00,89.38,0.54,50.00,0.10,-14.44,6,63,6,63,40.0%,36.0%,200.000,0.000,0.00,-4.90,0.00,2.00,0.00,400.00,0.0%,1200.00,-10.00,HI,-50.00,-50.00
2026-09-28 08:14:58.903,DEMO_MODE,F1,400,0,0.10,-14.44,0.54,50.00,40.0,36.0,0.00,0.00,0.00,89.38,0.54,50.00,0.10,-14.44,6,63,6,63,40.0%,36.0%,200.000,0.000,0.00,-4.90,0.00,2.00,0.00,400.00,0.0%,1200.00,-10.00,HI,-50.00,-50.00
2026-09-28 08:14:59.029,DEMO_MODE,F1,400,0,0.10,-14.44,0.54,50.00,40.0,36.0,0.00,0.00,0.00,89.38,0.54,50.00,0.10,-14.44,6,63,6,63,40.0%,36.0%,200.000,0.000,0.00,-4.90,0.00,2.00,0.00,400.00,0.0%,1200.00,-10.00,HI,-50.00,-50.00
2026-09-28 08:14:59.161,DEMO_MODE,F1,400,0,0.10,-14.44,0.54,50.00,40.0,36.0,0.00,0.00,0.00,89.38,0.54,50.00,0.10,-14.44,6,63,6,63,40.0%,36.0%,200.000,0.000,0.00,-4.90,0.00,2.00,0.00,400.00,0.0%,1200.00,-10.00,HI,-50.00,-50.00
2026-09-28 08:14:59.288,DEMO_MODE,F1,400,0,0.10,-14.44,0.54,50.00,40.0,36.0,0.00,0.00,0.00,89.38,0.54,50.00,0.10,-14.44,6,63,6,63,40.0%,36.0%,200.000,0.000,0.00,-4.90,0.00,2.00,0.00,400.00,0.0%,1200.00,-10.00,HI,-50.00,-50.00
2026-09-28 08:14:59.409,DEMO_MODE,F1,400,0,0.10,-14.44,0.54,50.00,40.0,36.0,0.00,0.00,0.00,89.38,0.54,50.00,0.10,-14.44,6,63,6,63,40.0%,36.0%,200.000,0.000,0.00,-4.90,0.00,2.00,0.00,400.00,0.0%,1200.00,-10.00,HI,-50.00,-50.00
2026-09-28 08:14:59.534,DEMO_MODE,F1,400,0,0.10,-14.44,0.54,50.00,40.0,36.0,0.00,0.00,0.00,89.38,0.54,50.00,0.10,-14.44,6,63,6,63,40.0%,36.0%,200.000,0.000,0.00,-4.90,0.00,2.00,0.00,400.00,0.0%,1200.00,-10.00,HI,-50.00,-50.00
2026-09-28 08:14:59.655,DEMO_MODE,F1,400,0,0.10,-14.44,0.54,50.00,40.0,36.0,0.00,0.00,0.00,89.38,0.54,50.00,0.10,-14.44,6,63,6,63,40.0%,36.0%,200.000,0.000,0.00,-4.90,0.00,2.00,0.00,400.00,0.0%,1200.00,-10.00,HI,-50.00,-50.00
2026-09-28 08:14:59.781,DEMO_MODE,F1,400,0,0.10,-14.44,0.54,50.00,40.0,36.0,0.00,0.00,0.00,89.38,0.54,50.00,0.10,-14.44,6,63,6,63,40.0%,36.0%,200.000,0.000,0.00,-4.90,0.00,2.00,0.00,400.00,0.0%,1200.00,-10.00,HI,-50.00,-50.00
2026-09-28 08:14:59.902,DEMO_MODE,F1,400,0,0.10,-14.44,0.54,50.00,40.0,36.0,0.00,0.00,0.00,89.38,0.54,50.00,0.10,-14.44,6,63,6,63,40.0%,36.0%,200.000,0.000,0.00,-4.90,0.00,2.00,0.00,400.00,0.0%,1200.00,-10.00,HI,-50.00,-50.00
2026-09-28 08:15:00.029,DEMO_MODE,F1,400,0,0.10,-14.44,0.54,50.00,40.0,36.0,0.00,0.00,0.00,89.38,0.54,50.00,0.10,-14.44,6,63,6,63,40.0%,36.0%,200.000,0.000,0.00,-4.90,0.00,2.00,0.00,400.00,0.0%,1200.00,-10.00,HI,-50.00,-50.00
2026-09-28 08:15:00.149,DEMO_MODE,F1,400,0,0.10,-14.44,0.54,50.00,40.0,36.0,0.00,0.00,0.00,89.38,0.54,50.00,0.10,-14.44,6,63,6,63,40.0%,36.0%,200.000,0.000,0.00,-4.90,0.00,2.00,0.00,400.00,0.0%,1200.00,-10.00,HI,-50.00,-50.00
2026-09-28 08:15:00.275,DEMO_MODE,F1,400,0,0.10,-14.44,0.54,50.00,40.0,36.0,0.00,0.00,0.00,89.38,0.54,50.00,0.10,-14.44,6,63,6,63,40.0%,36.0%,200.000,0.000,0.00,-4.90,0.00,2.00,0.00,400.00,0.0%,1200.00,-10.00,HI,-50.00,-50.00
2026-09-28 08:15:00.396,DEMO_MODE,F1,400,0,0.10,-14.44,0.54,50.00,40.0,36.0,0.00,0.00,0.00,89.38,0.54,50.00,0.10,-14.44,6,63,6,63,40.0%,36.0%,200.000,0.000,0.00,-4.90,0.00,2.00,0.00,400.00,0.0%,1200.00,-10.00,HI,-50.00,-50.00
2026-09-28 08:15:00.522,DEMO_MODE,F1,400,0,0.10,-14.44,0.54,50.00,40.0,36.0,0.00,0.00,0.00,89.38,0.54,50.00,0.10,-14.44,6,63,6,63,40.0%,36.0%,200.000,0.000,0.00,-4.90,0.00,2.00,0.00,400.00,0.0%,1200.00,-10.00,HI,-50.00,-50.00
2026-09-28 08:15:00.642,DEMO_MODE,F1,400,0,0.10,-14.44,0.54,50.00,40.0,36.0,0.00,0.00,0.00,89.38,0.54,50.00,0.10,-14.44,6,63,6,63,40.0%,36.0%,200.000,0.000,0.00,-4.90,0.00,2.00,0.00,400.00,0.0%,1200.00,-10.00,HI,-50.00,-50.00
2026-09-28 08:15:00.768,DEMO_MODE,F1,400,0,0.10,-14.44,0.54,50.00,40.0,36.0,0.00,0.00,0.00,89.38,0.54,50.00,0.10,-14.44,6,63,6,63,40.0%,36.0%,200.000,0.000,0.00,-4.90,0.00,2.00,0.00,400.00,0.0%,1200.00,-10.00,HI,-50.00,-50.00
2026-09-28 08:15:00.889,DEMO_MODE,F1,400,0,0.10,-14.44,0.54,50.00,40.0,36.0,0.00,0.00,0.00,89.38,0.54,50.00,0.10,-14.44,6,63,6,63,40.0%,36.0%,200.000,0.000,0.00,-4.90,0.00,2.00,0.00,400.00,0.0%,1200.00,-10.00,HI,-50.00,-50.00
2026-09-28 08:15:01.015,DEMO_MODE,F1,400,0,0.10,-14.44,0.54,50.00,40.0,36.0,0.00,0.00,0.00,89.38,0.54,50.00,0.10,-14.44,6,63,6,63,40.0%,36.0%,200.000,0.000,0.00,-4.90,0.00,2.00,0.00,400.00,0.0%,1200.00,-10.00,HI,-50.00,-50.00
2026-09-28 08:15:01.135,DEMO_MODE,F1,400,0,0.10,-14.44,0.54,50.00,40.0,36.0,0.00,0.00,0.00,89.38,0.54,50.00,0.10,-14.44,6,63,6,63,40.0%,36.0%,200.000,0.000,0.00,-4.90,0.00,2.00,0.00,400.00,0.0%,1200.00,-10.00,HI,-50.00,-50.00
2026-09-28 08:15:01.261,DEMO_MODE,F1,400,0,0.10,-14.44,0.54,50.00,40.0,36.0,0.00,0.00,0.00,89.38,0.54,50.00,0.10,-14.44,6,63,6,63,40.0%,36.0%,200.000,0.000,0.00,-4.90,0.00,2.00,0.00,400.00,0.0%,1200.00,-10.00,HI,-50.00,-50.00
2026-09-28 08:15:01.382,DEMO_MODE,F1,400,0,0.10,-14.44,0.54,50.00,40.0,36.0,0.00,0.00,0.00,89.38,0.54,50.00,0.10,-14.44,6,63,6,63,40.0%,36.0%,200.000,0.000,0.00,-4.90,0.00,2.00,0.00,400.00,0.0%,1200.00,-10.00,HI,-50.00,-50.00
2026-09-28 08:15:01.508,DEMO_MODE,F1,400,0,0.10,-14.44,0.54,50.00,40.0,36.0,0.00,0.00,0.00,89.38,0.54,50.00,0.10,-14.44,6,63,6,63,40.0%,36.0%,200.000,0.000,0.00,-4.90,0.00,2.00,0.00,400.00,0.0%,1200.00,-10.00,HI,-50.00,-50.00
2026-09-28 08:15:01.629,DEMO_MODE,F1,400,0,0.10,-14.44,0.54,50.00,40.0,36.0,0.00,0.00,0.00,89.38,0.54,50.00,0.10,-14.44,6,63,6,63,40.0%,36.0%,200.000,0.000,0.00,-4.90,0.00,2.00,0.00,400.00,0.0%,1200.00,-10.00,HI,-50.00,-50.00
2026-09-28 08:15:01.755,DEMO_MODE,F1,400,0,0.10,-14.44,0.54,50.00,40.0,36.0,0.00,0.00,0.00,89.38,0.54,50.00,0.10,-14.44,6,63,6,63,40.0%,36.0%,200.000,0.000,0.00,-4.90,0.00,2.00,0.00,400.00,0.0%,1200.00,-10.00,HI,-50.00,-50.00
2026-09-28 08:15:01.876,DEMO_MODE,F1,400,0,0.10,-14.44,0.54,50.00,40.0,36.0,0.00,0.00,0.00,89.38,0.54,50.00,0.10,-14.44,6,63,6,63,40.0%,36.0%,200.000,0.000,0.00,-4.90,0.00,2.00,0.00,400.00,0.0%,1200.00,-10.00,HI,-50.00,-50.00
2026-09-28 08:15:02.003,DEMO_MODE,F1,400,0,0.10,-14.44,0.54,50.00,40.0,36.0,0.00,0.00,0.00,89.38,0.54,50.00,0.10,-14.44,6,63,6,63,40.0%,36.0%,200.000,0.000,0.00,-4.90,0.00,2.00,0.00,400.00,0.0%,1200.00,-10.00,HI,-50.00,-50.00
2026-09-28 08:15:02.123,DEMO_MODE,F1,400,0,0.10,-14.44,0.54,50.00,40.0,36.0,0.00,0.00,0.00,89.38,0.54,50.00,0.10,-14.44,6,63,6,63,40.0%,36.0%,200.000,0.000,0.00,-4.90,0.00,2.00,0.00,400.00,0.0%,1200.00,-10.00,HI,-50.00,-50.00
2026-09-28 08:15:02.244,DEMO_MODE,F1,400,0,0.10,-14.44,0.54,50.00,40.0,36.0,0.00,0.00,0.00,89.38,0.54,50.00,0.10,-14.44,6,63,6,63,40.0%,36.0%,200.000,0.000,0.00,-4.90,0.00,2.00,0.00,400.00,0.0%,1200.00,-10.00,HI,-50.00,-50.00
2026-09-28 08:15:02.365,DEMO_MODE,F1,400,0,0.10,-14.44,0.54,50.00,40.0,36.0,0.00,0.00,0.00,89.38,0.54,50.00,0.10,-14.44,6,63,6,63,40.0%,36.0%,200.000,0.000,0.00,-4.90,0.00,2.00,0.00,400.00,0.0%,1200.00,-10.00,HI,-50.00,-50.00
2026-09-28 08:15:02.486,DEMO_MODE,F1,400,0,0.10,-14.44,0.54,50.00,40.0,36.0,0.00,0.00,0.00,89.38,0.54,50.00,0.10,-14.44,6,63,6,63,40.0%,36.0%,200.000,0.000,0.00,-4.90,0.00,2.00,0.00,400.00,0.0%,1200.00,-10.00,HI,-50.00,-50.00
2026-09-28 08:15:02.606,DEMO_MODE,F1,400,0,0.10,-14.44,0.54,50.00,40.0,36.0,0.00,0.00,0.00,89.38,0.54,50.00,0.10,-14.44,6,63,6,63,40.0%,36.0%,200.000,0.000,0.00,-4.90,0.00,2.00,0.00,400.00,0.0%,1200.00,-10.00,HI,-50.00,-50.00
2026-09-28 08:15:02.726,DEMO_MODE,F1,400,0,0.10,-14.44,0.54,50.00,40.0,36.0,0.00,0.00,0.00,89.38,0.54,50.00,0.10,-14.44,6,63,6,63,40.0%,36.0%,200.000,0.000,0.00,-4.90,0.00,2.00,0.00,400.00,0.0%,1200.00,-10.00,HI,-50.00,-50.00
2026-09-28 08:15:02.847,DEMO_MODE,F1,400,0,0.10,-14.44,0.54,50.00,40.0,36.0,0.00,0.00,0.00,89.38,0.54,50.00,0.10,-14.44,6,63,6,63,40.0%,36.0%,200.000,0.000,0.00,-4.90,0.00,2.00,0.00,400.00,0.0%,1200.00,-10.00,HI,-50.00,-50.00
2026-09-28 08:15:02.968,DEMO_MODE,F1,400,0,0.10,-14.44,0.54,50.00,40.0,36.0,0.00,0.00,0.00,89.38,0.54,50.00,0.10,-14.44,6,63,6,63,40.0%,36.0%,200.000,0.000,0.00,-4.90,0.00,2.00,0.00,400.00,0.0%,1200.00,-10.00,HI,-50.00,-50.00
2026-09-28 08:15:03.088,DEMO_MODE,F1,400,0,0.10,-14.44,0.54,50.00,40.0,36.0,0.00,0.00,0.00,89.38,0.54,50.00,0.10,-14.44,6,63,6,63,40.0%,36.0%,200.000,0.000,0.00,-4.90,0.00,2.00,0.00,400.00,0.0%,1200.00,-10.00,HI,-50.00,-50.00
2026-09-28 08:15:03.209,DEMO_MODE,F1,400,0,0.10,-14.44,0.54,50.00,40.0,36.0,0.00,0.00,0.00,89.38,0.54,50.00,0.10,-14.44,6,63,6,63,40.0%,36.0%,200.000,0.000,0.00,-4.90,0.00,2.00,0.00,400.00,0.0%,1200.00,-10.00,HI,-50.00,-50.00
2026-09-28 08:15:03.330,DEMO_MODE,F1,500,0,0.10,-14.44,0.54,50.00,50.0,40.0,0.00,0.00,0.00,89.38,0.54,50.00,0.10,-14.44,6,63,6,63,50.0%,40.0%,250.000,0.000,0.00,-4.90,0.00,2.00,0.00,500.00,0.0%,1200.00,0.00,HI,-50.00,-50.00
2026-09-28 08:15:03.451,DEMO_MODE,F1,500,0,0.10,-14.44,0.54,50.00,50.0,40.0,0.00,0.00,0.00,89.38,0.54,50.00,0.10,-14.44,6,63,6,63,50.0%,40.0%,250.000,0.000,0.00,-4.90,0.00,2.00,0.00,500.00,0.0%,1200.00,0.00,HI,-50.00,-50.00
2026-09-28 08:15:03.572,DEMO_MODE,F1,500,0,0.10,-14.44,0.54,50.00,50.0,40.0,0.00,0.00,0.00,89.38,0.54,50.00,0.10,-14.44,6,63,6,63,50.0%,40.0%,250.000,0.000,0.00,-4.90,0.00,2.00,0.00,500.00,0.0%,1200.00,0.00,HI,-50.00,-50.00
2026-09-28 08:15:03.693,DEMO_MODE,F1,500,0,0.10,-14.44,0.54,50.00,50.0,40.0,0.00,0.00,0.00,89.38,0.54,50.00,0.10,-14.44,6,63,6,63,50.0%,40.0%,250.000,0.000,0.00,-4.90,0.00,2.00,0.00,500.00,0.0%,1200.00,0.00,HI,-50.00,-50.00
2026-09-28 08:15:03.813,DEMO_MODE,F1,500,0,0.10,-14.44,0.54,50.00,50.0,40.0,0.00,0.00,0.00,89.38,0.54,50.00,0.10,-14.44,6,63,6,63,50.0%,40.0%,250.000,0.000,0.00,-4.90,0.00,2.00,0.00,500.00,0.0%,1200.00,0.00,HI,-50.00,-50.00
2026-09-28 08:15:03.933,DEMO_MODE,F1,500,0,0.10,-14.44,0.54,50.00,50.0,40.0,0.00,0.00,0.00,89.38,0.54,50.00,0.10,-14.44,6,63,6,63,50.0%,40.0%,250.000,0.000,0.00,-4.90,0.00,2.00,0.00,500.00,0.0%,1200.00,0.00,HI,-50.00,-50.00
2026-09-28 08:15:04.054,DEMO_MODE,F1,500,0,0.10,-14.44,0.54,50.00,50.0,40.0,0.00,0.00,0.00,89.38,0.54,50.00,0.10,-14.44,6,63,6,63,50.0%,40.0%,250.000,0.000,0.00,-4.90,0.00,2.00,0.00,500.00,0.0%,1200.00,0.00,HI,-50.00,-50.00
2026-09-28 08:15:04.176,DEMO_MODE,F1,500,0,0.10,-14.44,0.54,50.00,50.0,40.0,0.00,0.00,0.00,89.38,0.54,50.00,0.10,-14.44,6,63,6,63,50.0%,40.0%,250.000,0.000,0.00,-4.90,0.00,2.00,0.00,500.00,0.0%,1200.00,0.00,HI,-50.00,-50.00
2026-09-28 08:15:04.303,DEMO_MODE,F1,500,0,0.10,-14.44,0.54,50.00,50.0,40.0,0.00,0.00,0.00,89.38,0.54,50.00,0.10,-14.44,6,63,6,63,50.0%,40.0%,250.000,0.000,0.00,-4.90,0.00,2.00,0.00,500.00,0.0%,1200.00,0.00,HI,-50.00,-50.00
2026-09-28 08:15:04.424,DEMO_MODE,F1,500,0,0.10,-14.44,0.54,50.00,50.0,40.0,0.00,0.00,0.00,89.38,0.54,50.00,0.10,-14.44,6,63,6,63,50.0%,40.0%,250.000,0.000,0.00,-4.90,0.00,2.00,0.00,500.00,0.0%,1200.00,0.00,HI,-50.00,-50.00
2026-09-28 08:15:04.550,DEMO_MODE,F1,500,0,0.10,-14.44,0.54,50.00,50.0,40.0,0.00,0.00,0.00,89.38,0.54,50.00,0.10,-14.44,6,63,6,63,50.0%,40.0%,250.000,0.000,0.00,-4.90,0.00,2.00,0.00,500.00,0.0%,1200.00,0.00,HI,-50.00,-50.00
2026-09-28 08:15:04.671,DEMO_MODE,F1,500,0,0.10,-14.44,0.54,50.00,50.0,40.0,0.00,0.00,0.00,89.38,0.54,50.00,0.10,-14.44,6,63,6,63,50.0%,40.0%,250.000,0.000,0.00,-4.90,0.00,2.00,0.00,500.00,0.0%,1200.00,0.00,HI,-50.00,-50.00
2026-09-28 08:15:04.796,DEMO_MODE,F1,500,0,0.10,-14.44,0.54,50.00,50.0,40.0,0.00,0.00,0.00,89.38,0.54,50.00,0.10,-14.44,6,63,6,63,50.0%,40.0%,250.000,0.000,0.00,-4.90,0.00,2.00,0.00,500.00,0.0%,1200.00,0.00,HI,-50.00,-50.00
2026-09-28 08:15:04.918,DEMO_MODE,F1,500,0,0.10,-14.44,0.54,50.00,50.0,40.0,0.00,0.00,0.00,89.38,0.54,50.00,0.10,-14.44,6,63,6,63,50.0%,40.0%,250.000,0.000,0.00,-4.90,0.00,2.00,0.00,500.00,0.0%,1200.00,0.00,HI,-50.00,-50.00
2026-09-28 08:15:05.044,DEMO_MODE,F1,500,0,0.10,-14.44,0.54,50.00,50.0,40.0,0.00,0.00,0.00,89.38,0.54,50.00,0.10,-14.44,6,63,6,63,50.0%,40.0%,250.000,0.000,0.00,-4.90,0.00,2.00,0.00,500.00,0.0%,1200.00,0.00,HI,-50.00,-50.00
2026-09-28 08:15:05.165,DEMO_MODE,F1,500,0,0.10,-14.44,0.54,50.00,50.0,40.0,0.00,0.00,0.00,89.38,0.54,50.00,0.10,-14.44,6,63,6,63,50.0%,40.0%,250.000,0.000,0.00,-4.90,0.00,2.00,0.00,500.00,0.0%,1200.00,0.00,HI,-50.00,-50.00
2026-09-28 08:15:05.291,DEMO_MODE,F1,500,0,0.10,-14.44,0.54,50.00,50.0,40.0,0.00,0.00,0.00,89.38,0.54,50.00,0.10,-14.44,6,63,6,63,50.0%,40.0%,250.000,0.000,0.00,-4.90,0.00,2.00,0.00,500.00,0.0%,1200.00,0.00,HI,-50.00,-50.00
2026-09-28 08:15:05.412,DEMO_MODE,F1,500,0,0.10,-14.44,0.54,50.00,50.0,40.0,0.00,0.00,0.00,89.38,0.54,50.00,0.10,-14.44,6,63,6,63,50.0%,40.0%,250.000,0.000,0.00,-4.90,0.00,2.00,0.00,500.00,0.0%,1200.00,0.00,HI,-50.00,-50.00
2026-09-28 08:15:05.538,DEMO_MODE,F1,500,0,0.10,-14.44,0.54,50.00,50.0,40.0,0.00,0.00,0.00,89.38,0.54,50.00,0.10,-14.44,6,63,6,63,50.0%,40.0%,250.000,0.000,0.00,-4.90,0.00,2.00,0.00,500.00,0.0%,1200.00,0.00,HI,-50.00,-50.00
2026-09-28 08:15:05.659,DEMO_MODE,F1,500,0,0.10,-14.44,0.54,50.00,50.0,40.0,0.00,0.00,0.00,89.38,0.54,50.00,0.10,-14.44,6,63,6,63,50.0%,40.0%,250.000,0.000,0.00,-4.90,0.00,2.00,0.00,500.00,0.0%,1200.00,0.00,HI,-50.00,-50.00
2026-09-28 08:15:05.786,DEMO_MODE,F1,500,0,0.10,-14.44,0.54,50.00,50.0,40.0,0.00,0.00,0.00,89.38,0.54,50.00,0.10,-14.44,6,63,6,63,50.0%,40.0%,250.000,0.000,0.00,-4.90,0.00,2.00,0.00,500.00,0.0%,1200.00,0.00,HI,-50.00,-50.00
2026-09-28 08:15:05.907,DEMO_MODE,F1,500,0,0.10,-14.44,0.54,50.00,50.0,40.0,0.00,0.00,0.00,89.38,0.54,50.00,0.10,-14.44,6,63,6,63,50.0%,40.0%,250.000,0.000,0.00,-4.90,0.00,2.00,0.00,500.00,0.0%,1200.00,0.00,HI,-50.00,-50.00
2026-09-28 08:15:06.032,DEMO_MODE,F1,500,0,0.10,-14.44,0.54,50.00,50.0,40.0,0.00,0.00,0.00,89.38,0.54,50.00,0.10,-14.44,6,63,6,63,50.0%,40.0%,250.000,0.000,0.00,-4.90,0.00,2.00,0.00,500.00,0.0%,1200.00,0.00,HI,-50.00,-50.00
2026-09-28 08:15:06.152,DEMO_MODE,F1,500,0,0.10,-14.44,0.54,50.00,50.0,40.0,0.00,0.00,0.00,89.38,0.54,50.00,0.10,-14.44,6,63,6,63,50.0%,40.0%,250.000,0.000,0.00,-4.90,0.00,2.00,0.00,500.00,0.0%,1200.00,0.00,HI,-50.00,-50.00
2026-09-28 08:15:06.278,DEMO_MODE,F1,500,0,0.10,-14.44,0.54,50.00,50.0,40.0,0.00,0.00,0.00,89.38,0.54,50.00,0.10,-14.44,6,63,6,63,50.0%,40.0%,250.000,0.000,0.00,-4.90,0.00,2.00,0.00,500.00,0.0%,1200.00,0.00,HI,-50.00,-50.00
2026-09-28 08:15:06.399,DEMO_MODE,F1,500,0,0.10,-14.44,0.54,50.00,50.0,40.0,0.00,0.00,0.00,89.38,0.54,50.00,0.10,-14.44,6,63,6,63,50.0%,40.0%,250.000,0.000,0.00,-4.90,0.00,2.00,0.00,500.00,0.0%,1200.00,0.00,HI,-50.00,-50.00
2026-09-28 08:15:06.524,DEMO_MODE,F1,500,0,0.10,-14.44,0.54,50.00,50.0,40.0,0.00,0.00,0.00,89.38,0.54,50.00,0.10,-14.44,6,63,6,63,50.0%,40.0%,250.000,0.000,0.00,-4.90,0.00,2.00,0.00,500.00,0.0%,1200.00,0.00,HI,-50.00,-50.00
2026-09-28 08:15:06.644,DEMO_MODE,F1,500,0,0.10,-14.44,0.54,50.00,50.0,40.0,0.00,0.00,0.00,89.38,0.54,50.00,0.10,-14.44,6,63,6,63,50.0%,40.0%,250.000,0.000,0.00,-4.90,0.00,2.00,0.00,500.00,0.0%,1200.00,0.00,HI,-50.00,-50.00
2026-09-28 08:15:06.771,DEMO_MODE,F1,500,0,0.10,-14.44,0.54,50.00,50.0,40.0,0.00,0.00,0.00,89.38,0.54,50.00,0.10,-14.44,6,63,6,63,50.0%,40.0%,250.000,0.000,0.00,-4.90,0.00,2.00,0.00,500.00,0.0%,1200.00,0.00,HI,-50.00,-50.00
2026-09-28 08:15:06.903,DEMO_MODE,F1,500,0,0.10,-14.44,0.54,50.00,50.0,40.0,0.00,0.00,0.00,89.38,0.54,50.00,0.10,-14.44,6,63,6,63,50.0%,40.0%,250.000,0.000,0.00,-4.90,0.00,2.00,0.00,500.00,0.0%,1200.00,0.00,HI,-50.00,-50.00
2026-09-28 08:15:07.029,DEMO_MODE,F1,500,0,0.10,-14.44,0.54,50.00,50.0,40.0,0.00,0.00,0.00,89.38,0.54,50.00,0.10,-14.44,6,63,6,63,50.0%,40.0%,250.000,0.000,0.00,-4.90,0.00,2.00,0.00,500.00,0.0%,1200.00,0.00,HI,-50.00,-50.00
2026-09-28 08:15:07.150,DEMO_MODE,F1,500,0,0.10,-14.44,0.54,50.00,50.0,40.0,0.00,0.00,0.00,89.38,0.54,50.00,0.10,-14.44,6,63,6,63,50.0%,40.0%,250.000,0.000,0.00,-4.90,0.00,2.00,0.00,500.00,0.0%,1200.00,0.00,HI,-50.00,-50.00
2026-09-28 08:15:07.276,DEMO_MODE,F1,500,0,0.10,-14.44,0.54,50.00,50.0,40.0,0.00,0.00,0.00,89.38,0.54,50.00,0.10,-14.44,6,63,6,63,50.0%,40.0%,250.000,0.000,0.00,-4.90,0.00,2.00,0.00,500.00,0.0%,1200.00,0.00,HI,-50.00,-50.00
2026-09-28 08:15:07.396,DEMO_MODE,F1,500,1,0.10,-14.44,0.54,50.00,50.0,40.0,0.00,0.00,0.00,89.38,0.54,50.00,0.10,-14.44,6,63,6,63,50.0%,40.0%,250.000,0.000,0.00,-4.90,0.00,2.00,0.00,499.00,0.0%,1200.00,0.00,HI,-50.00,-50.00
2026-09-28 08:15:07.523,DEMO_MODE,F1,500,1,0.10,-14.44,0.54,50.00,50.0,40.0,0.00,0.00,0.00,89.38,0.54,50.00,0.10,-14.44,6,63,6,63,50.0%,40.0%,250.000,0.000,0.00,-4.90,0.00,2.00,0.00,499.00,0.0%,1200.00,0.00,HI,-50.00,-50.00
2026-09-28 08:15:07.649,DEMO_MODE,F1,500,1,0.10,-14.44,0.54,50.00,50.0,40.0,0.00,0.00,0.00,89.38,0.54,50.00,0.10,-14.44,6,63,6,63,50.0%,40.0%,250.000,0.000,0.00,-4.90,0.00,2.00,0.00,499.00,0.0%,1200.00,0.00,HI,-50.00,-50.00
2026-09-28 08:15:07.774,DEMO_MODE,F1,500,1,0.10,-14.44,0.54,50.00,50.0,40.0,0.00,0.00,0.00,89.38,0.54,50.00,0.10,-14.44,6,63,6,63,50.0%,40.0%,250.000,0.000,0.00,-4.90,0.00,2.00,0.00,499.00,0.0%,1200.00,0.00,HI,-50.00,-50.00
2026-09-28 08:15:07.906,DEMO_MODE,F1,500,1,0.10,-14.44,0.54,50.00,50.0,40.0,0.00,0.00,0.00,89.38,0.54,50.00,0.10,-14.44,6,63,6,63,50.0%,40.0%,250.000,0.000,0.00,-4.90,0.00,2.00,0.00,499.00,0.0%,1200.00,0.00,HI,-50.00,-50.00
2026-09-28 08:15:08.033,DEMO_MODE,F1,500,1,0.10,-14.44,0.54,50.00,50.0,40.0,0.00,0.00,0.00,89.38,0.54,50.00,0.10,-14.44,6,63,6,63,50.0%,40.0%,250.000,0.000,0.00,-4.90,0.00,2.00,0.00,499.00,0.0%,1200.00,0.00,HI,-50.00,-50.00
2026-09-28 08:15:08.153,DEMO_MODE,F1,500,1,0.10,-14.44,0.54,50.00,50.0,40.0,0.00,0.00,0.00,89.38,0.54,50.00,0.10,-14.44,6,63,6,63,50.0%,40.0%,250.000,0.000,0.00,-4.90,0.00,2.00,0.00,499.00,0.0%,1200.00,0.00,HI,-50.00,-50.00
2026-09-28 08:15:08.279,DEMO_MODE,F1,500,1,0.10,-14.44,0.54,50.00,50.0,40.0,0.00,0.00,0.00,89.38,0.54,50.00,0.10,-14.44,6,63,6,63,50.0%,40.0%,250.000,0.000,0.00,-4.90,0.00,2.00,0.00,499.00,0.0%,1200.00,0.00,HI,-50.00,-50.00
2026-09-28 08:15:08.400,DEMO_MODE,F1,500,1,0.10,-14.44,0.54,50.00,50.0,40.0,0.00,0.00,0.00,89.38,0.54,50.00,0.10,-14.44,6,63,6,63,50.0%,40.0%,250.000,0.000,0.00,-4.90,0.00,2.00,0.00,499.00,0.0%,1200.00,0.00,HI,-50.00,-50.00
2026-09-28 08:15:08.528,DEMO_MODE,F1,500,1,0.10,-14.44,0.54,50.00,50.0,44.0,0.00,0.00,0.00,89.38,0.54,50.00,0.10,-14.44,6,63,6,63,50.0%,44.0%,250.000,0.000,0.00,-4.90,0.00,2.00,0.00,499.00,0.0%,1200.00,0.00,HI,-50.00,-50.00
2026-09-28 08:15:08.648,DEMO_MODE,F1,500,1,0.10,-14.44,0.54,50.00,50.0,44.0,0.00,0.00,0.00,89.38,0.54,50.00,0.10,-14.44,6,63,6,63,50.0%,44.0%,250.000,0.000,0.00,-4.90,0.00,2.00,0.00,499.00,0.0%,1200.00,0.00,HI,-50.00,-50.00
2026-09-28 08:15:08.775,DEMO_MODE,F1,500,1,0.10,-14.44,0.54,50.00,50.0,44.0,0.00,0.00,0.00,89.38,0.54,50.00,0.10,-14.44,6,63,6,63,50.0%,44.0%,250.000,0.000,0.00,-4.90,0.00,2.00,0.00,499.00,0.0%,1200.00,0.00,HI,-50.00,-50.00
2026-09-28 08:15:08.895,DEMO_MODE,F1,500,1,0.10,-14.44,0.54,50.00,50.0,44.0,0.00,0.00,0.00,89.38,0.54,50.00,0.10,-14.44,6,63,6,63,50.0%,44.0%,250.000,0.000,0.00,-4.90,0.00,2.00,0.00,499.00,0.0%,1200.00,0.00,HI,-50.00,-50.00
2026-09-28 08:15:09.021,DEMO_MODE,F1,500,1,0.10,-14.44,0.54,50.00,50.0,44.0,0.00,0.00,0.00,89.38,0.54,50.00,0.10,-14.44,6,63,6,63,50.0%,44.0%,250.000,0.000,0.00,-4.90,0.00,2.00,0.00,499.00,0.0%,1200.00,0.00,HI,-50.00,-50.00
2026-09-28 08:15:09.142,DEMO_MODE,F1,500,1,0.10,-14.44,0.54,50.00,50.0,44.0,0.00,0.00,0.00,89.38,0.54,50.00,0.10,-14.44,6,63,6,63,50.0%,44.0%,250.000,0.000,0.00,-4.90,0.00,2.00,0.00,499.00,0.0%,1200.00,0.00,HI,-50.00,-50.00
2026-09-28 08:15:09.267,DEMO_MODE,F1,500,1,0.10,-14.44,0.54,50.00,50.0,44.0,0.00,0.00,0.00,89.38,0.54,50.00,0.10,-14.44,6,63,6,63,50.0%,44.0%,250.000,0.000,0.00,-4.90,0.00,2.00,0.00,499.00,0.0%,1200.00,0.00,HI,-50.00,-50.00
2026-09-28 08:15:09.388,DEMO_MODE,F1,500,1,0.10,-14.44,0.54,50.00,50.0,44.0,0.00,0.00,0.00,89.38,0.54,50.00,0.10,-14.44,6,63,6,63,50.0%,44.0%,250.000,0.000,0.00,-4.90,0.00,2.00,0.00,499.00,0.0%,1200.00,0.00,HI,-50.00,-50.00
2026-09-28 08:15:09.515,DEMO_MODE,F1,500,1,0.10,-14.44,0.54,50.00,50.0,44.0,0.00,0.00,0.00,89.38,0.54,50.00,0.10,-14.44,6,63,6,63,50.0%,44.0%,250.000,0.000,0.00,-4.90,0.00,2.00,0.00,499.00,0.0%,1200.00,0.00,HI,-50.00,-50.00
2026-09-28 08:15:09.641,DEMO_MODE,F1,500,1,0.10,-14.44,0.54,50.00,50.0,44.0,0.00,0.00,0.00,89.38,0.54,50.00,0.10,-14.44,6,63,6,63,50.0%,44.0%,250.000,0.000,0.00,-4.90,0.00,2.00,0.00,499.00,0.0%,1200.00,0.00,HI,-50.00,-50.00
2026-09-28 08:15:09.767,DEMO_MODE,F1,500,1,0.10,-14.44,0.54,50.00,50.0,44.0,0.00,0.00,0.00,89.38,0.54,50.00,0.10,-14.44,6,63,6,63,50.0%,44.0%,250.000,0.000,0.00,-4.90,0.00,2.00,0.00,499.00,0.0%,1200.00,0.00,HI,-50.00,-50.00
2026-09-28 08:15:09.887,DEMO_MODE,F1,500,1,0.10,-14.44,0.54,50.00,50.0,44.0,0.00,0.00,0.00,89.38,0.54,50.00,0.10,-14.44,6,63,6,63,50.0%,44.0%,250.000,0.000,0.00,-4.90,0.00,2.00,0.00,499.00,0.0%,1200.00,0.00,HI,-50.00,-50.00
2026-09-28 08:15:10.013,DEMO_MODE,F1,500,1,0.10,-14.44,0.54,50.00,50.0,44.0,0.00,0.00,0.00,89.38,0.54,50.00,0.10,-14.44,6,63,6,63,50.0%,44.0%,250.000,0.000,0.00,-4.90,0.00,2.00,0.00,499.00,0.0%,1200.00,0.00,HI,-50.00,-50.00
2026-09-28 08:15:10.134,DEMO_MODE,F1,500,1,0.10,-14.44,0.54,50.00,50.0,44.0,0.00,0.00,0.00,89.38,0.54,50.00,0.10,-14.44,6,63,6,63,50.0%,44.0%,250.000,0.000,0.00,-4.90,0.00,2.00,0.00,499.00,0.0%,1200.00,0.00,HI,-50.00,-50.00
2026-09-28 08:15:10.261,DEMO_MODE,F1,500,1,0.10,-14.44,0.54,50.00,50.0,44.0,0.00,0.00,0.00,89.38,0.54,50.00,0.10,-14.44,6,63,6,63,50.0%,44.0%,250.000,0.000,0.00,-4.90,0.00,2.00,0.00,499.00,0.0%,1200.00,0.00,HI,-50.00,-50.00
2026-09-28 08:15:10.381,DEMO_MODE,F1,500,1,0.10,-14.44,0.54,50.00,50.0,44.0,0.00,0.00,0.00,89.38,0.54,50.00,0.10,-14.44,6,63,6,63,50.0%,44.0%,250.000,0.000,0.00,-4.90,0.00,2.00,0.00,499.00,0.0%,1200.00,0.00,HI,-50.00,-50.00
2026-09-28 08:15:10.508,DEMO_MODE,F1,500,1,0.10,-14.44,0.54,50.00,50.0,44.0,0.00,0.00,0.00,89.38,0.54,50.00,0.10,-14.44,6,63,6,63,50.0%,44.0%,250.000,0.000,0.00,-4.90,0.00,2.00,0.00,499.00,0.0%,1200.00,0.00,HI,-50.00,-50.00
2026-09-28 08:15:10.628,DEMO_MODE,F1,500,1,0.10,-14.44,0.54,50.00,50.0,44.0,0.00,0.00,0.00,89.38,0.54,50.00,0.10,-14.44,6,63,6,63,50.0%,44.0%,250.000,0.000,0.00,-4.90,0.00,2.00,0.00,499.00,0.0%,1200.00,0.00,HI,-50.00,-50.00
2026-09-28 08:15:10.754,DEMO_MODE,F1,500,1,0.10,-14.44,0.54,50.00,50.0,44.0,0.00,0.00,0.00,89.38,0.54,50.00,0.10,-14.44,6,63,6,63,50.0%,44.0%,250.000,0.000,0.00,-4.90,0.00,2.00,0.00,499.00,0.0%,1200.00,0.00,HI,-50.00,-50.00
2026-09-28 08:15:10.875,DEMO_MODE,F1,500,1,0.10,-14.44,0.54,50.00,50.0,44.0,0.00,0.00,0.00,89.38,0.54,50.00,0.10,-14.44,6,63,6,63,50.0%,44.0%,250.000,0.000,0.00,-4.90,0.00,2.00,0.00,499.00,0.0%,1200.00,0.00,HI,-50.00,-50.00
2026-09-28 08:15:11.001,DEMO_MODE,F1,500,1,0.10,-14.44,0.54,50.00,50.0,44.0,0.00,0.00,0.00,89.38,0.54,50.00,0.10,-14.44,6,63,6,63,50.0%,44.0%,250.000,0.000,0.00,-4.90,0.00,2.00,0.00,499.00,0.0%,1200.00,0.00,HI,-50.00,-50.00
2026-09-28 08:15:11.122,DEMO_MODE,F1,500,1,0.10,-14.44,0.54,50.00,50.0,44.0,0.00,0.00,0.00,89.38,0.54,50.00,0.10,-14.44,6,63,6,63,50.0%,44.0%,250.000,0.000,0.00,-4.90,0.00,2.00,0.00,499.00,0.0%,1200.00,0.00,HI,-50.00,-50.00
2026-09-28 08:15:11.243,DEMO_MODE,F1,500,1,0.10,-14.44,0.54,50.00,50.0,44.0,0.00,0.00,0.00,89.38,0.54,50.00,0.10,-14.44,6,63,6,63,50.0%,44.0%,250.000,0.000,0.00,-4.90,0.00,2.00,0.00,499.00,0.0%,1200.00,0.00,HI,-50.00,-50.00
2026-09-28 08:15:11.364,DEMO_MODE,F1,500,1,0.10,-14.44,0.54,50.00,50.0,44.0,0.00,0.00,0.00,89.38,0.54,50.00,0.10,-14.44,6,63,6,63,50.0%,44.0%,250.000,0.000,0.00,-4.90,0.00,2.00,0.00,499.00,0.0%,1200.00,0.00,HI,-50.00,-50.00
2026-09-28 08:15:11.485,DEMO_MODE,F1,500,1,0.10,-14.44,0.54,50.00,50.0,44.0,0.00,0.00,0.00,89.38,0.54,50.00,0.10,-14.44,6,63,6,63,50.0%,44.0%,250.000,0.000,0.00,-4.90,0.00,2.00,0.00,499.00,0.0%,1200.00,0.00,HI,-50.00,-50.00
2026-09-28 08:15:11.606,DEMO_MODE,F1,500,1,0.10,-14.44,0.54,50.00,50.0,44.0,0.00,0.00,0.00,89.38,0.54,50.00,0.10,-14.44,6,63,6,63,50.0%,44.0%,250.000,0.000,0.00,-4.90,0.00,2.00,0.00,499.00,0.0%,1200.00,0.00,HI,-50.00,-50.00
2026-09-28 08:15:11.727,DEMO_MODE,F1,500,1,0.10,-14.44,0.54,50.00,50.0,44.0,0.00,0.00,0.00,89.38,0.54,50.00,0.10,-14.44,6,63,6,63,50.0%,44.0%,250.000,0.000,0.00,-4.90,0.00,2.00,0.00,499.00,0.0%,1200.00,0.00,HI,-50.00,-50.00
2026-09-28 08:15:11.847,DEMO_MODE,F1,500,1,0.10,-14.44,0.54,50.00,50.0,44.0,0.00,0.00,0.00,89.38,0.54,50.00,0.10,-14.44,6,63,6,63,50.0%,44.0%,250.000,0.000,0.00,-4.90,0.00,2.00,0.00,499.00,0.0%,1200.00,0.00,HI,-50.00,-50.00
2026-09-28 08:15:11.968,DEMO_MODE,F1,500,1,0.10,-14.44,0.54,50.00,50.0,44.0,0.00,0.00,0.00,89.38,0.54,50.00,0.10,-14.44,6,63,6,63,50.0%,44.0%,250.000,0.000,0.00,-4.90,0.00,2.00,0.00,499.00,0.0%,1200.00,0.00,HI,-50.00,-50.00
2026-09-28 08:15:12.089,DEMO_MODE,F1,500,1,0.10,-14.44,0.54,50.00,50.0,44.0,0.00,0.00,0.00,89.38,0.54,50.00,0.10,-14.44,6,63,6,63,50.0%,44.0%,250.000,0.000,0.00,-4.90,0.00,2.00,0.00,499.00,0.0%,1200.00,0.00,HI,-50.00,-50.00
2026-09-28 08:15:12.210,DEMO_MODE,F1,500,1,0.10,-14.44,0.54,50.00,50.0,44.0,0.00,0.00,0.00,89.38,0.54,50.00,0.10,-14.44,6,63,6,63,50.0%,44.0%,250.000,0.000,0.00,-4.90,0.00,2.00,0.00,499.00,0.0%,1200.00,0.00,HI,-50.00,-50.00
2026-09-28 08:15:12.331,DEMO_MODE,F1,500,1,0.10,-14.44,0.54,50.00,50.0,44.0,0.00,0.00,0.00,89.38,0.54,50.00,0.10,-14.44,6,63,6,63,50.0%,44.0%,250.000,0.000,0.00,-4.90,0.00,2.00,0.00,499.00,0.0%,1200.00,0.00,HI,-50.00,-50.00
2026-09-28 08:15:12.451,DEMO_MODE,F1,500,1,0.10,-14.44,0.54,50.00,50.0,44.0,0.00,0.00,0.00,89.38,0.54,50.00,0.10,-14.44,6,63,6,63,50.0%,44.0%,250.000,0.000,0.00,-4.90,0.00,2.00,0.00,499.00,0.0%,1200.00,0.00,HI,-50.00,-50.00
2026-09-28 08:15:12.573,DEMO_MODE,F1,500,1,0.10,-14.44,0.54,50.00,50.0,44.0,0.00,0.00,0.00,89.38,0.54,50.00,0.10,-14.44,6,63,6,63,50.0%,44.0%,250.000,0.000,0.00,-4.90,0.00,2.00,0.00,499.00,0.0%,1200.00,0.00,HI,-50.00,-50.00
2026-09-28 08:15:12.695,DEMO_MODE,F1,500,1,0.10,-14.44,0.54,50.00,50.0,44.0,0.00,0.00,0.00,89.38,0.54,50.00,0.10,-14.44,6,63,6,63,50.0%,44.0%,250.000,0.000,0.00,-4.90,0.00,2.00,0.00,499.00,0.0%,1200.00,0.00,HI,-50.00,-50.00
2026-09-28 08:15:12.820,DEMO_MODE,F1,500,1,0.10,-14.44,0.54,50.00,50.0,44.0,0.00,0.00,0.00,89.38,0.54,50.00,0.10,-14.44,6,63,6,63,50.0%,44.0%,250.000,0.000,0.00,-4.90,0.00,2.00,0.00,499.00,0.0%,1200.00,0.00,HI,-50.00,-50.00
2026-09-28 08:15:12.946,DEMO_MODE,F1,500,1,0.10,-14.44,0.54,50.00,50.0,44.0,0.00,0.00,0.00,89.38,0.54,50.00,0.10,-14.44,6,63,6,63,50.0%,44.0%,250.000,0.000,0.00,-4.90,0.00,2.00,0.00,499.00,0.0%,1200.00,0.00,HI,-50.00,-50.00
2026-09-28 08:15:13.072,DEMO_MODE,F1,500,1,0.10,-14.44,0.54,50.00,50.0,44.0,0.00,0.00,0.00,89.38,0.54,50.00,0.10,-14.44,6,63,6,63,50.0%,44.0%,250.000,0.000,0.00,-4.90,0.00,2.00,0.00,499.00,0.0%,1200.00,0.00,HI,-50.00,-50.00
2026-09-28 08:15:13.193,DEMO_MODE,F1,500,1,0.10,-14.44,0.54,50.00,50.0,44.0,0.00,0.00,0.00,89.38,0.54,50.00,0.10,-14.44,6,63,6,63,50.0%,44.0%,250.000,0.000,0.00,-4.90,0.00,2.00,0.00,499.00,0.0%,1200.00,0.00,HI,-50.00,-50.00
2026-09-28 08:15:13.319,DEMO_MODE,F1,500,1,0.10,-14.44,0.54,50.00,50.0,44.0,0.00,0.00,0.00,89.38,0.54,50.00,0.10,-14.44,6,63,6,63,50.0%,44.0%,250.000,0.000,0.00,-4.90,0.00,2.00,0.00,499.00,0.0%,1200.00,0.00,HI,-50.00,-50.00
2026-09-28 08:15:13.440,DEMO_MODE,F1,500,1,0.10,-14.44,0.54,50.00,50.0,44.0,0.00,0.00,0.00,89.38,0.54,50.00,0.10,-14.44,6,63,6,63,50.0%,44.0%,250.000,0.000,0.00,-4.90,0.00,2.00,0.00,499.00,0.0%,1200.00,0.00,HI,-50.00,-50.00
2026-09-28 08:15:13.565,DEMO_MODE,F1,600,1,0.10,-14.44,0.54,50.00,60.0,48.0,0.00,0.00,0.00,89.38,0.54,50.00,0.10,-14.44,6,63,6,63,60.0%,48.0%,300.000,0.000,0.00,-4.90,0.00,2.00,0.00,599.00,0.0%,1200.00,10.00,HI,-50.00,-50.00
2026-09-28 08:15:13.686,DEMO_MODE,F1,600,1,0.10,-14.44,0.54,50.00,60.0,48.0,0.00,0.00,0.00,89.38,0.54,50.00,0.10,-14.44,6,63,6,63,60.0%,48.0%,300.000,0.000,0.00,-4.90,0.00,2.00,0.00,599.00,0.0%,1200.00,10.00,HI,-50.00,-50.00
2026-09-28 08:15:13.811,DEMO_MODE,F1,600,1,0.10,-14.44,0.54,50.00,60.0,48.0,0.00,0.00,0.00,89.38,0.54,50.00,0.10,-14.44,6,63,6,63,60.0%,48.0%,300.000,0.000,0.00,-4.90,0.00,2.00,0.00,599.00,0.0%,1200.00,10.00,HI,-50.00,-50.00
2026-09-28 08:15:13.931,DEMO_MODE,F1,600,1,0.10,-14.44,0.54,50.00,60.0,48.0,0.00,0.00,0.00,89.38,0.54,50.00,0.10,-14.44,6,63,6,63,60.0%,48.0%,300.000,0.000,0.00,-4.90,0.00,2.00,0.00,599.00,0.0%,1200.00,10.00,HI,-50.00,-50.00
2026-09-28 08:15:14.057,DEMO_MODE,F1,600,1,0.10,-14.44,0.54,50.00,60.0,48.0,0.00,0.00,0.00,89.38,0.54,50.00,0.10,-14.44,6,63,6,63,60.0%,48.0%,300.000,0.000,0.00,-4.90,0.00,2.00,0.00,599.00,0.0%,1200.00,10.00,HI,-50.00,-50.00
2026-09-28 08:15:14.190,DEMO_MODE,F1,600,1,0.10,-14.44,0.54,50.00,60.0,48.0,0.00,0.00,0.00,89.38,0.54,50.00,0.10,-14.44,6,63,6,63,60.0%,48.0%,300.000,0.000,0.00,-4.90,0.00,2.00,0.00,599.00,0.0%,1200.00,10.00,HI,-50.00,-50.00
2026-09-28 08:15:14.317,DEMO_MODE,F1,600,1,0.10,-14.44,0.54,50.00,60.0,48.0,0.00,0.00,0.00,89.38,0.54,50.00,0.10,-14.44,6,63,6,63,60.0%,48.0%,300.000,0.000,0.00,-4.90,0.00,2.00,0.00,599.00,0.0%,1200.00,10.00,HI,-50.00,-50.00
2026-09-28 08:15:14.438,DEMO_MODE,F1,600,1,0.10,-14.44,0.54,50.00,60.0,48.0,0.00,0.00,0.00,89.38,0.54,50.00,0.10,-14.44,6,63,6,63,60.0%,48.0%,300.000,0.000,0.00,-4.90,0.00,2.00,0.00,599.00,0.0%,1200.00,10.00,HI,-50.00,-50.00
2026-09-28 08:15:14.564,DEMO_MODE,F1,600,1,0.10,-14.44,0.54,50.00,60.0,48.0,0.00,0.00,0.00,89.38,0.54,50.00,0.10,-14.44,6,63,6,63,60.0%,48.0%,300.000,0.000,0.00,-4.90,0.00,2.00,0.00,599.00,0.0%,1200.00,10.00,HI,-50.00,-50.00
2026-09-28 08:15:14.685,DEMO_MODE,F1,600,1,0.10,-14.44,0.54,50.00,60.0,48.0,0.00,0.00,0.00,89.38,0.54,50.00,0.10,-14.44,6,63,6,63,60.0%,48.0%,300.000,0.000,0.00,-4.90,0.00,2.00,0.00,599.00,0.0%,1200.00,10.00,HI,-50.00,-50.00
2026-09-28 08:15:14.812,DEMO_MODE,F1,600,1,0.10,-14.44,0.54,50.00,60.0,48.0,0.00,0.00,0.00,89.38,0.54,50.00,0.10,-14.44,6,63,6,63,60.0%,48.0%,300.000,0.000,0.00,-4.90,0.00,2.00,0.00,599.00,0.0%,1200.00,10.00,HI,-50.00,-50.00
2026-09-28 08:15:14.932,DEMO_MODE,F1,600,1,0.10,-14.44,0.54,50.00,60.0,48.0,0.00,0.00,0.00,89.38,0.54,50.00,0.10,-14.44,6,63,6,63,60.0%,48.0%,300.000,0.000,0.00,-4.90,0.00,2.00,0.00,599.00,0.0%,1200.00,10.00,HI,-50.00,-50.00
2026-09-28 08:15:15.058,DEMO_MODE,F1,600,1,0.10,-14.44,0.54,50.00,60.0,48.0,0.00,0.00,0.00,89.38,0.54,50.00,0.10,-14.44,6,63,6,63,60.0%,48.0%,300.000,0.000,0.00,-4.90,0.00,2.00,0.00,599.00,0.0%,1200.00,10.00,HI,-50.00,-50.00
2026-09-28 08:15:15.179,DEMO_MODE,F1,600,1,0.10,-14.44,0.54,50.00,60.0,48.0,0.00,0.00,0.00,89.38,0.54,50.00,0.10,-14.44,6,63,6,63,60.0%,48.0%,300.000,0.000,0.00,-4.90,0.00,2.00,0.00,599.00,0.0%,1200.00,10.00,HI,-50.00,-50.00
2026-09-28 08:15:15.306,DEMO_MODE,F1,600,1,0.10,-14.44,0.54,50.00,60.0,48.0,0.00,0.00,0.00,89.38,0.54,50.00,0.10,-14.44,6,63,6,63,60.0%,48.0%,300.000,0.000,0.00,-4.90,0.00,2.00,0.00,599.00,0.0%,1200.00,10.00,HI,-50.00,-50.00
2026-09-28 08:15:15.426,DEMO_MODE,F1,600,1,0.10,-14.44,0.54,50.00,60.0,48.0,0.00,0.00,0.00,89.38,0.54,50.00,0.10,-14.44,6,63,6,63,60.0%,48.0%,300.000,0.000,0.00,-4.90,0.00,2.00,0.00,599.00,0.0%,1200.00,10.00,HI,-50.00,-50.00
2026-09-28 08:15:15.553,DEMO_MODE,F1,600,1,0.10,-14.44,0.54,50.00,60.0,48.0,0.00,0.00,0.00,89.38,0.54,50.00,0.10,-14.44,6,63,6,63,60.0%,48.0%,300.000,0.000,0.00,-4.90,0.00,2.00,0.00,599.00,0.0%,1200.00,10.00,HI,-50.00,-50.00
2026-09-28 08:15:15.674,DEMO_MODE,F1,600,1,0.10,-14.44,0.54,50.00,60.0,48.0,0.00,0.00,0.00,89.38,0.54,50.00,0.10,-14.44,6,63,6,63,60.0%,48.0%,300.000,0.000,0.00,-4.90,0.00,2.00,0.00,599.00,0.0%,1200.00,10.00,HI,-50.00,-50.00
2026-09-28 08:15:15.800,DEMO_MODE,F1,600,1,0.10,-14.44,0.54,50.00,60.0,48.0,0.00,0.00,0.00,89.38,0.54,50.00,0.10,-14.44,6,63,6,63,60.0%,48.0%,300.000,0.000,0.00,-4.90,0.00,2.00,0.00,599.00,0.0%,1200.00,10.00,HI,-50.00,-50.00
2026-09-28 08:15:15.920,DEMO_MODE,F1,600,1,0.10,-14.44,0.54,50.00,60.0,48.0,0.00,0.00,0.00,89.38,0.54,50.00,0.10,-14.44,6,63,6,63,60.0%,48.0%,300.000,0.000,0.00,-4.90,0.00,2.00,0.00,599.00,0.0%,1200.00,10.00,HI,-50.00,-50.00
2026-09-28 08:15:16.045,DEMO_MODE,F1,600,1,0.10,-14.44,0.54,50.00,60.0,48.0,0.00,0.00,0.00,89.38,0.54,50.00,0.10,-14.44,6,63,6,63,60.0%,48.0%,300.000,0.000,0.00,-4.90,0.00,2.00,0.00,599.00,0.0%,1200.00,10.00,HI,-50.00,-50.00
2026-09-28 08:15:16.166,DEMO_MODE,F1,600,1,0.10,-14.44,0.54,50.00,60.0,48.0,0.00,0.00,0.00,89.38,0.54,50.00,0.10,-14.44,6,63,6,63,60.0%,48.0%,300.000,0.000,0.00,-4.90,0.00,2.00,0.00,599.00,0.0%,1200.00,10.00,HI,-50.00,-50.00
2026-09-28 08:15:16.293,DEMO_MODE,F1,600,1,0.10,-14.44,0.54,50.00,60.0,48.0,0.00,0.00,0.00,89.38,0.54,50.00,0.10,-14.44,6,63,6,63,60.0%,48.0%,300.000,0.000,0.00,-4.90,0.00,2.00,0.00,599.00,0.0%,1200.00,10.00,HI,-50.00,-50.00
2026-09-28 08:15:16.418,DEMO_MODE,F1,600,1,0.10,-14.44,0.54,50.00,60.0,48.0,0.00,0.00,0.00,89.38,0.54,50.00,0.10,-14.44,6,63,6,63,60.0%,48.0%,300.000,0.000,0.00,-4.90,0.00,2.00,0.00,599.00,0.0%,1200.00,10.00,HI,-50.00,-50.00
2026-09-28 08:15:16.545,DEMO_MODE,F1,600,1,0.10,-14.44,0.54,50.00,60.0,48.0,0.00,0.00,0.00,89.38,0.54,50.00,0.10,-14.44,6,63,6,63,60.0%,48.0%,300.000,0.000,0.00,-4.90,0.00,2.00,0.00,599.00,0.0%,1200.00,10.00,HI,-50.00,-50.00
2026-09-28 08:15:16.666,DEMO_MODE,F1,600,2,0.10,-14.44,0.54,50.00,60.0,48.0,0.00,0.00,0.00,89.38,0.54,50.00,0.10,-14.44,6,63,6,63,60.0%,48.0%,300.000,0.000,0.00,-4.90,0.00,1.99,0.00,598.00,0.0%,1200.00,10.00,HI,-50.00,-50.00
2026-09-28 08:15:16.793,DEMO_MODE,F1,600,2,0.10,-14.44,0.54,50.00,60.0,48.0,0.00,0.00,0.00,89.38,0.54,50.00,0.10,-14.44,6,63,6,63,60.0%,48.0%,300.000,0.000,0.00,-4.90,0.00,1.99,0.00,598.00,0.0%,1200.00,10.00,HI,-50.00,-50.00
2026-09-28 08:15:16.913,DEMO_MODE,F1,600,2,0.10,-14.44,0.54,50.00,60.0,48.0,0.00,0.00,0.00,89.38,0.54,50.00,0.10,-14.44,6,63,6,63,60.0%,48.0%,300.000,0.000,0.00,-4.90,0.00,1.99,0.00,598.00,0.0%,1200.00,10.00,HI,-50.00,-50.00
2026-09-28 08:15:17.040,DEMO_MODE,F1,600,2,0.10,-14.44,0.54,50.00,60.0,48.0,0.00,0.00,0.00,89.38,0.54,50.00,0.10,-14.44,6,63,6,63,60.0%,48.0%,300.000,0.000,0.00,-4.90,0.00,1.99,0.00,598.00,0.0%,1200.00,10.00,HI,-50.00,-50.00
2026-09-28 08:15:17.161,DEMO_MODE,F1,600,2,0.10,-14.44,0.54,50.00,60.0,48.0,0.00,0.00,0.00,89.38,0.54,50.00,0.10,-14.44,6,63,6,63,60.0%,48.0%,300.000,0.000,0.00,-4.90,0.00,1.99,0.00,598.00,0.0%,1200.00,10.00,HI,-50.00,-50.00
2026-09-28 08:15:17.287,DEMO_MODE,F1,600,2,0.10,-14.44,0.54,50.00,60.0,48.0,0.00,0.00,0.00,89.38,0.54,50.00,0.10,-14.44,6,63,6,63,60.0%,48.0%,300.000,0.000,0.00,-4.90,0.00,1.99,0.00,598.00,0.0%,1200.00,10.00,HI,-50.00,-50.00
2026-09-28 08:15:17.407,DEMO_MODE,F1,600,2,0.10,-14.44,0.54,50.00,60.0,48.0,0.00,0.00,0.00,89.38,0.54,50.00,0.10,-14.44,6,63,6,63,60.0%,48.0%,300.000,0.000,0.00,-4.90,0.00,1.99,0.00,598.00,0.0%,1200.00,10.00,HI,-50.00,-50.00
2026-09-28 08:15:17.534,DEMO_MODE,F1,600,2,0.10,-14.44,0.54,50.00,60.0,48.0,0.00,0.00,0.00,89.38,0.54,50.00,0.10,-14.44,6,63,6,63,60.0%,48.0%,300.000,0.000,0.00,-4.90,0.00,1.99,0.00,598.00,0.0%,1200.00,10.00,HI,-50.00,-50.00
2026-09-28 08:15:17.672,DEMO_MODE,F1,600,2,0.10,-14.44,0.54,50.00,60.0,48.0,0.00,0.00,0.00,89.38,0.54,50.00,0.10,-14.44,6,63,6,63,60.0%,48.0%,300.000,0.000,0.00,-4.90,0.00,1.99,0.00,598.00,0.0%,1200.00,10.00,HI,-50.00,-50.00
2026-09-28 08:15:17.798,DEMO_MODE,F1,600,2,0.10,-14.44,0.54,50.00,60.0,48.0,0.00,0.00,0.00,89.38,0.54,50.00,0.10,-14.44,6,63,6,63,60.0%,48.0%,300.000,0.000,0.00,-4.90,0.00,1.99,0.00,598.00,0.0%,1200.00,10.00,HI,-50.00,-50.00
2026-09-28 08:15:17.919,DEMO_MODE,F1,600,2,0.10,-14.44,0.54,50.00,60.0,48.0,0.00,0.00,0.00,89.38,0.54,50.00,0.10,-14.44,6,63,6,63,60.0%,48.0%,300.000,0.000,0.00,-4.90,0.00,1.99,0.00,598.00,0.0%,1200.00,10.00,HI,-50.00,-50.00
2026-09-28 08:15:18.046,DEMO_MODE,F1,600,2,0.10,-14.44,0.54,50.00,60.0,48.0,0.00,0.00,0.00,89.38,0.54,50.00,0.10,-14.44,6,63,6,63,60.0%,48.0%,300.000,0.000,0.00,-4.90,0.00,1.99,0.00,598.00,0.0%,1200.00,10.00,HI,-50.00,-50.00
2026-09-28 08:15:18.167,DEMO_MODE,F1,600,2,0.10,-14.44,0.54,50.00,60.0,48.0,0.00,0.00,0.00,89.38,0.54,50.00,0.10,-14.44,6,63,6,63,60.0%,48.0%,300.000,0.000,0.00,-4.90,0.00,1.99,0.00,598.00,0.0%,1200.00,10.00,HI,-50.00,-50.00
2026-09-28 08:15:18.293,DEMO_MODE,F1,600,2,0.10,-14.44,0.54,50.00,60.0,48.0,0.00,0.00,0.00,89.38,0.54,50.00,0.10,-14.44,6,63,6,63,60.0%,48.0%,300.000,0.000,0.00,-4.90,0.00,1.99,0.00,598.00,0.0%,1200.00,10.00,HI,-50.00,-50.00
2026-09-28 08:15:18.414,DEMO_MODE,F1,600,2,0.10,-14.44,0.54,50.00,60.0,48.0,0.00,0.00,0.00,89.38,0.54,50.00,0.10,-14.44,6,63,6,63,60.0%,48.0%,300.000,0.000,0.00,-4.90,0.00,1.99,0.00,598.00,0.0%,1200.00,10.00,HI,-50.00,-50.00
2026-09-28 08:15:18.540,DEMO_MODE,F1,600,2,0.10,-14.44,0.54,50.00,60.0,48.0,0.00,0.00,0.00,89.38,0.54,50.00,0.10,-14.44,6,63,6,63,60.0%,48.0%,300.000,0.000,0.00,-4.90,0.00,1.99,0.00,598.00,0.0%,1200.00,10.00,HI,-50.00,-50.00
2026-09-28 08:15:18.661,DEMO_MODE,F1,600,2,0.10,-14.44,0.54,50.00,60.0,48.0,0.00,0.00,0.00,89.38,0.54,50.00,0.10,-14.44,6,63,6,63,60.0%,48.0%,300.000,0.000,0.00,-4.90,0.00,1.99,0.00,598.00,0.0%,1200.00,10.00,HI,-50.00,-50.00
2026-09-28 08:15:18.788,DEMO_MODE,F1,600,2,0.10,-14.44,0.54,50.00,60.0,52.0,0.00,0.00,0.00,89.38,0.54,50.00,0.10,-14.44,6,63,6,63,60.0%,52.0%,300.000,0.000,0.00,-4.90,0.00,1.99,0.00,598.00,0.0%,1200.00,10.00,HI,-50.00,-50.00
2026-09-28 08:15:18.915,DEMO_MODE,F1,600,2,0.10,-14.44,0.54,50.00,60.0,52.0,0.00,0.00,0.00,89.38,0.54,50.00,0.10,-14.44,6,63,6,63,60.0%,52.0%,300.000,0.000,0.00,-4.90,0.00,1.99,0.00,598.00,0.0%,1200.00,10.00,HI,-50.00,-50.00
2026-09-28 08:15:19.041,DEMO_MODE,F1,600,2,0.10,-14.44,0.54,50.00,60.0,52.0,0.00,0.00,0.00,89.38,0.54,50.00,0.10,-14.44,6,63,6,63,60.0%,52.0%,300.000,0.000,0.00,-4.90,0.00,1.99,0.00,598.00,0.0%,1200.00,10.00,HI,-50.00,-50.00
2026-09-28 08:15:19.162,DEMO_MODE,F1,600,2,0.10,-14.44,0.54,50.00,60.0,52.0,0.00,0.00,0.00,89.38,0.54,50.00,0.10,-14.44,6,63,6,63,60.0%,52.0%,300.000,0.000,0.00,-4.90,0.00,1.99,0.00,598.00,0.0%,1200.00,10.00,HI,-50.00,-50.00
2026-09-28 08:15:19.288,DEMO_MODE,F1,600,2,0.10,-14.44,0.54,50.00,60.0,52.0,0.00,0.00,0.00,89.38,0.54,50.00,0.10,-14.44,6,63,6,63,60.0%,52.0%,300.000,0.000,0.00,-4.90,0.00,1.99,0.00,598.00,0.0%,1200.00,10.00,HI,-50.00,-50.00
2026-09-28 08:15:19.409,DEMO_MODE,F1,600,2,0.10,-14.44,0.54,50.00,60.0,52.0,0.00,0.00,0.00,89.38,0.54,50.00,0.10,-14.44,6,63,6,63,60.0%,52.0%,300.000,0.000,0.00,-4.90,0.00,1.99,0.00,598.00,0.0%,1200.00,10.00,HI,-50.00,-50.00
2026-09-28 08:15:19.534,DEMO_MODE,F1,600,2,0.10,-14.44,0.54,50.00,60.0,52.0,0.00,0.00,0.00,89.38,0.54,50.00,0.10,-14.44,6,63,6,63,60.0%,52.0%,300.000,0.000,0.00,-4.90,0.00,1.99,0.00,598.00,0.0%,1200.00,10.00,HI,-50.00,-50.00
2026-09-28 08:15:19.655,DEMO_MODE,F1,600,2,0.10,-14.44,0.54,50.00,60.0,52.0,0.00,0.00,0.00,89.38,0.54,50.00,0.10,-14.44,6,63,6,63,60.0%,52.0%,300.000,0.000,0.00,-4.90,0.00,1.99,0.00,598.00,0.0%,1200.00,10.00,HI,-50.00,-50.00
2026-09-28 08:15:19.781,DEMO_MODE,F1,600,2,0.10,-14.44,0.54,50.00,60.0,52.0,0.00,0.00,0.00,89.38,0.54,50.00,0.10,-14.44,6,63,6,63,60.0%,52.0%,300.000,0.000,0.00,-4.90,0.00,1.99,0.00,598.00,0.0%,1200.00,10.00,HI,-50.00,-50.00
2026-09-28 08:15:19.902,DEMO_MODE,F1,600,2,0.10,-14.44,0.54,50.00,60.0,52.0,0.00,0.00,0.00,89.38,0.54,50.00,0.10,-14.44,6,63,6,63,60.0%,52.0%,300.000,0.000,0.00,-4.90,0.00,1.99,0.00,598.00,0.0%,1200.00,10.00,HI,-50.00,-50.00
2026-09-28 08:15:20.027,DEMO_MODE,F1,600,2,0.10,-14.44,0.54,50.00,60.0,52.0,0.00,0.00,0.00,89.38,0.54,50.00,0.10,-14.44,6,63,6,63,60.0%,52.0%,300.000,0.000,0.00,-4.90,0.00,1.99,0.00,598.00,0.0%,1200.00,10.00,HI,-50.00,-50.00
2026-09-28 08:15:20.147,DEMO_MODE,F1,600,2,0.10,-14.44,0.54,50.00,60.0,52.0,0.00,0.00,0.00,89.38,0.54,50.00,0.10,-14.44,6,63,6,63,60.0%,52.0%,300.000,0.000,0.00,-4.90,0.00,1.99,0.00,598.00,0.0%,1200.00,10.00,HI,-50.00,-50.00
2026-09-28 08:15:20.274,DEMO_MODE,F1,600,2,0.10,-14.44,0.54,50.00,60.0,52.0,0.00,0.00,0.00,89.38,0.54,50.00,0.10,-14.44,6,63,6,63,60.0%,52.0%,300.000,0.000,0.00,-4.90,0.00,1.99,0.00,598.00,0.0%,1200.00,10.00,HI,-50.00,-50.00
2026-09-28 08:15:20.396,DEMO_MODE,F1,600,2,0.10,-14.44,0.54,50.00,60.0,52.0,0.00,0.00,0.00,89.38,0.54,50.00,0.10,-14.44,6,63,6,63,60.0%,52.0%,300.000,0.000,0.00,-4.90,0.00,1.99,0.00,598.00,0.0%,1200.00,10.00,HI,-50.00,-50.00
2026-09-28 08:15:20.521,DEMO_MODE,F1,600,2,0.10,-14.44,0.54,50.00,60.0,52.0,0.00,0.00,0.00,89.38,0.54,50.00,0.10,-14.44,6,63,6,63,60.0%,52.0%,300.000,0.000,0.00,-4.90,0.00,1.99,0.00,598.00,0.0%,1200.00,10.00,HI,-50.00,-50.00
2026-09-28 08:15:20.642,DEMO_MODE,F1,600,2,0.10,-14.44,0.54,50.00,60.0,52.0,0.00,0.00,0.00,89.38,0.54,50.00,0.10,-14.44,6,63,6,63,60.0%,52.0%,300.000,0.000,0.00,-4.90,0.00,1.99,0.00,598.00,0.0%,1200.00,10.00,HI,-50.00,-50.00
2026-09-28 08:15:20.769,DEMO_MODE,F1,600,2,0.10,-14.44,0.54,50.00,60.0,52.0,0.00,0.00,0.00,89.38,0.54,50.00,0.10,-14.44,6,63,6,63,60.0%,52.0%,300.000,0.000,0.00,-4.90,0.00,1.99,0.00,598.00,0.0%,1200.00,10.00,HI,-50.00,-50.00
2026-09-28 08:15:20.890,DEMO_MODE,F1,600,2,0.10,-14.44,0.54,50.00,60.0,52.0,0.00,0.00,0.00,89.38,0.54,50.00,0.10,-14.44,6,63,6,63,60.0%,52.0%,300.000,0.000,0.00,-4.90,0.00,1.99,0.00,598.00,0.0%,1200.00,10.00,HI,-50.00,-50.00
2026-09-28 08:15:21.016,DEMO_MODE,F1,600,2,0.10,-14.44,0.54,50.00,60.0,52.0,0.00,0.00,0.00,89.38,0.54,50.00,0.10,-14.44,6,63,6,63,60.0%,52.0%,300.000,0.000,0.00,-4.90,0.00,1.99,0.00,598.00,0.0%,1200.00,10.00,HI,-50.00,-50.00
2026-09-28 08:15:21.137,DEMO_MODE,F1,600,2,0.10,-14.44,0.54,50.00,60.0,52.0,0.00,0.00,0.00,89.38,0.54,50.00,0.10,-14.44,6,63,6,63,60.0%,52.0%,300.000,0.000,0.00,-4.90,0.00,1.99,0.00,598.00,0.0%,1200.00,10.00,HI,-50.00,-50.00
2026-09-28 08:15:21.262,DEMO_MODE,F1,600,2,0.10,-14.44,0.54,50.00,60.0,52.0,0.00,0.00,0.00,89.38,0.54,50.00,0.10,-14.44,6,63,6,63,60.0%,52.0%,300.000,0.000,0.00,-4.90,0.00,1.99,0.00,598.00,0.0%,1200.00,10.00,HI,-50.00,-50.00
2026-09-28 08:15:21.382,DEMO_MODE,F1,600,2,0.10,-14.44,0.54,50.00,60.0,52.0,0.00,0.00,0.00,89.38,0.54,50.00,0.10,-14.44,6,63,6,63,60.0%,52.0%,300.000,0.000,0.00,-4.90,0.00,1.99,0.00,598.00,0.0%,1200.00,10.00,HI,-50.00,-50.00
2026-09-28 08:15:21.509,DEMO_MODE,F1,600,2,0.10,-14.44,0.54,50.00,60.0,52.0,0.00,0.00,0.00,89.38,0.54,50.00,0.10,-14.44,6,63,6,63,60.0%,52.0%,300.000,0.000,0.00,-4.90,0.00,1.99,0.00,598.00,0.0%,1200.00,10.00,HI,-50.00,-50.00
2026-09-28 08:15:21.630,DEMO_MODE,F1,600,2,0.10,-14.44,0.54,50.00,60.0,52.0,0.00,0.00,0.00,89.38,0.54,50.00,0.10,-14.44,6,63,6,63,60.0%,52.0%,300.000,0.000,0.00,-4.90,0.00,1.99,0.00,598.00,0.0%,1200.00,10.00,HI,-50.00,-50.00
2026-09-28 08:15:21.756,DEMO_MODE,F1,600,2,0.10,-14.44,0.54,50.00,60.0,52.0,0.00,0.00,0.00,89.38,0.54,50.00,0.10,-14.44,6,63,6,63,60.0%,52.0%,300.000,0.000,0.00,-4.90,0.00,1.99,0.00,598.00,0.0%,1200.00,10.00,HI,-50.00,-50.00
2026-09-28 08:15:21.888,DEMO_MODE,F1,600,2,0.10,-14.44,0.54,50.00,60.0,52.0,0.00,0.00,0.00,89.38,0.54,50.00,0.10,-14.44,6,63,6,63,60.0%,52.0%,300.000,0.000,0.00,-4.90,0.00,1.99,0.00,598.00,0.0%,1200.00,10.00,HI,-50.00,-50.00
2026-09-28 08:15:22.015,DEMO_MODE,F1,600,2,0.10,-14.44,0.54,50.00,60.0,52.0,0.00,0.00,0.00,89.38,0.54,50.00,0.10,-14.44,6,63,6,63,60.0%,52.0%,300.000,0.000,0.00,-4.90,0.00,1.99,0.00,598.00,0.0%,1200.00,10.00,HI,-50.00,-50.00
2026-09-28 08:15:22.142,DEMO_MODE,F1,600,2,0.10,-14.44,0.54,50.00,60.0,52.0,0.00,0.00,0.00,89.38,0.54,50.00,0.10,-14.44,6,63,6,63,60.0%,52.0%,300.000,0.000,0.00,-4.90,0.00,1.99,0.00,598.00,0.0%,1200.00,10.00,HI,-50.00,-50.00
2026-09-28 08:15:22.269,DEMO_MODE,F1,600,2,0.10,-14.44,0.54,50.00,60.0,52.0,0.00,0.00,0.00,89.38,0.54,50.00,0.10,-14.44,6,63,6,63,60.0%,52.0%,300.000,0.000,0.00,-4.90,0.00,1.99,0.00,598.00,0.0%,1200.00,10.00,HI,-50.00,-50.00
2026-09-28 08:15:22.394,DEMO_MODE,F1,600,2,0.10,-14.44,0.54,50.00,60.0,52.0,0.00,0.00,0.00,89.38,0.54,50.00,0.10,-14.44,6,63,6,63,60.0%,52.0%,300.000,0.000,0.00,-4.90,0.00,1.99,0.00,598.00,0.0%,1200.00,10.00,HI,-50.00,-50.00
2026-09-28 08:15:22.520,DEMO_MODE,F1,600,2,0.10,-14.44,0.54,50.00,60.0,52.0,0.00,0.00,0.00,89.38,0.54,50.00,0.10,-14.44,6,63,6,63,60.0%,52.0%,300.000,0.000,0.00,-4.90,0.00,1.99,0.00,598.00,0.0%,1200.00,10.00,HI,-50.00,-50.00
2026-09-28 08:15:22.640,DEMO_MODE,F1,600,2,0.10,-14.44,0.54,50.00,60.0,52.0,0.00,0.00,0.00,89.38,0.54,50.00,0.10,-14.44,6,63,6,63,60.0%,52.0%,300.000,0.000,0.00,-4.90,0.00,1.99,0.00,598.00,0.0%,1200.00,10.00,HI,-50.00,-50.00
2026-09-28 08:15:22.768,DEMO_MODE,F1,600,2,0.10,-14.44,0.54,50.00,60.0,52.0,0.00,0.00,0.00,89.38,0.54,50.00,0.10,-14.44,6,63,6,63,60.0%,52.0%,300.000,0.000,0.00,-4.90,0.00,1.99,0.00,598.00,0.0%,1200.00,10.00,HI,-50.00,-50.00
2026-09-28 08:15:22.888,DEMO_MODE,F1,600,2,0.10,-14.44,0.54,50.00,60.0,52.0,0.00,0.00,0.00,89.38,0.54,50.00,0.10,-14.44,6,63,6,63,60.0%,52.0%,300.000,0.000,0.00,-4.90,0.00,1.99,0.00,598.00,0.0%,1200.00,10.00,HI,-50.00,-50.00
2026-09-28 08:15:23.015,DEMO_MODE,F1,600,2,0.10,-14.44,0.54,50.00,60.0,52.0,0.00,0.00,0.00,89.38,0.54,50.00,0.10,-14.44,6,63,6,63,60.0%,52.0%,300.000,0.000,0.00,-4.90,0.00,1.99,0.00,598.00,0.0%,1200.00,10.00,HI,-50.00,-50.00
2026-09-28 08:15:23.136,DEMO_MODE,F1,600,2,0.10,-14.44,0.54,50.00,60.0,52.0,0.00,0.00,0.00,89.38,0.54,50.00,0.10,-14.44,6,63,6,63,60.0%,52.0%,300.000,0.000,0.00,-4.90,0.00,1.99,0.00,598.00,0.0%,1200.00,10.00,HI,-50.00,-50.00
2026-09-28 08:15:23.262,DEMO_MODE,F1,600,2,0.10,-14.44,0.54,50.00,60.0,52.0,0.00,0.00,0.00,89.38,0.54,50.00,0.10,-14.44,6,63,6,63,60.0%,52.0%,300.000,0.000,0.00,-4.90,0.00,1.99,0.00,598.00,0.0%,1200.00,10.00,HI,-50.00,-50.00
2026-09-28 08:15:23.383,DEMO_MODE,F1,600,2,0.10,-14.44,0.54,50.00,60.0,52.0,0.00,0.00,0.00,89.38,0.54,50.00,0.10,-14.44,6,63,6,63,60.0%,52.0%,300.000,0.000,0.00,-4.90,0.00,1.99,0.00,598.00,0.0%,1200.00,10.00,HI,-50.00,-50.00
2026-09-28 08:15:23.509,DEMO_MODE,F1,600,2,0.10,-14.44,0.54,50.00,60.0,52.0,0.00,0.00,0.00,89.38,0.54,50.00,0.10,-14.44,6,63,6,63,60.0%,52.0%,300.000,0.000,0.00,-4.90,0.00,1.99,0.00,598.00,0.0%,1200.00,10.00,HI,-50.00,-50.00
2026-09-28 08:15:23.629,DEMO_MODE,F1,600,2,0.10,-14.44,0.54,50.00,60.0,52.0,0.00,0.00,0.00,89.38,0.54,50.00,0.10,-14.44,6,63,6,63,60.0%,52.0%,300.000,0.000,0.00,-4.90,0.00,1.99,0.00,598.00,0.0%,1200.00,10.00,HI,-50.00,-50.00
2026-09-28 08:15:23.756,DEMO_MODE,F1,600,2,0.10,-14.44,0.54,50.00,60.0,52.0,0.00,0.00,0.00,89.38,0.54,50.00,0.10,-14.44,6,63,6,63,60.0%,52.0%,300.000,0.000,0.00,-4.90,0.00,1.99,0.00,598.00,0.0%,1200.00,10.00,HI,-50.00,-50.00
2026-09-28 08:15:23.877,DEMO_MODE,F1,600,2,0.10,-14.44,0.54,50.00,60.0,52.0,0.00,0.00,0.00,89.38,0.54,50.00,0.10,-14.44,6,63,6,63,60.0%,52.0%,300.000,0.000,0.00,-4.90,0.00,1.99,0.00,598.00,0.0%,1200.00,10.00,HI,-50.00,-50.00
2026-09-28 08:15:24.003,DEMO_MODE,F1,700,2,0.10,-14.44,0.54,50.00,70.0,56.0,0.00,0.00,0.00,89.38,0.54,50.00,0.10,-14.44,6,63,6,63,70.0%,56.0%,350.000,0.000,0.00,-4.90,0.00,1.99,0.00,698.00,0.0%,1200.00,20.00,HI,-50.00,-50.00
2026-09-28 08:15:24.124,DEMO_MODE,F1,700,2,0.10,-14.44,0.54,50.00,70.0,56.0,0.00,0.00,0.00,89.38,0.54,50.00,0.10,-14.44,6,63,6,63,70.0%,56.0%,350.000,0.000,0.00,-4.90,0.00,1.99,0.00,698.00,0.0%,1200.00,20.00,HI,-50.00,-50.00
2026-09-28 08:15:24.245,DEMO_MODE,F1,700,2,0.10,-14.44,0.54,50.00,70.0,56.0,0.00,0.00,0.00,89.38,0.54,50.00,0.10,-14.44,6,63,6,63,70.0%,56.0%,350.000,0.000,0.00,-4.90,0.00,1.99,0.00,698.00,0.0%,1200.00,20.00,HI,-50.00,-50.00
2026-09-28 08:15:24.366,DEMO_MODE,F1,700,2,0.10,-14.44,0.54,50.00,70.0,56.0,0.00,0.00,0.00,89.38,0.54,50.00,0.10,-14.44,6,63,6,63,70.0%,56.0%,350.000,0.000,0.00,-4.90,0.00,1.99,0.00,698.00,0.0%,1200.00,20.00,HI,-50.00,-50.00
2026-09-28 08:15:24.487,DEMO_MODE,F1,700,2,0.10,-14.44,0.54,50.00,70.0,56.0,0.00,0.00,0.00,89.38,0.54,50.00,0.10,-14.44,6,63,6,63,70.0%,56.0%,350.000,0.000,0.00,-4.90,0.00,1.99,0.00,698.00,0.0%,1200.00,20.00,HI,-50.00,-50.00
2026-09-28 08:15:24.607,DEMO_MODE,F1,700,2,0.10,-14.44,0.54,50.00,70.0,56.0,0.00,0.00,0.00,89.38,0.54,50.00,0.10,-14.44,6,63,6,63,70.0%,56.0%,350.000,0.000,0.00,-4.90,0.00,1.99,0.00,698.00,0.0%,1200.00,20.00,HI,-50.00,-50.00
2026-09-28 08:15:24.728,DEMO_MODE,F1,700,2,0.10,-14.44,0.54,50.00,70.0,56.0,0.00,0.00,0.00,89.38,0.54,50.00,0.10,-14.44,6,63,6,63,70.0%,56.0%,350.000,0.000,0.00,-4.90,0.00,1.99,0.00,698.00,0.0%,1200.00,20.00,HI,-50.00,-50.00
2026-09-28 08:15:24.849,DEMO_MODE,F1,700,2,0.10,-14.44,0.54,50.00,70.0,56.0,0.00,0.00,0.00,89.38,0.54,50.00,0.10,-14.44,6,63,6,63,70.0%,56.0%,350.000,0.000,0.00,-4.90,0.00,1.99,0.00,698.00,0.0%,1200.00,20.00,HI,-50.00,-50.00
2026-09-28 08:15:24.970,DEMO_MODE,F1,700,2,0.10,-14.44,0.54,50.00,70.0,56.0,0.00,0.00,0.00,89.38,0.54,50.00,0.10,-14.44,6,63,6,63,70.0%,56.0%,350.000,0.000,0.00,-4.90,0.00,1.99,0.00,698.00,0.0%,1200.00,20.00,HI,-50.00,-50.00
2026-09-28 08:15:25.091,DEMO_MODE,F1,700,2,0.10,-14.44,0.54,50.00,70.0,56.0,0.00,0.00,0.00,89.38,0.54,50.00,0.10,-14.44,6,63,6,63,70.0%,56.0%,350.000,0.000,0.00,-4.90,0.00,1.99,0.00,698.00,0.0%,1200.00,20.00,HI,-50.00,-50.00
2026-09-28 08:15:25.211,DEMO_MODE,F1,700,2,0.10,-14.44,0.54,50.00,70.0,56.0,0.00,0.00,0.00,89.38,0.54,50.00,0.10,-14.44,6,63,6,63,70.0%,56.0%,350.000,0.000,0.00,-4.90,0.00,1.99,0.00,698.00,0.0%,1200.00,20.00,HI,-50.00,-50.00
2026-09-28 08:15:25.332,DEMO_MODE,F1,700,2,0.10,-14.44,0.54,50.00,70.0,56.0,0.00,0.00,0.00,89.38,0.54,50.00,0.10,-14.44,6,63,6,63,70.0%,56.0%,350.000,0.000,0.00,-4.90,0.00,1.99,0.00,698.00,0.0%,1200.00,20.00,HI,-50.00,-50.00
2026-09-28 08:15:25.453,DEMO_MODE,F1,700,2,0.10,-14.44,0.54,50.00,70.0,56.0,0.00,0.00,0.00,89.38,0.54,50.00,0.10,-14.44,6,63,6,63,70.0%,56.0%,350.000,0.000,0.00,-4.90,0.00,1.99,0.00,698.00,0.0%,1200.00,20.00,HI,-50.00,-50.00
2026-09-28 08:15:25.575,DEMO_MODE,F1,700,2,0.10,-14.44,0.54,50.00,70.0,56.0,0.00,0.00,0.00,89.38,0.54,50.00,0.10,-14.44,6,63,6,63,70.0%,56.0%,350.000,0.000,0.00,-4.90,0.00,1.99,0.00,698.00,0.0%,1200.00,20.00,HI,-50.00,-50.00
2026-09-28 08:15:25.695,DEMO_MODE,F1,700,2,0.10,-14.44,0.54,50.00,70.0,56.0,0.00,0.00,0.00,89.38,0.54,50.00,0.10,-14.44,6,63,6,63,70.0%,56.0%,350.000,0.000,0.00,-4.90,0.00,1.99,0.00,698.00,0.0%,1200.00,20.00,HI,-50.00,-50.00
2026-09-28 08:15:25.821,DEMO_MODE,F1,700,2,0.10,-14.44,0.54,50.00,70.0,56.0,0.00,0.00,0.00,89.38,0.54,50.00,0.10,-14.44,6,63,6,63,70.0%,56.0%,350.000,0.000,0.00,-4.90,0.00,1.99,0.00,698.00,0.0%,1200.00,20.00,HI,-50.00,-50.00
2026-09-28 08:15:25.942,DEMO_MODE,F1,700,3,0.10,-14.44,0.54,50.00,70.0,56.0,0.00,0.00,0.00,89.38,0.54,50.00,0.10,-14.44,6,63,6,63,70.0%,56.0%,350.000,0.000,0.00,-4.90,0.00,1.99,0.00,697.00,0.0%,1200.00,20.00,HI,-50.00,-50.00
2026-09-28 08:15:26.068,DEMO_MODE,F1,700,3,0.10,-14.44,0.54,50.00,70.0,56.0,0.00,0.00,0.00,89.38,0.54,50.00,0.10,-14.44,6,63,6,63,70.0%,56.0%,350.000,0.000,0.00,-4.90,0.00,1.99,0.00,697.00,0.0%,1200.00,20.00,HI,-50.00,-50.00
2026-09-28 08:15:26.188,DEMO_MODE,F1,700,3,0.10,-14.44,0.54,50.00,70.0,56.0,0.00,0.00,0.00,89.38,0.54,50.00,0.10,-14.44,6,63,6,63,70.0%,56.0%,350.000,0.000,0.00,-4.90,0.00,1.99,0.00,697.00,0.0%,1200.00,20.00,HI,-50.00,-50.00
2026-09-28 08:15:26.314,DEMO_MODE,F1,700,3,0.10,-14.44,0.54,50.00,70.0,56.0,0.00,0.00,0.00,89.38,0.54,50.00,0.10,-14.44,6,63,6,63,70.0%,56.0%,350.000,0.000,0.00,-4.90,0.00,1.99,0.00,697.00,0.0%,1200.00,20.00,HI,-50.00,-50.00
2026-09-28 08:15:26.434,DEMO_MODE,F1,700,3,0.10,-14.44,0.54,50.00,70.0,56.0,0.00,0.00,0.00,89.38,0.54,50.00,0.10,-14.44,6,63,6,63,70.0%,56.0%,350.000,0.000,0.00,-4.90,0.00,1.99,0.00,697.00,0.0%,1200.00,20.00,HI,-50.00,-50.00
2026-09-28 08:15:26.561,DEMO_MODE,F1,700,3,0.10,-14.44,0.54,50.00,70.0,56.0,0.00,0.00,0.00,89.38,0.54,50.00,0.10,-14.44,6,63,6,63,70.0%,56.0%,350.000,0.000,0.00,-4.90,0.00,1.99,0.00,697.00,0.0%,1200.00,20.00,HI,-50.00,-50.00
2026-09-28 08:15:26.681,DEMO_MODE,F1,700,3,0.10,-14.44,0.54,50.00,70.0,56.0,0.00,0.00,0.00,89.38,0.54,50.00,0.10,-14.44,6,63,6,63,70.0%,56.0%,350.000,0.000,0.00,-4.90,0.00,1.99,0.00,697.00,0.0%,1200.00,20.00,HI,-50.00,-50.00
2026-09-28 08:15:26.808,DEMO_MODE,F1,700,3,0.10,-14.44,0.54,50.00,70.0,56.0,0.00,0.00,0.00,89.38,0.54,50.00,0.10,-14.44,6,63,6,63,70.0%,56.0%,350.000,0.000,0.00,-4.90,0.00,1.99,0.00,697.00,0.0%,1200.00,20.00,HI,-50.00,-50.00
2026-09-28 08:15:26.933,DEMO_MODE,F1,700,3,0.10,-14.44,0.54,50.00,70.0,56.0,0.00,0.00,0.00,89.38,0.54,50.00,0.10,-14.44,6,63,6,63,70.0%,56.0%,350.000,0.000,0.00,-4.90,0.00,1.99,0.00,697.00,0.0%,1200.00,20.00,HI,-50.00,-50.00
2026-09-28 08:15:27.060,DEMO_MODE,F1,700,3,0.10,-14.44,0.54,50.00,70.0,56.0,0.00,0.00,0.00,89.38,0.54,50.00,0.10,-14.44,6,63,6,63,70.0%,56.0%,350.000,0.000,0.00,-4.90,0.00,1.99,0.00,697.00,0.0%,1200.00,20.00,HI,-50.00,-50.00
2026-09-28 08:15:27.181,DEMO_MODE,F1,700,3,0.10,-14.44,0.54,50.00,70.0,56.0,0.00,0.00,0.00,89.38,0.54,50.00,0.10,-14.44,6,63,6,63,70.0%,56.0%,350.000,0.000,0.00,-4.90,0.00,1.99,0.00,697.00,0.0%,1200.00,20.00,HI,-50.00,-50.00
2026-09-28 08:15:27.307,DEMO_MODE,F1,700,3,0.10,-14.44,0.54,50.00,70.0,56.0,0.00,0.00,0.00,89.38,0.54,50.00,0.10,-14.44,6,63,6,63,70.0%,56.0%,350.000,0.000,0.00,-4.90,0.00,1.99,0.00,697.00,0.0%,1200.00,20.00,HI,-50.00,-50.00
2026-09-28 08:15:27.428,DEMO_MODE,F1,700,3,0.10,-14.44,0.54,50.00,70.0,56.0,0.00,0.00,0.00,89.38,0.54,50.00,0.10,-14.44,6,63,6,63,70.0%,56.0%,350.000,0.000,0.00,-4.90,0.00,1.99,0.00,697.00,0.0%,1200.00,20.00,HI,-50.00,-50.00
2026-09-28 08:15:27.554,DEMO_MODE,F1,700,3,0.10,-14.44,0.54,50.00,70.0,56.0,0.00,0.00,0.00,89.38,0.54,50.00,0.10,-14.44,6,63,6,63,70.0%,56.0%,350.000,0.000,0.00,-4.90,0.00,1.99,0.00,697.00,0.0%,1200.00,20.00,HI,-50.00,-50.00
2026-09-28 08:15:27.675,DEMO_MODE,F1,700,3,0.10,-14.44,0.54,50.00,70.0,56.0,0.00,0.00,0.00,89.38,0.54,50.00,0.10,-14.44,6,63,6,63,70.0%,56.0%,350.000,0.000,0.00,-4.90,0.00,1.99,0.00,697.00,0.0%,1200.00,20.00,HI,-50.00,-50.00
2026-09-28 08:15:27.801,DEMO_MODE,F1,700,3,0.10,-14.44,0.54,50.00,70.0,56.0,0.00,0.00,0.00,89.38,0.54,50.00,0.10,-14.44,6,63,6,63,70.0%,56.0%,350.000,0.000,0.00,-4.90,0.00,1.99,0.00,697.00,0.0%,1200.00,20.00,HI,-50.00,-50.00
2026-09-28 08:15:27.936,DEMO_MODE,F1,700,3,0.10,-14.44,0.54,50.00,70.0,56.0,0.00,0.00,0.00,89.38,0.54,50.00,0.10,-14.44,6,63,6,63,70.0%,56.0%,350.000,0.000,0.00,-4.90,0.00,1.99,0.00,697.00,0.0%,1200.00,20.00,HI,-50.00,-50.00
2026-09-28 08:15:28.063,DEMO_MODE,F1,700,3,0.10,-14.44,0.54,50.00,70.0,56.0,0.00,0.00,0.00,89.38,0.54,50.00,0.10,-14.44,6,63,6,63,70.0%,56.0%,350.000,0.000,0.00,-4.90,0.00,1.99,0.00,697.00,0.0%,1200.00,20.00,HI,-50.00,-50.00
2026-09-28 08:15:28.184,DEMO_MODE,F1,700,3,0.10,-14.44,0.54,50.00,70.0,56.0,0.00,0.00,0.00,89.38,0.54,50.00,0.10,-14.44,6,63,6,63,70.0%,56.0%,350.000,0.000,0.00,-4.90,0.00,1.99,0.00,697.00,0.0%,1200.00,20.00,HI,-50.00,-50.00
2026-09-28 08:15:28.309,DEMO_MODE,F1,700,3,0.10,-14.44,0.54,50.00,70.0,56.0,0.00,0.00,0.00,89.38,0.54,50.00,0.10,-14.44,6,63,6,63,70.0%,56.0%,350.000,0.000,0.00,-4.90,0.00,1.99,0.00,697.00,0.0%,1200.00,20.00,HI,-50.00,-50.00
2026-09-28 08:15:28.430,DEMO_MODE,F1,700,3,0.10,-14.44,0.54,50.00,70.0,56.0,0.00,0.00,0.00,89.38,0.54,50.00,0.10,-14.44,6,63,6,63,70.0%,56.0%,350.000,0.000,0.00,-4.90,0.00,1.99,0.00,697.00,0.0%,1200.00,20.00,HI,-50.00,-50.00
2026-09-28 08:15:28.556,DEMO_MODE,F1,700,3,0.10,-14.44,0.54,50.00,70.0,56.0,0.00,0.00,0.00,89.38,0.54,50.00,0.10,-14.44,6,63,6,63,70.0%,56.0%,350.000,0.000,0.00,-4.90,0.00,1.99,0.00,697.00,0.0%,1200.00,20.00,HI,-50.00,-50.00
2026-09-28 08:15:28.677,DEMO_MODE,F1,700,3,0.10,-14.44,0.54,50.00,70.0,56.0,0.00,0.00,0.00,89.38,0.54,50.00,0.10,-14.44,6,63,6,63,70.0%,56.0%,350.000,0.000,0.00,-4.90,0.00,1.99,0.00,697.00,0.0%,1200.00,20.00,HI,-50.00,-50.00
2026-09-28 08:15:28.804,DEMO_MODE,F1,700,3,0.10,-14.44,0.54,50.00,70.0,56.0,0.00,0.00,0.00,89.38,0.54,50.00,0.10,-14.44,6,63,6,63,70.0%,56.0%,350.000,0.000,0.00,-4.90,0.00,1.99,0.00,697.00,0.0%,1200.00,20.00,HI,-50.00,-50.00
2026-09-28 08:15:28.930,DEMO_MODE,F1,700,3,0.10,-14.44,0.54,50.00,70.0,56.0,0.00,0.00,0.00,89.38,0.54,50.00,0.10,-14.44,6,63,6,63,70.0%,56.0%,350.000,0.000,0.00,-4.90,0.00,1.99,0.00,697.00,0.0%,1200.00,20.00,HI,-50.00,-50.00
2026-09-28 08:15:29.056,DEMO_MODE,F1,700,3,0.10,-14.44,0.54,50.00,70.0,60.0,0.00,0.00,0.00,89.38,0.54,50.00,0.10,-14.44,6,63,6,63,70.0%,60.0%,350.000,0.000,0.00,-4.90,0.00,1.99,0.00,697.00,0.0%,1200.00,20.00,HI,-50.00,-50.00
2026-09-28 08:15:29.177,DEMO_MODE,F1,700,3,0.10,-14.44,0.54,50.00,70.0,60.0,0.00,0.00,0.00,89.38,0.54,50.00,0.10,-14.44,6,63,6,63,70.0%,60.0%,350.000,0.000,0.00,-4.90,0.00,1.99,0.00,697.00,0.0%,1200.00,20.00,HI,-50.00,-50.00
2026-09-28 08:15:29.303,DEMO_MODE,F1,700,3,0.10,-14.44,0.54,50.00,70.0,60.0,0.00,0.00,0.00,89.38,0.54,50.00,0.10,-14.44,6,63,6,63,70.0%,60.0%,350.000,0.000,0.00,-4.90,0.00,1.99,0.00,697.00,0.0%,1200.00,20.00,HI,-50.00,-50.00
2026-09-28 08:15:29.424,DEMO_MODE,F1,700,3,0.10,-14.44,0.54,50.00,70.0,60.0,0.00,0.00,0.00,89.38,0.54,50.00,0.10,-14.44,6,63,6,63,70.0%,60.0%,350.000,0.000,0.00,-4.90,0.00,1.99,0.00,697.00,0.0%,1200.00,20.00,HI,-50.00,-50.00
2026-09-28 08:15:29.550,DEMO_MODE,F1,700,3,0.10,-14.44,0.54,50.00,70.0,60.0,0.00,0.00,0.00,89.38,0.54,50.00,0.10,-14.44,6,63,6,63,70.0%,60.0%,350.000,0.000,0.00,-4.90,0.00,1.99,0.00,697.00,0.0%,1200.00,20.00,HI,-50.00,-50.00
2026-09-28 08:15:29.670,DEMO_MODE,F1,700,3,0.10,-14.44,0.54,50.00,70.0,60.0,0.00,0.00,0.00,89.38,0.54,50.00,0.10,-14.44,6,63,6,63,70.0%,60.0%,350.000,0.000,0.00,-4.90,0.00,1.99,0.00,697.00,0.0%,1200.00,20.00,HI,-50.00,-50.00
2026-09-28 08:15:29.796,DEMO_MODE,F1,700,3,0.10,-14.44,0.54,50.00,70.0,60.0,0.00,0.00,0.00,89.38,0.54,50.00,0.10,-14.44,6,63,6,63,70.0%,60.0%,350.000,0.000,0.00,-4.90,0.00,1.99,0.00,697.00,0.0%,1200.00,20.00,HI,-50.00,-50.00
2026-09-28 08:15:29.917,DEMO_MODE,F1,700,3,0.10,-14.44,0.54,50.00,70.0,60.0,0.00,0.00,0.00,89.38,0.54,50.00,0.10,-14.44,6,63,6,63,70.0%,60.0%,350.000,0.000,0.00,-4.90,0.00,1.99,0.00,697.00,0.0%,1200.00,20.00,HI,-50.00,-50.00
2026-09-28 08:15:30.043,DEMO_MODE,F1,700,3,0.10,-14.44,0.54,50.00,70.0,60.0,0.00,0.00,0.00,89.38,0.54,50.00,0.10,-14.44,6,63,6,63,70.0%,60.0%,350.000,0.000,0.00,-4.90,0.00,1.99,0.00,697.00,0.0%,1200.00,20.00,HI,-50.00,-50.00
2026-09-28 08:15:30.164,DEMO_MODE,F1,700,3,0.10,-14.44,0.54,50.00,70.0,60.0,0.00,0.00,0.00,89.38,0.54,50.00,0.10,-14.44,6,63,6,63,70.0%,60.0%,350.000,0.000,0.00,-4.90,0.00,1.99,0.00,697.00,0.0%,1200.00,20.00,HI,-50.00,-50.00
2026-09-28 08:15:30.291,DEMO_MODE,F1,700,3,0.10,-14.44,0.54,50.00,70.0,60.0,0.00,0.00,0.00,89.38,0.54,50.00,0.10,-14.44,6,63,6,63,70.0%,60.0%,350.000,0.000,0.00,-4.90,0.00,1.99,0.00,697.00,0.0%,1200.00,20.00,HI,-50.00,-50.00
2026-09-28 08:15:30.411,DEMO_MODE,F1,700,3,0.10,-14.44,0.54,50.00,70.0,60.0,0.00,0.00,0.00,89.38,0.54,50.00,0.10,-14.44,6,63,6,63,70.0%,60.0%,350.000,0.000,0.00,-4.90,0.00,1.99,0.00,697.00,0.0%,1200.00,20.00,HI,-50.00,-50.00
2026-09-28 08:15:30.538,DEMO_MODE,F1,700,3,0.10,-14.44,0.54,50.00,70.0,60.0,0.00,0.00,0.00,89.38,0.54,50.00,0.10,-14.44,6,63,6,63,70.0%,60.0%,350.000,0.000,0.00,-4.90,0.00,1.99,0.00,697.00,0.0%,1200.00,20.00,HI,-50.00,-50.00
2026-09-28 08:15:30.658,DEMO_MODE,F1,700,3,0.10,-14.44,0.54,50.00,70.0,60.0,0.00,0.00,0.00,89.38,0.54,50.00,0.10,-14.44,6,63,6,63,70.0%,60.0%,350.000,0.000,0.00,-4.90,0.00,1.99,0.00,697.00,0.0%,1200.00,20.00,HI,-50.00,-50.00
2026-09-28 08:15:30.783,DEMO_MODE,F1,700,3,0.10,-14.44,0.54,50.00,70.0,60.0,0.00,0.00,0.00,89.38,0.54,50.00,0.10,-14.44,6,63,6,63,70.0%,60.0%,350.000,0.000,0.00,-4.90,0.00,1.99,0.00,697.00,0.0%,1200.00,20.00,HI,-50.00,-50.00
2026-09-28 08:15:30.914,DEMO_MODE,F1,700,3,0.10,-14.44,0.54,50.00,70.0,60.0,0.00,0.00,0.00,89.38,0.54,50.00,0.10,-14.44,6,63,6,63,70.0%,60.0%,350.000,0.000,0.00,-4.90,0.00,1.99,0.00,697.00,0.0%,1200.00,20.00,HI,-50.00,-50.00
2026-09-28 08:15:31.041,DEMO_MODE,F1,700,3,0.10,-14.44,0.54,50.00,70.0,60.0,0.00,0.00,0.00,89.38,0.54,50.00,0.10,-14.44,6,63,6,63,70.0%,60.0%,350.000,0.000,0.00,-4.90,0.00,1.99,0.00,697.00,0.0%,1200.00,20.00,HI,-50.00,-50.00
2026-09-28 08:15:31.163,DEMO_MODE,F1,700,3,0.10,-14.44,0.54,50.00,70.0,60.0,0.00,0.00,0.00,89.38,0.54,50.00,0.10,-14.44,6,63,6,63,70.0%,60.0%,350.000,0.000,0.00,-4.90,0.00,1.99,0.00,697.00,0.0%,1200.00,20.00,HI,-50.00,-50.00
2026-09-28 08:15:31.288,DEMO_MODE,F1,700,3,0.10,-14.44,0.54,50.00,70.0,60.0,0.00,0.00,0.00,89.38,0.54,50.00,0.10,-14.44,6,63,6,63,70.0%,60.0%,350.000,0.000,0.00,-4.90,0.00,1.99,0.00,697.00,0.0%,1200.00,20.00,HI,-50.00,-50.00
2026-09-28 08:15:31.409,DEMO_MODE,F1,700,3,0.10,-14.44,0.54,50.00,70.0,60.0,0.00,0.00,0.00,89.38,0.54,50.00,0.10,-14.44,6,63,6,63,70.0%,60.0%,350.000,0.000,0.00,-4.90,0.00,1.99,0.00,697.00,0.0%,1200.00,20.00,HI,-50.00,-50.00
2026-09-28 08:15:31.536,DEMO_MODE,F1,700,3,0.10,-14.44,0.54,50.00,70.0,60.0,0.00,0.00,0.00,89.38,0.54,50.00,0.10,-14.44,6,63,6,63,70.0%,60.0%,350.000,0.000,0.00,-4.90,0.00,1.99,0.00,697.00,0.0%,1200.00,20.00,HI,-50.00,-50.00
2026-09-28 08:15:31.656,DEMO_MODE,F1,700,3,0.10,-14.44,0.54,50.00,70.0,60.0,0.00,0.00,0.00,89.38,0.54,50.00,0.10,-14.44,6,63,6,63,70.0%,60.0%,350.000,0.000,0.00,-4.90,0.00,1.99,0.00,697.00,0.0%,1200.00,20.00,HI,-50.00,-50.00
2026-09-28 08:15:31.783,DEMO_MODE,F1,700,3,0.10,-14.44,0.54,50.00,70.0,60.0,0.00,0.00,0.00,89.38,0.54,50.00,0.10,-14.44,6,63,6,63,70.0%,60.0%,350.000,0.000,0.00,-4.90,0.00,1.99,0.00,697.00,0.0%,1200.00,20.00,HI,-50.00,-50.00
2026-09-28 08:15:31.903,DEMO_MODE,F1,700,3,0.10,-14.44,0.54,50.00,70.0,60.0,0.00,0.00,0.00,89.38,0.54,50.00,0.10,-14.44,6,63,6,63,70.0%,60.0%,350.000,0.000,0.00,-4.90,0.00,1.99,0.00,697.00,0.0%,1200.00,20.00,HI,-50.00,-50.00
2026-09-28 08:15:32.029,DEMO_MODE,F1,700,3,0.10,-14.44,0.54,50.00,70.0,60.0,0.00,0.00,0.00,89.38,0.54,50.00,0.10,-14.44,6,63,6,63,70.0%,60.0%,350.000,0.000,0.00,-4.90,0.00,1.99,0.00,697.00,0.0%,1200.00,20.00,HI,-50.00,-50.00
2026-09-28 08:15:32.150,DEMO_MODE,F1,700,3,0.10,-14.44,0.54,50.00,70.0,60.0,0.00,0.00,0.00,89.38,0.54,50.00,0.10,-14.44,6,63,6,63,70.0%,60.0%,350.000,0.000,0.00,-4.90,0.00,1.99,0.00,697.00,0.0%,1200.00,20.00,HI,-50.00,-50.00
2026-09-28 08:15:32.277,DEMO_MODE,F1,700,3,0.10,-14.44,0.54,50.00,70.0,60.0,0.00,0.00,0.00,89.38,0.54,50.00,0.10,-14.44,6,63,6,63,70.0%,60.0%,350.000,0.000,0.00,-4.90,0.00,1.99,0.00,697.00,0.0%,1200.00,20.00,HI,-50.00,-50.00
2026-09-28 08:15:32.398,DEMO_MODE,F1,700,3,0.10,-14.44,0.54,50.00,70.0,60.0,0.00,0.00,0.00,89.38,0.54,50.00,0.10,-14.44,6,63,6,63,70.0%,60.0%,350.000,0.000,0.00,-4.90,0.00,1.99,0.00,697.00,0.0%,1200.00,20.00,HI,-50.00,-50.00
2026-09-28 08:15:32.523,DEMO_MODE,F1,700,3,0.10,-14.44,0.54,50.00,70.0,60.0,0.00,0.00,0.00,89.38,0.54,50.00,0.10,-14.44,6,63,6,63,70.0%,60.0%,350.000,0.000,0.00,-4.90,0.00,1.99,0.00,697.00,0.0%,1200.00,20.00,HI,-50.00,-50.00
2026-09-28 08:15:32.655,DEMO_MODE,F1,700,3,0.10,-14.44,0.54,50.00,70.0,60.0,0.00,0.00,0.00,89.38,0.54,50.00,0.10,-14.44,6,63,6,63,70.0%,60.0%,350.000,0.000,0.00,-4.90,0.00,1.99,0.00,697.00,0.0%,1200.00,20.00,HI,-50.00,-50.00
2026-09-28 08:15:32.781,DEMO_MODE,F1,700,3,0.10,-14.44,0.54,50.00,70.0,60.0,0.00,0.00,0.00,89.38,0.54,50.00,0.10,-14.44,6,63,6,63,70.0%,60.0%,350.000,0.000,0.00,-4.90,0.00,1.99,0.00,697.00,0.0%,1200.00,20.00,HI,-50.00,-50.00
2026-09-28 08:15:32.902,DEMO_MODE,F1,700,3,0.10,-14.44,0.54,50.00,70.0,60.0,0.00,0.00,0.00,89.38,0.54,50.00,0.10,-14.44,6,63,6,63,70.0%,60.0%,350.000,0.000,0.00,-4.90,0.00,1.99,0.00,697.00,0.0%,1200.00,20.00,HI,-50.00,-50.00
2026-09-28 08:15:33.028,DEMO_MODE,F1,700,3,0.10,-14.44,0.54,50.00,70.0,60.0,0.00,0.00,0.00,89.38,0.54,50.00,0.10,-14.44,6,63,6,63,70.0%,60.0%,350.000,0.000,0.00,-4.90,0.00,1.99,0.00,697.00,0.0%,1200.00,20.00,HI,-50.00,-50.00
2026-09-28 08:15:33.149,DEMO_MODE,F1,700,3,0.10,-14.44,0.54,50.00,70.0,60.0,0.00,0.00,0.00,89.38,0.54,50.00,0.10,-14.44,6,63,6,63,70.0%,60.0%,350.000,0.000,0.00,-4.90,0.00,1.99,0.00,697.00,0.0%,1200.00,20.00,HI,-50.00,-50.00
2026-09-28 08:15:33.274,DEMO_MODE,F1,700,3,0.10,-14.44,0.54,50.00,70.0,60.0,0.00,0.00,0.00,89.38,0.54,50.00,0.10,-14.44,6,63,6,63,70.0%,60.0%,350.000,0.000,0.00,-4.90,0.00,1.99,0.00,697.00,0.0%,1200.00,20.00,HI,-50.00,-50.00
2026-09-28 08:15:33.395,DEMO_MODE,F1,700,3,0.10,-14.44,0.54,50.00,70.0,60.0,0.00,0.00,0.00,89.38,0.54,50.00,0.10,-14.44,6,63,6,63,70.0%,60.0%,350.000,0.000,0.00,-4.90,0.00,1.99,0.00,697.00,0.0%,1200.00,20.00,HI,-50.00,-50.00
2026-09-28 08:15:33.522,DEMO_MODE,F1,700,3,0.10,-14.44,0.54,50.00,70.0,60.0,0.00,0.00,0.00,89.38,0.54,50.00,0.10,-14.44,6,63,6,63,70.0%,60.0%,350.000,0.000,0.00,-4.90,0.00,1.99,0.00,697.00,0.0%,1200.00,20.00,HI,-50.00,-50.00
2026-09-28 08:15:33.643,DEMO_MODE,F1,700,3,0.10,-14.44,0.54,50.00,70.0,60.0,0.00,0.00,0.00,89.38,0.54,50.00,0.10,-14.44,6,63,6,63,70.0%,60.0%,350.000,0.000,0.00,-4.90,0.00,1.99,0.00,697.00,0.0%,1200.00,20.00,HI,-50.00,-50.00
2026-09-28 08:15:33.768,DEMO_MODE,F1,700,3,0.10,-14.44,0.54,50.00,70.0,60.0,0.00,0.00,0.00,89.38,0.54,50.00,0.10,-14.44,6,63,6,63,70.0%,60.0%,350.000,0.000,0.00,-4.90,0.00,1.99,0.00,697.00,0.0%,1200.00,20.00,HI,-50.00,-50.00
2026-09-28 08:15:33.889,DEMO_MODE,F1,700,3,0.10,-14.44,0.54,50.00,70.0,60.0,0.00,0.00,0.00,89.38,0.54,50.00,0.10,-14.44,6,63,6,63,70.0%,60.0%,350.000,0.000,0.00,-4.90,0.00,1.99,0.00,697.00,0.0%,1200.00,20.00,HI,-50.00,-50.00
2026-09-28 08:15:34.015,DEMO_MODE,F1,700,3,0.10,-14.44,0.54,50.00,70.0,60.0,0.00,0.00,0.00,89.38,0.54,50.00,0.10,-14.44,6,63,6,63,70.0%,60.0%,350.000,0.000,0.00,-4.90,0.00,1.99,0.00,697.00,0.0%,1200.00,20.00,HI,-50.00,-50.00
2026-09-28 08:15:34.136,DEMO_MODE,F1,700,3,0.10,-14.44,0.54,50.00,70.0,60.0,0.00,0.00,0.00,89.38,0.54,50.00,0.10,-14.44,6,63,6,63,70.0%,60.0%,350.000,0.000,0.00,-4.90,0.00,1.99,0.00,697.00,0.0%,1200.00,20.00,HI,-50.00,-50.00
2026-09-28 08:15:34.263,DEMO_MODE,F1,800,3,0.10,-14.44,0.54,50.00,80.0,64.0,0.00,0.00,0.00,89.38,0.54,50.00,0.10,-14.44,6,63,6,63,80.0%,64.0%,400.000,0.000,0.00,-4.90,0.00,1.99,0.00,797.00,0.0%,1200.00,30.00,HI,-50.00,-50.00
2026-09-28 08:15:34.383,DEMO_MODE,F1,800,3,0.10,-14.44,0.54,50.00,80.0,64.0,0.00,0.00,0.00,89.38,0.54,50.00,0.10,-14.44,6,63,6,63,80.0%,64.0%,400.000,0.000,0.00,-4.90,0.00,1.99,0.00,797.00,0.0%,1200.00,30.00,HI,-50.00,-50.00
2026-09-28 08:15:34.509,DEMO_MODE,F1,800,3,0.10,-14.44,0.54,50.00,80.0,64.0,0.00,0.00,0.00,89.38,0.54,50.00,0.10,-14.44,6,63,6,63,80.0%,64.0%,400.000,0.000,0.00,-4.90,0.00,1.99,0.00,797.00,0.0%,1200.00,30.00,HI,-50.00,-50.00
2026-09-28 08:15:34.629,DEMO_MODE,F1,800,3,0.10,-14.44,0.54,50.00,80.0,64.0,0.00,0.00,0.00,89.38,0.54,50.00,0.10,-14.44,6,63,6,63,80.0%,64.0%,400.000,0.000,0.00,-4.90,0.00,1.99,0.00,797.00,0.0%,1200.00,30.00,HI,-50.00,-50.00
2026-09-28 08:15:34.755,DEMO_MODE,F1,800,3,0.10,-14.44,0.54,50.00,80.0,64.0,0.00,0.00,0.00,89.38,0.54,50.00,0.10,-14.44,6,63,6,63,80.0%,64.0%,400.000,0.000,0.00,-4.90,0.00,1.99,0.00,797.00,0.0%,1200.00,30.00,HI,-50.00,-50.00
2026-09-28 08:15:34.882,DEMO_MODE,F1,800,3,0.10,-14.44,0.54,50.00,80.0,64.0,0.00,0.00,0.00,89.38,0.54,50.00,0.10,-14.44,6,63,6,63,80.0%,64.0%,400.000,0.000,0.00,-4.90,0.00,1.99,0.00,797.00,0.0%,1200.00,30.00,HI,-50.00,-50.00
2026-09-28 08:15:35.008,DEMO_MODE,F1,800,3,0.10,-14.44,0.54,50.00,80.0,64.0,0.00,0.00,0.00,89.38,0.54,50.00,0.10,-14.44,6,63,6,63,80.0%,64.0%,400.000,0.000,0.00,-4.90,0.00,1.99,0.00,797.00,0.0%,1200.00,30.00,HI,-50.00,-50.00
2026-09-28 08:15:35.129,DEMO_MODE,F1,800,3,0.10,-14.44,0.54,50.00,80.0,64.0,0.00,0.00,0.00,89.38,0.54,50.00,0.10,-14.44,6,63,6,63,80.0%,64.0%,400.000,0.000,0.00,-4.90,0.00,1.99,0.00,797.00,0.0%,1200.00,30.00,HI,-50.00,-50.00
2026-09-28 08:15:35.250,DEMO_MODE,F1,800,4,0.10,-14.44,0.54,50.00,80.0,64.0,0.00,0.00,0.00,89.38,0.54,50.00,0.10,-14.44,6,63,6,63,80.0%,64.0%,400.000,0.000,0.00,-4.90,0.00,1.99,0.00,796.00,0.0%,1200.00,30.00,HI,-50.00,-50.00
2026-09-28 08:15:35.370,DEMO_MODE,F1,800,4,0.10,-14.44,0.54,50.00,80.0,64.0,0.00,0.00,0.00,89.38,0.54,50.00,0.10,-14.44,6,63,6,63,80.0%,64.0%,400.000,0.000,0.00,-4.90,0.00,1.99,0.00,796.00,0.0%,1200.00,30.00,HI,-50.00,-50.00
2026-09-28 08:15:35.491,DEMO_MODE,F1,800,4,0.10,-14.44,0.54,50.00,80.0,64.0,0.00,0.00,0.00,89.38,0.54,50.00,0.10,-14.44,6,63,6,63,80.0%,64.0%,400.000,0.000,0.00,-4.90,0.00,1.99,0.00,796.00,0.0%,1200.00,30.00,HI,-50.00,-50.00
2026-09-28 08:15:35.612,DEMO_MODE,F1,800,4,0.10,-14.44,0.54,50.00,80.0,64.0,0.00,0.00,0.00,89.38,0.54,50.00,0.10,-14.44,6,63,6,63,80.0%,64.0%,400.000,0.000,0.00,-4.90,0.00,1.99,0.00,796.00,0.0%,1200.00,30.00,HI,-50.00,-50.00
2026-09-28 08:15:35.733,DEMO_MODE,F1,800,4,0.10,-14.44,0.54,50.00,80.0,64.0,0.00,0.00,0.00,89.38,0.54,50.00,0.10,-14.44,6,63,6,63,80.0%,64.0%,400.000,0.000,0.00,-4.90,0.00,1.99,0.00,796.00,0.0%,1200.00,30.00,HI,-50.00,-50.00
2026-09-28 08:15:35.854,DEMO_MODE,F1,800,4,0.10,-14.44,0.54,50.00,80.0,64.0,0.00,0.00,0.00,89.38,0.54,50.00,0.10,-14.44,6,63,6,63,80.0%,64.0%,400.000,0.000,0.00,-4.90,0.00,1.99,0.00,796.00,0.0%,1200.00,30.00,HI,-50.00,-50.00
2026-09-28 08:15:35.974,DEMO_MODE,F1,800,4,0.10,-14.44,0.54,50.00,80.0,64.0,0.00,0.00,0.00,89.38,0.54,50.00,0.10,-14.44,6,63,6,63,80.0%,64.0%,400.000,0.000,0.00,-4.90,0.00,1.99,0.00,796.00,0.0%,1200.00,30.00,HI,-50.00,-50.00
2026-09-28 08:15:36.095,DEMO_MODE,F1,800,4,0.10,-14.44,0.54,50.00,80.0,64.0,0.00,0.00,0.00,89.38,0.54,50.00,0.10,-14.44,6,63,6,63,80.0%,64.0%,400.000,0.000,0.00,-4.90,0.00,1.99,0.00,796.00,0.0%,1200.00,30.00,HI,-50.00,-50.00
2026-09-28 08:15:36.216,DEMO_MODE,F1,800,4,0.10,-14.44,0.54,50.00,80.0,64.0,0.00,0.00,0.00,89.38,0.54,50.00,0.10,-14.44,6,63,6,63,80.0%,64.0%,400.000,0.000,0.00,-4.90,0.00,1.99,0.00,796.00,0.0%,1200.00,30.00,HI,-50.00,-50.00
2026-09-28 08:15:36.341,DEMO_MODE,F1,800,4,0.10,-14.44,0.54,50.00,80.0,64.0,0.00,0.00,0.00,89.38,0.54,50.00,0.10,-14.44,6,63,6,63,80.0%,64.0%,400.000,0.000,0.00,-4.90,0.00,1.99,0.00,796.00,0.0%,1200.00,30.00,HI,-50.00,-50.00
2026-09-28 08:15:36.462,DEMO_MODE,F1,800,4,0.10,-14.44,0.54,50.00,80.0,64.0,0.00,0.00,0.00,89.38,0.54,50.00,0.10,-14.44,6,63,6,63,80.0%,64.0%,400.000,0.000,0.00,-4.90,0.00,1.99,0.00,796.00,0.0%,1200.00,30.00,HI,-50.00,-50.00
2026-09-28 08:15:36.589,DEMO_MODE,F1,800,4,0.10,-14.44,0.54,50.00,80.0,64.0,0.00,0.00,0.00,89.38,0.54,50.00,0.10,-14.44,6,63,6,63,80.0%,64.0%,400.000,0.000,0.00,-4.90,0.00,1.99,0.00,796.00,0.0%,1200.00,30.00,HI,-50.00,-50.00
2026-09-28 08:15:36.710,DEMO_MODE,F1,800,4,0.10,-14.44,0.54,50.00,80.0,64.0,0.00,0.00,0.00,89.38,0.54,50.00,0.10,-14.44,6,63,6,63,80.0%,64.0%,400.000,0.000,0.00,-4.90,0.00,1.99,0.00,796.00,0.0%,1200.00,30.00,HI,-50.00,-50.00
2026-09-28 08:15:36.836,DEMO_MODE,F1,800,4,0.10,-14.44,0.54,50.00,80.0,64.0,0.00,0.00,0.00,89.38,0.54,50.00,0.10,-14.44,6,63,6,63,80.0%,64.0%,400.000,0.000,0.00,-4.90,0.00,1.99,0.00,796.00,0.0%,1200.00,30.00,HI,-50.00,-50.00
2026-09-28 08:15:36.957,DEMO_MODE,F1,800,4,0.10,-14.44,0.54,50.00,80.0,64.0,0.00,0.00,0.00,89.38,0.54,50.00,0.10,-14.44,6,63,6,63,80.0%,64.0%,400.000,0.000,0.00,-4.90,0.00,1.99,0.00,796.00,0.0%,1200.00,30.00,HI,-50.00,-50.00
2026-09-28 08:15:37.083,DEMO_MODE,F1,800,4,0.10,-14.44,0.54,50.00,80.0,64.0,0.00,0.00,0.00,89.38,0.54,50.00,0.10,-14.44,6,63,6,63,80.0%,64.0%,400.000,0.000,0.00,-4.90,0.00,1.99,0.00,796.00,0.0%,1200.00,30.00,HI,-50.00,-50.00
2026-09-28 08:15:37.204,DEMO_MODE,F1,800,4,0.10,-14.44,0.54,50.00,80.0,64.0,0.00,0.00,0.00,89.38,0.54,50.00,0.10,-14.44,6,63,6,63,80.0%,64.0%,400.000,0.000,0.00,-4.90,0.00,1.99,0.00,796.00,0.0%,1200.00,30.00,HI,-50.00,-50.00
2026-09-28 08:15:37.330,DEMO_MODE,F1,800,4,0.10,-14.44,0.54,50.00,80.0,64.0,0.00,0.00,0.00,89.38,0.54,50.00,0.10,-14.44,6,63,6,63,80.0%,64.0%,400.000,0.000,0.00,-4.90,0.00,1.99,0.00,796.00,0.0%,1200.00,30.00,HI,-50.00,-50.00
2026-09-28 08:15:37.458,DEMO_MODE,F1,800,4,0.10,-14.44,0.54,50.00,80.0,64.0,0.00,0.00,0.00,89.38,0.54,50.00,0.10,-14.44,6,63,6,63,80.0%,64.0%,400.000,0.000,0.00,-4.90,0.00,1.99,0.00,796.00,0.0%,1200.00,30.00,HI,-50.00,-50.00
2026-09-28 08:15:37.583,DEMO_MODE,F1,800,4,0.10,-14.44,0.54,50.00,80.0,64.0,0.00,0.00,0.00,89.38,0.54,50.00,0.10,-14.44,6,63,6,63,80.0%,64.0%,400.000,0.000,0.00,-4.90,0.00,1.99,0.00,796.00,0.0%,1200.00,30.00,HI,-50.00,-50.00
2026-09-28 08:15:37.704,DEMO_MODE,F1,800,4,0.10,-14.44,0.54,50.00,80.0,64.0,0.00,0.00,0.00,89.38,0.54,50.00,0.10,-14.44,6,63,6,63,80.0%,64.0%,400.000,0.000,0.00,-4.90,0.00,1.99,0.00,796.00,0.0%,1200.00,30.00,HI,-50.00,-50.00
2026-09-28 08:15:37.830,DEMO_MODE,F1,800,4,0.10,-14.44,0.54,50.00,80.0,64.0,0.00,0.00,0.00,89.38,0.54,50.00,0.10,-14.44,6,63,6,63,80.0%,64.0%,400.000,0.000,0.00,-4.90,0.00,1.99,0.00,796.00,0.0%,1200.00,30.00,HI,-50.00,-50.00
2026-09-28 08:15:37.950,DEMO_MODE,F1,800,4,0.10,-14.44,0.54,50.00,80.0,64.0,0.00,0.00,0.00,89.38,0.54,50.00,0.10,-14.44,6,63,6,63,80.0%,64.0%,400.000,0.000,0.00,-4.90,0.00,1.99,0.00,796.00,0.0%,1200.00,30.00,HI,-50.00,-50.00
2026-09-28 08:15:38.077,DEMO_MODE,F1,800,4,0.10,-14.44,0.54,50.00,80.0,64.0,0.00,0.00,0.00,89.38,0.54,50.00,0.10,-14.44,6,63,6,63,80.0%,64.0%,400.000,0.000,0.00,-4.90,0.00,1.99,0.00,796.00,0.0%,1200.00,30.00,HI,-50.00,-50.00
2026-09-28 08:15:38.204,DEMO_MODE,F1,800,4,0.10,-14.44,0.54,50.00,80.0,64.0,0.00,0.00,0.00,89.38,0.54,50.00,0.10,-14.44,6,63,6,63,80.0%,64.0%,400.000,0.000,0.00,-4.90,0.00,1.99,0.00,796.00,0.0%,1200.00,30.00,HI,-50.00,-50.00
2026-09-28 08:15:38.330,DEMO_MODE,F1,800,4,0.10,-14.44,0.54,50.00,80.0,64.0,0.00,0.00,0.00,89.38,0.54,50.00,0.10,-14.44,6,63,6,63,80.0%,64.0%,400.000,0.000,0.00,-4.90,0.00,1.99,0.00,796.00,0.0%,1200.00,30.00,HI,-50.00,-50.00
2026-09-28 08:15:38.451,DEMO_MODE,F1,800,4,0.10,-14.44,0.54,50.00,80.0,64.0,0.00,0.00,0.00,89.38,0.54,50.00,0.10,-14.44,6,63,6,63,80.0%,64.0%,400.000,0.000,0.00,-4.90,0.00,1.99,0.00,796.00,0.0%,1200.00,30.00,HI,-50.00,-50.00
2026-09-28 08:15:38.577,DEMO_MODE,F1,800,4,0.10,-14.44,0.54,50.00,80.0,64.0,0.00,0.00,0.00,89.38,0.54,50.00,0.10,-14.44,6,63,6,63,80.0%,64.0%,400.000,0.000,0.00,-4.90,0.00,1.99,0.00,796.00,0.0%,1200.00,30.00,HI,-50.00,-50.00
2026-09-28 08:15:38.698,DEMO_MODE,F1,800,4,0.10,-14.44,0.54,50.00,80.0,64.0,0.00,0.00,0.00,89.38,0.54,50.00,0.10,-14.44,6,63,6,63,80.0%,64.0%,400.000,0.000,0.00,-4.90,0.00,1.99,0.00,796.00,0.0%,1200.00,30.00,HI,-50.00,-50.00
2026-09-28 08:15:38.824,DEMO_MODE,F1,800,4,0.10,-14.44,0.54,50.00,80.0,64.0,0.00,0.00,0.00,89.38,0.54,50.00,0.10,-14.44,6,63,6,63,80.0%,64.0%,400.000,0.000,0.00,-4.90,0.00,1.99,0.00,796.00,0.0%,1200.00,30.00,HI,-50.00,-50.00
2026-09-28 08:15:38.944,DEMO_MODE,F1,800,4,0.10,-14.44,0.54,50.00,80.0,64.0,0.00,0.00,0.00,89.38,0.54,50.00,0.10,-14.44,6,63,6,63,80.0%,64.0%,400.000,0.000,0.00,-4.90,0.00,1.99,0.00,796.00,0.0%,1200.00,30.00,HI,-50.00,-50.00
2026-09-28 08:15:39.070,DEMO_MODE,F1,800,4,0.10,-14.44,0.54,50.00,80.0,64.0,0.00,0.00,0.00,89.38,0.54,50.00,0.10,-14.44,6,63,6,63,80.0%,64.0%,400.000,0.000,0.00,-4.90,0.00,1.99,0.00,796.00,0.0%,1200.00,30.00,HI,-50.00,-50.00
2026-09-28 08:15:39.190,DEMO_MODE,F1,800,4,0.10,-14.44,0.54,50.00,80.0,64.0,0.00,0.00,0.00,89.38,0.54,50.00,0.10,-14.44,6,63,6,63,80.0%,64.0%,400.000,0.000,0.00,-4.90,0.00,1.99,0.00,796.00,0.0%,1200.00,30.00,HI,-50.00,-50.00
2026-09-28 08:15:39.316,DEMO_MODE,F1,800,4,0.10,-14.44,0.54,50.00,80.0,64.0,0.00,0.00,0.00,89.38,0.54,50.00,0.10,-14.44,6,63,6,63,80.0%,64.0%,400.000,0.000,0.00,-4.90,0.00,1.99,0.00,796.00,0.0%,1200.00,30.00,HI,-50.00,-50.00
2026-09-28 08:15:39.437,DEMO_MODE,F1,800,4,0.10,-14.44,0.54,50.00,80.0,68.0,0.00,0.00,0.00,89.38,0.54,50.00,0.10,-14.44,6,63,6,63,80.0%,68.0%,400.000,0.000,0.00,-4.90,0.00,1.99,0.00,796.00,0.0%,1200.00,30.00,HI,-50.00,-50.00
2026-09-28 08:15:39.563,DEMO_MODE,F1,800,4,0.10,-14.44,0.54,50.00,80.0,68.0,0.00,0.00,0.00,89.38,0.54,50.00,0.10,-14.44,6,63,6,63,80.0%,68.0%,400.000,0.000,0.00,-4.90,0.00,1.99,0.00,796.00,0.0%,1200.00,30.00,HI,-50.00,-50.00
2026-09-28 08:15:39.683,DEMO_MODE,F1,800,4,0.10,-14.44,0.54,50.00,80.0,68.0,0.00,0.00,0.00,89.38,0.54,50.00,0.10,-14.44,6,63,6,63,80.0%,68.0%,400.000,0.000,0.00,-4.90,0.00,1.99,0.00,796.00,0.0%,1200.00,30.00,HI,-50.00,-50.00
2026-09-28 08:15:39.809,DEMO_MODE,F1,800,4,0.10,-14.44,0.54,50.00,80.0,68.0,0.00,0.00,0.00,89.38,0.54,50.00,0.10,-14.44,6,63,6,63,80.0%,68.0%,400.000,0.000,0.00,-4.90,0.00,1.99,0.00,796.00,0.0%,1200.00,30.00,HI,-50.00,-50.00
2026-09-28 08:15:39.930,DEMO_MODE,F1,800,4,0.10,-14.44,0.54,50.00,80.0,68.0,0.00,0.00,0.00,89.38,0.54,50.00,0.10,-14.44,6,63,6,63,80.0%,68.0%,400.000,0.000,0.00,-4.90,0.00,1.99,0.00,796.00,0.0%,1200.00,30.00,HI,-50.00,-50.00
2026-09-28 08:15:40.056,DEMO_MODE,F1,800,4,0.10,-14.44,0.54,50.00,80.0,68.0,0.00,0.00,0.00,89.38,0.54,50.00,0.10,-14.44,6,63,6,63,80.0%,68.0%,400.000,0.000,0.00,-4.90,0.00,1.99,0.00,796.00,0.0%,1200.00,30.00,HI,-50.00,-50.00
2026-09-28 08:15:40.181,DEMO_MODE,F1,800,4,0.10,-14.44,0.54,50.00,80.0,68.0,0.00,0.00,0.00,89.38,0.54,50.00,0.10,-14.44,6,63,6,63,80.0%,68.0%,400.000,0.000,0.00,-4.90,0.00,1.99,0.00,796.00,0.0%,1200.00,30.00,HI,-50.00,-50.00
2026-09-28 08:15:40.307,DEMO_MODE,F1,800,4,0.10,-14.44,0.54,50.00,80.0,68.0,0.00,0.00,0.00,89.38,0.54,50.00,0.10,-14.44,6,63,6,63,80.0%,68.0%,400.000,0.000,0.00,-4.90,0.00,1.99,0.00,796.00,0.0%,1200.00,30.00,HI,-50.00,-50.00
2026-09-28 08:15:40.428,DEMO_MODE,F1,800,4,0.10,-14.44,0.54,50.00,80.0,68.0,0.00,0.00,0.00,89.38,0.54,50.00,0.10,-14.44,6,63,6,63,80.0%,68.0%,400.000,0.000,0.00,-4.90,0.00,1.99,0.00,796.00,0.0%,1200.00,30.00,HI,-50.00,-50.00
2026-09-28 08:15:40.554,DEMO_MODE,F1,800,4,0.10,-14.44,0.54,50.00,80.0,68.0,0.00,0.00,0.00,89.38,0.54,50.00,0.10,-14.44,6,63,6,63,80.0%,68.0%,400.000,0.000,0.00,-4.90,0.00,1.99,0.00,796.00,0.0%,1200.00,30.00,HI,-50.00,-50.00
2026-09-28 08:15:40.675,DEMO_MODE,F1,800,4,0.10,-14.44,0.54,50.00,80.0,68.0,0.00,0.00,0.00,89.38,0.54,50.00,0.10,-14.44,6,63,6,63,80.0%,68.0%,400.000,0.000,0.00,-4.90,0.00,1.99,0.00,796.00,0.0%,1200.00,30.00,HI,-50.00,-50.00
2026-09-28 08:15:40.801,DEMO_MODE,F1,800,4,0.10,-14.44,0.54,50.00,80.0,68.0,0.00,0.00,0.00,89.38,0.54,50.00,0.10,-14.44,6,63,6,63,80.0%,68.0%,400.000,0.000,0.00,-4.90,0.00,1.99,0.00,796.00,0.0%,1200.00,30.00,HI,-50.00,-50.00
2026-09-28 08:15:40.922,DEMO_MODE,F1,800,4,0.10,-14.44,0.54,50.00,80.0,68.0,0.00,0.00,0.00,89.38,0.54,50.00,0.10,-14.44,6,63,6,63,80.0%,68.0%,400.000,0.000,0.00,-4.90,0.00,1.99,0.00,796.00,0.0%,1200.00,30.00,HI,-50.00,-50.00
2026-09-28 08:15:41.049,DEMO_MODE,F1,800,4,0.10,-14.44,0.54,50.00,80.0,68.0,0.00,0.00,0.00,89.38,0.54,50.00,0.10,-14.44,6,63,6,63,80.0%,68.0%,400.000,0.000,0.00,-4.90,0.00,1.99,0.00,796.00,0.0%,1200.00,30.00,HI,-50.00,-50.00
2026-09-28 08:15:41.175,DEMO_MODE,F1,800,4,0.10,-14.44,0.54,50.00,80.0,68.0,0.00,0.00,0.00,89.38,0.54,50.00,0.10,-14.44,6,63,6,63,80.0%,68.0%,400.000,0.000,0.00,-4.90,0.00,1.99,0.00,796.00,0.0%,1200.00,30.00,HI,-50.00,-50.00
2026-09-28 08:15:41.301,DEMO_MODE,F1,800,4,0.10,-14.44,0.54,50.00,80.0,68.0,0.00,0.00,0.00,89.38,0.54,50.00,0.10,-14.44,6,63,6,63,80.0%,68.0%,400.000,0.000,0.00,-4.90,0.00,1.99,0.00,796.00,0.0%,1200.00,30.00,HI,-50.00,-50.00
2026-09-28 08:15:41.421,DEMO_MODE,F1,800,4,0.10,-14.44,0.54,50.00,80.0,68.0,0.00,0.00,0.00,89.38,0.54,50.00,0.10,-14.44,6,63,6,63,80.0%,68.0%,400.000,0.000,0.00,-4.90,0.00,1.99,0.00,796.00,0.0%,1200.00,30.00,HI,-50.00,-50.00
2026-09-28 08:15:41.547,DEMO_MODE,F1,800,4,0.10,-14.44,0.54,50.00,80.0,68.0,0.00,0.00,0.00,89.38,0.54,50.00,0.10,-14.44,6,63,6,63,80.0%,68.0%,400.000,0.000,0.00,-4.90,0.00,1.99,0.00,796.00,0.0%,1200.00,30.00,HI,-50.00,-50.00
2026-09-28 08:15:41.668,DEMO_MODE,F1,800,4,0.10,-14.44,0.54,50.00,80.0,68.0,0.00,0.00,0.00,89.38,0.54,50.00,0.10,-14.44,6,63,6,63,80.0%,68.0%,400.000,0.000,0.00,-4.90,0.00,1.99,0.00,796.00,0.0%,1200.00,30.00,HI,-50.00,-50.00
2026-09-28 08:15:41.794,DEMO_MODE,F1,800,4,0.10,-14.44,0.54,50.00,80.0,68.0,0.00,0.00,0.00,89.38,0.54,50.00,0.10,-14.44,6,63,6,63,80.0%,68.0%,400.000,0.000,0.00,-4.90,0.00,1.99,0.00,796.00,0.0%,1200.00,30.00,HI,-50.00,-50.00
2026-09-28 08:15:41.915,DEMO_MODE,F1,800,4,0.10,-14.44,0.54,50.00,80.0,68.0,0.00,0.00,0.00,89.38,0.54,50.00,0.10,-14.44,6,63,6,63,80.0%,68.0%,400.000,0.000,0.00,-4.90,0.00,1.99,0.00,796.00,0.0%,1200.00,30.00,HI,-50.00,-50.00
2026-09-28 08:15:42.041,DEMO_MODE,F1,800,4,0.10,-14.44,0.54,50.00,80.0,68.0,0.00,0.00,0.00,89.38,0.54,50.00,0.10,-14.44,6,63,6,63,80.0%,68.0%,400.000,0.000,0.00,-4.90,0.00,1.99,0.00,796.00,0.0%,1200.00,30.00,HI,-50.00,-50.00
2026-09-28 08:15:42.161,DEMO_MODE,F1,800,4,0.10,-14.44,0.54,50.00,80.0,68.0,0.00,0.00,0.00,89.38,0.54,50.00,0.10,-14.44,6,63,6,63,80.0%,68.0%,400.000,0.000,0.00,-4.90,0.00,1.99,0.00,796.00,0.0%,1200.00,30.00,HI,-50.00,-50.00
2026-09-28 08:15:42.287,DEMO_MODE,F1,800,4,0.10,-14.44,0.54,50.00,80.0,68.0,0.00,0.00,0.00,89.38,0.54,50.00,0.10,-14.44,6,63,6,63,80.0%,68.0%,400.000,0.000,0.00,-4.90,0.00,1.99,0.00,796.00,0.0%,1200.00,30.00,HI,-50.00,-50.00
2026-09-28 08:15:42.419,DEMO_MODE,F1,800,4,0.10,-14.44,0.54,50.00,80.0,68.0,0.00,0.00,0.00,89.38,0.54,50.00,0.10,-14.44,6,63,6,63,80.0%,68.0%,400.000,0.000,0.00,-4.90,0.00,1.99,0.00,796.00,0.0%,1200.00,30.00,HI,-50.00,-50.00
2026-09-28 08:15:42.545,DEMO_MODE,F1,800,4,0.10,-14.44,0.54,50.00,80.0,68.0,0.00,0.00,0.00,89.38,0.54,50.00,0.10,-14.44,6,63,6,63,80.0%,68.0%,400.000,0.000,0.00,-4.90,0.00,1.99,0.00,796.00,0.0%,1200.00,30.00,HI,-50.00,-50.00
2026-09-28 08:15:42.670,DEMO_MODE,F1,800,4,0.10,-14.44,0.54,50.00,80.0,68.0,0.00,0.00,0.00,89.38,0.54,50.00,0.10,-14.44,6,63,6,63,80.0%,68.0%,400.000,0.000,0.00,-4.90,0.00,1.99,0.00,796.00,0.0%,1200.00,30.00,HI,-50.00,-50.00
2026-09-28 08:15:42.797,DEMO_MODE,F1,800,4,0.10,-14.44,0.54,50.00,80.0,68.0,0.00,0.00,0.00,89.38,0.54,50.00,0.10,-14.44,6,63,6,63,80.0%,68.0%,400.000,0.000,0.00,-4.90,0.00,1.99,0.00,796.00,0.0%,1200.00,30.00,HI,-50.00,-50.00
2026-09-28 08:15:42.918,DEMO_MODE,F1,800,4,0.10,-14.44,0.54,50.00,80.0,68.0,0.00,0.00,0.00,89.38,0.54,50.00,0.10,-14.44,6,63,6,63,80.0%,68.0%,400.000,0.000,0.00,-4.90,0.00,1.99,0.00,796.00,0.0%,1200.00,30.00,HI,-50.00,-50.00
2026-09-28 08:15:43.045,DEMO_MODE,F1,800,4,0.10,-14.44,0.54,50.00,80.0,68.0,0.00,0.00,0.00,89.38,0.54,50.00,0.10,-14.44,6,63,6,63,80.0%,68.0%,400.000,0.000,0.00,-4.90,0.00,1.99,0.00,796.00,0.0%,1200.00,30.00,HI,-50.00,-50.00
2026-09-28 08:15:43.165,DEMO_MODE,F1,800,4,0.10,-14.44,0.54,50.00,80.0,68.0,0.00,0.00,0.00,89.38,0.54,50.00,0.10,-14.44,6,63,6,63,80.0%,68.0%,400.000,0.000,0.00,-4.90,0.00,1.99,0.00,796.00,0.0%,1200.00,30.00,HI,-50.00,-50.00
2026-09-28 08:15:43.292,DEMO_MODE,F1,800,4,0.10,-14.44,0.54,50.00,80.0,68.0,0.00,0.00,0.00,89.38,0.54,50.00,0.10,-14.44,6,63,6,63,80.0%,68.0%,400.000,0.000,0.00,-4.90,0.00,1.99,0.00,796.00,0.0%,1200.00,30.00,HI,-50.00,-50.00
2026-09-28 08:15:43.413,DEMO_MODE,F1,800,4,0.10,-14.44,0.54,50.00,80.0,68.0,0.00,0.00,0.00,89.38,0.54,50.00,0.10,-14.44,6,63,6,63,80.0%,68.0%,400.000,0.000,0.00,-4.90,0.00,1.99,0.00,796.00,0.0%,1200.00,30.00,HI,-50.00,-50.00
2026-09-28 08:15:43.538,DEMO_MODE,F1,800,4,0.10,-14.44,0.54,50.00,80.0,68.0,0.00,0.00,0.00,89.38,0.54,50.00,0.10,-14.44,6,63,6,63,80.0%,68.0%,400.000,0.000,0.00,-4.90,0.00,1.99,0.00,796.00,0.0%,1200.00,30.00,HI,-50.00,-50.00
2026-09-28 08:15:43.660,DEMO_MODE,F1,800,4,0.10,-14.44,0.54,50.00,80.0,68.0,0.00,0.00,0.00,89.38,0.54,50.00,0.10,-14.44,6,63,6,63,80.0%,68.0%,400.000,0.000,0.00,-4.90,0.00,1.99,0.00,796.00,0.0%,1200.00,30.00,HI,-50.00,-50.00
2026-09-28 08:15:43.786,DEMO_MODE,F1,800,4,0.10,-14.44,0.54,50.00,80.0,68.0,0.00,0.00,0.00,89.38,0.54,50.00,0.10,-14.44,6,63,6,63,80.0%,68.0%,400.000,0.000,0.00,-4.90,0.00,1.99,0.00,796.00,0.0%,1200.00,30.00,HI,-50.00,-50.00
2026-09-28 08:15:43.906,DEMO_MODE,F1,800,4,0.10,-14.44,0.54,50.00,80.0,68.0,0.00,0.00,0.00,89.38,0.54,50.00,0.10,-14.44,6,63,6,63,80.0%,68.0%,400.000,0.000,0.00,-4.90,0.00,1.99,0.00,796.00,0.0%,1200.00,30.00,HI,-50.00,-50.00
2026-09-28 08:15:44.031,DEMO_MODE,F1,800,4,0.10,-14.44,0.54,50.00,80.0,68.0,0.00,0.00,0.00,89.38,0.54,50.00,0.10,-14.44,6,63,6,63,80.0%,68.0%,400.000,0.000,0.00,-4.90,0.00,1.99,0.00,796.00,0.0%,1200.00,30.00,HI,-50.00,-50.00
2026-09-28 08:15:44.152,DEMO_MODE,F1,800,4,0.10,-14.44,0.54,50.00,80.0,68.0,0.00,0.00,0.00,89.38,0.54,50.00,0.10,-14.44,6,63,6,63,80.0%,68.0%,400.000,0.000,0.00,-4.90,0.00,1.99,0.00,796.00,0.0%,1200.00,30.00,HI,-50.00,-50.00
2026-09-28 08:15:44.278,DEMO_MODE,F1,800,4,0.10,-14.44,0.54,50.00,80.0,68.0,0.00,0.00,0.00,89.38,0.54,50.00,0.10,-14.44,6,63,6,63,80.0%,68.0%,400.000,0.000,0.00,-4.90,0.00,1.99,0.00,796.00,0.0%,1200.00,30.00,HI,-50.00,-50.00
2026-09-28 08:15:44.399,DEMO_MODE,F1,800,4,0.10,-14.44,0.54,50.00,80.0,68.0,0.00,0.00,0.00,89.38,0.54,50.00,0.10,-14.44,6,63,6,63,80.0%,68.0%,400.000,0.000,0.00,-4.90,0.00,1.99,0.00,796.00,0.0%,1200.00,30.00,HI,-50.00,-50.00
2026-09-28 08:15:44.525,DEMO_MODE,F1,900,0,0.10,-14.44,0.54,50.00,90.0,72.0,0.00,0.00,0.00,89.38,0.54,50.00,0.10,-14.44,6,63,6,63,90.0%,72.0%,450.000,0.000,0.00,-4.90,0.00,2.00,0.00,900.00,0.0%,1200.00,40.00,HI,-50.00,-50.00
2026-09-28 08:15:44.658,DEMO_MODE,F1,900,0,0.10,-14.44,0.54,50.00,90.0,72.0,0.00,0.00,0.00,89.38,0.54,50.00,0.10,-14.44,6,63,6,63,90.0%,72.0%,450.000,0.000,0.00,-4.90,0.00,2.00,0.00,900.00,0.0%,1200.00,40.00,HI,-50.00,-50.00
2026-09-28 08:15:44.784,DEMO_MODE,F1,900,0,0.10,-14.44,0.54,50.00,90.0,72.0,0.00,0.00,0.00,89.38,0.54,50.00,0.10,-14.44,6,63,6,63,90.0%,72.0%,450.000,0.000,0.00,-4.90,0.00,2.00,0.00,900.00,0.0%,1200.00,40.00,HI,-50.00,-50.00
2026-09-28 08:15:44.904,DEMO_MODE,F1,900,0,0.10,-14.44,0.54,50.00,90.0,72.0,0.00,0.00,0.00,89.38,0.54,50.00,0.10,-14.44,6,63,6,63,90.0%,72.0%,450.000,0.000,0.00,-4.90,0.00,2.00,0.00,900.00,0.0%,1200.00,40.00,HI,-50.00,-50.00
2026-09-28 08:15:45.032,DEMO_MODE,F1,900,0,0.10,-14.44,0.54,50.00,90.0,72.0,0.00,0.00,0.00,89.38,0.54,50.00,0.10,-14.44,6,63,6,63,90.0%,72.0%,450.000,0.000,0.00,-4.90,0.00,2.00,0.00,900.00,0.0%,1200.00,40.00,HI,-50.00,-50.00
2026-09-28 08:15:45.153,DEMO_MODE,F1,900,0,0.10,-14.44,0.54,50.00,90.0,72.0,0.00,0.00,0.00,89.38,0.54,50.00,0.10,-14.44,6,63,6,63,90.0%,72.0%,450.000,0.000,0.00,-4.90,0.00,2.00,0.00,900.00,0.0%,1200.00,40.00,HI,-50.00,-50.00
2026-09-28 08:15:45.279,DEMO_MODE,F1,900,0,0.10,-14.44,0.54,50.00,90.0,72.0,0.00,0.00,0.00,89.38,0.54,50.00,0.10,-14.44,6,63,6,63,90.0%,72.0%,450.000,0.000,0.00,-4.90,0.00,2.00,0.00,900.00,0.0%,1200.00,40.00,HI,-50.00,-50.00
2026-09-28 08:15:45.400,DEMO_MODE,F1,900,0,0.10,-14.44,0.54,50.00,90.0,72.0,0.00,0.00,0.00,89.38,0.54,50.00,0.10,-14.44,6,63,6,63,90.0%,72.0%,450.000,0.000,0.00,-4.90,0.00,2.00,0.00,900.00,0.0%,1200.00,40.00,HI,-50.00,-50.00
2026-09-28 08:15:45.526,DEMO_MODE,F1,900,0,0.10,-14.44,0.54,50.00,90.0,72.0,0.00,0.00,0.00,89.38,0.54,50.00,0.10,-14.44,6,63,6,63,90.0%,72.0%,450.000,0.000,0.00,-4.90,0.00,2.00,0.00,900.00,0.0%,1200.00,40.00,HI,-50.00,-50.00
2026-09-28 08:15:45.646,DEMO_MODE,F1,900,0,0.10,-14.44,0.54,50.00,90.0,72.0,0.00,0.00,0.00,89.38,0.54,50.00,0.10,-14.44,6,63,6,63,90.0%,72.0%,450.000,0.000,0.00,-4.90,0.00,2.00,0.00,900.00,0.0%,1200.00,40.00,HI,-50.00,-50.00
2026-09-28 08:15:45.772,DEMO_MODE,F1,900,0,0.10,-14.44,0.54,50.00,90.0,72.0,0.00,0.00,0.00,89.38,0.54,50.00,0.10,-14.44,6,63,6,63,90.0%,72.0%,450.000,0.000,0.00,-4.90,0.00,2.00,0.00,900.00,0.0%,1200.00,40.00,HI,-50.00,-50.00
2026-09-28 08:15:45.904,DEMO_MODE,F1,900,0,0.10,-14.44,0.54,50.00,90.0,72.0,0.00,0.00,0.00,89.38,0.54,50.00,0.10,-14.44,6,63,6,63,90.0%,72.0%,450.000,0.000,0.00,-4.90,0.00,2.00,0.00,900.00,0.0%,1200.00,40.00,HI,-50.00,-50.00
2026-09-28 08:15:46.029,DEMO_MODE,F1,900,0,0.10,-14.44,0.54,50.00,90.0,72.0,0.00,0.00,0.00,89.38,0.54,50.00,0.10,-14.44,6,63,6,63,90.0%,72.0%,450.000,0.000,0.00,-4.90,0.00,2.00,0.00,900.00,0.0%,1200.00,40.00,HI,-50.00,-50.00
2026-09-28 08:15:46.150,DEMO_MODE,F1,900,0,0.10,-14.44,0.54,50.00,90.0,72.0,0.00,0.00,0.00,89.38,0.54,50.00,0.10,-14.44,6,63,6,63,90.0%,72.0%,450.000,0.000,0.00,-4.90,0.00,2.00,0.00,900.00,0.0%,1200.00,40.00,HI,-50.00,-50.00
2026-09-28 08:15:46.277,DEMO_MODE,F1,900,0,0.10,-14.44,0.54,50.00,90.0,72.0,0.00,0.00,0.00,89.38,0.54,50.00,0.10,-14.44,6,63,6,63,90.0%,72.0%,450.000,0.000,0.00,-4.90,0.00,2.00,0.00,900.00,0.0%,1200.00,40.00,HI,-50.00,-50.00
2026-09-28 08:15:46.398,DEMO_MODE,F1,900,0,0.10,-14.44,0.54,50.00,90.0,72.0,0.00,0.00,0.00,89.38,0.54,50.00,0.10,-14.44,6,63,6,63,90.0%,72.0%,450.000,0.000,0.00,-4.90,0.00,2.00,0.00,900.00,0.0%,1200.00,40.00,HI,-50.00,-50.00
2026-09-28 08:15:46.524,DEMO_MODE,F1,900,0,0.10,-14.44,0.54,50.00,90.0,72.0,0.00,0.00,0.00,89.38,0.54,50.00,0.10,-14.44,6,63,6,63,90.0%,72.0%,450.000,0.000,0.00,-4.90,0.00,2.00,0.00,900.00,0.0%,1200.00,40.00,HI,-50.00,-50.00
2026-09-28 08:15:46.655,DEMO_MODE,F1,900,0,0.10,-14.44,0.54,50.00,90.0,72.0,0.00,0.00,0.00,89.38,0.54,50.00,0.10,-14.44,6,63,6,63,90.0%,72.0%,450.000,0.000,0.00,-4.90,0.00,2.00,0.00,900.00,0.0%,1200.00,40.00,HI,-50.00,-50.00
2026-09-28 08:15:46.780,DEMO_MODE,F1,900,0,0.10,-14.44,0.54,50.00,90.0,72.0,0.00,0.00,0.00,89.38,0.54,50.00,0.10,-14.44,6,63,6,63,90.0%,72.0%,450.000,0.000,0.00,-4.90,0.00,2.00,0.00,900.00,0.0%,1200.00,40.00,HI,-50.00,-50.00
2026-09-28 08:15:46.901,DEMO_MODE,F1,900,0,0.10,-14.44,0.54,50.00,90.0,72.0,0.00,0.00,0.00,89.38,0.54,50.00,0.10,-14.44,6,63,6,63,90.0%,72.0%,450.000,0.000,0.00,-4.90,0.00,2.00,0.00,900.00,0.0%,1200.00,40.00,HI,-50.00,-50.00
2026-09-28 08:15:47.027,DEMO_MODE,F1,900,0,0.10,-14.44,0.54,50.00,90.0,72.0,0.00,0.00,0.00,89.38,0.54,50.00,0.10,-14.44,6,63,6,63,90.0%,72.0%,450.000,0.000,0.00,-4.90,0.00,2.00,0.00,900.00,0.0%,1200.00,40.00,HI,-50.00,-50.00
2026-09-28 08:15:47.148,DEMO_MODE,F1,900,0,0.10,-14.44,0.54,50.00,90.0,72.0,0.00,0.00,0.00,89.38,0.54,50.00,0.10,-14.44,6,63,6,63,90.0%,72.0%,450.000,0.000,0.00,-4.90,0.00,2.00,0.00,900.00,0.0%,1200.00,40.00,HI,-50.00,-50.00
2026-09-28 08:15:47.274,DEMO_MODE,F1,900,0,0.10,-14.44,0.54,50.00,90.0,72.0,0.00,0.00,0.00,89.38,0.54,50.00,0.10,-14.44,6,63,6,63,90.0%,72.0%,450.000,0.000,0.00,-4.90,0.00,2.00,0.00,900.00,0.0%,1200.00,40.00,HI,-50.00,-50.00
2026-09-28 08:15:47.394,DEMO_MODE,F1,900,0,0.10,-14.44,0.54,50.00,90.0,72.0,0.00,0.00,0.00,89.38,0.54,50.00,0.10,-14.44,6,63,6,63,90.0%,72.0%,450.000,0.000,0.00,-4.90,0.00,2.00,0.00,900.00,0.0%,1200.00,40.00,HI,-50.00,-50.00
2026-09-28 08:15:47.515,DEMO_MODE,F1,900,0,0.10,-14.44,0.54,50.00,90.0,72.0,0.00,0.00,0.00,89.38,0.54,50.00,0.10,-14.44,6,63,6,63,90.0%,72.0%,450.000,0.000,0.00,-4.90,0.00,2.00,0.00,900.00,0.0%,1200.00,40.00,HI,-50.00,-50.00
2026-09-28 08:15:47.635,DEMO_MODE,F1,900,0,0.10,-14.44,0.54,50.00,90.0,72.0,0.00,0.00,0.00,89.38,0.54,50.00,0.10,-14.44,6,63,6,63,90.0%,72.0%,450.000,0.000,0.00,-4.90,0.00,2.00,0.00,900.00,0.0%,1200.00,40.00,HI,-50.00,-50.00
2026-09-28 08:15:47.756,DEMO_MODE,F1,900,0,0.10,-14.44,0.54,50.00,90.0,72.0,0.00,0.00,0.00,89.38,0.54,50.00,0.10,-14.44,6,63,6,63,90.0%,72.0%,450.000,0.000,0.00,-4.90,0.00,2.00,0.00,900.00,0.0%,1200.00,40.00,HI,-50.00,-50.00
2026-09-28 08:15:47.878,DEMO_MODE,F1,900,0,0.10,-14.44,0.54,50.00,90.0,72.0,0.00,0.00,0.00,89.38,0.54,50.00,0.10,-14.44,6,63,6,63,90.0%,72.0%,450.000,0.000,0.00,-4.90,0.00,2.00,0.00,900.00,0.0%,1200.00,40.00,HI,-50.00,-50.00
2026-09-28 08:15:47.999,DEMO_MODE,F1,900,0,0.10,-14.44,0.54,50.00,90.0,72.0,0.00,0.00,0.00,89.38,0.54,50.00,0.10,-14.44,6,63,6,63,90.0%,72.0%,450.000,0.000,0.00,-4.90,0.00,2.00,0.00,900.00,0.0%,1200.00,40.00,HI,-50.00,-50.00
2026-09-28 08:15:48.120,DEMO_MODE,F1,900,0,0.10,-14.44,0.54,50.00,90.0,72.0,0.00,0.00,0.00,89.38,0.54,50.00,0.10,-14.44,6,63,6,63,90.0%,72.0%,450.000,0.000,0.00,-4.90,0.00,2.00,0.00,900.00,0.0%,1200.00,40.00,HI,-50.00,-50.00
2026-09-28 08:15:48.240,DEMO_MODE,F1,900,0,0.10,-14.44,0.54,50.00,90.0,72.0,0.00,0.00,0.00,89.38,0.54,50.00,0.10,-14.44,6,63,6,63,90.0%,72.0%,450.000,0.000,0.00,-4.90,0.00,2.00,0.00,900.00,0.0%,1200.00,40.00,HI,-50.00,-50.00
2026-09-28 08:15:48.361,DEMO_MODE,F1,900,0,0.10,-14.44,0.54,50.00,90.0,72.0,0.00,0.00,0.00,89.38,0.54,50.00,0.10,-14.44,6,63,6,63,90.0%,72.0%,450.000,0.000,0.00,-4.90,0.00,2.00,0.00,900.00,0.0%,1200.00,40.00,HI,-50.00,-50.00
2026-09-28 08:15:48.481,DEMO_MODE,F1,900,0,0.10,-14.44,0.54,50.00,90.0,72.0,0.00,0.00,0.00,89.38,0.54,50.00,0.10,-14.44,6,63,6,63,90.0%,72.0%,450.000,0.000,0.00,-4.90,0.00,2.00,0.00,900.00,0.0%,1200.00,40.00,HI,-50.00,-50.00
2026-09-28 08:15:48.602,DEMO_MODE,F1,900,0,0.10,-14.44,0.54,50.00,90.0,72.0,0.00,0.00,0.00,89.38,0.54,50.00,0.10,-14.44,6,63,6,63,90.0%,72.0%,450.000,0.000,0.00,-4.90,0.00,2.00,0.00,900.00,0.0%,1200.00,40.00,HI,-50.00,-50.00
2026-09-28 08:15:48.723,DEMO_MODE,F1,900,0,0.10,-14.44,0.54,50.00,90.0,72.0,0.00,0.00,0.00,89.38,0.54,50.00,0.10,-14.44,6,63,6,63,90.0%,72.0%,450.000,0.000,0.00,-4.90,0.00,2.00,0.00,900.00,0.0%,1200.00,40.00,HI,-50.00,-50.00
2026-09-28 08:15:48.844,DEMO_MODE,F1,900,0,0.10,-14.44,0.54,50.00,90.0,72.0,0.00,0.00,0.00,89.38,0.54,50.00,0.10,-14.44,6,63,6,63,90.0%,72.0%,450.000,0.000,0.00,-4.90,0.00,2.00,0.00,900.00,0.0%,1200.00,40.00,HI,-50.00,-50.00
2026-09-28 08:15:48.964,DEMO_MODE,F1,900,0,0.10,-14.44,0.54,50.00,90.0,72.0,0.00,0.00,0.00,89.38,0.54,50.00,0.10,-14.44,6,63,6,63,90.0%,72.0%,450.000,0.000,0.00,-4.90,0.00,2.00,0.00,900.00,0.0%,1200.00,40.00,HI,-50.00,-50.00
2026-09-28 08:15:49.085,DEMO_MODE,F1,900,0,0.10,-14.44,0.54,50.00,90.0,72.0,0.00,0.00,0.00,89.38,0.54,50.00,0.10,-14.44,6,63,6,63,90.0%,72.0%,450.000,0.000,0.00,-4.90,0.00,2.00,0.00,900.00,0.0%,1200.00,40.00,HI,-50.00,-50.00
2026-09-28 08:15:49.205,DEMO_MODE,F1,900,0,0.10,-14.44,0.54,50.00,90.0,72.0,0.00,0.00,0.00,89.38,0.54,50.00,0.10,-14.44,6,63,6,63,90.0%,72.0%,450.000,0.000,0.00,-4.90,0.00,2.00,0.00,900.00,0.0%,1200.00,40.00,HI,-50.00,-50.00
2026-09-28 08:15:49.331,DEMO_MODE,F1,900,0,0.10,-14.44,0.54,50.00,90.0,72.0,0.00,0.00,0.00,89.38,0.54,50.00,0.10,-14.44,6,63,6,63,90.0%,72.0%,450.000,0.000,0.00,-4.90,0.00,2.00,0.00,900.00,0.0%,1200.00,40.00,HI,-50.00,-50.00
2026-09-28 08:15:49.451,DEMO_MODE,F1,900,0,0.10,-14.44,0.54,50.00,90.0,72.0,0.00,0.00,0.00,89.38,0.54,50.00,0.10,-14.44,6,63,6,63,90.0%,72.0%,450.000,0.000,0.00,-4.90,0.00,2.00,0.00,900.00,0.0%,1200.00,40.00,HI,-50.00,-50.00
2026-09-28 08:15:49.577,DEMO_MODE,F1,900,0,0.10,-14.44,0.54,50.00,90.0,72.0,0.00,0.00,0.00,89.38,0.54,50.00,0.10,-14.44,6,63,6,63,90.0%,72.0%,450.000,0.000,0.00,-4.90,0.00,2.00,0.00,900.00,0.0%,1200.00,40.00,HI,-50.00,-50.00
2026-09-28 08:15:49.697,DEMO_MODE,F1,900,0,0.10,-14.44,0.54,50.00,90.0,76.0,0.00,0.00,0.00,89.38,0.54,50.00,0.10,-14.44,6,63,6,63,90.0%,76.0%,450.000,0.000,0.00,-4.90,0.00,2.00,0.00,900.00,0.0%,1200.00,40.00,HI,-50.00,-50.00
2026-09-28 08:15:49.823,DEMO_MODE,F1,900,0,0.10,-14.44,0.54,50.00,90.0,76.0,0.00,0.00,0.00,89.38,0.54,50.00,0.10,-14.44,6,63,6,63,90.0%,76.0%,450.000,0.000,0.00,-4.90,0.00,2.00,0.00,900.00,0.0%,1200.00,40.00,HI,-50.00,-50.00
2026-09-28 08:15:49.943,DEMO_MODE,F1,900,0,0.10,-14.44,0.54,50.00,90.0,76.0,0.00,0.00,0.00,89.38,0.54,50.00,0.10,-14.44,6,63,6,63,90.0%,76.0%,450.000,0.000,0.00,-4.90,0.00,2.00,0.00,900.00,0.0%,1200.00,40.00,HI,-50.00,-50.00
2026-09-28 08:15:50.069,DEMO_MODE,F1,900,0,0.10,-14.44,0.54,50.00,90.0,76.0,0.00,0.00,0.00,89.38,0.54,50.00,0.10,-14.44,6,63,6,63,90.0%,76.0%,450.000,0.000,0.00,-4.90,0.00,2.00,0.00,900.00,0.0%,1200.00,40.00,HI,-50.00,-50.00
2026-09-28 08:15:50.195,DEMO_MODE,F1,900,0,0.10,-14.44,0.54,50.00,90.0,76.0,0.00,0.00,0.00,89.38,0.54,50.00,0.10,-14.44,6,63,6,63,90.0%,76.0%,450.000,0.000,0.00,-4.90,0.00,2.00,0.00,900.00,0.0%,1200.00,40.00,HI,-50.00,-50.00
2026-09-28 08:15:50.321,DEMO_MODE,F1,900,0,0.10,-14.44,0.54,50.00,90.0,76.0,0.00,0.00,0.00,89.38,0.54,50.00,0.10,-14.44,6,63,6,63,90.0%,76.0%,450.000,0.000,0.00,-4.90,0.00,2.00,0.00,900.00,0.0%,1200.00,40.00,HI,-50.00,-50.00
2026-09-28 08:15:50.441,DEMO_MODE,F1,900,0,0.10,-14.44,0.54,50.00,90.0,76.0,0.00,0.00,0.00,89.38,0.54,50.00,0.10,-14.44,6,63,6,63,90.0%,76.0%,450.000,0.000,0.00,-4.90,0.00,2.00,0.00,900.00,0.0%,1200.00,40.00,HI,-50.00,-50.00
2026-09-28 08:15:50.567,DEMO_MODE,F1,900,0,0.10,-14.44,0.54,50.00,90.0,76.0,0.00,0.00,0.00,89.38,0.54,50.00,0.10,-14.44,6,63,6,63,90.0%,76.0%,450.000,0.000,0.00,-4.90,0.00,2.00,0.00,900.00,0.0%,1200.00,40.00,HI,-50.00,-50.00
2026-09-28 08:15:50.687,DEMO_MODE,F1,900,0,0.10,-14.44,0.54,50.00,90.0,76.0,0.00,0.00,0.00,89.38,0.54,50.00,0.10,-14.44,6,63,6,63,90.0%,76.0%,450.000,0.000,0.00,-4.90,0.00,2.00,0.00,900.00,0.0%,1200.00,40.00,HI,-50.00,-50.00
2026-09-28 08:15:50.813,DEMO_MODE,F1,900,0,0.10,-14.44,0.54,50.00,90.0,76.0,0.00,0.00,0.00,89.38,0.54,50.00,0.10,-14.44,6,63,6,63,90.0%,76.0%,450.000,0.000,0.00,-4.90,0.00,2.00,0.00,900.00,0.0%,1200.00,40.00,HI,-50.00,-50.00
2026-09-28 08:15:50.933,DEMO_MODE,F1,900,0,0.10,-14.44,0.54,50.00,90.0,76.0,0.00,0.00,0.00,89.38,0.54,50.00,0.10,-14.44,6,63,6,63,90.0%,76.0%,450.000,0.000,0.00,-4.90,0.00,2.00,0.00,900.00,0.0%,1200.00,40.00,HI,-50.00,-50.00
2026-09-28 08:15:51.060,DEMO_MODE,F1,900,0,0.10,-14.44,0.54,50.00,90.0,76.0,0.00,0.00,0.00,89.38,0.54,50.00,0.10,-14.44,6,63,6,63,90.0%,76.0%,450.000,0.000,0.00,-4.90,0.00,2.00,0.00,900.00,0.0%,1200.00,40.00,HI,-50.00,-50.00
2026-09-28 08:15:51.181,DEMO_MODE,F1,900,0,0.10,-14.44,0.54,50.00,90.0,76.0,0.00,0.00,0.00,89.38,0.54,50.00,0.10,-14.44,6,63,6,63,90.0%,76.0%,450.000,0.000,0.00,-4.90,0.00,2.00,0.00,900.00,0.0%,1200.00,40.00,HI,-50.00,-50.00
2026-09-28 08:15:51.306,DEMO_MODE,F1,900,0,0.10,-14.44,0.54,50.00,90.0,76.0,0.00,0.00,0.00,89.38,0.54,50.00,0.10,-14.44,6,63,6,63,90.0%,76.0%,450.000,0.000,0.00,-4.90,0.00,2.00,0.00,900.00,0.0%,1200.00,40.00,HI,-50.00,-50.00
2026-09-28 08:15:51.427,DEMO_MODE,F1,900,0,0.10,-14.44,0.54,50.00,90.0,76.0,0.00,0.00,0.00,89.38,0.54,50.00,0.10,-14.44,6,63,6,63,90.0%,76.0%,450.000,0.000,0.00,-4.90,0.00,2.00,0.00,900.00,0.0%,1200.00,40.00,HI,-50.00,-50.00
2026-09-28 08:15:51.554,DEMO_MODE,F1,900,0,0.10,-14.44,0.54,50.00,90.0,76.0,0.00,0.00,0.00,89.38,0.54,50.00,0.10,-14.44,6,63,6,63,90.0%,76.0%,450.000,0.000,0.00,-4.90,0.00,2.00,0.00,900.00,0.0%,1200.00,40.00,HI,-50.00,-50.00
2026-09-28 08:15:51.675,DEMO_MODE,F1,900,0,0.10,-14.44,0.54,50.00,90.0,76.0,0.00,0.00,0.00,89.38,0.54,50.00,0.10,-14.44,6,63,6,63,90.0%,76.0%,450.000,0.000,0.00,-4.90,0.00,2.00,0.00,900.00,0.0%,1200.00,40.00,HI,-50.00,-50.00
2026-09-28 08:15:51.801,DEMO_MODE,F1,900,0,0.10,-14.44,0.54,50.00,90.0,76.0,0.00,0.00,0.00,89.38,0.54,50.00,0.10,-14.44,6,63,6,63,90.0%,76.0%,450.000,0.000,0.00,-4.90,0.00,2.00,0.00,900.00,0.0%,1200.00,40.00,HI,-50.00,-50.00
2026-09-28 08:15:51.922,DEMO_MODE,F1,900,0,0.10,-14.44,0.54,50.00,90.0,76.0,0.00,0.00,0.00,89.38,0.54,50.00,0.10,-14.44,6,63,6,63,90.0%,76.0%,450.000,0.000,0.00,-4.90,0.00,2.00,0.00,900.00,0.0%,1200.00,40.00,HI,-50.00,-50.00
2026-09-28 08:15:52.048,DEMO_MODE,F1,900,0,0.10,-14.44,0.54,50.00,90.0,76.0,0.00,0.00,0.00,89.38,0.54,50.00,0.10,-14.44,6,63,6,63,90.0%,76.0%,450.000,0.000,0.00,-4.90,0.00,2.00,0.00,900.00,0.0%,1200.00,40.00,HI,-50.00,-50.00
2026-09-28 08:15:52.179,DEMO_MODE,F1,900,0,0.10,-14.44,0.54,50.00,90.0,76.0,0.00,0.00,0.00,89.38,0.54,50.00,0.10,-14.44,6,63,6,63,90.0%,76.0%,450.000,0.000,0.00,-4.90,0.00,2.00,0.00,900.00,0.0%,1200.00,40.00,HI,-50.00,-50.00
2026-09-28 08:15:52.304,DEMO_MODE,F1,900,0,0.10,-14.44,0.54,50.00,90.0,76.0,0.00,0.00,0.00,89.38,0.54,50.00,0.10,-14.44,6,63,6,63,90.0%,76.0%,450.000,0.000,0.00,-4.90,0.00,2.00,0.00,900.00,0.0%,1200.00,40.00,HI,-50.00,-50.00
2026-09-28 08:15:52.425,DEMO_MODE,F1,900,0,0.10,-14.44,0.54,50.00,90.0,76.0,0.00,0.00,0.00,89.38,0.54,50.00,0.10,-14.44,6,63,6,63,90.0%,76.0%,450.000,0.000,0.00,-4.90,0.00,2.00,0.00,900.00,0.0%,1200.00,40.00,HI,-50.00,-50.00
2026-09-28 08:15:52.551,DEMO_MODE,F1,900,0,0.10,-14.44,0.54,50.00,90.0,76.0,0.00,0.00,0.00,89.38,0.54,50.00,0.10,-14.44,6,63,6,63,90.0%,76.0%,450.000,0.000,0.00,-4.90,0.00,2.00,0.00,900.00,0.0%,1200.00,40.00,HI,-50.00,-50.00
2026-09-28 08:15:52.672,DEMO_MODE,F1,900,0,0.10,-14.44,0.54,50.00,90.0,76.0,0.00,0.00,0.00,89.38,0.54,50.00,0.10,-14.44,6,63,6,63,90.0%,76.0%,450.000,0.000,0.00,-4.90,0.00,2.00,0.00,900.00,0.0%,1200.00,40.00,HI,-50.00,-50.00
2026-09-28 08:15:52.798,DEMO_MODE,F1,900,0,0.10,-14.44,0.54,50.00,90.0,76.0,0.00,0.00,0.00,89.38,0.54,50.00,0.10,-14.44,6,63,6,63,90.0%,76.0%,450.000,0.000,0.00,-4.90,0.00,2.00,0.00,900.00,0.0%,1200.00,40.00,HI,-50.00,-50.00
2026-09-28 08:15:52.919,DEMO_MODE,F1,900,0,0.10,-14.44,0.54,50.00,90.0,76.0,0.00,0.00,0.00,89.38,0.54,50.00,0.10,-14.44,6,63,6,63,90.0%,76.0%,450.000,0.000,0.00,-4.90,0.00,2.00,0.00,900.00,0.0%,1200.00,40.00,HI,-50.00,-50.00
2026-09-28 08:15:53.044,DEMO_MODE,F1,900,0,0.10,-14.44,0.54,50.00,90.0,76.0,0.00,0.00,0.00,89.38,0.54,50.00,0.10,-14.44,6,63,6,63,90.0%,76.0%,450.000,0.000,0.00,-4.90,0.00,2.00,0.00,900.00,0.0%,1200.00,40.00,HI,-50.00,-50.00
2026-09-28 08:15:53.166,DEMO_MODE,F1,900,0,0.10,-14.44,0.54,50.00,90.0,76.0,0.00,0.00,0.00,89.38,0.54,50.00,0.10,-14.44,6,63,6,63,90.0%,76.0%,450.000,0.000,0.00,-4.90,0.00,2.00,0.00,900.00,0.0%,1200.00,40.00,HI,-50.00,-50.00
2026-09-28 08:15:53.291,DEMO_MODE,F1,900,0,0.10,-14.44,0.54,50.00,90.0,76.0,0.00,0.00,0.00,89.38,0.54,50.00,0.10,-14.44,6,63,6,63,90.0%,76.0%,450.000,0.000,0.00,-4.90,0.00,2.00,0.00,900.00,0.0%,1200.00,40.00,HI,-50.00,-50.00
2026-09-28 08:15:53.411,DEMO_MODE,F1,900,0,0.10,-14.44,0.54,50.00,90.0,76.0,0.00,0.00,0.00,89.38,0.54,50.00,0.10,-14.44,6,63,6,63,90.0%,76.0%,450.000,0.000,0.00,-4.90,0.00,2.00,0.00,900.00,0.0%,1200.00,40.00,HI,-50.00,-50.00
2026-09-28 08:15:53.537,DEMO_MODE,F1,900,0,0.10,-14.44,0.54,50.00,90.0,76.0,0.00,0.00,0.00,89.38,0.54,50.00,0.10,-14.44,6,63,6,63,90.0%,76.0%,450.000,0.000,0.00,-4.90,0.00,2.00,0.00,900.00,0.0%,1200.00,40.00,HI,-50.00,-50.00
2026-09-28 08:15:53.658,DEMO_MODE,F1,900,0,0.10,-14.44,0.54,50.00,90.0,76.0,0.00,0.00,0.00,89.38,0.54,50.00,0.10,-14.44,6,63,6,63,90.0%,76.0%,450.000,0.000,0.00,-4.90,0.00,2.00,0.00,900.00,0.0%,1200.00,40.00,HI,-50.00,-50.00
2026-09-28 08:15:53.783,DEMO_MODE,F1,900,1,0.10,-14.44,0.54,50.00,90.0,76.0,0.00,0.00,0.00,89.38,0.54,50.00,0.10,-14.44,6,63,6,63,90.0%,76.0%,450.000,0.000,0.00,-4.90,0.00,2.00,0.00,899.00,0.0%,1200.00,40.00,HI,-50.00,-50.00
2026-09-28 08:15:53.909,DEMO_MODE,F1,900,1,0.10,-14.44,0.54,50.00,90.0,76.0,0.00,0.00,0.00,89.38,0.54,50.00,0.10,-14.44,6,63,6,63,90.0%,76.0%,450.000,0.000,0.00,-4.90,0.00,2.00,0.00,899.00,0.0%,1200.00,40.00,HI,-50.00,-50.00
2026-09-28 08:15:54.035,DEMO_MODE,F1,900,1,0.10,-14.44,0.54,50.00,90.0,76.0,0.00,0.00,0.00,89.38,0.54,50.00,0.10,-14.44,6,63,6,63,90.0%,76.0%,450.000,0.000,0.00,-4.90,0.00,2.00,0.00,899.00,0.0%,1200.00,40.00,HI,-50.00,-50.00
2026-09-28 08:15:54.156,DEMO_MODE,F1,900,1,0.10,-14.44,0.54,50.00,90.0,76.0,0.00,0.00,0.00,89.38,0.54,50.00,0.10,-14.44,6,63,6,63,90.0%,76.0%,450.000,0.000,0.00,-4.90,0.00,2.00,0.00,899.00,0.0%,1200.00,40.00,HI,-50.00,-50.00
2026-09-28 08:15:54.282,DEMO_MODE,F1,900,1,0.10,-14.44,0.54,50.00,90.0,76.0,0.00,0.00,0.00,89.38,0.54,50.00,0.10,-14.44,6,63,6,63,90.0%,76.0%,450.000,0.000,0.00,-4.90,0.00,2.00,0.00,899.00,0.0%,1200.00,40.00,HI,-50.00,-50.00
2026-09-28 08:15:54.403,DEMO_MODE,F1,900,1,0.10,-14.44,0.54,50.00,90.0,76.0,0.00,0.00,0.00,89.38,0.54,50.00,0.10,-14.44,6,63,6,63,90.0%,76.0%,450.000,0.000,0.00,-4.90,0.00,2.00,0.00,899.00,0.0%,1200.00,40.00,HI,-50.00,-50.00
2026-09-28 08:15:54.529,DEMO_MODE,F1,900,1,0.10,-14.44,0.54,50.00,90.0,76.0,0.00,0.00,0.00,89.38,0.54,50.00,0.10,-14.44,6,63,6,63,90.0%,76.0%,450.000,0.000,0.00,-4.90,0.00,2.00,0.00,899.00,0.0%,1200.00,40.00,HI,-50.00,-50.00
2026-09-28 08:15:54.662,DEMO_MODE,F1,900,1,0.10,-14.44,0.54,50.00,90.0,76.0,0.00,0.00,0.00,89.38,0.54,50.00,0.10,-14.44,6,63,6,63,90.0%,76.0%,450.000,0.000,0.00,-4.90,0.00,2.00,0.00,899.00,0.0%,1200.00,40.00,HI,-50.00,-50.00
2026-09-28 08:15:54.789,DEMO_MODE,F1,900,1,0.10,-14.44,0.54,50.00,90.0,76.0,0.00,0.00,0.00,89.38,0.54,50.00,0.10,-14.44,6,63,6,63,90.0%,76.0%,450.000,0.000,0.00,-4.90,0.00,2.00,0.00,899.00,0.0%,1200.00,40.00,HI,-50.00,-50.00
2026-09-28 08:15:54.920,DEMO_MODE,F1,0,1,0.10,-14.44,0.54,50.00,0.0,0.0,0.00,0.00,0.00,89.38,0.54,50.00,0.10,-14.44,6,63,6,63,0.0%,0.0%,0.000,0.000,0.00,-4.90,0.00,0.00,0.00,0.00,0.0%,1200.00,-50.00,HI,-50.00,-50.00
2026-09-28 08:15:55.047,DEMO_MODE,F1,0,1,0.10,-14.44,0.54,50.00,0.0,0.0,0.00,0.00,0.00,89.38,0.54,50.00,0.10,-14.44,6,63,6,63,0.0%,0.0%,0.000,0.000,0.00,-4.90,0.00,0.00,0.00,0.00,0.0%,1200.00,-50.00,HI,-50.00,-50.00
2026-09-28 08:15:55.172,DEMO_MODE,F1,0,1,0.10,-14.44,0.54,50.00,0.0,0.0,0.00,0.00,0.00,89.38,0.54,50.00,0.10,-14.44,6,63,6,63,0.0%,0.0%,0.000,0.000,0.00,-4.90,0.00,0.00,0.00,0.00,0.0%,1200.00,-50.00,HI,-50.00,-50.00
2026-09-28 08:15:55.299,DEMO_MODE,F1,0,1,0.10,-14.44,0.54,50.00,0.0,0.0,0.00,0.00,0.00,89.38,0.54,50.00,0.10,-14.44,6,63,6,63,0.0%,0.0%,0.000,0.000,0.00,-4.90,0.00,0.00,0.00,0.00,0.0%,1200.00,-50.00,HI,-50.00,-50.00
2026-09-28 08:15:55.419,DEMO_MODE,F1,0,1,0.10,-14.44,0.54,50.00,0.0,0.0,0.00,0.00,0.00,89.38,0.54,50.00,0.10,-14.44,6,63,6,63,0.0%,0.0%,0.000,0.000,0.00,-4.90,0.00,0.00,0.00,0.00,0.0%,1200.00,-50.00,HI,-50.00,-50.00
2026-09-28 08:15:55.545,DEMO_MODE,F1,0,1,0.10,-14.44,0.54,50.00,0.0,0.0,0.00,0.00,0.00,89.38,0.54,50.00,0.10,-14.44,6,63,6,63,0.0%,0.0%,0.000,0.000,0.00,-4.90,0.00,0.00,0.00,0.00,0.0%,1200.00,-50.00,HI,-50.00,-50.00
2026-09-28 08:15:55.665,DEMO_MODE,F1,0,1,0.10,-14.44,0.54,50.00,0.0,0.0,0.00,0.00,0.00,89.38,0.54,50.00,0.10,-14.44,6,63,6,63,0.0%,0.0%,0.000,0.000,0.00,-4.90,0.00,0.00,0.00,0.00,0.0%,1200.00,-50.00,HI,-50.00,-50.00
2026-09-28 08:15:55.792,DEMO_MODE,F1,0,1,0.10,-14.44,0.54,50.00,0.0,0.0,0.00,0.00,0.00,89.38,0.54,50.00,0.10,-14.44,6,63,6,63,0.0%,0.0%,0.000,0.000,0.00,-4.90,0.00,0.00,0.00,0.00,0.0%,1200.00,-50.00,HI,-50.00,-50.00
2026-09-28 08:15:55.913,DEMO_MODE,F1,0,1,0.10,-14.44,0.54,50.00,0.0,0.0,0.00,0.00,0.00,89.38,0.54,50.00,0.10,-14.44,6,63,6,63,0.0%,0.0%,0.000,0.000,0.00,-4.90,0.00,0.00,0.00,0.00,0.0%,1200.00,-50.00,HI,-50.00,-50.00
2026-09-28 08:15:56.038,DEMO_MODE,F1,0,1,0.10,-14.44,0.54,50.00,0.0,0.0,0.00,0.00,0.00,89.38,0.54,50.00,0.10,-14.44,6,63,6,63,0.0%,0.0%,0.000,0.000,0.00,-4.90,0.00,0.00,0.00,0.00,0.0%,1200.00,-50.00,HI,-50.00,-50.00
2026-09-28 08:15:56.159,DEMO_MODE,F1,0,1,0.10,-14.44,0.54,50.00,0.0,0.0,0.00,0.00,0.00,89.38,0.54,50.00,0.10,-14.44,6,63,6,63,0.0%,0.0%,0.000,0.000,0.00,-4.90,0.00,0.00,0.00,0.00,0.0%,1200.00,-50.00,HI,-50.00,-50.00
2026-09-28 08:15:56.285,DEMO_MODE,F1,0,1,0.10,-14.44,0.54,50.00,0.0,0.0,0.00,0.00,0.00,89.38,0.54,50.00,0.10,-14.44,6,63,6,63,0.0%,0.0%,0.000,0.000,0.00,-4.90,0.00,0.00,0.00,0.00,0.0%,1200.00,-50.00,HI,-50.00,-50.00
2026-09-28 08:15:56.405,DEMO_MODE,F1,0,1,0.10,-14.44,0.54,50.00,0.0,0.0,0.00,0.00,0.00,89.38,0.54,50.00,0.10,-14.44,6,63,6,63,0.0%,0.0%,0.000,0.000,0.00,-4.90,0.00,0.00,0.00,0.00,0.0%,1200.00,-50.00,HI,-50.00,-50.00
2026-09-28 08:15:56.531,DEMO_MODE,F1,0,1,0.10,-14.44,0.54,50.00,0.0,0.0,0.00,0.00,0.00,89.38,0.54,50.00,0.10,-14.44,6,63,6,63,0.0%,0.0%,0.000,0.000,0.00,-4.90,0.00,0.00,0.00,0.00,0.0%,1200.00,-50.00,HI,-50.00,-50.00
2026-09-28 08:15:56.652,DEMO_MODE,F1,0,1,0.10,-14.44,0.54,50.00,0.0,0.0,0.00,0.00,0.00,89.38,0.54,50.00,0.10,-14.44,6,63,6,63,0.0%,0.0%,0.000,0.000,0.00,-4.90,0.00,0.00,0.00,0.00,0.0%,1200.00,-50.00,HI,-50.00,-50.00
2026-09-28 08:15:56.779,DEMO_MODE,F1,0,1,0.10,-14.44,0.54,50.00,0.0,0.0,0.00,0.00,0.00,89.38,0.54,50.00,0.10,-14.44,6,63,6,63,0.0%,0.0%,0.000,0.000,0.00,-4.90,0.00,0.00,0.00,0.00,0.0%,1200.00,-50.00,HI,-50.00,-50.00
2026-09-28 08:15:56.910,DEMO_MODE,F1,0,1,0.10,-14.44,0.54,50.00,0.0,0.0,0.00,0.00,0.00,89.38,0.54,50.00,0.10,-14.44,6,63,6,63,0.0%,0.0%,0.000,0.000,0.00,-4.90,0.00,0.00,0.00,0.00,0.0%,1200.00,-50.00,HI,-50.00,-50.00
2026-09-28 08:15:57.037,DEMO_MODE,F1,0,1,0.10,-14.44,0.54,50.00,0.0,0.0,0.00,0.00,0.00,89.38,0.54,50.00,0.10,-14.44,6,63,6,63,0.0%,0.0%,0.000,0.000,0.00,-4.90,0.00,0.00,0.00,0.00,0.0%,1200.00,-50.00,HI,-50.00,-50.00
2026-09-28 08:15:57.163,DEMO_MODE,F1,0,1,0.10,-14.44,0.54,50.00,0.0,0.0,0.00,0.00,0.00,89.38,0.54,50.00,0.10,-14.44,6,63,6,63,0.0%,0.0%,0.000,0.000,0.00,-4.90,0.00,0.00,0.00,0.00,0.0%,1200.00,-50.00,HI,-50.00,-50.00
2026-09-28 08:15:57.289,DEMO_MODE,F1,0,1,0.10,-14.44,0.54,50.00,0.0,0.0,0.00,0.00,0.00,89.38,0.54,50.00,0.10,-14.44,6,63,6,63,0.0%,0.0%,0.000,0.000,0.00,-4.90,0.00,0.00,0.00,0.00,0.0%,1200.00,-50.00,HI,-50.00,-50.00
2026-09-28 08:15:57.410,DEMO_MODE,F1,0,1,0.10,-14.44,0.54,50.00,0.0,0.0,0.00,0.00,0.00,89.38,0.54,50.00,0.10,-14.44,6,63,6,63,0.0%,0.0%,0.000,0.000,0.00,-4.90,0.00,0.00,0.00,0.00,0.0%,1200.00,-50.00,HI,-50.00,-50.00
2026-09-28 08:15:57.537,DEMO_MODE,F1,0,1,0.10,-14.44,0.54,50.00,0.0,0.0,0.00,0.00,0.00,89.38,0.54,50.00,0.10,-14.44,6,63,6,63,0.0%,0.0%,0.000,0.000,0.00,-4.90,0.00,0.00,0.00,0.00,0.0%,1200.00,-50.00,HI,-50.00,-50.00
2026-09-28 08:15:57.658,DEMO_MODE,F1,0,1,0.10,-14.44,0.54,50.00,0.0,0.0,0.00,0.00,0.00,89.38,0.54,50.00,0.10,-14.44,6,63,6,63,0.0%,0.0%,0.000,0.000,0.00,-4.90,0.00,0.00,0.00,0.00,0.0%,1200.00,-50.00,HI,-50.00,-50.00
2026-09-28 08:15:57.784,DEMO_MODE,F1,0,1,0.10,-14.44,0.54,50.00,0.0,0.0,0.00,0.00,0.00,89.38,0.54,50.00,0.10,-14.44,6,63,6,63,0.0%,0.0%,0.000,0.000,0.00,-4.90,0.00,0.00,0.00,0.00,0.0%,1200.00,-50.00,HI,-50.00,-50.00
2026-09-28 08:15:57.916,DEMO_MODE,F1,0,1,0.10,-14.44,0.54,50.00,0.0,0.0,0.00,0.00,0.00,89.38,0.54,50.00,0.10,-14.44,6,63,6,63,0.0%,0.0%,0.000,0.000,0.00,-4.90,0.00,0.00,0.00,0.00,0.0%,1200.00,-50.00,HI,-50.00,-50.00
2026-09-28 08:15:58.042,DEMO_MODE,F1,0,1,0.10,-14.44,0.54,50.00,0.0,0.0,0.00,0.00,0.00,89.38,0.54,50.00,0.10,-14.44,6,63,6,63,0.0%,0.0%,0.000,0.000,0.00,-4.90,0.00,0.00,0.00,0.00,0.0%,1200.00,-50.00,HI,-50.00,-50.00
