timestamp,product,serial_number,firmware,session_id,pfwd,pref,c1,c2,vpp,dc_bias,pout,iout,rs,xs
2026-09-27T06:48:06.703,DEMO,DEMO,DEMO_MODE,247625ddc7d740c0bd9fbd7320f250ab,0.0,0.0,0.0,0.0,0.0,-50.0,0.0,0.0,0.54,50.0
2026-09-27T06:48:06.824,DEMO,DEMO,DEMO_MODE,247625ddc7d740c0bd9fbd7320f250ab,0.0,0.0,0.0,0.0,0.0,-50.0,0.0,0.0,0.54,50.0
2026-09-27T06:48:06.944,DEMO,DEMO,DEMO_MODE,247625ddc7d740c0bd9fbd7320f250ab,0.0,0.0,0.0,0.0,0.0,-50.0,0.0,0.0,0.54,50.0
2026-09-27T06:48:07.065,DEMO,DEMO,DEMO_MODE,247625ddc7d740c0bd9fbd7320f250ab,0.0,0.0,0.0,0.0,0.0,-50.0,0.0,0.0,0.54,50.0
2026-09-27T06:48:07.186,DEMO,DEMO,DEMO_MODE,247625ddc7d740c0bd9fbd7320f250ab,0.0,0.0,0.0,0.0,0.0,-50.0,0.0,0.0,0.54,50.0
2026-09-27T06:48:07.306,DEMO,DEMO,DEMO_MODE,247625ddc7d740c0bd9fbd7320f250ab,0.0,0.0,0.0,0.0,0.0,-50.0,0.0,0.0,0.54,50.0
2026-09-27T06:48:07.427,DEMO,DEMO,DEMO_MODE,247625ddc7d740c0bd9fbd7320f250ab,0.0,0.0,0.0,0.0,0.0,-50.0,0.0,0.0,0.54,50.0
2026-09-27T06:48:07.548,DEMO,DEMO,DEMO_MODE,247625ddc7d740c0bd9fbd7320f250ab,0.0,0.0,0.0,0.0,0.0,-50.0,0.0,0.0,0.54,50.0
2026-09-27T06:48:07.669,DEMO,DEMO,DEMO_MODE,247625ddc7d740c0bd9fbd7320f250ab,0.0,0.0,0.0,0.0,0.0,-50.0,0.0,0.0,0.54,50.0
2026-09-27T06:48:07.790,DEMO,DEMO,DEMO_MODE,247625ddc7d740c0bd9fbd7320f250ab,0.0,0.0,0.0,0.0,0.0,-50.0,0.0,0.0,0.54,50.0
2026-09-27T06:48:07.910,DEMO,DEMO,DEMO_MODE,247625ddc7d740c0bd9fbd7320f250ab,0.0,0.0,0.0,0.0,0.0,-50.0,0.0,0.0,0.54,50.0
2026-09-27T06:48:08.031,DEMO,DEMO,DEMO_MODE,247625ddc7d740c0bd9fbd7320f250ab,0.0,0.0,0.0,0.0,0.0,-50.0,0.0,0.0,0.54,50.0
2026-09-27T06:48:08.151,DEMO,DEMO,DEMO_MODE,247625ddc7d740c0bd9fbd7320f250ab,0.0,0.0,0.0,0.0,0.0,-50.0,0.0,0.0,0.54,50.0
2026-09-27T06:48:08.272,DEMO,DEMO,DEMO_MODE,247625ddc7d740c0bd9fbd7320f250ab,0.0,0.0,0.0,0.0,0.0,-50.0,0.0,0.0,0.54,50.0
2026-09-27T06:48:08.392,DEMO,DEMO,DEMO_MODE,247625ddc7d740c0bd9fbd7320f250ab,0.0,0.0,0.0,0.0,0.0,-50.0,0.0,0.0,0.54,50.0
2026-09-27T06:48:08.513,DEMO,DEMO,DEMO_MODE,247625ddc7d740c0bd9fbd7320f250ab,0.0,0.0,0.0,0.0,0.0,-50.0,0.0,0.0,0.54,50.0
2026-09-27T06:48:08.634,DEMO,DEMO,DEMO_MODE,247625ddc7d740c0bd9fbd7320f250ab,0.0,0.0,0.0,0.0,0.0,-50.0,0.0,0.0,0.54,50.0
2026-09-27T06:48:08.755,DEMO,DEMO,DEMO_MODE,247625ddc7d740c0bd9fbd7320f250ab,0.0,0.0,0.0,0.0,0.0,-50.0,0.0,0.0,0.54,50.0
2026-09-27T06:48:08.876,DEMO,DEMO,DEMO_MODE,247625ddc7d740c0bd9fbd7320f250ab,0.0,0.0,0.0,0.0,0.0,-50.0,0.0,0.0,0.54,50.0
2026-09-27T06:48:08.997,DEMO,DEMO,DEMO_MODE,247625ddc7d740c0bd9fbd7320f250ab,0.0,0.0,0.0,0.0,0.0,-50.0,0.0,0.0,0.54,50.0
2026-09-27T06:48:09.117,DEMO,DEMO,DEMO_MODE,247625ddc7d740c0bd9fbd7320f250ab,0.0,0.0,0.0,0.0,0.0,-50.0,0.0,0.0,0.54,50.0
2026-09-27T06:48:09.238,DEMO,DEMO,DEMO_MODE,247625ddc7d740c0bd9fbd7320f250ab,0.0,0.0,0.0,0.0,0.0,-50.0,0.0,0.0,0.54,50.0
2026-09-27T06:48:09.359,DEMO,DEMO,DEMO_MODE,247625ddc7d740c0bd9fbd7320f250ab,0.0,0.0,0.0,0.0,0.0,-50.0,0.0,0.0,0.54,50.0
2026-09-27T06:48:09.480,DEMO,DEMO,DEMO_MODE,247625ddc7d740c0bd9fbd7320f250ab,0.0,0.0,0.0,0.0,0.0,-50.0,0.0,0.0,0.54,50.0
2026-09-27T06:48:09.601,DEMO,DEMO,DEMO_MODE,247625ddc7d740c0bd9fbd7320f250ab,0.0,0.0,0.0,0.0,0.0,-50.0,0.0,0.0,0.54,50.0
2026-09-27T06:48:09.722,DEMO,DEMO,DEMO_MODE,247625ddc7d740c0bd9fbd7320f250ab,0.0,0.0,0.0,0.0,0.0,-50.0,0.0,0.0,0.54,50.0
2026-09-27T06:48:09.842,DEMO,DEMO,DEMO_MODE,247625ddc7d740c0bd9fbd7320f250ab,0.0,0.0,0.0,0.0,0.0,-50.0,0.0,0.0,0.54,50.0
2026-09-27T06:48:09.963,DEMO,DEMO,DEMO_MODE,247625ddc7d740c0bd9fbd7320f250ab,0.0,0.0,0.0,0.0,0.0,-50.0,0.0,0.0,0.54,50.0
2026-09-27T06:48:10.084,DEMO,DEMO,DEMO_MODE,247625ddc7d740c0bd9fbd7320f250ab,0.0,0.0,0.0,0.0,0.0,-50.0,0.0,0.0,0.54,50.0
2026-09-27T06:48:10.205,DEMO,DEMO,DEMO_MODE,247625ddc7d740c0bd9fbd7320f250ab,0.0,0.0,0.0,0.0,0.0,-50.0,0.0,0.0,0.54,50.0
2026-09-27T06:48:10.325,DEMO,DEMO,DEMO_MODE,247625ddc7d740c0bd9fbd7320f250ab,0.0,0.0,0.0,0.0,0.0,-50.0,0.0,0.0,0.54,50.0
2026-09-27T06:48:10.446,DEMO,DEMO,DEMO_MODE,247625ddc7d740c0bd9fbd7320f250ab,0.0,0.0,0.0,0.0,0.0,-50.0,0.0,0.0,0.54,50.0
2026-09-27T06:48:10.567,DEMO,DEMO,DEMO_MODE,247625ddc7d740c0bd9fbd7320f250ab,0.0,0.0,0.0,0.0,0.0,-50.0,0.0,0.0,0.54,50.0
2026-09-27T06:48:10.687,DEMO,DEMO,DEMO_MODE,247625ddc7d740c0bd9fbd7320f250ab,0.0,0.0,0.0,0.0,0.0,-50.0,0.0,0.0,0.54,50.0
2026-09-27T06:48:10.808,DEMO,DEMO,DEMO_MODE,247625ddc7d740c0bd9fbd7320f250ab,0.0,0.0,0.0,0.0,0.0,-50.0,0.0,0.0,0.54,50.0
2026-09-27T06:48:10.929,DEMO,DEMO,DEMO_MODE,247625ddc7d740c0bd9fbd7320f250ab,0.0,0.0,0.0,0.0,0.0,-50.0,0.0,0.0,0.54,50.0
2026-09-27T06:48:11.050,DEMO,DEMO,DEMO_MODE,247625ddc7d740c0bd9fbd7320f250ab,0.0,0.0,0.0,0.0,0.0,-50.0,0.0,0.0,0.54,50.0
2026-09-27T06:48:11.170,DEMO,DEMO,DEMO_MODE,247625ddc7d740c0bd9fbd7320f250ab,0.0,0.0,0.0,0.0,0.0,-50.0,0.0,0.0,0.54,50.0
2026-09-27T06:48:11.291,DEMO,DEMO,DEMO_MODE,247625ddc7d740c0bd9fbd7320f250ab,0.0,0.0,0.0,0.0,0.0,-50.0,0.0,0.0,0.54,50.0
2026-09-27T06:48:11.411,DEMO,DEMO,DEMO_MODE,247625ddc7d740c0bd9fbd7320f250ab,0.0,0.0,0.0,0.0,0.0,-50.0,0.0,0.0,0.54,50.0
2026-09-27T06:48:11.532,DEMO,DEMO,DEMO_MODE,247625ddc7d740c0bd9fbd7320f250ab,0.0,0.0,0.0,0.0,0.0,-50.0,0.0,0.0,0.54,50.0
2026-09-27T06:48:11.653,DEMO,DEMO,DEMO_MODE,247625ddc7d740c0bd9fbd7320f250ab,0.0,0.0,0.0,0.0,0.0,-50.0,0.0,0.0,0.54,50.0
2026-09-27T06:48:11.773,DEMO,DEMO,DEMO_MODE,247625ddc7d740c0bd9fbd7320f250ab,0.0,0.0,0.0,4.0,0.0,-50.0,0.0,0.0,0.54,50.0
2026-09-27T06:48:11.894,DEMO,DEMO,DEMO_MODE,247625ddc7d740c0bd9fbd7320f250ab,0.0,0.0,0.0,4.0,0.0,-50.0,0.0,0.0,0.54,50.0
2026-09-27T06:48:12.015,DEMO,DEMO,DEMO_MODE,247625ddc7d740c0bd9fbd7320f250ab,0.0,0.0,0.0,4.0,0.0,-50.0,0.0,0.0,0.54,50.0
2026-09-27T06:48:12.136,DEMO,DEMO,DEMO_MODE,247625ddc7d740c0bd9fbd7320f250ab,0.0,0.0,0.0,4.0,0.0,-50.0,0.0,0.0,0.54,50.0
2026-09-27T06:48:12.257,DEMO,DEMO,DEMO_MODE,247625ddc7d740c0bd9fbd7320f250ab,0.0,0.0,0.0,4.0,0.0,-50.0,0.0,0.0,0.54,50.0
2026-09-27T06:48:12.377,DEMO,DEMO,DEMO_MODE,247625ddc7d740c0bd9fbd7320f250ab,0.0,0.0,0.0,4.0,0.0,-50.0,0.0,0.0,0.54,50.0
2026-09-27T06:48:12.498,DEMO,DEMO,DEMO_MODE,247625ddc7d740c0bd9fbd7320f250ab,0.0,0.0,0.0,4.0,0.0,-50.0,0.0,0.0,0.54,50.0
2026-09-27T06:48:12.618,DEMO,DEMO,DEMO_MODE,247625ddc7d740c0bd9fbd7320f250ab,0.0,0.0,0.0,4.0,0.0,-50.0,0.0,0.0,0.54,50.0
2026-09-27T06:48:12.739,DEMO,DEMO,DEMO_MODE,247625ddc7d740c0bd9fbd7320f250ab,0.0,0.0,0.0,4.0,0.0,-50.0,0.0,0.0,0.54,50.0
2026-09-27T06:48:12.859,DEMO,DEMO,DEMO_MODE,247625ddc7d740c0bd9fbd7320f250ab,0.0,0.0,0.0,4.0,0.0,-50.0,0.0,0.0,0.54,50.0
2026-09-27T06:48:12.979,DEMO,DEMO,DEMO_MODE,247625ddc7d740c0bd9fbd7320f250ab,0.0,0.0,0.0,4.0,0.0,-50.0,0.0,0.0,0.54,50.0
2026-09-27T06:48:13.100,DEMO,DEMO,DEMO_MODE,247625ddc7d740c0bd9fbd7320f250ab,0.0,0.0,0.0,4.0,0.0,-50.0,0.0,0.0,0.54,50.0
2026-09-27T06:48:13.221,DEMO,DEMO,DEMO_MODE,247625ddc7d740c0bd9fbd7320f250ab,0.0,0.0,0.0,4.0,0.0,-50.0,0.0,0.0,0.54,50.0
2026-09-27T06:48:13.342,DEMO,DEMO,DEMO_MODE,247625ddc7d740c0bd9fbd7320f250ab,0.0,0.0,0.0,4.0,0.0,-50.0,0.0,0.0,0.54,50.0
2026-09-27T06:48:13.463,DEMO,DEMO,DEMO_MODE,247625ddc7d740c0bd9fbd7320f250ab,0.0,0.0,0.0,4.0,0.0,-50.0,0.0,0.0,0.54,50.0
2026-09-27T06:48:13.583,DEMO,DEMO,DEMO_MODE,247625ddc7d740c0bd9fbd7320f250ab,0.0,0.0,0.0,4.0,0.0,-50.0,0.0,0.0,0.54,50.0
2026-09-27T06:48:13.704,DEMO,DEMO,DEMO_MODE,247625ddc7d740c0bd9fbd7320f250ab,0.0,0.0,0.0,4.0,0.0,-50.0,0.0,0.0,0.54,50.0
2026-09-27T06:48:13.825,DEMO,DEMO,DEMO_MODE,247625ddc7d740c0bd9fbd7320f250ab,0.0,0.0,0.0,4.0,0.0,-50.0,0.0,0.0,0.54,50.0
2026-09-27T06:48:13.946,DEMO,DEMO,DEMO_MODE,247625ddc7d740c0bd9fbd7320f250ab,0.0,0.0,0.0,4.0,0.0,-50.0,0.0,0.0,0.54,50.0
2026-09-27T06:48:14.067,DEMO,DEMO,DEMO_MODE,247625ddc7d740c0bd9fbd7320f250ab,0.0,0.0,0.0,4.0,0.0,-50.0,0.0,0.0,0.54,50.0
2026-09-27T06:48:14.188,DEMO,DEMO,DEMO_MODE,247625ddc7d740c0bd9fbd7320f250ab,0.0,0.0,0.0,4.0,0.0,-50.0,0.0,0.0,0.54,50.0
2026-09-27T06:48:14.309,DEMO,DEMO,DEMO_MODE,247625ddc7d740c0bd9fbd7320f250ab,0.0,0.0,0.0,4.0,0.0,-50.0,0.0,0.0,0.54,50.0
2026-09-27T06:48:14.430,DEMO,DEMO,DEMO_MODE,247625ddc7d740c0bd9fbd7320f250ab,0.0,0.0,0.0,4.0,0.0,-50.0,0.0,0.0,0.54,50.0
2026-09-27T06:48:14.550,DEMO,DEMO,DEMO_MODE,247625ddc7d740c0bd9fbd7320f250ab,0.0,0.0,0.0,4.0,0.0,-50.0,0.0,0.0,0.54,50.0
2026-09-27T06:48:14.671,DEMO,DEMO,DEMO_MODE,247625ddc7d740c0bd9fbd7320f250ab,0.0,0.0,0.0,4.0,0.0,-50.0,0.0,0.0,0.54,50.0
2026-09-27T06:48:14.791,DEMO,DEMO,DEMO_MODE,247625ddc7d740c0bd9fbd7320f250ab,0.0,0.0,0.0,4.0,0.0,-50.0,0.0,0.0,0.54,50.0
2026-09-27T06:48:14.911,DEMO,DEMO,DEMO_MODE,247625ddc7d740c0bd9fbd7320f250ab,0.0,0.0,0.0,4.0,0.0,-50.0,0.0,0.0,0.54,50.0
2026-09-27T06:48:15.032,DEMO,DEMO,DEMO_MODE,247625ddc7d740c0bd9fbd7320f250ab,0.0,0.0,0.0,4.0,0.0,-50.0,0.0,0.0,0.54,50.0
2026-09-27T06:48:15.152,DEMO,DEMO,DEMO_MODE,247625ddc7d740c0bd9fbd7320f250ab,0.0,0.0,0.0,4.0,0.0,-50.0,0.0,0.0,0.54,50.0
2026-09-27T06:48:15.273,DEMO,DEMO,DEMO_MODE,247625ddc7d740c0bd9fbd7320f250ab,0.0,0.0,0.0,4.0,0.0,-50.0,0.0,0.0,0.54,50.0
2026-09-27T06:48:15.393,DEMO,DEMO,DEMO_MODE,247625ddc7d740c0bd9fbd7320f250ab,0.0,0.0,0.0,4.0,0.0,-50.0,0.0,0.0,0.54,50.0
2026-09-27T06:48:15.514,DEMO,DEMO,DEMO_MODE,247625ddc7d740c0bd9fbd7320f250ab,0.0,0.0,0.0,4.0,0.0,-50.0,0.0,0.0,0.54,50.0
2026-09-27T06:48:15.635,DEMO,DEMO,DEMO_MODE,247625ddc7d740c0bd9fbd7320f250ab,0.0,0.0,0.0,4.0,0.0,-50.0,0.0,0.0,0.54,50.0
2026-09-27T06:48:15.755,DEMO,DEMO,DEMO_MODE,247625ddc7d740c0bd9fbd7320f250ab,0.0,1.0,0.0,4.0,0.0,-50.0,0.0,0.0,0.54,50.0
2026-09-27T06:48:15.876,DEMO,DEMO,DEMO_MODE,247625ddc7d740c0bd9fbd7320f250ab,0.0,1.0,0.0,4.0,0.0,-50.0,0.0,0.0,0.54,50.0
2026-09-27T06:48:15.996,DEMO,DEMO,DEMO_MODE,247625ddc7d740c0bd9fbd7320f250ab,0.0,1.0,0.0,4.0,0.0,-50.0,0.0,0.0,0.54,50.0
2026-09-27T06:48:16.117,DEMO,DEMO,DEMO_MODE,247625ddc7d740c0bd9fbd7320f250ab,0.0,1.0,0.0,4.0,0.0,-50.0,0.0,0.0,0.54,50.0
2026-09-27T06:48:16.238,DEMO,DEMO,DEMO_MODE,247625ddc7d740c0bd9fbd7320f250ab,0.0,1.0,0.0,4.0,0.0,-50.0,0.0,0.0,0.54,50.0
2026-09-27T06:48:16.358,DEMO,DEMO,DEMO_MODE,247625ddc7d740c0bd9fbd7320f250ab,0.0,1.0,0.0,4.0,0.0,-50.0,0.0,0.0,0.54,50.0
2026-09-27T06:48:16.479,DEMO,DEMO,DEMO_MODE,247625ddc7d740c0bd9fbd7320f250ab,0.0,1.0,0.0,4.0,0.0,-50.0,0.0,0.0,0.54,50.0
2026-09-27T06:48:16.600,DEMO,DEMO,DEMO_MODE,247625ddc7d740c0bd9fbd7320f250ab,0.0,1.0,0.0,4.0,0.0,-50.0,0.0,0.0,0.54,50.0
2026-09-27T06:48:16.720,DEMO,DEMO,DEMO_MODE,247625ddc7d740c0bd9fbd7320f250ab,0.0,1.0,0.0,4.0,0.0,-50.0,0.0,0.0,0.54,50.0
2026-09-27T06:48:16.841,DEMO,DEMO,DEMO_MODE,247625ddc7d740c0bd9fbd7320f250ab,100.0,1.0,10.0,8.0,50.0,-40.0,99.0,1.98,0.54,50.0
2026-09-27T06:48:16.962,DEMO,DEMO,DEMO_MODE,247625ddc7d740c0bd9fbd7320f250ab,100.0,1.0,10.0,8.0,50.0,-40.0,99.0,1.98,0.54,50.0
2026-09-27T06:48:17.083,DEMO,DEMO,DEMO_MODE,247625ddc7d740c0bd9fbd7320f250ab,100.0,1.0,10.0,8.0,50.0,-40.0,99.0,1.98,0.54,50.0
2026-09-27T06:48:17.203,DEMO,DEMO,DEMO_MODE,247625ddc7d740c0bd9fbd7320f250ab,100.0,1.0,10.0,8.0,50.0,-40.0,99.0,1.98,0.54,50.0
2026-09-27T06:48:17.324,DEMO,DEMO,DEMO_MODE,247625ddc7d740c0bd9fbd7320f250ab,100.0,1.0,10.0,8.0,50.0,-40.0,99.0,1.98,0.54,50.0
2026-09-27T06:48:17.445,DEMO,DEMO,DEMO_MODE,247625ddc7d740c0bd9fbd7320f250ab,100.0,1.0,10.0,8.0,50.0,-40.0,99.0,1.98,0.54,50.0
2026-09-27T06:48:17.565,DEMO,DEMO,DEMO_MODE,247625ddc7d740c0bd9fbd7320f250ab,100.0,1.0,10.0,8.0,50.0,-40.0,99.0,1.98,0.54,50.0
2026-09-27T06:48:17.686,DEMO,DEMO,DEMO_MODE,247625ddc7d740c0bd9fbd7320f250ab,100.0,1.0,10.0,8.0,50.0,-40.0,99.0,1.98,0.54,50.0
2026-09-27T06:48:17.807,DEMO,DEMO,DEMO_MODE,247625ddc7d740c0bd9fbd7320f250ab,100.0,1.0,10.0,8.0,50.0,-40.0,99.0,1.98,0.54,50.0
2026-09-27T06:48:17.927,DEMO,DEMO,DEMO_MODE,247625ddc7d740c0bd9fbd7320f250ab,100.0,1.0,10.0,8.0,50.0,-40.0,99.0,1.98,0.54,50.0
2026-09-27T06:48:18.048,DEMO,DEMO,DEMO_MODE,247625ddc7d740c0bd9fbd7320f250ab,100.0,1.0,10.0,8.0,50.0,-40.0,99.0,1.98,0.54,50.0
2026-09-27T06:48:18.169,DEMO,DEMO,DEMO_MODE,247625ddc7d740c0bd9fbd7320f250ab,100.0,1.0,10.0,8.0,50.0,-40.0,99.0,1.98,0.54,50.0
2026-09-27T06:48:18.290,DEMO,DEMO,DEMO_MODE,247625ddc7d740c0bd9fbd7320f250ab,100.0,1.0,10.0,8.0,50.0,-40.0,99.0,1.98,0.54,50.0
2026-09-27T06:48:18.410,DEMO,DEMO,DEMO_MODE,247625ddc7d740c0bd9fbd7320f250ab,100.0,1.0,10.0,8.0,50.0,-40.0,99.0,1.98,0.54,50.0
2026-09-27T06:48:18.531,DEMO,DEMO,DEMO_MODE,247625ddc7d740c0bd9fbd7320f250ab,100.0,1.0,10.0,8.0,50.0,-40.0,99.0,1.98,0.54,50.0
2026-09-27T06:48:18.652,DEMO,DEMO,DEMO_MODE,247625ddc7d740c0bd9fbd7320f250ab,100.0,1.0,10.0,8.0,50.0,-40.0,99.0,1.98,0.54,50.0
2026-09-27T06:48:18.773,DEMO,DEMO,DEMO_MODE,247625ddc7d740c0bd9fbd7320f250ab,100.0,1.0,10.0,8.0,50.0,-40.0,99.0,1.98,0.54,50.0
2026-09-27T06:48:18.893,DEMO,DEMO,DEMO_MODE,247625ddc7d740c0bd9fbd7320f250ab,100.0,1.0,10.0,8.0,50.0,-40.0,99.0,1.98,0.54,50.0
2026-09-27T06:48:19.014,DEMO,DEMO,DEMO_MODE,247625ddc7d740c0bd9fbd7320f250ab,100.0,1.0,10.0,8.0,50.0,-40.0,99.0,1.98,0.54,50.0
2026-09-27T06:48:19.134,DEMO,DEMO,DEMO_MODE,247625ddc7d740c0bd9fbd7320f250ab,100.0,1.0,10.0,8.0,50.0,-40.0,99.0,1.98,0.54,50.0
2026-09-27T06:48:19.255,DEMO,DEMO,DEMO_MODE,247625ddc7d740c0bd9fbd7320f250ab,100.0,1.0,10.0,8.0,50.0,-40.0,99.0,1.98,0.54,50.0
2026-09-27T06:48:19.375,DEMO,DEMO,DEMO_MODE,247625ddc7d740c0bd9fbd7320f250ab,100.0,1.0,10.0,8.0,50.0,-40.0,99.0,1.98,0.54,50.0
2026-09-27T06:48:19.496,DEMO,DEMO,DEMO_MODE,247625ddc7d740c0bd9fbd7320f250ab,100.0,1.0,10.0,8.0,50.0,-40.0,99.0,1.98,0.54,50.0
2026-09-27T06:48:19.617,DEMO,DEMO,DEMO_MODE,247625ddc7d740c0bd9fbd7320f250ab,100.0,1.0,10.0,8.0,50.0,-40.0,99.0,1.98,0.54,50.0
2026-09-27T06:48:19.738,DEMO,DEMO,DEMO_MODE,247625ddc7d740c0bd9fbd7320f250ab,100.0,1.0,10.0,8.0,50.0,-40.0,99.0,1.98,0.54,50.0
2026-09-27T06:48:19.858,DEMO,DEMO,DEMO_MODE,247625ddc7d740c0bd9fbd7320f250ab,100.0,1.0,10.0,8.0,50.0,-40.0,99.0,1.98,0.54,50.0
2026-09-27T06:48:19.979,DEMO,DEMO,DEMO_MODE,247625ddc7d740c0bd9fbd7320f250ab,100.0,1.0,10.0,8.0,50.0,-40.0,99.0,1.98,0.54,50.0
2026-09-27T06:48:20.100,DEMO,DEMO,DEMO_MODE,247625ddc7d740c0bd9fbd7320f250ab,100.0,1.0,10.0,8.0,50.0,-40.0,99.0,1.98,0.54,50.0
2026-09-27T06:48:20.221,DEMO,DEMO,DEMO_MODE,247625ddc7d740c0bd9fbd7320f250ab,100.0,1.0,10.0,8.0,50.0,-40.0,99.0,1.98,0.54,50.0
2026-09-27T06:48:20.341,DEMO,DEMO,DEMO_MODE,247625ddc7d740c0bd9fbd7320f250ab,100.0,1.0,10.0,8.0,50.0,-40.0,99.0,1.98,0.54,50.0
2026-09-27T06:48:20.462,DEMO,DEMO,DEMO_MODE,247625ddc7d740c0bd9fbd7320f250ab,100.0,1.0,10.0,8.0,50.0,-40.0,99.0,1.98,0.54,50.0
2026-09-27T06:48:20.583,DEMO,DEMO,DEMO_MODE,247625ddc7d740c0bd9fbd7320f250ab,100.0,1.0,10.0,8.0,50.0,-40.0,99.0,1.98,0.54,50.0
2026-09-27T06:48:20.703,DEMO,DEMO,DEMO_MODE,247625ddc7d740c0bd9fbd7320f250ab,100.0,1.0,10.0,8.0,50.0,-40.0,99.0,1.98,0.54,50.0
2026-09-27T06:48:20.823,DEMO,DEMO,DEMO_MODE,247625ddc7d740c0bd9fbd7320f250ab,100.0,1.0,10.0,8.0,50.0,-40.0,99.0,1.98,0.54,50.0
2026-09-27T06:48:20.944,DEMO,DEMO,DEMO_MODE,247625ddc7d740c0bd9fbd7320f250ab,100.0,1.0,10.0,8.0,50.0,-40.0,99.0,1.98,0.54,50.0
2026-09-27T06:48:21.065,DEMO,DEMO,DEMO_MODE,247625ddc7d740c0bd9fbd7320f250ab,100.0,1.0,10.0,8.0,50.0,-40.0,99.0,1.98,0.54,50.0
2026-09-27T06:48:21.185,DEMO,DEMO,DEMO_MODE,247625ddc7d740c0bd9fbd7320f250ab,100.0,1.0,10.0,8.0,50.0,-40.0,99.0,1.98,0.54,50.0
2026-09-27T06:48:21.306,DEMO,DEMO,DEMO_MODE,247625ddc7d740c0bd9fbd7320f250ab,100.0,1.0,10.0,8.0,50.0,-40.0,99.0,1.98,0.54,50.0
2026-09-27T06:48:21.427,DEMO,DEMO,DEMO_MODE,247625ddc7d740c0bd9fbd7320f250ab,100.0,1.0,10.0,8.0,50.0,-40.0,99.0,1.98,0.54,50.0
2026-09-27T06:48:21.547,DEMO,DEMO,DEMO_MODE,247625ddc7d740c0bd9fbd7320f250ab,100.0,1.0,10.0,8.0,50.0,-40.0,99.0,1.98,0.54,50.0
2026-09-27T06:48:21.668,DEMO,DEMO,DEMO_MODE,247625ddc7d740c0bd9fbd7320f250ab,100.0,1.0,10.0,8.0,50.0,-40.0,99.0,1.98,0.54,50.0
2026-09-27T06:48:21.789,DEMO,DEMO,DEMO_MODE,247625ddc7d740c0bd9fbd7320f250ab,100.0,1.0,10.0,12.0,50.0,-40.0,99.0,1.98,0.54,50.0
2026-09-27T06:48:21.910,DEMO,DEMO,DEMO_MODE,247625ddc7d740c0bd9fbd7320f250ab,100.0,1.0,10.0,12.0,50.0,-40.0,99.0,1.98,0.54,50.0
2026-09-27T06:48:22.030,DEMO,DEMO,DEMO_MODE,247625ddc7d740c0bd9fbd7320f250ab,100.0,1.0,10.0,12.0,50.0,-40.0,99.0,1.98,0.54,50.0
2026-09-27T06:48:22.151,DEMO,DEMO,DEMO_MODE,247625ddc7d740c0bd9fbd7320f250ab,100.0,1.0,10.0,12.0,50.0,-40.0,99.0,1.98,0.54,50.0
2026-09-27T06:48:22.272,DEMO,DEMO,DEMO_MODE,247625ddc7d740c0bd9fbd7320f250ab,100.0,1.0,10.0,12.0,50.0,-40.0,99.0,1.98,0.54,50.0
2026-09-27T06:48:22.393,DEMO,DEMO,DEMO_MODE,247625ddc7d740c0bd9fbd7320f250ab,100.0,1.0,10.0,12.0,50.0,-40.0,99.0,1.98,0.54,50.0
2026-09-27T06:48:22.514,DEMO,DEMO,DEMO_MODE,247625ddc7d740c0bd9fbd7320f250ab,100.0,1.0,10.0,12.0,50.0,-40.0,99.0,1.98,0.54,50.0
2026-09-27T06:48:22.635,DEMO,DEMO,DEMO_MODE,247625ddc7d740c0bd9fbd7320f250ab,100.0,1.0,10.0,12.0,50.0,-40.0,99.0,1.98,0.54,50.0
2026-09-27T06:48:22.755,DEMO,DEMO,DEMO_MODE,247625ddc7d740c0bd9fbd7320f250ab,100.0,1.0,10.0,12.0,50.0,-40.0,99.0,1.98,0.54,50.0
2026-09-27T06:48:22.875,DEMO,DEMO,DEMO_MODE,247625ddc7d740c0bd9fbd7320f250ab,100.0,1.0,10.0,12.0,50.0,-40.0,99.0,1.98,0.54,50.0
2026-09-27T06:48:22.996,DEMO,DEMO,DEMO_MODE,247625ddc7d740c0bd9fbd7320f250ab,100.0,1.0,10.0,12.0,50.0,-40.0,99.0,1.98,0.54,50.0
2026-09-27T06:48:23.117,DEMO,DEMO,DEMO_MODE,247625ddc7d740c0bd9fbd7320f250ab,100.0,1.0,10.0,12.0,50.0,-40.0,99.0,1.98,0.54,50.0
2026-09-27T06:48:23.238,DEMO,DEMO,DEMO_MODE,247625ddc7d740c0bd9fbd7320f250ab,100.0,1.0,10.0,12.0,50.0,-40.0,99.0,1.98,0.54,50.0
2026-09-27T06:48:23.359,DEMO,DEMO,DEMO_MODE,247625ddc7d740c0bd9fbd7320f250ab,100.0,1.0,10.0,12.0,50.0,-40.0,99.0,1.98,0.54,50.0
2026-09-27T06:48:23.479,DEMO,DEMO,DEMO_MODE,247625ddc7d740c0bd9fbd7320f250ab,100.0,1.0,10.0,12.0,50.0,-40.0,99.0,1.98,0.54,50.0
2026-09-27T06:48:23.600,DEMO,DEMO,DEMO_MODE,247625ddc7d740c0bd9fbd7320f250ab,100.0,1.0,10.0,12.0,50.0,-40.0,99.0,1.98,0.54,50.0
2026-09-27T06:48:23.721,DEMO,DEMO,DEMO_MODE,247625ddc7d740c0bd9fbd7320f250ab,100.0,1.0,10.0,12.0,50.0,-40.0,99.0,1.98,0.54,50.0
2026-09-27T06:48:23.842,DEMO,DEMO,DEMO_MODE,247625ddc7d740c0bd9fbd7320f250ab,100.0,1.0,10.0,12.0,50.0,-40.0,99.0,1.98,0.54,50.0
2026-09-27T06:48:23.962,DEMO,DEMO,DEMO_MODE,247625ddc7d740c0bd9fbd7320f250ab,100.0,1.0,10.0,12.0,50.0,-40.0,99.0,1.98,0.54,50.0
2026-09-27T06:48:24.083,DEMO,DEMO,DEMO_MODE,247625ddc7d740c0bd9fbd7320f250ab,100.0,1.0,10.0,12.0,50.0,-40.0,99.0,1.98,0.54,50.0
2026-09-27T06:48:24.203,DEMO,DEMO,DEMO_MODE,247625ddc7d740c0bd9fbd7320f250ab,100.0,1.0,10.0,12.0,50.0,-40.0,99.0,1.98,0.54,50.0
2026-09-27T06:48:24.324,DEMO,DEMO,DEMO_MODE,247625ddc7d740c0bd9fbd7320f250ab,100.0,1.0,10.0,12.0,50.0,-40.0,99.0,1.98,0.54,50.0
2026-09-27T06:48:24.445,DEMO,DEMO,DEMO_MODE,247625ddc7d740c0bd9fbd7320f250ab,100.0,1.0,10.0,12.0,50.0,-40.0,99.0,1.98,0.54,50.0
2026-09-27T06:48:24.566,DEMO,DEMO,DEMO_MODE,247625ddc7d740c0bd9fbd7320f250ab,100.0,1.0,10.0,12.0,50.0,-40.0,99.0,1.98,0.54,50.0
2026-09-27T06:48:24.687,DEMO,DEMO,DEMO_MODE,247625ddc7d740c0bd9fbd7320f250ab,100.0,1.0,10.0,12.0,50.0,-40.0,99.0,1.98,0.54,50.0
2026-09-27T06:48:24.807,DEMO,DEMO,DEMO_MODE,247625ddc7d740c0bd9fbd7320f250ab,100.0,2.0,10.0,12.0,50.0,-40.0,98.0,1.96,0.54,50.0
2026-09-27T06:48:24.928,DEMO,DEMO,DEMO_MODE,247625ddc7d740c0bd9fbd7320f250ab,100.0,2.0,10.0,12.0,50.0,-40.0,98.0,1.96,0.54,50.0
2026-09-27T06:48:25.048,DEMO,DEMO,DEMO_MODE,247625ddc7d740c0bd9fbd7320f250ab,100.0,2.0,10.0,12.0,50.0,-40.0,98.0,1.96,0.54,50.0
2026-09-27T06:48:25.169,DEMO,DEMO,DEMO_MODE,247625ddc7d740c0bd9fbd7320f250ab,100.0,2.0,10.0,12.0,50.0,-40.0,98.0,1.96,0.54,50.0
2026-09-27T06:48:25.290,DEMO,DEMO,DEMO_MODE,247625ddc7d740c0bd9fbd7320f250ab,100.0,2.0,10.0,12.0,50.0,-40.0,98.0,1.96,0.54,50.0
2026-09-27T06:48:25.411,DEMO,DEMO,DEMO_MODE,247625ddc7d740c0bd9fbd7320f250ab,100.0,2.0,10.0,12.0,50.0,-40.0,98.0,1.96,0.54,50.0
2026-09-27T06:48:25.532,DEMO,DEMO,DEMO_MODE,247625ddc7d740c0bd9fbd7320f250ab,100.0,2.0,10.0,12.0,50.0,-40.0,98.0,1.96,0.54,50.0
2026-09-27T06:48:25.652,DEMO,DEMO,DEMO_MODE,247625ddc7d740c0bd9fbd7320f250ab,100.0,2.0,10.0,12.0,50.0,-40.0,98.0,1.96,0.54,50.0
2026-09-27T06:48:25.773,DEMO,DEMO,DEMO_MODE,247625ddc7d740c0bd9fbd7320f250ab,100.0,2.0,10.0,12.0,50.0,-40.0,98.0,1.96,0.54,50.0
2026-09-27T06:48:25.893,DEMO,DEMO,DEMO_MODE,247625ddc7d740c0bd9fbd7320f250ab,100.0,2.0,10.0,12.0,50.0,-40.0,98.0,1.96,0.54,50.0
2026-09-27T06:48:26.014,DEMO,DEMO,DEMO_MODE,247625ddc7d740c0bd9fbd7320f250ab,100.0,2.0,10.0,12.0,50.0,-40.0,98.0,1.96,0.54,50.0
2026-09-27T06:48:26.135,DEMO,DEMO,DEMO_MODE,247625ddc7d740c0bd9fbd7320f250ab,100.0,2.0,10.0,12.0,50.0,-40.0,98.0,1.96,0.54,50.0
2026-09-27T06:48:26.256,DEMO,DEMO,DEMO_MODE,247625ddc7d740c0bd9fbd7320f250ab,100.0,2.0,10.0,12.0,50.0,-40.0,98.0,1.96,0.54,50.0
2026-09-27T06:48:26.377,DEMO,DEMO,DEMO_MODE,247625ddc7d740c0bd9fbd7320f250ab,100.0,2.0,10.0,12.0,50.0,-40.0,98.0,1.96,0.54,50.0
2026-09-27T06:48:26.497,DEMO,DEMO,DEMO_MODE,247625ddc7d740c0bd9fbd7320f250ab,100.0,2.0,10.0,12.0,50.0,-40.0,98.0,1.96,0.54,50.0
2026-09-27T06:48:26.617,DEMO,DEMO,DEMO_MODE,247625ddc7d740c0bd9fbd7320f250ab,100.0,2.0,10.0,12.0,50.0,-40.0,98.0,1.96,0.54,50.0
2026-09-27T06:48:26.738,DEMO,DEMO,DEMO_MODE,247625ddc7d740c0bd9fbd7320f250ab,100.0,2.0,10.0,12.0,50.0,-40.0,98.0,1.96,0.54,50.0
2026-09-27T06:48:26.859,DEMO,DEMO,DEMO_MODE,247625ddc7d740c0bd9fbd7320f250ab,200.0,2.0,20.0,16.0,100.0,-30.0,198.0,1.98,0.54,50.0
2026-09-27T06:48:26.980,DEMO,DEMO,DEMO_MODE,247625ddc7d740c0bd9fbd7320f250ab,200.0,2.0,20.0,16.0,100.0,-30.0,198.0,1.98,0.54,50.0
2026-09-27T06:48:27.101,DEMO,DEMO,DEMO_MODE,247625ddc7d740c0bd9fbd7320f250ab,200.0,2.0,20.0,16.0,100.0,-30.0,198.0,1.98,0.54,50.0
2026-09-27T06:48:27.221,DEMO,DEMO,DEMO_MODE,247625ddc7d740c0bd9fbd7320f250ab,200.0,2.0,20.0,16.0,100.0,-30.0,198.0,1.98,0.54,50.0
2026-09-27T06:48:27.342,DEMO,DEMO,DEMO_MODE,247625ddc7d740c0bd9fbd7320f250ab,200.0,2.0,20.0,16.0,100.0,-30.0,198.0,1.98,0.54,50.0
2026-09-27T06:48:27.462,DEMO,DEMO,DEMO_MODE,247625ddc7d740c0bd9fbd7320f250ab,200.0,2.0,20.0,16.0,100.0,-30.0,198.0,1.98,0.54,50.0
2026-09-27T06:48:27.583,DEMO,DEMO,DEMO_MODE,247625ddc7d740c0bd9fbd7320f250ab,200.0,2.0,20.0,16.0,100.0,-30.0,198.0,1.98,0.54,50.0
2026-09-27T06:48:27.704,DEMO,DEMO,DEMO_MODE,247625ddc7d740c0bd9fbd7320f250ab,200.0,2.0,20.0,16.0,100.0,-30.0,198.0,1.98,0.54,50.0
2026-09-27T06:48:27.825,DEMO,DEMO,DEMO_MODE,247625ddc7d740c0bd9fbd7320f250ab,200.0,2.0,20.0,16.0,100.0,-30.0,198.0,1.98,0.54,50.0
2026-09-27T06:48:27.946,DEMO,DEMO,DEMO_MODE,247625ddc7d740c0bd9fbd7320f250ab,200.0,2.0,20.0,16.0,100.0,-30.0,198.0,1.98,0.54,50.0
2026-09-27T06:48:28.067,DEMO,DEMO,DEMO_MODE,247625ddc7d740c0bd9fbd7320f250ab,200.0,2.0,20.0,16.0,100.0,-30.0,198.0,1.98,0.54,50.0
2026-09-27T06:48:28.188,DEMO,DEMO,DEMO_MODE,247625ddc7d740c0bd9fbd7320f250ab,200.0,2.0,20.0,16.0,100.0,-30.0,198.0,1.98,0.54,50.0
2026-09-27T06:48:28.308,DEMO,DEMO,DEMO_MODE,247625ddc7d740c0bd9fbd7320f250ab,200.0,2.0,20.0,16.0,100.0,-30.0,198.0,1.98,0.54,50.0
2026-09-27T06:48:28.429,DEMO,DEMO,DEMO_MODE,247625ddc7d740c0bd9fbd7320f250ab,200.0,2.0,20.0,16.0,100.0,-30.0,198.0,1.98,0.54,50.0
2026-09-27T06:48:28.549,DEMO,DEMO,DEMO_MODE,247625ddc7d740c0bd9fbd7320f250ab,200.0,2.0,20.0,16.0,100.0,-30.0,198.0,1.98,0.54,50.0
2026-09-27T06:48:28.670,DEMO,DEMO,DEMO_MODE,247625ddc7d740c0bd9fbd7320f250ab,200.0,2.0,20.0,16.0,100.0,-30.0,198.0,1.98,0.54,50.0
2026-09-27T06:48:28.790,DEMO,DEMO,DEMO_MODE,247625ddc7d740c0bd9fbd7320f250ab,200.0,2.0,20.0,16.0,100.0,-30.0,198.0,1.98,0.54,50.0
2026-09-27T06:48:28.911,DEMO,DEMO,DEMO_MODE,247625ddc7d740c0bd9fbd7320f250ab,200.0,2.0,20.0,16.0,100.0,-30.0,198.0,1.98,0.54,50.0
2026-09-27T06:48:29.031,DEMO,DEMO,DEMO_MODE,247625ddc7d740c0bd9fbd7320f250ab,200.0,2.0,20.0,16.0,100.0,-30.0,198.0,1.98,0.54,50.0
2026-09-27T06:48:29.152,DEMO,DEMO,DEMO_MODE,247625ddc7d740c0bd9fbd7320f250ab,200.0,2.0,20.0,16.0,100.0,-30.0,198.0,1.98,0.54,50.0
2026-09-27T06:48:29.272,DEMO,DEMO,DEMO_MODE,247625ddc7d740c0bd9fbd7320f250ab,200.0,2.0,20.0,16.0,100.0,-30.0,198.0,1.98,0.54,50.0
2026-09-27T06:48:29.393,DEMO,DEMO,DEMO_MODE,247625ddc7d740c0bd9fbd7320f250ab,200.0,2.0,20.0,16.0,100.0,-30.0,198.0,1.98,0.54,50.0
2026-09-27T06:48:29.515,DEMO,DEMO,DEMO_MODE,247625ddc7d740c0bd9fbd7320f250ab,200.0,2.0,20.0,16.0,100.0,-30.0,198.0,1.98,0.54,50.0
2026-09-27T06:48:29.635,DEMO,DEMO,DEMO_MODE,247625ddc7d740c0bd9fbd7320f250ab,200.0,2.0,20.0,16.0,100.0,-30.0,198.0,1.98,0.54,50.0
2026-09-27T06:48:29.756,DEMO,DEMO,DEMO_MODE,247625ddc7d740c0bd9fbd7320f250ab,200.0,2.0,20.0,16.0,100.0,-30.0,198.0,1.98,0.54,50.0
2026-09-27T06:48:29.877,DEMO,DEMO,DEMO_MODE,247625ddc7d740c0bd9fbd7320f250ab,200.0,2.0,20.0,16.0,100.0,-30.0,198.0,1.98,0.54,50.0
2026-09-27T06:48:29.998,DEMO,DEMO,DEMO_MODE,247625ddc7d740c0bd9fbd7320f250ab,200.0,2.0,20.0,16.0,100.0,-30.0,198.0,1.98,0.54,50.0
2026-09-27T06:48:30.119,DEMO,DEMO,DEMO_MODE,247625ddc7d740c0bd9fbd7320f250ab,200.0,2.0,20.0,16.0,100.0,-30.0,198.0,1.98,0.54,50.0
2026-09-27T06:48:30.240,DEMO,DEMO,DEMO_MODE,247625ddc7d740c0bd9fbd7320f250ab,200.0,2.0,20.0,16.0,100.0,-30.0,198.0,1.98,0.54,50.0
2026-09-27T06:48:30.361,DEMO,DEMO,DEMO_MODE,247625ddc7d740c0bd9fbd7320f250ab,200.0,2.0,20.0,16.0,100.0,-30.0,198.0,1.98,0.54,50.0
2026-09-27T06:48:30.481,DEMO,DEMO,DEMO_MODE,247625ddc7d740c0bd9fbd7320f250ab,200.0,2.0,20.0,16.0,100.0,-30.0,198.0,1.98,0.54,50.0
2026-09-27T06:48:30.602,DEMO,DEMO,DEMO_MODE,247625ddc7d740c0bd9fbd7320f250ab,200.0,2.0,20.0,16.0,100.0,-30.0,198.0,1.98,0.54,50.0
2026-09-27T06:48:30.723,DEMO,DEMO,DEMO_MODE,247625ddc7d740c0bd9fbd7320f250ab,200.0,2.0,20.0,16.0,100.0,-30.0,198.0,1.98,0.54,50.0
2026-09-27T06:48:30.844,DEMO,DEMO,DEMO_MODE,247625ddc7d740c0bd9fbd7320f250ab,200.0,2.0,20.0,16.0,100.0,-30.0,198.0,1.98,0.54,50.0
2026-09-27T06:48:30.965,DEMO,DEMO,DEMO_MODE,247625ddc7d740c0bd9fbd7320f250ab,200.0,2.0,20.0,16.0,100.0,-30.0,198.0,1.98,0.54,50.0
2026-09-27T06:48:31.085,DEMO,DEMO,DEMO_MODE,247625ddc7d740c0bd9fbd7320f250ab,200.0,2.0,20.0,16.0,100.0,-30.0,198.0,1.98,0.54,50.0
2026-09-27T06:48:31.206,DEMO,DEMO,DEMO_MODE,247625ddc7d740c0bd9fbd7320f250ab,200.0,2.0,20.0,16.0,100.0,-30.0,198.0,1.98,0.54,50.0
2026-09-27T06:48:31.327,DEMO,DEMO,DEMO_MODE,247625ddc7d740c0bd9fbd7320f250ab,200.0,2.0,20.0,16.0,100.0,-30.0,198.0,1.98,0.54,50.0
2026-09-27T06:48:31.447,DEMO,DEMO,DEMO_MODE,247625ddc7d740c0bd9fbd7320f250ab,200.0,2.0,20.0,16.0,100.0,-30.0,198.0,1.98,0.54,50.0
2026-09-27T06:48:31.567,DEMO,DEMO,DEMO_MODE,247625ddc7d740c0bd9fbd7320f250ab,200.0,2.0,20.0,16.0,100.0,-30.0,198.0,1.98,0.54,50.0
2026-09-27T06:48:31.688,DEMO,DEMO,DEMO_MODE,247625ddc7d740c0bd9fbd7320f250ab,200.0,2.0,20.0,16.0,100.0,-30.0,198.0,1.98,0.54,50.0
2026-09-27T06:48:31.809,DEMO,DEMO,DEMO_MODE,247625ddc7d740c0bd9fbd7320f250ab,200.0,2.0,20.0,16.0,100.0,-30.0,198.0,1.98,0.54,50.0
2026-09-27T06:48:31.931,DEMO,DEMO,DEMO_MODE,247625ddc7d740c0bd9fbd7320f250ab,200.0,2.0,20.0,20.0,100.0,-30.0,198.0,1.98,0.54,50.0
2026-09-27T06:48:32.052,DEMO,DEMO,DEMO_MODE,247625ddc7d740c0bd9fbd7320f250ab,200.0,2.0,20.0,20.0,100.0,-30.0,198.0,1.98,0.54,50.0
2026-09-27T06:48:32.172,DEMO,DEMO,DEMO_MODE,247625ddc7d740c0bd9fbd7320f250ab,200.0,2.0,20.0,20.0,100.0,-30.0,198.0,1.98,0.54,50.0
2026-09-27T06:48:32.293,DEMO,DEMO,DEMO_MODE,247625ddc7d740c0bd9fbd7320f250ab,200.0,2.0,20.0,20.0,100.0,-30.0,198.0,1.98,0.54,50.0
2026-09-27T06:48:32.414,DEMO,DEMO,DEMO_MODE,247625ddc7d740c0bd9fbd7320f250ab,200.0,2.0,20.0,20.0,100.0,-30.0,198.0,1.98,0.54,50.0
2026-09-27T06:48:32.535,DEMO,DEMO,DEMO_MODE,247625ddc7d740c0bd9fbd7320f250ab,200.0,2.0,20.0,20.0,100.0,-30.0,198.0,1.98,0.54,50.0
2026-09-27T06:48:32.656,DEMO,DEMO,DEMO_MODE,247625ddc7d740c0bd9fbd7320f250ab,200.0,2.0,20.0,20.0,100.0,-30.0,198.0,1.98,0.54,50.0
2026-09-27T06:48:32.776,DEMO,DEMO,DEMO_MODE,247625ddc7d740c0bd9fbd7320f250ab,200.0,2.0,20.0,20.0,100.0,-30.0,198.0,1.98,0.54,50.0
2026-09-27T06:48:32.896,DEMO,DEMO,DEMO_MODE,247625ddc7d740c0bd9fbd7320f250ab,200.0,2.0,20.0,20.0,100.0,-30.0,198.0,1.98,0.54,50.0
2026-09-27T06:48:33.016,DEMO,DEMO,DEMO_MODE,247625ddc7d740c0bd9fbd7320f250ab,200.0,2.0,20.0,20.0,100.0,-30.0,198.0,1.98,0.54,50.0
2026-09-27T06:48:33.138,DEMO,DEMO,DEMO_MODE,247625ddc7d740c0bd9fbd7320f250ab,200.0,2.0,20.0,20.0,100.0,-30.0,198.0,1.98,0.54,50.0
2026-09-27T06:48:33.259,DEMO,DEMO,DEMO_MODE,247625ddc7d740c0bd9fbd7320f250ab,200.0,2.0,20.0,20.0,100.0,-30.0,198.0,1.98,0.54,50.0
2026-09-27T06:48:33.379,DEMO,DEMO,DEMO_MODE,247625ddc7d740c0bd9fbd7320f250ab,200.0,2.0,20.0,20.0,100.0,-30.0,198.0,1.98,0.54,50.0
2026-09-27T06:48:33.500,DEMO,DEMO,DEMO_MODE,247625ddc7d740c0bd9fbd7320f250ab,200.0,2.0,20.0,20.0,100.0,-30.0,198.0,1.98,0.54,50.0
2026-09-27T06:48:33.620,DEMO,DEMO,DEMO_MODE,247625ddc7d740c0bd9fbd7320f250ab,200.0,2.0,20.0,20.0,100.0,-30.0,198.0,1.98,0.54,50.0
2026-09-27T06:48:33.741,DEMO,DEMO,DEMO_MODE,247625ddc7d740c0bd9fbd7320f250ab,200.0,2.0,20.0,20.0,100.0,-30.0,198.0,1.98,0.54,50.0
2026-09-27T06:48:33.862,DEMO,DEMO,DEMO_MODE,247625ddc7d740c0bd9fbd7320f250ab,200.0,3.0,20.0,20.0,100.0,-30.0,197.0,1.97,0.54,50.0
2026-09-27T06:48:33.983,DEMO,DEMO,DEMO_MODE,247625ddc7d740c0bd9fbd7320f250ab,200.0,3.0,20.0,20.0,100.0,-30.0,197.0,1.97,0.54,50.0
2026-09-27T06:48:34.103,DEMO,DEMO,DEMO_MODE,247625ddc7d740c0bd9fbd7320f250ab,200.0,3.0,20.0,20.0,100.0,-30.0,197.0,1.97,0.54,50.0
2026-09-27T06:48:34.224,DEMO,DEMO,DEMO_MODE,247625ddc7d740c0bd9fbd7320f250ab,200.0,3.0,20.0,20.0,100.0,-30.0,197.0,1.97,0.54,50.0
2026-09-27T06:48:34.345,DEMO,DEMO,DEMO_MODE,247625ddc7d740c0bd9fbd7320f250ab,200.0,3.0,20.0,20.0,100.0,-30.0,197.0,1.97,0.54,50.0
2026-09-27T06:48:34.466,DEMO,DEMO,DEMO_MODE,247625ddc7d740c0bd9fbd7320f250ab,200.0,3.0,20.0,20.0,100.0,-30.0,197.0,1.97,0.54,50.0
2026-09-27T06:48:34.587,DEMO,DEMO,DEMO_MODE,247625ddc7d740c0bd9fbd7320f250ab,200.0,3.0,20.0,20.0,100.0,-30.0,197.0,1.97,0.54,50.0
2026-09-27T06:48:34.708,DEMO,DEMO,DEMO_MODE,247625ddc7d740c0bd9fbd7320f250ab,200.0,3.0,20.0,20.0,100.0,-30.0,197.0,1.97,0.54,50.0
2026-09-27T06:48:34.828,DEMO,DEMO,DEMO_MODE,247625ddc7d740c0bd9fbd7320f250ab,200.0,3.0,20.0,20.0,100.0,-30.0,197.0,1.97,0.54,50.0
2026-09-27T06:48:34.949,DEMO,DEMO,DEMO_MODE,247625ddc7d740c0bd9fbd7320f250ab,200.0,3.0,20.0,20.0,100.0,-30.0,197.0,1.97,0.54,50.0
2026-09-27T06:48:35.069,DEMO,DEMO,DEMO_MODE,247625ddc7d740c0bd9fbd7320f250ab,200.0,3.0,20.0,20.0,100.0,-30.0,197.0,1.97,0.54,50.0
2026-09-27T06:48:35.190,DEMO,DEMO,DEMO_MODE,247625ddc7d740c0bd9fbd7320f250ab,200.0,3.0,20.0,20.0,100.0,-30.0,197.0,1.97,0.54,50.0
2026-09-27T06:48:35.311,DEMO,DEMO,DEMO_MODE,247625ddc7d740c0bd9fbd7320f250ab,200.0,3.0,20.0,20.0,100.0,-30.0,197.0,1.97,0.54,50.0
2026-09-27T06:48:35.432,DEMO,DEMO,DEMO_MODE,247625ddc7d740c0bd9fbd7320f250ab,200.0,3.0,20.0,20.0,100.0,-30.0,197.0,1.97,0.54,50.0
2026-09-27T06:48:35.552,DEMO,DEMO,DEMO_MODE,247625ddc7d740c0bd9fbd7320f250ab,200.0,3.0,20.0,20.0,100.0,-30.0,197.0,1.97,0.54,50.0
2026-09-27T06:48:35.673,DEMO,DEMO,DEMO_MODE,247625ddc7d740c0bd9fbd7320f250ab,200.0,3.0,20.0,20.0,100.0,-30.0,197.0,1.97,0.54,50.0
2026-09-27T06:48:35.793,DEMO,DEMO,DEMO_MODE,247625ddc7d740c0bd9fbd7320f250ab,200.0,3.0,20.0,20.0,100.0,-30.0,197.0,1.97,0.54,50.0
2026-09-27T06:48:35.914,DEMO,DEMO,DEMO_MODE,247625ddc7d740c0bd9fbd7320f250ab,200.0,3.0,20.0,20.0,100.0,-30.0,197.0,1.97,0.54,50.0
2026-09-27T06:48:36.035,DEMO,DEMO,DEMO_MODE,247625ddc7d740c0bd9fbd7320f250ab,200.0,3.0,20.0,20.0,100.0,-30.0,197.0,1.97,0.54,50.0
2026-09-27T06:48:36.155,DEMO,DEMO,DEMO_MODE,247625ddc7d740c0bd9fbd7320f250ab,200.0,3.0,20.0,20.0,100.0,-30.0,197.0,1.97,0.54,50.0
2026-09-27T06:48:36.275,DEMO,DEMO,DEMO_MODE,247625ddc7d740c0bd9fbd7320f250ab,200.0,3.0,20.0,20.0,100.0,-30.0,197.0,1.97,0.54,50.0
2026-09-27T06:48:36.396,DEMO,DEMO,DEMO_MODE,247625ddc7d740c0bd9fbd7320f250ab,200.0,3.0,20.0,20.0,100.0,-30.0,197.0,1.97,0.54,50.0
2026-09-27T06:48:36.517,DEMO,DEMO,DEMO_MODE,247625ddc7d740c0bd9fbd7320f250ab,200.0,3.0,20.0,20.0,100.0,-30.0,197.0,1.97,0.54,50.0
2026-09-27T06:48:36.637,DEMO,DEMO,DEMO_MODE,247625ddc7d740c0bd9fbd7320f250ab,200.0,3.0,20.0,20.0,100.0,-30.0,197.0,1.97,0.54,50.0
2026-09-27T06:48:36.759,DEMO,DEMO,DEMO_MODE,247625ddc7d740c0bd9fbd7320f250ab,200.0,3.0,20.0,20.0,100.0,-30.0,197.0,1.97,0.54,50.0
2026-09-27T06:48:36.879,DEMO,DEMO,DEMO_MODE,247625ddc7d740c0bd9fbd7320f250ab,300.0,3.0,30.0,24.0,150.0,-20.0,297.0,1.98,0.54,50.0
2026-09-27T06:48:37.000,DEMO,DEMO,DEMO_MODE,247625ddc7d740c0bd9fbd7320f250ab,300.0,3.0,30.0,24.0,150.0,-20.0,297.0,1.98,0.54,50.0
2026-09-27T06:48:37.120,DEMO,DEMO,DEMO_MODE,247625ddc7d740c0bd9fbd7320f250ab,300.0,3.0,30.0,24.0,150.0,-20.0,297.0,1.98,0.54,50.0
2026-09-27T06:48:37.241,DEMO,DEMO,DEMO_MODE,247625ddc7d740c0bd9fbd7320f250ab,300.0,3.0,30.0,24.0,150.0,-20.0,297.0,1.98,0.54,50.0
2026-09-27T06:48:37.361,DEMO,DEMO,DEMO_MODE,247625ddc7d740c0bd9fbd7320f250ab,300.0,3.0,30.0,24.0,150.0,-20.0,297.0,1.98,0.54,50.0
2026-09-27T06:48:37.482,DEMO,DEMO,DEMO_MODE,247625ddc7d740c0bd9fbd7320f250ab,300.0,3.0,30.0,24.0,150.0,-20.0,297.0,1.98,0.54,50.0
2026-09-27T06:48:37.603,DEMO,DEMO,DEMO_MODE,247625ddc7d740c0bd9fbd7320f250ab,300.0,3.0,30.0,24.0,150.0,-20.0,297.0,1.98,0.54,50.0
2026-09-27T06:48:37.723,DEMO,DEMO,DEMO_MODE,247625ddc7d740c0bd9fbd7320f250ab,300.0,3.0,30.0,24.0,150.0,-20.0,297.0,1.98,0.54,50.0
2026-09-27T06:48:37.844,DEMO,DEMO,DEMO_MODE,247625ddc7d740c0bd9fbd7320f250ab,300.0,3.0,30.0,24.0,150.0,-20.0,297.0,1.98,0.54,50.0
2026-09-27T06:48:37.964,DEMO,DEMO,DEMO_MODE,247625ddc7d740c0bd9fbd7320f250ab,300.0,3.0,30.0,24.0,150.0,-20.0,297.0,1.98,0.54,50.0
2026-09-27T06:48:38.086,DEMO,DEMO,DEMO_MODE,247625ddc7d740c0bd9fbd7320f250ab,300.0,3.0,30.0,24.0,150.0,-20.0,297.0,1.98,0.54,50.0
2026-09-27T06:48:38.206,DEMO,DEMO,DEMO_MODE,247625ddc7d740c0bd9fbd7320f250ab,300.0,3.0,30.0,24.0,150.0,-20.0,297.0,1.98,0.54,50.0
2026-09-27T06:48:38.327,DEMO,DEMO,DEMO_MODE,247625ddc7d740c0bd9fbd7320f250ab,300.0,3.0,30.0,24.0,150.0,-20.0,297.0,1.98,0.54,50.0
2026-09-27T06:48:38.448,DEMO,DEMO,DEMO_MODE,247625ddc7d740c0bd9fbd7320f250ab,300.0,3.0,30.0,24.0,150.0,-20.0,297.0,1.98,0.54,50.0
2026-09-27T06:48:38.569,DEMO,DEMO,DEMO_MODE,247625ddc7d740c0bd9fbd7320f250ab,300.0,3.0,30.0,24.0,150.0,-20.0,297.0,1.98,0.54,50.0
2026-09-27T06:48:38.689,DEMO,DEMO,DEMO_MODE,247625ddc7d740c0bd9fbd7320f250ab,300.0,3.0,30.0,24.0,150.0,-20.0,297.0,1.98,0.54,50.0
2026-09-27T06:48:38.810,DEMO,DEMO,DEMO_MODE,247625ddc7d740c0bd9fbd7320f250ab,300.0,3.0,30.0,24.0,150.0,-20.0,297.0,1.98,0.54,50.0
2026-09-27T06:48:38.931,DEMO,DEMO,DEMO_MODE,247625ddc7d740c0bd9fbd7320f250ab,300.0,3.0,30.0,24.0,150.0,-20.0,297.0,1.98,0.54,50.0
2026-09-27T06:48:39.051,DEMO,DEMO,DEMO_MODE,247625ddc7d740c0bd9fbd7320f250ab,300.0,3.0,30.0,24.0,150.0,-20.0,297.0,1.98,0.54,50.0
2026-09-27T06:48:39.172,DEMO,DEMO,DEMO_MODE,247625ddc7d740c0bd9fbd7320f250ab,300.0,3.0,30.0,24.0,150.0,-20.0,297.0,1.98,0.54,50.0
2026-09-27T06:48:39.292,DEMO,DEMO,DEMO_MODE,247625ddc7d740c0bd9fbd7320f250ab,300.0,3.0,30.0,24.0,150.0,-20.0,297.0,1.98,0.54,50.0
2026-09-27T06:48:39.412,DEMO,DEMO,DEMO_MODE,247625ddc7d740c0bd9fbd7320f250ab,300.0,3.0,30.0,24.0,150.0,-20.0,297.0,1.98,0.54,50.0
2026-09-27T06:48:39.533,DEMO,DEMO,DEMO_MODE,247625ddc7d740c0bd9fbd7320f250ab,300.0,3.0,30.0,24.0,150.0,-20.0,297.0,1.98,0.54,50.0
2026-09-27T06:48:39.654,DEMO,DEMO,DEMO_MODE,247625ddc7d740c0bd9fbd7320f250ab,300.0,3.0,30.0,24.0,150.0,-20.0,297.0,1.98,0.54,50.0
2026-09-27T06:48:39.775,DEMO,DEMO,DEMO_MODE,247625ddc7d740c0bd9fbd7320f250ab,300.0,3.0,30.0,24.0,150.0,-20.0,297.0,1.98,0.54,50.0
2026-09-27T06:48:39.896,DEMO,DEMO,DEMO_MODE,247625ddc7d740c0bd9fbd7320f250ab,300.0,3.0,30.0,24.0,150.0,-20.0,297.0,1.98,0.54,50.0
2026-09-27T06:48:40.017,DEMO,DEMO,DEMO_MODE,247625ddc7d740c0bd9fbd7320f250ab,300.0,3.0,30.0,24.0,150.0,-20.0,297.0,1.98,0.54,50.0
2026-09-27T06:48:40.138,DEMO,DEMO,DEMO_MODE,247625ddc7d740c0bd9fbd7320f250ab,300.0,3.0,30.0,24.0,150.0,-20.0,297.0,1.98,0.54,50.0
2026-09-27T06:48:40.258,DEMO,DEMO,DEMO_MODE,247625ddc7d740c0bd9fbd7320f250ab,300.0,3.0,30.0,24.0,150.0,-20.0,297.0,1.98,0.54,50.0
2026-09-27T06:48:40.379,DEMO,DEMO,DEMO_MODE,247625ddc7d740c0bd9fbd7320f250ab,300.0,3.0,30.0,24.0,150.0,-20.0,297.0,1.98,0.54,50.0
2026-09-27T06:48:40.499,DEMO,DEMO,DEMO_MODE,247625ddc7d740c0bd9fbd7320f250ab,300.0,3.0,30.0,24.0,150.0,-20.0,297.0,1.98,0.54,50.0
2026-09-27T06:48:40.619,DEMO,DEMO,DEMO_MODE,247625ddc7d740c0bd9fbd7320f250ab,300.0,3.0,30.0,24.0,150.0,-20.0,297.0,1.98,0.54,50.0
2026-09-27T06:48:40.740,DEMO,DEMO,DEMO_MODE,247625ddc7d740c0bd9fbd7320f250ab,300.0,3.0,30.0,24.0,150.0,-20.0,297.0,1.98,0.54,50.0
2026-09-27T06:48:40.861,DEMO,DEMO,DEMO_MODE,247625ddc7d740c0bd9fbd7320f250ab,300.0,3.0,30.0,24.0,150.0,-20.0,297.0,1.98,0.54,50.0
2026-09-27T06:48:40.981,DEMO,DEMO,DEMO_MODE,247625ddc7d740c0bd9fbd7320f250ab,300.0,3.0,30.0,24.0,150.0,-20.0,297.0,1.98,0.54,50.0
2026-09-27T06:48:41.102,DEMO,DEMO,DEMO_MODE,247625ddc7d740c0bd9fbd7320f250ab,300.0,3.0,30.0,24.0,150.0,-20.0,297.0,1.98,0.54,50.0
2026-09-27T06:48:41.223,DEMO,DEMO,DEMO_MODE,247625ddc7d740c0bd9fbd7320f250ab,300.0,3.0,30.0,24.0,150.0,-20.0,297.0,1.98,0.54,50.0
2026-09-27T06:48:41.343,DEMO,DEMO,DEMO_MODE,247625ddc7d740c0bd9fbd7320f250ab,300.0,3.0,30.0,24.0,150.0,-20.0,297.0,1.98,0.54,50.0
2026-09-27T06:48:41.464,DEMO,DEMO,DEMO_MODE,247625ddc7d740c0bd9fbd7320f250ab,300.0,3.0,30.0,24.0,150.0,-20.0,297.0,1.98,0.54,50.0
2026-09-27T06:48:41.585,DEMO,DEMO,DEMO_MODE,247625ddc7d740c0bd9fbd7320f250ab,300.0,3.0,30.0,24.0,150.0,-20.0,297.0,1.98,0.54,50.0
2026-09-27T06:48:41.705,DEMO,DEMO,DEMO_MODE,247625ddc7d740c0bd9fbd7320f250ab,300.0,3.0,30.0,24.0,150.0,-20.0,297.0,1.98,0.54,50.0
2026-09-27T06:48:41.826,DEMO,DEMO,DEMO_MODE,247625ddc7d740c0bd9fbd7320f250ab,300.0,3.0,30.0,24.0,150.0,-20.0,297.0,1.98,0.54,50.0
2026-09-27T06:48:41.947,DEMO,DEMO,DEMO_MODE,247625ddc7d740c0bd9fbd7320f250ab,300.0,3.0,30.0,28.0,150.0,-20.0,297.0,1.98,0.54,50.0
2026-09-27T06:48:42.068,DEMO,DEMO,DEMO_MODE,247625ddc7d740c0bd9fbd7320f250ab,300.0,3.0,30.0,28.0,150.0,-20.0,297.0,1.98,0.54,50.0
2026-09-27T06:48:42.188,DEMO,DEMO,DEMO_MODE,247625ddc7d740c0bd9fbd7320f250ab,300.0,3.0,30.0,28.0,150.0,-20.0,297.0,1.98,0.54,50.0
2026-09-27T06:48:42.309,DEMO,DEMO,DEMO_MODE,247625ddc7d740c0bd9fbd7320f250ab,300.0,3.0,30.0,28.0,150.0,-20.0,297.0,1.98,0.54,50.0
2026-09-27T06:48:42.430,DEMO,DEMO,DEMO_MODE,247625ddc7d740c0bd9fbd7320f250ab,300.0,3.0,30.0,28.0,150.0,-20.0,297.0,1.98,0.54,50.0
2026-09-27T06:48:42.550,DEMO,DEMO,DEMO_MODE,247625ddc7d740c0bd9fbd7320f250ab,300.0,3.0,30.0,28.0,150.0,-20.0,297.0,1.98,0.54,50.0
2026-09-27T06:48:42.671,DEMO,DEMO,DEMO_MODE,247625ddc7d740c0bd9fbd7320f250ab,300.0,3.0,30.0,28.0,150.0,-20.0,297.0,1.98,0.54,50.0
2026-09-27T06:48:42.792,DEMO,DEMO,DEMO_MODE,247625ddc7d740c0bd9fbd7320f250ab,300.0,3.0,30.0,28.0,150.0,-20.0,297.0,1.98,0.54,50.0
2026-09-27T06:48:42.912,DEMO,DEMO,DEMO_MODE,247625ddc7d740c0bd9fbd7320f250ab,300.0,4.0,30.0,28.0,150.0,-20.0,296.0,1.9733333333333334,0.54,50.0
2026-09-27T06:48:43.033,DEMO,DEMO,DEMO_MODE,247625ddc7d740c0bd9fbd7320f250ab,300.0,4.0,30.0,28.0,150.0,-20.0,296.0,1.9733333333333334,0.54,50.0
2026-09-27T06:48:43.154,DEMO,DEMO,DEMO_MODE,247625ddc7d740c0bd9fbd7320f250ab,300.0,4.0,30.0,28.0,150.0,-20.0,296.0,1.9733333333333334,0.54,50.0
2026-09-27T06:48:43.275,DEMO,DEMO,DEMO_MODE,247625ddc7d740c0bd9fbd7320f250ab,300.0,4.0,30.0,28.0,150.0,-20.0,296.0,1.9733333333333334,0.54,50.0
2026-09-27T06:48:43.396,DEMO,DEMO,DEMO_MODE,247625ddc7d740c0bd9fbd7320f250ab,300.0,4.0,30.0,28.0,150.0,-20.0,296.0,1.9733333333333334,0.54,50.0
2026-09-27T06:48:43.516,DEMO,DEMO,DEMO_MODE,247625ddc7d740c0bd9fbd7320f250ab,300.0,4.0,30.0,28.0,150.0,-20.0,296.0,1.9733333333333334,0.54,50.0
2026-09-27T06:48:43.637,DEMO,DEMO,DEMO_MODE,247625ddc7d740c0bd9fbd7320f250ab,300.0,4.0,30.0,28.0,150.0,-20.0,296.0,1.9733333333333334,0.54,50.0
2026-09-27T06:48:43.758,DEMO,DEMO,DEMO_MODE,247625ddc7d740c0bd9fbd7320f250ab,300.0,4.0,30.0,28.0,150.0,-20.0,296.0,1.9733333333333334,0.54,50.0
2026-09-27T06:48:43.879,DEMO,DEMO,DEMO_MODE,247625ddc7d740c0bd9fbd7320f250ab,300.0,4.0,30.0,28.0,150.0,-20.0,296.0,1.9733333333333334,0.54,50.0
2026-09-27T06:48:43.999,DEMO,DEMO,DEMO_MODE,247625ddc7d740c0bd9fbd7320f250ab,300.0,4.0,30.0,28.0,150.0,-20.0,296.0,1.9733333333333334,0.54,50.0
2026-09-27T06:48:44.119,DEMO,DEMO,DEMO_MODE,247625ddc7d740c0bd9fbd7320f250ab,300.0,4.0,30.0,28.0,150.0,-20.0,296.0,1.9733333333333334,0.54,50.0
2026-09-27T06:48:44.240,DEMO,DEMO,DEMO_MODE,247625ddc7d740c0bd9fbd7320f250ab,300.0,4.0,30.0,28.0,150.0,-20.0,296.0,1.9733333333333334,0.54,50.0
2026-09-27T06:48:44.360,DEMO,DEMO,DEMO_MODE,247625ddc7d740c0bd9fbd7320f250ab,300.0,4.0,30.0,28.0,150.0,-20.0,296.0,1.9733333333333334,0.54,50.0
2026-09-27T06:48:44.481,DEMO,DEMO,DEMO_MODE,247625ddc7d740c0bd9fbd7320f250ab,300.0,4.0,30.0,28.0,150.0,-20.0,296.0,1.9733333333333334,0.54,50.0
2026-09-27T06:48:44.602,DEMO,DEMO,DEMO_MODE,247625ddc7d740c0bd9fbd7320f250ab,300.0,4.0,30.0,28.0,150.0,-20.0,296.0,1.9733333333333334,0.54,50.0
2026-09-27T06:48:44.722,DEMO,DEMO,DEMO_MODE,247625ddc7d740c0bd9fbd7320f250ab,300.0,4.0,30.0,28.0,150.0,-20.0,296.0,1.9733333333333334,0.54,50.0
2026-09-27T06:48:44.843,DEMO,DEMO,DEMO_MODE,247625ddc7d740c0bd9fbd7320f250ab,300.0,4.0,30.0,28.0,150.0,-20.0,296.0,1.9733333333333334,0.54,50.0
2026-09-27T06:48:44.964,DEMO,DEMO,DEMO_MODE,247625ddc7d740c0bd9fbd7320f250ab,300.0,4.0,30.0,28.0,150.0,-20.0,296.0,1.9733333333333334,0.54,50.0
2026-09-27T06:48:45.085,DEMO,DEMO,DEMO_MODE,247625ddc7d740c0bd9fbd7320f250ab,300.0,4.0,30.0,28.0,150.0,-20.0,296.0,1.9733333333333334,0.54,50.0
2026-09-27T06:48:45.206,DEMO,DEMO,DEMO_MODE,247625ddc7d740c0bd9fbd7320f250ab,300.0,4.0,30.0,28.0,150.0,-20.0,296.0,1.9733333333333334,0.54,50.0
2026-09-27T06:48:45.326,DEMO,DEMO,DEMO_MODE,247625ddc7d740c0bd9fbd7320f250ab,300.0,4.0,30.0,28.0,150.0,-20.0,296.0,1.9733333333333334,0.54,50.0
2026-09-27T06:48:45.447,DEMO,DEMO,DEMO_MODE,247625ddc7d740c0bd9fbd7320f250ab,300.0,4.0,30.0,28.0,150.0,-20.0,296.0,1.9733333333333334,0.54,50.0
2026-09-27T06:48:45.568,DEMO,DEMO,DEMO_MODE,247625ddc7d740c0bd9fbd7320f250ab,300.0,4.0,30.0,28.0,150.0,-20.0,296.0,1.9733333333333334,0.54,50.0
2026-09-27T06:48:45.689,DEMO,DEMO,DEMO_MODE,247625ddc7d740c0bd9fbd7320f250ab,300.0,4.0,30.0,28.0,150.0,-20.0,296.0,1.9733333333333334,0.54,50.0
2026-09-27T06:48:45.810,DEMO,DEMO,DEMO_MODE,247625ddc7d740c0bd9fbd7320f250ab,300.0,4.0,30.0,28.0,150.0,-20.0,296.0,1.9733333333333334,0.54,50.0
2026-09-27T06:48:45.931,DEMO,DEMO,DEMO_MODE,247625ddc7d740c0bd9fbd7320f250ab,300.0,4.0,30.0,28.0,150.0,-20.0,296.0,1.9733333333333334,0.54,50.0
2026-09-27T06:48:46.051,DEMO,DEMO,DEMO_MODE,247625ddc7d740c0bd9fbd7320f250ab,300.0,4.0,30.0,28.0,150.0,-20.0,296.0,1.9733333333333334,0.54,50.0
2026-09-27T06:48:46.173,DEMO,DEMO,DEMO_MODE,247625ddc7d740c0bd9fbd7320f250ab,300.0,4.0,30.0,28.0,150.0,-20.0,296.0,1.9733333333333334,0.54,50.0
2026-09-27T06:48:46.293,DEMO,DEMO,DEMO_MODE,247625ddc7d740c0bd9fbd7320f250ab,300.0,4.0,30.0,28.0,150.0,-20.0,296.0,1.9733333333333334,0.54,50.0
2026-09-27T06:48:46.414,DEMO,DEMO,DEMO_MODE,247625ddc7d740c0bd9fbd7320f250ab,300.0,4.0,30.0,28.0,150.0,-20.0,296.0,1.9733333333333334,0.54,50.0
2026-09-27T06:48:46.535,DEMO,DEMO,DEMO_MODE,247625ddc7d740c0bd9fbd7320f250ab,300.0,4.0,30.0,28.0,150.0,-20.0,296.0,1.9733333333333334,0.54,50.0
2026-09-27T06:48:46.656,DEMO,DEMO,DEMO_MODE,247625ddc7d740c0bd9fbd7320f250ab,300.0,4.0,30.0,28.0,150.0,-20.0,296.0,1.9733333333333334,0.54,50.0
2026-09-27T06:48:46.777,DEMO,DEMO,DEMO_MODE,247625ddc7d740c0bd9fbd7320f250ab,300.0,4.0,30.0,28.0,150.0,-20.0,296.0,1.9733333333333334,0.54,50.0
2026-09-27T06:48:46.898,DEMO,DEMO,DEMO_MODE,247625ddc7d740c0bd9fbd7320f250ab,300.0,4.0,30.0,28.0,150.0,-20.0,296.0,1.9733333333333334,0.54,50.0
2026-09-27T06:48:47.018,DEMO,DEMO,DEMO_MODE,247625ddc7d740c0bd9fbd7320f250ab,400.0,4.0,40.0,32.0,200.0,-10.0,396.0,1.98,0.54,50.0
2026-09-27T06:48:47.139,DEMO,DEMO,DEMO_MODE,247625ddc7d740c0bd9fbd7320f250ab,400.0,4.0,40.0,32.0,200.0,-10.0,396.0,1.98,0.54,50.0
2026-09-27T06:48:47.260,DEMO,DEMO,DEMO_MODE,247625ddc7d740c0bd9fbd7320f250ab,400.0,4.0,40.0,32.0,200.0,-10.0,396.0,1.98,0.54,50.0
2026-09-27T06:48:47.381,DEMO,DEMO,DEMO_MODE,247625ddc7d740c0bd9fbd7320f250ab,400.0,4.0,40.0,32.0,200.0,-10.0,396.0,1.98,0.54,50.0
2026-09-27T06:48:47.501,DEMO,DEMO,DEMO_MODE,247625ddc7d740c0bd9fbd7320f250ab,400.0,4.0,40.0,32.0,200.0,-10.0,396.0,1.98,0.54,50.0
2026-09-27T06:48:47.622,DEMO,DEMO,DEMO_MODE,247625ddc7d740c0bd9fbd7320f250ab,400.0,4.0,40.0,32.0,200.0,-10.0,396.0,1.98,0.54,50.0
2026-09-27T06:48:47.743,DEMO,DEMO,DEMO_MODE,247625ddc7d740c0bd9fbd7320f250ab,400.0,4.0,40.0,32.0,200.0,-10.0,396.0,1.98,0.54,50.0
2026-09-27T06:48:47.863,DEMO,DEMO,DEMO_MODE,247625ddc7d740c0bd9fbd7320f250ab,400.0,4.0,40.0,32.0,200.0,-10.0,396.0,1.98,0.54,50.0
2026-09-27T06:48:47.984,DEMO,DEMO,DEMO_MODE,247625ddc7d740c0bd9fbd7320f250ab,400.0,4.0,40.0,32.0,200.0,-10.0,396.0,1.98,0.54,50.0
2026-09-27T06:48:48.105,DEMO,DEMO,DEMO_MODE,247625ddc7d740c0bd9fbd7320f250ab,400.0,4.0,40.0,32.0,200.0,-10.0,396.0,1.98,0.54,50.0
2026-09-27T06:48:48.225,DEMO,DEMO,DEMO_MODE,247625ddc7d740c0bd9fbd7320f250ab,400.0,4.0,40.0,32.0,200.0,-10.0,396.0,1.98,0.54,50.0
2026-09-27T06:48:48.345,DEMO,DEMO,DEMO_MODE,247625ddc7d740c0bd9fbd7320f250ab,400.0,4.0,40.0,32.0,200.0,-10.0,396.0,1.98,0.54,50.0
2026-09-27T06:48:48.466,DEMO,DEMO,DEMO_MODE,247625ddc7d740c0bd9fbd7320f250ab,400.0,4.0,40.0,32.0,200.0,-10.0,396.0,1.98,0.54,50.0
2026-09-27T06:48:48.587,DEMO,DEMO,DEMO_MODE,247625ddc7d740c0bd9fbd7320f250ab,400.0,4.0,40.0,32.0,200.0,-10.0,396.0,1.98,0.54,50.0
2026-09-27T06:48:48.708,DEMO,DEMO,DEMO_MODE,247625ddc7d740c0bd9fbd7320f250ab,400.0,4.0,40.0,32.0,200.0,-10.0,396.0,1.98,0.54,50.0
2026-09-27T06:48:48.828,DEMO,DEMO,DEMO_MODE,247625ddc7d740c0bd9fbd7320f250ab,400.0,4.0,40.0,32.0,200.0,-10.0,396.0,1.98,0.54,50.0
2026-09-27T06:48:48.949,DEMO,DEMO,DEMO_MODE,247625ddc7d740c0bd9fbd7320f250ab,400.0,4.0,40.0,32.0,200.0,-10.0,396.0,1.98,0.54,50.0
2026-09-27T06:48:49.070,DEMO,DEMO,DEMO_MODE,247625ddc7d740c0bd9fbd7320f250ab,400.0,4.0,40.0,32.0,200.0,-10.0,396.0,1.98,0.54,50.0
2026-09-27T06:48:49.191,DEMO,DEMO,DEMO_MODE,247625ddc7d740c0bd9fbd7320f250ab,400.0,4.0,40.0,32.0,200.0,-10.0,396.0,1.98,0.54,50.0
2026-09-27T06:48:49.311,DEMO,DEMO,DEMO_MODE,247625ddc7d740c0bd9fbd7320f250ab,400.0,4.0,40.0,32.0,200.0,-10.0,396.0,1.98,0.54,50.0
2026-09-27T06:48:49.432,DEMO,DEMO,DEMO_MODE,247625ddc7d740c0bd9fbd7320f250ab,400.0,4.0,40.0,32.0,200.0,-10.0,396.0,1.98,0.54,50.0
2026-09-27T06:48:49.552,DEMO,DEMO,DEMO_MODE,247625ddc7d740c0bd9fbd7320f250ab,400.0,4.0,40.0,32.0,200.0,-10.0,396.0,1.98,0.54,50.0
2026-09-27T06:48:49.673,DEMO,DEMO,DEMO_MODE,247625ddc7d740c0bd9fbd7320f250ab,400.0,4.0,40.0,32.0,200.0,-10.0,396.0,1.98,0.54,50.0
2026-09-27T06:48:49.795,DEMO,DEMO,DEMO_MODE,247625ddc7d740c0bd9fbd7320f250ab,400.0,4.0,40.0,32.0,200.0,-10.0,396.0,1.98,0.54,50.0
2026-09-27T06:48:49.915,DEMO,DEMO,DEMO_MODE,247625ddc7d740c0bd9fbd7320f250ab,400.0,4.0,40.0,32.0,200.0,-10.0,396.0,1.98,0.54,50.0
2026-09-27T06:48:50.036,DEMO,DEMO,DEMO_MODE,247625ddc7d740c0bd9fbd7320f250ab,400.0,4.0,40.0,32.0,200.0,-10.0,396.0,1.98,0.54,50.0
2026-09-27T06:48:50.156,DEMO,DEMO,DEMO_MODE,247625ddc7d740c0bd9fbd7320f250ab,400.0,4.0,40.0,32.0,200.0,-10.0,396.0,1.98,0.54,50.0
2026-09-27T06:48:50.276,DEMO,DEMO,DEMO_MODE,247625ddc7d740c0bd9fbd7320f250ab,400.0,4.0,40.0,32.0,200.0,-10.0,396.0,1.98,0.54,50.0
2026-09-27T06:48:50.397,DEMO,DEMO,DEMO_MODE,247625ddc7d740c0bd9fbd7320f250ab,400.0,4.0,40.0,32.0,200.0,-10.0,396.0,1.98,0.54,50.0
2026-09-27T06:48:50.518,DEMO,DEMO,DEMO_MODE,247625ddc7d740c0bd9fbd7320f250ab,400.0,4.0,40.0,32.0,200.0,-10.0,396.0,1.98,0.54,50.0
2026-09-27T06:48:50.638,DEMO,DEMO,DEMO_MODE,247625ddc7d740c0bd9fbd7320f250ab,400.0,4.0,40.0,32.0,200.0,-10.0,396.0,1.98,0.54,50.0
2026-09-27T06:48:50.759,DEMO,DEMO,DEMO_MODE,247625ddc7d740c0bd9fbd7320f250ab,400.0,4.0,40.0,32.0,200.0,-10.0,396.0,1.98,0.54,50.0
2026-09-27T06:48:50.879,DEMO,DEMO,DEMO_MODE,247625ddc7d740c0bd9fbd7320f250ab,400.0,4.0,40.0,32.0,200.0,-10.0,396.0,1.98,0.54,50.0
2026-09-27T06:48:51.000,DEMO,DEMO,DEMO_MODE,247625ddc7d740c0bd9fbd7320f250ab,400.0,4.0,40.0,32.0,200.0,-10.0,396.0,1.98,0.54,50.0
2026-09-27T06:48:51.121,DEMO,DEMO,DEMO_MODE,247625ddc7d740c0bd9fbd7320f250ab,400.0,4.0,40.0,32.0,200.0,-10.0,396.0,1.98,0.54,50.0
2026-09-27T06:48:51.242,DEMO,DEMO,DEMO_MODE,247625ddc7d740c0bd9fbd7320f250ab,400.0,4.0,40.0,32.0,200.0,-10.0,396.0,1.98,0.54,50.0
2026-09-27T06:48:51.363,DEMO,DEMO,DEMO_MODE,247625ddc7d740c0bd9fbd7320f250ab,400.0,4.0,40.0,32.0,200.0,-10.0,396.0,1.98,0.54,50.0
2026-09-27T06:48:51.483,DEMO,DEMO,DEMO_MODE,247625ddc7d740c0bd9fbd7320f250ab,400.0,4.0,40.0,32.0,200.0,-10.0,396.0,1.98,0.54,50.0
2026-09-27T06:48:51.604,DEMO,DEMO,DEMO_MODE,247625ddc7d740c0bd9fbd7320f250ab,400.0,4.0,40.0,32.0,200.0,-10.0,396.0,1.98,0.54,50.0
2026-09-27T06:48:51.725,DEMO,DEMO,DEMO_MODE,247625ddc7d740c0bd9fbd7320f250ab,400.0,4.0,40.0,32.0,200.0,-10.0,396.0,1.98,0.54,50.0
2026-09-27T06:48:51.846,DEMO,DEMO,DEMO_MODE,247625ddc7d740c0bd9fbd7320f250ab,400.0,4.0,40.0,32.0,200.0,-10.0,396.0,1.98,0.54,50.0
2026-09-27T06:48:51.967,DEMO,DEMO,DEMO_MODE,247625ddc7d740c0bd9fbd7320f250ab,400.0,0.0,40.0,36.0,200.0,-10.0,400.0,2.0,0.54,50.0
2026-09-27T06:48:52.088,DEMO,DEMO,DEMO_MODE,247625ddc7d740c0bd9fbd7320f250ab,400.0,0.0,40.0,36.0,200.0,-10.0,400.0,2.0,0.54,50.0
2026-09-27T06:48:52.209,DEMO,DEMO,DEMO_MODE,247625ddc7d740c0bd9fbd7320f250ab,400.0,0.0,40.0,36.0,200.0,-10.0,400.0,2.0,0.54,50.0
2026-09-27T06:48:52.330,DEMO,DEMO,DEMO_MODE,247625ddc7d740c0bd9fbd7320f250ab,400.0,0.0,40.0,36.0,200.0,-10.0,400.0,2.0,0.54,50.0
2026-09-27T06:48:52.453,DEMO,DEMO,DEMO_MODE,247625ddc7d740c0bd9fbd7320f250ab,400.0,0.0,40.0,36.0,200.0,-10.0,400.0,2.0,0.54,50.0
2026-09-27T06:48:52.574,DEMO,DEMO,DEMO_MODE,247625ddc7d740c0bd9fbd7320f250ab,400.0,0.0,40.0,36.0,200.0,-10.0,400.0,2.0,0.54,50.0
2026-09-27T06:48:52.694,DEMO,DEMO,DEMO_MODE,247625ddc7d740c0bd9fbd7320f250ab,400.0,0.0,40.0,36.0,200.0,-10.0,400.0,2.0,0.54,50.0
2026-09-27T06:48:52.815,DEMO,DEMO,DEMO_MODE,247625ddc7d740c0bd9fbd7320f250ab,400.0,0.0,40.0,36.0,200.0,-10.0,400.0,2.0,0.54,50.0
2026-09-27T06:48:52.936,DEMO,DEMO,DEMO_MODE,247625ddc7d740c0bd9fbd7320f250ab,400.0,0.0,40.0,36.0,200.0,-10.0,400.0,2.0,0.54,50.0
2026-09-27T06:48:53.057,DEMO,DEMO,DEMO_MODE,247625ddc7d740c0bd9fbd7320f250ab,400.0,0.0,40.0,36.0,200.0,-10.0,400.0,2.0,0.54,50.0
2026-09-27T06:48:53.177,DEMO,DEMO,DEMO_MODE,247625ddc7d740c0bd9fbd7320f250ab,400.0,0.0,40.0,36.0,200.0,-10.0,400.0,2.0,0.54,50.0
2026-09-27T06:48:53.298,DEMO,DEMO,DEMO_MODE,247625ddc7d740c0bd9fbd7320f250ab,400.0,0.0,40.0,36.0,200.0,-10.0,400.0,2.0,0.54,50.0
2026-09-27T06:48:53.419,DEMO,DEMO,DEMO_MODE,247625ddc7d740c0bd9fbd7320f250ab,400.0,0.0,40.0,36.0,200.0,-10.0,400.0,2.0,0.54,50.0
2026-09-27T06:48:53.539,DEMO,DEMO,DEMO_MODE,247625ddc7d740c0bd9fbd7320f250ab,400.0,0.0,40.0,36.0,200.0,-10.0,400.0,2.0,0.54,50.0
2026-09-27T06:48:53.661,DEMO,DEMO,DEMO_MODE,247625ddc7d740c0bd9fbd7320f250ab,400.0,0.0,40.0,36.0,200.0,-10.0,400.0,2.0,0.54,50.0
2026-09-27T06:48:53.781,DEMO,DEMO,DEMO_MODE,247625ddc7d740c0bd9fbd7320f250ab,400.0,0.0,40.0,36.0,200.0,-10.0,400.0,2.0,0.54,50.0
2026-09-27T06:48:53.902,DEMO,DEMO,DEMO_MODE,247625ddc7d740c0bd9fbd7320f250ab,400.0,0.0,40.0,36.0,200.0,-10.0,400.0,2.0,0.54,50.0
2026-09-27T06:48:54.023,DEMO,DEMO,DEMO_MODE,247625ddc7d740c0bd9fbd7320f250ab,400.0,0.0,40.0,36.0,200.0,-10.0,400.0,2.0,0.54,50.0
2026-09-27T06:48:54.144,DEMO,DEMO,DEMO_MODE,247625ddc7d740c0bd9fbd7320f250ab,400.0,0.0,40.0,36.0,200.0,-10.0,400.0,2.0,0.54,50.0
2026-09-27T06:48:54.265,DEMO,DEMO,DEMO_MODE,247625ddc7d740c0bd9fbd7320f250ab,400.0,0.0,40.0,36.0,200.0,-10.0,400.0,2.0,0.54,50.0
2026-09-27T06:48:54.385,DEMO,DEMO,DEMO_MODE,247625ddc7d740c0bd9fbd7320f250ab,400.0,0.0,40.0,36.0,200.0,-10.0,400.0,2.0,0.54,50.0
2026-09-27T06:48:54.506,DEMO,DEMO,DEMO_MODE,247625ddc7d740c0bd9fbd7320f250ab,400.0,0.0,40.0,36.0,200.0,-10.0,400.0,2.0,0.54,50.0
2026-09-27T06:48:54.627,DEMO,DEMO,DEMO_MODE,247625ddc7d740c0bd9fbd7320f250ab,400.0,0.0,40.0,36.0,200.0,-10.0,400.0,2.0,0.54,50.0
2026-09-27T06:48:54.747,DEMO,DEMO,DEMO_MODE,247625ddc7d740c0bd9fbd7320f250ab,400.0,0.0,40.0,36.0,200.0,-10.0,400.0,2.0,0.54,50.0
2026-09-27T06:48:54.868,DEMO,DEMO,DEMO_MODE,247625ddc7d740c0bd9fbd7320f250ab,400.0,0.0,40.0,36.0,200.0,-10.0,400.0,2.0,0.54,50.0
2026-09-27T06:48:54.989,DEMO,DEMO,DEMO_MODE,247625ddc7d740c0bd9fbd7320f250ab,400.0,0.0,40.0,36.0,200.0,-10.0,400.0,2.0,0.54,50.0
2026-09-27T06:48:55.110,DEMO,DEMO,DEMO_MODE,247625ddc7d740c0bd9fbd7320f250ab,400.0,0.0,40.0,36.0,200.0,-10.0,400.0,2.0,0.54,50.0
2026-09-27T06:48:55.231,DEMO,DEMO,DEMO_MODE,247625ddc7d740c0bd9fbd7320f250ab,400.0,0.0,40.0,36.0,200.0,-10.0,400.0,2.0,0.54,50.0
2026-09-27T06:48:55.352,DEMO,DEMO,DEMO_MODE,247625ddc7d740c0bd9fbd7320f250ab,400.0,0.0,40.0,36.0,200.0,-10.0,400.0,2.0,0.54,50.0
2026-09-27T06:48:55.472,DEMO,DEMO,DEMO_MODE,247625ddc7d740c0bd9fbd7320f250ab,400.0,0.0,40.0,36.0,200.0,-10.0,400.0,2.0,0.54,50.0
2026-09-27T06:48:55.593,DEMO,DEMO,DEMO_MODE,247625ddc7d740c0bd9fbd7320f250ab,400.0,0.0,40.0,36.0,200.0,-10.0,400.0,2.0,0.54,50.0
2026-09-27T06:48:55.713,DEMO,DEMO,DEMO_MODE,247625ddc7d740c0bd9fbd7320f250ab,400.0,0.0,40.0,36.0,200.0,-10.0,400.0,2.0,0.54,50.0
2026-09-27T06:48:55.834,DEMO,DEMO,DEMO_MODE,247625ddc7d740c0bd9fbd7320f250ab,400.0,0.0,40.0,36.0,200.0,-10.0,400.0,2.0,0.54,50.0
2026-09-27T06:48:55.955,DEMO,DEMO,DEMO_MODE,247625ddc7d740c0bd9fbd7320f250ab,400.0,0.0,40.0,36.0,200.0,-10.0,400.0,2.0,0.54,50.0
2026-09-27T06:48:56.076,DEMO,DEMO,DEMO_MODE,247625ddc7d740c0bd9fbd7320f250ab,400.0,0.0,40.0,36.0,200.0,-10.0,400.0,2.0,0.54,50.0
2026-09-27T06:48:56.198,DEMO,DEMO,DEMO_MODE,247625ddc7d740c0bd9fbd7320f250ab,400.0,0.0,40.0,36.0,200.0,-10.0,400.0,2.0,0.54,50.0
2026-09-27T06:48:56.318,DEMO,DEMO,DEMO_MODE,247625ddc7d740c0bd9fbd7320f250ab,400.0,0.0,40.0,36.0,200.0,-10.0,400.0,2.0,0.54,50.0
2026-09-27T06:48:56.439,DEMO,DEMO,DEMO_MODE,247625ddc7d740c0bd9fbd7320f250ab,400.0,0.0,40.0,36.0,200.0,-10.0,400.0,2.0,0.54,50.0
2026-09-27T06:48:56.560,DEMO,DEMO,DEMO_MODE,247625ddc7d740c0bd9fbd7320f250ab,400.0,0.0,40.0,36.0,200.0,-10.0,400.0,2.0,0.54,50.0
2026-09-27T06:48:56.682,DEMO,DEMO,DEMO_MODE,247625ddc7d740c0bd9fbd7320f250ab,400.0,0.0,40.0,36.0,200.0,-10.0,400.0,2.0,0.54,50.0
2026-09-27T06:48:56.802,DEMO,DEMO,DEMO_MODE,247625ddc7d740c0bd9fbd7320f250ab,400.0,0.0,40.0,36.0,200.0,-10.0,400.0,2.0,0.54,50.0
2026-09-27T06:48:56.923,DEMO,DEMO,DEMO_MODE,247625ddc7d740c0bd9fbd7320f250ab,400.0,0.0,40.0,36.0,200.0,-10.0,400.0,2.0,0.54,50.0
2026-09-27T06:48:57.044,DEMO,DEMO,DEMO_MODE,247625ddc7d740c0bd9fbd7320f250ab,500.0,0.0,50.0,40.0,250.0,0.0,500.0,2.0,0.54,50.0
2026-09-27T06:48:57.164,DEMO,DEMO,DEMO_MODE,247625ddc7d740c0bd9fbd7320f250ab,500.0,0.0,50.0,40.0,250.0,0.0,500.0,2.0,0.54,50.0
2026-09-27T06:48:57.285,DEMO,DEMO,DEMO_MODE,247625ddc7d740c0bd9fbd7320f250ab,500.0,0.0,50.0,40.0,250.0,0.0,500.0,2.0,0.54,50.0
2026-09-27T06:48:57.406,DEMO,DEMO,DEMO_MODE,247625ddc7d740c0bd9fbd7320f250ab,500.0,0.0,50.0,40.0,250.0,0.0,500.0,2.0,0.54,50.0
2026-09-27T06:48:57.526,DEMO,DEMO,DEMO_MODE,247625ddc7d740c0bd9fbd7320f250ab,500.0,0.0,50.0,40.0,250.0,0.0,500.0,2.0,0.54,50.0
2026-09-27T06:48:57.647,DEMO,DEMO,DEMO_MODE,247625ddc7d740c0bd9fbd7320f250ab,500.0,0.0,50.0,40.0,250.0,0.0,500.0,2.0,0.54,50.0
2026-09-27T06:48:57.768,DEMO,DEMO,DEMO_MODE,247625ddc7d740c0bd9fbd7320f250ab,500.0,0.0,50.0,40.0,250.0,0.0,500.0,2.0,0.54,50.0
2026-09-27T06:48:57.888,DEMO,DEMO,DEMO_MODE,247625ddc7d740c0bd9fbd7320f250ab,500.0,0.0,50.0,40.0,250.0,0.0,500.0,2.0,0.54,50.0
2026-09-27T06:48:58.009,DEMO,DEMO,DEMO_MODE,247625ddc7d740c0bd9fbd7320f250ab,500.0,0.0,50.0,40.0,250.0,0.0,500.0,2.0,0.54,50.0
2026-09-27T06:48:58.129,DEMO,DEMO,DEMO_MODE,247625ddc7d740c0bd9fbd7320f250ab,500.0,0.0,50.0,40.0,250.0,0.0,500.0,2.0,0.54,50.0
2026-09-27T06:48:58.250,DEMO,DEMO,DEMO_MODE,247625ddc7d740c0bd9fbd7320f250ab,500.0,0.0,50.0,40.0,250.0,0.0,500.0,2.0,0.54,50.0
2026-09-27T06:48:58.371,DEMO,DEMO,DEMO_MODE,247625ddc7d740c0bd9fbd7320f250ab,500.0,0.0,50.0,40.0,250.0,0.0,500.0,2.0,0.54,50.0
2026-09-27T06:48:58.492,DEMO,DEMO,DEMO_MODE,247625ddc7d740c0bd9fbd7320f250ab,500.0,0.0,50.0,40.0,250.0,0.0,500.0,2.0,0.54,50.0
2026-09-27T06:48:58.612,DEMO,DEMO,DEMO_MODE,247625ddc7d740c0bd9fbd7320f250ab,500.0,0.0,50.0,40.0,250.0,0.0,500.0,2.0,0.54,50.0
2026-09-27T06:48:58.734,DEMO,DEMO,DEMO_MODE,247625ddc7d740c0bd9fbd7320f250ab,500.0,0.0,50.0,40.0,250.0,0.0,500.0,2.0,0.54,50.0
2026-09-27T06:48:58.855,DEMO,DEMO,DEMO_MODE,247625ddc7d740c0bd9fbd7320f250ab,500.0,0.0,50.0,40.0,250.0,0.0,500.0,2.0,0.54,50.0
2026-09-27T06:48:58.976,DEMO,DEMO,DEMO_MODE,247625ddc7d740c0bd9fbd7320f250ab,500.0,0.0,50.0,40.0,250.0,0.0,500.0,2.0,0.54,50.0
2026-09-27T06:48:59.097,DEMO,DEMO,DEMO_MODE,247625ddc7d740c0bd9fbd7320f250ab,500.0,0.0,50.0,40.0,250.0,0.0,500.0,2.0,0.54,50.0
2026-09-27T06:48:59.218,DEMO,DEMO,DEMO_MODE,247625ddc7d740c0bd9fbd7320f250ab,500.0,0.0,50.0,40.0,250.0,0.0,500.0,2.0,0.54,50.0
2026-09-27T06:48:59.339,DEMO,DEMO,DEMO_MODE,247625ddc7d740c0bd9fbd7320f250ab,500.0,0.0,50.0,40.0,250.0,0.0,500.0,2.0,0.54,50.0
2026-09-27T06:48:59.460,DEMO,DEMO,DEMO_MODE,247625ddc7d740c0bd9fbd7320f250ab,500.0,0.0,50.0,40.0,250.0,0.0,500.0,2.0,0.54,50.0
2026-09-27T06:48:59.581,DEMO,DEMO,DEMO_MODE,247625ddc7d740c0bd9fbd7320f250ab,500.0,0.0,50.0,40.0,250.0,0.0,500.0,2.0,0.54,50.0
2026-09-27T06:48:59.702,DEMO,DEMO,DEMO_MODE,247625ddc7d740c0bd9fbd7320f250ab,500.0,0.0,50.0,40.0,250.0,0.0,500.0,2.0,0.54,50.0
2026-09-27T06:48:59.823,DEMO,DEMO,DEMO_MODE,247625ddc7d740c0bd9fbd7320f250ab,500.0,0.0,50.0,40.0,250.0,0.0,500.0,2.0,0.54,50.0
2026-09-27T06:48:59.943,DEMO,DEMO,DEMO_MODE,247625ddc7d740c0bd9fbd7320f250ab,500.0,0.0,50.0,40.0,250.0,0.0,500.0,2.0,0.54,50.0
2026-09-27T06:49:00.065,DEMO,DEMO,DEMO_MODE,247625ddc7d740c0bd9fbd7320f250ab,500.0,0.0,50.0,40.0,250.0,0.0,500.0,2.0,0.54,50.0
2026-09-27T06:49:00.185,DEMO,DEMO,DEMO_MODE,247625ddc7d740c0bd9fbd7320f250ab,500.0,0.0,50.0,40.0,250.0,0.0,500.0,2.0,0.54,50.0
2026-09-27T06:49:00.306,DEMO,DEMO,DEMO_MODE,247625ddc7d740c0bd9fbd7320f250ab,500.0,0.0,50.0,40.0,250.0,0.0,500.0,2.0,0.54,50.0
2026-09-27T06:49:00.427,DEMO,DEMO,DEMO_MODE,247625ddc7d740c0bd9fbd7320f250ab,500.0,0.0,50.0,40.0,250.0,0.0,500.0,2.0,0.54,50.0
2026-09-27T06:49:00.548,DEMO,DEMO,DEMO_MODE,247625ddc7d740c0bd9fbd7320f250ab,500.0,0.0,50.0,40.0,250.0,0.0,500.0,2.0,0.54,50.0
2026-09-27T06:49:00.669,DEMO,DEMO,DEMO_MODE,247625ddc7d740c0bd9fbd7320f250ab,500.0,0.0,50.0,40.0,250.0,0.0,500.0,2.0,0.54,50.0
2026-09-27T06:49:00.789,DEMO,DEMO,DEMO_MODE,247625ddc7d740c0bd9fbd7320f250ab,500.0,0.0,50.0,40.0,250.0,0.0,500.0,2.0,0.54,50.0
2026-09-27T06:49:00.910,DEMO,DEMO,DEMO_MODE,247625ddc7d740c0bd9fbd7320f250ab,500.0,0.0,50.0,40.0,250.0,0.0,500.0,2.0,0.54,50.0
2026-09-27T06:49:01.030,DEMO,DEMO,DEMO_MODE,247625ddc7d740c0bd9fbd7320f250ab,500.0,1.0,50.0,40.0,250.0,0.0,499.0,1.996,0.54,50.0
2026-09-27T06:49:01.151,DEMO,DEMO,DEMO_MODE,247625ddc7d740c0bd9fbd7320f250ab,500.0,1.0,50.0,40.0,250.0,0.0,499.0,1.996,0.54,50.0
2026-09-27T06:49:01.272,DEMO,DEMO,DEMO_MODE,247625ddc7d740c0bd9fbd7320f250ab,500.0,1.0,50.0,40.0,250.0,0.0,499.0,1.996,0.54,50.0
2026-09-27T06:49:01.392,DEMO,DEMO,DEMO_MODE,247625ddc7d740c0bd9fbd7320f250ab,500.0,1.0,50.0,40.0,250.0,0.0,499.0,1.996,0.54,50.0
2026-09-27T06:49:01.513,DEMO,DEMO,DEMO_MODE,247625ddc7d740c0bd9fbd7320f250ab,500.0,1.0,50.0,40.0,250.0,0.0,499.0,1.996,0.54,50.0
2026-09-27T06:49:01.634,DEMO,DEMO,DEMO_MODE,247625ddc7d740c0bd9fbd7320f250ab,500.0,1.0,50.0,40.0,250.0,0.0,499.0,1.996,0.54,50.0
2026-09-27T06:49:01.754,DEMO,DEMO,DEMO_MODE,247625ddc7d740c0bd9fbd7320f250ab,500.0,1.0,50.0,40.0,250.0,0.0,499.0,1.996,0.54,50.0
2026-09-27T06:49:01.875,DEMO,DEMO,DEMO_MODE,247625ddc7d740c0bd9fbd7320f250ab,500.0,1.0,50.0,40.0,250.0,0.0,499.0,1.996,0.54,50.0
2026-09-27T06:49:01.995,DEMO,DEMO,DEMO_MODE,247625ddc7d740c0bd9fbd7320f250ab,500.0,1.0,50.0,40.0,250.0,0.0,499.0,1.996,0.54,50.0
2026-09-27T06:49:02.116,DEMO,DEMO,DEMO_MODE,247625ddc7d740c0bd9fbd7320f250ab,500.0,1.0,50.0,44.0,250.0,0.0,499.0,1.996,0.54,50.0
2026-09-27T06:49:02.238,DEMO,DEMO,DEMO_MODE,247625ddc7d740c0bd9fbd7320f250ab,500.0,1.0,50.0,44.0,250.0,0.0,499.0,1.996,0.54,50.0
2026-09-27T06:49:02.359,DEMO,DEMO,DEMO_MODE,247625ddc7d740c0bd9fbd7320f250ab,500.0,1.0,50.0,44.0,250.0,0.0,499.0,1.996,0.54,50.0
2026-09-27T06:49:02.479,DEMO,DEMO,DEMO_MODE,247625ddc7d740c0bd9fbd7320f250ab,500.0,1.0,50.0,44.0,250.0,0.0,499.0,1.996,0.54,50.0
2026-09-27T06:49:02.600,DEMO,DEMO,DEMO_MODE,247625ddc7d740c0bd9fbd7320f250ab,500.0,1.0,50.0,44.0,250.0,0.0,499.0,1.996,0.54,50.0
2026-09-27T06:49:02.721,DEMO,DEMO,DEMO_MODE,247625ddc7d740c0bd9fbd7320f250ab,500.0,1.0,50.0,44.0,250.0,0.0,499.0,1.996,0.54,50.0
2026-09-27T06:49:02.842,DEMO,DEMO,DEMO_MODE,247625ddc7d740c0bd9fbd7320f250ab,500.0,1.0,50.0,44.0,250.0,0.0,499.0,1.996,0.54,50.0
2026-09-27T06:49:02.963,DEMO,DEMO,DEMO_MODE,247625ddc7d740c0bd9fbd7320f250ab,500.0,1.0,50.0,44.0,250.0,0.0,499.0,1.996,0.54,50.0
2026-09-27T06:49:03.084,DEMO,DEMO,DEMO_MODE,247625ddc7d740c0bd9fbd7320f250ab,500.0,1.0,50.0,44.0,250.0,0.0,499.0,1.996,0.54,50.0
2026-09-27T06:49:03.207,DEMO,DEMO,DEMO_MODE,247625ddc7d740c0bd9fbd7320f250ab,500.0,1.0,50.0,44.0,250.0,0.0,499.0,1.996,0.54,50.0
2026-09-27T06:49:03.327,DEMO,DEMO,DEMO_MODE,247625ddc7d740c0bd9fbd7320f250ab,500.0,1.0,50.0,44.0,250.0,0.0,499.0,1.996,0.54,50.0
2026-09-27T06:49:03.448,DEMO,DEMO,DEMO_MODE,247625ddc7d740c0bd9fbd7320f250ab,500.0,1.0,50.0,44.0,250.0,0.0,499.0,1.996,0.54,50.0
2026-09-27T06:49:03.572,DEMO,DEMO,DEMO_MODE,247625ddc7d740c0bd9fbd7320f250ab,500.0,1.0,50.0,44.0,250.0,0.0,499.0,1.996,0.54,50.0
2026-09-27T06:49:03.693,DEMO,DEMO,DEMO_MODE,247625ddc7d740c0bd9fbd7320f250ab,500.0,1.0,50.0,44.0,250.0,0.0,499.0,1.996,0.54,50.0
2026-09-27T06:49:03.813,DEMO,DEMO,DEMO_MODE,247625ddc7d740c0bd9fbd7320f250ab,500.0,1.0,50.0,44.0,250.0,0.0,499.0,1.996,0.54,50.0
2026-09-27T06:49:03.934,DEMO,DEMO,DEMO_MODE,247625ddc7d740c0bd9fbd7320f250ab,500.0,1.0,50.0,44.0,250.0,0.0,499.0,1.996,0.54,50.0
2026-09-27T06:49:04.054,DEMO,DEMO,DEMO_MODE,247625ddc7d740c0bd9fbd7320f250ab,500.0,1.0,50.0,44.0,250.0,0.0,499.0,1.996,0.54,50.0
2026-09-27T06:49:04.175,DEMO,DEMO,DEMO_MODE,247625ddc7d740c0bd9fbd7320f250ab,500.0,1.0,50.0,44.0,250.0,0.0,499.0,1.996,0.54,50.0
2026-09-27T06:49:04.296,DEMO,DEMO,DEMO_MODE,247625ddc7d740c0bd9fbd7320f250ab,500.0,1.0,50.0,44.0,250.0,0.0,499.0,1.996,0.54,50.0
2026-09-27T06:49:04.417,DEMO,DEMO,DEMO_MODE,247625ddc7d740c0bd9fbd7320f250ab,500.0,1.0,50.0,44.0,250.0,0.0,499.0,1.996,0.54,50.0
2026-09-27T06:49:04.538,DEMO,DEMO,DEMO_MODE,247625ddc7d740c0bd9fbd7320f250ab,500.0,1.0,50.0,44.0,250.0,0.0,499.0,1.996,0.54,50.0
2026-09-27T06:49:04.659,DEMO,DEMO,DEMO_MODE,247625ddc7d740c0bd9fbd7320f250ab,500.0,1.0,50.0,44.0,250.0,0.0,499.0,1.996,0.54,50.0
2026-09-27T06:49:04.780,DEMO,DEMO,DEMO_MODE,247625ddc7d740c0bd9fbd7320f250ab,500.0,1.0,50.0,44.0,250.0,0.0,499.0,1.996,0.54,50.0
2026-09-27T06:49:04.901,DEMO,DEMO,DEMO_MODE,247625ddc7d740c0bd9fbd7320f250ab,500.0,1.0,50.0,44.0,250.0,0.0,499.0,1.996,0.54,50.0
2026-09-27T06:49:05.021,DEMO,DEMO,DEMO_MODE,247625ddc7d740c0bd9fbd7320f250ab,500.0,1.0,50.0,44.0,250.0,0.0,499.0,1.996,0.54,50.0
2026-09-27T06:49:05.142,DEMO,DEMO,DEMO_MODE,247625ddc7d740c0bd9fbd7320f250ab,500.0,1.0,50.0,44.0,250.0,0.0,499.0,1.996,0.54,50.0
2026-09-27T06:49:05.262,DEMO,DEMO,DEMO_MODE,247625ddc7d740c0bd9fbd7320f250ab,500.0,1.0,50.0,44.0,250.0,0.0,499.0,1.996,0.54,50.0
2026-09-27T06:49:05.382,DEMO,DEMO,DEMO_MODE,247625ddc7d740c0bd9fbd7320f250ab,500.0,1.0,50.0,44.0,250.0,0.0,499.0,1.996,0.54,50.0
2026-09-27T06:49:05.503,DEMO,DEMO,DEMO_MODE,247625ddc7d740c0bd9fbd7320f250ab,500.0,1.0,50.0,44.0,250.0,0.0,499.0,1.996,0.54,50.0
2026-09-27T06:49:05.624,DEMO,DEMO,DEMO_MODE,247625ddc7d740c0bd9fbd7320f250ab,500.0,1.0,50.0,44.0,250.0,0.0,499.0,1.996,0.54,50.0
2026-09-27T06:49:05.744,DEMO,DEMO,DEMO_MODE,247625ddc7d740c0bd9fbd7320f250ab,500.0,1.0,50.0,44.0,250.0,0.0,499.0,1.996,0.54,50.0
2026-09-27T06:49:05.865,DEMO,DEMO,DEMO_MODE,247625ddc7d740c0bd9fbd7320f250ab,500.0,1.0,50.0,44.0,250.0,0.0,499.0,1.996,0.54,50.0
2026-09-27T06:49:05.986,DEMO,DEMO,DEMO_MODE,247625ddc7d740c0bd9fbd7320f250ab,500.0,1.0,50.0,44.0,250.0,0.0,499.0,1.996,0.54,50.0
2026-09-27T06:49:06.107,DEMO,DEMO,DEMO_MODE,247625ddc7d740c0bd9fbd7320f250ab,500.0,1.0,50.0,44.0,250.0,0.0,499.0,1.996,0.54,50.0
2026-09-27T06:49:06.228,DEMO,DEMO,DEMO_MODE,247625ddc7d740c0bd9fbd7320f250ab,500.0,1.0,50.0,44.0,250.0,0.0,499.0,1.996,0.54,50.0
2026-09-27T06:49:06.349,DEMO,DEMO,DEMO_MODE,247625ddc7d740c0bd9fbd7320f250ab,500.0,1.0,50.0,44.0,250.0,0.0,499.0,1.996,0.54,50.0
2026-09-27T06:49:06.470,DEMO,DEMO,DEMO_MODE,247625ddc7d740c0bd9fbd7320f250ab,500.0,1.0,50.0,44.0,250.0,0.0,499.0,1.996,0.54,50.0
2026-09-27T06:49:06.591,DEMO,DEMO,DEMO_MODE,247625ddc7d740c0bd9fbd7320f250ab,500.0,1.0,50.0,44.0,250.0,0.0,499.0,1.996,0.54,50.0
2026-09-27T06:49:06.711,DEMO,DEMO,DEMO_MODE,247625ddc7d740c0bd9fbd7320f250ab,500.0,1.0,50.0,44.0,250.0,0.0,499.0,1.996,0.54,50.0
2026-09-27T06:49:06.832,DEMO,DEMO,DEMO_MODE,247625ddc7d740c0bd9fbd7320f250ab,500.0,1.0,50.0,44.0,250.0,0.0,499.0,1.996,0.54,50.0
2026-09-27T06:49:06.954,DEMO,DEMO,DEMO_MODE,247625ddc7d740c0bd9fbd7320f250ab,500.0,1.0,50.0,44.0,250.0,0.0,499.0,1.996,0.54,50.0
2026-09-27T06:49:07.074,DEMO,DEMO,DEMO_MODE,247625ddc7d740c0bd9fbd7320f250ab,600.0,1.0,60.0,48.0,300.0,10.0,599.0,1.9966666666666666,0.54,50.0
2026-09-27T06:49:07.195,DEMO,DEMO,DEMO_MODE,247625ddc7d740c0bd9fbd7320f250ab,600.0,1.0,60.0,48.0,300.0,10.0,599.0,1.9966666666666666,0.54,50.0
2026-09-27T06:49:07.315,DEMO,DEMO,DEMO_MODE,247625ddc7d740c0bd9fbd7320f250ab,600.0,1.0,60.0,48.0,300.0,10.0,599.0,1.9966666666666666,0.54,50.0
2026-09-27T06:49:07.436,DEMO,DEMO,DEMO_MODE,247625ddc7d740c0bd9fbd7320f250ab,600.0,1.0,60.0,48.0,300.0,10.0,599.0,1.9966666666666666,0.54,50.0
2026-09-27T06:49:07.557,DEMO,DEMO,DEMO_MODE,247625ddc7d740c0bd9fbd7320f250ab,600.0,1.0,60.0,48.0,300.0,10.0,599.0,1.9966666666666666,0.54,50.0
2026-09-27T06:49:07.677,DEMO,DEMO,DEMO_MODE,247625ddc7d740c0bd9fbd7320f250ab,600.0,1.0,60.0,48.0,300.0,10.0,599.0,1.9966666666666666,0.54,50.0
2026-09-27T06:49:07.798,DEMO,DEMO,DEMO_MODE,247625ddc7d740c0bd9fbd7320f250ab,600.0,1.0,60.0,48.0,300.0,10.0,599.0,1.9966666666666666,0.54,50.0
2026-09-27T06:49:07.920,DEMO,DEMO,DEMO_MODE,247625ddc7d740c0bd9fbd7320f250ab,600.0,1.0,60.0,48.0,300.0,10.0,599.0,1.9966666666666666,0.54,50.0
2026-09-27T06:49:08.041,DEMO,DEMO,DEMO_MODE,247625ddc7d740c0bd9fbd7320f250ab,600.0,1.0,60.0,48.0,300.0,10.0,599.0,1.9966666666666666,0.54,50.0
2026-09-27T06:49:08.161,DEMO,DEMO,DEMO_MODE,247625ddc7d740c0bd9fbd7320f250ab,600.0,1.0,60.0,48.0,300.0,10.0,599.0,1.9966666666666666,0.54,50.0
2026-09-27T06:49:08.281,DEMO,DEMO,DEMO_MODE,247625ddc7d740c0bd9fbd7320f250ab,600.0,1.0,60.0,48.0,300.0,10.0,599.0,1.9966666666666666,0.54,50.0
2026-09-27T06:49:08.402,DEMO,DEMO,DEMO_MODE,247625ddc7d740c0bd9fbd7320f250ab,600.0,1.0,60.0,48.0,300.0,10.0,599.0,1.9966666666666666,0.54,50.0
2026-09-27T06:49:08.522,DEMO,DEMO,DEMO_MODE,247625ddc7d740c0bd9fbd7320f250ab,600.0,1.0,60.0,48.0,300.0,10.0,599.0,1.9966666666666666,0.54,50.0
2026-09-27T06:49:08.643,DEMO,DEMO,DEMO_MODE,247625ddc7d740c0bd9fbd7320f250ab,600.0,1.0,60.0,48.0,300.0,10.0,599.0,1.9966666666666666,0.54,50.0
2026-09-27T06:49:08.763,DEMO,DEMO,DEMO_MODE,247625ddc7d740c0bd9fbd7320f250ab,600.0,1.0,60.0,48.0,300.0,10.0,599.0,1.9966666666666666,0.54,50.0
2026-09-27T06:49:08.884,DEMO,DEMO,DEMO_MODE,247625ddc7d740c0bd9fbd7320f250ab,600.0,1.0,60.0,48.0,300.0,10.0,599.0,1.9966666666666666,0.54,50.0
2026-09-27T06:49:09.004,DEMO,DEMO,DEMO_MODE,247625ddc7d740c0bd9fbd7320f250ab,600.0,1.0,60.0,48.0,300.0,10.0,599.0,1.9966666666666666,0.54,50.0
2026-09-27T06:49:09.126,DEMO,DEMO,DEMO_MODE,247625ddc7d740c0bd9fbd7320f250ab,600.0,1.0,60.0,48.0,300.0,10.0,599.0,1.9966666666666666,0.54,50.0
2026-09-27T06:49:09.247,DEMO,DEMO,DEMO_MODE,247625ddc7d740c0bd9fbd7320f250ab,600.0,1.0,60.0,48.0,300.0,10.0,599.0,1.9966666666666666,0.54,50.0
2026-09-27T06:49:09.368,DEMO,DEMO,DEMO_MODE,247625ddc7d740c0bd9fbd7320f250ab,600.0,1.0,60.0,48.0,300.0,10.0,599.0,1.9966666666666666,0.54,50.0
2026-09-27T06:49:09.488,DEMO,DEMO,DEMO_MODE,247625ddc7d740c0bd9fbd7320f250ab,600.0,1.0,60.0,48.0,300.0,10.0,599.0,1.9966666666666666,0.54,50.0
2026-09-27T06:49:09.609,DEMO,DEMO,DEMO_MODE,247625ddc7d740c0bd9fbd7320f250ab,600.0,1.0,60.0,48.0,300.0,10.0,599.0,1.9966666666666666,0.54,50.0
2026-09-27T06:49:09.729,DEMO,DEMO,DEMO_MODE,247625ddc7d740c0bd9fbd7320f250ab,600.0,1.0,60.0,48.0,300.0,10.0,599.0,1.9966666666666666,0.54,50.0
2026-09-27T06:49:09.850,DEMO,DEMO,DEMO_MODE,247625ddc7d740c0bd9fbd7320f250ab,600.0,1.0,60.0,48.0,300.0,10.0,599.0,1.9966666666666666,0.54,50.0
2026-09-27T06:49:09.971,DEMO,DEMO,DEMO_MODE,247625ddc7d740c0bd9fbd7320f250ab,600.0,1.0,60.0,48.0,300.0,10.0,599.0,1.9966666666666666,0.54,50.0
2026-09-27T06:49:10.092,DEMO,DEMO,DEMO_MODE,247625ddc7d740c0bd9fbd7320f250ab,600.0,2.0,60.0,48.0,300.0,10.0,598.0,1.9933333333333334,0.54,50.0
2026-09-27T06:49:10.212,DEMO,DEMO,DEMO_MODE,247625ddc7d740c0bd9fbd7320f250ab,600.0,2.0,60.0,48.0,300.0,10.0,598.0,1.9933333333333334,0.54,50.0
2026-09-27T06:49:10.333,DEMO,DEMO,DEMO_MODE,247625ddc7d740c0bd9fbd7320f250ab,600.0,2.0,60.0,48.0,300.0,10.0,598.0,1.9933333333333334,0.54,50.0
2026-09-27T06:49:10.453,DEMO,DEMO,DEMO_MODE,247625ddc7d740c0bd9fbd7320f250ab,600.0,2.0,60.0,48.0,300.0,10.0,598.0,1.9933333333333334,0.54,50.0
2026-09-27T06:49:10.574,DEMO,DEMO,DEMO_MODE,247625ddc7d740c0bd9fbd7320f250ab,600.0,2.0,60.0,48.0,300.0,10.0,598.0,1.9933333333333334,0.54,50.0
2026-09-27T06:49:10.694,DEMO,DEMO,DEMO_MODE,247625ddc7d740c0bd9fbd7320f250ab,600.0,2.0,60.0,48.0,300.0,10.0,598.0,1.9933333333333334,0.54,50.0
2026-09-27T06:49:10.815,DEMO,DEMO,DEMO_MODE,247625ddc7d740c0bd9fbd7320f250ab,600.0,2.0,60.0,48.0,300.0,10.0,598.0,1.9933333333333334,0.54,50.0
2026-09-27T06:49:10.936,DEMO,DEMO,DEMO_MODE,247625ddc7d740c0bd9fbd7320f250ab,600.0,2.0,60.0,48.0,300.0,10.0,598.0,1.9933333333333334,0.54,50.0
2026-09-27T06:49:11.057,DEMO,DEMO,DEMO_MODE,247625ddc7d740c0bd9fbd7320f250ab,600.0,2.0,60.0,48.0,300.0,10.0,598.0,1.9933333333333334,0.54,50.0
2026-09-27T06:49:11.178,DEMO,DEMO,DEMO_MODE,247625ddc7d740c0bd9fbd7320f250ab,600.0,2.0,60.0,48.0,300.0,10.0,598.0,1.9933333333333334,0.54,50.0
2026-09-27T06:49:11.299,DEMO,DEMO,DEMO_MODE,247625ddc7d740c0bd9fbd7320f250ab,600.0,2.0,60.0,48.0,300.0,10.0,598.0,1.9933333333333334,0.54,50.0
2026-09-27T06:49:11.419,DEMO,DEMO,DEMO_MODE,247625ddc7d740c0bd9fbd7320f250ab,600.0,2.0,60.0,48.0,300.0,10.0,598.0,1.9933333333333334,0.54,50.0
2026-09-27T06:49:11.540,DEMO,DEMO,DEMO_MODE,247625ddc7d740c0bd9fbd7320f250ab,600.0,2.0,60.0,48.0,300.0,10.0,598.0,1.9933333333333334,0.54,50.0
2026-09-27T06:49:11.660,DEMO,DEMO,DEMO_MODE,247625ddc7d740c0bd9fbd7320f250ab,600.0,2.0,60.0,48.0,300.0,10.0,598.0,1.9933333333333334,0.54,50.0
2026-09-27T06:49:11.780,DEMO,DEMO,DEMO_MODE,247625ddc7d740c0bd9fbd7320f250ab,600.0,2.0,60.0,48.0,300.0,10.0,598.0,1.9933333333333334,0.54,50.0
2026-09-27T06:49:11.901,DEMO,DEMO,DEMO_MODE,247625ddc7d740c0bd9fbd7320f250ab,600.0,2.0,60.0,48.0,300.0,10.0,598.0,1.9933333333333334,0.54,50.0
2026-09-27T06:49:12.022,DEMO,DEMO,DEMO_MODE,247625ddc7d740c0bd9fbd7320f250ab,600.0,2.0,60.0,48.0,300.0,10.0,598.0,1.9933333333333334,0.54,50.0
2026-09-27T06:49:12.142,DEMO,DEMO,DEMO_MODE,247625ddc7d740c0bd9fbd7320f250ab,600.0,2.0,60.0,52.0,300.0,10.0,598.0,1.9933333333333334,0.54,50.0
2026-09-27T06:49:12.262,DEMO,DEMO,DEMO_MODE,247625ddc7d740c0bd9fbd7320f250ab,600.0,2.0,60.0,52.0,300.0,10.0,598.0,1.9933333333333334,0.54,50.0
2026-09-27T06:49:12.383,DEMO,DEMO,DEMO_MODE,247625ddc7d740c0bd9fbd7320f250ab,600.0,2.0,60.0,52.0,300.0,10.0,598.0,1.9933333333333334,0.54,50.0
2026-09-27T06:49:12.503,DEMO,DEMO,DEMO_MODE,247625ddc7d740c0bd9fbd7320f250ab,600.0,2.0,60.0,52.0,300.0,10.0,598.0,1.9933333333333334,0.54,50.0
2026-09-27T06:49:12.624,DEMO,DEMO,DEMO_MODE,247625ddc7d740c0bd9fbd7320f250ab,600.0,2.0,60.0,52.0,300.0,10.0,598.0,1.9933333333333334,0.54,50.0
2026-09-27T06:49:12.745,DEMO,DEMO,DEMO_MODE,247625ddc7d740c0bd9fbd7320f250ab,600.0,2.0,60.0,52.0,300.0,10.0,598.0,1.9933333333333334,0.54,50.0
2026-09-27T06:49:12.866,DEMO,DEMO,DEMO_MODE,247625ddc7d740c0bd9fbd7320f250ab,600.0,2.0,60.0,52.0,300.0,10.0,598.0,1.9933333333333334,0.54,50.0
2026-09-27T06:49:12.986,DEMO,DEMO,DEMO_MODE,247625ddc7d740c0bd9fbd7320f250ab,600.0,2.0,60.0,52.0,300.0,10.0,598.0,1.9933333333333334,0.54,50.0
2026-09-27T06:49:13.107,DEMO,DEMO,DEMO_MODE,247625ddc7d740c0bd9fbd7320f250ab,600.0,2.0,60.0,52.0,300.0,10.0,598.0,1.9933333333333334,0.54,50.0
2026-09-27T06:49:13.227,DEMO,DEMO,DEMO_MODE,247625ddc7d740c0bd9fbd7320f250ab,600.0,2.0,60.0,52.0,300.0,10.0,598.0,1.9933333333333334,0.54,50.0
2026-09-27T06:49:13.349,DEMO,DEMO,DEMO_MODE,247625ddc7d740c0bd9fbd7320f250ab,600.0,2.0,60.0,52.0,300.0,10.0,598.0,1.9933333333333334,0.54,50.0
2026-09-27T06:49:13.469,DEMO,DEMO,DEMO_MODE,247625ddc7d740c0bd9fbd7320f250ab,600.0,2.0,60.0,52.0,300.0,10.0,598.0,1.9933333333333334,0.54,50.0
2026-09-27T06:49:13.590,DEMO,DEMO,DEMO_MODE,247625ddc7d740c0bd9fbd7320f250ab,600.0,2.0,60.0,52.0,300.0,10.0,598.0,1.9933333333333334,0.54,50.0
2026-09-27T06:49:13.712,DEMO,DEMO,DEMO_MODE,247625ddc7d740c0bd9fbd7320f250ab,600.0,2.0,60.0,52.0,300.0,10.0,598.0,1.9933333333333334,0.54,50.0
2026-09-27T06:49:13.833,DEMO,DEMO,DEMO_MODE,247625ddc7d740c0bd9fbd7320f250ab,600.0,2.0,60.0,52.0,300.0,10.0,598.0,1.9933333333333334,0.54,50.0
2026-09-27T06:49:13.954,DEMO,DEMO,DEMO_MODE,247625ddc7d740c0bd9fbd7320f250ab,600.0,2.0,60.0,52.0,300.0,10.0,598.0,1.9933333333333334,0.54,50.0
2026-09-27T06:49:14.074,DEMO,DEMO,DEMO_MODE,247625ddc7d740c0bd9fbd7320f250ab,600.0,2.0,60.0,52.0,300.0,10.0,598.0,1.9933333333333334,0.54,50.0
2026-09-27T06:49:14.195,DEMO,DEMO,DEMO_MODE,247625ddc7d740c0bd9fbd7320f250ab,600.0,2.0,60.0,52.0,300.0,10.0,598.0,1.9933333333333334,0.54,50.0
2026-09-27T06:49:14.316,DEMO,DEMO,DEMO_MODE,247625ddc7d740c0bd9fbd7320f250ab,600.0,2.0,60.0,52.0,300.0,10.0,598.0,1.9933333333333334,0.54,50.0
2026-09-27T06:49:14.437,DEMO,DEMO,DEMO_MODE,247625ddc7d740c0bd9fbd7320f250ab,600.0,2.0,60.0,52.0,300.0,10.0,598.0,1.9933333333333334,0.54,50.0
2026-09-27T06:49:14.558,DEMO,DEMO,DEMO_MODE,247625ddc7d740c0bd9fbd7320f250ab,600.0,2.0,60.0,52.0,300.0,10.0,598.0,1.9933333333333334,0.54,50.0
2026-09-27T06:49:14.679,DEMO,DEMO,DEMO_MODE,247625ddc7d740c0bd9fbd7320f250ab,600.0,2.0,60.0,52.0,300.0,10.0,598.0,1.9933333333333334,0.54,50.0
2026-09-27T06:49:14.799,DEMO,DEMO,DEMO_MODE,247625ddc7d740c0bd9fbd7320f250ab,600.0,2.0,60.0,52.0,300.0,10.0,598.0,1.9933333333333334,0.54,50.0
2026-09-27T06:49:14.919,DEMO,DEMO,DEMO_MODE,247625ddc7d740c0bd9fbd7320f250ab,600.0,2.0,60.0,52.0,300.0,10.0,598.0,1.9933333333333334,0.54,50.0
2026-09-27T06:49:15.040,DEMO,DEMO,DEMO_MODE,247625ddc7d740c0bd9fbd7320f250ab,600.0,2.0,60.0,52.0,300.0,10.0,598.0,1.9933333333333334,0.54,50.0
2026-09-27T06:49:15.160,DEMO,DEMO,DEMO_MODE,247625ddc7d740c0bd9fbd7320f250ab,600.0,2.0,60.0,52.0,300.0,10.0,598.0,1.9933333333333334,0.54,50.0
2026-09-27T06:49:15.281,DEMO,DEMO,DEMO_MODE,247625ddc7d740c0bd9fbd7320f250ab,600.0,2.0,60.0,52.0,300.0,10.0,598.0,1.9933333333333334,0.54,50.0
2026-09-27T06:49:15.401,DEMO,DEMO,DEMO_MODE,247625ddc7d740c0bd9fbd7320f250ab,600.0,2.0,60.0,52.0,300.0,10.0,598.0,1.9933333333333334,0.54,50.0
2026-09-27T06:49:15.522,DEMO,DEMO,DEMO_MODE,247625ddc7d740c0bd9fbd7320f250ab,600.0,2.0,60.0,52.0,300.0,10.0,598.0,1.9933333333333334,0.54,50.0
2026-09-27T06:49:15.643,DEMO,DEMO,DEMO_MODE,247625ddc7d740c0bd9fbd7320f250ab,600.0,2.0,60.0,52.0,300.0,10.0,598.0,1.9933333333333334,0.54,50.0
2026-09-27T06:49:15.763,DEMO,DEMO,DEMO_MODE,247625ddc7d740c0bd9fbd7320f250ab,600.0,2.0,60.0,52.0,300.0,10.0,598.0,1.9933333333333334,0.54,50.0
2026-09-27T06:49:15.884,DEMO,DEMO,DEMO_MODE,247625ddc7d740c0bd9fbd7320f250ab,600.0,2.0,60.0,52.0,300.0,10.0,598.0,1.9933333333333334,0.54,50.0
2026-09-27T06:49:16.005,DEMO,DEMO,DEMO_MODE,247625ddc7d740c0bd9fbd7320f250ab,600.0,2.0,60.0,52.0,300.0,10.0,598.0,1.9933333333333334,0.54,50.0
2026-09-27T06:49:16.125,DEMO,DEMO,DEMO_MODE,247625ddc7d740c0bd9fbd7320f250ab,600.0,2.0,60.0,52.0,300.0,10.0,598.0,1.9933333333333334,0.54,50.0
2026-09-27T06:49:16.246,DEMO,DEMO,DEMO_MODE,247625ddc7d740c0bd9fbd7320f250ab,600.0,2.0,60.0,52.0,300.0,10.0,598.0,1.9933333333333334,0.54,50.0
2026-09-27T06:49:16.367,DEMO,DEMO,DEMO_MODE,247625ddc7d740c0bd9fbd7320f250ab,600.0,2.0,60.0,52.0,300.0,10.0,598.0,1.9933333333333334,0.54,50.0
2026-09-27T06:49:16.488,DEMO,DEMO,DEMO_MODE,247625ddc7d740c0bd9fbd7320f250ab,600.0,2.0,60.0,52.0,300.0,10.0,598.0,1.9933333333333334,0.54,50.0
2026-09-27T06:49:16.608,DEMO,DEMO,DEMO_MODE,247625ddc7d740c0bd9fbd7320f250ab,600.0,2.0,60.0,52.0,300.0,10.0,598.0,1.9933333333333334,0.54,50.0
2026-09-27T06:49:16.730,DEMO,DEMO,DEMO_MODE,247625ddc7d740c0bd9fbd7320f250ab,600.0,2.0,60.0,52.0,300.0,10.0,598.0,1.9933333333333334,0.54,50.0
2026-09-27T06:49:16.851,DEMO,DEMO,DEMO_MODE,247625ddc7d740c0bd9fbd7320f250ab,600.0,2.0,60.0,52.0,300.0,10.0,598.0,1.9933333333333334,0.54,50.0
2026-09-27T06:49:16.972,DEMO,DEMO,DEMO_MODE,247625ddc7d740c0bd9fbd7320f250ab,600.0,2.0,60.0,52.0,300.0,10.0,598.0,1.9933333333333334,0.54,50.0
2026-09-27T06:49:17.092,DEMO,DEMO,DEMO_MODE,247625ddc7d740c0bd9fbd7320f250ab,600.0,2.0,60.0,52.0,300.0,10.0,598.0,1.9933333333333334,0.54,50.0
2026-09-27T06:49:17.212,DEMO,DEMO,DEMO_MODE,247625ddc7d740c0bd9fbd7320f250ab,700.0,2.0,70.0,56.0,350.0,20.0,698.0,1.9942857142857142,0.54,50.0
2026-09-27T06:49:17.333,DEMO,DEMO,DEMO_MODE,247625ddc7d740c0bd9fbd7320f250ab,700.0,2.0,70.0,56.0,350.0,20.0,698.0,1.9942857142857142,0.54,50.0
2026-09-27T06:49:17.454,DEMO,DEMO,DEMO_MODE,247625ddc7d740c0bd9fbd7320f250ab,700.0,2.0,70.0,56.0,350.0,20.0,698.0,1.9942857142857142,0.54,50.0
2026-09-27T06:49:17.575,DEMO,DEMO,DEMO_MODE,247625ddc7d740c0bd9fbd7320f250ab,700.0,2.0,70.0,56.0,350.0,20.0,698.0,1.9942857142857142,0.54,50.0
2026-09-27T06:49:17.695,DEMO,DEMO,DEMO_MODE,247625ddc7d740c0bd9fbd7320f250ab,700.0,2.0,70.0,56.0,350.0,20.0,698.0,1.9942857142857142,0.54,50.0
2026-09-27T06:49:17.816,DEMO,DEMO,DEMO_MODE,247625ddc7d740c0bd9fbd7320f250ab,700.0,2.0,70.0,56.0,350.0,20.0,698.0,1.9942857142857142,0.54,50.0
2026-09-27T06:49:17.936,DEMO,DEMO,DEMO_MODE,247625ddc7d740c0bd9fbd7320f250ab,700.0,2.0,70.0,56.0,350.0,20.0,698.0,1.9942857142857142,0.54,50.0
2026-09-27T06:49:18.057,DEMO,DEMO,DEMO_MODE,247625ddc7d740c0bd9fbd7320f250ab,700.0,2.0,70.0,56.0,350.0,20.0,698.0,1.9942857142857142,0.54,50.0
2026-09-27T06:49:18.178,DEMO,DEMO,DEMO_MODE,247625ddc7d740c0bd9fbd7320f250ab,700.0,2.0,70.0,56.0,350.0,20.0,698.0,1.9942857142857142,0.54,50.0
2026-09-27T06:49:18.299,DEMO,DEMO,DEMO_MODE,247625ddc7d740c0bd9fbd7320f250ab,700.0,2.0,70.0,56.0,350.0,20.0,698.0,1.9942857142857142,0.54,50.0
2026-09-27T06:49:18.420,DEMO,DEMO,DEMO_MODE,247625ddc7d740c0bd9fbd7320f250ab,700.0,2.0,70.0,56.0,350.0,20.0,698.0,1.9942857142857142,0.54,50.0
2026-09-27T06:49:18.541,DEMO,DEMO,DEMO_MODE,247625ddc7d740c0bd9fbd7320f250ab,700.0,2.0,70.0,56.0,350.0,20.0,698.0,1.9942857142857142,0.54,50.0
2026-09-27T06:49:18.662,DEMO,DEMO,DEMO_MODE,247625ddc7d740c0bd9fbd7320f250ab,700.0,2.0,70.0,56.0,350.0,20.0,698.0,1.9942857142857142,0.54,50.0
2026-09-27T06:49:18.782,DEMO,DEMO,DEMO_MODE,247625ddc7d740c0bd9fbd7320f250ab,700.0,2.0,70.0,56.0,350.0,20.0,698.0,1.9942857142857142,0.54,50.0
2026-09-27T06:49:18.902,DEMO,DEMO,DEMO_MODE,247625ddc7d740c0bd9fbd7320f250ab,700.0,2.0,70.0,56.0,350.0,20.0,698.0,1.9942857142857142,0.54,50.0
2026-09-27T06:49:19.023,DEMO,DEMO,DEMO_MODE,247625ddc7d740c0bd9fbd7320f250ab,700.0,2.0,70.0,56.0,350.0,20.0,698.0,1.9942857142857142,0.54,50.0
2026-09-27T06:49:19.144,DEMO,DEMO,DEMO_MODE,247625ddc7d740c0bd9fbd7320f250ab,700.0,3.0,70.0,56.0,350.0,20.0,697.0,1.9914285714285713,0.54,50.0
2026-09-27T06:49:19.265,DEMO,DEMO,DEMO_MODE,247625ddc7d740c0bd9fbd7320f250ab,700.0,3.0,70.0,56.0,350.0,20.0,697.0,1.9914285714285713,0.54,50.0
2026-09-27T06:49:19.386,DEMO,DEMO,DEMO_MODE,247625ddc7d740c0bd9fbd7320f250ab,700.0,3.0,70.0,56.0,350.0,20.0,697.0,1.9914285714285713,0.54,50.0
2026-09-27T06:49:19.507,DEMO,DEMO,DEMO_MODE,247625ddc7d740c0bd9fbd7320f250ab,700.0,3.0,70.0,56.0,350.0,20.0,697.0,1.9914285714285713,0.54,50.0
2026-09-27T06:49:19.628,DEMO,DEMO,DEMO_MODE,247625ddc7d740c0bd9fbd7320f250ab,700.0,3.0,70.0,56.0,350.0,20.0,697.0,1.9914285714285713,0.54,50.0
2026-09-27T06:49:19.748,DEMO,DEMO,DEMO_MODE,247625ddc7d740c0bd9fbd7320f250ab,700.0,3.0,70.0,56.0,350.0,20.0,697.0,1.9914285714285713,0.54,50.0
2026-09-27T06:49:19.868,DEMO,DEMO,DEMO_MODE,247625ddc7d740c0bd9fbd7320f250ab,700.0,3.0,70.0,56.0,350.0,20.0,697.0,1.9914285714285713,0.54,50.0
2026-09-27T06:49:19.989,DEMO,DEMO,DEMO_MODE,247625ddc7d740c0bd9fbd7320f250ab,700.0,3.0,70.0,56.0,350.0,20.0,697.0,1.9914285714285713,0.54,50.0
2026-09-27T06:49:20.110,DEMO,DEMO,DEMO_MODE,247625ddc7d740c0bd9fbd7320f250ab,700.0,3.0,70.0,56.0,350.0,20.0,697.0,1.9914285714285713,0.54,50.0
2026-09-27T06:49:20.231,DEMO,DEMO,DEMO_MODE,247625ddc7d740c0bd9fbd7320f250ab,700.0,3.0,70.0,56.0,350.0,20.0,697.0,1.9914285714285713,0.54,50.0
2026-09-27T06:49:20.352,DEMO,DEMO,DEMO_MODE,247625ddc7d740c0bd9fbd7320f250ab,700.0,3.0,70.0,56.0,350.0,20.0,697.0,1.9914285714285713,0.54,50.0
2026-09-27T06:49:20.472,DEMO,DEMO,DEMO_MODE,247625ddc7d740c0bd9fbd7320f250ab,700.0,3.0,70.0,56.0,350.0,20.0,697.0,1.9914285714285713,0.54,50.0
2026-09-27T06:49:20.593,DEMO,DEMO,DEMO_MODE,247625ddc7d740c0bd9fbd7320f250ab,700.0,3.0,70.0,56.0,350.0,20.0,697.0,1.9914285714285713,0.54,50.0
2026-09-27T06:49:20.713,DEMO,DEMO,DEMO_MODE,247625ddc7d740c0bd9fbd7320f250ab,700.0,3.0,70.0,56.0,350.0,20.0,697.0,1.9914285714285713,0.54,50.0
2026-09-27T06:49:20.834,DEMO,DEMO,DEMO_MODE,247625ddc7d740c0bd9fbd7320f250ab,700.0,3.0,70.0,56.0,350.0,20.0,697.0,1.9914285714285713,0.54,50.0
2026-09-27T06:49:20.954,DEMO,DEMO,DEMO_MODE,247625ddc7d740c0bd9fbd7320f250ab,700.0,3.0,70.0,56.0,350.0,20.0,697.0,1.9914285714285713,0.54,50.0
2026-09-27T06:49:21.074,DEMO,DEMO,DEMO_MODE,247625ddc7d740c0bd9fbd7320f250ab,700.0,3.0,70.0,56.0,350.0,20.0,697.0,1.9914285714285713,0.54,50.0
2026-09-27T06:49:21.196,DEMO,DEMO,DEMO_MODE,247625ddc7d740c0bd9fbd7320f250ab,700.0,3.0,70.0,56.0,350.0,20.0,697.0,1.9914285714285713,0.54,50.0
2026-09-27T06:49:21.316,DEMO,DEMO,DEMO_MODE,247625ddc7d740c0bd9fbd7320f250ab,700.0,3.0,70.0,56.0,350.0,20.0,697.0,1.9914285714285713,0.54,50.0
2026-09-27T06:49:21.437,DEMO,DEMO,DEMO_MODE,247625ddc7d740c0bd9fbd7320f250ab,700.0,3.0,70.0,56.0,350.0,20.0,697.0,1.9914285714285713,0.54,50.0
2026-09-27T06:49:21.558,DEMO,DEMO,DEMO_MODE,247625ddc7d740c0bd9fbd7320f250ab,700.0,3.0,70.0,56.0,350.0,20.0,697.0,1.9914285714285713,0.54,50.0
2026-09-27T06:49:21.678,DEMO,DEMO,DEMO_MODE,247625ddc7d740c0bd9fbd7320f250ab,700.0,3.0,70.0,56.0,350.0,20.0,697.0,1.9914285714285713,0.54,50.0
2026-09-27T06:49:21.799,DEMO,DEMO,DEMO_MODE,247625ddc7d740c0bd9fbd7320f250ab,700.0,3.0,70.0,56.0,350.0,20.0,697.0,1.9914285714285713,0.54,50.0
2026-09-27T06:49:21.920,DEMO,DEMO,DEMO_MODE,247625ddc7d740c0bd9fbd7320f250ab,700.0,3.0,70.0,56.0,350.0,20.0,697.0,1.9914285714285713,0.54,50.0
2026-09-27T06:49:22.040,DEMO,DEMO,DEMO_MODE,247625ddc7d740c0bd9fbd7320f250ab,700.0,3.0,70.0,56.0,350.0,20.0,697.0,1.9914285714285713,0.54,50.0
2026-09-27T06:49:22.161,DEMO,DEMO,DEMO_MODE,247625ddc7d740c0bd9fbd7320f250ab,700.0,3.0,70.0,60.0,350.0,20.0,697.0,1.9914285714285713,0.54,50.0
2026-09-27T06:49:22.282,DEMO,DEMO,DEMO_MODE,247625ddc7d740c0bd9fbd7320f250ab,700.0,3.0,70.0,60.0,350.0,20.0,697.0,1.9914285714285713,0.54,50.0
2026-09-27T06:49:22.402,DEMO,DEMO,DEMO_MODE,247625ddc7d740c0bd9fbd7320f250ab,700.0,3.0,70.0,60.0,350.0,20.0,697.0,1.9914285714285713,0.54,50.0
2026-09-27T06:49:22.523,DEMO,DEMO,DEMO_MODE,247625ddc7d740c0bd9fbd7320f250ab,700.0,3.0,70.0,60.0,350.0,20.0,697.0,1.9914285714285713,0.54,50.0
2026-09-27T06:49:22.643,DEMO,DEMO,DEMO_MODE,247625ddc7d740c0bd9fbd7320f250ab,700.0,3.0,70.0,60.0,350.0,20.0,697.0,1.9914285714285713,0.54,50.0
2026-09-27T06:49:22.765,DEMO,DEMO,DEMO_MODE,247625ddc7d740c0bd9fbd7320f250ab,700.0,3.0,70.0,60.0,350.0,20.0,697.0,1.9914285714285713,0.54,50.0
2026-09-27T06:49:22.886,DEMO,DEMO,DEMO_MODE,247625ddc7d740c0bd9fbd7320f250ab,700.0,3.0,70.0,60.0,350.0,20.0,697.0,1.9914285714285713,0.54,50.0
2026-09-27T06:49:23.006,DEMO,DEMO,DEMO_MODE,247625ddc7d740c0bd9fbd7320f250ab,700.0,3.0,70.0,60.0,350.0,20.0,697.0,1.9914285714285713,0.54,50.0
2026-09-27T06:49:23.127,DEMO,DEMO,DEMO_MODE,247625ddc7d740c0bd9fbd7320f250ab,700.0,3.0,70.0,60.0,350.0,20.0,697.0,1.9914285714285713,0.54,50.0
2026-09-27T06:49:23.248,DEMO,DEMO,DEMO_MODE,247625ddc7d740c0bd9fbd7320f250ab,700.0,3.0,70.0,60.0,350.0,20.0,697.0,1.9914285714285713,0.54,50.0
2026-09-27T06:49:23.368,DEMO,DEMO,DEMO_MODE,247625ddc7d740c0bd9fbd7320f250ab,700.0,3.0,70.0,60.0,350.0,20.0,697.0,1.9914285714285713,0.54,50.0
2026-09-27T06:49:23.489,DEMO,DEMO,DEMO_MODE,247625ddc7d740c0bd9fbd7320f250ab,700.0,3.0,70.0,60.0,350.0,20.0,697.0,1.9914285714285713,0.54,50.0
2026-09-27T06:49:23.610,DEMO,DEMO,DEMO_MODE,247625ddc7d740c0bd9fbd7320f250ab,700.0,3.0,70.0,60.0,350.0,20.0,697.0,1.9914285714285713,0.54,50.0
2026-09-27T06:49:23.730,DEMO,DEMO,DEMO_MODE,247625ddc7d740c0bd9fbd7320f250ab,700.0,3.0,70.0,60.0,350.0,20.0,697.0,1.9914285714285713,0.54,50.0
2026-09-27T06:49:23.851,DEMO,DEMO,DEMO_MODE,247625ddc7d740c0bd9fbd7320f250ab,700.0,3.0,70.0,60.0,350.0,20.0,697.0,1.9914285714285713,0.54,50.0
2026-09-27T06:49:23.976,DEMO,DEMO,DEMO_MODE,247625ddc7d740c0bd9fbd7320f250ab,700.0,3.0,70.0,60.0,350.0,20.0,697.0,1.9914285714285713,0.54,50.0
2026-09-27T06:49:24.097,DEMO,DEMO,DEMO_MODE,247625ddc7d740c0bd9fbd7320f250ab,700.0,3.0,70.0,60.0,350.0,20.0,697.0,1.9914285714285713,0.54,50.0
2026-09-27T06:49:24.217,DEMO,DEMO,DEMO_MODE,247625ddc7d740c0bd9fbd7320f250ab,700.0,3.0,70.0,60.0,350.0,20.0,697.0,1.9914285714285713,0.54,50.0
2026-09-27T06:49:24.338,DEMO,DEMO,DEMO_MODE,247625ddc7d740c0bd9fbd7320f250ab,700.0,3.0,70.0,60.0,350.0,20.0,697.0,1.9914285714285713,0.54,50.0
2026-09-27T06:49:24.459,DEMO,DEMO,DEMO_MODE,247625ddc7d740c0bd9fbd7320f250ab,700.0,3.0,70.0,60.0,350.0,20.0,697.0,1.9914285714285713,0.54,50.0
2026-09-27T06:49:24.579,DEMO,DEMO,DEMO_MODE,247625ddc7d740c0bd9fbd7320f250ab,700.0,3.0,70.0,60.0,350.0,20.0,697.0,1.9914285714285713,0.54,50.0
2026-09-27T06:49:24.700,DEMO,DEMO,DEMO_MODE,247625ddc7d740c0bd9fbd7320f250ab,700.0,3.0,70.0,60.0,350.0,20.0,697.0,1.9914285714285713,0.54,50.0
2026-09-27T06:49:24.820,DEMO,DEMO,DEMO_MODE,247625ddc7d740c0bd9fbd7320f250ab,700.0,3.0,70.0,60.0,350.0,20.0,697.0,1.9914285714285713,0.54,50.0
2026-09-27T06:49:24.941,DEMO,DEMO,DEMO_MODE,247625ddc7d740c0bd9fbd7320f250ab,700.0,3.0,70.0,60.0,350.0,20.0,697.0,1.9914285714285713,0.54,50.0
2026-09-27T06:49:25.062,DEMO,DEMO,DEMO_MODE,247625ddc7d740c0bd9fbd7320f250ab,700.0,3.0,70.0,60.0,350.0,20.0,697.0,1.9914285714285713,0.54,50.0
2026-09-27T06:49:25.183,DEMO,DEMO,DEMO_MODE,247625ddc7d740c0bd9fbd7320f250ab,700.0,3.0,70.0,60.0,350.0,20.0,697.0,1.9914285714285713,0.54,50.0
2026-09-27T06:49:25.303,DEMO,DEMO,DEMO_MODE,247625ddc7d740c0bd9fbd7320f250ab,700.0,3.0,70.0,60.0,350.0,20.0,697.0,1.9914285714285713,0.54,50.0
2026-09-27T06:49:25.424,DEMO,DEMO,DEMO_MODE,247625ddc7d740c0bd9fbd7320f250ab,700.0,3.0,70.0,60.0,350.0,20.0,697.0,1.9914285714285713,0.54,50.0
2026-09-27T06:49:25.544,DEMO,DEMO,DEMO_MODE,247625ddc7d740c0bd9fbd7320f250ab,700.0,3.0,70.0,60.0,350.0,20.0,697.0,1.9914285714285713,0.54,50.0
2026-09-27T06:49:25.665,DEMO,DEMO,DEMO_MODE,247625ddc7d740c0bd9fbd7320f250ab,700.0,3.0,70.0,60.0,350.0,20.0,697.0,1.9914285714285713,0.54,50.0
2026-09-27T06:49:25.785,DEMO,DEMO,DEMO_MODE,247625ddc7d740c0bd9fbd7320f250ab,700.0,3.0,70.0,60.0,350.0,20.0,697.0,1.9914285714285713,0.54,50.0
2026-09-27T06:49:25.907,DEMO,DEMO,DEMO_MODE,247625ddc7d740c0bd9fbd7320f250ab,700.0,3.0,70.0,60.0,350.0,20.0,697.0,1.9914285714285713,0.54,50.0
2026-09-27T06:49:26.027,DEMO,DEMO,DEMO_MODE,247625ddc7d740c0bd9fbd7320f250ab,700.0,3.0,70.0,60.0,350.0,20.0,697.0,1.9914285714285713,0.54,50.0
2026-09-27T06:49:26.148,DEMO,DEMO,DEMO_MODE,247625ddc7d740c0bd9fbd7320f250ab,700.0,3.0,70.0,60.0,350.0,20.0,697.0,1.9914285714285713,0.54,50.0
2026-09-27T06:49:26.268,DEMO,DEMO,DEMO_MODE,247625ddc7d740c0bd9fbd7320f250ab,700.0,3.0,70.0,60.0,350.0,20.0,697.0,1.9914285714285713,0.54,50.0
2026-09-27T06:49:26.389,DEMO,DEMO,DEMO_MODE,247625ddc7d740c0bd9fbd7320f250ab,700.0,3.0,70.0,60.0,350.0,20.0,697.0,1.9914285714285713,0.54,50.0
2026-09-27T06:49:26.510,DEMO,DEMO,DEMO_MODE,247625ddc7d740c0bd9fbd7320f250ab,700.0,3.0,70.0,60.0,350.0,20.0,697.0,1.9914285714285713,0.54,50.0
2026-09-27T06:49:26.630,DEMO,DEMO,DEMO_MODE,247625ddc7d740c0bd9fbd7320f250ab,700.0,3.0,70.0,60.0,350.0,20.0,697.0,1.9914285714285713,0.54,50.0
2026-09-27T06:49:26.751,DEMO,DEMO,DEMO_MODE,247625ddc7d740c0bd9fbd7320f250ab,700.0,3.0,70.0,60.0,350.0,20.0,697.0,1.9914285714285713,0.54,50.0
2026-09-27T06:49:26.871,DEMO,DEMO,DEMO_MODE,247625ddc7d740c0bd9fbd7320f250ab,700.0,3.0,70.0,60.0,350.0,20.0,697.0,1.9914285714285713,0.54,50.0
2026-09-27T06:49:26.992,DEMO,DEMO,DEMO_MODE,247625ddc7d740c0bd9fbd7320f250ab,700.0,3.0,70.0,60.0,350.0,20.0,697.0,1.9914285714285713,0.54,50.0
2026-09-27T06:49:27.113,DEMO,DEMO,DEMO_MODE,247625ddc7d740c0bd9fbd7320f250ab,700.0,3.0,70.0,60.0,350.0,20.0,697.0,1.9914285714285713,0.54,50.0
2026-09-27T06:49:27.234,DEMO,DEMO,DEMO_MODE,247625ddc7d740c0bd9fbd7320f250ab,800.0,3.0,80.0,64.0,400.0,30.0,797.0,1.9925,0.54,50.0
2026-09-27T06:49:27.354,DEMO,DEMO,DEMO_MODE,247625ddc7d740c0bd9fbd7320f250ab,800.0,3.0,80.0,64.0,400.0,30.0,797.0,1.9925,0.54,50.0
2026-09-27T06:49:27.476,DEMO,DEMO,DEMO_MODE,247625ddc7d740c0bd9fbd7320f250ab,800.0,3.0,80.0,64.0,400.0,30.0,797.0,1.9925,0.54,50.0
2026-09-27T06:49:27.596,DEMO,DEMO,DEMO_MODE,247625ddc7d740c0bd9fbd7320f250ab,800.0,3.0,80.0,64.0,400.0,30.0,797.0,1.9925,0.54,50.0
2026-09-27T06:49:27.717,DEMO,DEMO,DEMO_MODE,247625ddc7d740c0bd9fbd7320f250ab,800.0,3.0,80.0,64.0,400.0,30.0,797.0,1.9925,0.54,50.0
2026-09-27T06:49:27.838,DEMO,DEMO,DEMO_MODE,247625ddc7d740c0bd9fbd7320f250ab,800.0,3.0,80.0,64.0,400.0,30.0,797.0,1.9925,0.54,50.0
2026-09-27T06:49:27.959,DEMO,DEMO,DEMO_MODE,247625ddc7d740c0bd9fbd7320f250ab,800.0,3.0,80.0,64.0,400.0,30.0,797.0,1.9925,0.54,50.0
2026-09-27T06:49:28.080,DEMO,DEMO,DEMO_MODE,247625ddc7d740c0bd9fbd7320f250ab,800.0,3.0,80.0,64.0,400.0,30.0,797.0,1.9925,0.54,50.0
2026-09-27T06:49:28.200,DEMO,DEMO,DEMO_MODE,247625ddc7d740c0bd9fbd7320f250ab,800.0,4.0,80.0,64.0,400.0,30.0,796.0,1.99,0.54,50.0
2026-09-27T06:49:28.322,DEMO,DEMO,DEMO_MODE,247625ddc7d740c0bd9fbd7320f250ab,800.0,4.0,80.0,64.0,400.0,30.0,796.0,1.99,0.54,50.0
2026-09-27T06:49:28.442,DEMO,DEMO,DEMO_MODE,247625ddc7d740c0bd9fbd7320f250ab,800.0,4.0,80.0,64.0,400.0,30.0,796.0,1.99,0.54,50.0
2026-09-27T06:49:28.564,DEMO,DEMO,DEMO_MODE,247625ddc7d740c0bd9fbd7320f250ab,800.0,4.0,80.0,64.0,400.0,30.0,796.0,1.99,0.54,50.0
2026-09-27T06:49:28.684,DEMO,DEMO,DEMO_MODE,247625ddc7d740c0bd9fbd7320f250ab,800.0,4.0,80.0,64.0,400.0,30.0,796.0,1.99,0.54,50.0
2026-09-27T06:49:28.805,DEMO,DEMO,DEMO_MODE,247625ddc7d740c0bd9fbd7320f250ab,800.0,4.0,80.0,64.0,400.0,30.0,796.0,1.99,0.54,50.0
2026-09-27T06:49:28.925,DEMO,DEMO,DEMO_MODE,247625ddc7d740c0bd9fbd7320f250ab,800.0,4.0,80.0,64.0,400.0,30.0,796.0,1.99,0.54,50.0
2026-09-27T06:49:29.046,DEMO,DEMO,DEMO_MODE,247625ddc7d740c0bd9fbd7320f250ab,800.0,4.0,80.0,64.0,400.0,30.0,796.0,1.99,0.54,50.0
2026-09-27T06:49:29.167,DEMO,DEMO,DEMO_MODE,247625ddc7d740c0bd9fbd7320f250ab,800.0,4.0,80.0,64.0,400.0,30.0,796.0,1.99,0.54,50.0
2026-09-27T06:49:29.288,DEMO,DEMO,DEMO_MODE,247625ddc7d740c0bd9fbd7320f250ab,800.0,4.0,80.0,64.0,400.0,30.0,796.0,1.99,0.54,50.0
2026-09-27T06:49:29.409,DEMO,DEMO,DEMO_MODE,247625ddc7d740c0bd9fbd7320f250ab,800.0,4.0,80.0,64.0,400.0,30.0,796.0,1.99,0.54,50.0
2026-09-27T06:49:29.529,DEMO,DEMO,DEMO_MODE,247625ddc7d740c0bd9fbd7320f250ab,800.0,4.0,80.0,64.0,400.0,30.0,796.0,1.99,0.54,50.0
2026-09-27T06:49:29.650,DEMO,DEMO,DEMO_MODE,247625ddc7d740c0bd9fbd7320f250ab,800.0,4.0,80.0,64.0,400.0,30.0,796.0,1.99,0.54,50.0
2026-09-27T06:49:29.770,DEMO,DEMO,DEMO_MODE,247625ddc7d740c0bd9fbd7320f250ab,800.0,4.0,80.0,64.0,400.0,30.0,796.0,1.99,0.54,50.0
2026-09-27T06:49:29.891,DEMO,DEMO,DEMO_MODE,247625ddc7d740c0bd9fbd7320f250ab,800.0,4.0,80.0,64.0,400.0,30.0,796.0,1.99,0.54,50.0
2026-09-27T06:49:30.012,DEMO,DEMO,DEMO_MODE,247625ddc7d740c0bd9fbd7320f250ab,800.0,4.0,80.0,64.0,400.0,30.0,796.0,1.99,0.54,50.0
2026-09-27T06:49:30.133,DEMO,DEMO,DEMO_MODE,247625ddc7d740c0bd9fbd7320f250ab,800.0,4.0,80.0,64.0,400.0,30.0,796.0,1.99,0.54,50.0
2026-09-27T06:49:30.253,DEMO,DEMO,DEMO_MODE,247625ddc7d740c0bd9fbd7320f250ab,800.0,4.0,80.0,64.0,400.0,30.0,796.0,1.99,0.54,50.0
2026-09-27T06:49:30.374,DEMO,DEMO,DEMO_MODE,247625ddc7d740c0bd9fbd7320f250ab,800.0,4.0,80.0,64.0,400.0,30.0,796.0,1.99,0.54,50.0
2026-09-27T06:49:30.495,DEMO,DEMO,DEMO_MODE,247625ddc7d740c0bd9fbd7320f250ab,800.0,4.0,80.0,64.0,400.0,30.0,796.0,1.99,0.54,50.0
2026-09-27T06:49:30.615,DEMO,DEMO,DEMO_MODE,247625ddc7d740c0bd9fbd7320f250ab,800.0,4.0,80.0,64.0,400.0,30.0,796.0,1.99,0.54,50.0
2026-09-27T06:49:30.736,DEMO,DEMO,DEMO_MODE,247625ddc7d740c0bd9fbd7320f250ab,800.0,4.0,80.0,64.0,400.0,30.0,796.0,1.99,0.54,50.0
2026-09-27T06:49:30.857,DEMO,DEMO,DEMO_MODE,247625ddc7d740c0bd9fbd7320f250ab,800.0,4.0,80.0,64.0,400.0,30.0,796.0,1.99,0.54,50.0
2026-09-27T06:49:30.983,DEMO,DEMO,DEMO_MODE,247625ddc7d740c0bd9fbd7320f250ab,800.0,4.0,80.0,64.0,400.0,30.0,796.0,1.99,0.54,50.0
2026-09-27T06:49:31.104,DEMO,DEMO,DEMO_MODE,247625ddc7d740c0bd9fbd7320f250ab,800.0,4.0,80.0,64.0,400.0,30.0,796.0,1.99,0.54,50.0
2026-09-27T06:49:31.225,DEMO,DEMO,DEMO_MODE,247625ddc7d740c0bd9fbd7320f250ab,800.0,4.0,80.0,64.0,400.0,30.0,796.0,1.99,0.54,50.0
2026-09-27T06:49:31.346,DEMO,DEMO,DEMO_MODE,247625ddc7d740c0bd9fbd7320f250ab,800.0,4.0,80.0,64.0,400.0,30.0,796.0,1.99,0.54,50.0
2026-09-27T06:49:31.467,DEMO,DEMO,DEMO_MODE,247625ddc7d740c0bd9fbd7320f250ab,800.0,4.0,80.0,64.0,400.0,30.0,796.0,1.99,0.54,50.0
2026-09-27T06:49:31.588,DEMO,DEMO,DEMO_MODE,247625ddc7d740c0bd9fbd7320f250ab,800.0,4.0,80.0,64.0,400.0,30.0,796.0,1.99,0.54,50.0
2026-09-27T06:49:31.708,DEMO,DEMO,DEMO_MODE,247625ddc7d740c0bd9fbd7320f250ab,800.0,4.0,80.0,64.0,400.0,30.0,796.0,1.99,0.54,50.0
2026-09-27T06:49:31.829,DEMO,DEMO,DEMO_MODE,247625ddc7d740c0bd9fbd7320f250ab,800.0,4.0,80.0,64.0,400.0,30.0,796.0,1.99,0.54,50.0
2026-09-27T06:49:31.949,DEMO,DEMO,DEMO_MODE,247625ddc7d740c0bd9fbd7320f250ab,800.0,4.0,80.0,64.0,400.0,30.0,796.0,1.99,0.54,50.0
2026-09-27T06:49:32.070,DEMO,DEMO,DEMO_MODE,247625ddc7d740c0bd9fbd7320f250ab,800.0,4.0,80.0,64.0,400.0,30.0,796.0,1.99,0.54,50.0
2026-09-27T06:49:32.191,DEMO,DEMO,DEMO_MODE,247625ddc7d740c0bd9fbd7320f250ab,800.0,4.0,80.0,64.0,400.0,30.0,796.0,1.99,0.54,50.0
2026-09-27T06:49:32.311,DEMO,DEMO,DEMO_MODE,247625ddc7d740c0bd9fbd7320f250ab,800.0,4.0,80.0,68.0,400.0,30.0,796.0,1.99,0.54,50.0
2026-09-27T06:49:32.432,DEMO,DEMO,DEMO_MODE,247625ddc7d740c0bd9fbd7320f250ab,800.0,4.0,80.0,68.0,400.0,30.0,796.0,1.99,0.54,50.0
2026-09-27T06:49:32.552,DEMO,DEMO,DEMO_MODE,247625ddc7d740c0bd9fbd7320f250ab,800.0,4.0,80.0,68.0,400.0,30.0,796.0,1.99,0.54,50.0
2026-09-27T06:49:32.673,DEMO,DEMO,DEMO_MODE,247625ddc7d740c0bd9fbd7320f250ab,800.0,4.0,80.0,68.0,400.0,30.0,796.0,1.99,0.54,50.0
2026-09-27T06:49:32.794,DEMO,DEMO,DEMO_MODE,247625ddc7d740c0bd9fbd7320f250ab,800.0,4.0,80.0,68.0,400.0,30.0,796.0,1.99,0.54,50.0
2026-09-27T06:49:32.914,DEMO,DEMO,DEMO_MODE,247625ddc7d740c0bd9fbd7320f250ab,800.0,4.0,80.0,68.0,400.0,30.0,796.0,1.99,0.54,50.0
2026-09-27T06:49:33.035,DEMO,DEMO,DEMO_MODE,247625ddc7d740c0bd9fbd7320f250ab,800.0,4.0,80.0,68.0,400.0,30.0,796.0,1.99,0.54,50.0
2026-09-27T06:49:33.156,DEMO,DEMO,DEMO_MODE,247625ddc7d740c0bd9fbd7320f250ab,800.0,4.0,80.0,68.0,400.0,30.0,796.0,1.99,0.54,50.0
2026-09-27T06:49:33.277,DEMO,DEMO,DEMO_MODE,247625ddc7d740c0bd9fbd7320f250ab,800.0,4.0,80.0,68.0,400.0,30.0,796.0,1.99,0.54,50.0
2026-09-27T06:49:33.398,DEMO,DEMO,DEMO_MODE,247625ddc7d740c0bd9fbd7320f250ab,800.0,4.0,80.0,68.0,400.0,30.0,796.0,1.99,0.54,50.0
2026-09-27T06:49:33.518,DEMO,DEMO,DEMO_MODE,247625ddc7d740c0bd9fbd7320f250ab,800.0,4.0,80.0,68.0,400.0,30.0,796.0,1.99,0.54,50.0
2026-09-27T06:49:33.639,DEMO,DEMO,DEMO_MODE,247625ddc7d740c0bd9fbd7320f250ab,800.0,4.0,80.0,68.0,400.0,30.0,796.0,1.99,0.54,50.0
2026-09-27T06:49:33.760,DEMO,DEMO,DEMO_MODE,247625ddc7d740c0bd9fbd7320f250ab,800.0,4.0,80.0,68.0,400.0,30.0,796.0,1.99,0.54,50.0
2026-09-27T06:49:33.881,DEMO,DEMO,DEMO_MODE,247625ddc7d740c0bd9fbd7320f250ab,800.0,4.0,80.0,68.0,400.0,30.0,796.0,1.99,0.54,50.0
2026-09-27T06:49:34.002,DEMO,DEMO,DEMO_MODE,247625ddc7d740c0bd9fbd7320f250ab,800.0,4.0,80.0,68.0,400.0,30.0,796.0,1.99,0.54,50.0
2026-09-27T06:49:34.122,DEMO,DEMO,DEMO_MODE,247625ddc7d740c0bd9fbd7320f250ab,800.0,4.0,80.0,68.0,400.0,30.0,796.0,1.99,0.54,50.0
2026-09-27T06:49:34.243,DEMO,DEMO,DEMO_MODE,247625ddc7d740c0bd9fbd7320f250ab,800.0,4.0,80.0,68.0,400.0,30.0,796.0,1.99,0.54,50.0
2026-09-27T06:49:34.364,DEMO,DEMO,DEMO_MODE,247625ddc7d740c0bd9fbd7320f250ab,800.0,4.0,80.0,68.0,400.0,30.0,796.0,1.99,0.54,50.0
2026-09-27T06:49:34.484,DEMO,DEMO,DEMO_MODE,247625ddc7d740c0bd9fbd7320f250ab,800.0,4.0,80.0,68.0,400.0,30.0,796.0,1.99,0.54,50.0
2026-09-27T06:49:34.605,DEMO,DEMO,DEMO_MODE,247625ddc7d740c0bd9fbd7320f250ab,800.0,4.0,80.0,68.0,400.0,30.0,796.0,1.99,0.54,50.0
2026-09-27T06:49:34.725,DEMO,DEMO,DEMO_MODE,247625ddc7d740c0bd9fbd7320f250ab,800.0,4.0,80.0,68.0,400.0,30.0,796.0,1.99,0.54,50.0
2026-09-27T06:49:34.845,DEMO,DEMO,DEMO_MODE,247625ddc7d740c0bd9fbd7320f250ab,800.0,4.0,80.0,68.0,400.0,30.0,796.0,1.99,0.54,50.0
2026-09-27T06:49:34.967,DEMO,DEMO,DEMO_MODE,247625ddc7d740c0bd9fbd7320f250ab,800.0,4.0,80.0,68.0,400.0,30.0,796.0,1.99,0.54,50.0
2026-09-27T06:49:35.088,DEMO,DEMO,DEMO_MODE,247625ddc7d740c0bd9fbd7320f250ab,800.0,4.0,80.0,68.0,400.0,30.0,796.0,1.99,0.54,50.0
2026-09-27T06:49:35.209,DEMO,DEMO,DEMO_MODE,247625ddc7d740c0bd9fbd7320f250ab,800.0,4.0,80.0,68.0,400.0,30.0,796.0,1.99,0.54,50.0
2026-09-27T06:49:35.329,DEMO,DEMO,DEMO_MODE,247625ddc7d740c0bd9fbd7320f250ab,800.0,4.0,80.0,68.0,400.0,30.0,796.0,1.99,0.54,50.0
2026-09-27T06:49:35.450,DEMO,DEMO,DEMO_MODE,247625ddc7d740c0bd9fbd7320f250ab,800.0,4.0,80.0,68.0,400.0,30.0,796.0,1.99,0.54,50.0
2026-09-27T06:49:35.570,DEMO,DEMO,DEMO_MODE,247625ddc7d740c0bd9fbd7320f250ab,800.0,4.0,80.0,68.0,400.0,30.0,796.0,1.99,0.54,50.0
2026-09-27T06:49:35.691,DEMO,DEMO,DEMO_MODE,247625ddc7d740c0bd9fbd7320f250ab,800.0,4.0,80.0,68.0,400.0,30.0,796.0,1.99,0.54,50.0
2026-09-27T06:49:35.812,DEMO,DEMO,DEMO_MODE,247625ddc7d740c0bd9fbd7320f250ab,800.0,4.0,80.0,68.0,400.0,30.0,796.0,1.99,0.54,50.0
2026-09-27T06:49:35.933,DEMO,DEMO,DEMO_MODE,247625ddc7d740c0bd9fbd7320f250ab,800.0,4.0,80.0,68.0,400.0,30.0,796.0,1.99,0.54,50.0
2026-09-27T06:49:36.054,DEMO,DEMO,DEMO_MODE,247625ddc7d740c0bd9fbd7320f250ab,800.0,4.0,80.0,68.0,400.0,30.0,796.0,1.99,0.54,50.0
2026-09-27T06:49:36.174,DEMO,DEMO,DEMO_MODE,247625ddc7d740c0bd9fbd7320f250ab,800.0,4.0,80.0,68.0,400.0,30.0,796.0,1.99,0.54,50.0
2026-09-27T06:49:36.295,DEMO,DEMO,DEMO_MODE,247625ddc7d740c0bd9fbd7320f250ab,800.0,4.0,80.0,68.0,400.0,30.0,796.0,1.99,0.54,50.0
2026-09-27T06:49:36.416,DEMO,DEMO,DEMO_MODE,247625ddc7d740c0bd9fbd7320f250ab,800.0,4.0,80.0,68.0,400.0,30.0,796.0,1.99,0.54,50.0
2026-09-27T06:49:36.536,DEMO,DEMO,DEMO_MODE,247625ddc7d740c0bd9fbd7320f250ab,800.0,4.0,80.0,68.0,400.0,30.0,796.0,1.99,0.54,50.0
2026-09-27T06:49:36.657,DEMO,DEMO,DEMO_MODE,247625ddc7d740c0bd9fbd7320f250ab,800.0,4.0,80.0,68.0,400.0,30.0,796.0,1.99,0.54,50.0
2026-09-27T06:49:36.778,DEMO,DEMO,DEMO_MODE,247625ddc7d740c0bd9fbd7320f250ab,800.0,4.0,80.0,68.0,400.0,30.0,796.0,1.99,0.54,50.0
2026-09-27T06:49:36.899,DEMO,DEMO,DEMO_MODE,247625ddc7d740c0bd9fbd7320f250ab,800.0,4.0,80.0,68.0,400.0,30.0,796.0,1.99,0.54,50.0
2026-09-27T06:49:37.019,DEMO,DEMO,DEMO_MODE,247625ddc7d740c0bd9fbd7320f250ab,800.0,4.0,80.0,68.0,400.0,30.0,796.0,1.99,0.54,50.0
2026-09-27T06:49:37.140,DEMO,DEMO,DEMO_MODE,247625ddc7d740c0bd9fbd7320f250ab,800.0,4.0,80.0,68.0,400.0,30.0,796.0,1.99,0.54,50.0
2026-09-27T06:49:37.261,DEMO,DEMO,DEMO_MODE,247625ddc7d740c0bd9fbd7320f250ab,900.0,0.0,90.0,72.0,450.0,40.0,900.0,2.0,0.54,50.0
2026-09-27T06:49:37.382,DEMO,DEMO,DEMO_MODE,247625ddc7d740c0bd9fbd7320f250ab,900.0,0.0,90.0,72.0,450.0,40.0,900.0,2.0,0.54,50.0
2026-09-27T06:49:37.509,DEMO,DEMO,DEMO_MODE,247625ddc7d740c0bd9fbd7320f250ab,900.0,0.0,90.0,72.0,450.0,40.0,900.0,2.0,0.54,50.0
2026-09-27T06:49:37.634,DEMO,DEMO,DEMO_MODE,247625ddc7d740c0bd9fbd7320f250ab,900.0,0.0,90.0,72.0,450.0,40.0,900.0,2.0,0.54,50.0
2026-09-27T06:49:37.760,DEMO,DEMO,DEMO_MODE,247625ddc7d740c0bd9fbd7320f250ab,900.0,0.0,90.0,72.0,450.0,40.0,900.0,2.0,0.54,50.0
2026-09-27T06:49:37.880,DEMO,DEMO,DEMO_MODE,247625ddc7d740c0bd9fbd7320f250ab,900.0,0.0,90.0,72.0,450.0,40.0,900.0,2.0,0.54,50.0
2026-09-27T06:49:38.006,DEMO,DEMO,DEMO_MODE,247625ddc7d740c0bd9fbd7320f250ab,900.0,0.0,90.0,72.0,450.0,40.0,900.0,2.0,0.54,50.0
2026-09-27T06:49:38.127,DEMO,DEMO,DEMO_MODE,247625ddc7d740c0bd9fbd7320f250ab,900.0,0.0,90.0,72.0,450.0,40.0,900.0,2.0,0.54,50.0
2026-09-27T06:49:38.253,DEMO,DEMO,DEMO_MODE,247625ddc7d740c0bd9fbd7320f250ab,900.0,0.0,90.0,72.0,450.0,40.0,900.0,2.0,0.54,50.0
2026-09-27T06:49:38.374,DEMO,DEMO,DEMO_MODE,247625ddc7d740c0bd9fbd7320f250ab,900.0,0.0,90.0,72.0,450.0,40.0,900.0,2.0,0.54,50.0
2026-09-27T06:49:38.499,DEMO,DEMO,DEMO_MODE,247625ddc7d740c0bd9fbd7320f250ab,900.0,0.0,90.0,72.0,450.0,40.0,900.0,2.0,0.54,50.0
2026-09-27T06:49:38.620,DEMO,DEMO,DEMO_MODE,247625ddc7d740c0bd9fbd7320f250ab,900.0,0.0,90.0,72.0,450.0,40.0,900.0,2.0,0.54,50.0
2026-09-27T06:49:38.746,DEMO,DEMO,DEMO_MODE,247625ddc7d740c0bd9fbd7320f250ab,900.0,0.0,90.0,72.0,450.0,40.0,900.0,2.0,0.54,50.0
2026-09-27T06:49:38.866,DEMO,DEMO,DEMO_MODE,247625ddc7d740c0bd9fbd7320f250ab,900.0,0.0,90.0,72.0,450.0,40.0,900.0,2.0,0.54,50.0
2026-09-27T06:49:38.993,DEMO,DEMO,DEMO_MODE,247625ddc7d740c0bd9fbd7320f250ab,900.0,0.0,90.0,72.0,450.0,40.0,900.0,2.0,0.54,50.0
2026-09-27T06:49:39.114,DEMO,DEMO,DEMO_MODE,247625ddc7d740c0bd9fbd7320f250ab,900.0,0.0,90.0,72.0,450.0,40.0,900.0,2.0,0.54,50.0
2026-09-27T06:49:39.241,DEMO,DEMO,DEMO_MODE,247625ddc7d740c0bd9fbd7320f250ab,900.0,0.0,90.0,72.0,450.0,40.0,900.0,2.0,0.54,50.0
2026-09-27T06:49:39.361,DEMO,DEMO,DEMO_MODE,247625ddc7d740c0bd9fbd7320f250ab,900.0,0.0,90.0,72.0,450.0,40.0,900.0,2.0,0.54,50.0
2026-09-27T06:49:39.488,DEMO,DEMO,DEMO_MODE,247625ddc7d740c0bd9fbd7320f250ab,900.0,0.0,90.0,72.0,450.0,40.0,900.0,2.0,0.54,50.0
2026-09-27T06:49:39.608,DEMO,DEMO,DEMO_MODE,247625ddc7d740c0bd9fbd7320f250ab,900.0,0.0,90.0,72.0,450.0,40.0,900.0,2.0,0.54,50.0
2026-09-27T06:49:39.735,DEMO,DEMO,DEMO_MODE,247625ddc7d740c0bd9fbd7320f250ab,900.0,0.0,90.0,72.0,450.0,40.0,900.0,2.0,0.54,50.0
2026-09-27T06:49:39.855,DEMO,DEMO,DEMO_MODE,247625ddc7d740c0bd9fbd7320f250ab,900.0,0.0,90.0,72.0,450.0,40.0,900.0,2.0,0.54,50.0
2026-09-27T06:49:39.981,DEMO,DEMO,DEMO_MODE,247625ddc7d740c0bd9fbd7320f250ab,900.0,0.0,90.0,72.0,450.0,40.0,900.0,2.0,0.54,50.0
2026-09-27T06:49:40.102,DEMO,DEMO,DEMO_MODE,247625ddc7d740c0bd9fbd7320f250ab,900.0,0.0,90.0,72.0,450.0,40.0,900.0,2.0,0.54,50.0
2026-09-27T06:49:40.228,DEMO,DEMO,DEMO_MODE,247625ddc7d740c0bd9fbd7320f250ab,900.0,0.0,90.0,72.0,450.0,40.0,900.0,2.0,0.54,50.0
2026-09-27T06:49:40.349,DEMO,DEMO,DEMO_MODE,247625ddc7d740c0bd9fbd7320f250ab,900.0,0.0,90.0,72.0,450.0,40.0,900.0,2.0,0.54,50.0
2026-09-27T06:49:40.476,DEMO,DEMO,DEMO_MODE,247625ddc7d740c0bd9fbd7320f250ab,900.0,0.0,90.0,72.0,450.0,40.0,900.0,2.0,0.54,50.0
2026-09-27T06:49:40.596,DEMO,DEMO,DEMO_MODE,247625ddc7d740c0bd9fbd7320f250ab,900.0,0.0,90.0,72.0,450.0,40.0,900.0,2.0,0.54,50.0
2026-09-27T06:49:40.717,DEMO,DEMO,DEMO_MODE,247625ddc7d740c0bd9fbd7320f250ab,900.0,0.0,90.0,72.0,450.0,40.0,900.0,2.0,0.54,50.0
2026-09-27T06:49:40.838,DEMO,DEMO,DEMO_MODE,247625ddc7d740c0bd9fbd7320f250ab,900.0,0.0,90.0,72.0,450.0,40.0,900.0,2.0,0.54,50.0
2026-09-27T06:49:40.959,DEMO,DEMO,DEMO_MODE,247625ddc7d740c0bd9fbd7320f250ab,900.0,0.0,90.0,72.0,450.0,40.0,900.0,2.0,0.54,50.0
2026-09-27T06:49:41.080,DEMO,DEMO,DEMO_MODE,247625ddc7d740c0bd9fbd7320f250ab,900.0,0.0,90.0,72.0,450.0,40.0,900.0,2.0,0.54,50.0
2026-09-27T06:49:41.200,DEMO,DEMO,DEMO_MODE,247625ddc7d740c0bd9fbd7320f250ab,900.0,0.0,90.0,72.0,450.0,40.0,900.0,2.0,0.54,50.0
2026-09-27T06:49:41.321,DEMO,DEMO,DEMO_MODE,247625ddc7d740c0bd9fbd7320f250ab,900.0,0.0,90.0,72.0,450.0,40.0,900.0,2.0,0.54,50.0
2026-09-27T06:49:41.441,DEMO,DEMO,DEMO_MODE,247625ddc7d740c0bd9fbd7320f250ab,900.0,0.0,90.0,72.0,450.0,40.0,900.0,2.0,0.54,50.0
2026-09-27T06:49:41.563,DEMO,DEMO,DEMO_MODE,247625ddc7d740c0bd9fbd7320f250ab,900.0,0.0,90.0,72.0,450.0,40.0,900.0,2.0,0.54,50.0
2026-09-27T06:49:41.683,DEMO,DEMO,DEMO_MODE,247625ddc7d740c0bd9fbd7320f250ab,900.0,0.0,90.0,72.0,450.0,40.0,900.0,2.0,0.54,50.0
2026-09-27T06:49:41.804,DEMO,DEMO,DEMO_MODE,247625ddc7d740c0bd9fbd7320f250ab,900.0,0.0,90.0,72.0,450.0,40.0,900.0,2.0,0.54,50.0
2026-09-27T06:49:41.925,DEMO,DEMO,DEMO_MODE,247625ddc7d740c0bd9fbd7320f250ab,900.0,0.0,90.0,72.0,450.0,40.0,900.0,2.0,0.54,50.0
2026-09-27T06:49:42.045,DEMO,DEMO,DEMO_MODE,247625ddc7d740c0bd9fbd7320f250ab,900.0,0.0,90.0,72.0,450.0,40.0,900.0,2.0,0.54,50.0
2026-09-27T06:49:42.166,DEMO,DEMO,DEMO_MODE,247625ddc7d740c0bd9fbd7320f250ab,900.0,0.0,90.0,72.0,450.0,40.0,900.0,2.0,0.54,50.0
2026-09-27T06:49:42.293,DEMO,DEMO,DEMO_MODE,247625ddc7d740c0bd9fbd7320f250ab,900.0,0.0,90.0,72.0,450.0,40.0,900.0,2.0,0.54,50.0
2026-09-27T06:49:42.414,DEMO,DEMO,DEMO_MODE,247625ddc7d740c0bd9fbd7320f250ab,900.0,0.0,90.0,76.0,450.0,40.0,900.0,2.0,0.54,50.0
2026-09-27T06:49:42.539,DEMO,DEMO,DEMO_MODE,247625ddc7d740c0bd9fbd7320f250ab,900.0,0.0,90.0,76.0,450.0,40.0,900.0,2.0,0.54,50.0
2026-09-27T06:49:42.661,DEMO,DEMO,DEMO_MODE,247625ddc7d740c0bd9fbd7320f250ab,900.0,0.0,90.0,76.0,450.0,40.0,900.0,2.0,0.54,50.0
2026-09-27T06:49:42.787,DEMO,DEMO,DEMO_MODE,247625ddc7d740c0bd9fbd7320f250ab,900.0,0.0,90.0,76.0,450.0,40.0,900.0,2.0,0.54,50.0
2026-09-27T06:49:42.908,DEMO,DEMO,DEMO_MODE,247625ddc7d740c0bd9fbd7320f250ab,900.0,0.0,90.0,76.0,450.0,40.0,900.0,2.0,0.54,50.0
2026-09-27T06:49:43.035,DEMO,DEMO,DEMO_MODE,247625ddc7d740c0bd9fbd7320f250ab,900.0,0.0,90.0,76.0,450.0,40.0,900.0,2.0,0.54,50.0
2026-09-27T06:49:43.166,DEMO,DEMO,DEMO_MODE,247625ddc7d740c0bd9fbd7320f250ab,900.0,0.0,90.0,76.0,450.0,40.0,900.0,2.0,0.54,50.0
2026-09-27T06:49:43.292,DEMO,DEMO,DEMO_MODE,247625ddc7d740c0bd9fbd7320f250ab,900.0,0.0,90.0,76.0,450.0,40.0,900.0,2.0,0.54,50.0
2026-09-27T06:49:43.412,DEMO,DEMO,DEMO_MODE,247625ddc7d740c0bd9fbd7320f250ab,900.0,0.0,90.0,76.0,450.0,40.0,900.0,2.0,0.54,50.0
2026-09-27T06:49:43.538,DEMO,DEMO,DEMO_MODE,247625ddc7d740c0bd9fbd7320f250ab,900.0,0.0,90.0,76.0,450.0,40.0,900.0,2.0,0.54,50.0
2026-09-27T06:49:43.658,DEMO,DEMO,DEMO_MODE,247625ddc7d740c0bd9fbd7320f250ab,900.0,0.0,90.0,76.0,450.0,40.0,900.0,2.0,0.54,50.0
2026-09-27T06:49:43.784,DEMO,DEMO,DEMO_MODE,247625ddc7d740c0bd9fbd7320f250ab,900.0,0.0,90.0,76.0,450.0,40.0,900.0,2.0,0.54,50.0
2026-09-27T06:49:43.904,DEMO,DEMO,DEMO_MODE,247625ddc7d740c0bd9fbd7320f250ab,900.0,0.0,90.0,76.0,450.0,40.0,900.0,2.0,0.54,50.0
