timestamp,product,serial_number,firmware,session_id,pfwd,pref,c1,c2,vpp,dc_bias,pout,iout,rs,xs
2026-09-27T09:02:36.860,DEMO,DEMO,DEMO_MODE,20603d5f2ab0433a9f0a14d9807a08c0,0.0,0.0,0.0,0.0,0.0,-50.0,0.0,0.0,0.54,50.0
2026-09-27T09:02:36.981,DEMO,DEMO,DEMO_MODE,20603d5f2ab0433a9f0a14d9807a08c0,0.0,0.0,0.0,0.0,0.0,-50.0,0.0,0.0,0.54,50.0
2026-09-27T09:02:37.108,DEMO,DEMO,DEMO_MODE,20603d5f2ab0433a9f0a14d9807a08c0,0.0,0.0,0.0,0.0,0.0,-50.0,0.0,0.0,0.54,50.0
2026-09-27T09:02:37.229,DEMO,DEMO,DEMO_MODE,20603d5f2ab0433a9f0a14d9807a08c0,0.0,0.0,0.0,0.0,0.0,-50.0,0.0,0.0,0.54,50.0
2026-09-27T09:02:37.349,DEMO,DEMO,DEMO_MODE,20603d5f2ab0433a9f0a14d9807a08c0,0.0,0.0,0.0,0.0,0.0,-50.0,0.0,0.0,0.54,50.0
2026-09-27T09:02:37.470,DEMO,DEMO,DEMO_MODE,20603d5f2ab0433a9f0a14d9807a08c0,0.0,0.0,0.0,0.0,0.0,-50.0,0.0,0.0,0.54,50.0
2026-09-27T09:02:37.591,DEMO,DEMO,DEMO_MODE,20603d5f2ab0433a9f0a14d9807a08c0,0.0,0.0,0.0,0.0,0.0,-50.0,0.0,0.0,0.54,50.0
2026-09-27T09:02:37.712,DEMO,DEMO,DEMO_MODE,20603d5f2ab0433a9f0a14d9807a08c0,0.0,0.0,0.0,0.0,0.0,-50.0,0.0,0.0,0.54,50.0
2026-09-27T09:02:37.832,DEMO,DEMO,DEMO_MODE,20603d5f2ab0433a9f0a14d9807a08c0,0.0,0.0,0.0,0.0,0.0,-50.0,0.0,0.0,0.54,50.0
2026-09-27T09:02:37.953,DEMO,DEMO,DEMO_MODE,20603d5f2ab0433a9f0a14d9807a08c0,0.0,0.0,0.0,0.0,0.0,-50.0,0.0,0.0,0.54,50.0
2026-09-27T09:02:38.073,DEMO,DEMO,DEMO_MODE,20603d5f2ab0433a9f0a14d9807a08c0,0.0,0.0,0.0,0.0,0.0,-50.0,0.0,0.0,0.54,50.0
2026-09-27T09:02:38.194,DEMO,DEMO,DEMO_MODE,20603d5f2ab0433a9f0a14d9807a08c0,0.0,0.0,0.0,0.0,0.0,-50.0,0.0,0.0,0.54,50.0
2026-09-27T09:02:38.315,DEMO,DEMO,DEMO_MODE,20603d5f2ab0433a9f0a14d9807a08c0,0.0,0.0,0.0,0.0,0.0,-50.0,0.0,0.0,0.54,50.0
2026-09-27T09:02:38.435,DEMO,DEMO,DEMO_MODE,20603d5f2ab0433a9f0a14d9807a08c0,0.0,0.0,0.0,0.0,0.0,-50.0,0.0,0.0,0.54,50.0
2026-09-27T09:02:38.556,DEMO,DEMO,DEMO_MODE,20603d5f2ab0433a9f0a14d9807a08c0,0.0,0.0,0.0,0.0,0.0,-50.0,0.0,0.0,0.54,50.0
2026-09-27T09:02:38.676,DEMO,DEMO,DEMO_MODE,20603d5f2ab0433a9f0a14d9807a08c0,0.0,0.0,0.0,0.0,0.0,-50.0,0.0,0.0,0.54,50.0
2026-09-27T09:02:38.797,DEMO,DEMO,DEMO_MODE,20603d5f2ab0433a9f0a14d9807a08c0,0.0,0.0,0.0,0.0,0.0,-50.0,0.0,0.0,0.54,50.0
2026-09-27T09:02:38.918,DEMO,DEMO,DEMO_MODE,20603d5f2ab0433a9f0a14d9807a08c0,0.0,0.0,0.0,0.0,0.0,-50.0,0.0,0.0,0.54,50.0
2026-09-27T09:02:39.039,DEMO,DEMO,DEMO_MODE,20603d5f2ab0433a9f0a14d9807a08c0,0.0,0.0,0.0,0.0,0.0,-50.0,0.0,0.0,0.54,50.0
2026-09-27T09:02:39.160,DEMO,DEMO,DEMO_MODE,20603d5f2ab0433a9f0a14d9807a08c0,0.0,0.0,0.0,0.0,0.0,-50.0,0.0,0.0,0.54,50.0
2026-09-27T09:02:39.280,DEMO,DEMO,DEMO_MODE,20603d5f2ab0433a9f0a14d9807a08c0,0.0,0.0,0.0,0.0,0.0,-50.0,0.0,0.0,0.54,50.0
2026-09-27T09:02:39.401,DEMO,DEMO,DEMO_MODE,20603d5f2ab0433a9f0a14d9807a08c0,0.0,0.0,0.0,0.0,0.0,-50.0,0.0,0.0,0.54,50.0
2026-09-27T09:02:39.524,DEMO,DEMO,DEMO_MODE,20603d5f2ab0433a9f0a14d9807a08c0,0.0,0.0,0.0,0.0,0.0,-50.0,0.0,0.0,0.54,50.0
2026-09-27T09:02:39.644,DEMO,DEMO,DEMO_MODE,20603d5f2ab0433a9f0a14d9807a08c0,0.0,0.0,0.0,0.0,0.0,-50.0,0.0,0.0,0.54,50.0
2026-09-27T09:02:39.765,DEMO,DEMO,DEMO_MODE,20603d5f2ab0433a9f0a14d9807a08c0,0.0,0.0,0.0,0.0,0.0,-50.0,0.0,0.0,0.54,50.0
2026-09-27T09:02:39.885,DEMO,DEMO,DEMO_MODE,20603d5f2ab0433a9f0a14d9807a08c0,0.0,0.0,0.0,0.0,0.0,-50.0,0.0,0.0,0.54,50.0
2026-09-27T09:02:40.007,DEMO,DEMO,DEMO_MODE,20603d5f2ab0433a9f0a14d9807a08c0,0.0,0.0,0.0,0.0,0.0,-50.0,0.0,0.0,0.54,50.0
2026-09-27T09:02:40.128,DEMO,DEMO,DEMO_MODE,20603d5f2ab0433a9f0a14d9807a08c0,0.0,0.0,0.0,0.0,0.0,-50.0,0.0,0.0,0.54,50.0
2026-09-27T09:02:40.249,DEMO,DEMO,DEMO_MODE,20603d5f2ab0433a9f0a14d9807a08c0,0.0,0.0,0.0,0.0,0.0,-50.0,0.0,0.0,0.54,50.0
2026-09-27T09:02:40.370,DEMO,DEMO,DEMO_MODE,20603d5f2ab0433a9f0a14d9807a08c0,0.0,0.0,0.0,0.0,0.0,-50.0,0.0,0.0,0.54,50.0
2026-09-27T09:02:40.491,DEMO,DEMO,DEMO_MODE,20603d5f2ab0433a9f0a14d9807a08c0,0.0,0.0,0.0,0.0,0.0,-50.0,0.0,0.0,0.54,50.0
2026-09-27T09:02:40.612,DEMO,DEMO,DEMO_MODE,20603d5f2ab0433a9f0a14d9807a08c0,0.0,0.0,0.0,0.0,0.0,-50.0,0.0,0.0,0.54,50.0
2026-09-27T09:02:40.732,DEMO,DEMO,DEMO_MODE,20603d5f2ab0433a9f0a14d9807a08c0,0.0,0.0,0.0,0.0,0.0,-50.0,0.0,0.0,0.54,50.0
2026-09-27T09:02:40.852,DEMO,DEMO,DEMO_MODE,20603d5f2ab0433a9f0a14d9807a08c0,0.0,0.0,0.0,0.0,0.0,-50.0,0.0,0.0,0.54,50.0
2026-09-27T09:02:40.973,DEMO,DEMO,DEMO_MODE,20603d5f2ab0433a9f0a14d9807a08c0,0.0,0.0,0.0,0.0,0.0,-50.0,0.0,0.0,0.54,50.0
2026-09-27T09:02:41.094,DEMO,DEMO,DEMO_MODE,20603d5f2ab0433a9f0a14d9807a08c0,0.0,0.0,0.0,0.0,0.0,-50.0,0.0,0.0,0.54,50.0
2026-09-27T09:02:41.215,DEMO,DEMO,DEMO_MODE,20603d5f2ab0433a9f0a14d9807a08c0,0.0,0.0,0.0,0.0,0.0,-50.0,0.0,0.0,0.54,50.0
2026-09-27T09:02:41.336,DEMO,DEMO,DEMO_MODE,20603d5f2ab0433a9f0a14d9807a08c0,0.0,0.0,0.0,0.0,0.0,-50.0,0.0,0.0,0.54,50.0
2026-09-27T09:02:41.457,DEMO,DEMO,DEMO_MODE,20603d5f2ab0433a9f0a14d9807a08c0,0.0,0.0,0.0,0.0,0.0,-50.0,0.0,0.0,0.54,50.0
2026-09-27T09:02:41.578,DEMO,DEMO,DEMO_MODE,20603d5f2ab0433a9f0a14d9807a08c0,0.0,0.0,0.0,0.0,0.0,-50.0,0.0,0.0,0.54,50.0
2026-09-27T09:02:41.699,DEMO,DEMO,DEMO_MODE,20603d5f2ab0433a9f0a14d9807a08c0,0.0,0.0,0.0,0.0,0.0,-50.0,0.0,0.0,0.54,50.0
2026-09-27T09:02:41.820,DEMO,DEMO,DEMO_MODE,20603d5f2ab0433a9f0a14d9807a08c0,0.0,0.0,0.0,0.0,0.0,-50.0,0.0,0.0,0.54,50.0
2026-09-27T09:02:41.940,DEMO,DEMO,DEMO_MODE,20603d5f2ab0433a9f0a14d9807a08c0,0.0,0.0,0.0,4.0,0.0,-50.0,0.0,0.0,0.54,50.0
2026-09-27T09:02:42.061,DEMO,DEMO,DEMO_MODE,20603d5f2ab0433a9f0a14d9807a08c0,0.0,0.0,0.0,4.0,0.0,-50.0,0.0,0.0,0.54,50.0
2026-09-27T09:02:42.181,DEMO,DEMO,DEMO_MODE,20603d5f2ab0433a9f0a14d9807a08c0,0.0,0.0,0.0,4.0,0.0,-50.0,0.0,0.0,0.54,50.0
2026-09-27T09:02:42.302,DEMO,DEMO,DEMO_MODE,20603d5f2ab0433a9f0a14d9807a08c0,0.0,0.0,0.0,4.0,0.0,-50.0,0.0,0.0,0.54,50.0
2026-09-27T09:02:42.423,DEMO,DEMO,DEMO_MODE,20603d5f2ab0433a9f0a14d9807a08c0,0.0,0.0,0.0,4.0,0.0,-50.0,0.0,0.0,0.54,50.0
2026-09-27T09:02:42.543,DEMO,DEMO,DEMO_MODE,20603d5f2ab0433a9f0a14d9807a08c0,0.0,0.0,0.0,4.0,0.0,-50.0,0.0,0.0,0.54,50.0
2026-09-27T09:02:42.664,DEMO,DEMO,DEMO_MODE,20603d5f2ab0433a9f0a14d9807a08c0,0.0,0.0,0.0,4.0,0.0,-50.0,0.0,0.0,0.54,50.0
2026-09-27T09:02:42.784,DEMO,DEMO,DEMO_MODE,20603d5f2ab0433a9f0a14d9807a08c0,0.0,0.0,0.0,4.0,0.0,-50.0,0.0,0.0,0.54,50.0
2026-09-27T09:02:42.905,DEMO,DEMO,DEMO_MODE,20603d5f2ab0433a9f0a14d9807a08c0,0.0,0.0,0.0,4.0,0.0,-50.0,0.0,0.0,0.54,50.0
2026-09-27T09:02:43.025,DEMO,DEMO,DEMO_MODE,20603d5f2ab0433a9f0a14d9807a08c0,0.0,0.0,0.0,4.0,0.0,-50.0,0.0,0.0,0.54,50.0
2026-09-27T09:02:43.146,DEMO,DEMO,DEMO_MODE,20603d5f2ab0433a9f0a14d9807a08c0,0.0,0.0,0.0,4.0,0.0,-50.0,0.0,0.0,0.54,50.0
2026-09-27T09:02:43.266,DEMO,DEMO,DEMO_MODE,20603d5f2ab0433a9f0a14d9807a08c0,0.0,0.0,0.0,4.0,0.0,-50.0,0.0,0.0,0.54,50.0
2026-09-27T09:02:43.387,DEMO,DEMO,DEMO_MODE,20603d5f2ab0433a9f0a14d9807a08c0,0.0,0.0,0.0,4.0,0.0,-50.0,0.0,0.0,0.54,50.0
2026-09-27T09:02:43.508,DEMO,DEMO,DEMO_MODE,20603d5f2ab0433a9f0a14d9807a08c0,0.0,0.0,0.0,4.0,0.0,-50.0,0.0,0.0,0.54,50.0
2026-09-27T09:02:43.628,DEMO,DEMO,DEMO_MODE,20603d5f2ab0433a9f0a14d9807a08c0,0.0,0.0,0.0,4.0,0.0,-50.0,0.0,0.0,0.54,50.0
2026-09-27T09:02:43.749,DEMO,DEMO,DEMO_MODE,20603d5f2ab0433a9f0a14d9807a08c0,0.0,0.0,0.0,4.0,0.0,-50.0,0.0,0.0,0.54,50.0
2026-09-27T09:02:43.869,DEMO,DEMO,DEMO_MODE,20603d5f2ab0433a9f0a14d9807a08c0,0.0,0.0,0.0,4.0,0.0,-50.0,0.0,0.0,0.54,50.0
2026-09-27T09:02:43.990,DEMO,DEMO,DEMO_MODE,20603d5f2ab0433a9f0a14d9807a08c0,0.0,0.0,0.0,4.0,0.0,-50.0,0.0,0.0,0.54,50.0
2026-09-27T09:02:44.111,DEMO,DEMO,DEMO_MODE,20603d5f2ab0433a9f0a14d9807a08c0,0.0,0.0,0.0,4.0,0.0,-50.0,0.0,0.0,0.54,50.0
2026-09-27T09:02:44.232,DEMO,DEMO,DEMO_MODE,20603d5f2ab0433a9f0a14d9807a08c0,0.0,0.0,0.0,4.0,0.0,-50.0,0.0,0.0,0.54,50.0
2026-09-27T09:02:44.353,DEMO,DEMO,DEMO_MODE,20603d5f2ab0433a9f0a14d9807a08c0,0.0,0.0,0.0,4.0,0.0,-50.0,0.0,0.0,0.54,50.0
2026-09-27T09:02:44.473,DEMO,DEMO,DEMO_MODE,20603d5f2ab0433a9f0a14d9807a08c0,0.0,0.0,0.0,4.0,0.0,-50.0,0.0,0.0,0.54,50.0
2026-09-27T09:02:44.594,DEMO,DEMO,DEMO_MODE,20603d5f2ab0433a9f0a14d9807a08c0,0.0,0.0,0.0,4.0,0.0,-50.0,0.0,0.0,0.54,50.0
2026-09-27T09:02:44.715,DEMO,DEMO,DEMO_MODE,20603d5f2ab0433a9f0a14d9807a08c0,0.0,0.0,0.0,4.0,0.0,-50.0,0.0,0.0,0.54,50.0
2026-09-27T09:02:44.835,DEMO,DEMO,DEMO_MODE,20603d5f2ab0433a9f0a14d9807a08c0,0.0,0.0,0.0,4.0,0.0,-50.0,0.0,0.0,0.54,50.0
2026-09-27T09:02:44.956,DEMO,DEMO,DEMO_MODE,20603d5f2ab0433a9f0a14d9807a08c0,0.0,0.0,0.0,4.0,0.0,-50.0,0.0,0.0,0.54,50.0
2026-09-27T09:02:45.076,DEMO,DEMO,DEMO_MODE,20603d5f2ab0433a9f0a14d9807a08c0,0.0,0.0,0.0,4.0,0.0,-50.0,0.0,0.0,0.54,50.0
2026-09-27T09:02:45.198,DEMO,DEMO,DEMO_MODE,20603d5f2ab0433a9f0a14d9807a08c0,0.0,0.0,0.0,4.0,0.0,-50.0,0.0,0.0,0.54,50.0
2026-09-27T09:02:45.318,DEMO,DEMO,DEMO_MODE,20603d5f2ab0433a9f0a14d9807a08c0,0.0,0.0,0.0,4.0,0.0,-50.0,0.0,0.0,0.54,50.0
2026-09-27T09:02:45.438,DEMO,DEMO,DEMO_MODE,20603d5f2ab0433a9f0a14d9807a08c0,0.0,0.0,0.0,4.0,0.0,-50.0,0.0,0.0,0.54,50.0
2026-09-27T09:02:45.559,DEMO,DEMO,DEMO_MODE,20603d5f2ab0433a9f0a14d9807a08c0,0.0,0.0,0.0,4.0,0.0,-50.0,0.0,0.0,0.54,50.0
2026-09-27T09:02:45.680,DEMO,DEMO,DEMO_MODE,20603d5f2ab0433a9f0a14d9807a08c0,0.0,0.0,0.0,4.0,0.0,-50.0,0.0,0.0,0.54,50.0
2026-09-27T09:02:45.801,DEMO,DEMO,DEMO_MODE,20603d5f2ab0433a9f0a14d9807a08c0,0.0,0.0,0.0,4.0,0.0,-50.0,0.0,0.0,0.54,50.0
2026-09-27T09:02:45.921,DEMO,DEMO,DEMO_MODE,20603d5f2ab0433a9f0a14d9807a08c0,0.0,1.0,0.0,4.0,0.0,-50.0,0.0,0.0,0.54,50.0
2026-09-27T09:02:46.042,DEMO,DEMO,DEMO_MODE,20603d5f2ab0433a9f0a14d9807a08c0,0.0,1.0,0.0,4.0,0.0,-50.0,0.0,0.0,0.54,50.0
2026-09-27T09:02:46.162,DEMO,DEMO,DEMO_MODE,20603d5f2ab0433a9f0a14d9807a08c0,0.0,1.0,0.0,4.0,0.0,-50.0,0.0,0.0,0.54,50.0
2026-09-27T09:02:46.283,DEMO,DEMO,DEMO_MODE,20603d5f2ab0433a9f0a14d9807a08c0,0.0,1.0,0.0,4.0,0.0,-50.0,0.0,0.0,0.54,50.0
2026-09-27T09:02:46.404,DEMO,DEMO,DEMO_MODE,20603d5f2ab0433a9f0a14d9807a08c0,0.0,1.0,0.0,4.0,0.0,-50.0,0.0,0.0,0.54,50.0
2026-09-27T09:02:46.525,DEMO,DEMO,DEMO_MODE,20603d5f2ab0433a9f0a14d9807a08c0,0.0,1.0,0.0,4.0,0.0,-50.0,0.0,0.0,0.54,50.0
2026-09-27T09:02:46.646,DEMO,DEMO,DEMO_MODE,20603d5f2ab0433a9f0a14d9807a08c0,0.0,1.0,0.0,4.0,0.0,-50.0,0.0,0.0,0.54,50.0
2026-09-27T09:02:46.766,DEMO,DEMO,DEMO_MODE,20603d5f2ab0433a9f0a14d9807a08c0,0.0,1.0,0.0,4.0,0.0,-50.0,0.0,0.0,0.54,50.0
2026-09-27T09:02:46.886,DEMO,DEMO,DEMO_MODE,20603d5f2ab0433a9f0a14d9807a08c0,0.0,1.0,0.0,4.0,0.0,-50.0,0.0,0.0,0.54,50.0
2026-09-27T09:02:47.007,DEMO,DEMO,DEMO_MODE,20603d5f2ab0433a9f0a14d9807a08c0,100.0,1.0,10.0,8.0,50.0,-40.0,99.0,1.98,0.54,50.0
2026-09-27T09:02:47.128,DEMO,DEMO,DEMO_MODE,20603d5f2ab0433a9f0a14d9807a08c0,100.0,1.0,10.0,8.0,50.0,-40.0,99.0,1.98,0.54,50.0
2026-09-27T09:02:47.248,DEMO,DEMO,DEMO_MODE,20603d5f2ab0433a9f0a14d9807a08c0,100.0,1.0,10.0,8.0,50.0,-40.0,99.0,1.98,0.54,50.0
2026-09-27T09:02:47.369,DEMO,DEMO,DEMO_MODE,20603d5f2ab0433a9f0a14d9807a08c0,100.0,1.0,10.0,8.0,50.0,-40.0,99.0,1.98,0.54,50.0
2026-09-27T09:02:47.490,DEMO,DEMO,DEMO_MODE,20603d5f2ab0433a9f0a14d9807a08c0,100.0,1.0,10.0,8.0,50.0,-40.0,99.0,1.98,0.54,50.0
2026-09-27T09:02:47.611,DEMO,DEMO,DEMO_MODE,20603d5f2ab0433a9f0a14d9807a08c0,100.0,1.0,10.0,8.0,50.0,-40.0,99.0,1.98,0.54,50.0
2026-09-27T09:02:47.731,DEMO,DEMO,DEMO_MODE,20603d5f2ab0433a9f0a14d9807a08c0,100.0,1.0,10.0,8.0,50.0,-40.0,99.0,1.98,0.54,50.0
2026-09-27T09:02:47.857,DEMO,DEMO,DEMO_MODE,20603d5f2ab0433a9f0a14d9807a08c0,100.0,1.0,10.0,8.0,50.0,-40.0,99.0,1.98,0.54,50.0
2026-09-27T09:02:47.978,DEMO,DEMO,DEMO_MODE,20603d5f2ab0433a9f0a14d9807a08c0,100.0,1.0,10.0,8.0,50.0,-40.0,99.0,1.98,0.54,50.0
2026-09-27T09:02:48.100,DEMO,DEMO,DEMO_MODE,20603d5f2ab0433a9f0a14d9807a08c0,100.0,1.0,10.0,8.0,50.0,-40.0,99.0,1.98,0.54,50.0
2026-09-27T09:02:48.220,DEMO,DEMO,DEMO_MODE,20603d5f2ab0433a9f0a14d9807a08c0,100.0,1.0,10.0,8.0,50.0,-40.0,99.0,1.98,0.54,50.0
2026-09-27T09:02:48.341,DEMO,DEMO,DEMO_MODE,20603d5f2ab0433a9f0a14d9807a08c0,100.0,1.0,10.0,8.0,50.0,-40.0,99.0,1.98,0.54,50.0
2026-09-27T09:02:48.462,DEMO,DEMO,DEMO_MODE,20603d5f2ab0433a9f0a14d9807a08c0,100.0,1.0,10.0,8.0,50.0,-40.0,99.0,1.98,0.54,50.0
2026-09-27T09:02:48.582,DEMO,DEMO,DEMO_MODE,20603d5f2ab0433a9f0a14d9807a08c0,100.0,1.0,10.0,8.0,50.0,-40.0,99.0,1.98,0.54,50.0
2026-09-27T09:02:48.702,DEMO,DEMO,DEMO_MODE,20603d5f2ab0433a9f0a14d9807a08c0,100.0,1.0,10.0,8.0,50.0,-40.0,99.0,1.98,0.54,50.0
2026-09-27T09:02:48.823,DEMO,DEMO,DEMO_MODE,20603d5f2ab0433a9f0a14d9807a08c0,100.0,1.0,10.0,8.0,50.0,-40.0,99.0,1.98,0.54,50.0
2026-09-27T09:02:48.944,DEMO,DEMO,DEMO_MODE,20603d5f2ab0433a9f0a14d9807a08c0,100.0,1.0,10.0,8.0,50.0,-40.0,99.0,1.98,0.54,50.0
2026-09-27T09:02:49.065,DEMO,DEMO,DEMO_MODE,20603d5f2ab0433a9f0a14d9807a08c0,100.0,1.0,10.0,8.0,50.0,-40.0,99.0,1.98,0.54,50.0
2026-09-27T09:02:49.186,DEMO,DEMO,DEMO_MODE,20603d5f2ab0433a9f0a14d9807a08c0,100.0,1.0,10.0,8.0,50.0,-40.0,99.0,1.98,0.54,50.0
2026-09-27T09:02:49.307,DEMO,DEMO,DEMO_MODE,20603d5f2ab0433a9f0a14d9807a08c0,100.0,1.0,10.0,8.0,50.0,-40.0,99.0,1.98,0.54,50.0
2026-09-27T09:02:49.427,DEMO,DEMO,DEMO_MODE,20603d5f2ab0433a9f0a14d9807a08c0,100.0,1.0,10.0,8.0,50.0,-40.0,99.0,1.98,0.54,50.0
2026-09-27T09:02:49.548,DEMO,DEMO,DEMO_MODE,20603d5f2ab0433a9f0a14d9807a08c0,100.0,1.0,10.0,8.0,50.0,-40.0,99.0,1.98,0.54,50.0
2026-09-27T09:02:49.668,DEMO,DEMO,DEMO_MODE,20603d5f2ab0433a9f0a14d9807a08c0,100.0,1.0,10.0,8.0,50.0,-40.0,99.0,1.98,0.54,50.0
2026-09-27T09:02:49.789,DEMO,DEMO,DEMO_MODE,20603d5f2ab0433a9f0a14d9807a08c0,100.0,1.0,10.0,8.0,50.0,-40.0,99.0,1.98,0.54,50.0
2026-09-27T09:02:49.910,DEMO,DEMO,DEMO_MODE,20603d5f2ab0433a9f0a14d9807a08c0,100.0,1.0,10.0,8.0,50.0,-40.0,99.0,1.98,0.54,50.0
2026-09-27T09:02:50.030,DEMO,DEMO,DEMO_MODE,20603d5f2ab0433a9f0a14d9807a08c0,100.0,1.0,10.0,8.0,50.0,-40.0,99.0,1.98,0.54,50.0
2026-09-27T09:02:50.151,DEMO,DEMO,DEMO_MODE,20603d5f2ab0433a9f0a14d9807a08c0,100.0,1.0,10.0,8.0,50.0,-40.0,99.0,1.98,0.54,50.0
2026-09-27T09:02:50.271,DEMO,DEMO,DEMO_MODE,20603d5f2ab0433a9f0a14d9807a08c0,100.0,1.0,10.0,8.0,50.0,-40.0,99.0,1.98,0.54,50.0
2026-09-27T09:02:50.392,DEMO,DEMO,DEMO_MODE,20603d5f2ab0433a9f0a14d9807a08c0,100.0,1.0,10.0,8.0,50.0,-40.0,99.0,1.98,0.54,50.0
2026-09-27T09:02:50.512,DEMO,DEMO,DEMO_MODE,20603d5f2ab0433a9f0a14d9807a08c0,100.0,1.0,10.0,8.0,50.0,-40.0,99.0,1.98,0.54,50.0
2026-09-27T09:02:50.633,DEMO,DEMO,DEMO_MODE,20603d5f2ab0433a9f0a14d9807a08c0,100.0,1.0,10.0,8.0,50.0,-40.0,99.0,1.98,0.54,50.0
2026-09-27T09:02:50.754,DEMO,DEMO,DEMO_MODE,20603d5f2ab0433a9f0a14d9807a08c0,100.0,1.0,10.0,8.0,50.0,-40.0,99.0,1.98,0.54,50.0
2026-09-27T09:02:50.875,DEMO,DEMO,DEMO_MODE,20603d5f2ab0433a9f0a14d9807a08c0,100.0,1.0,10.0,8.0,50.0,-40.0,99.0,1.98,0.54,50.0
2026-09-27T09:02:50.995,DEMO,DEMO,DEMO_MODE,20603d5f2ab0433a9f0a14d9807a08c0,100.0,1.0,10.0,8.0,50.0,-40.0,99.0,1.98,0.54,50.0
2026-09-27T09:02:51.116,DEMO,DEMO,DEMO_MODE,20603d5f2ab0433a9f0a14d9807a08c0,100.0,1.0,10.0,8.0,50.0,-40.0,99.0,1.98,0.54,50.0
2026-09-27T09:02:51.236,DEMO,DEMO,DEMO_MODE,20603d5f2ab0433a9f0a14d9807a08c0,100.0,1.0,10.0,8.0,50.0,-40.0,99.0,1.98,0.54,50.0
2026-09-27T09:02:51.357,DEMO,DEMO,DEMO_MODE,20603d5f2ab0433a9f0a14d9807a08c0,100.0,1.0,10.0,8.0,50.0,-40.0,99.0,1.98,0.54,50.0
2026-09-27T09:02:51.478,DEMO,DEMO,DEMO_MODE,20603d5f2ab0433a9f0a14d9807a08c0,100.0,1.0,10.0,8.0,50.0,-40.0,99.0,1.98,0.54,50.0
2026-09-27T09:02:51.599,DEMO,DEMO,DEMO_MODE,20603d5f2ab0433a9f0a14d9807a08c0,100.0,1.0,10.0,8.0,50.0,-40.0,99.0,1.98,0.54,50.0
2026-09-27T09:02:51.719,DEMO,DEMO,DEMO_MODE,20603d5f2ab0433a9f0a14d9807a08c0,100.0,1.0,10.0,8.0,50.0,-40.0,99.0,1.98,0.54,50.0
2026-09-27T09:02:51.840,DEMO,DEMO,DEMO_MODE,20603d5f2ab0433a9f0a14d9807a08c0,100.0,1.0,10.0,8.0,50.0,-40.0,99.0,1.98,0.54,50.0
2026-09-27T09:02:51.960,DEMO,DEMO,DEMO_MODE,20603d5f2ab0433a9f0a14d9807a08c0,100.0,1.0,10.0,12.0,50.0,-40.0,99.0,1.98,0.54,50.0
2026-09-27T09:02:52.081,DEMO,DEMO,DEMO_MODE,20603d5f2ab0433a9f0a14d9807a08c0,100.0,1.0,10.0,12.0,50.0,-40.0,99.0,1.98,0.54,50.0
2026-09-27T09:02:52.201,DEMO,DEMO,DEMO_MODE,20603d5f2ab0433a9f0a14d9807a08c0,100.0,1.0,10.0,12.0,50.0,-40.0,99.0,1.98,0.54,50.0
2026-09-27T09:02:52.322,DEMO,DEMO,DEMO_MODE,20603d5f2ab0433a9f0a14d9807a08c0,100.0,1.0,10.0,12.0,50.0,-40.0,99.0,1.98,0.54,50.0
2026-09-27T09:02:52.443,DEMO,DEMO,DEMO_MODE,20603d5f2ab0433a9f0a14d9807a08c0,100.0,1.0,10.0,12.0,50.0,-40.0,99.0,1.98,0.54,50.0
2026-09-27T09:02:52.564,DEMO,DEMO,DEMO_MODE,20603d5f2ab0433a9f0a14d9807a08c0,100.0,1.0,10.0,12.0,50.0,-40.0,99.0,1.98,0.54,50.0
2026-09-27T09:02:52.684,DEMO,DEMO,DEMO_MODE,20603d5f2ab0433a9f0a14d9807a08c0,100.0,1.0,10.0,12.0,50.0,-40.0,99.0,1.98,0.54,50.0
2026-09-27T09:02:52.805,DEMO,DEMO,DEMO_MODE,20603d5f2ab0433a9f0a14d9807a08c0,100.0,1.0,10.0,12.0,50.0,-40.0,99.0,1.98,0.54,50.0
2026-09-27T09:02:52.927,DEMO,DEMO,DEMO_MODE,20603d5f2ab0433a9f0a14d9807a08c0,100.0,1.0,10.0,12.0,50.0,-40.0,99.0,1.98,0.54,50.0
2026-09-27T09:02:53.048,DEMO,DEMO,DEMO_MODE,20603d5f2ab0433a9f0a14d9807a08c0,100.0,1.0,10.0,12.0,50.0,-40.0,99.0,1.98,0.54,50.0
2026-09-27T09:02:53.168,DEMO,DEMO,DEMO_MODE,20603d5f2ab0433a9f0a14d9807a08c0,100.0,1.0,10.0,12.0,50.0,-40.0,99.0,1.98,0.54,50.0
2026-09-27T09:02:53.289,DEMO,DEMO,DEMO_MODE,20603d5f2ab0433a9f0a14d9807a08c0,100.0,1.0,10.0,12.0,50.0,-40.0,99.0,1.98,0.54,50.0
2026-09-27T09:02:53.409,DEMO,DEMO,DEMO_MODE,20603d5f2ab0433a9f0a14d9807a08c0,100.0,1.0,10.0,12.0,50.0,-40.0,99.0,1.98,0.54,50.0
2026-09-27T09:02:53.530,DEMO,DEMO,DEMO_MODE,20603d5f2ab0433a9f0a14d9807a08c0,100.0,1.0,10.0,12.0,50.0,-40.0,99.0,1.98,0.54,50.0
2026-09-27T09:02:53.651,DEMO,DEMO,DEMO_MODE,20603d5f2ab0433a9f0a14d9807a08c0,100.0,1.0,10.0,12.0,50.0,-40.0,99.0,1.98,0.54,50.0
2026-09-27T09:02:53.771,DEMO,DEMO,DEMO_MODE,20603d5f2ab0433a9f0a14d9807a08c0,100.0,1.0,10.0,12.0,50.0,-40.0,99.0,1.98,0.54,50.0
2026-09-27T09:02:53.892,DEMO,DEMO,DEMO_MODE,20603d5f2ab0433a9f0a14d9807a08c0,100.0,1.0,10.0,12.0,50.0,-40.0,99.0,1.98,0.54,50.0
2026-09-27T09:02:54.013,DEMO,DEMO,DEMO_MODE,20603d5f2ab0433a9f0a14d9807a08c0,100.0,1.0,10.0,12.0,50.0,-40.0,99.0,1.98,0.54,50.0
2026-09-27T09:02:54.133,DEMO,DEMO,DEMO_MODE,20603d5f2ab0433a9f0a14d9807a08c0,100.0,1.0,10.0,12.0,50.0,-40.0,99.0,1.98,0.54,50.0
2026-09-27T09:02:54.253,DEMO,DEMO,DEMO_MODE,20603d5f2ab0433a9f0a14d9807a08c0,100.0,1.0,10.0,12.0,50.0,-40.0,99.0,1.98,0.54,50.0
2026-09-27T09:02:54.374,DEMO,DEMO,DEMO_MODE,20603d5f2ab0433a9f0a14d9807a08c0,100.0,1.0,10.0,12.0,50.0,-40.0,99.0,1.98,0.54,50.0
2026-09-27T09:02:54.494,DEMO,DEMO,DEMO_MODE,20603d5f2ab0433a9f0a14d9807a08c0,100.0,1.0,10.0,12.0,50.0,-40.0,99.0,1.98,0.54,50.0
2026-09-27T09:02:54.615,DEMO,DEMO,DEMO_MODE,20603d5f2ab0433a9f0a14d9807a08c0,100.0,1.0,10.0,12.0,50.0,-40.0,99.0,1.98,0.54,50.0
2026-09-27T09:02:54.736,DEMO,DEMO,DEMO_MODE,20603d5f2ab0433a9f0a14d9807a08c0,100.0,1.0,10.0,12.0,50.0,-40.0,99.0,1.98,0.54,50.0
2026-09-27T09:02:54.857,DEMO,DEMO,DEMO_MODE,20603d5f2ab0433a9f0a14d9807a08c0,100.0,1.0,10.0,12.0,50.0,-40.0,99.0,1.98,0.54,50.0
2026-09-27T09:02:54.978,DEMO,DEMO,DEMO_MODE,20603d5f2ab0433a9f0a14d9807a08c0,100.0,2.0,10.0,12.0,50.0,-40.0,98.0,1.96,0.54,50.0
2026-09-27T09:02:55.104,DEMO,DEMO,DEMO_MODE,20603d5f2ab0433a9f0a14d9807a08c0,100.0,2.0,10.0,12.0,50.0,-40.0,98.0,1.96,0.54,50.0
2026-09-27T09:02:55.225,DEMO,DEMO,DEMO_MODE,20603d5f2ab0433a9f0a14d9807a08c0,100.0,2.0,10.0,12.0,50.0,-40.0,98.0,1.96,0.54,50.0
2026-09-27T09:02:55.346,DEMO,DEMO,DEMO_MODE,20603d5f2ab0433a9f0a14d9807a08c0,100.0,2.0,10.0,12.0,50.0,-40.0,98.0,1.96,0.54,50.0
2026-09-27T09:02:55.466,DEMO,DEMO,DEMO_MODE,20603d5f2ab0433a9f0a14d9807a08c0,100.0,2.0,10.0,12.0,50.0,-40.0,98.0,1.96,0.54,50.0
2026-09-27T09:02:55.587,DEMO,DEMO,DEMO_MODE,20603d5f2ab0433a9f0a14d9807a08c0,100.0,2.0,10.0,12.0,50.0,-40.0,98.0,1.96,0.54,50.0
2026-09-27T09:02:55.707,DEMO,DEMO,DEMO_MODE,20603d5f2ab0433a9f0a14d9807a08c0,100.0,2.0,10.0,12.0,50.0,-40.0,98.0,1.96,0.54,50.0
2026-09-27T09:02:55.828,DEMO,DEMO,DEMO_MODE,20603d5f2ab0433a9f0a14d9807a08c0,100.0,2.0,10.0,12.0,50.0,-40.0,98.0,1.96,0.54,50.0
2026-09-27T09:02:55.949,DEMO,DEMO,DEMO_MODE,20603d5f2ab0433a9f0a14d9807a08c0,100.0,2.0,10.0,12.0,50.0,-40.0,98.0,1.96,0.54,50.0
2026-09-27T09:02:56.069,DEMO,DEMO,DEMO_MODE,20603d5f2ab0433a9f0a14d9807a08c0,100.0,2.0,10.0,12.0,50.0,-40.0,98.0,1.96,0.54,50.0
2026-09-27T09:02:56.190,DEMO,DEMO,DEMO_MODE,20603d5f2ab0433a9f0a14d9807a08c0,100.0,2.0,10.0,12.0,50.0,-40.0,98.0,1.96,0.54,50.0
2026-09-27T09:02:56.311,DEMO,DEMO,DEMO_MODE,20603d5f2ab0433a9f0a14d9807a08c0,100.0,2.0,10.0,12.0,50.0,-40.0,98.0,1.96,0.54,50.0
2026-09-27T09:02:56.432,DEMO,DEMO,DEMO_MODE,20603d5f2ab0433a9f0a14d9807a08c0,100.0,2.0,10.0,12.0,50.0,-40.0,98.0,1.96,0.54,50.0
2026-09-27T09:02:56.553,DEMO,DEMO,DEMO_MODE,20603d5f2ab0433a9f0a14d9807a08c0,100.0,2.0,10.0,12.0,50.0,-40.0,98.0,1.96,0.54,50.0
2026-09-27T09:02:56.674,DEMO,DEMO,DEMO_MODE,20603d5f2ab0433a9f0a14d9807a08c0,100.0,2.0,10.0,12.0,50.0,-40.0,98.0,1.96,0.54,50.0
2026-09-27T09:02:56.795,DEMO,DEMO,DEMO_MODE,20603d5f2ab0433a9f0a14d9807a08c0,100.0,2.0,10.0,12.0,50.0,-40.0,98.0,1.96,0.54,50.0
2026-09-27T09:02:56.915,DEMO,DEMO,DEMO_MODE,20603d5f2ab0433a9f0a14d9807a08c0,100.0,2.0,10.0,12.0,50.0,-40.0,98.0,1.96,0.54,50.0
2026-09-27T09:02:57.036,DEMO,DEMO,DEMO_MODE,20603d5f2ab0433a9f0a14d9807a08c0,200.0,2.0,20.0,16.0,100.0,-30.0,198.0,1.98,0.54,50.0
2026-09-27T09:02:57.156,DEMO,DEMO,DEMO_MODE,20603d5f2ab0433a9f0a14d9807a08c0,200.0,2.0,20.0,16.0,100.0,-30.0,198.0,1.98,0.54,50.0
2026-09-27T09:02:57.277,DEMO,DEMO,DEMO_MODE,20603d5f2ab0433a9f0a14d9807a08c0,200.0,2.0,20.0,16.0,100.0,-30.0,198.0,1.98,0.54,50.0
2026-09-27T09:02:57.398,DEMO,DEMO,DEMO_MODE,20603d5f2ab0433a9f0a14d9807a08c0,200.0,2.0,20.0,16.0,100.0,-30.0,198.0,1.98,0.54,50.0
2026-09-27T09:02:57.519,DEMO,DEMO,DEMO_MODE,20603d5f2ab0433a9f0a14d9807a08c0,200.0,2.0,20.0,16.0,100.0,-30.0,198.0,1.98,0.54,50.0
2026-09-27T09:02:57.640,DEMO,DEMO,DEMO_MODE,20603d5f2ab0433a9f0a14d9807a08c0,200.0,2.0,20.0,16.0,100.0,-30.0,198.0,1.98,0.54,50.0
2026-09-27T09:02:57.760,DEMO,DEMO,DEMO_MODE,20603d5f2ab0433a9f0a14d9807a08c0,200.0,2.0,20.0,16.0,100.0,-30.0,198.0,1.98,0.54,50.0
2026-09-27T09:02:57.881,DEMO,DEMO,DEMO_MODE,20603d5f2ab0433a9f0a14d9807a08c0,200.0,2.0,20.0,16.0,100.0,-30.0,198.0,1.98,0.54,50.0
2026-09-27T09:02:58.002,DEMO,DEMO,DEMO_MODE,20603d5f2ab0433a9f0a14d9807a08c0,200.0,2.0,20.0,16.0,100.0,-30.0,198.0,1.98,0.54,50.0
2026-09-27T09:02:58.123,DEMO,DEMO,DEMO_MODE,20603d5f2ab0433a9f0a14d9807a08c0,200.0,2.0,20.0,16.0,100.0,-30.0,198.0,1.98,0.54,50.0
2026-09-27T09:02:58.244,DEMO,DEMO,DEMO_MODE,20603d5f2ab0433a9f0a14d9807a08c0,200.0,2.0,20.0,16.0,100.0,-30.0,198.0,1.98,0.54,50.0
2026-09-27T09:02:58.364,DEMO,DEMO,DEMO_MODE,20603d5f2ab0433a9f0a14d9807a08c0,200.0,2.0,20.0,16.0,100.0,-30.0,198.0,1.98,0.54,50.0
2026-09-27T09:02:58.485,DEMO,DEMO,DEMO_MODE,20603d5f2ab0433a9f0a14d9807a08c0,200.0,2.0,20.0,16.0,100.0,-30.0,198.0,1.98,0.54,50.0
2026-09-27T09:02:58.606,DEMO,DEMO,DEMO_MODE,20603d5f2ab0433a9f0a14d9807a08c0,200.0,2.0,20.0,16.0,100.0,-30.0,198.0,1.98,0.54,50.0
2026-09-27T09:02:58.726,DEMO,DEMO,DEMO_MODE,20603d5f2ab0433a9f0a14d9807a08c0,200.0,2.0,20.0,16.0,100.0,-30.0,198.0,1.98,0.54,50.0
2026-09-27T09:02:58.847,DEMO,DEMO,DEMO_MODE,20603d5f2ab0433a9f0a14d9807a08c0,200.0,2.0,20.0,16.0,100.0,-30.0,198.0,1.98,0.54,50.0
2026-09-27T09:02:58.968,DEMO,DEMO,DEMO_MODE,20603d5f2ab0433a9f0a14d9807a08c0,200.0,2.0,20.0,16.0,100.0,-30.0,198.0,1.98,0.54,50.0
2026-09-27T09:02:59.088,DEMO,DEMO,DEMO_MODE,20603d5f2ab0433a9f0a14d9807a08c0,200.0,2.0,20.0,16.0,100.0,-30.0,198.0,1.98,0.54,50.0
2026-09-27T09:02:59.210,DEMO,DEMO,DEMO_MODE,20603d5f2ab0433a9f0a14d9807a08c0,200.0,2.0,20.0,16.0,100.0,-30.0,198.0,1.98,0.54,50.0
2026-09-27T09:02:59.331,DEMO,DEMO,DEMO_MODE,20603d5f2ab0433a9f0a14d9807a08c0,200.0,2.0,20.0,16.0,100.0,-30.0,198.0,1.98,0.54,50.0
2026-09-27T09:02:59.451,DEMO,DEMO,DEMO_MODE,20603d5f2ab0433a9f0a14d9807a08c0,200.0,2.0,20.0,16.0,100.0,-30.0,198.0,1.98,0.54,50.0
2026-09-27T09:02:59.572,DEMO,DEMO,DEMO_MODE,20603d5f2ab0433a9f0a14d9807a08c0,200.0,2.0,20.0,16.0,100.0,-30.0,198.0,1.98,0.54,50.0
2026-09-27T09:02:59.692,DEMO,DEMO,DEMO_MODE,20603d5f2ab0433a9f0a14d9807a08c0,200.0,2.0,20.0,16.0,100.0,-30.0,198.0,1.98,0.54,50.0
2026-09-27T09:02:59.814,DEMO,DEMO,DEMO_MODE,20603d5f2ab0433a9f0a14d9807a08c0,200.0,2.0,20.0,16.0,100.0,-30.0,198.0,1.98,0.54,50.0
2026-09-27T09:02:59.935,DEMO,DEMO,DEMO_MODE,20603d5f2ab0433a9f0a14d9807a08c0,200.0,2.0,20.0,16.0,100.0,-30.0,198.0,1.98,0.54,50.0
2026-09-27T09:03:00.055,DEMO,DEMO,DEMO_MODE,20603d5f2ab0433a9f0a14d9807a08c0,200.0,2.0,20.0,16.0,100.0,-30.0,198.0,1.98,0.54,50.0
2026-09-27T09:03:00.176,DEMO,DEMO,DEMO_MODE,20603d5f2ab0433a9f0a14d9807a08c0,200.0,2.0,20.0,16.0,100.0,-30.0,198.0,1.98,0.54,50.0
2026-09-27T09:03:00.297,DEMO,DEMO,DEMO_MODE,20603d5f2ab0433a9f0a14d9807a08c0,200.0,2.0,20.0,16.0,100.0,-30.0,198.0,1.98,0.54,50.0
2026-09-27T09:03:00.418,DEMO,DEMO,DEMO_MODE,20603d5f2ab0433a9f0a14d9807a08c0,200.0,2.0,20.0,16.0,100.0,-30.0,198.0,1.98,0.54,50.0
2026-09-27T09:03:00.539,DEMO,DEMO,DEMO_MODE,20603d5f2ab0433a9f0a14d9807a08c0,200.0,2.0,20.0,16.0,100.0,-30.0,198.0,1.98,0.54,50.0
2026-09-27T09:03:00.660,DEMO,DEMO,DEMO_MODE,20603d5f2ab0433a9f0a14d9807a08c0,200.0,2.0,20.0,16.0,100.0,-30.0,198.0,1.98,0.54,50.0
2026-09-27T09:03:00.781,DEMO,DEMO,DEMO_MODE,20603d5f2ab0433a9f0a14d9807a08c0,200.0,2.0,20.0,16.0,100.0,-30.0,198.0,1.98,0.54,50.0
2026-09-27T09:03:00.901,DEMO,DEMO,DEMO_MODE,20603d5f2ab0433a9f0a14d9807a08c0,200.0,2.0,20.0,16.0,100.0,-30.0,198.0,1.98,0.54,50.0
2026-09-27T09:03:01.022,DEMO,DEMO,DEMO_MODE,20603d5f2ab0433a9f0a14d9807a08c0,200.0,2.0,20.0,16.0,100.0,-30.0,198.0,1.98,0.54,50.0
2026-09-27T09:03:01.143,DEMO,DEMO,DEMO_MODE,20603d5f2ab0433a9f0a14d9807a08c0,200.0,2.0,20.0,16.0,100.0,-30.0,198.0,1.98,0.54,50.0
2026-09-27T09:03:01.264,DEMO,DEMO,DEMO_MODE,20603d5f2ab0433a9f0a14d9807a08c0,200.0,2.0,20.0,16.0,100.0,-30.0,198.0,1.98,0.54,50.0
2026-09-27T09:03:01.384,DEMO,DEMO,DEMO_MODE,20603d5f2ab0433a9f0a14d9807a08c0,200.0,2.0,20.0,16.0,100.0,-30.0,198.0,1.98,0.54,50.0
2026-09-27T09:03:01.504,DEMO,DEMO,DEMO_MODE,20603d5f2ab0433a9f0a14d9807a08c0,200.0,2.0,20.0,16.0,100.0,-30.0,198.0,1.98,0.54,50.0
2026-09-27T09:03:01.625,DEMO,DEMO,DEMO_MODE,20603d5f2ab0433a9f0a14d9807a08c0,200.0,2.0,20.0,16.0,100.0,-30.0,198.0,1.98,0.54,50.0
2026-09-27T09:03:01.746,DEMO,DEMO,DEMO_MODE,20603d5f2ab0433a9f0a14d9807a08c0,200.0,2.0,20.0,16.0,100.0,-30.0,198.0,1.98,0.54,50.0
2026-09-27T09:03:01.867,DEMO,DEMO,DEMO_MODE,20603d5f2ab0433a9f0a14d9807a08c0,200.0,2.0,20.0,16.0,100.0,-30.0,198.0,1.98,0.54,50.0
2026-09-27T09:03:01.987,DEMO,DEMO,DEMO_MODE,20603d5f2ab0433a9f0a14d9807a08c0,200.0,2.0,20.0,16.0,100.0,-30.0,198.0,1.98,0.54,50.0
2026-09-27T09:03:02.108,DEMO,DEMO,DEMO_MODE,20603d5f2ab0433a9f0a14d9807a08c0,200.0,2.0,20.0,20.0,100.0,-30.0,198.0,1.98,0.54,50.0
2026-09-27T09:03:02.228,DEMO,DEMO,DEMO_MODE,20603d5f2ab0433a9f0a14d9807a08c0,200.0,2.0,20.0,20.0,100.0,-30.0,198.0,1.98,0.54,50.0
2026-09-27T09:03:02.350,DEMO,DEMO,DEMO_MODE,20603d5f2ab0433a9f0a14d9807a08c0,200.0,2.0,20.0,20.0,100.0,-30.0,198.0,1.98,0.54,50.0
2026-09-27T09:03:02.471,DEMO,DEMO,DEMO_MODE,20603d5f2ab0433a9f0a14d9807a08c0,200.0,2.0,20.0,20.0,100.0,-30.0,198.0,1.98,0.54,50.0
2026-09-27T09:03:02.592,DEMO,DEMO,DEMO_MODE,20603d5f2ab0433a9f0a14d9807a08c0,200.0,2.0,20.0,20.0,100.0,-30.0,198.0,1.98,0.54,50.0
2026-09-27T09:03:02.712,DEMO,DEMO,DEMO_MODE,20603d5f2ab0433a9f0a14d9807a08c0,200.0,2.0,20.0,20.0,100.0,-30.0,198.0,1.98,0.54,50.0
2026-09-27T09:03:02.833,DEMO,DEMO,DEMO_MODE,20603d5f2ab0433a9f0a14d9807a08c0,200.0,2.0,20.0,20.0,100.0,-30.0,198.0,1.98,0.54,50.0
2026-09-27T09:03:02.954,DEMO,DEMO,DEMO_MODE,20603d5f2ab0433a9f0a14d9807a08c0,200.0,2.0,20.0,20.0,100.0,-30.0,198.0,1.98,0.54,50.0
2026-09-27T09:03:03.075,DEMO,DEMO,DEMO_MODE,20603d5f2ab0433a9f0a14d9807a08c0,200.0,2.0,20.0,20.0,100.0,-30.0,198.0,1.98,0.54,50.0
2026-09-27T09:03:03.196,DEMO,DEMO,DEMO_MODE,20603d5f2ab0433a9f0a14d9807a08c0,200.0,2.0,20.0,20.0,100.0,-30.0,198.0,1.98,0.54,50.0
2026-09-27T09:03:03.316,DEMO,DEMO,DEMO_MODE,20603d5f2ab0433a9f0a14d9807a08c0,200.0,2.0,20.0,20.0,100.0,-30.0,198.0,1.98,0.54,50.0
2026-09-27T09:03:03.438,DEMO,DEMO,DEMO_MODE,20603d5f2ab0433a9f0a14d9807a08c0,200.0,2.0,20.0,20.0,100.0,-30.0,198.0,1.98,0.54,50.0
2026-09-27T09:03:03.558,DEMO,DEMO,DEMO_MODE,20603d5f2ab0433a9f0a14d9807a08c0,200.0,2.0,20.0,20.0,100.0,-30.0,198.0,1.98,0.54,50.0
2026-09-27T09:03:03.679,DEMO,DEMO,DEMO_MODE,20603d5f2ab0433a9f0a14d9807a08c0,200.0,2.0,20.0,20.0,100.0,-30.0,198.0,1.98,0.54,50.0
2026-09-27T09:03:03.799,DEMO,DEMO,DEMO_MODE,20603d5f2ab0433a9f0a14d9807a08c0,200.0,2.0,20.0,20.0,100.0,-30.0,198.0,1.98,0.54,50.0
2026-09-27T09:03:03.920,DEMO,DEMO,DEMO_MODE,20603d5f2ab0433a9f0a14d9807a08c0,200.0,2.0,20.0,20.0,100.0,-30.0,198.0,1.98,0.54,50.0
2026-09-27T09:03:04.041,DEMO,DEMO,DEMO_MODE,20603d5f2ab0433a9f0a14d9807a08c0,200.0,3.0,20.0,20.0,100.0,-30.0,197.0,1.97,0.54,50.0
2026-09-27T09:03:04.162,DEMO,DEMO,DEMO_MODE,20603d5f2ab0433a9f0a14d9807a08c0,200.0,3.0,20.0,20.0,100.0,-30.0,197.0,1.97,0.54,50.0
2026-09-27T09:03:04.282,DEMO,DEMO,DEMO_MODE,20603d5f2ab0433a9f0a14d9807a08c0,200.0,3.0,20.0,20.0,100.0,-30.0,197.0,1.97,0.54,50.0
2026-09-27T09:03:04.403,DEMO,DEMO,DEMO_MODE,20603d5f2ab0433a9f0a14d9807a08c0,200.0,3.0,20.0,20.0,100.0,-30.0,197.0,1.97,0.54,50.0
2026-09-27T09:03:04.523,DEMO,DEMO,DEMO_MODE,20603d5f2ab0433a9f0a14d9807a08c0,200.0,3.0,20.0,20.0,100.0,-30.0,197.0,1.97,0.54,50.0
2026-09-27T09:03:04.644,DEMO,DEMO,DEMO_MODE,20603d5f2ab0433a9f0a14d9807a08c0,200.0,3.0,20.0,20.0,100.0,-30.0,197.0,1.97,0.54,50.0
2026-09-27T09:03:04.765,DEMO,DEMO,DEMO_MODE,20603d5f2ab0433a9f0a14d9807a08c0,200.0,3.0,20.0,20.0,100.0,-30.0,197.0,1.97,0.54,50.0
2026-09-27T09:03:04.886,DEMO,DEMO,DEMO_MODE,20603d5f2ab0433a9f0a14d9807a08c0,200.0,3.0,20.0,20.0,100.0,-30.0,197.0,1.97,0.54,50.0
2026-09-27T09:03:05.007,DEMO,DEMO,DEMO_MODE,20603d5f2ab0433a9f0a14d9807a08c0,200.0,3.0,20.0,20.0,100.0,-30.0,197.0,1.97,0.54,50.0
2026-09-27T09:03:05.127,DEMO,DEMO,DEMO_MODE,20603d5f2ab0433a9f0a14d9807a08c0,200.0,3.0,20.0,20.0,100.0,-30.0,197.0,1.97,0.54,50.0
2026-09-27T09:03:05.248,DEMO,DEMO,DEMO_MODE,20603d5f2ab0433a9f0a14d9807a08c0,200.0,3.0,20.0,20.0,100.0,-30.0,197.0,1.97,0.54,50.0
2026-09-27T09:03:05.368,DEMO,DEMO,DEMO_MODE,20603d5f2ab0433a9f0a14d9807a08c0,200.0,3.0,20.0,20.0,100.0,-30.0,197.0,1.97,0.54,50.0
2026-09-27T09:03:05.490,DEMO,DEMO,DEMO_MODE,20603d5f2ab0433a9f0a14d9807a08c0,200.0,3.0,20.0,20.0,100.0,-30.0,197.0,1.97,0.54,50.0
2026-09-27T09:03:05.610,DEMO,DEMO,DEMO_MODE,20603d5f2ab0433a9f0a14d9807a08c0,200.0,3.0,20.0,20.0,100.0,-30.0,197.0,1.97,0.54,50.0
2026-09-27T09:03:05.731,DEMO,DEMO,DEMO_MODE,20603d5f2ab0433a9f0a14d9807a08c0,200.0,3.0,20.0,20.0,100.0,-30.0,197.0,1.97,0.54,50.0
2026-09-27T09:03:05.854,DEMO,DEMO,DEMO_MODE,20603d5f2ab0433a9f0a14d9807a08c0,200.0,3.0,20.0,20.0,100.0,-30.0,197.0,1.97,0.54,50.0
2026-09-27T09:03:05.975,DEMO,DEMO,DEMO_MODE,20603d5f2ab0433a9f0a14d9807a08c0,200.0,3.0,20.0,20.0,100.0,-30.0,197.0,1.97,0.54,50.0
2026-09-27T09:03:06.099,DEMO,DEMO,DEMO_MODE,20603d5f2ab0433a9f0a14d9807a08c0,200.0,3.0,20.0,20.0,100.0,-30.0,197.0,1.97,0.54,50.0
2026-09-27T09:03:06.220,DEMO,DEMO,DEMO_MODE,20603d5f2ab0433a9f0a14d9807a08c0,200.0,3.0,20.0,20.0,100.0,-30.0,197.0,1.97,0.54,50.0
2026-09-27T09:03:06.340,DEMO,DEMO,DEMO_MODE,20603d5f2ab0433a9f0a14d9807a08c0,200.0,3.0,20.0,20.0,100.0,-30.0,197.0,1.97,0.54,50.0
2026-09-27T09:03:06.461,DEMO,DEMO,DEMO_MODE,20603d5f2ab0433a9f0a14d9807a08c0,200.0,3.0,20.0,20.0,100.0,-30.0,197.0,1.97,0.54,50.0
2026-09-27T09:03:06.582,DEMO,DEMO,DEMO_MODE,20603d5f2ab0433a9f0a14d9807a08c0,200.0,3.0,20.0,20.0,100.0,-30.0,197.0,1.97,0.54,50.0
2026-09-27T09:03:06.703,DEMO,DEMO,DEMO_MODE,20603d5f2ab0433a9f0a14d9807a08c0,200.0,3.0,20.0,20.0,100.0,-30.0,197.0,1.97,0.54,50.0
2026-09-27T09:03:06.823,DEMO,DEMO,DEMO_MODE,20603d5f2ab0433a9f0a14d9807a08c0,200.0,3.0,20.0,20.0,100.0,-30.0,197.0,1.97,0.54,50.0
2026-09-27T09:03:06.944,DEMO,DEMO,DEMO_MODE,20603d5f2ab0433a9f0a14d9807a08c0,200.0,3.0,20.0,20.0,100.0,-30.0,197.0,1.97,0.54,50.0
2026-09-27T09:03:07.065,DEMO,DEMO,DEMO_MODE,20603d5f2ab0433a9f0a14d9807a08c0,300.0,3.0,30.0,24.0,150.0,-20.0,297.0,1.98,0.54,50.0
2026-09-27T09:03:07.186,DEMO,DEMO,DEMO_MODE,20603d5f2ab0433a9f0a14d9807a08c0,300.0,3.0,30.0,24.0,150.0,-20.0,297.0,1.98,0.54,50.0
2026-09-27T09:03:07.306,DEMO,DEMO,DEMO_MODE,20603d5f2ab0433a9f0a14d9807a08c0,300.0,3.0,30.0,24.0,150.0,-20.0,297.0,1.98,0.54,50.0
2026-09-27T09:03:07.427,DEMO,DEMO,DEMO_MODE,20603d5f2ab0433a9f0a14d9807a08c0,300.0,3.0,30.0,24.0,150.0,-20.0,297.0,1.98,0.54,50.0
2026-09-27T09:03:07.548,DEMO,DEMO,DEMO_MODE,20603d5f2ab0433a9f0a14d9807a08c0,300.0,3.0,30.0,24.0,150.0,-20.0,297.0,1.98,0.54,50.0
2026-09-27T09:03:07.669,DEMO,DEMO,DEMO_MODE,20603d5f2ab0433a9f0a14d9807a08c0,300.0,3.0,30.0,24.0,150.0,-20.0,297.0,1.98,0.54,50.0
2026-09-27T09:03:07.790,DEMO,DEMO,DEMO_MODE,20603d5f2ab0433a9f0a14d9807a08c0,300.0,3.0,30.0,24.0,150.0,-20.0,297.0,1.98,0.54,50.0
2026-09-27T09:03:07.911,DEMO,DEMO,DEMO_MODE,20603d5f2ab0433a9f0a14d9807a08c0,300.0,3.0,30.0,24.0,150.0,-20.0,297.0,1.98,0.54,50.0
2026-09-27T09:03:08.032,DEMO,DEMO,DEMO_MODE,20603d5f2ab0433a9f0a14d9807a08c0,300.0,3.0,30.0,24.0,150.0,-20.0,297.0,1.98,0.54,50.0
2026-09-27T09:03:08.152,DEMO,DEMO,DEMO_MODE,20603d5f2ab0433a9f0a14d9807a08c0,300.0,3.0,30.0,24.0,150.0,-20.0,297.0,1.98,0.54,50.0
2026-09-27T09:03:08.273,DEMO,DEMO,DEMO_MODE,20603d5f2ab0433a9f0a14d9807a08c0,300.0,3.0,30.0,24.0,150.0,-20.0,297.0,1.98,0.54,50.0
2026-09-27T09:03:08.394,DEMO,DEMO,DEMO_MODE,20603d5f2ab0433a9f0a14d9807a08c0,300.0,3.0,30.0,24.0,150.0,-20.0,297.0,1.98,0.54,50.0
2026-09-27T09:03:08.515,DEMO,DEMO,DEMO_MODE,20603d5f2ab0433a9f0a14d9807a08c0,300.0,3.0,30.0,24.0,150.0,-20.0,297.0,1.98,0.54,50.0
2026-09-27T09:03:08.635,DEMO,DEMO,DEMO_MODE,20603d5f2ab0433a9f0a14d9807a08c0,300.0,3.0,30.0,24.0,150.0,-20.0,297.0,1.98,0.54,50.0
2026-09-27T09:03:08.756,DEMO,DEMO,DEMO_MODE,20603d5f2ab0433a9f0a14d9807a08c0,300.0,3.0,30.0,24.0,150.0,-20.0,297.0,1.98,0.54,50.0
2026-09-27T09:03:08.877,DEMO,DEMO,DEMO_MODE,20603d5f2ab0433a9f0a14d9807a08c0,300.0,3.0,30.0,24.0,150.0,-20.0,297.0,1.98,0.54,50.0
2026-09-27T09:03:08.998,DEMO,DEMO,DEMO_MODE,20603d5f2ab0433a9f0a14d9807a08c0,300.0,3.0,30.0,24.0,150.0,-20.0,297.0,1.98,0.54,50.0
2026-09-27T09:03:09.119,DEMO,DEMO,DEMO_MODE,20603d5f2ab0433a9f0a14d9807a08c0,300.0,3.0,30.0,24.0,150.0,-20.0,297.0,1.98,0.54,50.0
2026-09-27T09:03:09.240,DEMO,DEMO,DEMO_MODE,20603d5f2ab0433a9f0a14d9807a08c0,300.0,3.0,30.0,24.0,150.0,-20.0,297.0,1.98,0.54,50.0
2026-09-27T09:03:09.361,DEMO,DEMO,DEMO_MODE,20603d5f2ab0433a9f0a14d9807a08c0,300.0,3.0,30.0,24.0,150.0,-20.0,297.0,1.98,0.54,50.0
2026-09-27T09:03:09.481,DEMO,DEMO,DEMO_MODE,20603d5f2ab0433a9f0a14d9807a08c0,300.0,3.0,30.0,24.0,150.0,-20.0,297.0,1.98,0.54,50.0
2026-09-27T09:03:09.602,DEMO,DEMO,DEMO_MODE,20603d5f2ab0433a9f0a14d9807a08c0,300.0,3.0,30.0,24.0,150.0,-20.0,297.0,1.98,0.54,50.0
2026-09-27T09:03:09.722,DEMO,DEMO,DEMO_MODE,20603d5f2ab0433a9f0a14d9807a08c0,300.0,3.0,30.0,24.0,150.0,-20.0,297.0,1.98,0.54,50.0
2026-09-27T09:03:09.843,DEMO,DEMO,DEMO_MODE,20603d5f2ab0433a9f0a14d9807a08c0,300.0,3.0,30.0,24.0,150.0,-20.0,297.0,1.98,0.54,50.0
2026-09-27T09:03:09.964,DEMO,DEMO,DEMO_MODE,20603d5f2ab0433a9f0a14d9807a08c0,300.0,3.0,30.0,24.0,150.0,-20.0,297.0,1.98,0.54,50.0
2026-09-27T09:03:10.084,DEMO,DEMO,DEMO_MODE,20603d5f2ab0433a9f0a14d9807a08c0,300.0,3.0,30.0,24.0,150.0,-20.0,297.0,1.98,0.54,50.0
2026-09-27T09:03:10.205,DEMO,DEMO,DEMO_MODE,20603d5f2ab0433a9f0a14d9807a08c0,300.0,3.0,30.0,24.0,150.0,-20.0,297.0,1.98,0.54,50.0
2026-09-27T09:03:10.326,DEMO,DEMO,DEMO_MODE,20603d5f2ab0433a9f0a14d9807a08c0,300.0,3.0,30.0,24.0,150.0,-20.0,297.0,1.98,0.54,50.0
2026-09-27T09:03:10.447,DEMO,DEMO,DEMO_MODE,20603d5f2ab0433a9f0a14d9807a08c0,300.0,3.0,30.0,24.0,150.0,-20.0,297.0,1.98,0.54,50.0
2026-09-27T09:03:10.568,DEMO,DEMO,DEMO_MODE,20603d5f2ab0433a9f0a14d9807a08c0,300.0,3.0,30.0,24.0,150.0,-20.0,297.0,1.98,0.54,50.0
2026-09-27T09:03:10.690,DEMO,DEMO,DEMO_MODE,20603d5f2ab0433a9f0a14d9807a08c0,300.0,3.0,30.0,24.0,150.0,-20.0,297.0,1.98,0.54,50.0
2026-09-27T09:03:10.811,DEMO,DEMO,DEMO_MODE,20603d5f2ab0433a9f0a14d9807a08c0,300.0,3.0,30.0,24.0,150.0,-20.0,297.0,1.98,0.54,50.0
2026-09-27T09:03:10.931,DEMO,DEMO,DEMO_MODE,20603d5f2ab0433a9f0a14d9807a08c0,300.0,3.0,30.0,24.0,150.0,-20.0,297.0,1.98,0.54,50.0
2026-09-27T09:03:11.052,DEMO,DEMO,DEMO_MODE,20603d5f2ab0433a9f0a14d9807a08c0,300.0,3.0,30.0,24.0,150.0,-20.0,297.0,1.98,0.54,50.0
2026-09-27T09:03:11.172,DEMO,DEMO,DEMO_MODE,20603d5f2ab0433a9f0a14d9807a08c0,300.0,3.0,30.0,24.0,150.0,-20.0,297.0,1.98,0.54,50.0
2026-09-27T09:03:11.294,DEMO,DEMO,DEMO_MODE,20603d5f2ab0433a9f0a14d9807a08c0,300.0,3.0,30.0,24.0,150.0,-20.0,297.0,1.98,0.54,50.0
2026-09-27T09:03:11.414,DEMO,DEMO,DEMO_MODE,20603d5f2ab0433a9f0a14d9807a08c0,300.0,3.0,30.0,24.0,150.0,-20.0,297.0,1.98,0.54,50.0
2026-09-27T09:03:11.535,DEMO,DEMO,DEMO_MODE,20603d5f2ab0433a9f0a14d9807a08c0,300.0,3.0,30.0,24.0,150.0,-20.0,297.0,1.98,0.54,50.0
2026-09-27T09:03:11.655,DEMO,DEMO,DEMO_MODE,20603d5f2ab0433a9f0a14d9807a08c0,300.0,3.0,30.0,24.0,150.0,-20.0,297.0,1.98,0.54,50.0
2026-09-27T09:03:11.776,DEMO,DEMO,DEMO_MODE,20603d5f2ab0433a9f0a14d9807a08c0,300.0,3.0,30.0,24.0,150.0,-20.0,297.0,1.98,0.54,50.0
2026-09-27T09:03:11.897,DEMO,DEMO,DEMO_MODE,20603d5f2ab0433a9f0a14d9807a08c0,300.0,3.0,30.0,24.0,150.0,-20.0,297.0,1.98,0.54,50.0
2026-09-27T09:03:12.018,DEMO,DEMO,DEMO_MODE,20603d5f2ab0433a9f0a14d9807a08c0,300.0,3.0,30.0,24.0,150.0,-20.0,297.0,1.98,0.54,50.0
2026-09-27T09:03:12.139,DEMO,DEMO,DEMO_MODE,20603d5f2ab0433a9f0a14d9807a08c0,300.0,3.0,30.0,28.0,150.0,-20.0,297.0,1.98,0.54,50.0
2026-09-27T09:03:12.259,DEMO,DEMO,DEMO_MODE,20603d5f2ab0433a9f0a14d9807a08c0,300.0,3.0,30.0,28.0,150.0,-20.0,297.0,1.98,0.54,50.0
2026-09-27T09:03:12.380,DEMO,DEMO,DEMO_MODE,20603d5f2ab0433a9f0a14d9807a08c0,300.0,3.0,30.0,28.0,150.0,-20.0,297.0,1.98,0.54,50.0
2026-09-27T09:03:12.501,DEMO,DEMO,DEMO_MODE,20603d5f2ab0433a9f0a14d9807a08c0,300.0,3.0,30.0,28.0,150.0,-20.0,297.0,1.98,0.54,50.0
2026-09-27T09:03:12.621,DEMO,DEMO,DEMO_MODE,20603d5f2ab0433a9f0a14d9807a08c0,300.0,3.0,30.0,28.0,150.0,-20.0,297.0,1.98,0.54,50.0
2026-09-27T09:03:12.742,DEMO,DEMO,DEMO_MODE,20603d5f2ab0433a9f0a14d9807a08c0,300.0,3.0,30.0,28.0,150.0,-20.0,297.0,1.98,0.54,50.0
2026-09-27T09:03:12.863,DEMO,DEMO,DEMO_MODE,20603d5f2ab0433a9f0a14d9807a08c0,300.0,3.0,30.0,28.0,150.0,-20.0,297.0,1.98,0.54,50.0
2026-09-27T09:03:12.984,DEMO,DEMO,DEMO_MODE,20603d5f2ab0433a9f0a14d9807a08c0,300.0,3.0,30.0,28.0,150.0,-20.0,297.0,1.98,0.54,50.0
2026-09-27T09:03:13.105,DEMO,DEMO,DEMO_MODE,20603d5f2ab0433a9f0a14d9807a08c0,300.0,4.0,30.0,28.0,150.0,-20.0,296.0,1.9733333333333334,0.54,50.0
2026-09-27T09:03:13.226,DEMO,DEMO,DEMO_MODE,20603d5f2ab0433a9f0a14d9807a08c0,300.0,4.0,30.0,28.0,150.0,-20.0,296.0,1.9733333333333334,0.54,50.0
2026-09-27T09:03:13.347,DEMO,DEMO,DEMO_MODE,20603d5f2ab0433a9f0a14d9807a08c0,300.0,4.0,30.0,28.0,150.0,-20.0,296.0,1.9733333333333334,0.54,50.0
2026-09-27T09:03:13.468,DEMO,DEMO,DEMO_MODE,20603d5f2ab0433a9f0a14d9807a08c0,300.0,4.0,30.0,28.0,150.0,-20.0,296.0,1.9733333333333334,0.54,50.0
2026-09-27T09:03:13.589,DEMO,DEMO,DEMO_MODE,20603d5f2ab0433a9f0a14d9807a08c0,300.0,4.0,30.0,28.0,150.0,-20.0,296.0,1.9733333333333334,0.54,50.0
2026-09-27T09:03:13.709,DEMO,DEMO,DEMO_MODE,20603d5f2ab0433a9f0a14d9807a08c0,300.0,4.0,30.0,28.0,150.0,-20.0,296.0,1.9733333333333334,0.54,50.0
2026-09-27T09:03:13.830,DEMO,DEMO,DEMO_MODE,20603d5f2ab0433a9f0a14d9807a08c0,300.0,4.0,30.0,28.0,150.0,-20.0,296.0,1.9733333333333334,0.54,50.0
2026-09-27T09:03:13.950,DEMO,DEMO,DEMO_MODE,20603d5f2ab0433a9f0a14d9807a08c0,300.0,4.0,30.0,28.0,150.0,-20.0,296.0,1.9733333333333334,0.54,50.0
2026-09-27T09:03:14.071,DEMO,DEMO,DEMO_MODE,20603d5f2ab0433a9f0a14d9807a08c0,300.0,4.0,30.0,28.0,150.0,-20.0,296.0,1.9733333333333334,0.54,50.0
2026-09-27T09:03:14.192,DEMO,DEMO,DEMO_MODE,20603d5f2ab0433a9f0a14d9807a08c0,300.0,4.0,30.0,28.0,150.0,-20.0,296.0,1.9733333333333334,0.54,50.0
2026-09-27T09:03:14.312,DEMO,DEMO,DEMO_MODE,20603d5f2ab0433a9f0a14d9807a08c0,300.0,4.0,30.0,28.0,150.0,-20.0,296.0,1.9733333333333334,0.54,50.0
2026-09-27T09:03:14.433,DEMO,DEMO,DEMO_MODE,20603d5f2ab0433a9f0a14d9807a08c0,300.0,4.0,30.0,28.0,150.0,-20.0,296.0,1.9733333333333334,0.54,50.0
2026-09-27T09:03:14.554,DEMO,DEMO,DEMO_MODE,20603d5f2ab0433a9f0a14d9807a08c0,300.0,4.0,30.0,28.0,150.0,-20.0,296.0,1.9733333333333334,0.54,50.0
2026-09-27T09:03:14.674,DEMO,DEMO,DEMO_MODE,20603d5f2ab0433a9f0a14d9807a08c0,300.0,4.0,30.0,28.0,150.0,-20.0,296.0,1.9733333333333334,0.54,50.0
2026-09-27T09:03:14.795,DEMO,DEMO,DEMO_MODE,20603d5f2ab0433a9f0a14d9807a08c0,300.0,4.0,30.0,28.0,150.0,-20.0,296.0,1.9733333333333334,0.54,50.0
2026-09-27T09:03:14.916,DEMO,DEMO,DEMO_MODE,20603d5f2ab0433a9f0a14d9807a08c0,300.0,4.0,30.0,28.0,150.0,-20.0,296.0,1.9733333333333334,0.54,50.0
2026-09-27T09:03:15.036,DEMO,DEMO,DEMO_MODE,20603d5f2ab0433a9f0a14d9807a08c0,300.0,4.0,30.0,28.0,150.0,-20.0,296.0,1.9733333333333334,0.54,50.0
2026-09-27T09:03:15.157,DEMO,DEMO,DEMO_MODE,20603d5f2ab0433a9f0a14d9807a08c0,300.0,4.0,30.0,28.0,150.0,-20.0,296.0,1.9733333333333334,0.54,50.0
2026-09-27T09:03:15.278,DEMO,DEMO,DEMO_MODE,20603d5f2ab0433a9f0a14d9807a08c0,300.0,4.0,30.0,28.0,150.0,-20.0,296.0,1.9733333333333334,0.54,50.0
2026-09-27T09:03:15.399,DEMO,DEMO,DEMO_MODE,20603d5f2ab0433a9f0a14d9807a08c0,300.0,4.0,30.0,28.0,150.0,-20.0,296.0,1.9733333333333334,0.54,50.0
2026-09-27T09:03:15.520,DEMO,DEMO,DEMO_MODE,20603d5f2ab0433a9f0a14d9807a08c0,300.0,4.0,30.0,28.0,150.0,-20.0,296.0,1.9733333333333334,0.54,50.0
2026-09-27T09:03:15.640,DEMO,DEMO,DEMO_MODE,20603d5f2ab0433a9f0a14d9807a08c0,300.0,4.0,30.0,28.0,150.0,-20.0,296.0,1.9733333333333334,0.54,50.0
2026-09-27T09:03:15.761,DEMO,DEMO,DEMO_MODE,20603d5f2ab0433a9f0a14d9807a08c0,300.0,4.0,30.0,28.0,150.0,-20.0,296.0,1.9733333333333334,0.54,50.0
2026-09-27T09:03:15.882,DEMO,DEMO,DEMO_MODE,20603d5f2ab0433a9f0a14d9807a08c0,300.0,4.0,30.0,28.0,150.0,-20.0,296.0,1.9733333333333334,0.54,50.0
2026-09-27T09:03:16.002,DEMO,DEMO,DEMO_MODE,20603d5f2ab0433a9f0a14d9807a08c0,300.0,4.0,30.0,28.0,150.0,-20.0,296.0,1.9733333333333334,0.54,50.0
2026-09-27T09:03:16.123,DEMO,DEMO,DEMO_MODE,20603d5f2ab0433a9f0a14d9807a08c0,300.0,4.0,30.0,28.0,150.0,-20.0,296.0,1.9733333333333334,0.54,50.0
2026-09-27T09:03:16.243,DEMO,DEMO,DEMO_MODE,20603d5f2ab0433a9f0a14d9807a08c0,300.0,4.0,30.0,28.0,150.0,-20.0,296.0,1.9733333333333334,0.54,50.0
2026-09-27T09:03:16.364,DEMO,DEMO,DEMO_MODE,20603d5f2ab0433a9f0a14d9807a08c0,300.0,4.0,30.0,28.0,150.0,-20.0,296.0,1.9733333333333334,0.54,50.0
2026-09-27T09:03:16.485,DEMO,DEMO,DEMO_MODE,20603d5f2ab0433a9f0a14d9807a08c0,300.0,4.0,30.0,28.0,150.0,-20.0,296.0,1.9733333333333334,0.54,50.0
2026-09-27T09:03:16.606,DEMO,DEMO,DEMO_MODE,20603d5f2ab0433a9f0a14d9807a08c0,300.0,4.0,30.0,28.0,150.0,-20.0,296.0,1.9733333333333334,0.54,50.0
2026-09-27T09:03:16.727,DEMO,DEMO,DEMO_MODE,20603d5f2ab0433a9f0a14d9807a08c0,300.0,4.0,30.0,28.0,150.0,-20.0,296.0,1.9733333333333334,0.54,50.0
2026-09-27T09:03:16.851,DEMO,DEMO,DEMO_MODE,20603d5f2ab0433a9f0a14d9807a08c0,300.0,4.0,30.0,28.0,150.0,-20.0,296.0,1.9733333333333334,0.54,50.0
2026-09-27T09:03:16.972,DEMO,DEMO,DEMO_MODE,20603d5f2ab0433a9f0a14d9807a08c0,300.0,4.0,30.0,28.0,150.0,-20.0,296.0,1.9733333333333334,0.54,50.0
2026-09-27T09:03:17.093,DEMO,DEMO,DEMO_MODE,20603d5f2ab0433a9f0a14d9807a08c0,300.0,4.0,30.0,28.0,150.0,-20.0,296.0,1.9733333333333334,0.54,50.0
2026-09-27T09:03:17.214,DEMO,DEMO,DEMO_MODE,20603d5f2ab0433a9f0a14d9807a08c0,400.0,4.0,40.0,32.0,200.0,-10.0,396.0,1.98,0.54,50.0
2026-09-27T09:03:17.334,DEMO,DEMO,DEMO_MODE,20603d5f2ab0433a9f0a14d9807a08c0,400.0,4.0,40.0,32.0,200.0,-10.0,396.0,1.98,0.54,50.0
2026-09-27T09:03:17.455,DEMO,DEMO,DEMO_MODE,20603d5f2ab0433a9f0a14d9807a08c0,400.0,4.0,40.0,32.0,200.0,-10.0,396.0,1.98,0.54,50.0
2026-09-27T09:03:17.576,DEMO,DEMO,DEMO_MODE,20603d5f2ab0433a9f0a14d9807a08c0,400.0,4.0,40.0,32.0,200.0,-10.0,396.0,1.98,0.54,50.0
2026-09-27T09:03:17.697,DEMO,DEMO,DEMO_MODE,20603d5f2ab0433a9f0a14d9807a08c0,400.0,4.0,40.0,32.0,200.0,-10.0,396.0,1.98,0.54,50.0
2026-09-27T09:03:17.818,DEMO,DEMO,DEMO_MODE,20603d5f2ab0433a9f0a14d9807a08c0,400.0,4.0,40.0,32.0,200.0,-10.0,396.0,1.98,0.54,50.0
2026-09-27T09:03:17.938,DEMO,DEMO,DEMO_MODE,20603d5f2ab0433a9f0a14d9807a08c0,400.0,4.0,40.0,32.0,200.0,-10.0,396.0,1.98,0.54,50.0
2026-09-27T09:03:18.059,DEMO,DEMO,DEMO_MODE,20603d5f2ab0433a9f0a14d9807a08c0,400.0,4.0,40.0,32.0,200.0,-10.0,396.0,1.98,0.54,50.0
2026-09-27T09:03:18.179,DEMO,DEMO,DEMO_MODE,20603d5f2ab0433a9f0a14d9807a08c0,400.0,4.0,40.0,32.0,200.0,-10.0,396.0,1.98,0.54,50.0
2026-09-27T09:03:18.300,DEMO,DEMO,DEMO_MODE,20603d5f2ab0433a9f0a14d9807a08c0,400.0,4.0,40.0,32.0,200.0,-10.0,396.0,1.98,0.54,50.0
2026-09-27T09:03:18.420,DEMO,DEMO,DEMO_MODE,20603d5f2ab0433a9f0a14d9807a08c0,400.0,4.0,40.0,32.0,200.0,-10.0,396.0,1.98,0.54,50.0
2026-09-27T09:03:18.541,DEMO,DEMO,DEMO_MODE,20603d5f2ab0433a9f0a14d9807a08c0,400.0,4.0,40.0,32.0,200.0,-10.0,396.0,1.98,0.54,50.0
2026-09-27T09:03:18.662,DEMO,DEMO,DEMO_MODE,20603d5f2ab0433a9f0a14d9807a08c0,400.0,4.0,40.0,32.0,200.0,-10.0,396.0,1.98,0.54,50.0
2026-09-27T09:03:18.782,DEMO,DEMO,DEMO_MODE,20603d5f2ab0433a9f0a14d9807a08c0,400.0,4.0,40.0,32.0,200.0,-10.0,396.0,1.98,0.54,50.0
2026-09-27T09:03:18.903,DEMO,DEMO,DEMO_MODE,20603d5f2ab0433a9f0a14d9807a08c0,400.0,4.0,40.0,32.0,200.0,-10.0,396.0,1.98,0.54,50.0
2026-09-27T09:03:19.023,DEMO,DEMO,DEMO_MODE,20603d5f2ab0433a9f0a14d9807a08c0,400.0,4.0,40.0,32.0,200.0,-10.0,396.0,1.98,0.54,50.0
2026-09-27T09:03:19.144,DEMO,DEMO,DEMO_MODE,20603d5f2ab0433a9f0a14d9807a08c0,400.0,4.0,40.0,32.0,200.0,-10.0,396.0,1.98,0.54,50.0
2026-09-27T09:03:19.265,DEMO,DEMO,DEMO_MODE,20603d5f2ab0433a9f0a14d9807a08c0,400.0,4.0,40.0,32.0,200.0,-10.0,396.0,1.98,0.54,50.0
2026-09-27T09:03:19.386,DEMO,DEMO,DEMO_MODE,20603d5f2ab0433a9f0a14d9807a08c0,400.0,4.0,40.0,32.0,200.0,-10.0,396.0,1.98,0.54,50.0
2026-09-27T09:03:19.507,DEMO,DEMO,DEMO_MODE,20603d5f2ab0433a9f0a14d9807a08c0,400.0,4.0,40.0,32.0,200.0,-10.0,396.0,1.98,0.54,50.0
2026-09-27T09:03:19.628,DEMO,DEMO,DEMO_MODE,20603d5f2ab0433a9f0a14d9807a08c0,400.0,4.0,40.0,32.0,200.0,-10.0,396.0,1.98,0.54,50.0
2026-09-27T09:03:19.748,DEMO,DEMO,DEMO_MODE,20603d5f2ab0433a9f0a14d9807a08c0,400.0,4.0,40.0,32.0,200.0,-10.0,396.0,1.98,0.54,50.0
2026-09-27T09:03:19.868,DEMO,DEMO,DEMO_MODE,20603d5f2ab0433a9f0a14d9807a08c0,400.0,4.0,40.0,32.0,200.0,-10.0,396.0,1.98,0.54,50.0
2026-09-27T09:03:19.989,DEMO,DEMO,DEMO_MODE,20603d5f2ab0433a9f0a14d9807a08c0,400.0,4.0,40.0,32.0,200.0,-10.0,396.0,1.98,0.54,50.0
2026-09-27T09:03:20.109,DEMO,DEMO,DEMO_MODE,20603d5f2ab0433a9f0a14d9807a08c0,400.0,4.0,40.0,32.0,200.0,-10.0,396.0,1.98,0.54,50.0
2026-09-27T09:03:20.230,DEMO,DEMO,DEMO_MODE,20603d5f2ab0433a9f0a14d9807a08c0,400.0,4.0,40.0,32.0,200.0,-10.0,396.0,1.98,0.54,50.0
2026-09-27T09:03:20.351,DEMO,DEMO,DEMO_MODE,20603d5f2ab0433a9f0a14d9807a08c0,400.0,4.0,40.0,32.0,200.0,-10.0,396.0,1.98,0.54,50.0
2026-09-27T09:03:20.471,DEMO,DEMO,DEMO_MODE,20603d5f2ab0433a9f0a14d9807a08c0,400.0,4.0,40.0,32.0,200.0,-10.0,396.0,1.98,0.54,50.0
2026-09-27T09:03:20.592,DEMO,DEMO,DEMO_MODE,20603d5f2ab0433a9f0a14d9807a08c0,400.0,4.0,40.0,32.0,200.0,-10.0,396.0,1.98,0.54,50.0
2026-09-27T09:03:20.712,DEMO,DEMO,DEMO_MODE,20603d5f2ab0433a9f0a14d9807a08c0,400.0,4.0,40.0,32.0,200.0,-10.0,396.0,1.98,0.54,50.0
2026-09-27T09:03:20.833,DEMO,DEMO,DEMO_MODE,20603d5f2ab0433a9f0a14d9807a08c0,400.0,4.0,40.0,32.0,200.0,-10.0,396.0,1.98,0.54,50.0
2026-09-27T09:03:20.954,DEMO,DEMO,DEMO_MODE,20603d5f2ab0433a9f0a14d9807a08c0,400.0,4.0,40.0,32.0,200.0,-10.0,396.0,1.98,0.54,50.0
2026-09-27T09:03:21.075,DEMO,DEMO,DEMO_MODE,20603d5f2ab0433a9f0a14d9807a08c0,400.0,4.0,40.0,32.0,200.0,-10.0,396.0,1.98,0.54,50.0
2026-09-27T09:03:21.196,DEMO,DEMO,DEMO_MODE,20603d5f2ab0433a9f0a14d9807a08c0,400.0,4.0,40.0,32.0,200.0,-10.0,396.0,1.98,0.54,50.0
2026-09-27T09:03:21.316,DEMO,DEMO,DEMO_MODE,20603d5f2ab0433a9f0a14d9807a08c0,400.0,4.0,40.0,32.0,200.0,-10.0,396.0,1.98,0.54,50.0
2026-09-27T09:03:21.438,DEMO,DEMO,DEMO_MODE,20603d5f2ab0433a9f0a14d9807a08c0,400.0,4.0,40.0,32.0,200.0,-10.0,396.0,1.98,0.54,50.0
2026-09-27T09:03:21.558,DEMO,DEMO,DEMO_MODE,20603d5f2ab0433a9f0a14d9807a08c0,400.0,4.0,40.0,32.0,200.0,-10.0,396.0,1.98,0.54,50.0
2026-09-27T09:03:21.680,DEMO,DEMO,DEMO_MODE,20603d5f2ab0433a9f0a14d9807a08c0,400.0,4.0,40.0,32.0,200.0,-10.0,396.0,1.98,0.54,50.0
2026-09-27T09:03:21.800,DEMO,DEMO,DEMO_MODE,20603d5f2ab0433a9f0a14d9807a08c0,400.0,4.0,40.0,32.0,200.0,-10.0,396.0,1.98,0.54,50.0
2026-09-27T09:03:21.921,DEMO,DEMO,DEMO_MODE,20603d5f2ab0433a9f0a14d9807a08c0,400.0,4.0,40.0,32.0,200.0,-10.0,396.0,1.98,0.54,50.0
2026-09-27T09:03:22.041,DEMO,DEMO,DEMO_MODE,20603d5f2ab0433a9f0a14d9807a08c0,400.0,4.0,40.0,32.0,200.0,-10.0,396.0,1.98,0.54,50.0
2026-09-27T09:03:22.162,DEMO,DEMO,DEMO_MODE,20603d5f2ab0433a9f0a14d9807a08c0,400.0,0.0,40.0,36.0,200.0,-10.0,400.0,2.0,0.54,50.0
2026-09-27T09:03:22.283,DEMO,DEMO,DEMO_MODE,20603d5f2ab0433a9f0a14d9807a08c0,400.0,0.0,40.0,36.0,200.0,-10.0,400.0,2.0,0.54,50.0
2026-09-27T09:03:22.404,DEMO,DEMO,DEMO_MODE,20603d5f2ab0433a9f0a14d9807a08c0,400.0,0.0,40.0,36.0,200.0,-10.0,400.0,2.0,0.54,50.0
2026-09-27T09:03:22.525,DEMO,DEMO,DEMO_MODE,20603d5f2ab0433a9f0a14d9807a08c0,400.0,0.0,40.0,36.0,200.0,-10.0,400.0,2.0,0.54,50.0
2026-09-27T09:03:22.646,DEMO,DEMO,DEMO_MODE,20603d5f2ab0433a9f0a14d9807a08c0,400.0,0.0,40.0,36.0,200.0,-10.0,400.0,2.0,0.54,50.0
2026-09-27T09:03:22.766,DEMO,DEMO,DEMO_MODE,20603d5f2ab0433a9f0a14d9807a08c0,400.0,0.0,40.0,36.0,200.0,-10.0,400.0,2.0,0.54,50.0
2026-09-27T09:03:22.887,DEMO,DEMO,DEMO_MODE,20603d5f2ab0433a9f0a14d9807a08c0,400.0,0.0,40.0,36.0,200.0,-10.0,400.0,2.0,0.54,50.0
2026-09-27T09:03:23.008,DEMO,DEMO,DEMO_MODE,20603d5f2ab0433a9f0a14d9807a08c0,400.0,0.0,40.0,36.0,200.0,-10.0,400.0,2.0,0.54,50.0
2026-09-27T09:03:23.129,DEMO,DEMO,DEMO_MODE,20603d5f2ab0433a9f0a14d9807a08c0,400.0,0.0,40.0,36.0,200.0,-10.0,400.0,2.0,0.54,50.0
2026-09-27T09:03:23.250,DEMO,DEMO,DEMO_MODE,20603d5f2ab0433a9f0a14d9807a08c0,400.0,0.0,40.0,36.0,200.0,-10.0,400.0,2.0,0.54,50.0
2026-09-27T09:03:23.370,DEMO,DEMO,DEMO_MODE,20603d5f2ab0433a9f0a14d9807a08c0,400.0,0.0,40.0,36.0,200.0,-10.0,400.0,2.0,0.54,50.0
2026-09-27T09:03:23.492,DEMO,DEMO,DEMO_MODE,20603d5f2ab0433a9f0a14d9807a08c0,400.0,0.0,40.0,36.0,200.0,-10.0,400.0,2.0,0.54,50.0
2026-09-27T09:03:23.613,DEMO,DEMO,DEMO_MODE,20603d5f2ab0433a9f0a14d9807a08c0,400.0,0.0,40.0,36.0,200.0,-10.0,400.0,2.0,0.54,50.0
2026-09-27T09:03:23.734,DEMO,DEMO,DEMO_MODE,20603d5f2ab0433a9f0a14d9807a08c0,400.0,0.0,40.0,36.0,200.0,-10.0,400.0,2.0,0.54,50.0
2026-09-27T09:03:23.855,DEMO,DEMO,DEMO_MODE,20603d5f2ab0433a9f0a14d9807a08c0,400.0,0.0,40.0,36.0,200.0,-10.0,400.0,2.0,0.54,50.0
2026-09-27T09:03:23.976,DEMO,DEMO,DEMO_MODE,20603d5f2ab0433a9f0a14d9807a08c0,400.0,0.0,40.0,36.0,200.0,-10.0,400.0,2.0,0.54,50.0
2026-09-27T09:03:24.101,DEMO,DEMO,DEMO_MODE,20603d5f2ab0433a9f0a14d9807a08c0,400.0,0.0,40.0,36.0,200.0,-10.0,400.0,2.0,0.54,50.0
2026-09-27T09:03:24.222,DEMO,DEMO,DEMO_MODE,20603d5f2ab0433a9f0a14d9807a08c0,400.0,0.0,40.0,36.0,200.0,-10.0,400.0,2.0,0.54,50.0
2026-09-27T09:03:24.342,DEMO,DEMO,DEMO_MODE,20603d5f2ab0433a9f0a14d9807a08c0,400.0,0.0,40.0,36.0,200.0,-10.0,400.0,2.0,0.54,50.0
2026-09-27T09:03:24.463,DEMO,DEMO,DEMO_MODE,20603d5f2ab0433a9f0a14d9807a08c0,400.0,0.0,40.0,36.0,200.0,-10.0,400.0,2.0,0.54,50.0
2026-09-27T09:03:24.583,DEMO,DEMO,DEMO_MODE,20603d5f2ab0433a9f0a14d9807a08c0,400.0,0.0,40.0,36.0,200.0,-10.0,400.0,2.0,0.54,50.0
2026-09-27T09:03:24.704,DEMO,DEMO,DEMO_MODE,20603d5f2ab0433a9f0a14d9807a08c0,400.0,0.0,40.0,36.0,200.0,-10.0,400.0,2.0,0.54,50.0
2026-09-27T09:03:24.824,DEMO,DEMO,DEMO_MODE,20603d5f2ab0433a9f0a14d9807a08c0,400.0,0.0,40.0,36.0,200.0,-10.0,400.0,2.0,0.54,50.0
2026-09-27T09:03:24.945,DEMO,DEMO,DEMO_MODE,20603d5f2ab0433a9f0a14d9807a08c0,400.0,0.0,40.0,36.0,200.0,-10.0,400.0,2.0,0.54,50.0
2026-09-27T09:03:25.066,DEMO,DEMO,DEMO_MODE,20603d5f2ab0433a9f0a14d9807a08c0,400.0,0.0,40.0,36.0,200.0,-10.0,400.0,2.0,0.54,50.0
2026-09-27T09:03:25.187,DEMO,DEMO,DEMO_MODE,20603d5f2ab0433a9f0a14d9807a08c0,400.0,0.0,40.0,36.0,200.0,-10.0,400.0,2.0,0.54,50.0
2026-09-27T09:03:25.307,DEMO,DEMO,DEMO_MODE,20603d5f2ab0433a9f0a14d9807a08c0,400.0,0.0,40.0,36.0,200.0,-10.0,400.0,2.0,0.54,50.0
2026-09-27T09:03:25.428,DEMO,DEMO,DEMO_MODE,20603d5f2ab0433a9f0a14d9807a08c0,400.0,0.0,40.0,36.0,200.0,-10.0,400.0,2.0,0.54,50.0
2026-09-27T09:03:25.549,DEMO,DEMO,DEMO_MODE,20603d5f2ab0433a9f0a14d9807a08c0,400.0,0.0,40.0,36.0,200.0,-10.0,400.0,2.0,0.54,50.0
2026-09-27T09:03:25.670,DEMO,DEMO,DEMO_MODE,20603d5f2ab0433a9f0a14d9807a08c0,400.0,0.0,40.0,36.0,200.0,-10.0,400.0,2.0,0.54,50.0
2026-09-27T09:03:25.791,DEMO,DEMO,DEMO_MODE,20603d5f2ab0433a9f0a14d9807a08c0,400.0,0.0,40.0,36.0,200.0,-10.0,400.0,2.0,0.54,50.0
2026-09-27T09:03:25.912,DEMO,DEMO,DEMO_MODE,20603d5f2ab0433a9f0a14d9807a08c0,400.0,0.0,40.0,36.0,200.0,-10.0,400.0,2.0,0.54,50.0
2026-09-27T09:03:26.033,DEMO,DEMO,DEMO_MODE,20603d5f2ab0433a9f0a14d9807a08c0,400.0,0.0,40.0,36.0,200.0,-10.0,400.0,2.0,0.54,50.0
2026-09-27T09:03:26.154,DEMO,DEMO,DEMO_MODE,20603d5f2ab0433a9f0a14d9807a08c0,400.0,0.0,40.0,36.0,200.0,-10.0,400.0,2.0,0.54,50.0
2026-09-27T09:03:26.275,DEMO,DEMO,DEMO_MODE,20603d5f2ab0433a9f0a14d9807a08c0,400.0,0.0,40.0,36.0,200.0,-10.0,400.0,2.0,0.54,50.0
2026-09-27T09:03:26.395,DEMO,DEMO,DEMO_MODE,20603d5f2ab0433a9f0a14d9807a08c0,400.0,0.0,40.0,36.0,200.0,-10.0,400.0,2.0,0.54,50.0
2026-09-27T09:03:26.515,DEMO,DEMO,DEMO_MODE,20603d5f2ab0433a9f0a14d9807a08c0,400.0,0.0,40.0,36.0,200.0,-10.0,400.0,2.0,0.54,50.0
2026-09-27T09:03:26.636,DEMO,DEMO,DEMO_MODE,20603d5f2ab0433a9f0a14d9807a08c0,400.0,0.0,40.0,36.0,200.0,-10.0,400.0,2.0,0.54,50.0
2026-09-27T09:03:26.756,DEMO,DEMO,DEMO_MODE,20603d5f2ab0433a9f0a14d9807a08c0,400.0,0.0,40.0,36.0,200.0,-10.0,400.0,2.0,0.54,50.0
2026-09-27T09:03:26.877,DEMO,DEMO,DEMO_MODE,20603d5f2ab0433a9f0a14d9807a08c0,400.0,0.0,40.0,36.0,200.0,-10.0,400.0,2.0,0.54,50.0
2026-09-27T09:03:26.998,DEMO,DEMO,DEMO_MODE,20603d5f2ab0433a9f0a14d9807a08c0,400.0,0.0,40.0,36.0,200.0,-10.0,400.0,2.0,0.54,50.0
2026-09-27T09:03:27.119,DEMO,DEMO,DEMO_MODE,20603d5f2ab0433a9f0a14d9807a08c0,400.0,0.0,40.0,36.0,200.0,-10.0,400.0,2.0,0.54,50.0
2026-09-27T09:03:27.240,DEMO,DEMO,DEMO_MODE,20603d5f2ab0433a9f0a14d9807a08c0,500.0,0.0,50.0,40.0,250.0,0.0,500.0,2.0,0.54,50.0
2026-09-27T09:03:27.361,DEMO,DEMO,DEMO_MODE,20603d5f2ab0433a9f0a14d9807a08c0,500.0,0.0,50.0,40.0,250.0,0.0,500.0,2.0,0.54,50.0
2026-09-27T09:03:27.481,DEMO,DEMO,DEMO_MODE,20603d5f2ab0433a9f0a14d9807a08c0,500.0,0.0,50.0,40.0,250.0,0.0,500.0,2.0,0.54,50.0
2026-09-27T09:03:27.606,DEMO,DEMO,DEMO_MODE,20603d5f2ab0433a9f0a14d9807a08c0,500.0,0.0,50.0,40.0,250.0,0.0,500.0,2.0,0.54,50.0
2026-09-27T09:03:27.727,DEMO,DEMO,DEMO_MODE,20603d5f2ab0433a9f0a14d9807a08c0,500.0,0.0,50.0,40.0,250.0,0.0,500.0,2.0,0.54,50.0
2026-09-27T09:03:27.847,DEMO,DEMO,DEMO_MODE,20603d5f2ab0433a9f0a14d9807a08c0,500.0,0.0,50.0,40.0,250.0,0.0,500.0,2.0,0.54,50.0
2026-09-27T09:03:27.968,DEMO,DEMO,DEMO_MODE,20603d5f2ab0433a9f0a14d9807a08c0,500.0,0.0,50.0,40.0,250.0,0.0,500.0,2.0,0.54,50.0
2026-09-27T09:03:28.089,DEMO,DEMO,DEMO_MODE,20603d5f2ab0433a9f0a14d9807a08c0,500.0,0.0,50.0,40.0,250.0,0.0,500.0,2.0,0.54,50.0
2026-09-27T09:03:28.210,DEMO,DEMO,DEMO_MODE,20603d5f2ab0433a9f0a14d9807a08c0,500.0,0.0,50.0,40.0,250.0,0.0,500.0,2.0,0.54,50.0
2026-09-27T09:03:28.330,DEMO,DEMO,DEMO_MODE,20603d5f2ab0433a9f0a14d9807a08c0,500.0,0.0,50.0,40.0,250.0,0.0,500.0,2.0,0.54,50.0
2026-09-27T09:03:28.451,DEMO,DEMO,DEMO_MODE,20603d5f2ab0433a9f0a14d9807a08c0,500.0,0.0,50.0,40.0,250.0,0.0,500.0,2.0,0.54,50.0
2026-09-27T09:03:28.572,DEMO,DEMO,DEMO_MODE,20603d5f2ab0433a9f0a14d9807a08c0,500.0,0.0,50.0,40.0,250.0,0.0,500.0,2.0,0.54,50.0
2026-09-27T09:03:28.693,DEMO,DEMO,DEMO_MODE,20603d5f2ab0433a9f0a14d9807a08c0,500.0,0.0,50.0,40.0,250.0,0.0,500.0,2.0,0.54,50.0
2026-09-27T09:03:28.813,DEMO,DEMO,DEMO_MODE,20603d5f2ab0433a9f0a14d9807a08c0,500.0,0.0,50.0,40.0,250.0,0.0,500.0,2.0,0.54,50.0
2026-09-27T09:03:28.934,DEMO,DEMO,DEMO_MODE,20603d5f2ab0433a9f0a14d9807a08c0,500.0,0.0,50.0,40.0,250.0,0.0,500.0,2.0,0.54,50.0
2026-09-27T09:03:29.054,DEMO,DEMO,DEMO_MODE,20603d5f2ab0433a9f0a14d9807a08c0,500.0,0.0,50.0,40.0,250.0,0.0,500.0,2.0,0.54,50.0
2026-09-27T09:03:29.175,DEMO,DEMO,DEMO_MODE,20603d5f2ab0433a9f0a14d9807a08c0,500.0,0.0,50.0,40.0,250.0,0.0,500.0,2.0,0.54,50.0
2026-09-27T09:03:29.296,DEMO,DEMO,DEMO_MODE,20603d5f2ab0433a9f0a14d9807a08c0,500.0,0.0,50.0,40.0,250.0,0.0,500.0,2.0,0.54,50.0
2026-09-27T09:03:29.417,DEMO,DEMO,DEMO_MODE,20603d5f2ab0433a9f0a14d9807a08c0,500.0,0.0,50.0,40.0,250.0,0.0,500.0,2.0,0.54,50.0
2026-09-27T09:03:29.538,DEMO,DEMO,DEMO_MODE,20603d5f2ab0433a9f0a14d9807a08c0,500.0,0.0,50.0,40.0,250.0,0.0,500.0,2.0,0.54,50.0
2026-09-27T09:03:29.658,DEMO,DEMO,DEMO_MODE,20603d5f2ab0433a9f0a14d9807a08c0,500.0,0.0,50.0,40.0,250.0,0.0,500.0,2.0,0.54,50.0
2026-09-27T09:03:29.779,DEMO,DEMO,DEMO_MODE,20603d5f2ab0433a9f0a14d9807a08c0,500.0,0.0,50.0,40.0,250.0,0.0,500.0,2.0,0.54,50.0
2026-09-27T09:03:29.900,DEMO,DEMO,DEMO_MODE,20603d5f2ab0433a9f0a14d9807a08c0,500.0,0.0,50.0,40.0,250.0,0.0,500.0,2.0,0.54,50.0
2026-09-27T09:03:30.020,DEMO,DEMO,DEMO_MODE,20603d5f2ab0433a9f0a14d9807a08c0,500.0,0.0,50.0,40.0,250.0,0.0,500.0,2.0,0.54,50.0
2026-09-27T09:03:30.141,DEMO,DEMO,DEMO_MODE,20603d5f2ab0433a9f0a14d9807a08c0,500.0,0.0,50.0,40.0,250.0,0.0,500.0,2.0,0.54,50.0
2026-09-27T09:03:30.262,DEMO,DEMO,DEMO_MODE,20603d5f2ab0433a9f0a14d9807a08c0,500.0,0.0,50.0,40.0,250.0,0.0,500.0,2.0,0.54,50.0
2026-09-27T09:03:30.383,DEMO,DEMO,DEMO_MODE,20603d5f2ab0433a9f0a14d9807a08c0,500.0,0.0,50.0,40.0,250.0,0.0,500.0,2.0,0.54,50.0
2026-09-27T09:03:30.503,DEMO,DEMO,DEMO_MODE,20603d5f2ab0433a9f0a14d9807a08c0,500.0,0.0,50.0,40.0,250.0,0.0,500.0,2.0,0.54,50.0
2026-09-27T09:03:30.624,DEMO,DEMO,DEMO_MODE,20603d5f2ab0433a9f0a14d9807a08c0,500.0,0.0,50.0,40.0,250.0,0.0,500.0,2.0,0.54,50.0
2026-09-27T09:03:30.745,DEMO,DEMO,DEMO_MODE,20603d5f2ab0433a9f0a14d9807a08c0,500.0,0.0,50.0,40.0,250.0,0.0,500.0,2.0,0.54,50.0
2026-09-27T09:03:30.866,DEMO,DEMO,DEMO_MODE,20603d5f2ab0433a9f0a14d9807a08c0,500.0,0.0,50.0,40.0,250.0,0.0,500.0,2.0,0.54,50.0
2026-09-27T09:03:30.987,DEMO,DEMO,DEMO_MODE,20603d5f2ab0433a9f0a14d9807a08c0,500.0,0.0,50.0,40.0,250.0,0.0,500.0,2.0,0.54,50.0
2026-09-27T09:03:31.107,DEMO,DEMO,DEMO_MODE,20603d5f2ab0433a9f0a14d9807a08c0,500.0,0.0,50.0,40.0,250.0,0.0,500.0,2.0,0.54,50.0
2026-09-27T09:03:31.228,DEMO,DEMO,DEMO_MODE,20603d5f2ab0433a9f0a14d9807a08c0,500.0,1.0,50.0,40.0,250.0,0.0,499.0,1.996,0.54,50.0
2026-09-27T09:03:31.349,DEMO,DEMO,DEMO_MODE,20603d5f2ab0433a9f0a14d9807a08c0,500.0,1.0,50.0,40.0,250.0,0.0,499.0,1.996,0.54,50.0
2026-09-27T09:03:31.470,DEMO,DEMO,DEMO_MODE,20603d5f2ab0433a9f0a14d9807a08c0,500.0,1.0,50.0,40.0,250.0,0.0,499.0,1.996,0.54,50.0
2026-09-27T09:03:31.591,DEMO,DEMO,DEMO_MODE,20603d5f2ab0433a9f0a14d9807a08c0,500.0,1.0,50.0,40.0,250.0,0.0,499.0,1.996,0.54,50.0
2026-09-27T09:03:31.711,DEMO,DEMO,DEMO_MODE,20603d5f2ab0433a9f0a14d9807a08c0,500.0,1.0,50.0,40.0,250.0,0.0,499.0,1.996,0.54,50.0
2026-09-27T09:03:31.832,DEMO,DEMO,DEMO_MODE,20603d5f2ab0433a9f0a14d9807a08c0,500.0,1.0,50.0,40.0,250.0,0.0,499.0,1.996,0.54,50.0
2026-09-27T09:03:31.952,DEMO,DEMO,DEMO_MODE,20603d5f2ab0433a9f0a14d9807a08c0,500.0,1.0,50.0,40.0,250.0,0.0,499.0,1.996,0.54,50.0
2026-09-27T09:03:32.073,DEMO,DEMO,DEMO_MODE,20603d5f2ab0433a9f0a14d9807a08c0,500.0,1.0,50.0,40.0,250.0,0.0,499.0,1.996,0.54,50.0
2026-09-27T09:03:32.193,DEMO,DEMO,DEMO_MODE,20603d5f2ab0433a9f0a14d9807a08c0,500.0,1.0,50.0,40.0,250.0,0.0,499.0,1.996,0.54,50.0
2026-09-27T09:03:32.315,DEMO,DEMO,DEMO_MODE,20603d5f2ab0433a9f0a14d9807a08c0,500.0,1.0,50.0,44.0,250.0,0.0,499.0,1.996,0.54,50.0
2026-09-27T09:03:32.435,DEMO,DEMO,DEMO_MODE,20603d5f2ab0433a9f0a14d9807a08c0,500.0,1.0,50.0,44.0,250.0,0.0,499.0,1.996,0.54,50.0
2026-09-27T09:03:32.556,DEMO,DEMO,DEMO_MODE,20603d5f2ab0433a9f0a14d9807a08c0,500.0,1.0,50.0,44.0,250.0,0.0,499.0,1.996,0.54,50.0
2026-09-27T09:03:32.677,DEMO,DEMO,DEMO_MODE,20603d5f2ab0433a9f0a14d9807a08c0,500.0,1.0,50.0,44.0,250.0,0.0,499.0,1.996,0.54,50.0
2026-09-27T09:03:32.798,DEMO,DEMO,DEMO_MODE,20603d5f2ab0433a9f0a14d9807a08c0,500.0,1.0,50.0,44.0,250.0,0.0,499.0,1.996,0.54,50.0
2026-09-27T09:03:32.918,DEMO,DEMO,DEMO_MODE,20603d5f2ab0433a9f0a14d9807a08c0,500.0,1.0,50.0,44.0,250.0,0.0,499.0,1.996,0.54,50.0
2026-09-27T09:03:33.040,DEMO,DEMO,DEMO_MODE,20603d5f2ab0433a9f0a14d9807a08c0,500.0,1.0,50.0,44.0,250.0,0.0,499.0,1.996,0.54,50.0
2026-09-27T09:03:33.160,DEMO,DEMO,DEMO_MODE,20603d5f2ab0433a9f0a14d9807a08c0,500.0,1.0,50.0,44.0,250.0,0.0,499.0,1.996,0.54,50.0
2026-09-27T09:03:33.281,DEMO,DEMO,DEMO_MODE,20603d5f2ab0433a9f0a14d9807a08c0,500.0,1.0,50.0,44.0,250.0,0.0,499.0,1.996,0.54,50.0
2026-09-27T09:03:33.402,DEMO,DEMO,DEMO_MODE,20603d5f2ab0433a9f0a14d9807a08c0,500.0,1.0,50.0,44.0,250.0,0.0,499.0,1.996,0.54,50.0
2026-09-27T09:03:33.523,DEMO,DEMO,DEMO_MODE,20603d5f2ab0433a9f0a14d9807a08c0,500.0,1.0,50.0,44.0,250.0,0.0,499.0,1.996,0.54,50.0
2026-09-27T09:03:33.644,DEMO,DEMO,DEMO_MODE,20603d5f2ab0433a9f0a14d9807a08c0,500.0,1.0,50.0,44.0,250.0,0.0,499.0,1.996,0.54,50.0
2026-09-27T09:03:33.764,DEMO,DEMO,DEMO_MODE,20603d5f2ab0433a9f0a14d9807a08c0,500.0,1.0,50.0,44.0,250.0,0.0,499.0,1.996,0.54,50.0
2026-09-27T09:03:33.885,DEMO,DEMO,DEMO_MODE,20603d5f2ab0433a9f0a14d9807a08c0,500.0,1.0,50.0,44.0,250.0,0.0,499.0,1.996,0.54,50.0
2026-09-27T09:03:34.005,DEMO,DEMO,DEMO_MODE,20603d5f2ab0433a9f0a14d9807a08c0,500.0,1.0,50.0,44.0,250.0,0.0,499.0,1.996,0.54,50.0
2026-09-27T09:03:34.126,DEMO,DEMO,DEMO_MODE,20603d5f2ab0433a9f0a14d9807a08c0,500.0,1.0,50.0,44.0,250.0,0.0,499.0,1.996,0.54,50.0
2026-09-27T09:03:34.246,DEMO,DEMO,DEMO_MODE,20603d5f2ab0433a9f0a14d9807a08c0,500.0,1.0,50.0,44.0,250.0,0.0,499.0,1.996,0.54,50.0
2026-09-27T09:03:34.367,DEMO,DEMO,DEMO_MODE,20603d5f2ab0433a9f0a14d9807a08c0,500.0,1.0,50.0,44.0,250.0,0.0,499.0,1.996,0.54,50.0
2026-09-27T09:03:34.488,DEMO,DEMO,DEMO_MODE,20603d5f2ab0433a9f0a14d9807a08c0,500.0,1.0,50.0,44.0,250.0,0.0,499.0,1.996,0.54,50.0
2026-09-27T09:03:34.609,DEMO,DEMO,DEMO_MODE,20603d5f2ab0433a9f0a14d9807a08c0,500.0,1.0,50.0,44.0,250.0,0.0,499.0,1.996,0.54,50.0
2026-09-27T09:03:34.730,DEMO,DEMO,DEMO_MODE,20603d5f2ab0433a9f0a14d9807a08c0,500.0,1.0,50.0,44.0,250.0,0.0,499.0,1.996,0.54,50.0
2026-09-27T09:03:34.852,DEMO,DEMO,DEMO_MODE,20603d5f2ab0433a9f0a14d9807a08c0,500.0,1.0,50.0,44.0,250.0,0.0,499.0,1.996,0.54,50.0
2026-09-27T09:03:34.972,DEMO,DEMO,DEMO_MODE,20603d5f2ab0433a9f0a14d9807a08c0,500.0,1.0,50.0,44.0,250.0,0.0,499.0,1.996,0.54,50.0
2026-09-27T09:03:35.093,DEMO,DEMO,DEMO_MODE,20603d5f2ab0433a9f0a14d9807a08c0,500.0,1.0,50.0,44.0,250.0,0.0,499.0,1.996,0.54,50.0
2026-09-27T09:03:35.213,DEMO,DEMO,DEMO_MODE,20603d5f2ab0433a9f0a14d9807a08c0,500.0,1.0,50.0,44.0,250.0,0.0,499.0,1.996,0.54,50.0
2026-09-27T09:03:35.334,DEMO,DEMO,DEMO_MODE,20603d5f2ab0433a9f0a14d9807a08c0,500.0,1.0,50.0,44.0,250.0,0.0,499.0,1.996,0.54,50.0
2026-09-27T09:03:35.454,DEMO,DEMO,DEMO_MODE,20603d5f2ab0433a9f0a14d9807a08c0,500.0,1.0,50.0,44.0,250.0,0.0,499.0,1.996,0.54,50.0
2026-09-27T09:03:35.575,DEMO,DEMO,DEMO_MODE,20603d5f2ab0433a9f0a14d9807a08c0,500.0,1.0,50.0,44.0,250.0,0.0,499.0,1.996,0.54,50.0
2026-09-27T09:03:35.696,DEMO,DEMO,DEMO_MODE,20603d5f2ab0433a9f0a14d9807a08c0,500.0,1.0,50.0,44.0,250.0,0.0,499.0,1.996,0.54,50.0
2026-09-27T09:03:35.817,DEMO,DEMO,DEMO_MODE,20603d5f2ab0433a9f0a14d9807a08c0,500.0,1.0,50.0,44.0,250.0,0.0,499.0,1.996,0.54,50.0
2026-09-27T09:03:35.938,DEMO,DEMO,DEMO_MODE,20603d5f2ab0433a9f0a14d9807a08c0,500.0,1.0,50.0,44.0,250.0,0.0,499.0,1.996,0.54,50.0
2026-09-27T09:03:36.058,DEMO,DEMO,DEMO_MODE,20603d5f2ab0433a9f0a14d9807a08c0,500.0,1.0,50.0,44.0,250.0,0.0,499.0,1.996,0.54,50.0
2026-09-27T09:03:36.179,DEMO,DEMO,DEMO_MODE,20603d5f2ab0433a9f0a14d9807a08c0,500.0,1.0,50.0,44.0,250.0,0.0,499.0,1.996,0.54,50.0
2026-09-27T09:03:36.301,DEMO,DEMO,DEMO_MODE,20603d5f2ab0433a9f0a14d9807a08c0,500.0,1.0,50.0,44.0,250.0,0.0,499.0,1.996,0.54,50.0
2026-09-27T09:03:36.423,DEMO,DEMO,DEMO_MODE,20603d5f2ab0433a9f0a14d9807a08c0,500.0,1.0,50.0,44.0,250.0,0.0,499.0,1.996,0.54,50.0
2026-09-27T09:03:36.544,DEMO,DEMO,DEMO_MODE,20603d5f2ab0433a9f0a14d9807a08c0,500.0,1.0,50.0,44.0,250.0,0.0,499.0,1.996,0.54,50.0
2026-09-27T09:03:36.664,DEMO,DEMO,DEMO_MODE,20603d5f2ab0433a9f0a14d9807a08c0,500.0,1.0,50.0,44.0,250.0,0.0,499.0,1.996,0.54,50.0
2026-09-27T09:03:36.786,DEMO,DEMO,DEMO_MODE,20603d5f2ab0433a9f0a14d9807a08c0,500.0,1.0,50.0,44.0,250.0,0.0,499.0,1.996,0.54,50.0
2026-09-27T09:03:36.906,DEMO,DEMO,DEMO_MODE,20603d5f2ab0433a9f0a14d9807a08c0,500.0,1.0,50.0,44.0,250.0,0.0,499.0,1.996,0.54,50.0
2026-09-27T09:03:37.027,DEMO,DEMO,DEMO_MODE,20603d5f2ab0433a9f0a14d9807a08c0,500.0,1.0,50.0,44.0,250.0,0.0,499.0,1.996,0.54,50.0
2026-09-27T09:03:37.148,DEMO,DEMO,DEMO_MODE,20603d5f2ab0433a9f0a14d9807a08c0,500.0,1.0,50.0,44.0,250.0,0.0,499.0,1.996,0.54,50.0
2026-09-27T09:03:37.269,DEMO,DEMO,DEMO_MODE,20603d5f2ab0433a9f0a14d9807a08c0,600.0,1.0,60.0,48.0,300.0,10.0,599.0,1.9966666666666666,0.54,50.0
2026-09-27T09:03:37.390,DEMO,DEMO,DEMO_MODE,20603d5f2ab0433a9f0a14d9807a08c0,600.0,1.0,60.0,48.0,300.0,10.0,599.0,1.9966666666666666,0.54,50.0
2026-09-27T09:03:37.510,DEMO,DEMO,DEMO_MODE,20603d5f2ab0433a9f0a14d9807a08c0,600.0,1.0,60.0,48.0,300.0,10.0,599.0,1.9966666666666666,0.54,50.0
2026-09-27T09:03:37.632,DEMO,DEMO,DEMO_MODE,20603d5f2ab0433a9f0a14d9807a08c0,600.0,1.0,60.0,48.0,300.0,10.0,599.0,1.9966666666666666,0.54,50.0
2026-09-27T09:03:37.752,DEMO,DEMO,DEMO_MODE,20603d5f2ab0433a9f0a14d9807a08c0,600.0,1.0,60.0,48.0,300.0,10.0,599.0,1.9966666666666666,0.54,50.0
2026-09-27T09:03:37.873,DEMO,DEMO,DEMO_MODE,20603d5f2ab0433a9f0a14d9807a08c0,600.0,1.0,60.0,48.0,300.0,10.0,599.0,1.9966666666666666,0.54,50.0
2026-09-27T09:03:37.993,DEMO,DEMO,DEMO_MODE,20603d5f2ab0433a9f0a14d9807a08c0,600.0,1.0,60.0,48.0,300.0,10.0,599.0,1.9966666666666666,0.54,50.0
2026-09-27T09:03:38.114,DEMO,DEMO,DEMO_MODE,20603d5f2ab0433a9f0a14d9807a08c0,600.0,1.0,60.0,48.0,300.0,10.0,599.0,1.9966666666666666,0.54,50.0
2026-09-27T09:03:38.235,DEMO,DEMO,DEMO_MODE,20603d5f2ab0433a9f0a14d9807a08c0,600.0,1.0,60.0,48.0,300.0,10.0,599.0,1.9966666666666666,0.54,50.0
2026-09-27T09:03:38.356,DEMO,DEMO,DEMO_MODE,20603d5f2ab0433a9f0a14d9807a08c0,600.0,1.0,60.0,48.0,300.0,10.0,599.0,1.9966666666666666,0.54,50.0
2026-09-27T09:03:38.477,DEMO,DEMO,DEMO_MODE,20603d5f2ab0433a9f0a14d9807a08c0,600.0,1.0,60.0,48.0,300.0,10.0,599.0,1.9966666666666666,0.54,50.0
2026-09-27T09:03:38.597,DEMO,DEMO,DEMO_MODE,20603d5f2ab0433a9f0a14d9807a08c0,600.0,1.0,60.0,48.0,300.0,10.0,599.0,1.9966666666666666,0.54,50.0
2026-09-27T09:03:38.717,DEMO,DEMO,DEMO_MODE,20603d5f2ab0433a9f0a14d9807a08c0,600.0,1.0,60.0,48.0,300.0,10.0,599.0,1.9966666666666666,0.54,50.0
2026-09-27T09:03:38.838,DEMO,DEMO,DEMO_MODE,20603d5f2ab0433a9f0a14d9807a08c0,600.0,1.0,60.0,48.0,300.0,10.0,599.0,1.9966666666666666,0.54,50.0
2026-09-27T09:03:38.958,DEMO,DEMO,DEMO_MODE,20603d5f2ab0433a9f0a14d9807a08c0,600.0,1.0,60.0,48.0,300.0,10.0,599.0,1.9966666666666666,0.54,50.0
2026-09-27T09:03:39.079,DEMO,DEMO,DEMO_MODE,20603d5f2ab0433a9f0a14d9807a08c0,600.0,1.0,60.0,48.0,300.0,10.0,599.0,1.9966666666666666,0.54,50.0
2026-09-27T09:03:39.200,DEMO,DEMO,DEMO_MODE,20603d5f2ab0433a9f0a14d9807a08c0,600.0,1.0,60.0,48.0,300.0,10.0,599.0,1.9966666666666666,0.54,50.0
2026-09-27T09:03:39.320,DEMO,DEMO,DEMO_MODE,20603d5f2ab0433a9f0a14d9807a08c0,600.0,1.0,60.0,48.0,300.0,10.0,599.0,1.9966666666666666,0.54,50.0
2026-09-27T09:03:39.441,DEMO,DEMO,DEMO_MODE,20603d5f2ab0433a9f0a14d9807a08c0,600.0,1.0,60.0,48.0,300.0,10.0,599.0,1.9966666666666666,0.54,50.0
2026-09-27T09:03:39.561,DEMO,DEMO,DEMO_MODE,20603d5f2ab0433a9f0a14d9807a08c0,600.0,1.0,60.0,48.0,300.0,10.0,599.0,1.9966666666666666,0.54,50.0
2026-09-27T09:03:39.682,DEMO,DEMO,DEMO_MODE,20603d5f2ab0433a9f0a14d9807a08c0,600.0,1.0,60.0,48.0,300.0,10.0,599.0,1.9966666666666666,0.54,50.0
2026-09-27T09:03:39.803,DEMO,DEMO,DEMO_MODE,20603d5f2ab0433a9f0a14d9807a08c0,600.0,1.0,60.0,48.0,300.0,10.0,599.0,1.9966666666666666,0.54,50.0
2026-09-27T09:03:39.923,DEMO,DEMO,DEMO_MODE,20603d5f2ab0433a9f0a14d9807a08c0,600.0,1.0,60.0,48.0,300.0,10.0,599.0,1.9966666666666666,0.54,50.0
2026-09-27T09:03:40.044,DEMO,DEMO,DEMO_MODE,20603d5f2ab0433a9f0a14d9807a08c0,600.0,1.0,60.0,48.0,300.0,10.0,599.0,1.9966666666666666,0.54,50.0
2026-09-27T09:03:40.165,DEMO,DEMO,DEMO_MODE,20603d5f2ab0433a9f0a14d9807a08c0,600.0,1.0,60.0,48.0,300.0,10.0,599.0,1.9966666666666666,0.54,50.0
2026-09-27T09:03:40.286,DEMO,DEMO,DEMO_MODE,20603d5f2ab0433a9f0a14d9807a08c0,600.0,2.0,60.0,48.0,300.0,10.0,598.0,1.9933333333333334,0.54,50.0
2026-09-27T09:03:40.407,DEMO,DEMO,DEMO_MODE,20603d5f2ab0433a9f0a14d9807a08c0,600.0,2.0,60.0,48.0,300.0,10.0,598.0,1.9933333333333334,0.54,50.0
2026-09-27T09:03:40.527,DEMO,DEMO,DEMO_MODE,20603d5f2ab0433a9f0a14d9807a08c0,600.0,2.0,60.0,48.0,300.0,10.0,598.0,1.9933333333333334,0.54,50.0
2026-09-27T09:03:40.647,DEMO,DEMO,DEMO_MODE,20603d5f2ab0433a9f0a14d9807a08c0,600.0,2.0,60.0,48.0,300.0,10.0,598.0,1.9933333333333334,0.54,50.0
2026-09-27T09:03:40.768,DEMO,DEMO,DEMO_MODE,20603d5f2ab0433a9f0a14d9807a08c0,600.0,2.0,60.0,48.0,300.0,10.0,598.0,1.9933333333333334,0.54,50.0
2026-09-27T09:03:40.888,DEMO,DEMO,DEMO_MODE,20603d5f2ab0433a9f0a14d9807a08c0,600.0,2.0,60.0,48.0,300.0,10.0,598.0,1.9933333333333334,0.54,50.0
2026-09-27T09:03:41.009,DEMO,DEMO,DEMO_MODE,20603d5f2ab0433a9f0a14d9807a08c0,600.0,2.0,60.0,48.0,300.0,10.0,598.0,1.9933333333333334,0.54,50.0
2026-09-27T09:03:41.129,DEMO,DEMO,DEMO_MODE,20603d5f2ab0433a9f0a14d9807a08c0,600.0,2.0,60.0,48.0,300.0,10.0,598.0,1.9933333333333334,0.54,50.0
2026-09-27T09:03:41.250,DEMO,DEMO,DEMO_MODE,20603d5f2ab0433a9f0a14d9807a08c0,600.0,2.0,60.0,48.0,300.0,10.0,598.0,1.9933333333333334,0.54,50.0
2026-09-27T09:03:41.371,DEMO,DEMO,DEMO_MODE,20603d5f2ab0433a9f0a14d9807a08c0,600.0,2.0,60.0,48.0,300.0,10.0,598.0,1.9933333333333334,0.54,50.0
2026-09-27T09:03:41.492,DEMO,DEMO,DEMO_MODE,20603d5f2ab0433a9f0a14d9807a08c0,600.0,2.0,60.0,48.0,300.0,10.0,598.0,1.9933333333333334,0.54,50.0
2026-09-27T09:03:41.612,DEMO,DEMO,DEMO_MODE,20603d5f2ab0433a9f0a14d9807a08c0,600.0,2.0,60.0,48.0,300.0,10.0,598.0,1.9933333333333334,0.54,50.0
2026-09-27T09:03:41.733,DEMO,DEMO,DEMO_MODE,20603d5f2ab0433a9f0a14d9807a08c0,600.0,2.0,60.0,48.0,300.0,10.0,598.0,1.9933333333333334,0.54,50.0
2026-09-27T09:03:41.856,DEMO,DEMO,DEMO_MODE,20603d5f2ab0433a9f0a14d9807a08c0,600.0,2.0,60.0,48.0,300.0,10.0,598.0,1.9933333333333334,0.54,50.0
2026-09-27T09:03:41.977,DEMO,DEMO,DEMO_MODE,20603d5f2ab0433a9f0a14d9807a08c0,600.0,2.0,60.0,48.0,300.0,10.0,598.0,1.9933333333333334,0.54,50.0
2026-09-27T09:03:42.101,DEMO,DEMO,DEMO_MODE,20603d5f2ab0433a9f0a14d9807a08c0,600.0,2.0,60.0,48.0,300.0,10.0,598.0,1.9933333333333334,0.54,50.0
2026-09-27T09:03:42.222,DEMO,DEMO,DEMO_MODE,20603d5f2ab0433a9f0a14d9807a08c0,600.0,2.0,60.0,48.0,300.0,10.0,598.0,1.9933333333333334,0.54,50.0
2026-09-27T09:03:42.343,DEMO,DEMO,DEMO_MODE,20603d5f2ab0433a9f0a14d9807a08c0,600.0,2.0,60.0,52.0,300.0,10.0,598.0,1.9933333333333334,0.54,50.0
2026-09-27T09:03:42.463,DEMO,DEMO,DEMO_MODE,20603d5f2ab0433a9f0a14d9807a08c0,600.0,2.0,60.0,52.0,300.0,10.0,598.0,1.9933333333333334,0.54,50.0
2026-09-27T09:03:42.584,DEMO,DEMO,DEMO_MODE,20603d5f2ab0433a9f0a14d9807a08c0,600.0,2.0,60.0,52.0,300.0,10.0,598.0,1.9933333333333334,0.54,50.0
2026-09-27T09:03:42.704,DEMO,DEMO,DEMO_MODE,20603d5f2ab0433a9f0a14d9807a08c0,600.0,2.0,60.0,52.0,300.0,10.0,598.0,1.9933333333333334,0.54,50.0
2026-09-27T09:03:42.825,DEMO,DEMO,DEMO_MODE,20603d5f2ab0433a9f0a14d9807a08c0,600.0,2.0,60.0,52.0,300.0,10.0,598.0,1.9933333333333334,0.54,50.0
2026-09-27T09:03:42.946,DEMO,DEMO,DEMO_MODE,20603d5f2ab0433a9f0a14d9807a08c0,600.0,2.0,60.0,52.0,300.0,10.0,598.0,1.9933333333333334,0.54,50.0
2026-09-27T09:03:43.067,DEMO,DEMO,DEMO_MODE,20603d5f2ab0433a9f0a14d9807a08c0,600.0,2.0,60.0,52.0,300.0,10.0,598.0,1.9933333333333334,0.54,50.0
2026-09-27T09:03:43.188,DEMO,DEMO,DEMO_MODE,20603d5f2ab0433a9f0a14d9807a08c0,600.0,2.0,60.0,52.0,300.0,10.0,598.0,1.9933333333333334,0.54,50.0
2026-09-27T09:03:43.310,DEMO,DEMO,DEMO_MODE,20603d5f2ab0433a9f0a14d9807a08c0,600.0,2.0,60.0,52.0,300.0,10.0,598.0,1.9933333333333334,0.54,50.0
2026-09-27T09:03:43.430,DEMO,DEMO,DEMO_MODE,20603d5f2ab0433a9f0a14d9807a08c0,600.0,2.0,60.0,52.0,300.0,10.0,598.0,1.9933333333333334,0.54,50.0
2026-09-27T09:03:43.551,DEMO,DEMO,DEMO_MODE,20603d5f2ab0433a9f0a14d9807a08c0,600.0,2.0,60.0,52.0,300.0,10.0,598.0,1.9933333333333334,0.54,50.0
2026-09-27T09:03:43.671,DEMO,DEMO,DEMO_MODE,20603d5f2ab0433a9f0a14d9807a08c0,600.0,2.0,60.0,52.0,300.0,10.0,598.0,1.9933333333333334,0.54,50.0
2026-09-27T09:03:43.792,DEMO,DEMO,DEMO_MODE,20603d5f2ab0433a9f0a14d9807a08c0,600.0,2.0,60.0,52.0,300.0,10.0,598.0,1.9933333333333334,0.54,50.0
2026-09-27T09:03:43.912,DEMO,DEMO,DEMO_MODE,20603d5f2ab0433a9f0a14d9807a08c0,600.0,2.0,60.0,52.0,300.0,10.0,598.0,1.9933333333333334,0.54,50.0
2026-09-27T09:03:44.033,DEMO,DEMO,DEMO_MODE,20603d5f2ab0433a9f0a14d9807a08c0,600.0,2.0,60.0,52.0,300.0,10.0,598.0,1.9933333333333334,0.54,50.0
2026-09-27T09:03:44.153,DEMO,DEMO,DEMO_MODE,20603d5f2ab0433a9f0a14d9807a08c0,600.0,2.0,60.0,52.0,300.0,10.0,598.0,1.9933333333333334,0.54,50.0
2026-09-27T09:03:44.273,DEMO,DEMO,DEMO_MODE,20603d5f2ab0433a9f0a14d9807a08c0,600.0,2.0,60.0,52.0,300.0,10.0,598.0,1.9933333333333334,0.54,50.0
2026-09-27T09:03:44.394,DEMO,DEMO,DEMO_MODE,20603d5f2ab0433a9f0a14d9807a08c0,600.0,2.0,60.0,52.0,300.0,10.0,598.0,1.9933333333333334,0.54,50.0
2026-09-27T09:03:44.515,DEMO,DEMO,DEMO_MODE,20603d5f2ab0433a9f0a14d9807a08c0,600.0,2.0,60.0,52.0,300.0,10.0,598.0,1.9933333333333334,0.54,50.0
2026-09-27T09:03:44.635,DEMO,DEMO,DEMO_MODE,20603d5f2ab0433a9f0a14d9807a08c0,600.0,2.0,60.0,52.0,300.0,10.0,598.0,1.9933333333333334,0.54,50.0
2026-09-27T09:03:44.755,DEMO,DEMO,DEMO_MODE,20603d5f2ab0433a9f0a14d9807a08c0,600.0,2.0,60.0,52.0,300.0,10.0,598.0,1.9933333333333334,0.54,50.0
2026-09-27T09:03:44.876,DEMO,DEMO,DEMO_MODE,20603d5f2ab0433a9f0a14d9807a08c0,600.0,2.0,60.0,52.0,300.0,10.0,598.0,1.9933333333333334,0.54,50.0
2026-09-27T09:03:44.997,DEMO,DEMO,DEMO_MODE,20603d5f2ab0433a9f0a14d9807a08c0,600.0,2.0,60.0,52.0,300.0,10.0,598.0,1.9933333333333334,0.54,50.0
2026-09-27T09:03:45.118,DEMO,DEMO,DEMO_MODE,20603d5f2ab0433a9f0a14d9807a08c0,600.0,2.0,60.0,52.0,300.0,10.0,598.0,1.9933333333333334,0.54,50.0
2026-09-27T09:03:45.238,DEMO,DEMO,DEMO_MODE,20603d5f2ab0433a9f0a14d9807a08c0,600.0,2.0,60.0,52.0,300.0,10.0,598.0,1.9933333333333334,0.54,50.0
2026-09-27T09:03:45.359,DEMO,DEMO,DEMO_MODE,20603d5f2ab0433a9f0a14d9807a08c0,600.0,2.0,60.0,52.0,300.0,10.0,598.0,1.9933333333333334,0.54,50.0
2026-09-27T09:03:45.479,DEMO,DEMO,DEMO_MODE,20603d5f2ab0433a9f0a14d9807a08c0,600.0,2.0,60.0,52.0,300.0,10.0,598.0,1.9933333333333334,0.54,50.0
2026-09-27T09:03:45.604,DEMO,DEMO,DEMO_MODE,20603d5f2ab0433a9f0a14d9807a08c0,600.0,2.0,60.0,52.0,300.0,10.0,598.0,1.9933333333333334,0.54,50.0
2026-09-27T09:03:45.724,DEMO,DEMO,DEMO_MODE,20603d5f2ab0433a9f0a14d9807a08c0,600.0,2.0,60.0,52.0,300.0,10.0,598.0,1.9933333333333334,0.54,50.0
2026-09-27T09:03:45.845,DEMO,DEMO,DEMO_MODE,20603d5f2ab0433a9f0a14d9807a08c0,600.0,2.0,60.0,52.0,300.0,10.0,598.0,1.9933333333333334,0.54,50.0
2026-09-27T09:03:45.966,DEMO,DEMO,DEMO_MODE,20603d5f2ab0433a9f0a14d9807a08c0,600.0,2.0,60.0,52.0,300.0,10.0,598.0,1.9933333333333334,0.54,50.0
2026-09-27T09:03:46.086,DEMO,DEMO,DEMO_MODE,20603d5f2ab0433a9f0a14d9807a08c0,600.0,2.0,60.0,52.0,300.0,10.0,598.0,1.9933333333333334,0.54,50.0
2026-09-27T09:03:46.206,DEMO,DEMO,DEMO_MODE,20603d5f2ab0433a9f0a14d9807a08c0,600.0,2.0,60.0,52.0,300.0,10.0,598.0,1.9933333333333334,0.54,50.0
2026-09-27T09:03:46.327,DEMO,DEMO,DEMO_MODE,20603d5f2ab0433a9f0a14d9807a08c0,600.0,2.0,60.0,52.0,300.0,10.0,598.0,1.9933333333333334,0.54,50.0
2026-09-27T09:03:46.447,DEMO,DEMO,DEMO_MODE,20603d5f2ab0433a9f0a14d9807a08c0,600.0,2.0,60.0,52.0,300.0,10.0,598.0,1.9933333333333334,0.54,50.0
2026-09-27T09:03:46.568,DEMO,DEMO,DEMO_MODE,20603d5f2ab0433a9f0a14d9807a08c0,600.0,2.0,60.0,52.0,300.0,10.0,598.0,1.9933333333333334,0.54,50.0
2026-09-27T09:03:46.688,DEMO,DEMO,DEMO_MODE,20603d5f2ab0433a9f0a14d9807a08c0,600.0,2.0,60.0,52.0,300.0,10.0,598.0,1.9933333333333334,0.54,50.0
2026-09-27T09:03:46.809,DEMO,DEMO,DEMO_MODE,20603d5f2ab0433a9f0a14d9807a08c0,600.0,2.0,60.0,52.0,300.0,10.0,598.0,1.9933333333333334,0.54,50.0
2026-09-27T09:03:46.929,DEMO,DEMO,DEMO_MODE,20603d5f2ab0433a9f0a14d9807a08c0,600.0,2.0,60.0,52.0,300.0,10.0,598.0,1.9933333333333334,0.54,50.0
2026-09-27T09:03:47.050,DEMO,DEMO,DEMO_MODE,20603d5f2ab0433a9f0a14d9807a08c0,600.0,2.0,60.0,52.0,300.0,10.0,598.0,1.9933333333333334,0.54,50.0
2026-09-27T09:03:47.171,DEMO,DEMO,DEMO_MODE,20603d5f2ab0433a9f0a14d9807a08c0,600.0,2.0,60.0,52.0,300.0,10.0,598.0,1.9933333333333334,0.54,50.0
2026-09-27T09:03:47.291,DEMO,DEMO,DEMO_MODE,20603d5f2ab0433a9f0a14d9807a08c0,600.0,2.0,60.0,52.0,300.0,10.0,598.0,1.9933333333333334,0.54,50.0
2026-09-27T09:03:47.412,DEMO,DEMO,DEMO_MODE,20603d5f2ab0433a9f0a14d9807a08c0,700.0,2.0,70.0,56.0,350.0,20.0,698.0,1.9942857142857142,0.54,50.0
2026-09-27T09:03:47.533,DEMO,DEMO,DEMO_MODE,20603d5f2ab0433a9f0a14d9807a08c0,700.0,2.0,70.0,56.0,350.0,20.0,698.0,1.9942857142857142,0.54,50.0
2026-09-27T09:03:47.653,DEMO,DEMO,DEMO_MODE,20603d5f2ab0433a9f0a14d9807a08c0,700.0,2.0,70.0,56.0,350.0,20.0,698.0,1.9942857142857142,0.54,50.0
2026-09-27T09:03:47.774,DEMO,DEMO,DEMO_MODE,20603d5f2ab0433a9f0a14d9807a08c0,700.0,2.0,70.0,56.0,350.0,20.0,698.0,1.9942857142857142,0.54,50.0
2026-09-27T09:03:47.895,DEMO,DEMO,DEMO_MODE,20603d5f2ab0433a9f0a14d9807a08c0,700.0,2.0,70.0,56.0,350.0,20.0,698.0,1.9942857142857142,0.54,50.0
2026-09-27T09:03:48.016,DEMO,DEMO,DEMO_MODE,20603d5f2ab0433a9f0a14d9807a08c0,700.0,2.0,70.0,56.0,350.0,20.0,698.0,1.9942857142857142,0.54,50.0
2026-09-27T09:03:48.137,DEMO,DEMO,DEMO_MODE,20603d5f2ab0433a9f0a14d9807a08c0,700.0,2.0,70.0,56.0,350.0,20.0,698.0,1.9942857142857142,0.54,50.0
2026-09-27T09:03:48.257,DEMO,DEMO,DEMO_MODE,20603d5f2ab0433a9f0a14d9807a08c0,700.0,2.0,70.0,56.0,350.0,20.0,698.0,1.9942857142857142,0.54,50.0
2026-09-27T09:03:48.378,DEMO,DEMO,DEMO_MODE,20603d5f2ab0433a9f0a14d9807a08c0,700.0,2.0,70.0,56.0,350.0,20.0,698.0,1.9942857142857142,0.54,50.0
2026-09-27T09:03:48.499,DEMO,DEMO,DEMO_MODE,20603d5f2ab0433a9f0a14d9807a08c0,700.0,2.0,70.0,56.0,350.0,20.0,698.0,1.9942857142857142,0.54,50.0
2026-09-27T09:03:48.620,DEMO,DEMO,DEMO_MODE,20603d5f2ab0433a9f0a14d9807a08c0,700.0,2.0,70.0,56.0,350.0,20.0,698.0,1.9942857142857142,0.54,50.0
2026-09-27T09:03:48.741,DEMO,DEMO,DEMO_MODE,20603d5f2ab0433a9f0a14d9807a08c0,700.0,2.0,70.0,56.0,350.0,20.0,698.0,1.9942857142857142,0.54,50.0
2026-09-27T09:03:48.862,DEMO,DEMO,DEMO_MODE,20603d5f2ab0433a9f0a14d9807a08c0,700.0,2.0,70.0,56.0,350.0,20.0,698.0,1.9942857142857142,0.54,50.0
2026-09-27T09:03:48.982,DEMO,DEMO,DEMO_MODE,20603d5f2ab0433a9f0a14d9807a08c0,700.0,2.0,70.0,56.0,350.0,20.0,698.0,1.9942857142857142,0.54,50.0
2026-09-27T09:03:49.104,DEMO,DEMO,DEMO_MODE,20603d5f2ab0433a9f0a14d9807a08c0,700.0,2.0,70.0,56.0,350.0,20.0,698.0,1.9942857142857142,0.54,50.0
2026-09-27T09:03:49.225,DEMO,DEMO,DEMO_MODE,20603d5f2ab0433a9f0a14d9807a08c0,700.0,2.0,70.0,56.0,350.0,20.0,698.0,1.9942857142857142,0.54,50.0
2026-09-27T09:03:49.346,DEMO,DEMO,DEMO_MODE,20603d5f2ab0433a9f0a14d9807a08c0,700.0,3.0,70.0,56.0,350.0,20.0,697.0,1.9914285714285713,0.54,50.0
2026-09-27T09:03:49.467,DEMO,DEMO,DEMO_MODE,20603d5f2ab0433a9f0a14d9807a08c0,700.0,3.0,70.0,56.0,350.0,20.0,697.0,1.9914285714285713,0.54,50.0
2026-09-27T09:03:49.587,DEMO,DEMO,DEMO_MODE,20603d5f2ab0433a9f0a14d9807a08c0,700.0,3.0,70.0,56.0,350.0,20.0,697.0,1.9914285714285713,0.54,50.0
2026-09-27T09:03:49.708,DEMO,DEMO,DEMO_MODE,20603d5f2ab0433a9f0a14d9807a08c0,700.0,3.0,70.0,56.0,350.0,20.0,697.0,1.9914285714285713,0.54,50.0
2026-09-27T09:03:49.829,DEMO,DEMO,DEMO_MODE,20603d5f2ab0433a9f0a14d9807a08c0,700.0,3.0,70.0,56.0,350.0,20.0,697.0,1.9914285714285713,0.54,50.0
2026-09-27T09:03:49.950,DEMO,DEMO,DEMO_MODE,20603d5f2ab0433a9f0a14d9807a08c0,700.0,3.0,70.0,56.0,350.0,20.0,697.0,1.9914285714285713,0.54,50.0
2026-09-27T09:03:50.070,DEMO,DEMO,DEMO_MODE,20603d5f2ab0433a9f0a14d9807a08c0,700.0,3.0,70.0,56.0,350.0,20.0,697.0,1.9914285714285713,0.54,50.0
2026-09-27T09:03:50.191,DEMO,DEMO,DEMO_MODE,20603d5f2ab0433a9f0a14d9807a08c0,700.0,3.0,70.0,56.0,350.0,20.0,697.0,1.9914285714285713,0.54,50.0
2026-09-27T09:03:50.312,DEMO,DEMO,DEMO_MODE,20603d5f2ab0433a9f0a14d9807a08c0,700.0,3.0,70.0,56.0,350.0,20.0,697.0,1.9914285714285713,0.54,50.0
2026-09-27T09:03:50.434,DEMO,DEMO,DEMO_MODE,20603d5f2ab0433a9f0a14d9807a08c0,700.0,3.0,70.0,56.0,350.0,20.0,697.0,1.9914285714285713,0.54,50.0
2026-09-27T09:03:50.554,DEMO,DEMO,DEMO_MODE,20603d5f2ab0433a9f0a14d9807a08c0,700.0,3.0,70.0,56.0,350.0,20.0,697.0,1.9914285714285713,0.54,50.0
2026-09-27T09:03:50.674,DEMO,DEMO,DEMO_MODE,20603d5f2ab0433a9f0a14d9807a08c0,700.0,3.0,70.0,56.0,350.0,20.0,697.0,1.9914285714285713,0.54,50.0
2026-09-27T09:03:50.795,DEMO,DEMO,DEMO_MODE,20603d5f2ab0433a9f0a14d9807a08c0,700.0,3.0,70.0,56.0,350.0,20.0,697.0,1.9914285714285713,0.54,50.0
2026-09-27T09:03:50.916,DEMO,DEMO,DEMO_MODE,20603d5f2ab0433a9f0a14d9807a08c0,700.0,3.0,70.0,56.0,350.0,20.0,697.0,1.9914285714285713,0.54,50.0
2026-09-27T09:03:51.036,DEMO,DEMO,DEMO_MODE,20603d5f2ab0433a9f0a14d9807a08c0,700.0,3.0,70.0,56.0,350.0,20.0,697.0,1.9914285714285713,0.54,50.0
2026-09-27T09:03:51.157,DEMO,DEMO,DEMO_MODE,20603d5f2ab0433a9f0a14d9807a08c0,700.0,3.0,70.0,56.0,350.0,20.0,697.0,1.9914285714285713,0.54,50.0
2026-09-27T09:03:51.279,DEMO,DEMO,DEMO_MODE,20603d5f2ab0433a9f0a14d9807a08c0,700.0,3.0,70.0,56.0,350.0,20.0,697.0,1.9914285714285713,0.54,50.0
2026-09-27T09:03:51.399,DEMO,DEMO,DEMO_MODE,20603d5f2ab0433a9f0a14d9807a08c0,700.0,3.0,70.0,56.0,350.0,20.0,697.0,1.9914285714285713,0.54,50.0
2026-09-27T09:03:51.521,DEMO,DEMO,DEMO_MODE,20603d5f2ab0433a9f0a14d9807a08c0,700.0,3.0,70.0,56.0,350.0,20.0,697.0,1.9914285714285713,0.54,50.0
2026-09-27T09:03:51.642,DEMO,DEMO,DEMO_MODE,20603d5f2ab0433a9f0a14d9807a08c0,700.0,3.0,70.0,56.0,350.0,20.0,697.0,1.9914285714285713,0.54,50.0
2026-09-27T09:03:51.762,DEMO,DEMO,DEMO_MODE,20603d5f2ab0433a9f0a14d9807a08c0,700.0,3.0,70.0,56.0,350.0,20.0,697.0,1.9914285714285713,0.54,50.0
2026-09-27T09:03:51.883,DEMO,DEMO,DEMO_MODE,20603d5f2ab0433a9f0a14d9807a08c0,700.0,3.0,70.0,56.0,350.0,20.0,697.0,1.9914285714285713,0.54,50.0
2026-09-27T09:03:52.004,DEMO,DEMO,DEMO_MODE,20603d5f2ab0433a9f0a14d9807a08c0,700.0,3.0,70.0,56.0,350.0,20.0,697.0,1.9914285714285713,0.54,50.0
2026-09-27T09:03:52.125,DEMO,DEMO,DEMO_MODE,20603d5f2ab0433a9f0a14d9807a08c0,700.0,3.0,70.0,56.0,350.0,20.0,697.0,1.9914285714285713,0.54,50.0
2026-09-27T09:03:52.245,DEMO,DEMO,DEMO_MODE,20603d5f2ab0433a9f0a14d9807a08c0,700.0,3.0,70.0,56.0,350.0,20.0,697.0,1.9914285714285713,0.54,50.0
2026-09-27T09:03:52.366,DEMO,DEMO,DEMO_MODE,20603d5f2ab0433a9f0a14d9807a08c0,700.0,3.0,70.0,60.0,350.0,20.0,697.0,1.9914285714285713,0.54,50.0
2026-09-27T09:03:52.488,DEMO,DEMO,DEMO_MODE,20603d5f2ab0433a9f0a14d9807a08c0,700.0,3.0,70.0,60.0,350.0,20.0,697.0,1.9914285714285713,0.54,50.0
2026-09-27T09:03:52.608,DEMO,DEMO,DEMO_MODE,20603d5f2ab0433a9f0a14d9807a08c0,700.0,3.0,70.0,60.0,350.0,20.0,697.0,1.9914285714285713,0.54,50.0
2026-09-27T09:03:52.728,DEMO,DEMO,DEMO_MODE,20603d5f2ab0433a9f0a14d9807a08c0,700.0,3.0,70.0,60.0,350.0,20.0,697.0,1.9914285714285713,0.54,50.0
2026-09-27T09:03:52.852,DEMO,DEMO,DEMO_MODE,20603d5f2ab0433a9f0a14d9807a08c0,700.0,3.0,70.0,60.0,350.0,20.0,697.0,1.9914285714285713,0.54,50.0
2026-09-27T09:03:52.972,DEMO,DEMO,DEMO_MODE,20603d5f2ab0433a9f0a14d9807a08c0,700.0,3.0,70.0,60.0,350.0,20.0,697.0,1.9914285714285713,0.54,50.0
2026-09-27T09:03:53.092,DEMO,DEMO,DEMO_MODE,20603d5f2ab0433a9f0a14d9807a08c0,700.0,3.0,70.0,60.0,350.0,20.0,697.0,1.9914285714285713,0.54,50.0
2026-09-27T09:03:53.213,DEMO,DEMO,DEMO_MODE,20603d5f2ab0433a9f0a14d9807a08c0,700.0,3.0,70.0,60.0,350.0,20.0,697.0,1.9914285714285713,0.54,50.0
2026-09-27T09:03:53.333,DEMO,DEMO,DEMO_MODE,20603d5f2ab0433a9f0a14d9807a08c0,700.0,3.0,70.0,60.0,350.0,20.0,697.0,1.9914285714285713,0.54,50.0
2026-09-27T09:03:53.454,DEMO,DEMO,DEMO_MODE,20603d5f2ab0433a9f0a14d9807a08c0,700.0,3.0,70.0,60.0,350.0,20.0,697.0,1.9914285714285713,0.54,50.0
2026-09-27T09:03:53.575,DEMO,DEMO,DEMO_MODE,20603d5f2ab0433a9f0a14d9807a08c0,700.0,3.0,70.0,60.0,350.0,20.0,697.0,1.9914285714285713,0.54,50.0
2026-09-27T09:03:53.696,DEMO,DEMO,DEMO_MODE,20603d5f2ab0433a9f0a14d9807a08c0,700.0,3.0,70.0,60.0,350.0,20.0,697.0,1.9914285714285713,0.54,50.0
2026-09-27T09:03:53.816,DEMO,DEMO,DEMO_MODE,20603d5f2ab0433a9f0a14d9807a08c0,700.0,3.0,70.0,60.0,350.0,20.0,697.0,1.9914285714285713,0.54,50.0
2026-09-27T09:03:53.937,DEMO,DEMO,DEMO_MODE,20603d5f2ab0433a9f0a14d9807a08c0,700.0,3.0,70.0,60.0,350.0,20.0,697.0,1.9914285714285713,0.54,50.0
2026-09-27T09:03:54.057,DEMO,DEMO,DEMO_MODE,20603d5f2ab0433a9f0a14d9807a08c0,700.0,3.0,70.0,60.0,350.0,20.0,697.0,1.9914285714285713,0.54,50.0
2026-09-27T09:03:54.178,DEMO,DEMO,DEMO_MODE,20603d5f2ab0433a9f0a14d9807a08c0,700.0,3.0,70.0,60.0,350.0,20.0,697.0,1.9914285714285713,0.54,50.0
2026-09-27T09:03:54.299,DEMO,DEMO,DEMO_MODE,20603d5f2ab0433a9f0a14d9807a08c0,700.0,3.0,70.0,60.0,350.0,20.0,697.0,1.9914285714285713,0.54,50.0
2026-09-27T09:03:54.420,DEMO,DEMO,DEMO_MODE,20603d5f2ab0433a9f0a14d9807a08c0,700.0,3.0,70.0,60.0,350.0,20.0,697.0,1.9914285714285713,0.54,50.0
2026-09-27T09:03:54.541,DEMO,DEMO,DEMO_MODE,20603d5f2ab0433a9f0a14d9807a08c0,700.0,3.0,70.0,60.0,350.0,20.0,697.0,1.9914285714285713,0.54,50.0
2026-09-27T09:03:54.661,DEMO,DEMO,DEMO_MODE,20603d5f2ab0433a9f0a14d9807a08c0,700.0,3.0,70.0,60.0,350.0,20.0,697.0,1.9914285714285713,0.54,50.0
2026-09-27T09:03:54.782,DEMO,DEMO,DEMO_MODE,20603d5f2ab0433a9f0a14d9807a08c0,700.0,3.0,70.0,60.0,350.0,20.0,697.0,1.9914285714285713,0.54,50.0
2026-09-27T09:03:54.903,DEMO,DEMO,DEMO_MODE,20603d5f2ab0433a9f0a14d9807a08c0,700.0,3.0,70.0,60.0,350.0,20.0,697.0,1.9914285714285713,0.54,50.0
2026-09-27T09:03:55.023,DEMO,DEMO,DEMO_MODE,20603d5f2ab0433a9f0a14d9807a08c0,700.0,3.0,70.0,60.0,350.0,20.0,697.0,1.9914285714285713,0.54,50.0
2026-09-27T09:03:55.144,DEMO,DEMO,DEMO_MODE,20603d5f2ab0433a9f0a14d9807a08c0,700.0,3.0,70.0,60.0,350.0,20.0,697.0,1.9914285714285713,0.54,50.0
2026-09-27T09:03:55.266,DEMO,DEMO,DEMO_MODE,20603d5f2ab0433a9f0a14d9807a08c0,700.0,3.0,70.0,60.0,350.0,20.0,697.0,1.9914285714285713,0.54,50.0
2026-09-27T09:03:55.386,DEMO,DEMO,DEMO_MODE,20603d5f2ab0433a9f0a14d9807a08c0,700.0,3.0,70.0,60.0,350.0,20.0,697.0,1.9914285714285713,0.54,50.0
2026-09-27T09:03:55.507,DEMO,DEMO,DEMO_MODE,20603d5f2ab0433a9f0a14d9807a08c0,700.0,3.0,70.0,60.0,350.0,20.0,697.0,1.9914285714285713,0.54,50.0
2026-09-27T09:03:55.627,DEMO,DEMO,DEMO_MODE,20603d5f2ab0433a9f0a14d9807a08c0,700.0,3.0,70.0,60.0,350.0,20.0,697.0,1.9914285714285713,0.54,50.0
2026-09-27T09:03:55.748,DEMO,DEMO,DEMO_MODE,20603d5f2ab0433a9f0a14d9807a08c0,700.0,3.0,70.0,60.0,350.0,20.0,697.0,1.9914285714285713,0.54,50.0
2026-09-27T09:03:55.869,DEMO,DEMO,DEMO_MODE,20603d5f2ab0433a9f0a14d9807a08c0,700.0,3.0,70.0,60.0,350.0,20.0,697.0,1.9914285714285713,0.54,50.0
2026-09-27T09:03:55.990,DEMO,DEMO,DEMO_MODE,20603d5f2ab0433a9f0a14d9807a08c0,700.0,3.0,70.0,60.0,350.0,20.0,697.0,1.9914285714285713,0.54,50.0
2026-09-27T09:03:56.111,DEMO,DEMO,DEMO_MODE,20603d5f2ab0433a9f0a14d9807a08c0,700.0,3.0,70.0,60.0,350.0,20.0,697.0,1.9914285714285713,0.54,50.0
2026-09-27T09:03:56.231,DEMO,DEMO,DEMO_MODE,20603d5f2ab0433a9f0a14d9807a08c0,700.0,3.0,70.0,60.0,350.0,20.0,697.0,1.9914285714285713,0.54,50.0
2026-09-27T09:03:56.352,DEMO,DEMO,DEMO_MODE,20603d5f2ab0433a9f0a14d9807a08c0,700.0,3.0,70.0,60.0,350.0,20.0,697.0,1.9914285714285713,0.54,50.0
2026-09-27T09:03:56.473,DEMO,DEMO,DEMO_MODE,20603d5f2ab0433a9f0a14d9807a08c0,700.0,3.0,70.0,60.0,350.0,20.0,697.0,1.9914285714285713,0.54,50.0
2026-09-27T09:03:56.594,DEMO,DEMO,DEMO_MODE,20603d5f2ab0433a9f0a14d9807a08c0,700.0,3.0,70.0,60.0,350.0,20.0,697.0,1.9914285714285713,0.54,50.0
2026-09-27T09:03:56.715,DEMO,DEMO,DEMO_MODE,20603d5f2ab0433a9f0a14d9807a08c0,700.0,3.0,70.0,60.0,350.0,20.0,697.0,1.9914285714285713,0.54,50.0
2026-09-27T09:03:56.836,DEMO,DEMO,DEMO_MODE,20603d5f2ab0433a9f0a14d9807a08c0,700.0,3.0,70.0,60.0,350.0,20.0,697.0,1.9914285714285713,0.54,50.0
2026-09-27T09:03:56.957,DEMO,DEMO,DEMO_MODE,20603d5f2ab0433a9f0a14d9807a08c0,700.0,3.0,70.0,60.0,350.0,20.0,697.0,1.9914285714285713,0.54,50.0
2026-09-27T09:03:57.078,DEMO,DEMO,DEMO_MODE,20603d5f2ab0433a9f0a14d9807a08c0,700.0,3.0,70.0,60.0,350.0,20.0,697.0,1.9914285714285713,0.54,50.0
2026-09-27T09:03:57.198,DEMO,DEMO,DEMO_MODE,20603d5f2ab0433a9f0a14d9807a08c0,700.0,3.0,70.0,60.0,350.0,20.0,697.0,1.9914285714285713,0.54,50.0
2026-09-27T09:03:57.319,DEMO,DEMO,DEMO_MODE,20603d5f2ab0433a9f0a14d9807a08c0,700.0,3.0,70.0,60.0,350.0,20.0,697.0,1.9914285714285713,0.54,50.0
2026-09-27T09:03:57.440,DEMO,DEMO,DEMO_MODE,20603d5f2ab0433a9f0a14d9807a08c0,800.0,3.0,80.0,64.0,400.0,30.0,797.0,1.9925,0.54,50.0
2026-09-27T09:03:57.560,DEMO,DEMO,DEMO_MODE,20603d5f2ab0433a9f0a14d9807a08c0,800.0,3.0,80.0,64.0,400.0,30.0,797.0,1.9925,0.54,50.0
2026-09-27T09:03:57.681,DEMO,DEMO,DEMO_MODE,20603d5f2ab0433a9f0a14d9807a08c0,800.0,3.0,80.0,64.0,400.0,30.0,797.0,1.9925,0.54,50.0
2026-09-27T09:03:57.801,DEMO,DEMO,DEMO_MODE,20603d5f2ab0433a9f0a14d9807a08c0,800.0,3.0,80.0,64.0,400.0,30.0,797.0,1.9925,0.54,50.0
2026-09-27T09:03:57.922,DEMO,DEMO,DEMO_MODE,20603d5f2ab0433a9f0a14d9807a08c0,800.0,3.0,80.0,64.0,400.0,30.0,797.0,1.9925,0.54,50.0
2026-09-27T09:03:58.043,DEMO,DEMO,DEMO_MODE,20603d5f2ab0433a9f0a14d9807a08c0,800.0,3.0,80.0,64.0,400.0,30.0,797.0,1.9925,0.54,50.0
2026-09-27T09:03:58.163,DEMO,DEMO,DEMO_MODE,20603d5f2ab0433a9f0a14d9807a08c0,800.0,3.0,80.0,64.0,400.0,30.0,797.0,1.9925,0.54,50.0
2026-09-27T09:03:58.284,DEMO,DEMO,DEMO_MODE,20603d5f2ab0433a9f0a14d9807a08c0,800.0,3.0,80.0,64.0,400.0,30.0,797.0,1.9925,0.54,50.0
2026-09-27T09:03:58.404,DEMO,DEMO,DEMO_MODE,20603d5f2ab0433a9f0a14d9807a08c0,800.0,4.0,80.0,64.0,400.0,30.0,796.0,1.99,0.54,50.0
2026-09-27T09:03:58.525,DEMO,DEMO,DEMO_MODE,20603d5f2ab0433a9f0a14d9807a08c0,800.0,4.0,80.0,64.0,400.0,30.0,796.0,1.99,0.54,50.0
2026-09-27T09:03:58.646,DEMO,DEMO,DEMO_MODE,20603d5f2ab0433a9f0a14d9807a08c0,800.0,4.0,80.0,64.0,400.0,30.0,796.0,1.99,0.54,50.0
2026-09-27T09:03:58.767,DEMO,DEMO,DEMO_MODE,20603d5f2ab0433a9f0a14d9807a08c0,800.0,4.0,80.0,64.0,400.0,30.0,796.0,1.99,0.54,50.0
2026-09-27T09:03:58.888,DEMO,DEMO,DEMO_MODE,20603d5f2ab0433a9f0a14d9807a08c0,800.0,4.0,80.0,64.0,400.0,30.0,796.0,1.99,0.54,50.0
2026-09-27T09:03:59.009,DEMO,DEMO,DEMO_MODE,20603d5f2ab0433a9f0a14d9807a08c0,800.0,4.0,80.0,64.0,400.0,30.0,796.0,1.99,0.54,50.0
2026-09-27T09:03:59.129,DEMO,DEMO,DEMO_MODE,20603d5f2ab0433a9f0a14d9807a08c0,800.0,4.0,80.0,64.0,400.0,30.0,796.0,1.99,0.54,50.0
2026-09-27T09:03:59.250,DEMO,DEMO,DEMO_MODE,20603d5f2ab0433a9f0a14d9807a08c0,800.0,4.0,80.0,64.0,400.0,30.0,796.0,1.99,0.54,50.0
2026-09-27T09:03:59.371,DEMO,DEMO,DEMO_MODE,20603d5f2ab0433a9f0a14d9807a08c0,800.0,4.0,80.0,64.0,400.0,30.0,796.0,1.99,0.54,50.0
2026-09-27T09:03:59.491,DEMO,DEMO,DEMO_MODE,20603d5f2ab0433a9f0a14d9807a08c0,800.0,4.0,80.0,64.0,400.0,30.0,796.0,1.99,0.54,50.0
2026-09-27T09:03:59.612,DEMO,DEMO,DEMO_MODE,20603d5f2ab0433a9f0a14d9807a08c0,800.0,4.0,80.0,64.0,400.0,30.0,796.0,1.99,0.54,50.0
2026-09-27T09:03:59.733,DEMO,DEMO,DEMO_MODE,20603d5f2ab0433a9f0a14d9807a08c0,800.0,4.0,80.0,64.0,400.0,30.0,796.0,1.99,0.54,50.0
2026-09-27T09:03:59.854,DEMO,DEMO,DEMO_MODE,20603d5f2ab0433a9f0a14d9807a08c0,800.0,4.0,80.0,64.0,400.0,30.0,796.0,1.99,0.54,50.0
2026-09-27T09:03:59.974,DEMO,DEMO,DEMO_MODE,20603d5f2ab0433a9f0a14d9807a08c0,800.0,4.0,80.0,64.0,400.0,30.0,796.0,1.99,0.54,50.0
2026-09-27T09:04:00.095,DEMO,DEMO,DEMO_MODE,20603d5f2ab0433a9f0a14d9807a08c0,800.0,4.0,80.0,64.0,400.0,30.0,796.0,1.99,0.54,50.0
2026-09-27T09:04:00.215,DEMO,DEMO,DEMO_MODE,20603d5f2ab0433a9f0a14d9807a08c0,800.0,4.0,80.0,64.0,400.0,30.0,796.0,1.99,0.54,50.0
2026-09-27T09:04:00.336,DEMO,DEMO,DEMO_MODE,20603d5f2ab0433a9f0a14d9807a08c0,800.0,4.0,80.0,64.0,400.0,30.0,796.0,1.99,0.54,50.0
2026-09-27T09:04:00.456,DEMO,DEMO,DEMO_MODE,20603d5f2ab0433a9f0a14d9807a08c0,800.0,4.0,80.0,64.0,400.0,30.0,796.0,1.99,0.54,50.0
2026-09-27T09:04:00.578,DEMO,DEMO,DEMO_MODE,20603d5f2ab0433a9f0a14d9807a08c0,800.0,4.0,80.0,64.0,400.0,30.0,796.0,1.99,0.54,50.0
2026-09-27T09:04:00.698,DEMO,DEMO,DEMO_MODE,20603d5f2ab0433a9f0a14d9807a08c0,800.0,4.0,80.0,64.0,400.0,30.0,796.0,1.99,0.54,50.0
2026-09-27T09:04:00.819,DEMO,DEMO,DEMO_MODE,20603d5f2ab0433a9f0a14d9807a08c0,800.0,4.0,80.0,64.0,400.0,30.0,796.0,1.99,0.54,50.0
2026-09-27T09:04:00.940,DEMO,DEMO,DEMO_MODE,20603d5f2ab0433a9f0a14d9807a08c0,800.0,4.0,80.0,64.0,400.0,30.0,796.0,1.99,0.54,50.0
2026-09-27T09:04:01.062,DEMO,DEMO,DEMO_MODE,20603d5f2ab0433a9f0a14d9807a08c0,800.0,4.0,80.0,64.0,400.0,30.0,796.0,1.99,0.54,50.0
2026-09-27T09:04:01.182,DEMO,DEMO,DEMO_MODE,20603d5f2ab0433a9f0a14d9807a08c0,800.0,4.0,80.0,64.0,400.0,30.0,796.0,1.99,0.54,50.0
2026-09-27T09:04:01.303,DEMO,DEMO,DEMO_MODE,20603d5f2ab0433a9f0a14d9807a08c0,800.0,4.0,80.0,64.0,400.0,30.0,796.0,1.99,0.54,50.0
2026-09-27T09:04:01.424,DEMO,DEMO,DEMO_MODE,20603d5f2ab0433a9f0a14d9807a08c0,800.0,4.0,80.0,64.0,400.0,30.0,796.0,1.99,0.54,50.0
2026-09-27T09:04:01.545,DEMO,DEMO,DEMO_MODE,20603d5f2ab0433a9f0a14d9807a08c0,800.0,4.0,80.0,64.0,400.0,30.0,796.0,1.99,0.54,50.0
2026-09-27T09:04:01.665,DEMO,DEMO,DEMO_MODE,20603d5f2ab0433a9f0a14d9807a08c0,800.0,4.0,80.0,64.0,400.0,30.0,796.0,1.99,0.54,50.0
2026-09-27T09:04:01.786,DEMO,DEMO,DEMO_MODE,20603d5f2ab0433a9f0a14d9807a08c0,800.0,4.0,80.0,64.0,400.0,30.0,796.0,1.99,0.54,50.0
2026-09-27T09:04:01.908,DEMO,DEMO,DEMO_MODE,20603d5f2ab0433a9f0a14d9807a08c0,800.0,4.0,80.0,64.0,400.0,30.0,796.0,1.99,0.54,50.0
2026-09-27T09:04:02.028,DEMO,DEMO,DEMO_MODE,20603d5f2ab0433a9f0a14d9807a08c0,800.0,4.0,80.0,64.0,400.0,30.0,796.0,1.99,0.54,50.0
2026-09-27T09:04:02.149,DEMO,DEMO,DEMO_MODE,20603d5f2ab0433a9f0a14d9807a08c0,800.0,4.0,80.0,64.0,400.0,30.0,796.0,1.99,0.54,50.0
2026-09-27T09:04:02.269,DEMO,DEMO,DEMO_MODE,20603d5f2ab0433a9f0a14d9807a08c0,800.0,4.0,80.0,64.0,400.0,30.0,796.0,1.99,0.54,50.0
2026-09-27T09:04:02.390,DEMO,DEMO,DEMO_MODE,20603d5f2ab0433a9f0a14d9807a08c0,800.0,4.0,80.0,64.0,400.0,30.0,796.0,1.99,0.54,50.0
2026-09-27T09:04:02.510,DEMO,DEMO,DEMO_MODE,20603d5f2ab0433a9f0a14d9807a08c0,800.0,4.0,80.0,68.0,400.0,30.0,796.0,1.99,0.54,50.0
2026-09-27T09:04:02.631,DEMO,DEMO,DEMO_MODE,20603d5f2ab0433a9f0a14d9807a08c0,800.0,4.0,80.0,68.0,400.0,30.0,796.0,1.99,0.54,50.0
2026-09-27T09:04:02.752,DEMO,DEMO,DEMO_MODE,20603d5f2ab0433a9f0a14d9807a08c0,800.0,4.0,80.0,68.0,400.0,30.0,796.0,1.99,0.54,50.0
2026-09-27T09:04:02.873,DEMO,DEMO,DEMO_MODE,20603d5f2ab0433a9f0a14d9807a08c0,800.0,4.0,80.0,68.0,400.0,30.0,796.0,1.99,0.54,50.0
2026-09-27T09:04:02.995,DEMO,DEMO,DEMO_MODE,20603d5f2ab0433a9f0a14d9807a08c0,800.0,4.0,80.0,68.0,400.0,30.0,796.0,1.99,0.54,50.0
2026-09-27T09:04:03.116,DEMO,DEMO,DEMO_MODE,20603d5f2ab0433a9f0a14d9807a08c0,800.0,4.0,80.0,68.0,400.0,30.0,796.0,1.99,0.54,50.0
2026-09-27T09:04:03.236,DEMO,DEMO,DEMO_MODE,20603d5f2ab0433a9f0a14d9807a08c0,800.0,4.0,80.0,68.0,400.0,30.0,796.0,1.99,0.54,50.0
2026-09-27T09:04:03.361,DEMO,DEMO,DEMO_MODE,20603d5f2ab0433a9f0a14d9807a08c0,800.0,4.0,80.0,68.0,400.0,30.0,796.0,1.99,0.54,50.0
2026-09-27T09:04:03.482,DEMO,DEMO,DEMO_MODE,20603d5f2ab0433a9f0a14d9807a08c0,800.0,4.0,80.0,68.0,400.0,30.0,796.0,1.99,0.54,50.0
2026-09-27T09:04:03.604,DEMO,DEMO,DEMO_MODE,20603d5f2ab0433a9f0a14d9807a08c0,800.0,4.0,80.0,68.0,400.0,30.0,796.0,1.99,0.54,50.0
2026-09-27T09:04:03.725,DEMO,DEMO,DEMO_MODE,20603d5f2ab0433a9f0a14d9807a08c0,800.0,4.0,80.0,68.0,400.0,30.0,796.0,1.99,0.54,50.0
2026-09-27T09:04:03.845,DEMO,DEMO,DEMO_MODE,20603d5f2ab0433a9f0a14d9807a08c0,800.0,4.0,80.0,68.0,400.0,30.0,796.0,1.99,0.54,50.0
2026-09-27T09:04:03.966,DEMO,DEMO,DEMO_MODE,20603d5f2ab0433a9f0a14d9807a08c0,800.0,4.0,80.0,68.0,400.0,30.0,796.0,1.99,0.54,50.0
2026-09-27T09:04:04.087,DEMO,DEMO,DEMO_MODE,20603d5f2ab0433a9f0a14d9807a08c0,800.0,4.0,80.0,68.0,400.0,30.0,796.0,1.99,0.54,50.0
2026-09-27T09:04:04.208,DEMO,DEMO,DEMO_MODE,20603d5f2ab0433a9f0a14d9807a08c0,800.0,4.0,80.0,68.0,400.0,30.0,796.0,1.99,0.54,50.0
2026-09-27T09:04:04.328,DEMO,DEMO,DEMO_MODE,20603d5f2ab0433a9f0a14d9807a08c0,800.0,4.0,80.0,68.0,400.0,30.0,796.0,1.99,0.54,50.0
2026-09-27T09:04:04.449,DEMO,DEMO,DEMO_MODE,20603d5f2ab0433a9f0a14d9807a08c0,800.0,4.0,80.0,68.0,400.0,30.0,796.0,1.99,0.54,50.0
2026-09-27T09:04:04.570,DEMO,DEMO,DEMO_MODE,20603d5f2ab0433a9f0a14d9807a08c0,800.0,4.0,80.0,68.0,400.0,30.0,796.0,1.99,0.54,50.0
2026-09-27T09:04:04.691,DEMO,DEMO,DEMO_MODE,20603d5f2ab0433a9f0a14d9807a08c0,800.0,4.0,80.0,68.0,400.0,30.0,796.0,1.99,0.54,50.0
2026-09-27T09:04:04.811,DEMO,DEMO,DEMO_MODE,20603d5f2ab0433a9f0a14d9807a08c0,800.0,4.0,80.0,68.0,400.0,30.0,796.0,1.99,0.54,50.0
2026-09-27T09:04:04.932,DEMO,DEMO,DEMO_MODE,20603d5f2ab0433a9f0a14d9807a08c0,800.0,4.0,80.0,68.0,400.0,30.0,796.0,1.99,0.54,50.0
2026-09-27T09:04:05.054,DEMO,DEMO,DEMO_MODE,20603d5f2ab0433a9f0a14d9807a08c0,800.0,4.0,80.0,68.0,400.0,30.0,796.0,1.99,0.54,50.0
2026-09-27T09:04:05.175,DEMO,DEMO,DEMO_MODE,20603d5f2ab0433a9f0a14d9807a08c0,800.0,4.0,80.0,68.0,400.0,30.0,796.0,1.99,0.54,50.0
2026-09-27T09:04:05.295,DEMO,DEMO,DEMO_MODE,20603d5f2ab0433a9f0a14d9807a08c0,800.0,4.0,80.0,68.0,400.0,30.0,796.0,1.99,0.54,50.0
2026-09-27T09:04:05.416,DEMO,DEMO,DEMO_MODE,20603d5f2ab0433a9f0a14d9807a08c0,800.0,4.0,80.0,68.0,400.0,30.0,796.0,1.99,0.54,50.0
2026-09-27T09:04:05.537,DEMO,DEMO,DEMO_MODE,20603d5f2ab0433a9f0a14d9807a08c0,800.0,4.0,80.0,68.0,400.0,30.0,796.0,1.99,0.54,50.0
2026-09-27T09:04:05.657,DEMO,DEMO,DEMO_MODE,20603d5f2ab0433a9f0a14d9807a08c0,800.0,4.0,80.0,68.0,400.0,30.0,796.0,1.99,0.54,50.0
2026-09-27T09:04:05.778,DEMO,DEMO,DEMO_MODE,20603d5f2ab0433a9f0a14d9807a08c0,800.0,4.0,80.0,68.0,400.0,30.0,796.0,1.99,0.54,50.0
2026-09-27T09:04:05.899,DEMO,DEMO,DEMO_MODE,20603d5f2ab0433a9f0a14d9807a08c0,800.0,4.0,80.0,68.0,400.0,30.0,796.0,1.99,0.54,50.0
2026-09-27T09:04:06.020,DEMO,DEMO,DEMO_MODE,20603d5f2ab0433a9f0a14d9807a08c0,800.0,4.0,80.0,68.0,400.0,30.0,796.0,1.99,0.54,50.0
2026-09-27T09:04:06.141,DEMO,DEMO,DEMO_MODE,20603d5f2ab0433a9f0a14d9807a08c0,800.0,4.0,80.0,68.0,400.0,30.0,796.0,1.99,0.54,50.0
2026-09-27T09:04:06.261,DEMO,DEMO,DEMO_MODE,20603d5f2ab0433a9f0a14d9807a08c0,800.0,4.0,80.0,68.0,400.0,30.0,796.0,1.99,0.54,50.0
2026-09-27T09:04:06.382,DEMO,DEMO,DEMO_MODE,20603d5f2ab0433a9f0a14d9807a08c0,800.0,4.0,80.0,68.0,400.0,30.0,796.0,1.99,0.54,50.0
2026-09-27T09:04:06.503,DEMO,DEMO,DEMO_MODE,20603d5f2ab0433a9f0a14d9807a08c0,800.0,4.0,80.0,68.0,400.0,30.0,796.0,1.99,0.54,50.0
2026-09-27T09:04:06.624,DEMO,DEMO,DEMO_MODE,20603d5f2ab0433a9f0a14d9807a08c0,800.0,4.0,80.0,68.0,400.0,30.0,796.0,1.99,0.54,50.0
2026-09-27T09:04:06.744,DEMO,DEMO,DEMO_MODE,20603d5f2ab0433a9f0a14d9807a08c0,800.0,4.0,80.0,68.0,400.0,30.0,796.0,1.99,0.54,50.0
2026-09-27T09:04:06.864,DEMO,DEMO,DEMO_MODE,20603d5f2ab0433a9f0a14d9807a08c0,800.0,4.0,80.0,68.0,400.0,30.0,796.0,1.99,0.54,50.0
2026-09-27T09:04:06.985,DEMO,DEMO,DEMO_MODE,20603d5f2ab0433a9f0a14d9807a08c0,800.0,4.0,80.0,68.0,400.0,30.0,796.0,1.99,0.54,50.0
2026-09-27T09:04:07.106,DEMO,DEMO,DEMO_MODE,20603d5f2ab0433a9f0a14d9807a08c0,800.0,4.0,80.0,68.0,400.0,30.0,796.0,1.99,0.54,50.0
2026-09-27T09:04:07.227,DEMO,DEMO,DEMO_MODE,20603d5f2ab0433a9f0a14d9807a08c0,800.0,4.0,80.0,68.0,400.0,30.0,796.0,1.99,0.54,50.0
2026-09-27T09:04:07.348,DEMO,DEMO,DEMO_MODE,20603d5f2ab0433a9f0a14d9807a08c0,800.0,4.0,80.0,68.0,400.0,30.0,796.0,1.99,0.54,50.0
2026-09-27T09:04:07.469,DEMO,DEMO,DEMO_MODE,20603d5f2ab0433a9f0a14d9807a08c0,900.0,0.0,90.0,72.0,450.0,40.0,900.0,2.0,0.54,50.0
2026-09-27T09:04:07.589,DEMO,DEMO,DEMO_MODE,20603d5f2ab0433a9f0a14d9807a08c0,900.0,0.0,90.0,72.0,450.0,40.0,900.0,2.0,0.54,50.0
2026-09-27T09:04:07.710,DEMO,DEMO,DEMO_MODE,20603d5f2ab0433a9f0a14d9807a08c0,900.0,0.0,90.0,72.0,450.0,40.0,900.0,2.0,0.54,50.0
2026-09-27T09:04:07.830,DEMO,DEMO,DEMO_MODE,20603d5f2ab0433a9f0a14d9807a08c0,900.0,0.0,90.0,72.0,450.0,40.0,900.0,2.0,0.54,50.0
2026-09-27T09:04:07.951,DEMO,DEMO,DEMO_MODE,20603d5f2ab0433a9f0a14d9807a08c0,900.0,0.0,90.0,72.0,450.0,40.0,900.0,2.0,0.54,50.0
2026-09-27T09:04:08.072,DEMO,DEMO,DEMO_MODE,20603d5f2ab0433a9f0a14d9807a08c0,900.0,0.0,90.0,72.0,450.0,40.0,900.0,2.0,0.54,50.0
2026-09-27T09:04:08.193,DEMO,DEMO,DEMO_MODE,20603d5f2ab0433a9f0a14d9807a08c0,900.0,0.0,90.0,72.0,450.0,40.0,900.0,2.0,0.54,50.0
2026-09-27T09:04:08.314,DEMO,DEMO,DEMO_MODE,20603d5f2ab0433a9f0a14d9807a08c0,900.0,0.0,90.0,72.0,450.0,40.0,900.0,2.0,0.54,50.0
2026-09-27T09:04:08.435,DEMO,DEMO,DEMO_MODE,20603d5f2ab0433a9f0a14d9807a08c0,900.0,0.0,90.0,72.0,450.0,40.0,900.0,2.0,0.54,50.0
2026-09-27T09:04:08.555,DEMO,DEMO,DEMO_MODE,20603d5f2ab0433a9f0a14d9807a08c0,900.0,0.0,90.0,72.0,450.0,40.0,900.0,2.0,0.54,50.0
2026-09-27T09:04:08.675,DEMO,DEMO,DEMO_MODE,20603d5f2ab0433a9f0a14d9807a08c0,900.0,0.0,90.0,72.0,450.0,40.0,900.0,2.0,0.54,50.0
2026-09-27T09:04:08.796,DEMO,DEMO,DEMO_MODE,20603d5f2ab0433a9f0a14d9807a08c0,900.0,0.0,90.0,72.0,450.0,40.0,900.0,2.0,0.54,50.0
2026-09-27T09:04:08.917,DEMO,DEMO,DEMO_MODE,20603d5f2ab0433a9f0a14d9807a08c0,900.0,0.0,90.0,72.0,450.0,40.0,900.0,2.0,0.54,50.0
2026-09-27T09:04:09.038,DEMO,DEMO,DEMO_MODE,20603d5f2ab0433a9f0a14d9807a08c0,900.0,0.0,90.0,72.0,450.0,40.0,900.0,2.0,0.54,50.0
2026-09-27T09:04:09.159,DEMO,DEMO,DEMO_MODE,20603d5f2ab0433a9f0a14d9807a08c0,900.0,0.0,90.0,72.0,450.0,40.0,900.0,2.0,0.54,50.0
2026-09-27T09:04:09.280,DEMO,DEMO,DEMO_MODE,20603d5f2ab0433a9f0a14d9807a08c0,900.0,0.0,90.0,72.0,450.0,40.0,900.0,2.0,0.54,50.0
2026-09-27T09:04:09.401,DEMO,DEMO,DEMO_MODE,20603d5f2ab0433a9f0a14d9807a08c0,900.0,0.0,90.0,72.0,450.0,40.0,900.0,2.0,0.54,50.0
2026-09-27T09:04:09.521,DEMO,DEMO,DEMO_MODE,20603d5f2ab0433a9f0a14d9807a08c0,900.0,0.0,90.0,72.0,450.0,40.0,900.0,2.0,0.54,50.0
2026-09-27T09:04:09.642,DEMO,DEMO,DEMO_MODE,20603d5f2ab0433a9f0a14d9807a08c0,900.0,0.0,90.0,72.0,450.0,40.0,900.0,2.0,0.54,50.0
2026-09-27T09:04:09.763,DEMO,DEMO,DEMO_MODE,20603d5f2ab0433a9f0a14d9807a08c0,900.0,0.0,90.0,72.0,450.0,40.0,900.0,2.0,0.54,50.0
2026-09-27T09:04:09.884,DEMO,DEMO,DEMO_MODE,20603d5f2ab0433a9f0a14d9807a08c0,900.0,0.0,90.0,72.0,450.0,40.0,900.0,2.0,0.54,50.0
2026-09-27T09:04:10.004,DEMO,DEMO,DEMO_MODE,20603d5f2ab0433a9f0a14d9807a08c0,900.0,0.0,90.0,72.0,450.0,40.0,900.0,2.0,0.54,50.0
2026-09-27T09:04:10.125,DEMO,DEMO,DEMO_MODE,20603d5f2ab0433a9f0a14d9807a08c0,900.0,0.0,90.0,72.0,450.0,40.0,900.0,2.0,0.54,50.0
2026-09-27T09:04:10.245,DEMO,DEMO,DEMO_MODE,20603d5f2ab0433a9f0a14d9807a08c0,900.0,0.0,90.0,72.0,450.0,40.0,900.0,2.0,0.54,50.0
2026-09-27T09:04:10.366,DEMO,DEMO,DEMO_MODE,20603d5f2ab0433a9f0a14d9807a08c0,900.0,0.0,90.0,72.0,450.0,40.0,900.0,2.0,0.54,50.0
2026-09-27T09:04:10.487,DEMO,DEMO,DEMO_MODE,20603d5f2ab0433a9f0a14d9807a08c0,900.0,0.0,90.0,72.0,450.0,40.0,900.0,2.0,0.54,50.0
2026-09-27T09:04:10.607,DEMO,DEMO,DEMO_MODE,20603d5f2ab0433a9f0a14d9807a08c0,900.0,0.0,90.0,72.0,450.0,40.0,900.0,2.0,0.54,50.0
2026-09-27T09:04:10.728,DEMO,DEMO,DEMO_MODE,20603d5f2ab0433a9f0a14d9807a08c0,900.0,0.0,90.0,72.0,450.0,40.0,900.0,2.0,0.54,50.0
2026-09-27T09:04:10.852,DEMO,DEMO,DEMO_MODE,20603d5f2ab0433a9f0a14d9807a08c0,900.0,0.0,90.0,72.0,450.0,40.0,900.0,2.0,0.54,50.0
2026-09-27T09:04:10.973,DEMO,DEMO,DEMO_MODE,20603d5f2ab0433a9f0a14d9807a08c0,900.0,0.0,90.0,72.0,450.0,40.0,900.0,2.0,0.54,50.0
2026-09-27T09:04:11.093,DEMO,DEMO,DEMO_MODE,20603d5f2ab0433a9f0a14d9807a08c0,900.0,0.0,90.0,72.0,450.0,40.0,900.0,2.0,0.54,50.0
2026-09-27T09:04:11.214,DEMO,DEMO,DEMO_MODE,20603d5f2ab0433a9f0a14d9807a08c0,900.0,0.0,90.0,72.0,450.0,40.0,900.0,2.0,0.54,50.0
2026-09-27T09:04:11.334,DEMO,DEMO,DEMO_MODE,20603d5f2ab0433a9f0a14d9807a08c0,900.0,0.0,90.0,72.0,450.0,40.0,900.0,2.0,0.54,50.0
2026-09-27T09:04:11.454,DEMO,DEMO,DEMO_MODE,20603d5f2ab0433a9f0a14d9807a08c0,900.0,0.0,90.0,72.0,450.0,40.0,900.0,2.0,0.54,50.0
2026-09-27T09:04:11.575,DEMO,DEMO,DEMO_MODE,20603d5f2ab0433a9f0a14d9807a08c0,900.0,0.0,90.0,72.0,450.0,40.0,900.0,2.0,0.54,50.0
2026-09-27T09:04:11.696,DEMO,DEMO,DEMO_MODE,20603d5f2ab0433a9f0a14d9807a08c0,900.0,0.0,90.0,72.0,450.0,40.0,900.0,2.0,0.54,50.0
2026-09-27T09:04:11.817,DEMO,DEMO,DEMO_MODE,20603d5f2ab0433a9f0a14d9807a08c0,900.0,0.0,90.0,72.0,450.0,40.0,900.0,2.0,0.54,50.0
2026-09-27T09:04:11.937,DEMO,DEMO,DEMO_MODE,20603d5f2ab0433a9f0a14d9807a08c0,900.0,0.0,90.0,72.0,450.0,40.0,900.0,2.0,0.54,50.0
2026-09-27T09:04:12.057,DEMO,DEMO,DEMO_MODE,20603d5f2ab0433a9f0a14d9807a08c0,900.0,0.0,90.0,72.0,450.0,40.0,900.0,2.0,0.54,50.0
2026-09-27T09:04:12.179,DEMO,DEMO,DEMO_MODE,20603d5f2ab0433a9f0a14d9807a08c0,900.0,0.0,90.0,72.0,450.0,40.0,900.0,2.0,0.54,50.0
