timestamp,product,serial_number,firmware,session_id,pdat1,psum1
2026-09-27T09:08:20.644,DEMO,DEMO,DEMO_MODE,24f8f9829bf14f26914a962224c1ad3a,F1 :      0    0 0.10 -14.44 0.54 50.00   0.0   0.0,0.00 0.00 0.00 89.38 0.54 50.00 0.10 -14.44 6 63 6 63  0.0%  0.0%  0.000 0.000 0.00 -4.90 0.00  0.00 0.00   0.00 0.0% | 1200.00  -50.00 HI -50.00 -50.00
2026-09-27T09:08:20.764,DEMO,DEMO,DEMO_MODE,24f8f9829bf14f26914a962224c1ad3a,F1 :      0    0 0.10 -14.44 0.54 50.00   0.0   0.0,0.00 0.00 0.00 89.38 0.54 50.00 0.10 -14.44 6 63 6 63  0.0%  0.0%  0.000 0.000 0.00 -4.90 0.00  0.00 0.00   0.00 0.0% | 1200.00  -50.00 HI -50.00 -50.00
2026-09-27T09:08:20.885,DEMO,DEMO,DEMO_MODE,24f8f9829bf14f26914a962224c1ad3a,F1 :      0    0 0.10 -14.44 0.54 50.00   0.0   0.0,0.00 0.00 0.00 89.38 0.54 50.00 0.10 -14.44 6 63 6 63  0.0%  0.0%  0.000 0.000 0.00 -4.90 0.00  0.00 0.00   0.00 0.0% | 1200.00  -50.00 HI -50.00 -50.00
2026-09-27T09:08:21.005,DEMO,DEMO,DEMO_MODE,24f8f9829bf14f26914a962224c1ad3a,F1 :      0    0 0.10 -14.44 0.54 50.00   0.0   0.0,0.00 0.00 0.00 89.38 0.54 50.00 0.10 -14.44 6 63 6 63  0.0%  0.0%  0.000 0.000 0.00 -4.90 0.00  0.00 0.00   0.00 0.0% | 1200.00  -50.00 HI -50.00 -50.00
2026-09-27T09:08:21.126,DEMO,DEMO,DEMO_MODE,24f8f9829bf14f26914a962224c1ad3a,F1 :      0    0 0.10 -14.44 0.54 50.00   0.0   0.0,0.00 0.00 0.00 89.38 0.54 50.00 0.10 -14.44 6 63 6 63  0.0%  0.0%  0.000 0.000 0.00 -4.90 0.00  0.00 0.00   0.00 0.0% | 1200.00  -50.00 HI -50.00 -50.00
2026-09-27T09:08:21.246,DEMO,DEMO,DEMO_MODE,24f8f9829bf14f26914a962224c1ad3a,F1 :      0    0 0.10 -14.44 0.54 50.00   0.0   0.0,0.00 0.00 0.00 89.38 0.54 50.00 0.10 -14.44 6 63 6 63  0.0%  0.0%  0.000 0.000 0.00 -4.90 0.00  0.00 0.00   0.00 0.0% | 1200.00  -50.00 HI -50.00 -50.00
2026-09-27T09:08:21.367,DEMO,DEMO,DEMO_MODE,24f8f9829bf14f26914a962224c1ad3a,F1 :      0    0 0.10 -14.44 0.54 50.00   0.0   0.0,0.00 0.00 0.00 89.38 0.54 50.00 0.10 -14.44 6 63 6 63  0.0%  0.0%  0.000 0.000 0.00 -4.90 0.00  0.00 0.00   0.00 0.0% | 1200.00  -50.00 HI -50.00 -50.00
2026-09-27T09:08:21.487,DEMO,DEMO,DEMO_MODE,24f8f9829bf14f26914a962224c1ad3a,F1 :      0    0 0.10 -14.44 0.54 50.00   0.0   0.0,0.00 0.00 0.00 89.38 0.54 50.00 0.10 -14.44 6 63 6 63  0.0%  0.0%  0.000 0.000 0.00 -4.90 0.00  0.00 0.00   0.00 0.0% | 1200.00  -50.00 HI -50.00 -50.00
2026-09-27T09:08:21.608,DEMO,DEMO,DEMO_MODE,24f8f9829bf14f26914a962224c1ad3a,F1 :      0    0 0.10 -14.44 0.54 50.00   0.0   0.0,0.00 0.00 0.00 89.38 0.54 50.00 0.10 -14.44 6 63 6 63  0.0%  0.0%  0.000 0.000 0.00 -4.90 0.00  0.00 0.00   0.00 0.0% | 1200.00  -50.00 HI -50.00 -50.00
2026-09-27T09:08:21.728,DEMO,DEMO,DEMO_MODE,24f8f9829bf14f26914a962224c1ad3a,F1 :      0    0 0.10 -14.44 0.54 50.00   0.0   0.0,0.00 0.00 0.00 89.38 0.54 50.00 0.10 -14.44 6 63 6 63  0.0%  0.0%  0.000 0.000 0.00 -4.90 0.00  0.00 0.00   0.00 0.0% | 1200.00  -50.00 HI -50.00 -50.00
2026-09-27T09:08:21.849,DEMO,DEMO,DEMO_MODE,24f8f9829bf14f26914a962224c1ad3a,F1 :      0    0 0.10 -14.44 0.54 50.00   0.0   0.0,0.00 0.00 0.00 89.38 0.54 50.00 0.10 -14.44 6 63 6 63  0.0%  0.0%  0.000 0.000 0.00 -4.90 0.00  0.00 0.00   0.00 0.0% | 1200.00  -50.00 HI -50.00 -50.00
2026-09-27T09:08:21.970,DEMO,DEMO,DEMO_MODE,24f8f9829bf14f26914a962224c1ad3a,F1 :      0    0 0.10 -14.44 0.54 50.00   0.0   0.0,0.00 0.00 0.00 89.38 0.54 50.00 0.10 -14.44 6 63 6 63  0.0%  0.0%  0.000 0.000 0.00 -4.90 0.00  0.00 0.00   0.00 0.0% | 1200.00  -50.00 HI -50.00 -50.00
2026-09-27T09:08:22.090,DEMO,DEMO,DEMO_MODE,24f8f9829bf14f26914a962224c1ad3a,F1 :      0    0 0.10 -14.44 0.54 50.00   0.0   0.0,0.00 0.00 0.00 89.38 0.54 50.00 0.10 -14.44 6 63 6 63  0.0%  0.0%  0.000 0.000 0.00 -4.90 0.00  0.00 0.00   0.00 0.0% | 1200.00  -50.00 HI -50.00 -50.00
2026-09-27T09:08:22.211,DEMO,DEMO,DEMO_MODE,24f8f9829bf14f26914a962224c1ad3a,F1 :      0    0 0.10 -14.44 0.54 50.00   0.0   0.0,0.00 0.00 0.00 89.38 0.54 50.00 0.10 -14.44 6 63 6 63  0.0%  0.0%  0.000 0.000 0.00 -4.90 0.00  0.00 0.00   0.00 0.0% | 1200.00  -50.00 HI -50.00 -50.00
2026-09-27T09:08:22.332,DEMO,DEMO,DEMO_MODE,24f8f9829bf14f26914a962224c1ad3a,F1 :      0    0 0.10 -14.44 0.54 50.00   0.0   0.0,0.00 0.00 0.00 89.38 0.54 50.00 0.10 -14.44 6 63 6 63  0.0%  0.0%  0.000 0.000 0.00 -4.90 0.00  0.00 0.00   0.00 0.0% | 1200.00  -50.00 HI -50.00 -50.00
2026-09-27T09:08:22.453,DEMO,DEMO,DEMO_MODE,24f8f9829bf14f26914a962224c1ad3a,F1 :      0    0 0.10 -14.44 0.54 50.00   0.0   0.0,0.00 0.00 0.00 89.38 0.54 50.00 0.10 -14.44 6 63 6 63  0.0%  0.0%  0.000 0.000 0.00 -4.90 0.00  0.00 0.00   0.00 0.0% | 1200.00  -50.00 HI -50.00 -50.00
2026-09-27T09:08:22.574,DEMO,DEMO,DEMO_MODE,24f8f9829bf14f26914a962224c1ad3a,F1 :      0    0 0.10 -14.44 0.54 50.00   0.0   0.0,0.00 0.00 0.00 89.38 0.54 50.00 0.10 -14.44 6 63 6 63  0.0%  0.0%  0.000 0.000 0.00 -4.90 0.00  0.00 0.00   0.00 0.0% | 1200.00  -50.00 HI -50.00 -50.00
2026-09-27T09:08:22.694,DEMO,DEMO,DEMO_MODE,24f8f9829bf14f26914a962224c1ad3a,F1 :      0    0 0.10 -14.44 0.54 50.00   0.0   0.0,0.00 0.00 0.00 89.38 0.54 50.00 0.10 -14.44 6 63 6 63  0.0%  0.0%  0.000 0.000 0.00 -4.90 0.00  0.00 0.00   0.00 0.0% | 1200.00  -50.00 HI -50.00 -50.00
2026-09-27T09:08:22.815,DEMO,DEMO,DEMO_MODE,24f8f9829bf14f26914a962224c1ad3a,F1 :      0    0 0.10 -14.44 0.54 50.00   0.0   0.0,0.00 0.00 0.00 89.38 0.54 50.00 0.10 -14.44 6 63 6 63  0.0%  0.0%  0.000 0.000 0.00 -4.90 0.00  0.00 0.00   0.00 0.0% | 1200.00  -50.00 HI -50.00 -50.00
2026-09-27T09:08:22.936,DEMO,DEMO,DEMO_MODE,24f8f9829bf14f26914a962224c1ad3a,F1 :      0    0 0.10 -14.44 0.54 50.00   0.0   0.0,0.00 0.00 0.00 89.38 0.54 50.00 0.10 -14.44 6 63 6 63  0.0%  0.0%  0.000 0.000 0.00 -4.90 0.00  0.00 0.00   0.00 0.0% | 1200.00  -50.00 HI -50.00 -50.00
2026-09-27T09:08:23.057,DEMO,DEMO,DEMO_MODE,24f8f9829bf14f26914a962224c1ad3a,F1 :      0    0 0.10 -14.44 0.54 50.00   0.0   0.0,0.00 0.00 0.00 89.38 0.54 50.00 0.10 -14.44 6 63 6 63  0.0%  0.0%  0.000 0.000 0.00 -4.90 0.00  0.00 0.00   0.00 0.0% | 1200.00  -50.00 HI -50.00 -50.00
2026-09-27T09:08:23.178,DEMO,DEMO,DEMO_MODE,24f8f9829bf14f26914a962224c1ad3a,F1 :      0    0 0.10 -14.44 0.54 50.00   0.0   0.0,0.00 0.00 0.00 89.38 0.54 50.00 0.10 -14.44 6 63 6 63  0.0%  0.0%  0.000 0.000 0.00 -4.90 0.00  0.00 0.00   0.00 0.0% | 1200.00  -50.00 HI -50.00 -50.00
2026-09-27T09:08:23.299,DEMO,DEMO,DEMO_MODE,24f8f9829bf14f26914a962224c1ad3a,F1 :      0    0 0.10 -14.44 0.54 50.00   0.0   0.0,0.00 0.00 0.00 89.38 0.54 50.00 0.10 -14.44 6 63 6 63  0.0%  0.0%  0.000 0.000 0.00 -4.90 0.00  0.00 0.00   0.00 0.0% | 1200.00  -50.00 HI -50.00 -50.00
2026-09-27T09:08:23.419,DEMO,DEMO,DEMO_MODE,24f8f9829bf14f26914a962224c1ad3a,F1 :      0    0 0.10 -14.44 0.54 50.00   0.0   0.0,0.00 0.00 0.00 89.38 0.54 50.00 0.10 -14.44 6 63 6 63  0.0%  0.0%  0.000 0.000 0.00 -4.90 0.00  0.00 0.00   0.00 0.0% | 1200.00  -50.00 HI -50.00 -50.00
2026-09-27T09:08:23.540,DEMO,DEMO,DEMO_MODE,24f8f9829bf14f26914a962224c1ad3a,F1 :      0    0 0.10 -14.44 0.54 50.00   0.0   0.0,0.00 0.00 0.00 89.38 0.54 50.00 0.10 -14.44 6 63 6 63  0.0%  0.0%  0.000 0.000 0.00 -4.90 0.00  0.00 0.00   0.00 0.0% | 1200.00  -50.00 HI -50.00 -50.00
2026-09-27T09:08:23.661,DEMO,DEMO,DEMO_MODE,24f8f9829bf14f26914a962224c1ad3a,F1 :      0    0 0.10 -14.44 0.54 50.00   0.0   0.0,0.00 0.00 0.00 89.38 0.54 50.00 0.10 -14.44 6 63 6 63  0.0%  0.0%  0.000 0.000 0.00 -4.90 0.00  0.00 0.00   0.00 0.0% | 1200.00  -50.00 HI -50.00 -50.00
2026-09-27T09:08:23.781,DEMO,DEMO,DEMO_MODE,24f8f9829bf14f26914a962224c1ad3a,F1 :      0    0 0.10 -14.44 0.54 50.00   0.0   0.0,0.00 0.00 0.00 89.38 0.54 50.00 0.10 -14.44 6 63 6 63  0.0%  0.0%  0.000 0.000 0.00 -4.90 0.00  0.00 0.00   0.00 0.0% | 1200.00  -50.00 HI -50.00 -50.00
2026-09-27T09:08:23.905,DEMO,DEMO,DEMO_MODE,24f8f9829bf14f26914a962224c1ad3a,F1 :      0    0 0.10 -14.44 0.54 50.00   0.0   0.0,0.00 0.00 0.00 89.38 0.54 50.00 0.10 -14.44 6 63 6 63  0.0%  0.0%  0.000 0.000 0.00 -4.90 0.00  0.00 0.00   0.00 0.0% | 1200.00  -50.00 HI -50.00 -50.00
2026-09-27T09:08:24.027,DEMO,DEMO,DEMO_MODE,24f8f9829bf14f26914a962224c1ad3a,F1 :      0    0 0.10 -14.44 0.54 50.00   0.0   0.0,0.00 0.00 0.00 89.38 0.54 50.00 0.10 -14.44 6 63 6 63  0.0%  0.0%  0.000 0.000 0.00 -4.90 0.00  0.00 0.00   0.00 0.0% | 1200.00  -50.00 HI -50.00 -50.00
2026-09-27T09:08:24.148,DEMO,DEMO,DEMO_MODE,24f8f9829bf14f26914a962224c1ad3a,F1 :      0    0 0.10 -14.44 0.54 50.00   0.0   0.0,0.00 0.00 0.00 89.38 0.54 50.00 0.10 -14.44 6 63 6 63  0.0%  0.0%  0.000 0.000 0.00 -4.90 0.00  0.00 0.00   0.00 0.0% | 1200.00  -50.00 HI -50.00 -50.00
2026-09-27T09:08:24.269,DEMO,DEMO,DEMO_MODE,24f8f9829bf14f26914a962224c1ad3a,F1 :      0    0 0.10 -14.44 0.54 50.00   0.0   0.0,0.00 0.00 0.00 89.38 0.54 50.00 0.10 -14.44 6 63 6 63  0.0%  0.0%  0.000 0.000 0.00 -4.90 0.00  0.00 0.00   0.00 0.0% | 1200.00  -50.00 HI -50.00 -50.00
2026-09-27T09:08:24.389,DEMO,DEMO,DEMO_MODE,24f8f9829bf14f26914a962224c1ad3a,F1 :      0    0 0.10 -14.44 0.54 50.00   0.0   0.0,0.00 0.00 0.00 89.38 0.54 50.00 0.10 -14.44 6 63 6 63  0.0%  0.0%  0.000 0.000 0.00 -4.90 0.00  0.00 0.00   0.00 0.0% | 1200.00  -50.00 HI -50.00 -50.00
2026-09-27T09:08:24.509,DEMO,DEMO,DEMO_MODE,24f8f9829bf14f26914a962224c1ad3a,F1 :      0    0 0.10 -14.44 0.54 50.00   0.0   0.0,0.00 0.00 0.00 89.38 0.54 50.00 0.10 -14.44 6 63 6 63  0.0%  0.0%  0.000 0.000 0.00 -4.90 0.00  0.00 0.00   0.00 0.0% | 1200.00  -50.00 HI -50.00 -50.00
2026-09-27T09:08:24.630,DEMO,DEMO,DEMO_MODE,24f8f9829bf14f26914a962224c1ad3a,F1 :      0    0 0.10 -14.44 0.54 50.00   0.0   0.0,0.00 0.00 0.00 89.38 0.54 50.00 0.10 -14.44 6 63 6 63  0.0%  0.0%  0.000 0.000 0.00 -4.90 0.00  0.00 0.00   0.00 0.0% | 1200.00  -50.00 HI -50.00 -50.00
2026-09-27T09:08:24.751,DEMO,DEMO,DEMO_MODE,24f8f9829bf14f26914a962224c1ad3a,F1 :      0    0 0.10 -14.44 0.54 50.00   0.0   0.0,0.00 0.00 0.00 89.38 0.54 50.00 0.10 -14.44 6 63 6 63  0.0%  0.0%  0.000 0.000 0.00 -4.90 0.00  0.00 0.00   0.00 0.0% | 1200.00  -50.00 HI -50.00 -50.00
2026-09-27T09:08:24.872,DEMO,DEMO,DEMO_MODE,24f8f9829bf14f26914a962224c1ad3a,F1 :      0    0 0.10 -14.44 0.54 50.00   0.0   0.0,0.00 0.00 0.00 89.38 0.54 50.00 0.10 -14.44 6 63 6 63  0.0%  0.0%  0.000 0.000 0.00 -4.90 0.00  0.00 0.00   0.00 0.0% | 1200.00  -50.00 HI -50.00 -50.00
2026-09-27T09:08:24.993,DEMO,DEMO,DEMO_MODE,24f8f9829bf14f26914a962224c1ad3a,F1 :      0    0 0.10 -14.44 0.54 50.00   0.0   0.0,0.00 0.00 0.00 89.38 0.54 50.00 0.10 -14.44 6 63 6 63  0.0%  0.0%  0.000 0.000 0.00 -4.90 0.00  0.00 0.00   0.00 0.0% | 1200.00  -50.00 HI -50.00 -50.00
2026-09-27T09:08:25.113,DEMO,DEMO,DEMO_MODE,24f8f9829bf14f26914a962224c1ad3a,F1 :      0    0 0.10 -14.44 0.54 50.00   0.0   0.0,0.00 0.00 0.00 89.38 0.54 50.00 0.10 -14.44 6 63 6 63  0.0%  0.0%  0.000 0.000 0.00 -4.90 0.00  0.00 0.00   0.00 0.0% | 1200.00  -50.00 HI -50.00 -50.00
2026-09-27T09:08:25.234,DEMO,DEMO,DEMO_MODE,24f8f9829bf14f26914a962224c1ad3a,F1 :      0    0 0.10 -14.44 0.54 50.00   0.0   0.0,0.00 0.00 0.00 89.38 0.54 50.00 0.10 -14.44 6 63 6 63  0.0%  0.0%  0.000 0.000 0.00 -4.90 0.00  0.00 0.00   0.00 0.0% | 1200.00  -50.00 HI -50.00 -50.00
2026-09-27T09:08:25.355,DEMO,DEMO,DEMO_MODE,24f8f9829bf14f26914a962224c1ad3a,F1 :      0    0 0.10 -14.44 0.54 50.00   0.0   0.0,0.00 0.00 0.00 89.38 0.54 50.00 0.10 -14.44 6 63 6 63  0.0%  0.0%  0.000 0.000 0.00 -4.90 0.00  0.00 0.00   0.00 0.0% | 1200.00  -50.00 HI -50.00 -50.00
2026-09-27T09:08:25.476,DEMO,DEMO,DEMO_MODE,24f8f9829bf14f26914a962224c1ad3a,F1 :      0    0 0.10 -14.44 0.54 50.00   0.0   0.0,0.00 0.00 0.00 89.38 0.54 50.00 0.10 -14.44 6 63 6 63  0.0%  0.0%  0.000 0.000 0.00 -4.90 0.00  0.00 0.00   0.00 0.0% | 1200.00  -50.00 HI -50.00 -50.00
2026-09-27T09:08:25.597,DEMO,DEMO,DEMO_MODE,24f8f9829bf14f26914a962224c1ad3a,F1 :      0    0 0.10 -14.44 0.54 50.00   0.0   0.0,0.00 0.00 0.00 89.38 0.54 50.00 0.10 -14.44 6 63 6 63  0.0%  0.0%  0.000 0.000 0.00 -4.90 0.00  0.00 0.00   0.00 0.0% | 1200.00  -50.00 HI -50.00 -50.00
2026-09-27T09:08:25.717,DEMO,DEMO,DEMO_MODE,24f8f9829bf14f26914a962224c1ad3a,F1 :      0    0 0.10 -14.44 0.54 50.00   0.0   4.0,0.00 0.00 0.00 89.38 0.54 50.00 0.10 -14.44 6 63 6 63  0.0%  4.0%  0.000 0.000 0.00 -4.90 0.00  0.00 0.00   0.00 0.0% | 1200.00  -50.00 HI -50.00 -50.00
2026-09-27T09:08:25.838,DEMO,DEMO,DEMO_MODE,24f8f9829bf14f26914a962224c1ad3a,F1 :      0    0 0.10 -14.44 0.54 50.00   0.0   4.0,0.00 0.00 0.00 89.38 0.54 50.00 0.10 -14.44 6 63 6 63  0.0%  4.0%  0.000 0.000 0.00 -4.90 0.00  0.00 0.00   0.00 0.0% | 1200.00  -50.00 HI -50.00 -50.00
2026-09-27T09:08:25.960,DEMO,DEMO,DEMO_MODE,24f8f9829bf14f26914a962224c1ad3a,F1 :      0    0 0.10 -14.44 0.54 50.00   0.0   4.0,0.00 0.00 0.00 89.38 0.54 50.00 0.10 -14.44 6 63 6 63  0.0%  4.0%  0.000 0.000 0.00 -4.90 0.00  0.00 0.00   0.00 0.0% | 1200.00  -50.00 HI -50.00 -50.00
2026-09-27T09:08:26.080,DEMO,DEMO,DEMO_MODE,24f8f9829bf14f26914a962224c1ad3a,F1 :      0    0 0.10 -14.44 0.54 50.00   0.0   4.0,0.00 0.00 0.00 89.38 0.54 50.00 0.10 -14.44 6 63 6 63  0.0%  4.0%  0.000 0.000 0.00 -4.90 0.00  0.00 0.00   0.00 0.0% | 1200.00  -50.00 HI -50.00 -50.00
2026-09-27T09:08:26.201,DEMO,DEMO,DEMO_MODE,24f8f9829bf14f26914a962224c1ad3a,F1 :      0    0 0.10 -14.44 0.54 50.00   0.0   4.0,0.00 0.00 0.00 89.38 0.54 50.00 0.10 -14.44 6 63 6 63  0.0%  4.0%  0.000 0.000 0.00 -4.90 0.00  0.00 0.00   0.00 0.0% | 1200.00  -50.00 HI -50.00 -50.00
2026-09-27T09:08:26.321,DEMO,DEMO,DEMO_MODE,24f8f9829bf14f26914a962224c1ad3a,F1 :      0    0 0.10 -14.44 0.54 50.00   0.0   4.0,0.00 0.00 0.00 89.38 0.54 50.00 0.10 -14.44 6 63 6 63  0.0%  4.0%  0.000 0.000 0.00 -4.90 0.00  0.00 0.00   0.00 0.0% | 1200.00  -50.00 HI -50.00 -50.00
2026-09-27T09:08:26.442,DEMO,DEMO,DEMO_MODE,24f8f9829bf14f26914a962224c1ad3a,F1 :      0    0 0.10 -14.44 0.54 50.00   0.0   4.0,0.00 0.00 0.00 89.38 0.54 50.00 0.10 -14.44 6 63 6 63  0.0%  4.0%  0.000 0.000 0.00 -4.90 0.00  0.00 0.00   0.00 0.0% | 1200.00  -50.00 HI -50.00 -50.00
2026-09-27T09:08:26.562,DEMO,DEMO,DEMO_MODE,24f8f9829bf14f26914a962224c1ad3a,F1 :      0    0 0.10 -14.44 0.54 50.00   0.0   4.0,0.00 0.00 0.00 89.38 0.54 50.00 0.10 -14.44 6 63 6 63  0.0%  4.0%  0.000 0.000 0.00 -4.90 0.00  0.00 0.00   0.00 0.0% | 1200.00  -50.00 HI -50.00 -50.00
2026-09-27T09:08:26.683,DEMO,DEMO,DEMO_MODE,24f8f9829bf14f26914a962224c1ad3a,F1 :      0    0 0.10 -14.44 0.54 50.00   0.0   4.0,0.00 0.00 0.00 89.38 0.54 50.00 0.10 -14.44 6 63 6 63  0.0%  4.0%  0.000 0.000 0.00 -4.90 0.00  0.00 0.00   0.00 0.0% | 1200.00  -50.00 HI -50.00 -50.00
2026-09-27T09:08:26.803,DEMO,DEMO,DEMO_MODE,24f8f9829bf14f26914a962224c1ad3a,F1 :      0    0 0.10 -14.44 0.54 50.00   0.0   4.0,0.00 0.00 0.00 89.38 0.54 50.00 0.10 -14.44 6 63 6 63  0.0%  4.0%  0.000 0.000 0.00 -4.90 0.00  0.00 0.00   0.00 0.0% | 1200.00  -50.00 HI -50.00 -50.00
2026-09-27T09:08:26.924,DEMO,DEMO,DEMO_MODE,24f8f9829bf14f26914a962224c1ad3a,F1 :      0    0 0.10 -14.44 0.54 50.00   0.0   4.0,0.00 0.00 0.00 89.38 0.54 50.00 0.10 -14.44 6 63 6 63  0.0%  4.0%  0.000 0.000 0.00 -4.90 0.00  0.00 0.00   0.00 0.0% | 1200.00  -50.00 HI -50.00 -50.00
2026-09-27T09:08:27.045,DEMO,DEMO,DEMO_MODE,24f8f9829bf14f26914a962224c1ad3a,F1 :      0    0 0.10 -14.44 0.54 50.00   0.0   4.0,0.00 0.00 0.00 89.38 0.54 50.00 0.10 -14.44 6 63 6 63  0.0%  4.0%  0.000 0.000 0.00 -4.90 0.00  0.00 0.00   0.00 0.0% | 1200.00  -50.00 HI -50.00 -50.00
2026-09-27T09:08:27.165,DEMO,DEMO,DEMO_MODE,24f8f9829bf14f26914a962224c1ad3a,F1 :      0    0 0.10 -14.44 0.54 50.00   0.0   4.0,0.00 0.00 0.00 89.38 0.54 50.00 0.10 -14.44 6 63 6 63  0.0%  4.0%  0.000 0.000 0.00 -4.90 0.00  0.00 0.00   0.00 0.0% | 1200.00  -50.00 HI -50.00 -50.00
2026-09-27T09:08:27.286,DEMO,DEMO,DEMO_MODE,24f8f9829bf14f26914a962224c1ad3a,F1 :      0    0 0.10 -14.44 0.54 50.00   0.0   4.0,0.00 0.00 0.00 89.38 0.54 50.00 0.10 -14.44 6 63 6 63  0.0%  4.0%  0.000 0.000 0.00 -4.90 0.00  0.00 0.00   0.00 0.0% | 1200.00  -50.00 HI -50.00 -50.00
2026-09-27T09:08:27.407,DEMO,DEMO,DEMO_MODE,24f8f9829bf14f26914a962224c1ad3a,F1 :      0    0 0.10 -14.44 0.54 50.00   0.0   4.0,0.00 0.00 0.00 89.38 0.54 50.00 0.10 -14.44 6 63 6 63  0.0%  4.0%  0.000 0.000 0.00 -4.90 0.00  0.00 0.00   0.00 0.0% | 1200.00  -50.00 HI -50.00 -50.00
2026-09-27T09:08:27.527,DEMO,DEMO,DEMO_MODE,24f8f9829bf14f26914a962224c1ad3a,F1 :      0    0 0.10 -14.44 0.54 50.00   0.0   4.0,0.00 0.00 0.00 89.38 0.54 50.00 0.10 -14.44 6 63 6 63  0.0%  4.0%  0.000 0.000 0.00 -4.90 0.00  0.00 0.00   0.00 0.0% | 1200.00  -50.00 HI -50.00 -50.00
2026-09-27T09:08:27.648,DEMO,DEMO,DEMO_MODE,24f8f9829bf14f26914a962224c1ad3a,F1 :      0    0 0.10 -14.44 0.54 50.00   0.0   4.0,0.00 0.00 0.00 89.38 0.54 50.00 0.10 -14.44 6 63 6 63  0.0%  4.0%  0.000 0.000 0.00 -4.90 0.00  0.00 0.00   0.00 0.0% | 1200.00  -50.00 HI -50.00 -50.00
2026-09-27T09:08:27.769,DEMO,DEMO,DEMO_MODE,24f8f9829bf14f26914a962224c1ad3a,F1 :      0    0 0.10 -14.44 0.54 50.00   0.0   4.0,0.00 0.00 0.00 89.38 0.54 50.00 0.10 -14.44 6 63 6 63  0.0%  4.0%  0.000 0.000 0.00 -4.90 0.00  0.00 0.00   0.00 0.0% | 1200.00  -50.00 HI -50.00 -50.00
2026-09-27T09:08:27.889,DEMO,DEMO,DEMO_MODE,24f8f9829bf14f26914a962224c1ad3a,F1 :      0    0 0.10 -14.44 0.54 50.00   0.0   4.0,0.00 0.00 0.00 89.38 0.54 50.00 0.10 -14.44 6 63 6 63  0.0%  4.0%  0.000 0.000 0.00 -4.90 0.00  0.00 0.00   0.00 0.0% | 1200.00  -50.00 HI -50.00 -50.00
2026-09-27T09:08:28.010,DEMO,DEMO,DEMO_MODE,24f8f9829bf14f26914a962224c1ad3a,F1 :      0    0 0.10 -14.44 0.54 50.00   0.0   4.0,0.00 0.00 0.00 89.38 0.54 50.00 0.10 -14.44 6 63 6 63  0.0%  4.0%  0.000 0.000 0.00 -4.90 0.00  0.00 0.00   0.00 0.0% | 1200.00  -50.00 HI -50.00 -50.00
2026-09-27T09:08:28.130,DEMO,DEMO,DEMO_MODE,24f8f9829bf14f26914a962224c1ad3a,F1 :      0    0 0.10 -14.44 0.54 50.00   0.0   4.0,0.00 0.00 0.00 89.38 0.54 50.00 0.10 -14.44 6 63 6 63  0.0%  4.0%  0.000 0.000 0.00 -4.90 0.00  0.00 0.00   0.00 0.0% | 1200.00  -50.00 HI -50.00 -50.00
2026-09-27T09:08:28.251,DEMO,DEMO,DEMO_MODE,24f8f9829bf14f26914a962224c1ad3a,F1 :      0    0 0.10 -14.44 0.54 50.00   0.0   4.0,0.00 0.00 0.00 89.38 0.54 50.00 0.10 -14.44 6 63 6 63  0.0%  4.0%  0.000 0.000 0.00 -4.90 0.00  0.00 0.00   0.00 0.0% | 1200.00  -50.00 HI -50.00 -50.00
2026-09-27T09:08:28.372,DEMO,DEMO,DEMO_MODE,24f8f9829bf14f26914a962224c1ad3a,F1 :      0    0 0.10 -14.44 0.54 50.00   0.0   4.0,0.00 0.00 0.00 89.38 0.54 50.00 0.10 -14.44 6 63 6 63  0.0%  4.0%  0.000 0.000 0.00 -4.90 0.00  0.00 0.00   0.00 0.0% | 1200.00  -50.00 HI -50.00 -50.00
2026-09-27T09:08:28.493,DEMO,DEMO,DEMO_MODE,24f8f9829bf14f26914a962224c1ad3a,F1 :      0    0 0.10 -14.44 0.54 50.00   0.0   4.0,0.00 0.00 0.00 89.38 0.54 50.00 0.10 -14.44 6 63 6 63  0.0%  4.0%  0.000 0.000 0.00 -4.90 0.00  0.00 0.00   0.00 0.0% | 1200.00  -50.00 HI -50.00 -50.00
2026-09-27T09:08:28.614,DEMO,DEMO,DEMO_MODE,24f8f9829bf14f26914a962224c1ad3a,F1 :      0    0 0.10 -14.44 0.54 50.00   0.0   4.0,0.00 0.00 0.00 89.38 0.54 50.00 0.10 -14.44 6 63 6 63  0.0%  4.0%  0.000 0.000 0.00 -4.90 0.00  0.00 0.00   0.00 0.0% | 1200.00  -50.00 HI -50.00 -50.00
2026-09-27T09:08:28.734,DEMO,DEMO,DEMO_MODE,24f8f9829bf14f26914a962224c1ad3a,F1 :      0    0 0.10 -14.44 0.54 50.00   0.0   4.0,0.00 0.00 0.00 89.38 0.54 50.00 0.10 -14.44 6 63 6 63  0.0%  4.0%  0.000 0.000 0.00 -4.90 0.00  0.00 0.00   0.00 0.0% | 1200.00  -50.00 HI -50.00 -50.00
2026-09-27T09:08:28.855,DEMO,DEMO,DEMO_MODE,24f8f9829bf14f26914a962224c1ad3a,F1 :      0    0 0.10 -14.44 0.54 50.00   0.0   4.0,0.00 0.00 0.00 89.38 0.54 50.00 0.10 -14.44 6 63 6 63  0.0%  4.0%  0.000 0.000 0.00 -4.90 0.00  0.00 0.00   0.00 0.0% | 1200.00  -50.00 HI -50.00 -50.00
2026-09-27T09:08:28.975,DEMO,DEMO,DEMO_MODE,24f8f9829bf14f26914a962224c1ad3a,F1 :      0    0 0.10 -14.44 0.54 50.00   0.0   4.0,0.00 0.00 0.00 89.38 0.54 50.00 0.10 -14.44 6 63 6 63  0.0%  4.0%  0.000 0.000 0.00 -4.90 0.00  0.00 0.00   0.00 0.0% | 1200.00  -50.00 HI -50.00 -50.00
2026-09-27T09:08:29.096,DEMO,DEMO,DEMO_MODE,24f8f9829bf14f26914a962224c1ad3a,F1 :      0    0 0.10 -14.44 0.54 50.00   0.0   4.0,0.00 0.00 0.00 89.38 0.54 50.00 0.10 -14.44 6 63 6 63  0.0%  4.0%  0.000 0.000 0.00 -4.90 0.00  0.00 0.00   0.00 0.0% | 1200.00  -50.00 HI -50.00 -50.00
2026-09-27T09:08:29.217,DEMO,DEMO,DEMO_MODE,24f8f9829bf14f26914a962224c1ad3a,F1 :      0    0 0.10 -14.44 0.54 50.00   0.0   4.0,0.00 0.00 0.00 89.38 0.54 50.00 0.10 -14.44 6 63 6 63  0.0%  4.0%  0.000 0.000 0.00 -4.90 0.00  0.00 0.00   0.00 0.0% | 1200.00  -50.00 HI -50.00 -50.00
2026-09-27T09:08:29.337,DEMO,DEMO,DEMO_MODE,24f8f9829bf14f26914a962224c1ad3a,F1 :      0    0 0.10 -14.44 0.54 50.00   0.0   4.0,0.00 0.00 0.00 89.38 0.54 50.00 0.10 -14.44 6 63 6 63  0.0%  4.0%  0.000 0.000 0.00 -4.90 0.00  0.00 0.00   0.00 0.0% | 1200.00  -50.00 HI -50.00 -50.00
2026-09-27T09:08:29.458,DEMO,DEMO,DEMO_MODE,24f8f9829bf14f26914a962224c1ad3a,F1 :      0    0 0.10 -14.44 0.54 50.00   0.0   4.0,0.00 0.00 0.00 89.38 0.54 50.00 0.10 -14.44 6 63 6 63  0.0%  4.0%  0.000 0.000 0.00 -4.90 0.00  0.00 0.00   0.00 0.0% | 1200.00  -50.00 HI -50.00 -50.00
2026-09-27T09:08:29.579,DEMO,DEMO,DEMO_MODE,24f8f9829bf14f26914a962224c1ad3a,F1 :      0    0 0.10 -14.44 0.54 50.00   0.0   4.0,0.00 0.00 0.00 89.38 0.54 50.00 0.10 -14.44 6 63 6 63  0.0%  4.0%  0.000 0.000 0.00 -4.90 0.00  0.00 0.00   0.00 0.0% | 1200.00  -50.00 HI -50.00 -50.00
2026-09-27T09:08:29.699,DEMO,DEMO,DEMO_MODE,24f8f9829bf14f26914a962224c1ad3a,F1 :      0    1 0.10 -14.44 0.54 50.00   0.0   4.0,0.00 0.00 0.00 89.38 0.54 50.00 0.10 -14.44 6 63 6 63  0.0%  4.0%  0.000 0.000 0.00 -4.90 0.00  0.00 0.00   0.00 0.0% | 1200.00  -50.00 HI -50.00 -50.00
2026-09-27T09:08:29.820,DEMO,DEMO,DEMO_MODE,24f8f9829bf14f26914a962224c1ad3a,F1 :      0    1 0.10 -14.44 0.54 50.00   0.0   4.0,0.00 0.00 0.00 89.38 0.54 50.00 0.10 -14.44 6 63 6 63  0.0%  4.0%  0.000 0.000 0.00 -4.90 0.00  0.00 0.00   0.00 0.0% | 1200.00  -50.00 HI -50.00 -50.00
2026-09-27T09:08:29.941,DEMO,DEMO,DEMO_MODE,24f8f9829bf14f26914a962224c1ad3a,F1 :      0    1 0.10 -14.44 0.54 50.00   0.0   4.0,0.00 0.00 0.00 89.38 0.54 50.00 0.10 -14.44 6 63 6 63  0.0%  4.0%  0.000 0.000 0.00 -4.90 0.00  0.00 0.00   0.00 0.0% | 1200.00  -50.00 HI -50.00 -50.00
2026-09-27T09:08:30.061,DEMO,DEMO,DEMO_MODE,24f8f9829bf14f26914a962224c1ad3a,F1 :      0    1 0.10 -14.44 0.54 50.00   0.0   4.0,0.00 0.00 0.00 89.38 0.54 50.00 0.10 -14.44 6 63 6 63  0.0%  4.0%  0.000 0.000 0.00 -4.90 0.00  0.00 0.00   0.00 0.0% | 1200.00  -50.00 HI -50.00 -50.00
2026-09-27T09:08:30.183,DEMO,DEMO,DEMO_MODE,24f8f9829bf14f26914a962224c1ad3a,F1 :      0    1 0.10 -14.44 0.54 50.00   0.0   4.0,0.00 0.00 0.00 89.38 0.54 50.00 0.10 -14.44 6 63 6 63  0.0%  4.0%  0.000 0.000 0.00 -4.90 0.00  0.00 0.00   0.00 0.0% | 1200.00  -50.00 HI -50.00 -50.00
2026-09-27T09:08:30.303,DEMO,DEMO,DEMO_MODE,24f8f9829bf14f26914a962224c1ad3a,F1 :      0    1 0.10 -14.44 0.54 50.00   0.0   4.0,0.00 0.00 0.00 89.38 0.54 50.00 0.10 -14.44 6 63 6 63  0.0%  4.0%  0.000 0.000 0.00 -4.90 0.00  0.00 0.00   0.00 0.0% | 1200.00  -50.00 HI -50.00 -50.00
2026-09-27T09:08:30.424,DEMO,DEMO,DEMO_MODE,24f8f9829bf14f26914a962224c1ad3a,F1 :      0    1 0.10 -14.44 0.54 50.00   0.0   4.0,0.00 0.00 0.00 89.38 0.54 50.00 0.10 -14.44 6 63 6 63  0.0%  4.0%  0.000 0.000 0.00 -4.90 0.00  0.00 0.00   0.00 0.0% | 1200.00  -50.00 HI -50.00 -50.00
2026-09-27T09:08:30.545,DEMO,DEMO,DEMO_MODE,24f8f9829bf14f26914a962224c1ad3a,F1 :      0    1 0.10 -14.44 0.54 50.00   0.0   4.0,0.00 0.00 0.00 89.38 0.54 50.00 0.10 -14.44 6 63 6 63  0.0%  4.0%  0.000 0.000 0.00 -4.90 0.00  0.00 0.00   0.00 0.0% | 1200.00  -50.00 HI -50.00 -50.00
2026-09-27T09:08:30.666,DEMO,DEMO,DEMO_MODE,24f8f9829bf14f26914a962224c1ad3a,F1 :      0    1 0.10 -14.44 0.54 50.00   0.0   4.0,0.00 0.00 0.00 89.38 0.54 50.00 0.10 -14.44 6 63 6 63  0.0%  4.0%  0.000 0.000 0.00 -4.90 0.00  0.00 0.00   0.00 0.0% | 1200.00  -50.00 HI -50.00 -50.00
2026-09-27T09:08:30.786,DEMO,DEMO,DEMO_MODE,24f8f9829bf14f26914a962224c1ad3a,F1 :    100    1 0.10 -14.44 0.54 50.00  10.0   8.0,0.00 0.00 0.00 89.38 0.54 50.00 0.10 -14.44 6 63 6 63 10.0%  8.0% 50.000 0.000 0.00 -4.90 0.00  1.98 0.00  99.00 0.0% | 1200.00  -40.00 HI -50.00 -50.00
2026-09-27T09:08:30.907,DEMO,DEMO,DEMO_MODE,24f8f9829bf14f26914a962224c1ad3a,F1 :    100    1 0.10 -14.44 0.54 50.00  10.0   8.0,0.00 0.00 0.00 89.38 0.54 50.00 0.10 -14.44 6 63 6 63 10.0%  8.0% 50.000 0.000 0.00 -4.90 0.00  1.98 0.00  99.00 0.0% | 1200.00  -40.00 HI -50.00 -50.00
2026-09-27T09:08:31.027,DEMO,DEMO,DEMO_MODE,24f8f9829bf14f26914a962224c1ad3a,F1 :    100    1 0.10 -14.44 0.54 50.00  10.0   8.0,0.00 0.00 0.00 89.38 0.54 50.00 0.10 -14.44 6 63 6 63 10.0%  8.0% 50.000 0.000 0.00 -4.90 0.00  1.98 0.00  99.00 0.0% | 1200.00  -40.00 HI -50.00 -50.00
2026-09-27T09:08:31.148,DEMO,DEMO,DEMO_MODE,24f8f9829bf14f26914a962224c1ad3a,F1 :    100    1 0.10 -14.44 0.54 50.00  10.0   8.0,0.00 0.00 0.00 89.38 0.54 50.00 0.10 -14.44 6 63 6 63 10.0%  8.0% 50.000 0.000 0.00 -4.90 0.00  1.98 0.00  99.00 0.0% | 1200.00  -40.00 HI -50.00 -50.00
2026-09-27T09:08:31.269,DEMO,DEMO,DEMO_MODE,24f8f9829bf14f26914a962224c1ad3a,F1 :    100    1 0.10 -14.44 0.54 50.00  10.0   8.0,0.00 0.00 0.00 89.38 0.54 50.00 0.10 -14.44 6 63 6 63 10.0%  8.0% 50.000 0.000 0.00 -4.90 0.00  1.98 0.00  99.00 0.0% | 1200.00  -40.00 HI -50.00 -50.00
2026-09-27T09:08:31.390,DEMO,DEMO,DEMO_MODE,24f8f9829bf14f26914a962224c1ad3a,F1 :    100    1 0.10 -14.44 0.54 50.00  10.0   8.0,0.00 0.00 0.00 89.38 0.54 50.00 0.10 -14.44 6 63 6 63 10.0%  8.0% 50.000 0.000 0.00 -4.90 0.00  1.98 0.00  99.00 0.0% | 1200.00  -40.00 HI -50.00 -50.00
2026-09-27T09:08:31.510,DEMO,DEMO,DEMO_MODE,24f8f9829bf14f26914a962224c1ad3a,F1 :    100    1 0.10 -14.44 0.54 50.00  10.0   8.0,0.00 0.00 0.00 89.38 0.54 50.00 0.10 -14.44 6 63 6 63 10.0%  8.0% 50.000 0.000 0.00 -4.90 0.00  1.98 0.00  99.00 0.0% | 1200.00  -40.00 HI -50.00 -50.00
2026-09-27T09:08:31.631,DEMO,DEMO,DEMO_MODE,24f8f9829bf14f26914a962224c1ad3a,F1 :    100    1 0.10 -14.44 0.54 50.00  10.0   8.0,0.00 0.00 0.00 89.38 0.54 50.00 0.10 -14.44 6 63 6 63 10.0%  8.0% 50.000 0.000 0.00 -4.90 0.00  1.98 0.00  99.00 0.0% | 1200.00  -40.00 HI -50.00 -50.00
2026-09-27T09:08:31.751,DEMO,DEMO,DEMO_MODE,24f8f9829bf14f26914a962224c1ad3a,F1 :    100    1 0.10 -14.44 0.54 50.00  10.0   8.0,0.00 0.00 0.00 89.38 0.54 50.00 0.10 -14.44 6 63 6 63 10.0%  8.0% 50.000 0.000 0.00 -4.90 0.00  1.98 0.00  99.00 0.0% | 1200.00  -40.00 HI -50.00 -50.00
2026-09-27T09:08:31.872,DEMO,DEMO,DEMO_MODE,24f8f9829bf14f26914a962224c1ad3a,F1 :    100    1 0.10 -14.44 0.54 50.00  10.0   8.0,0.00 0.00 0.00 89.38 0.54 50.00 0.10 -14.44 6 63 6 63 10.0%  8.0% 50.000 0.000 0.00 -4.90 0.00  1.98 0.00  99.00 0.0% | 1200.00  -40.00 HI -50.00 -50.00
2026-09-27T09:08:31.993,DEMO,DEMO,DEMO_MODE,24f8f9829bf14f26914a962224c1ad3a,F1 :    100    1 0.10 -14.44 0.54 50.00  10.0   8.0,0.00 0.00 0.00 89.38 0.54 50.00 0.10 -14.44 6 63 6 63 10.0%  8.0% 50.000 0.000 0.00 -4.90 0.00  1.98 0.00  99.00 0.0% | 1200.00  -40.00 HI -50.00 -50.00
2026-09-27T09:08:32.113,DEMO,DEMO,DEMO_MODE,24f8f9829bf14f26914a962224c1ad3a,F1 :    100    1 0.10 -14.44 0.54 50.00  10.0   8.0,0.00 0.00 0.00 89.38 0.54 50.00 0.10 -14.44 6 63 6 63 10.0%  8.0% 50.000 0.000 0.00 -4.90 0.00  1.98 0.00  99.00 0.0% | 1200.00  -40.00 HI -50.00 -50.00
2026-09-27T09:08:32.234,DEMO,DEMO,DEMO_MODE,24f8f9829bf14f26914a962224c1ad3a,F1 :    100    1 0.10 -14.44 0.54 50.00  10.0   8.0,0.00 0.00 0.00 89.38 0.54 50.00 0.10 -14.44 6 63 6 63 10.0%  8.0% 50.000 0.000 0.00 -4.90 0.00  1.98 0.00  99.00 0.0% | 1200.00  -40.00 HI -50.00 -50.00
2026-09-27T09:08:32.355,DEMO,DEMO,DEMO_MODE,24f8f9829bf14f26914a962224c1ad3a,F1 :    100    1 0.10 -14.44 0.54 50.00  10.0   8.0,0.00 0.00 0.00 89.38 0.54 50.00 0.10 -14.44 6 63 6 63 10.0%  8.0% 50.000 0.000 0.00 -4.90 0.00  1.98 0.00  99.00 0.0% | 1200.00  -40.00 HI -50.00 -50.00
2026-09-27T09:08:32.475,DEMO,DEMO,DEMO_MODE,24f8f9829bf14f26914a962224c1ad3a,F1 :    100    1 0.10 -14.44 0.54 50.00  10.0   8.0,0.00 0.00 0.00 89.38 0.54 50.00 0.10 -14.44 6 63 6 63 10.0%  8.0% 50.000 0.000 0.00 -4.90 0.00  1.98 0.00  99.00 0.0% | 1200.00  -40.00 HI -50.00 -50.00
2026-09-27T09:08:32.596,DEMO,DEMO,DEMO_MODE,24f8f9829bf14f26914a962224c1ad3a,F1 :    100    1 0.10 -14.44 0.54 50.00  10.0   8.0,0.00 0.00 0.00 89.38 0.54 50.00 0.10 -14.44 6 63 6 63 10.0%  8.0% 50.000 0.000 0.00 -4.90 0.00  1.98 0.00  99.00 0.0% | 1200.00  -40.00 HI -50.00 -50.00
2026-09-27T09:08:32.716,DEMO,DEMO,DEMO_MODE,24f8f9829bf14f26914a962224c1ad3a,F1 :    100    1 0.10 -14.44 0.54 50.00  10.0   8.0,0.00 0.00 0.00 89.38 0.54 50.00 0.10 -14.44 6 63 6 63 10.0%  8.0% 50.000 0.000 0.00 -4.90 0.00  1.98 0.00  99.00 0.0% | 1200.00  -40.00 HI -50.00 -50.00
2026-09-27T09:08:32.837,DEMO,DEMO,DEMO_MODE,24f8f9829bf14f26914a962224c1ad3a,F1 :    100    1 0.10 -14.44 0.54 50.00  10.0   8.0,0.00 0.00 0.00 89.38 0.54 50.00 0.10 -14.44 6 63 6 63 10.0%  8.0% 50.000 0.000 0.00 -4.90 0.00  1.98 0.00  99.00 0.0% | 1200.00  -40.00 HI -50.00 -50.00
2026-09-27T09:08:32.958,DEMO,DEMO,DEMO_MODE,24f8f9829bf14f26914a962224c1ad3a,F1 :    100    1 0.10 -14.44 0.54 50.00  10.0   8.0,0.00 0.00 0.00 89.38 0.54 50.00 0.10 -14.44 6 63 6 63 10.0%  8.0% 50.000 0.000 0.00 -4.90 0.00  1.98 0.00  99.00 0.0% | 1200.00  -40.00 HI -50.00 -50.00
2026-09-27T09:08:33.079,DEMO,DEMO,DEMO_MODE,24f8f9829bf14f26914a962224c1ad3a,F1 :    100    1 0.10 -14.44 0.54 50.00  10.0   8.0,0.00 0.00 0.00 89.38 0.54 50.00 0.10 -14.44 6 63 6 63 10.0%  8.0% 50.000 0.000 0.00 -4.90 0.00  1.98 0.00  99.00 0.0% | 1200.00  -40.00 HI -50.00 -50.00
2026-09-27T09:08:33.200,DEMO,DEMO,DEMO_MODE,24f8f9829bf14f26914a962224c1ad3a,F1 :    100    1 0.10 -14.44 0.54 50.00  10.0   8.0,0.00 0.00 0.00 89.38 0.54 50.00 0.10 -14.44 6 63 6 63 10.0%  8.0% 50.000 0.000 0.00 -4.90 0.00  1.98 0.00  99.00 0.0% | 1200.00  -40.00 HI -50.00 -50.00
2026-09-27T09:08:33.321,DEMO,DEMO,DEMO_MODE,24f8f9829bf14f26914a962224c1ad3a,F1 :    100    1 0.10 -14.44 0.54 50.00  10.0   8.0,0.00 0.00 0.00 89.38 0.54 50.00 0.10 -14.44 6 63 6 63 10.0%  8.0% 50.000 0.000 0.00 -4.90 0.00  1.98 0.00  99.00 0.0% | 1200.00  -40.00 HI -50.00 -50.00
2026-09-27T09:08:33.441,DEMO,DEMO,DEMO_MODE,24f8f9829bf14f26914a962224c1ad3a,F1 :    100    1 0.10 -14.44 0.54 50.00  10.0   8.0,0.00 0.00 0.00 89.38 0.54 50.00 0.10 -14.44 6 63 6 63 10.0%  8.0% 50.000 0.000 0.00 -4.90 0.00  1.98 0.00  99.00 0.0% | 1200.00  -40.00 HI -50.00 -50.00
2026-09-27T09:08:33.562,DEMO,DEMO,DEMO_MODE,24f8f9829bf14f26914a962224c1ad3a,F1 :    100    1 0.10 -14.44 0.54 50.00  10.0   8.0,0.00 0.00 0.00 89.38 0.54 50.00 0.10 -14.44 6 63 6 63 10.0%  8.0% 50.000 0.000 0.00 -4.90 0.00  1.98 0.00  99.00 0.0% | 1200.00  -40.00 HI -50.00 -50.00
2026-09-27T09:08:33.683,DEMO,DEMO,DEMO_MODE,24f8f9829bf14f26914a962224c1ad3a,F1 :    100    1 0.10 -14.44 0.54 50.00  10.0   8.0,0.00 0.00 0.00 89.38 0.54 50.00 0.10 -14.44 6 63 6 63 10.0%  8.0% 50.000 0.000 0.00 -4.90 0.00  1.98 0.00  99.00 0.0% | 1200.00  -40.00 HI -50.00 -50.00
2026-09-27T09:08:33.803,DEMO,DEMO,DEMO_MODE,24f8f9829bf14f26914a962224c1ad3a,F1 :    100    1 0.10 -14.44 0.54 50.00  10.0   8.0,0.00 0.00 0.00 89.38 0.54 50.00 0.10 -14.44 6 63 6 63 10.0%  8.0% 50.000 0.000 0.00 -4.90 0.00  1.98 0.00  99.00 0.0% | 1200.00  -40.00 HI -50.00 -50.00
2026-09-27T09:08:33.925,DEMO,DEMO,DEMO_MODE,24f8f9829bf14f26914a962224c1ad3a,F1 :    100    1 0.10 -14.44 0.54 50.00  10.0   8.0,0.00 0.00 0.00 89.38 0.54 50.00 0.10 -14.44 6 63 6 63 10.0%  8.0% 50.000 0.000 0.00 -4.90 0.00  1.98 0.00  99.00 0.0% | 1200.00  -40.00 HI -50.00 -50.00
2026-09-27T09:08:34.045,DEMO,DEMO,DEMO_MODE,24f8f9829bf14f26914a962224c1ad3a,F1 :    100    1 0.10 -14.44 0.54 50.00  10.0   8.0,0.00 0.00 0.00 89.38 0.54 50.00 0.10 -14.44 6 63 6 63 10.0%  8.0% 50.000 0.000 0.00 -4.90 0.00  1.98 0.00  99.00 0.0% | 1200.00  -40.00 HI -50.00 -50.00
2026-09-27T09:08:34.165,DEMO,DEMO,DEMO_MODE,24f8f9829bf14f26914a962224c1ad3a,F1 :    100    1 0.10 -14.44 0.54 50.00  10.0   8.0,0.00 0.00 0.00 89.38 0.54 50.00 0.10 -14.44 6 63 6 63 10.0%  8.0% 50.000 0.000 0.00 -4.90 0.00  1.98 0.00  99.00 0.0% | 1200.00  -40.00 HI -50.00 -50.00
2026-09-27T09:08:34.286,DEMO,DEMO,DEMO_MODE,24f8f9829bf14f26914a962224c1ad3a,F1 :    100    1 0.10 -14.44 0.54 50.00  10.0   8.0,0.00 0.00 0.00 89.38 0.54 50.00 0.10 -14.44 6 63 6 63 10.0%  8.0% 50.000 0.000 0.00 -4.90 0.00  1.98 0.00  99.00 0.0% | 1200.00  -40.00 HI -50.00 -50.00
2026-09-27T09:08:34.406,DEMO,DEMO,DEMO_MODE,24f8f9829bf14f26914a962224c1ad3a,F1 :    100    1 0.10 -14.44 0.54 50.00  10.0   8.0,0.00 0.00 0.00 89.38 0.54 50.00 0.10 -14.44 6 63 6 63 10.0%  8.0% 50.000 0.000 0.00 -4.90 0.00  1.98 0.00  99.00 0.0% | 1200.00  -40.00 HI -50.00 -50.00
2026-09-27T09:08:34.527,DEMO,DEMO,DEMO_MODE,24f8f9829bf14f26914a962224c1ad3a,F1 :    100    1 0.10 -14.44 0.54 50.00  10.0   8.0,0.00 0.00 0.00 89.38 0.54 50.00 0.10 -14.44 6 63 6 63 10.0%  8.0% 50.000 0.000 0.00 -4.90 0.00  1.98 0.00  99.00 0.0% | 1200.00  -40.00 HI -50.00 -50.00
2026-09-27T09:08:34.650,DEMO,DEMO,DEMO_MODE,24f8f9829bf14f26914a962224c1ad3a,F1 :    100    1 0.10 -14.44 0.54 50.00  10.0   8.0,0.00 0.00 0.00 89.38 0.54 50.00 0.10 -14.44 6 63 6 63 10.0%  8.0% 50.000 0.000 0.00 -4.90 0.00  1.98 0.00  99.00 0.0% | 1200.00  -40.00 HI -50.00 -50.00
2026-09-27T09:08:34.770,DEMO,DEMO,DEMO_MODE,24f8f9829bf14f26914a962224c1ad3a,F1 :    100    1 0.10 -14.44 0.54 50.00  10.0   8.0,0.00 0.00 0.00 89.38 0.54 50.00 0.10 -14.44 6 63 6 63 10.0%  8.0% 50.000 0.000 0.00 -4.90 0.00  1.98 0.00  99.00 0.0% | 1200.00  -40.00 HI -50.00 -50.00
2026-09-27T09:08:34.890,DEMO,DEMO,DEMO_MODE,24f8f9829bf14f26914a962224c1ad3a,F1 :    100    1 0.10 -14.44 0.54 50.00  10.0   8.0,0.00 0.00 0.00 89.38 0.54 50.00 0.10 -14.44 6 63 6 63 10.0%  8.0% 50.000 0.000 0.00 -4.90 0.00  1.98 0.00  99.00 0.0% | 1200.00  -40.00 HI -50.00 -50.00
2026-09-27T09:08:35.011,DEMO,DEMO,DEMO_MODE,24f8f9829bf14f26914a962224c1ad3a,F1 :    100    1 0.10 -14.44 0.54 50.00  10.0   8.0,0.00 0.00 0.00 89.38 0.54 50.00 0.10 -14.44 6 63 6 63 10.0%  8.0% 50.000 0.000 0.00 -4.90 0.00  1.98 0.00  99.00 0.0% | 1200.00  -40.00 HI -50.00 -50.00
2026-09-27T09:08:35.132,DEMO,DEMO,DEMO_MODE,24f8f9829bf14f26914a962224c1ad3a,F1 :    100    1 0.10 -14.44 0.54 50.00  10.0   8.0,0.00 0.00 0.00 89.38 0.54 50.00 0.10 -14.44 6 63 6 63 10.0%  8.0% 50.000 0.000 0.00 -4.90 0.00  1.98 0.00  99.00 0.0% | 1200.00  -40.00 HI -50.00 -50.00
2026-09-27T09:08:35.252,DEMO,DEMO,DEMO_MODE,24f8f9829bf14f26914a962224c1ad3a,F1 :    100    1 0.10 -14.44 0.54 50.00  10.0   8.0,0.00 0.00 0.00 89.38 0.54 50.00 0.10 -14.44 6 63 6 63 10.0%  8.0% 50.000 0.000 0.00 -4.90 0.00  1.98 0.00  99.00 0.0% | 1200.00  -40.00 HI -50.00 -50.00
2026-09-27T09:08:35.374,DEMO,DEMO,DEMO_MODE,24f8f9829bf14f26914a962224c1ad3a,F1 :    100    1 0.10 -14.44 0.54 50.00  10.0   8.0,0.00 0.00 0.00 89.38 0.54 50.00 0.10 -14.44 6 63 6 63 10.0%  8.0% 50.000 0.000 0.00 -4.90 0.00  1.98 0.00  99.00 0.0% | 1200.00  -40.00 HI -50.00 -50.00
2026-09-27T09:08:35.494,DEMO,DEMO,DEMO_MODE,24f8f9829bf14f26914a962224c1ad3a,F1 :    100    1 0.10 -14.44 0.54 50.00  10.0   8.0,0.00 0.00 0.00 89.38 0.54 50.00 0.10 -14.44 6 63 6 63 10.0%  8.0% 50.000 0.000 0.00 -4.90 0.00  1.98 0.00  99.00 0.0% | 1200.00  -40.00 HI -50.00 -50.00
2026-09-27T09:08:35.615,DEMO,DEMO,DEMO_MODE,24f8f9829bf14f26914a962224c1ad3a,F1 :    100    1 0.10 -14.44 0.54 50.00  10.0   8.0,0.00 0.00 0.00 89.38 0.54 50.00 0.10 -14.44 6 63 6 63 10.0%  8.0% 50.000 0.000 0.00 -4.90 0.00  1.98 0.00  99.00 0.0% | 1200.00  -40.00 HI -50.00 -50.00
2026-09-27T09:08:35.735,DEMO,DEMO,DEMO_MODE,24f8f9829bf14f26914a962224c1ad3a,F1 :    100    1 0.10 -14.44 0.54 50.00  10.0  12.0,0.00 0.00 0.00 89.38 0.54 50.00 0.10 -14.44 6 63 6 63 10.0% 12.0% 50.000 0.000 0.00 -4.90 0.00  1.98 0.00  99.00 0.0% | 1200.00  -40.00 HI -50.00 -50.00
2026-09-27T09:08:35.856,DEMO,DEMO,DEMO_MODE,24f8f9829bf14f26914a962224c1ad3a,F1 :    100    1 0.10 -14.44 0.54 50.00  10.0  12.0,0.00 0.00 0.00 89.38 0.54 50.00 0.10 -14.44 6 63 6 63 10.0% 12.0% 50.000 0.000 0.00 -4.90 0.00  1.98 0.00  99.00 0.0% | 1200.00  -40.00 HI -50.00 -50.00
2026-09-27T09:08:35.977,DEMO,DEMO,DEMO_MODE,24f8f9829bf14f26914a962224c1ad3a,F1 :    100    1 0.10 -14.44 0.54 50.00  10.0  12.0,0.00 0.00 0.00 89.38 0.54 50.00 0.10 -14.44 6 63 6 63 10.0% 12.0% 50.000 0.000 0.00 -4.90 0.00  1.98 0.00  99.00 0.0% | 1200.00  -40.00 HI -50.00 -50.00
2026-09-27T09:08:36.098,DEMO,DEMO,DEMO_MODE,24f8f9829bf14f26914a962224c1ad3a,F1 :    100    1 0.10 -14.44 0.54 50.00  10.0  12.0,0.00 0.00 0.00 89.38 0.54 50.00 0.10 -14.44 6 63 6 63 10.0% 12.0% 50.000 0.000 0.00 -4.90 0.00  1.98 0.00  99.00 0.0% | 1200.00  -40.00 HI -50.00 -50.00
2026-09-27T09:08:36.218,DEMO,DEMO,DEMO_MODE,24f8f9829bf14f26914a962224c1ad3a,F1 :    100    1 0.10 -14.44 0.54 50.00  10.0  12.0,0.00 0.00 0.00 89.38 0.54 50.00 0.10 -14.44 6 63 6 63 10.0% 12.0% 50.000 0.000 0.00 -4.90 0.00  1.98 0.00  99.00 0.0% | 1200.00  -40.00 HI -50.00 -50.00
2026-09-27T09:08:36.339,DEMO,DEMO,DEMO_MODE,24f8f9829bf14f26914a962224c1ad3a,F1 :    100    1 0.10 -14.44 0.54 50.00  10.0  12.0,0.00 0.00 0.00 89.38 0.54 50.00 0.10 -14.44 6 63 6 63 10.0% 12.0% 50.000 0.000 0.00 -4.90 0.00  1.98 0.00  99.00 0.0% | 1200.00  -40.00 HI -50.00 -50.00
2026-09-27T09:08:36.459,DEMO,DEMO,DEMO_MODE,24f8f9829bf14f26914a962224c1ad3a,F1 :    100    1 0.10 -14.44 0.54 50.00  10.0  12.0,0.00 0.00 0.00 89.38 0.54 50.00 0.10 -14.44 6 63 6 63 10.0% 12.0% 50.000 0.000 0.00 -4.90 0.00  1.98 0.00  99.00 0.0% | 1200.00  -40.00 HI -50.00 -50.00
2026-09-27T09:08:36.580,DEMO,DEMO,DEMO_MODE,24f8f9829bf14f26914a962224c1ad3a,F1 :    100    1 0.10 -14.44 0.54 50.00  10.0  12.0,0.00 0.00 0.00 89.38 0.54 50.00 0.10 -14.44 6 63 6 63 10.0% 12.0% 50.000 0.000 0.00 -4.90 0.00  1.98 0.00  99.00 0.0% | 1200.00  -40.00 HI -50.00 -50.00
2026-09-27T09:08:36.700,DEMO,DEMO,DEMO_MODE,24f8f9829bf14f26914a962224c1ad3a,F1 :    100    1 0.10 -14.44 0.54 50.00  10.0  12.0,0.00 0.00 0.00 89.38 0.54 50.00 0.10 -14.44 6 63 6 63 10.0% 12.0% 50.000 0.000 0.00 -4.90 0.00  1.98 0.00  99.00 0.0% | 1200.00  -40.00 HI -50.00 -50.00
2026-09-27T09:08:36.821,DEMO,DEMO,DEMO_MODE,24f8f9829bf14f26914a962224c1ad3a,F1 :    100    1 0.10 -14.44 0.54 50.00  10.0  12.0,0.00 0.00 0.00 89.38 0.54 50.00 0.10 -14.44 6 63 6 63 10.0% 12.0% 50.000 0.000 0.00 -4.90 0.00  1.98 0.00  99.00 0.0% | 1200.00  -40.00 HI -50.00 -50.00
2026-09-27T09:08:36.942,DEMO,DEMO,DEMO_MODE,24f8f9829bf14f26914a962224c1ad3a,F1 :    100    1 0.10 -14.44 0.54 50.00  10.0  12.0,0.00 0.00 0.00 89.38 0.54 50.00 0.10 -14.44 6 63 6 63 10.0% 12.0% 50.000 0.000 0.00 -4.90 0.00  1.98 0.00  99.00 0.0% | 1200.00  -40.00 HI -50.00 -50.00
2026-09-27T09:08:37.062,DEMO,DEMO,DEMO_MODE,24f8f9829bf14f26914a962224c1ad3a,F1 :    100    1 0.10 -14.44 0.54 50.00  10.0  12.0,0.00 0.00 0.00 89.38 0.54 50.00 0.10 -14.44 6 63 6 63 10.0% 12.0% 50.000 0.000 0.00 -4.90 0.00  1.98 0.00  99.00 0.0% | 1200.00  -40.00 HI -50.00 -50.00
2026-09-27T09:08:37.183,DEMO,DEMO,DEMO_MODE,24f8f9829bf14f26914a962224c1ad3a,F1 :    100    1 0.10 -14.44 0.54 50.00  10.0  12.0,0.00 0.00 0.00 89.38 0.54 50.00 0.10 -14.44 6 63 6 63 10.0% 12.0% 50.000 0.000 0.00 -4.90 0.00  1.98 0.00  99.00 0.0% | 1200.00  -40.00 HI -50.00 -50.00
2026-09-27T09:08:37.303,DEMO,DEMO,DEMO_MODE,24f8f9829bf14f26914a962224c1ad3a,F1 :    100    1 0.10 -14.44 0.54 50.00  10.0  12.0,0.00 0.00 0.00 89.38 0.54 50.00 0.10 -14.44 6 63 6 63 10.0% 12.0% 50.000 0.000 0.00 -4.90 0.00  1.98 0.00  99.00 0.0% | 1200.00  -40.00 HI -50.00 -50.00
2026-09-27T09:08:37.424,DEMO,DEMO,DEMO_MODE,24f8f9829bf14f26914a962224c1ad3a,F1 :    100    1 0.10 -14.44 0.54 50.00  10.0  12.0,0.00 0.00 0.00 89.38 0.54 50.00 0.10 -14.44 6 63 6 63 10.0% 12.0% 50.000 0.000 0.00 -4.90 0.00  1.98 0.00  99.00 0.0% | 1200.00  -40.00 HI -50.00 -50.00
2026-09-27T09:08:37.544,DEMO,DEMO,DEMO_MODE,24f8f9829bf14f26914a962224c1ad3a,F1 :    100    1 0.10 -14.44 0.54 50.00  10.0  12.0,0.00 0.00 0.00 89.38 0.54 50.00 0.10 -14.44 6 63 6 63 10.0% 12.0% 50.000 0.000 0.00 -4.90 0.00  1.98 0.00  99.00 0.0% | 1200.00  -40.00 HI -50.00 -50.00
2026-09-27T09:08:37.665,DEMO,DEMO,DEMO_MODE,24f8f9829bf14f26914a962224c1ad3a,F1 :    100    1 0.10 -14.44 0.54 50.00  10.0  12.0,0.00 0.00 0.00 89.38 0.54 50.00 0.10 -14.44 6 63 6 63 10.0% 12.0% 50.000 0.000 0.00 -4.90 0.00  1.98 0.00  99.00 0.0% | 1200.00  -40.00 HI -50.00 -50.00
2026-09-27T09:08:37.786,DEMO,DEMO,DEMO_MODE,24f8f9829bf14f26914a962224c1ad3a,F1 :    100    1 0.10 -14.44 0.54 50.00  10.0  12.0,0.00 0.00 0.00 89.38 0.54 50.00 0.10 -14.44 6 63 6 63 10.0% 12.0% 50.000 0.000 0.00 -4.90 0.00  1.98 0.00  99.00 0.0% | 1200.00  -40.00 HI -50.00 -50.00
2026-09-27T09:08:37.907,DEMO,DEMO,DEMO_MODE,24f8f9829bf14f26914a962224c1ad3a,F1 :    100    1 0.10 -14.44 0.54 50.00  10.0  12.0,0.00 0.00 0.00 89.38 0.54 50.00 0.10 -14.44 6 63 6 63 10.0% 12.0% 50.000 0.000 0.00 -4.90 0.00  1.98 0.00  99.00 0.0% | 1200.00  -40.00 HI -50.00 -50.00
2026-09-27T09:08:38.027,DEMO,DEMO,DEMO_MODE,24f8f9829bf14f26914a962224c1ad3a,F1 :    100    1 0.10 -14.44 0.54 50.00  10.0  12.0,0.00 0.00 0.00 89.38 0.54 50.00 0.10 -14.44 6 63 6 63 10.0% 12.0% 50.000 0.000 0.00 -4.90 0.00  1.98 0.00  99.00 0.0% | 1200.00  -40.00 HI -50.00 -50.00
2026-09-27T09:08:38.153,DEMO,DEMO,DEMO_MODE,24f8f9829bf14f26914a962224c1ad3a,F1 :    100    1 0.10 -14.44 0.54 50.00  10.0  12.0,0.00 0.00 0.00 89.38 0.54 50.00 0.10 -14.44 6 63 6 63 10.0% 12.0% 50.000 0.000 0.00 -4.90 0.00  1.98 0.00  99.00 0.0% | 1200.00  -40.00 HI -50.00 -50.00
2026-09-27T09:08:38.274,DEMO,DEMO,DEMO_MODE,24f8f9829bf14f26914a962224c1ad3a,F1 :    100    1 0.10 -14.44 0.54 50.00  10.0  12.0,0.00 0.00 0.00 89.38 0.54 50.00 0.10 -14.44 6 63 6 63 10.0% 12.0% 50.000 0.000 0.00 -4.90 0.00  1.98 0.00  99.00 0.0% | 1200.00  -40.00 HI -50.00 -50.00
2026-09-27T09:08:38.394,DEMO,DEMO,DEMO_MODE,24f8f9829bf14f26914a962224c1ad3a,F1 :    100    1 0.10 -14.44 0.54 50.00  10.0  12.0,0.00 0.00 0.00 89.38 0.54 50.00 0.10 -14.44 6 63 6 63 10.0% 12.0% 50.000 0.000 0.00 -4.90 0.00  1.98 0.00  99.00 0.0% | 1200.00  -40.00 HI -50.00 -50.00
2026-09-27T09:08:38.516,DEMO,DEMO,DEMO_MODE,24f8f9829bf14f26914a962224c1ad3a,F1 :    100    1 0.10 -14.44 0.54 50.00  10.0  12.0,0.00 0.00 0.00 89.38 0.54 50.00 0.10 -14.44 6 63 6 63 10.0% 12.0% 50.000 0.000 0.00 -4.90 0.00  1.98 0.00  99.00 0.0% | 1200.00  -40.00 HI -50.00 -50.00
2026-09-27T09:08:38.637,DEMO,DEMO,DEMO_MODE,24f8f9829bf14f26914a962224c1ad3a,F1 :    100    1 0.10 -14.44 0.54 50.00  10.0  12.0,0.00 0.00 0.00 89.38 0.54 50.00 0.10 -14.44 6 63 6 63 10.0% 12.0% 50.000 0.000 0.00 -4.90 0.00  1.98 0.00  99.00 0.0% | 1200.00  -40.00 HI -50.00 -50.00
2026-09-27T09:08:38.758,DEMO,DEMO,DEMO_MODE,24f8f9829bf14f26914a962224c1ad3a,F1 :    100    2 0.10 -14.44 0.54 50.00  10.0  12.0,0.00 0.00 0.00 89.38 0.54 50.00 0.10 -14.44 6 63 6 63 10.0% 12.0% 50.000 0.000 0.00 -4.90 0.00  1.96 0.00  98.00 0.0% | 1200.00  -40.00 HI -50.00 -50.00
2026-09-27T09:08:38.879,DEMO,DEMO,DEMO_MODE,24f8f9829bf14f26914a962224c1ad3a,F1 :    100    2 0.10 -14.44 0.54 50.00  10.0  12.0,0.00 0.00 0.00 89.38 0.54 50.00 0.10 -14.44 6 63 6 63 10.0% 12.0% 50.000 0.000 0.00 -4.90 0.00  1.96 0.00  98.00 0.0% | 1200.00  -40.00 HI -50.00 -50.00
2026-09-27T09:08:39.000,DEMO,DEMO,DEMO_MODE,24f8f9829bf14f26914a962224c1ad3a,F1 :    100    2 0.10 -14.44 0.54 50.00  10.0  12.0,0.00 0.00 0.00 89.38 0.54 50.00 0.10 -14.44 6 63 6 63 10.0% 12.0% 50.000 0.000 0.00 -4.90 0.00  1.96 0.00  98.00 0.0% | 1200.00  -40.00 HI -50.00 -50.00
2026-09-27T09:08:39.121,DEMO,DEMO,DEMO_MODE,24f8f9829bf14f26914a962224c1ad3a,F1 :    100    2 0.10 -14.44 0.54 50.00  10.0  12.0,0.00 0.00 0.00 89.38 0.54 50.00 0.10 -14.44 6 63 6 63 10.0% 12.0% 50.000 0.000 0.00 -4.90 0.00  1.96 0.00  98.00 0.0% | 1200.00  -40.00 HI -50.00 -50.00
2026-09-27T09:08:39.242,DEMO,DEMO,DEMO_MODE,24f8f9829bf14f26914a962224c1ad3a,F1 :    100    2 0.10 -14.44 0.54 50.00  10.0  12.0,0.00 0.00 0.00 89.38 0.54 50.00 0.10 -14.44 6 63 6 63 10.0% 12.0% 50.000 0.000 0.00 -4.90 0.00  1.96 0.00  98.00 0.0% | 1200.00  -40.00 HI -50.00 -50.00
2026-09-27T09:08:39.363,DEMO,DEMO,DEMO_MODE,24f8f9829bf14f26914a962224c1ad3a,F1 :    100    2 0.10 -14.44 0.54 50.00  10.0  12.0,0.00 0.00 0.00 89.38 0.54 50.00 0.10 -14.44 6 63 6 63 10.0% 12.0% 50.000 0.000 0.00 -4.90 0.00  1.96 0.00  98.00 0.0% | 1200.00  -40.00 HI -50.00 -50.00
2026-09-27T09:08:39.484,DEMO,DEMO,DEMO_MODE,24f8f9829bf14f26914a962224c1ad3a,F1 :    100    2 0.10 -14.44 0.54 50.00  10.0  12.0,0.00 0.00 0.00 89.38 0.54 50.00 0.10 -14.44 6 63 6 63 10.0% 12.0% 50.000 0.000 0.00 -4.90 0.00  1.96 0.00  98.00 0.0% | 1200.00  -40.00 HI -50.00 -50.00
2026-09-27T09:08:39.604,DEMO,DEMO,DEMO_MODE,24f8f9829bf14f26914a962224c1ad3a,F1 :    100    2 0.10 -14.44 0.54 50.00  10.0  12.0,0.00 0.00 0.00 89.38 0.54 50.00 0.10 -14.44 6 63 6 63 10.0% 12.0% 50.000 0.000 0.00 -4.90 0.00  1.96 0.00  98.00 0.0% | 1200.00  -40.00 HI -50.00 -50.00
2026-09-27T09:08:39.725,DEMO,DEMO,DEMO_MODE,24f8f9829bf14f26914a962224c1ad3a,F1 :    100    2 0.10 -14.44 0.54 50.00  10.0  12.0,0.00 0.00 0.00 89.38 0.54 50.00 0.10 -14.44 6 63 6 63 10.0% 12.0% 50.000 0.000 0.00 -4.90 0.00  1.96 0.00  98.00 0.0% | 1200.00  -40.00 HI -50.00 -50.00
2026-09-27T09:08:39.846,DEMO,DEMO,DEMO_MODE,24f8f9829bf14f26914a962224c1ad3a,F1 :    100    2 0.10 -14.44 0.54 50.00  10.0  12.0,0.00 0.00 0.00 89.38 0.54 50.00 0.10 -14.44 6 63 6 63 10.0% 12.0% 50.000 0.000 0.00 -4.90 0.00  1.96 0.00  98.00 0.0% | 1200.00  -40.00 HI -50.00 -50.00
2026-09-27T09:08:39.966,DEMO,DEMO,DEMO_MODE,24f8f9829bf14f26914a962224c1ad3a,F1 :    100    2 0.10 -14.44 0.54 50.00  10.0  12.0,0.00 0.00 0.00 89.38 0.54 50.00 0.10 -14.44 6 63 6 63 10.0% 12.0% 50.000 0.000 0.00 -4.90 0.00  1.96 0.00  98.00 0.0% | 1200.00  -40.00 HI -50.00 -50.00
2026-09-27T09:08:40.087,DEMO,DEMO,DEMO_MODE,24f8f9829bf14f26914a962224c1ad3a,F1 :    100    2 0.10 -14.44 0.54 50.00  10.0  12.0,0.00 0.00 0.00 89.38 0.54 50.00 0.10 -14.44 6 63 6 63 10.0% 12.0% 50.000 0.000 0.00 -4.90 0.00  1.96 0.00  98.00 0.0% | 1200.00  -40.00 HI -50.00 -50.00
2026-09-27T09:08:40.208,DEMO,DEMO,DEMO_MODE,24f8f9829bf14f26914a962224c1ad3a,F1 :    100    2 0.10 -14.44 0.54 50.00  10.0  12.0,0.00 0.00 0.00 89.38 0.54 50.00 0.10 -14.44 6 63 6 63 10.0% 12.0% 50.000 0.000 0.00 -4.90 0.00  1.96 0.00  98.00 0.0% | 1200.00  -40.00 HI -50.00 -50.00
2026-09-27T09:08:40.329,DEMO,DEMO,DEMO_MODE,24f8f9829bf14f26914a962224c1ad3a,F1 :    100    2 0.10 -14.44 0.54 50.00  10.0  12.0,0.00 0.00 0.00 89.38 0.54 50.00 0.10 -14.44 6 63 6 63 10.0% 12.0% 50.000 0.000 0.00 -4.90 0.00  1.96 0.00  98.00 0.0% | 1200.00  -40.00 HI -50.00 -50.00
2026-09-27T09:08:40.449,DEMO,DEMO,DEMO_MODE,24f8f9829bf14f26914a962224c1ad3a,F1 :    100    2 0.10 -14.44 0.54 50.00  10.0  12.0,0.00 0.00 0.00 89.38 0.54 50.00 0.10 -14.44 6 63 6 63 10.0% 12.0% 50.000 0.000 0.00 -4.90 0.00  1.96 0.00  98.00 0.0% | 1200.00  -40.00 HI -50.00 -50.00
2026-09-27T09:08:40.570,DEMO,DEMO,DEMO_MODE,24f8f9829bf14f26914a962224c1ad3a,F1 :    100    2 0.10 -14.44 0.54 50.00  10.0  12.0,0.00 0.00 0.00 89.38 0.54 50.00 0.10 -14.44 6 63 6 63 10.0% 12.0% 50.000 0.000 0.00 -4.90 0.00  1.96 0.00  98.00 0.0% | 1200.00  -40.00 HI -50.00 -50.00
2026-09-27T09:08:40.691,DEMO,DEMO,DEMO_MODE,24f8f9829bf14f26914a962224c1ad3a,F1 :    100    2 0.10 -14.44 0.54 50.00  10.0  12.0,0.00 0.00 0.00 89.38 0.54 50.00 0.10 -14.44 6 63 6 63 10.0% 12.0% 50.000 0.000 0.00 -4.90 0.00  1.96 0.00  98.00 0.0% | 1200.00  -40.00 HI -50.00 -50.00
2026-09-27T09:08:40.812,DEMO,DEMO,DEMO_MODE,24f8f9829bf14f26914a962224c1ad3a,F1 :    200    2 0.10 -14.44 0.54 50.00  20.0  16.0,0.00 0.00 0.00 89.38 0.54 50.00 0.10 -14.44 6 63 6 63 20.0% 16.0% 100.000 0.000 0.00 -4.90 0.00  1.98 0.00 198.00 0.0% | 1200.00  -30.00 HI -50.00 -50.00
2026-09-27T09:08:40.933,DEMO,DEMO,DEMO_MODE,24f8f9829bf14f26914a962224c1ad3a,F1 :    200    2 0.10 -14.44 0.54 50.00  20.0  16.0,0.00 0.00 0.00 89.38 0.54 50.00 0.10 -14.44 6 63 6 63 20.0% 16.0% 100.000 0.000 0.00 -4.90 0.00  1.98 0.00 198.00 0.0% | 1200.00  -30.00 HI -50.00 -50.00
2026-09-27T09:08:41.054,DEMO,DEMO,DEMO_MODE,24f8f9829bf14f26914a962224c1ad3a,F1 :    200    2 0.10 -14.44 0.54 50.00  20.0  16.0,0.00 0.00 0.00 89.38 0.54 50.00 0.10 -14.44 6 63 6 63 20.0% 16.0% 100.000 0.000 0.00 -4.90 0.00  1.98 0.00 198.00 0.0% | 1200.00  -30.00 HI -50.00 -50.00
2026-09-27T09:08:41.174,DEMO,DEMO,DEMO_MODE,24f8f9829bf14f26914a962224c1ad3a,F1 :    200    2 0.10 -14.44 0.54 50.00  20.0  16.0,0.00 0.00 0.00 89.38 0.54 50.00 0.10 -14.44 6 63 6 63 20.0% 16.0% 100.000 0.000 0.00 -4.90 0.00  1.98 0.00 198.00 0.0% | 1200.00  -30.00 HI -50.00 -50.00
2026-09-27T09:08:41.295,DEMO,DEMO,DEMO_MODE,24f8f9829bf14f26914a962224c1ad3a,F1 :    200    2 0.10 -14.44 0.54 50.00  20.0  16.0,0.00 0.00 0.00 89.38 0.54 50.00 0.10 -14.44 6 63 6 63 20.0% 16.0% 100.000 0.000 0.00 -4.90 0.00  1.98 0.00 198.00 0.0% | 1200.00  -30.00 HI -50.00 -50.00
2026-09-27T09:08:41.417,DEMO,DEMO,DEMO_MODE,24f8f9829bf14f26914a962224c1ad3a,F1 :    200    2 0.10 -14.44 0.54 50.00  20.0  16.0,0.00 0.00 0.00 89.38 0.54 50.00 0.10 -14.44 6 63 6 63 20.0% 16.0% 100.000 0.000 0.00 -4.90 0.00  1.98 0.00 198.00 0.0% | 1200.00  -30.00 HI -50.00 -50.00
2026-09-27T09:08:41.537,DEMO,DEMO,DEMO_MODE,24f8f9829bf14f26914a962224c1ad3a,F1 :    200    2 0.10 -14.44 0.54 50.00  20.0  16.0,0.00 0.00 0.00 89.38 0.54 50.00 0.10 -14.44 6 63 6 63 20.0% 16.0% 100.000 0.000 0.00 -4.90 0.00  1.98 0.00 198.00 0.0% | 1200.00  -30.00 HI -50.00 -50.00
2026-09-27T09:08:41.660,DEMO,DEMO,DEMO_MODE,24f8f9829bf14f26914a962224c1ad3a,F1 :    200    2 0.10 -14.44 0.54 50.00  20.0  16.0,0.00 0.00 0.00 89.38 0.54 50.00 0.10 -14.44 6 63 6 63 20.0% 16.0% 100.000 0.000 0.00 -4.90 0.00  1.98 0.00 198.00 0.0% | 1200.00  -30.00 HI -50.00 -50.00
2026-09-27T09:08:41.782,DEMO,DEMO,DEMO_MODE,24f8f9829bf14f26914a962224c1ad3a,F1 :    200    2 0.10 -14.44 0.54 50.00  20.0  16.0,0.00 0.00 0.00 89.38 0.54 50.00 0.10 -14.44 6 63 6 63 20.0% 16.0% 100.000 0.000 0.00 -4.90 0.00  1.98 0.00 198.00 0.0% | 1200.00  -30.00 HI -50.00 -50.00
2026-09-27T09:08:41.907,DEMO,DEMO,DEMO_MODE,24f8f9829bf14f26914a962224c1ad3a,F1 :    200    2 0.10 -14.44 0.54 50.00  20.0  16.0,0.00 0.00 0.00 89.38 0.54 50.00 0.10 -14.44 6 63 6 63 20.0% 16.0% 100.000 0.000 0.00 -4.90 0.00  1.98 0.00 198.00 0.0% | 1200.00  -30.00 HI -50.00 -50.00
2026-09-27T09:08:42.027,DEMO,DEMO,DEMO_MODE,24f8f9829bf14f26914a962224c1ad3a,F1 :    200    2 0.10 -14.44 0.54 50.00  20.0  16.0,0.00 0.00 0.00 89.38 0.54 50.00 0.10 -14.44 6 63 6 63 20.0% 16.0% 100.000 0.000 0.00 -4.90 0.00  1.98 0.00 198.00 0.0% | 1200.00  -30.00 HI -50.00 -50.00
2026-09-27T09:08:42.153,DEMO,DEMO,DEMO_MODE,24f8f9829bf14f26914a962224c1ad3a,F1 :    200    2 0.10 -14.44 0.54 50.00  20.0  16.0,0.00 0.00 0.00 89.38 0.54 50.00 0.10 -14.44 6 63 6 63 20.0% 16.0% 100.000 0.000 0.00 -4.90 0.00  1.98 0.00 198.00 0.0% | 1200.00  -30.00 HI -50.00 -50.00
2026-09-27T09:08:42.274,DEMO,DEMO,DEMO_MODE,24f8f9829bf14f26914a962224c1ad3a,F1 :    200    2 0.10 -14.44 0.54 50.00  20.0  16.0,0.00 0.00 0.00 89.38 0.54 50.00 0.10 -14.44 6 63 6 63 20.0% 16.0% 100.000 0.000 0.00 -4.90 0.00  1.98 0.00 198.00 0.0% | 1200.00  -30.00 HI -50.00 -50.00
2026-09-27T09:08:42.395,DEMO,DEMO,DEMO_MODE,24f8f9829bf14f26914a962224c1ad3a,F1 :    200    2 0.10 -14.44 0.54 50.00  20.0  16.0,0.00 0.00 0.00 89.38 0.54 50.00 0.10 -14.44 6 63 6 63 20.0% 16.0% 100.000 0.000 0.00 -4.90 0.00  1.98 0.00 198.00 0.0% | 1200.00  -30.00 HI -50.00 -50.00
2026-09-27T09:08:42.515,DEMO,DEMO,DEMO_MODE,24f8f9829bf14f26914a962224c1ad3a,F1 :    200    2 0.10 -14.44 0.54 50.00  20.0  16.0,0.00 0.00 0.00 89.38 0.54 50.00 0.10 -14.44 6 63 6 63 20.0% 16.0% 100.000 0.000 0.00 -4.90 0.00  1.98 0.00 198.00 0.0% | 1200.00  -30.00 HI -50.00 -50.00
2026-09-27T09:08:42.636,DEMO,DEMO,DEMO_MODE,24f8f9829bf14f26914a962224c1ad3a,F1 :    200    2 0.10 -14.44 0.54 50.00  20.0  16.0,0.00 0.00 0.00 89.38 0.54 50.00 0.10 -14.44 6 63 6 63 20.0% 16.0% 100.000 0.000 0.00 -4.90 0.00  1.98 0.00 198.00 0.0% | 1200.00  -30.00 HI -50.00 -50.00
2026-09-27T09:08:42.756,DEMO,DEMO,DEMO_MODE,24f8f9829bf14f26914a962224c1ad3a,F1 :    200    2 0.10 -14.44 0.54 50.00  20.0  16.0,0.00 0.00 0.00 89.38 0.54 50.00 0.10 -14.44 6 63 6 63 20.0% 16.0% 100.000 0.000 0.00 -4.90 0.00  1.98 0.00 198.00 0.0% | 1200.00  -30.00 HI -50.00 -50.00
2026-09-27T09:08:42.877,DEMO,DEMO,DEMO_MODE,24f8f9829bf14f26914a962224c1ad3a,F1 :    200    2 0.10 -14.44 0.54 50.00  20.0  16.0,0.00 0.00 0.00 89.38 0.54 50.00 0.10 -14.44 6 63 6 63 20.0% 16.0% 100.000 0.000 0.00 -4.90 0.00  1.98 0.00 198.00 0.0% | 1200.00  -30.00 HI -50.00 -50.00
2026-09-27T09:08:42.998,DEMO,DEMO,DEMO_MODE,24f8f9829bf14f26914a962224c1ad3a,F1 :    200    2 0.10 -14.44 0.54 50.00  20.0  16.0,0.00 0.00 0.00 89.38 0.54 50.00 0.10 -14.44 6 63 6 63 20.0% 16.0% 100.000 0.000 0.00 -4.90 0.00  1.98 0.00 198.00 0.0% | 1200.00  -30.00 HI -50.00 -50.00
2026-09-27T09:08:43.119,DEMO,DEMO,DEMO_MODE,24f8f9829bf14f26914a962224c1ad3a,F1 :    200    2 0.10 -14.44 0.54 50.00  20.0  16.0,0.00 0.00 0.00 89.38 0.54 50.00 0.10 -14.44 6 63 6 63 20.0% 16.0% 100.000 0.000 0.00 -4.90 0.00  1.98 0.00 198.00 0.0% | 1200.00  -30.00 HI -50.00 -50.00
2026-09-27T09:08:43.240,DEMO,DEMO,DEMO_MODE,24f8f9829bf14f26914a962224c1ad3a,F1 :    200    2 0.10 -14.44 0.54 50.00  20.0  16.0,0.00 0.00 0.00 89.38 0.54 50.00 0.10 -14.44 6 63 6 63 20.0% 16.0% 100.000 0.000 0.00 -4.90 0.00  1.98 0.00 198.00 0.0% | 1200.00  -30.00 HI -50.00 -50.00
2026-09-27T09:08:43.360,DEMO,DEMO,DEMO_MODE,24f8f9829bf14f26914a962224c1ad3a,F1 :    200    2 0.10 -14.44 0.54 50.00  20.0  16.0,0.00 0.00 0.00 89.38 0.54 50.00 0.10 -14.44 6 63 6 63 20.0% 16.0% 100.000 0.000 0.00 -4.90 0.00  1.98 0.00 198.00 0.0% | 1200.00  -30.00 HI -50.00 -50.00
2026-09-27T09:08:43.482,DEMO,DEMO,DEMO_MODE,24f8f9829bf14f26914a962224c1ad3a,F1 :    200    2 0.10 -14.44 0.54 50.00  20.0  16.0,0.00 0.00 0.00 89.38 0.54 50.00 0.10 -14.44 6 63 6 63 20.0% 16.0% 100.000 0.000 0.00 -4.90 0.00  1.98 0.00 198.00 0.0% | 1200.00  -30.00 HI -50.00 -50.00
2026-09-27T09:08:43.603,DEMO,DEMO,DEMO_MODE,24f8f9829bf14f26914a962224c1ad3a,F1 :    200    2 0.10 -14.44 0.54 50.00  20.0  16.0,0.00 0.00 0.00 89.38 0.54 50.00 0.10 -14.44 6 63 6 63 20.0% 16.0% 100.000 0.000 0.00 -4.90 0.00  1.98 0.00 198.00 0.0% | 1200.00  -30.00 HI -50.00 -50.00
2026-09-27T09:08:43.725,DEMO,DEMO,DEMO_MODE,24f8f9829bf14f26914a962224c1ad3a,F1 :    200    2 0.10 -14.44 0.54 50.00  20.0  16.0,0.00 0.00 0.00 89.38 0.54 50.00 0.10 -14.44 6 63 6 63 20.0% 16.0% 100.000 0.000 0.00 -4.90 0.00  1.98 0.00 198.00 0.0% | 1200.00  -30.00 HI -50.00 -50.00
2026-09-27T09:08:43.846,DEMO,DEMO,DEMO_MODE,24f8f9829bf14f26914a962224c1ad3a,F1 :    200    2 0.10 -14.44 0.54 50.00  20.0  16.0,0.00 0.00 0.00 89.38 0.54 50.00 0.10 -14.44 6 63 6 63 20.0% 16.0% 100.000 0.000 0.00 -4.90 0.00  1.98 0.00 198.00 0.0% | 1200.00  -30.00 HI -50.00 -50.00
2026-09-27T09:08:43.966,DEMO,DEMO,DEMO_MODE,24f8f9829bf14f26914a962224c1ad3a,F1 :    200    2 0.10 -14.44 0.54 50.00  20.0  16.0,0.00 0.00 0.00 89.38 0.54 50.00 0.10 -14.44 6 63 6 63 20.0% 16.0% 100.000 0.000 0.00 -4.90 0.00  1.98 0.00 198.00 0.0% | 1200.00  -30.00 HI -50.00 -50.00
2026-09-27T09:08:44.087,DEMO,DEMO,DEMO_MODE,24f8f9829bf14f26914a962224c1ad3a,F1 :    200    2 0.10 -14.44 0.54 50.00  20.0  16.0,0.00 0.00 0.00 89.38 0.54 50.00 0.10 -14.44 6 63 6 63 20.0% 16.0% 100.000 0.000 0.00 -4.90 0.00  1.98 0.00 198.00 0.0% | 1200.00  -30.00 HI -50.00 -50.00
2026-09-27T09:08:44.208,DEMO,DEMO,DEMO_MODE,24f8f9829bf14f26914a962224c1ad3a,F1 :    200    2 0.10 -14.44 0.54 50.00  20.0  16.0,0.00 0.00 0.00 89.38 0.54 50.00 0.10 -14.44 6 63 6 63 20.0% 16.0% 100.000 0.000 0.00 -4.90 0.00  1.98 0.00 198.00 0.0% | 1200.00  -30.00 HI -50.00 -50.00
2026-09-27T09:08:44.328,DEMO,DEMO,DEMO_MODE,24f8f9829bf14f26914a962224c1ad3a,F1 :    200    2 0.10 -14.44 0.54 50.00  20.0  16.0,0.00 0.00 0.00 89.38 0.54 50.00 0.10 -14.44 6 63 6 63 20.0% 16.0% 100.000 0.000 0.00 -4.90 0.00  1.98 0.00 198.00 0.0% | 1200.00  -30.00 HI -50.00 -50.00
2026-09-27T09:08:44.449,DEMO,DEMO,DEMO_MODE,24f8f9829bf14f26914a962224c1ad3a,F1 :    200    2 0.10 -14.44 0.54 50.00  20.0  16.0,0.00 0.00 0.00 89.38 0.54 50.00 0.10 -14.44 6 63 6 63 20.0% 16.0% 100.000 0.000 0.00 -4.90 0.00  1.98 0.00 198.00 0.0% | 1200.00  -30.00 HI -50.00 -50.00
2026-09-27T09:08:44.570,DEMO,DEMO,DEMO_MODE,24f8f9829bf14f26914a962224c1ad3a,F1 :    200    2 0.10 -14.44 0.54 50.00  20.0  16.0,0.00 0.00 0.00 89.38 0.54 50.00 0.10 -14.44 6 63 6 63 20.0% 16.0% 100.000 0.000 0.00 -4.90 0.00  1.98 0.00 198.00 0.0% | 1200.00  -30.00 HI -50.00 -50.00
2026-09-27T09:08:44.691,DEMO,DEMO,DEMO_MODE,24f8f9829bf14f26914a962224c1ad3a,F1 :    200    2 0.10 -14.44 0.54 50.00  20.0  16.0,0.00 0.00 0.00 89.38 0.54 50.00 0.10 -14.44 6 63 6 63 20.0% 16.0% 100.000 0.000 0.00 -4.90 0.00  1.98 0.00 198.00 0.0% | 1200.00  -30.00 HI -50.00 -50.00
2026-09-27T09:08:44.812,DEMO,DEMO,DEMO_MODE,24f8f9829bf14f26914a962224c1ad3a,F1 :    200    2 0.10 -14.44 0.54 50.00  20.0  16.0,0.00 0.00 0.00 89.38 0.54 50.00 0.10 -14.44 6 63 6 63 20.0% 16.0% 100.000 0.000 0.00 -4.90 0.00  1.98 0.00 198.00 0.0% | 1200.00  -30.00 HI -50.00 -50.00
2026-09-27T09:08:44.932,DEMO,DEMO,DEMO_MODE,24f8f9829bf14f26914a962224c1ad3a,F1 :    200    2 0.10 -14.44 0.54 50.00  20.0  16.0,0.00 0.00 0.00 89.38 0.54 50.00 0.10 -14.44 6 63 6 63 20.0% 16.0% 100.000 0.000 0.00 -4.90 0.00  1.98 0.00 198.00 0.0% | 1200.00  -30.00 HI -50.00 -50.00
2026-09-27T09:08:45.053,DEMO,DEMO,DEMO_MODE,24f8f9829bf14f26914a962224c1ad3a,F1 :    200    2 0.10 -14.44 0.54 50.00  20.0  16.0,0.00 0.00 0.00 89.38 0.54 50.00 0.10 -14.44 6 63 6 63 20.0% 16.0% 100.000 0.000 0.00 -4.90 0.00  1.98 0.00 198.00 0.0% | 1200.00  -30.00 HI -50.00 -50.00
2026-09-27T09:08:45.173,DEMO,DEMO,DEMO_MODE,24f8f9829bf14f26914a962224c1ad3a,F1 :    200    2 0.10 -14.44 0.54 50.00  20.0  16.0,0.00 0.00 0.00 89.38 0.54 50.00 0.10 -14.44 6 63 6 63 20.0% 16.0% 100.000 0.000 0.00 -4.90 0.00  1.98 0.00 198.00 0.0% | 1200.00  -30.00 HI -50.00 -50.00
2026-09-27T09:08:45.294,DEMO,DEMO,DEMO_MODE,24f8f9829bf14f26914a962224c1ad3a,F1 :    200    2 0.10 -14.44 0.54 50.00  20.0  16.0,0.00 0.00 0.00 89.38 0.54 50.00 0.10 -14.44 6 63 6 63 20.0% 16.0% 100.000 0.000 0.00 -4.90 0.00  1.98 0.00 198.00 0.0% | 1200.00  -30.00 HI -50.00 -50.00
2026-09-27T09:08:45.415,DEMO,DEMO,DEMO_MODE,24f8f9829bf14f26914a962224c1ad3a,F1 :    200    2 0.10 -14.44 0.54 50.00  20.0  16.0,0.00 0.00 0.00 89.38 0.54 50.00 0.10 -14.44 6 63 6 63 20.0% 16.0% 100.000 0.000 0.00 -4.90 0.00  1.98 0.00 198.00 0.0% | 1200.00  -30.00 HI -50.00 -50.00
2026-09-27T09:08:45.536,DEMO,DEMO,DEMO_MODE,24f8f9829bf14f26914a962224c1ad3a,F1 :    200    2 0.10 -14.44 0.54 50.00  20.0  16.0,0.00 0.00 0.00 89.38 0.54 50.00 0.10 -14.44 6 63 6 63 20.0% 16.0% 100.000 0.000 0.00 -4.90 0.00  1.98 0.00 198.00 0.0% | 1200.00  -30.00 HI -50.00 -50.00
2026-09-27T09:08:45.660,DEMO,DEMO,DEMO_MODE,24f8f9829bf14f26914a962224c1ad3a,F1 :    200    2 0.10 -14.44 0.54 50.00  20.0  16.0,0.00 0.00 0.00 89.38 0.54 50.00 0.10 -14.44 6 63 6 63 20.0% 16.0% 100.000 0.000 0.00 -4.90 0.00  1.98 0.00 198.00 0.0% | 1200.00  -30.00 HI -50.00 -50.00
2026-09-27T09:08:45.781,DEMO,DEMO,DEMO_MODE,24f8f9829bf14f26914a962224c1ad3a,F1 :    200    2 0.10 -14.44 0.54 50.00  20.0  16.0,0.00 0.00 0.00 89.38 0.54 50.00 0.10 -14.44 6 63 6 63 20.0% 16.0% 100.000 0.000 0.00 -4.90 0.00  1.98 0.00 198.00 0.0% | 1200.00  -30.00 HI -50.00 -50.00
2026-09-27T09:08:45.908,DEMO,DEMO,DEMO_MODE,24f8f9829bf14f26914a962224c1ad3a,F1 :    200    2 0.10 -14.44 0.54 50.00  20.0  20.0,0.00 0.00 0.00 89.38 0.54 50.00 0.10 -14.44 6 63 6 63 20.0% 20.0% 100.000 0.000 0.00 -4.90 0.00  1.98 0.00 198.00 0.0% | 1200.00  -30.00 HI -50.00 -50.00
2026-09-27T09:08:46.032,DEMO,DEMO,DEMO_MODE,24f8f9829bf14f26914a962224c1ad3a,F1 :    200    2 0.10 -14.44 0.54 50.00  20.0  20.0,0.00 0.00 0.00 89.38 0.54 50.00 0.10 -14.44 6 63 6 63 20.0% 20.0% 100.000 0.000 0.00 -4.90 0.00  1.98 0.00 198.00 0.0% | 1200.00  -30.00 HI -50.00 -50.00
2026-09-27T09:08:46.159,DEMO,DEMO,DEMO_MODE,24f8f9829bf14f26914a962224c1ad3a,F1 :    200    2 0.10 -14.44 0.54 50.00  20.0  20.0,0.00 0.00 0.00 89.38 0.54 50.00 0.10 -14.44 6 63 6 63 20.0% 20.0% 100.000 0.000 0.00 -4.90 0.00  1.98 0.00 198.00 0.0% | 1200.00  -30.00 HI -50.00 -50.00
2026-09-27T09:08:46.280,DEMO,DEMO,DEMO_MODE,24f8f9829bf14f26914a962224c1ad3a,F1 :    200    2 0.10 -14.44 0.54 50.00  20.0  20.0,0.00 0.00 0.00 89.38 0.54 50.00 0.10 -14.44 6 63 6 63 20.0% 20.0% 100.000 0.000 0.00 -4.90 0.00  1.98 0.00 198.00 0.0% | 1200.00  -30.00 HI -50.00 -50.00
2026-09-27T09:08:46.400,DEMO,DEMO,DEMO_MODE,24f8f9829bf14f26914a962224c1ad3a,F1 :    200    2 0.10 -14.44 0.54 50.00  20.0  20.0,0.00 0.00 0.00 89.38 0.54 50.00 0.10 -14.44 6 63 6 63 20.0% 20.0% 100.000 0.000 0.00 -4.90 0.00  1.98 0.00 198.00 0.0% | 1200.00  -30.00 HI -50.00 -50.00
2026-09-27T09:08:46.521,DEMO,DEMO,DEMO_MODE,24f8f9829bf14f26914a962224c1ad3a,F1 :    200    2 0.10 -14.44 0.54 50.00  20.0  20.0,0.00 0.00 0.00 89.38 0.54 50.00 0.10 -14.44 6 63 6 63 20.0% 20.0% 100.000 0.000 0.00 -4.90 0.00  1.98 0.00 198.00 0.0% | 1200.00  -30.00 HI -50.00 -50.00
2026-09-27T09:08:46.642,DEMO,DEMO,DEMO_MODE,24f8f9829bf14f26914a962224c1ad3a,F1 :    200    2 0.10 -14.44 0.54 50.00  20.0  20.0,0.00 0.00 0.00 89.38 0.54 50.00 0.10 -14.44 6 63 6 63 20.0% 20.0% 100.000 0.000 0.00 -4.90 0.00  1.98 0.00 198.00 0.0% | 1200.00  -30.00 HI -50.00 -50.00
2026-09-27T09:08:46.762,DEMO,DEMO,DEMO_MODE,24f8f9829bf14f26914a962224c1ad3a,F1 :    200    2 0.10 -14.44 0.54 50.00  20.0  20.0,0.00 0.00 0.00 89.38 0.54 50.00 0.10 -14.44 6 63 6 63 20.0% 20.0% 100.000 0.000 0.00 -4.90 0.00  1.98 0.00 198.00 0.0% | 1200.00  -30.00 HI -50.00 -50.00
2026-09-27T09:08:46.883,DEMO,DEMO,DEMO_MODE,24f8f9829bf14f26914a962224c1ad3a,F1 :    200    2 0.10 -14.44 0.54 50.00  20.0  20.0,0.00 0.00 0.00 89.38 0.54 50.00 0.10 -14.44 6 63 6 63 20.0% 20.0% 100.000 0.000 0.00 -4.90 0.00  1.98 0.00 198.00 0.0% | 1200.00  -30.00 HI -50.00 -50.00
2026-09-27T09:08:47.003,DEMO,DEMO,DEMO_MODE,24f8f9829bf14f26914a962224c1ad3a,F1 :    200    2 0.10 -14.44 0.54 50.00  20.0  20.0,0.00 0.00 0.00 89.38 0.54 50.00 0.10 -14.44 6 63 6 63 20.0% 20.0% 100.000 0.000 0.00 -4.90 0.00  1.98 0.00 198.00 0.0% | 1200.00  -30.00 HI -50.00 -50.00
2026-09-27T09:08:47.124,DEMO,DEMO,DEMO_MODE,24f8f9829bf14f26914a962224c1ad3a,F1 :    200    2 0.10 -14.44 0.54 50.00  20.0  20.0,0.00 0.00 0.00 89.38 0.54 50.00 0.10 -14.44 6 63 6 63 20.0% 20.0% 100.000 0.000 0.00 -4.90 0.00  1.98 0.00 198.00 0.0% | 1200.00  -30.00 HI -50.00 -50.00
2026-09-27T09:08:47.244,DEMO,DEMO,DEMO_MODE,24f8f9829bf14f26914a962224c1ad3a,F1 :    200    2 0.10 -14.44 0.54 50.00  20.0  20.0,0.00 0.00 0.00 89.38 0.54 50.00 0.10 -14.44 6 63 6 63 20.0% 20.0% 100.000 0.000 0.00 -4.90 0.00  1.98 0.00 198.00 0.0% | 1200.00  -30.00 HI -50.00 -50.00
2026-09-27T09:08:47.366,DEMO,DEMO,DEMO_MODE,24f8f9829bf14f26914a962224c1ad3a,F1 :    200    2 0.10 -14.44 0.54 50.00  20.0  20.0,0.00 0.00 0.00 89.38 0.54 50.00 0.10 -14.44 6 63 6 63 20.0% 20.0% 100.000 0.000 0.00 -4.90 0.00  1.98 0.00 198.00 0.0% | 1200.00  -30.00 HI -50.00 -50.00
2026-09-27T09:08:47.486,DEMO,DEMO,DEMO_MODE,24f8f9829bf14f26914a962224c1ad3a,F1 :    200    2 0.10 -14.44 0.54 50.00  20.0  20.0,0.00 0.00 0.00 89.38 0.54 50.00 0.10 -14.44 6 63 6 63 20.0% 20.0% 100.000 0.000 0.00 -4.90 0.00  1.98 0.00 198.00 0.0% | 1200.00  -30.00 HI -50.00 -50.00
2026-09-27T09:08:47.607,DEMO,DEMO,DEMO_MODE,24f8f9829bf14f26914a962224c1ad3a,F1 :    200    2 0.10 -14.44 0.54 50.00  20.0  20.0,0.00 0.00 0.00 89.38 0.54 50.00 0.10 -14.44 6 63 6 63 20.0% 20.0% 100.000 0.000 0.00 -4.90 0.00  1.98 0.00 198.00 0.0% | 1200.00  -30.00 HI -50.00 -50.00
2026-09-27T09:08:47.727,DEMO,DEMO,DEMO_MODE,24f8f9829bf14f26914a962224c1ad3a,F1 :    200    2 0.10 -14.44 0.54 50.00  20.0  20.0,0.00 0.00 0.00 89.38 0.54 50.00 0.10 -14.44 6 63 6 63 20.0% 20.0% 100.000 0.000 0.00 -4.90 0.00  1.98 0.00 198.00 0.0% | 1200.00  -30.00 HI -50.00 -50.00
2026-09-27T09:08:47.848,DEMO,DEMO,DEMO_MODE,24f8f9829bf14f26914a962224c1ad3a,F1 :    200    3 0.10 -14.44 0.54 50.00  20.0  20.0,0.00 0.00 0.00 89.38 0.54 50.00 0.10 -14.44 6 63 6 63 20.0% 20.0% 100.000 0.000 0.00 -4.90 0.00  1.97 0.00 197.00 0.0% | 1200.00  -30.00 HI -50.00 -50.00
2026-09-27T09:08:47.969,DEMO,DEMO,DEMO_MODE,24f8f9829bf14f26914a962224c1ad3a,F1 :    200    3 0.10 -14.44 0.54 50.00  20.0  20.0,0.00 0.00 0.00 89.38 0.54 50.00 0.10 -14.44 6 63 6 63 20.0% 20.0% 100.000 0.000 0.00 -4.90 0.00  1.97 0.00 197.00 0.0% | 1200.00  -30.00 HI -50.00 -50.00
2026-09-27T09:08:48.090,DEMO,DEMO,DEMO_MODE,24f8f9829bf14f26914a962224c1ad3a,F1 :    200    3 0.10 -14.44 0.54 50.00  20.0  20.0,0.00 0.00 0.00 89.38 0.54 50.00 0.10 -14.44 6 63 6 63 20.0% 20.0% 100.000 0.000 0.00 -4.90 0.00  1.97 0.00 197.00 0.0% | 1200.00  -30.00 HI -50.00 -50.00
2026-09-27T09:08:48.210,DEMO,DEMO,DEMO_MODE,24f8f9829bf14f26914a962224c1ad3a,F1 :    200    3 0.10 -14.44 0.54 50.00  20.0  20.0,0.00 0.00 0.00 89.38 0.54 50.00 0.10 -14.44 6 63 6 63 20.0% 20.0% 100.000 0.000 0.00 -4.90 0.00  1.97 0.00 197.00 0.0% | 1200.00  -30.00 HI -50.00 -50.00
2026-09-27T09:08:48.330,DEMO,DEMO,DEMO_MODE,24f8f9829bf14f26914a962224c1ad3a,F1 :    200    3 0.10 -14.44 0.54 50.00  20.0  20.0,0.00 0.00 0.00 89.38 0.54 50.00 0.10 -14.44 6 63 6 63 20.0% 20.0% 100.000 0.000 0.00 -4.90 0.00  1.97 0.00 197.00 0.0% | 1200.00  -30.00 HI -50.00 -50.00
2026-09-27T09:08:48.451,DEMO,DEMO,DEMO_MODE,24f8f9829bf14f26914a962224c1ad3a,F1 :    200    3 0.10 -14.44 0.54 50.00  20.0  20.0,0.00 0.00 0.00 89.38 0.54 50.00 0.10 -14.44 6 63 6 63 20.0% 20.0% 100.000 0.000 0.00 -4.90 0.00  1.97 0.00 197.00 0.0% | 1200.00  -30.00 HI -50.00 -50.00
2026-09-27T09:08:48.571,DEMO,DEMO,DEMO_MODE,24f8f9829bf14f26914a962224c1ad3a,F1 :    200    3 0.10 -14.44 0.54 50.00  20.0  20.0,0.00 0.00 0.00 89.38 0.54 50.00 0.10 -14.44 6 63 6 63 20.0% 20.0% 100.000 0.000 0.00 -4.90 0.00  1.97 0.00 197.00 0.0% | 1200.00  -30.00 HI -50.00 -50.00
2026-09-27T09:08:48.692,DEMO,DEMO,DEMO_MODE,24f8f9829bf14f26914a962224c1ad3a,F1 :    200    3 0.10 -14.44 0.54 50.00  20.0  20.0,0.00 0.00 0.00 89.38 0.54 50.00 0.10 -14.44 6 63 6 63 20.0% 20.0% 100.000 0.000 0.00 -4.90 0.00  1.97 0.00 197.00 0.0% | 1200.00  -30.00 HI -50.00 -50.00
2026-09-27T09:08:48.813,DEMO,DEMO,DEMO_MODE,24f8f9829bf14f26914a962224c1ad3a,F1 :    200    3 0.10 -14.44 0.54 50.00  20.0  20.0,0.00 0.00 0.00 89.38 0.54 50.00 0.10 -14.44 6 63 6 63 20.0% 20.0% 100.000 0.000 0.00 -4.90 0.00  1.97 0.00 197.00 0.0% | 1200.00  -30.00 HI -50.00 -50.00
2026-09-27T09:08:48.934,DEMO,DEMO,DEMO_MODE,24f8f9829bf14f26914a962224c1ad3a,F1 :    200    3 0.10 -14.44 0.54 50.00  20.0  20.0,0.00 0.00 0.00 89.38 0.54 50.00 0.10 -14.44 6 63 6 63 20.0% 20.0% 100.000 0.000 0.00 -4.90 0.00  1.97 0.00 197.00 0.0% | 1200.00  -30.00 HI -50.00 -50.00
2026-09-27T09:08:49.055,DEMO,DEMO,DEMO_MODE,24f8f9829bf14f26914a962224c1ad3a,F1 :    200    3 0.10 -14.44 0.54 50.00  20.0  20.0,0.00 0.00 0.00 89.38 0.54 50.00 0.10 -14.44 6 63 6 63 20.0% 20.0% 100.000 0.000 0.00 -4.90 0.00  1.97 0.00 197.00 0.0% | 1200.00  -30.00 HI -50.00 -50.00
2026-09-27T09:08:49.176,DEMO,DEMO,DEMO_MODE,24f8f9829bf14f26914a962224c1ad3a,F1 :    200    3 0.10 -14.44 0.54 50.00  20.0  20.0,0.00 0.00 0.00 89.38 0.54 50.00 0.10 -14.44 6 63 6 63 20.0% 20.0% 100.000 0.000 0.00 -4.90 0.00  1.97 0.00 197.00 0.0% | 1200.00  -30.00 HI -50.00 -50.00
2026-09-27T09:08:49.297,DEMO,DEMO,DEMO_MODE,24f8f9829bf14f26914a962224c1ad3a,F1 :    200    3 0.10 -14.44 0.54 50.00  20.0  20.0,0.00 0.00 0.00 89.38 0.54 50.00 0.10 -14.44 6 63 6 63 20.0% 20.0% 100.000 0.000 0.00 -4.90 0.00  1.97 0.00 197.00 0.0% | 1200.00  -30.00 HI -50.00 -50.00
2026-09-27T09:08:49.418,DEMO,DEMO,DEMO_MODE,24f8f9829bf14f26914a962224c1ad3a,F1 :    200    3 0.10 -14.44 0.54 50.00  20.0  20.0,0.00 0.00 0.00 89.38 0.54 50.00 0.10 -14.44 6 63 6 63 20.0% 20.0% 100.000 0.000 0.00 -4.90 0.00  1.97 0.00 197.00 0.0% | 1200.00  -30.00 HI -50.00 -50.00
2026-09-27T09:08:49.538,DEMO,DEMO,DEMO_MODE,24f8f9829bf14f26914a962224c1ad3a,F1 :    200    3 0.10 -14.44 0.54 50.00  20.0  20.0,0.00 0.00 0.00 89.38 0.54 50.00 0.10 -14.44 6 63 6 63 20.0% 20.0% 100.000 0.000 0.00 -4.90 0.00  1.97 0.00 197.00 0.0% | 1200.00  -30.00 HI -50.00 -50.00
2026-09-27T09:08:49.664,DEMO,DEMO,DEMO_MODE,24f8f9829bf14f26914a962224c1ad3a,F1 :    200    3 0.10 -14.44 0.54 50.00  20.0  20.0,0.00 0.00 0.00 89.38 0.54 50.00 0.10 -14.44 6 63 6 63 20.0% 20.0% 100.000 0.000 0.00 -4.90 0.00  1.97 0.00 197.00 0.0% | 1200.00  -30.00 HI -50.00 -50.00
2026-09-27T09:08:49.785,DEMO,DEMO,DEMO_MODE,24f8f9829bf14f26914a962224c1ad3a,F1 :    200    3 0.10 -14.44 0.54 50.00  20.0  20.0,0.00 0.00 0.00 89.38 0.54 50.00 0.10 -14.44 6 63 6 63 20.0% 20.0% 100.000 0.000 0.00 -4.90 0.00  1.97 0.00 197.00 0.0% | 1200.00  -30.00 HI -50.00 -50.00
2026-09-27T09:08:49.912,DEMO,DEMO,DEMO_MODE,24f8f9829bf14f26914a962224c1ad3a,F1 :    200    3 0.10 -14.44 0.54 50.00  20.0  20.0,0.00 0.00 0.00 89.38 0.54 50.00 0.10 -14.44 6 63 6 63 20.0% 20.0% 100.000 0.000 0.00 -4.90 0.00  1.97 0.00 197.00 0.0% | 1200.00  -30.00 HI -50.00 -50.00
2026-09-27T09:08:50.032,DEMO,DEMO,DEMO_MODE,24f8f9829bf14f26914a962224c1ad3a,F1 :    200    3 0.10 -14.44 0.54 50.00  20.0  20.0,0.00 0.00 0.00 89.38 0.54 50.00 0.10 -14.44 6 63 6 63 20.0% 20.0% 100.000 0.000 0.00 -4.90 0.00  1.97 0.00 197.00 0.0% | 1200.00  -30.00 HI -50.00 -50.00
2026-09-27T09:08:50.159,DEMO,DEMO,DEMO_MODE,24f8f9829bf14f26914a962224c1ad3a,F1 :    200    3 0.10 -14.44 0.54 50.00  20.0  20.0,0.00 0.00 0.00 89.38 0.54 50.00 0.10 -14.44 6 63 6 63 20.0% 20.0% 100.000 0.000 0.00 -4.90 0.00  1.97 0.00 197.00 0.0% | 1200.00  -30.00 HI -50.00 -50.00
2026-09-27T09:08:50.286,DEMO,DEMO,DEMO_MODE,24f8f9829bf14f26914a962224c1ad3a,F1 :    200    3 0.10 -14.44 0.54 50.00  20.0  20.0,0.00 0.00 0.00 89.38 0.54 50.00 0.10 -14.44 6 63 6 63 20.0% 20.0% 100.000 0.000 0.00 -4.90 0.00  1.97 0.00 197.00 0.0% | 1200.00  -30.00 HI -50.00 -50.00
2026-09-27T09:08:50.412,DEMO,DEMO,DEMO_MODE,24f8f9829bf14f26914a962224c1ad3a,F1 :    200    3 0.10 -14.44 0.54 50.00  20.0  20.0,0.00 0.00 0.00 89.38 0.54 50.00 0.10 -14.44 6 63 6 63 20.0% 20.0% 100.000 0.000 0.00 -4.90 0.00  1.97 0.00 197.00 0.0% | 1200.00  -30.00 HI -50.00 -50.00
2026-09-27T09:08:50.532,DEMO,DEMO,DEMO_MODE,24f8f9829bf14f26914a962224c1ad3a,F1 :    200    3 0.10 -14.44 0.54 50.00  20.0  20.0,0.00 0.00 0.00 89.38 0.54 50.00 0.10 -14.44 6 63 6 63 20.0% 20.0% 100.000 0.000 0.00 -4.90 0.00  1.97 0.00 197.00 0.0% | 1200.00  -30.00 HI -50.00 -50.00
2026-09-27T09:08:50.657,DEMO,DEMO,DEMO_MODE,24f8f9829bf14f26914a962224c1ad3a,F1 :    200    3 0.10 -14.44 0.54 50.00  20.0  20.0,0.00 0.00 0.00 89.38 0.54 50.00 0.10 -14.44 6 63 6 63 20.0% 20.0% 100.000 0.000 0.00 -4.90 0.00  1.97 0.00 197.00 0.0% | 1200.00  -30.00 HI -50.00 -50.00
2026-09-27T09:08:50.778,DEMO,DEMO,DEMO_MODE,24f8f9829bf14f26914a962224c1ad3a,F1 :    200    3 0.10 -14.44 0.54 50.00  20.0  20.0,0.00 0.00 0.00 89.38 0.54 50.00 0.10 -14.44 6 63 6 63 20.0% 20.0% 100.000 0.000 0.00 -4.90 0.00  1.97 0.00 197.00 0.0% | 1200.00  -30.00 HI -50.00 -50.00
2026-09-27T09:08:50.904,DEMO,DEMO,DEMO_MODE,24f8f9829bf14f26914a962224c1ad3a,F1 :    300    3 0.10 -14.44 0.54 50.00  30.0  24.0,0.00 0.00 0.00 89.38 0.54 50.00 0.10 -14.44 6 63 6 63 30.0% 24.0% 150.000 0.000 0.00 -4.90 0.00  1.98 0.00 297.00 0.0% | 1200.00  -20.00 HI -50.00 -50.00
2026-09-27T09:08:51.036,DEMO,DEMO,DEMO_MODE,24f8f9829bf14f26914a962224c1ad3a,F1 :    300    3 0.10 -14.44 0.54 50.00  30.0  24.0,0.00 0.00 0.00 89.38 0.54 50.00 0.10 -14.44 6 63 6 63 30.0% 24.0% 150.000 0.000 0.00 -4.90 0.00  1.98 0.00 297.00 0.0% | 1200.00  -20.00 HI -50.00 -50.00
2026-09-27T09:08:51.162,DEMO,DEMO,DEMO_MODE,24f8f9829bf14f26914a962224c1ad3a,F1 :    300    3 0.10 -14.44 0.54 50.00  30.0  24.0,0.00 0.00 0.00 89.38 0.54 50.00 0.10 -14.44 6 63 6 63 30.0% 24.0% 150.000 0.000 0.00 -4.90 0.00  1.98 0.00 297.00 0.0% | 1200.00  -20.00 HI -50.00 -50.00
2026-09-27T09:08:51.283,DEMO,DEMO,DEMO_MODE,24f8f9829bf14f26914a962224c1ad3a,F1 :    300    3 0.10 -14.44 0.54 50.00  30.0  24.0,0.00 0.00 0.00 89.38 0.54 50.00 0.10 -14.44 6 63 6 63 30.0% 24.0% 150.000 0.000 0.00 -4.90 0.00  1.98 0.00 297.00 0.0% | 1200.00  -20.00 HI -50.00 -50.00
2026-09-27T09:08:51.410,DEMO,DEMO,DEMO_MODE,24f8f9829bf14f26914a962224c1ad3a,F1 :    300    3 0.10 -14.44 0.54 50.00  30.0  24.0,0.00 0.00 0.00 89.38 0.54 50.00 0.10 -14.44 6 63 6 63 30.0% 24.0% 150.000 0.000 0.00 -4.90 0.00  1.98 0.00 297.00 0.0% | 1200.00  -20.00 HI -50.00 -50.00
2026-09-27T09:08:51.531,DEMO,DEMO,DEMO_MODE,24f8f9829bf14f26914a962224c1ad3a,F1 :    300    3 0.10 -14.44 0.54 50.00  30.0  24.0,0.00 0.00 0.00 89.38 0.54 50.00 0.10 -14.44 6 63 6 63 30.0% 24.0% 150.000 0.000 0.00 -4.90 0.00  1.98 0.00 297.00 0.0% | 1200.00  -20.00 HI -50.00 -50.00
2026-09-27T09:08:51.656,DEMO,DEMO,DEMO_MODE,24f8f9829bf14f26914a962224c1ad3a,F1 :    300    3 0.10 -14.44 0.54 50.00  30.0  24.0,0.00 0.00 0.00 89.38 0.54 50.00 0.10 -14.44 6 63 6 63 30.0% 24.0% 150.000 0.000 0.00 -4.90 0.00  1.98 0.00 297.00 0.0% | 1200.00  -20.00 HI -50.00 -50.00
2026-09-27T09:08:51.777,DEMO,DEMO,DEMO_MODE,24f8f9829bf14f26914a962224c1ad3a,F1 :    300    3 0.10 -14.44 0.54 50.00  30.0  24.0,0.00 0.00 0.00 89.38 0.54 50.00 0.10 -14.44 6 63 6 63 30.0% 24.0% 150.000 0.000 0.00 -4.90 0.00  1.98 0.00 297.00 0.0% | 1200.00  -20.00 HI -50.00 -50.00
2026-09-27T09:08:51.903,DEMO,DEMO,DEMO_MODE,24f8f9829bf14f26914a962224c1ad3a,F1 :    300    3 0.10 -14.44 0.54 50.00  30.0  24.0,0.00 0.00 0.00 89.38 0.54 50.00 0.10 -14.44 6 63 6 63 30.0% 24.0% 150.000 0.000 0.00 -4.90 0.00  1.98 0.00 297.00 0.0% | 1200.00  -20.00 HI -50.00 -50.00
2026-09-27T09:08:52.023,DEMO,DEMO,DEMO_MODE,24f8f9829bf14f26914a962224c1ad3a,F1 :    300    3 0.10 -14.44 0.54 50.00  30.0  24.0,0.00 0.00 0.00 89.38 0.54 50.00 0.10 -14.44 6 63 6 63 30.0% 24.0% 150.000 0.000 0.00 -4.90 0.00  1.98 0.00 297.00 0.0% | 1200.00  -20.00 HI -50.00 -50.00
2026-09-27T09:08:52.144,DEMO,DEMO,DEMO_MODE,24f8f9829bf14f26914a962224c1ad3a,F1 :    300    3 0.10 -14.44 0.54 50.00  30.0  24.0,0.00 0.00 0.00 89.38 0.54 50.00 0.10 -14.44 6 63 6 63 30.0% 24.0% 150.000 0.000 0.00 -4.90 0.00  1.98 0.00 297.00 0.0% | 1200.00  -20.00 HI -50.00 -50.00
2026-09-27T09:08:52.264,DEMO,DEMO,DEMO_MODE,24f8f9829bf14f26914a962224c1ad3a,F1 :    300    3 0.10 -14.44 0.54 50.00  30.0  24.0,0.00 0.00 0.00 89.38 0.54 50.00 0.10 -14.44 6 63 6 63 30.0% 24.0% 150.000 0.000 0.00 -4.90 0.00  1.98 0.00 297.00 0.0% | 1200.00  -20.00 HI -50.00 -50.00
2026-09-27T09:08:52.386,DEMO,DEMO,DEMO_MODE,24f8f9829bf14f26914a962224c1ad3a,F1 :    300    3 0.10 -14.44 0.54 50.00  30.0  24.0,0.00 0.00 0.00 89.38 0.54 50.00 0.10 -14.44 6 63 6 63 30.0% 24.0% 150.000 0.000 0.00 -4.90 0.00  1.98 0.00 297.00 0.0% | 1200.00  -20.00 HI -50.00 -50.00
2026-09-27T09:08:52.507,DEMO,DEMO,DEMO_MODE,24f8f9829bf14f26914a962224c1ad3a,F1 :    300    3 0.10 -14.44 0.54 50.00  30.0  24.0,0.00 0.00 0.00 89.38 0.54 50.00 0.10 -14.44 6 63 6 63 30.0% 24.0% 150.000 0.000 0.00 -4.90 0.00  1.98 0.00 297.00 0.0% | 1200.00  -20.00 HI -50.00 -50.00
2026-09-27T09:08:52.627,DEMO,DEMO,DEMO_MODE,24f8f9829bf14f26914a962224c1ad3a,F1 :    300    3 0.10 -14.44 0.54 50.00  30.0  24.0,0.00 0.00 0.00 89.38 0.54 50.00 0.10 -14.44 6 63 6 63 30.0% 24.0% 150.000 0.000 0.00 -4.90 0.00  1.98 0.00 297.00 0.0% | 1200.00  -20.00 HI -50.00 -50.00
2026-09-27T09:08:52.748,DEMO,DEMO,DEMO_MODE,24f8f9829bf14f26914a962224c1ad3a,F1 :    300    3 0.10 -14.44 0.54 50.00  30.0  24.0,0.00 0.00 0.00 89.38 0.54 50.00 0.10 -14.44 6 63 6 63 30.0% 24.0% 150.000 0.000 0.00 -4.90 0.00  1.98 0.00 297.00 0.0% | 1200.00  -20.00 HI -50.00 -50.00
2026-09-27T09:08:52.868,DEMO,DEMO,DEMO_MODE,24f8f9829bf14f26914a962224c1ad3a,F1 :    300    3 0.10 -14.44 0.54 50.00  30.0  24.0,0.00 0.00 0.00 89.38 0.54 50.00 0.10 -14.44 6 63 6 63 30.0% 24.0% 150.000 0.000 0.00 -4.90 0.00  1.98 0.00 297.00 0.0% | 1200.00  -20.00 HI -50.00 -50.00
2026-09-27T09:08:52.989,DEMO,DEMO,DEMO_MODE,24f8f9829bf14f26914a962224c1ad3a,F1 :    300    3 0.10 -14.44 0.54 50.00  30.0  24.0,0.00 0.00 0.00 89.38 0.54 50.00 0.10 -14.44 6 63 6 63 30.0% 24.0% 150.000 0.000 0.00 -4.90 0.00  1.98 0.00 297.00 0.0% | 1200.00  -20.00 HI -50.00 -50.00
2026-09-27T09:08:53.110,DEMO,DEMO,DEMO_MODE,24f8f9829bf14f26914a962224c1ad3a,F1 :    300    3 0.10 -14.44 0.54 50.00  30.0  24.0,0.00 0.00 0.00 89.38 0.54 50.00 0.10 -14.44 6 63 6 63 30.0% 24.0% 150.000 0.000 0.00 -4.90 0.00  1.98 0.00 297.00 0.0% | 1200.00  -20.00 HI -50.00 -50.00
2026-09-27T09:08:53.231,DEMO,DEMO,DEMO_MODE,24f8f9829bf14f26914a962224c1ad3a,F1 :    300    3 0.10 -14.44 0.54 50.00  30.0  24.0,0.00 0.00 0.00 89.38 0.54 50.00 0.10 -14.44 6 63 6 63 30.0% 24.0% 150.000 0.000 0.00 -4.90 0.00  1.98 0.00 297.00 0.0% | 1200.00  -20.00 HI -50.00 -50.00
2026-09-27T09:08:53.352,DEMO,DEMO,DEMO_MODE,24f8f9829bf14f26914a962224c1ad3a,F1 :    300    3 0.10 -14.44 0.54 50.00  30.0  24.0,0.00 0.00 0.00 89.38 0.54 50.00 0.10 -14.44 6 63 6 63 30.0% 24.0% 150.000 0.000 0.00 -4.90 0.00  1.98 0.00 297.00 0.0% | 1200.00  -20.00 HI -50.00 -50.00
2026-09-27T09:08:53.472,DEMO,DEMO,DEMO_MODE,24f8f9829bf14f26914a962224c1ad3a,F1 :    300    3 0.10 -14.44 0.54 50.00  30.0  24.0,0.00 0.00 0.00 89.38 0.54 50.00 0.10 -14.44 6 63 6 63 30.0% 24.0% 150.000 0.000 0.00 -4.90 0.00  1.98 0.00 297.00 0.0% | 1200.00  -20.00 HI -50.00 -50.00
2026-09-27T09:08:53.593,DEMO,DEMO,DEMO_MODE,24f8f9829bf14f26914a962224c1ad3a,F1 :    300    3 0.10 -14.44 0.54 50.00  30.0  24.0,0.00 0.00 0.00 89.38 0.54 50.00 0.10 -14.44 6 63 6 63 30.0% 24.0% 150.000 0.000 0.00 -4.90 0.00  1.98 0.00 297.00 0.0% | 1200.00  -20.00 HI -50.00 -50.00
2026-09-27T09:08:53.713,DEMO,DEMO,DEMO_MODE,24f8f9829bf14f26914a962224c1ad3a,F1 :    300    3 0.10 -14.44 0.54 50.00  30.0  24.0,0.00 0.00 0.00 89.38 0.54 50.00 0.10 -14.44 6 63 6 63 30.0% 24.0% 150.000 0.000 0.00 -4.90 0.00  1.98 0.00 297.00 0.0% | 1200.00  -20.00 HI -50.00 -50.00
2026-09-27T09:08:53.835,DEMO,DEMO,DEMO_MODE,24f8f9829bf14f26914a962224c1ad3a,F1 :    300    3 0.10 -14.44 0.54 50.00  30.0  24.0,0.00 0.00 0.00 89.38 0.54 50.00 0.10 -14.44 6 63 6 63 30.0% 24.0% 150.000 0.000 0.00 -4.90 0.00  1.98 0.00 297.00 0.0% | 1200.00  -20.00 HI -50.00 -50.00
2026-09-27T09:08:53.955,DEMO,DEMO,DEMO_MODE,24f8f9829bf14f26914a962224c1ad3a,F1 :    300    3 0.10 -14.44 0.54 50.00  30.0  24.0,0.00 0.00 0.00 89.38 0.54 50.00 0.10 -14.44 6 63 6 63 30.0% 24.0% 150.000 0.000 0.00 -4.90 0.00  1.98 0.00 297.00 0.0% | 1200.00  -20.00 HI -50.00 -50.00
2026-09-27T09:08:54.076,DEMO,DEMO,DEMO_MODE,24f8f9829bf14f26914a962224c1ad3a,F1 :    300    3 0.10 -14.44 0.54 50.00  30.0  24.0,0.00 0.00 0.00 89.38 0.54 50.00 0.10 -14.44 6 63 6 63 30.0% 24.0% 150.000 0.000 0.00 -4.90 0.00  1.98 0.00 297.00 0.0% | 1200.00  -20.00 HI -50.00 -50.00
2026-09-27T09:08:54.197,DEMO,DEMO,DEMO_MODE,24f8f9829bf14f26914a962224c1ad3a,F1 :    300    3 0.10 -14.44 0.54 50.00  30.0  24.0,0.00 0.00 0.00 89.38 0.54 50.00 0.10 -14.44 6 63 6 63 30.0% 24.0% 150.000 0.000 0.00 -4.90 0.00  1.98 0.00 297.00 0.0% | 1200.00  -20.00 HI -50.00 -50.00
2026-09-27T09:08:54.318,DEMO,DEMO,DEMO_MODE,24f8f9829bf14f26914a962224c1ad3a,F1 :    300    3 0.10 -14.44 0.54 50.00  30.0  24.0,0.00 0.00 0.00 89.38 0.54 50.00 0.10 -14.44 6 63 6 63 30.0% 24.0% 150.000 0.000 0.00 -4.90 0.00  1.98 0.00 297.00 0.0% | 1200.00  -20.00 HI -50.00 -50.00
2026-09-27T09:08:54.439,DEMO,DEMO,DEMO_MODE,24f8f9829bf14f26914a962224c1ad3a,F1 :    300    3 0.10 -14.44 0.54 50.00  30.0  24.0,0.00 0.00 0.00 89.38 0.54 50.00 0.10 -14.44 6 63 6 63 30.0% 24.0% 150.000 0.000 0.00 -4.90 0.00  1.98 0.00 297.00 0.0% | 1200.00  -20.00 HI -50.00 -50.00
2026-09-27T09:08:54.560,DEMO,DEMO,DEMO_MODE,24f8f9829bf14f26914a962224c1ad3a,F1 :    300    3 0.10 -14.44 0.54 50.00  30.0  24.0,0.00 0.00 0.00 89.38 0.54 50.00 0.10 -14.44 6 63 6 63 30.0% 24.0% 150.000 0.000 0.00 -4.90 0.00  1.98 0.00 297.00 0.0% | 1200.00  -20.00 HI -50.00 -50.00
2026-09-27T09:08:54.680,DEMO,DEMO,DEMO_MODE,24f8f9829bf14f26914a962224c1ad3a,F1 :    300    3 0.10 -14.44 0.54 50.00  30.0  24.0,0.00 0.00 0.00 89.38 0.54 50.00 0.10 -14.44 6 63 6 63 30.0% 24.0% 150.000 0.000 0.00 -4.90 0.00  1.98 0.00 297.00 0.0% | 1200.00  -20.00 HI -50.00 -50.00
2026-09-27T09:08:54.801,DEMO,DEMO,DEMO_MODE,24f8f9829bf14f26914a962224c1ad3a,F1 :    300    3 0.10 -14.44 0.54 50.00  30.0  24.0,0.00 0.00 0.00 89.38 0.54 50.00 0.10 -14.44 6 63 6 63 30.0% 24.0% 150.000 0.000 0.00 -4.90 0.00  1.98 0.00 297.00 0.0% | 1200.00  -20.00 HI -50.00 -50.00
2026-09-27T09:08:54.926,DEMO,DEMO,DEMO_MODE,24f8f9829bf14f26914a962224c1ad3a,F1 :    300    3 0.10 -14.44 0.54 50.00  30.0  24.0,0.00 0.00 0.00 89.38 0.54 50.00 0.10 -14.44 6 63 6 63 30.0% 24.0% 150.000 0.000 0.00 -4.90 0.00  1.98 0.00 297.00 0.0% | 1200.00  -20.00 HI -50.00 -50.00
2026-09-27T09:08:55.047,DEMO,DEMO,DEMO_MODE,24f8f9829bf14f26914a962224c1ad3a,F1 :    300    3 0.10 -14.44 0.54 50.00  30.0  24.0,0.00 0.00 0.00 89.38 0.54 50.00 0.10 -14.44 6 63 6 63 30.0% 24.0% 150.000 0.000 0.00 -4.90 0.00  1.98 0.00 297.00 0.0% | 1200.00  -20.00 HI -50.00 -50.00
2026-09-27T09:08:55.170,DEMO,DEMO,DEMO_MODE,24f8f9829bf14f26914a962224c1ad3a,F1 :    300    3 0.10 -14.44 0.54 50.00  30.0  24.0,0.00 0.00 0.00 89.38 0.54 50.00 0.10 -14.44 6 63 6 63 30.0% 24.0% 150.000 0.000 0.00 -4.90 0.00  1.98 0.00 297.00 0.0% | 1200.00  -20.00 HI -50.00 -50.00
2026-09-27T09:08:55.291,DEMO,DEMO,DEMO_MODE,24f8f9829bf14f26914a962224c1ad3a,F1 :    300    3 0.10 -14.44 0.54 50.00  30.0  24.0,0.00 0.00 0.00 89.38 0.54 50.00 0.10 -14.44 6 63 6 63 30.0% 24.0% 150.000 0.000 0.00 -4.90 0.00  1.98 0.00 297.00 0.0% | 1200.00  -20.00 HI -50.00 -50.00
2026-09-27T09:08:55.418,DEMO,DEMO,DEMO_MODE,24f8f9829bf14f26914a962224c1ad3a,F1 :    300    3 0.10 -14.44 0.54 50.00  30.0  24.0,0.00 0.00 0.00 89.38 0.54 50.00 0.10 -14.44 6 63 6 63 30.0% 24.0% 150.000 0.000 0.00 -4.90 0.00  1.98 0.00 297.00 0.0% | 1200.00  -20.00 HI -50.00 -50.00
2026-09-27T09:08:55.538,DEMO,DEMO,DEMO_MODE,24f8f9829bf14f26914a962224c1ad3a,F1 :    300    3 0.10 -14.44 0.54 50.00  30.0  24.0,0.00 0.00 0.00 89.38 0.54 50.00 0.10 -14.44 6 63 6 63 30.0% 24.0% 150.000 0.000 0.00 -4.90 0.00  1.98 0.00 297.00 0.0% | 1200.00  -20.00 HI -50.00 -50.00
2026-09-27T09:08:55.665,DEMO,DEMO,DEMO_MODE,24f8f9829bf14f26914a962224c1ad3a,F1 :    300    3 0.10 -14.44 0.54 50.00  30.0  24.0,0.00 0.00 0.00 89.38 0.54 50.00 0.10 -14.44 6 63 6 63 30.0% 24.0% 150.000 0.000 0.00 -4.90 0.00  1.98 0.00 297.00 0.0% | 1200.00  -20.00 HI -50.00 -50.00
2026-09-27T09:08:55.786,DEMO,DEMO,DEMO_MODE,24f8f9829bf14f26914a962224c1ad3a,F1 :    300    3 0.10 -14.44 0.54 50.00  30.0  24.0,0.00 0.00 0.00 89.38 0.54 50.00 0.10 -14.44 6 63 6 63 30.0% 24.0% 150.000 0.000 0.00 -4.90 0.00  1.98 0.00 297.00 0.0% | 1200.00  -20.00 HI -50.00 -50.00
2026-09-27T09:08:55.912,DEMO,DEMO,DEMO_MODE,24f8f9829bf14f26914a962224c1ad3a,F1 :    300    3 0.10 -14.44 0.54 50.00  30.0  24.0,0.00 0.00 0.00 89.38 0.54 50.00 0.10 -14.44 6 63 6 63 30.0% 24.0% 150.000 0.000 0.00 -4.90 0.00  1.98 0.00 297.00 0.0% | 1200.00  -20.00 HI -50.00 -50.00
2026-09-27T09:08:56.032,DEMO,DEMO,DEMO_MODE,24f8f9829bf14f26914a962224c1ad3a,F1 :    300    3 0.10 -14.44 0.54 50.00  30.0  28.0,0.00 0.00 0.00 89.38 0.54 50.00 0.10 -14.44 6 63 6 63 30.0% 28.0% 150.000 0.000 0.00 -4.90 0.00  1.98 0.00 297.00 0.0% | 1200.00  -20.00 HI -50.00 -50.00
2026-09-27T09:08:56.158,DEMO,DEMO,DEMO_MODE,24f8f9829bf14f26914a962224c1ad3a,F1 :    300    3 0.10 -14.44 0.54 50.00  30.0  28.0,0.00 0.00 0.00 89.38 0.54 50.00 0.10 -14.44 6 63 6 63 30.0% 28.0% 150.000 0.000 0.00 -4.90 0.00  1.98 0.00 297.00 0.0% | 1200.00  -20.00 HI -50.00 -50.00
2026-09-27T09:08:56.292,DEMO,DEMO,DEMO_MODE,24f8f9829bf14f26914a962224c1ad3a,F1 :    300    3 0.10 -14.44 0.54 50.00  30.0  28.0,0.00 0.00 0.00 89.38 0.54 50.00 0.10 -14.44 6 63 6 63 30.0% 28.0% 150.000 0.000 0.00 -4.90 0.00  1.98 0.00 297.00 0.0% | 1200.00  -20.00 HI -50.00 -50.00
2026-09-27T09:08:56.418,DEMO,DEMO,DEMO_MODE,24f8f9829bf14f26914a962224c1ad3a,F1 :    300    3 0.10 -14.44 0.54 50.00  30.0  28.0,0.00 0.00 0.00 89.38 0.54 50.00 0.10 -14.44 6 63 6 63 30.0% 28.0% 150.000 0.000 0.00 -4.90 0.00  1.98 0.00 297.00 0.0% | 1200.00  -20.00 HI -50.00 -50.00
2026-09-27T09:08:56.538,DEMO,DEMO,DEMO_MODE,24f8f9829bf14f26914a962224c1ad3a,F1 :    300    3 0.10 -14.44 0.54 50.00  30.0  28.0,0.00 0.00 0.00 89.38 0.54 50.00 0.10 -14.44 6 63 6 63 30.0% 28.0% 150.000 0.000 0.00 -4.90 0.00  1.98 0.00 297.00 0.0% | 1200.00  -20.00 HI -50.00 -50.00
2026-09-27T09:08:56.665,DEMO,DEMO,DEMO_MODE,24f8f9829bf14f26914a962224c1ad3a,F1 :    300    3 0.10 -14.44 0.54 50.00  30.0  28.0,0.00 0.00 0.00 89.38 0.54 50.00 0.10 -14.44 6 63 6 63 30.0% 28.0% 150.000 0.000 0.00 -4.90 0.00  1.98 0.00 297.00 0.0% | 1200.00  -20.00 HI -50.00 -50.00
2026-09-27T09:08:56.786,DEMO,DEMO,DEMO_MODE,24f8f9829bf14f26914a962224c1ad3a,F1 :    300    3 0.10 -14.44 0.54 50.00  30.0  28.0,0.00 0.00 0.00 89.38 0.54 50.00 0.10 -14.44 6 63 6 63 30.0% 28.0% 150.000 0.000 0.00 -4.90 0.00  1.98 0.00 297.00 0.0% | 1200.00  -20.00 HI -50.00 -50.00
2026-09-27T09:08:56.912,DEMO,DEMO,DEMO_MODE,24f8f9829bf14f26914a962224c1ad3a,F1 :    300    3 0.10 -14.44 0.54 50.00  30.0  28.0,0.00 0.00 0.00 89.38 0.54 50.00 0.10 -14.44 6 63 6 63 30.0% 28.0% 150.000 0.000 0.00 -4.90 0.00  1.98 0.00 297.00 0.0% | 1200.00  -20.00 HI -50.00 -50.00
2026-09-27T09:08:57.032,DEMO,DEMO,DEMO_MODE,24f8f9829bf14f26914a962224c1ad3a,F1 :    300    4 0.10 -14.44 0.54 50.00  30.0  28.0,0.00 0.00 0.00 89.38 0.54 50.00 0.10 -14.44 6 63 6 63 30.0% 28.0% 150.000 0.000 0.00 -4.90 0.00  1.97 0.00 296.00 0.0% | 1200.00  -20.00 HI -50.00 -50.00
2026-09-27T09:08:57.158,DEMO,DEMO,DEMO_MODE,24f8f9829bf14f26914a962224c1ad3a,F1 :    300    4 0.10 -14.44 0.54 50.00  30.0  28.0,0.00 0.00 0.00 89.38 0.54 50.00 0.10 -14.44 6 63 6 63 30.0% 28.0% 150.000 0.000 0.00 -4.90 0.00  1.97 0.00 296.00 0.0% | 1200.00  -20.00 HI -50.00 -50.00
2026-09-27T09:08:57.279,DEMO,DEMO,DEMO_MODE,24f8f9829bf14f26914a962224c1ad3a,F1 :    300    4 0.10 -14.44 0.54 50.00  30.0  28.0,0.00 0.00 0.00 89.38 0.54 50.00 0.10 -14.44 6 63 6 63 30.0% 28.0% 150.000 0.000 0.00 -4.90 0.00  1.97 0.00 296.00 0.0% | 1200.00  -20.00 HI -50.00 -50.00
2026-09-27T09:08:57.405,DEMO,DEMO,DEMO_MODE,24f8f9829bf14f26914a962224c1ad3a,F1 :    300    4 0.10 -14.44 0.54 50.00  30.0  28.0,0.00 0.00 0.00 89.38 0.54 50.00 0.10 -14.44 6 63 6 63 30.0% 28.0% 150.000 0.000 0.00 -4.90 0.00  1.97 0.00 296.00 0.0% | 1200.00  -20.00 HI -50.00 -50.00
2026-09-27T09:08:57.525,DEMO,DEMO,DEMO_MODE,24f8f9829bf14f26914a962224c1ad3a,F1 :    300    4 0.10 -14.44 0.54 50.00  30.0  28.0,0.00 0.00 0.00 89.38 0.54 50.00 0.10 -14.44 6 63 6 63 30.0% 28.0% 150.000 0.000 0.00 -4.90 0.00  1.97 0.00 296.00 0.0% | 1200.00  -20.00 HI -50.00 -50.00
2026-09-27T09:08:57.646,DEMO,DEMO,DEMO_MODE,24f8f9829bf14f26914a962224c1ad3a,F1 :    300    4 0.10 -14.44 0.54 50.00  30.0  28.0,0.00 0.00 0.00 89.38 0.54 50.00 0.10 -14.44 6 63 6 63 30.0% 28.0% 150.000 0.000 0.00 -4.90 0.00  1.97 0.00 296.00 0.0% | 1200.00  -20.00 HI -50.00 -50.00
2026-09-27T09:08:57.767,DEMO,DEMO,DEMO_MODE,24f8f9829bf14f26914a962224c1ad3a,F1 :    300    4 0.10 -14.44 0.54 50.00  30.0  28.0,0.00 0.00 0.00 89.38 0.54 50.00 0.10 -14.44 6 63 6 63 30.0% 28.0% 150.000 0.000 0.00 -4.90 0.00  1.97 0.00 296.00 0.0% | 1200.00  -20.00 HI -50.00 -50.00
2026-09-27T09:08:57.888,DEMO,DEMO,DEMO_MODE,24f8f9829bf14f26914a962224c1ad3a,F1 :    300    4 0.10 -14.44 0.54 50.00  30.0  28.0,0.00 0.00 0.00 89.38 0.54 50.00 0.10 -14.44 6 63 6 63 30.0% 28.0% 150.000 0.000 0.00 -4.90 0.00  1.97 0.00 296.00 0.0% | 1200.00  -20.00 HI -50.00 -50.00
2026-09-27T09:08:58.008,DEMO,DEMO,DEMO_MODE,24f8f9829bf14f26914a962224c1ad3a,F1 :    300    4 0.10 -14.44 0.54 50.00  30.0  28.0,0.00 0.00 0.00 89.38 0.54 50.00 0.10 -14.44 6 63 6 63 30.0% 28.0% 150.000 0.000 0.00 -4.90 0.00  1.97 0.00 296.00 0.0% | 1200.00  -20.00 HI -50.00 -50.00
2026-09-27T09:08:58.129,DEMO,DEMO,DEMO_MODE,24f8f9829bf14f26914a962224c1ad3a,F1 :    300    4 0.10 -14.44 0.54 50.00  30.0  28.0,0.00 0.00 0.00 89.38 0.54 50.00 0.10 -14.44 6 63 6 63 30.0% 28.0% 150.000 0.000 0.00 -4.90 0.00  1.97 0.00 296.00 0.0% | 1200.00  -20.00 HI -50.00 -50.00
2026-09-27T09:08:58.249,DEMO,DEMO,DEMO_MODE,24f8f9829bf14f26914a962224c1ad3a,F1 :    300    4 0.10 -14.44 0.54 50.00  30.0  28.0,0.00 0.00 0.00 89.38 0.54 50.00 0.10 -14.44 6 63 6 63 30.0% 28.0% 150.000 0.000 0.00 -4.90 0.00  1.97 0.00 296.00 0.0% | 1200.00  -20.00 HI -50.00 -50.00
2026-09-27T09:08:58.370,DEMO,DEMO,DEMO_MODE,24f8f9829bf14f26914a962224c1ad3a,F1 :    300    4 0.10 -14.44 0.54 50.00  30.0  28.0,0.00 0.00 0.00 89.38 0.54 50.00 0.10 -14.44 6 63 6 63 30.0% 28.0% 150.000 0.000 0.00 -4.90 0.00  1.97 0.00 296.00 0.0% | 1200.00  -20.00 HI -50.00 -50.00
2026-09-27T09:08:58.491,DEMO,DEMO,DEMO_MODE,24f8f9829bf14f26914a962224c1ad3a,F1 :    300    4 0.10 -14.44 0.54 50.00  30.0  28.0,0.00 0.00 0.00 89.38 0.54 50.00 0.10 -14.44 6 63 6 63 30.0% 28.0% 150.000 0.000 0.00 -4.90 0.00  1.97 0.00 296.00 0.0% | 1200.00  -20.00 HI -50.00 -50.00
2026-09-27T09:08:58.611,DEMO,DEMO,DEMO_MODE,24f8f9829bf14f26914a962224c1ad3a,F1 :    300    4 0.10 -14.44 0.54 50.00  30.0  28.0,0.00 0.00 0.00 89.38 0.54 50.00 0.10 -14.44 6 63 6 63 30.0% 28.0% 150.000 0.000 0.00 -4.90 0.00  1.97 0.00 296.00 0.0% | 1200.00  -20.00 HI -50.00 -50.00
2026-09-27T09:08:58.732,DEMO,DEMO,DEMO_MODE,24f8f9829bf14f26914a962224c1ad3a,F1 :    300    4 0.10 -14.44 0.54 50.00  30.0  28.0,0.00 0.00 0.00 89.38 0.54 50.00 0.10 -14.44 6 63 6 63 30.0% 28.0% 150.000 0.000 0.00 -4.90 0.00  1.97 0.00 296.00 0.0% | 1200.00  -20.00 HI -50.00 -50.00
2026-09-27T09:08:58.852,DEMO,DEMO,DEMO_MODE,24f8f9829bf14f26914a962224c1ad3a,F1 :    300    4 0.10 -14.44 0.54 50.00  30.0  28.0,0.00 0.00 0.00 89.38 0.54 50.00 0.10 -14.44 6 63 6 63 30.0% 28.0% 150.000 0.000 0.00 -4.90 0.00  1.97 0.00 296.00 0.0% | 1200.00  -20.00 HI -50.00 -50.00
2026-09-27T09:08:58.973,DEMO,DEMO,DEMO_MODE,24f8f9829bf14f26914a962224c1ad3a,F1 :    300    4 0.10 -14.44 0.54 50.00  30.0  28.0,0.00 0.00 0.00 89.38 0.54 50.00 0.10 -14.44 6 63 6 63 30.0% 28.0% 150.000 0.000 0.00 -4.90 0.00  1.97 0.00 296.00 0.0% | 1200.00  -20.00 HI -50.00 -50.00
2026-09-27T09:08:59.094,DEMO,DEMO,DEMO_MODE,24f8f9829bf14f26914a962224c1ad3a,F1 :    300    4 0.10 -14.44 0.54 50.00  30.0  28.0,0.00 0.00 0.00 89.38 0.54 50.00 0.10 -14.44 6 63 6 63 30.0% 28.0% 150.000 0.000 0.00 -4.90 0.00  1.97 0.00 296.00 0.0% | 1200.00  -20.00 HI -50.00 -50.00
2026-09-27T09:08:59.215,DEMO,DEMO,DEMO_MODE,24f8f9829bf14f26914a962224c1ad3a,F1 :    300    4 0.10 -14.44 0.54 50.00  30.0  28.0,0.00 0.00 0.00 89.38 0.54 50.00 0.10 -14.44 6 63 6 63 30.0% 28.0% 150.000 0.000 0.00 -4.90 0.00  1.97 0.00 296.00 0.0% | 1200.00  -20.00 HI -50.00 -50.00
2026-09-27T09:08:59.336,DEMO,DEMO,DEMO_MODE,24f8f9829bf14f26914a962224c1ad3a,F1 :    300    4 0.10 -14.44 0.54 50.00  30.0  28.0,0.00 0.00 0.00 89.38 0.54 50.00 0.10 -14.44 6 63 6 63 30.0% 28.0% 150.000 0.000 0.00 -4.90 0.00  1.97 0.00 296.00 0.0% | 1200.00  -20.00 HI -50.00 -50.00
2026-09-27T09:08:59.456,DEMO,DEMO,DEMO_MODE,24f8f9829bf14f26914a962224c1ad3a,F1 :    300    4 0.10 -14.44 0.54 50.00  30.0  28.0,0.00 0.00 0.00 89.38 0.54 50.00 0.10 -14.44 6 63 6 63 30.0% 28.0% 150.000 0.000 0.00 -4.90 0.00  1.97 0.00 296.00 0.0% | 1200.00  -20.00 HI -50.00 -50.00
2026-09-27T09:08:59.577,DEMO,DEMO,DEMO_MODE,24f8f9829bf14f26914a962224c1ad3a,F1 :    300    4 0.10 -14.44 0.54 50.00  30.0  28.0,0.00 0.00 0.00 89.38 0.54 50.00 0.10 -14.44 6 63 6 63 30.0% 28.0% 150.000 0.000 0.00 -4.90 0.00  1.97 0.00 296.00 0.0% | 1200.00  -20.00 HI -50.00 -50.00
2026-09-27T09:08:59.698,DEMO,DEMO,DEMO_MODE,24f8f9829bf14f26914a962224c1ad3a,F1 :    300    4 0.10 -14.44 0.54 50.00  30.0  28.0,0.00 0.00 0.00 89.38 0.54 50.00 0.10 -14.44 6 63 6 63 30.0% 28.0% 150.000 0.000 0.00 -4.90 0.00  1.97 0.00 296.00 0.0% | 1200.00  -20.00 HI -50.00 -50.00
2026-09-27T09:08:59.819,DEMO,DEMO,DEMO_MODE,24f8f9829bf14f26914a962224c1ad3a,F1 :    300    4 0.10 -14.44 0.54 50.00  30.0  28.0,0.00 0.00 0.00 89.38 0.54 50.00 0.10 -14.44 6 63 6 63 30.0% 28.0% 150.000 0.000 0.00 -4.90 0.00  1.97 0.00 296.00 0.0% | 1200.00  -20.00 HI -50.00 -50.00
2026-09-27T09:08:59.939,DEMO,DEMO,DEMO_MODE,24f8f9829bf14f26914a962224c1ad3a,F1 :    300    4 0.10 -14.44 0.54 50.00  30.0  28.0,0.00 0.00 0.00 89.38 0.54 50.00 0.10 -14.44 6 63 6 63 30.0% 28.0% 150.000 0.000 0.00 -4.90 0.00  1.97 0.00 296.00 0.0% | 1200.00  -20.00 HI -50.00 -50.00
2026-09-27T09:09:00.060,DEMO,DEMO,DEMO_MODE,24f8f9829bf14f26914a962224c1ad3a,F1 :    300    4 0.10 -14.44 0.54 50.00  30.0  28.0,0.00 0.00 0.00 89.38 0.54 50.00 0.10 -14.44 6 63 6 63 30.0% 28.0% 150.000 0.000 0.00 -4.90 0.00  1.97 0.00 296.00 0.0% | 1200.00  -20.00 HI -50.00 -50.00
2026-09-27T09:09:00.181,DEMO,DEMO,DEMO_MODE,24f8f9829bf14f26914a962224c1ad3a,F1 :    300    4 0.10 -14.44 0.54 50.00  30.0  28.0,0.00 0.00 0.00 89.38 0.54 50.00 0.10 -14.44 6 63 6 63 30.0% 28.0% 150.000 0.000 0.00 -4.90 0.00  1.97 0.00 296.00 0.0% | 1200.00  -20.00 HI -50.00 -50.00
2026-09-27T09:09:00.302,DEMO,DEMO,DEMO_MODE,24f8f9829bf14f26914a962224c1ad3a,F1 :    300    4 0.10 -14.44 0.54 50.00  30.0  28.0,0.00 0.00 0.00 89.38 0.54 50.00 0.10 -14.44 6 63 6 63 30.0% 28.0% 150.000 0.000 0.00 -4.90 0.00  1.97 0.00 296.00 0.0% | 1200.00  -20.00 HI -50.00 -50.00
2026-09-27T09:09:00.428,DEMO,DEMO,DEMO_MODE,24f8f9829bf14f26914a962224c1ad3a,F1 :    300    4 0.10 -14.44 0.54 50.00  30.0  28.0,0.00 0.00 0.00 89.38 0.54 50.00 0.10 -14.44 6 63 6 63 30.0% 28.0% 150.000 0.000 0.00 -4.90 0.00  1.97 0.00 296.00 0.0% | 1200.00  -20.00 HI -50.00 -50.00
2026-09-27T09:09:00.549,DEMO,DEMO,DEMO_MODE,24f8f9829bf14f26914a962224c1ad3a,F1 :    300    4 0.10 -14.44 0.54 50.00  30.0  28.0,0.00 0.00 0.00 89.38 0.54 50.00 0.10 -14.44 6 63 6 63 30.0% 28.0% 150.000 0.000 0.00 -4.90 0.00  1.97 0.00 296.00 0.0% | 1200.00  -20.00 HI -50.00 -50.00
2026-09-27T09:09:00.675,DEMO,DEMO,DEMO_MODE,24f8f9829bf14f26914a962224c1ad3a,F1 :    300    4 0.10 -14.44 0.54 50.00  30.0  28.0,0.00 0.00 0.00 89.38 0.54 50.00 0.10 -14.44 6 63 6 63 30.0% 28.0% 150.000 0.000 0.00 -4.90 0.00  1.97 0.00 296.00 0.0% | 1200.00  -20.00 HI -50.00 -50.00
2026-09-27T09:09:00.795,DEMO,DEMO,DEMO_MODE,24f8f9829bf14f26914a962224c1ad3a,F1 :    300    4 0.10 -14.44 0.54 50.00  30.0  28.0,0.00 0.00 0.00 89.38 0.54 50.00 0.10 -14.44 6 63 6 63 30.0% 28.0% 150.000 0.000 0.00 -4.90 0.00  1.97 0.00 296.00 0.0% | 1200.00  -20.00 HI -50.00 -50.00
2026-09-27T09:09:00.921,DEMO,DEMO,DEMO_MODE,24f8f9829bf14f26914a962224c1ad3a,F1 :    300    4 0.10 -14.44 0.54 50.00  30.0  28.0,0.00 0.00 0.00 89.38 0.54 50.00 0.10 -14.44 6 63 6 63 30.0% 28.0% 150.000 0.000 0.00 -4.90 0.00  1.97 0.00 296.00 0.0% | 1200.00  -20.00 HI -50.00 -50.00
2026-09-27T09:09:01.054,DEMO,DEMO,DEMO_MODE,24f8f9829bf14f26914a962224c1ad3a,F1 :    300    4 0.10 -14.44 0.54 50.00  30.0  28.0,0.00 0.00 0.00 89.38 0.54 50.00 0.10 -14.44 6 63 6 63 30.0% 28.0% 150.000 0.000 0.00 -4.90 0.00  1.97 0.00 296.00 0.0% | 1200.00  -20.00 HI -50.00 -50.00
2026-09-27T09:09:01.180,DEMO,DEMO,DEMO_MODE,24f8f9829bf14f26914a962224c1ad3a,F1 :    400    4 0.10 -14.44 0.54 50.00  40.0  32.0,0.00 0.00 0.00 89.38 0.54 50.00 0.10 -14.44 6 63 6 63 40.0% 32.0% 200.000 0.000 0.00 -4.90 0.00  1.98 0.00 396.00 0.0% | 1200.00  -10.00 HI -50.00 -50.00
2026-09-27T09:09:01.303,DEMO,DEMO,DEMO_MODE,24f8f9829bf14f26914a962224c1ad3a,F1 :    400    4 0.10 -14.44 0.54 50.00  40.0  32.0,0.00 0.00 0.00 89.38 0.54 50.00 0.10 -14.44 6 63 6 63 40.0% 32.0% 200.000 0.000 0.00 -4.90 0.00  1.98 0.00 396.00 0.0% | 1200.00  -10.00 HI -50.00 -50.00
2026-09-27T09:09:01.430,DEMO,DEMO,DEMO_MODE,24f8f9829bf14f26914a962224c1ad3a,F1 :    400    4 0.10 -14.44 0.54 50.00  40.0  32.0,0.00 0.00 0.00 89.38 0.54 50.00 0.10 -14.44 6 63 6 63 40.0% 32.0% 200.000 0.000 0.00 -4.90 0.00  1.98 0.00 396.00 0.0% | 1200.00  -10.00 HI -50.00 -50.00
2026-09-27T09:09:01.554,DEMO,DEMO,DEMO_MODE,24f8f9829bf14f26914a962224c1ad3a,F1 :    400    4 0.10 -14.44 0.54 50.00  40.0  32.0,0.00 0.00 0.00 89.38 0.54 50.00 0.10 -14.44 6 63 6 63 40.0% 32.0% 200.000 0.000 0.00 -4.90 0.00  1.98 0.00 396.00 0.0% | 1200.00  -10.00 HI -50.00 -50.00
2026-09-27T09:09:01.680,DEMO,DEMO,DEMO_MODE,24f8f9829bf14f26914a962224c1ad3a,F1 :    400    4 0.10 -14.44 0.54 50.00  40.0  32.0,0.00 0.00 0.00 89.38 0.54 50.00 0.10 -14.44 6 63 6 63 40.0% 32.0% 200.000 0.000 0.00 -4.90 0.00  1.98 0.00 396.00 0.0% | 1200.00  -10.00 HI -50.00 -50.00
2026-09-27T09:09:01.811,DEMO,DEMO,DEMO_MODE,24f8f9829bf14f26914a962224c1ad3a,F1 :    400    4 0.10 -14.44 0.54 50.00  40.0  32.0,0.00 0.00 0.00 89.38 0.54 50.00 0.10 -14.44 6 63 6 63 40.0% 32.0% 200.000 0.000 0.00 -4.90 0.00  1.98 0.00 396.00 0.0% | 1200.00  -10.00 HI -50.00 -50.00
2026-09-27T09:09:01.936,DEMO,DEMO,DEMO_MODE,24f8f9829bf14f26914a962224c1ad3a,F1 :    400    4 0.10 -14.44 0.54 50.00  40.0  32.0,0.00 0.00 0.00 89.38 0.54 50.00 0.10 -14.44 6 63 6 63 40.0% 32.0% 200.000 0.000 0.00 -4.90 0.00  1.98 0.00 396.00 0.0% | 1200.00  -10.00 HI -50.00 -50.00
2026-09-27T09:09:02.057,DEMO,DEMO,DEMO_MODE,24f8f9829bf14f26914a962224c1ad3a,F1 :    400    4 0.10 -14.44 0.54 50.00  40.0  32.0,0.00 0.00 0.00 89.38 0.54 50.00 0.10 -14.44 6 63 6 63 40.0% 32.0% 200.000 0.000 0.00 -4.90 0.00  1.98 0.00 396.00 0.0% | 1200.00  -10.00 HI -50.00 -50.00
2026-09-27T09:09:02.183,DEMO,DEMO,DEMO_MODE,24f8f9829bf14f26914a962224c1ad3a,F1 :    400    4 0.10 -14.44 0.54 50.00  40.0  32.0,0.00 0.00 0.00 89.38 0.54 50.00 0.10 -14.44 6 63 6 63 40.0% 32.0% 200.000 0.000 0.00 -4.90 0.00  1.98 0.00 396.00 0.0% | 1200.00  -10.00 HI -50.00 -50.00
2026-09-27T09:09:02.313,DEMO,DEMO,DEMO_MODE,24f8f9829bf14f26914a962224c1ad3a,F1 :    400    4 0.10 -14.44 0.54 50.00  40.0  32.0,0.00 0.00 0.00 89.38 0.54 50.00 0.10 -14.44 6 63 6 63 40.0% 32.0% 200.000 0.000 0.00 -4.90 0.00  1.98 0.00 396.00 0.0% | 1200.00  -10.00 HI -50.00 -50.00
2026-09-27T09:09:02.440,DEMO,DEMO,DEMO_MODE,24f8f9829bf14f26914a962224c1ad3a,F1 :    400    4 0.10 -14.44 0.54 50.00  40.0  32.0,0.00 0.00 0.00 89.38 0.54 50.00 0.10 -14.44 6 63 6 63 40.0% 32.0% 200.000 0.000 0.00 -4.90 0.00  1.98 0.00 396.00 0.0% | 1200.00  -10.00 HI -50.00 -50.00
2026-09-27T09:09:02.563,DEMO,DEMO,DEMO_MODE,24f8f9829bf14f26914a962224c1ad3a,F1 :    400    4 0.10 -14.44 0.54 50.00  40.0  32.0,0.00 0.00 0.00 89.38 0.54 50.00 0.10 -14.44 6 63 6 63 40.0% 32.0% 200.000 0.000 0.00 -4.90 0.00  1.98 0.00 396.00 0.0% | 1200.00  -10.00 HI -50.00 -50.00
2026-09-27T09:09:02.689,DEMO,DEMO,DEMO_MODE,24f8f9829bf14f26914a962224c1ad3a,F1 :    400    4 0.10 -14.44 0.54 50.00  40.0  32.0,0.00 0.00 0.00 89.38 0.54 50.00 0.10 -14.44 6 63 6 63 40.0% 32.0% 200.000 0.000 0.00 -4.90 0.00  1.98 0.00 396.00 0.0% | 1200.00  -10.00 HI -50.00 -50.00
2026-09-27T09:09:02.810,DEMO,DEMO,DEMO_MODE,24f8f9829bf14f26914a962224c1ad3a,F1 :    400    4 0.10 -14.44 0.54 50.00  40.0  32.0,0.00 0.00 0.00 89.38 0.54 50.00 0.10 -14.44 6 63 6 63 40.0% 32.0% 200.000 0.000 0.00 -4.90 0.00  1.98 0.00 396.00 0.0% | 1200.00  -10.00 HI -50.00 -50.00
2026-09-27T09:09:02.936,DEMO,DEMO,DEMO_MODE,24f8f9829bf14f26914a962224c1ad3a,F1 :    400    4 0.10 -14.44 0.54 50.00  40.0  32.0,0.00 0.00 0.00 89.38 0.54 50.00 0.10 -14.44 6 63 6 63 40.0% 32.0% 200.000 0.000 0.00 -4.90 0.00  1.98 0.00 396.00 0.0% | 1200.00  -10.00 HI -50.00 -50.00
2026-09-27T09:09:03.060,DEMO,DEMO,DEMO_MODE,24f8f9829bf14f26914a962224c1ad3a,F1 :    400    4 0.10 -14.44 0.54 50.00  40.0  32.0,0.00 0.00 0.00 89.38 0.54 50.00 0.10 -14.44 6 63 6 63 40.0% 32.0% 200.000 0.000 0.00 -4.90 0.00  1.98 0.00 396.00 0.0% | 1200.00  -10.00 HI -50.00 -50.00
2026-09-27T09:09:03.185,DEMO,DEMO,DEMO_MODE,24f8f9829bf14f26914a962224c1ad3a,F1 :    400    4 0.10 -14.44 0.54 50.00  40.0  32.0,0.00 0.00 0.00 89.38 0.54 50.00 0.10 -14.44 6 63 6 63 40.0% 32.0% 200.000 0.000 0.00 -4.90 0.00  1.98 0.00 396.00 0.0% | 1200.00  -10.00 HI -50.00 -50.00
2026-09-27T09:09:03.306,DEMO,DEMO,DEMO_MODE,24f8f9829bf14f26914a962224c1ad3a,F1 :    400    4 0.10 -14.44 0.54 50.00  40.0  32.0,0.00 0.00 0.00 89.38 0.54 50.00 0.10 -14.44 6 63 6 63 40.0% 32.0% 200.000 0.000 0.00 -4.90 0.00  1.98 0.00 396.00 0.0% | 1200.00  -10.00 HI -50.00 -50.00
2026-09-27T09:09:03.433,DEMO,DEMO,DEMO_MODE,24f8f9829bf14f26914a962224c1ad3a,F1 :    400    4 0.10 -14.44 0.54 50.00  40.0  32.0,0.00 0.00 0.00 89.38 0.54 50.00 0.10 -14.44 6 63 6 63 40.0% 32.0% 200.000 0.000 0.00 -4.90 0.00  1.98 0.00 396.00 0.0% | 1200.00  -10.00 HI -50.00 -50.00
2026-09-27T09:09:03.557,DEMO,DEMO,DEMO_MODE,24f8f9829bf14f26914a962224c1ad3a,F1 :    400    4 0.10 -14.44 0.54 50.00  40.0  32.0,0.00 0.00 0.00 89.38 0.54 50.00 0.10 -14.44 6 63 6 63 40.0% 32.0% 200.000 0.000 0.00 -4.90 0.00  1.98 0.00 396.00 0.0% | 1200.00  -10.00 HI -50.00 -50.00
2026-09-27T09:09:03.683,DEMO,DEMO,DEMO_MODE,24f8f9829bf14f26914a962224c1ad3a,F1 :    400    4 0.10 -14.44 0.54 50.00  40.0  32.0,0.00 0.00 0.00 89.38 0.54 50.00 0.10 -14.44 6 63 6 63 40.0% 32.0% 200.000 0.000 0.00 -4.90 0.00  1.98 0.00 396.00 0.0% | 1200.00  -10.00 HI -50.00 -50.00
2026-09-27T09:09:03.804,DEMO,DEMO,DEMO_MODE,24f8f9829bf14f26914a962224c1ad3a,F1 :    400    4 0.10 -14.44 0.54 50.00  40.0  32.0,0.00 0.00 0.00 89.38 0.54 50.00 0.10 -14.44 6 63 6 63 40.0% 32.0% 200.000 0.000 0.00 -4.90 0.00  1.98 0.00 396.00 0.0% | 1200.00  -10.00 HI -50.00 -50.00
2026-09-27T09:09:03.930,DEMO,DEMO,DEMO_MODE,24f8f9829bf14f26914a962224c1ad3a,F1 :    400    4 0.10 -14.44 0.54 50.00  40.0  32.0,0.00 0.00 0.00 89.38 0.54 50.00 0.10 -14.44 6 63 6 63 40.0% 32.0% 200.000 0.000 0.00 -4.90 0.00  1.98 0.00 396.00 0.0% | 1200.00  -10.00 HI -50.00 -50.00
2026-09-27T09:09:04.061,DEMO,DEMO,DEMO_MODE,24f8f9829bf14f26914a962224c1ad3a,F1 :    400    4 0.10 -14.44 0.54 50.00  40.0  32.0,0.00 0.00 0.00 89.38 0.54 50.00 0.10 -14.44 6 63 6 63 40.0% 32.0% 200.000 0.000 0.00 -4.90 0.00  1.98 0.00 396.00 0.0% | 1200.00  -10.00 HI -50.00 -50.00
2026-09-27T09:09:04.186,DEMO,DEMO,DEMO_MODE,24f8f9829bf14f26914a962224c1ad3a,F1 :    400    4 0.10 -14.44 0.54 50.00  40.0  32.0,0.00 0.00 0.00 89.38 0.54 50.00 0.10 -14.44 6 63 6 63 40.0% 32.0% 200.000 0.000 0.00 -4.90 0.00  1.98 0.00 396.00 0.0% | 1200.00  -10.00 HI -50.00 -50.00
2026-09-27T09:09:04.311,DEMO,DEMO,DEMO_MODE,24f8f9829bf14f26914a962224c1ad3a,F1 :    400    4 0.10 -14.44 0.54 50.00  40.0  32.0,0.00 0.00 0.00 89.38 0.54 50.00 0.10 -14.44 6 63 6 63 40.0% 32.0% 200.000 0.000 0.00 -4.90 0.00  1.98 0.00 396.00 0.0% | 1200.00  -10.00 HI -50.00 -50.00
2026-09-27T09:09:04.438,DEMO,DEMO,DEMO_MODE,24f8f9829bf14f26914a962224c1ad3a,F1 :    400    4 0.10 -14.44 0.54 50.00  40.0  32.0,0.00 0.00 0.00 89.38 0.54 50.00 0.10 -14.44 6 63 6 63 40.0% 32.0% 200.000 0.000 0.00 -4.90 0.00  1.98 0.00 396.00 0.0% | 1200.00  -10.00 HI -50.00 -50.00
2026-09-27T09:09:04.566,DEMO,DEMO,DEMO_MODE,24f8f9829bf14f26914a962224c1ad3a,F1 :    400    4 0.10 -14.44 0.54 50.00  40.0  32.0,0.00 0.00 0.00 89.38 0.54 50.00 0.10 -14.44 6 63 6 63 40.0% 32.0% 200.000 0.000 0.00 -4.90 0.00  1.98 0.00 396.00 0.0% | 1200.00  -10.00 HI -50.00 -50.00
2026-09-27T09:09:04.692,DEMO,DEMO,DEMO_MODE,24f8f9829bf14f26914a962224c1ad3a,F1 :    400    4 0.10 -14.44 0.54 50.00  40.0  32.0,0.00 0.00 0.00 89.38 0.54 50.00 0.10 -14.44 6 63 6 63 40.0% 32.0% 200.000 0.000 0.00 -4.90 0.00  1.98 0.00 396.00 0.0% | 1200.00  -10.00 HI -50.00 -50.00
2026-09-27T09:09:04.814,DEMO,DEMO,DEMO_MODE,24f8f9829bf14f26914a962224c1ad3a,F1 :    400    4 0.10 -14.44 0.54 50.00  40.0  32.0,0.00 0.00 0.00 89.38 0.54 50.00 0.10 -14.44 6 63 6 63 40.0% 32.0% 200.000 0.000 0.00 -4.90 0.00  1.98 0.00 396.00 0.0% | 1200.00  -10.00 HI -50.00 -50.00
2026-09-27T09:09:04.940,DEMO,DEMO,DEMO_MODE,24f8f9829bf14f26914a962224c1ad3a,F1 :    400    4 0.10 -14.44 0.54 50.00  40.0  32.0,0.00 0.00 0.00 89.38 0.54 50.00 0.10 -14.44 6 63 6 63 40.0% 32.0% 200.000 0.000 0.00 -4.90 0.00  1.98 0.00 396.00 0.0% | 1200.00  -10.00 HI -50.00 -50.00
2026-09-27T09:09:05.065,DEMO,DEMO,DEMO_MODE,24f8f9829bf14f26914a962224c1ad3a,F1 :    400    4 0.10 -14.44 0.54 50.00  40.0  32.0,0.00 0.00 0.00 89.38 0.54 50.00 0.10 -14.44 6 63 6 63 40.0% 32.0% 200.000 0.000 0.00 -4.90 0.00  1.98 0.00 396.00 0.0% | 1200.00  -10.00 HI -50.00 -50.00
2026-09-27T09:09:05.190,DEMO,DEMO,DEMO_MODE,24f8f9829bf14f26914a962224c1ad3a,F1 :    400    4 0.10 -14.44 0.54 50.00  40.0  32.0,0.00 0.00 0.00 89.38 0.54 50.00 0.10 -14.44 6 63 6 63 40.0% 32.0% 200.000 0.000 0.00 -4.90 0.00  1.98 0.00 396.00 0.0% | 1200.00  -10.00 HI -50.00 -50.00
2026-09-27T09:09:05.311,DEMO,DEMO,DEMO_MODE,24f8f9829bf14f26914a962224c1ad3a,F1 :    400    4 0.10 -14.44 0.54 50.00  40.0  32.0,0.00 0.00 0.00 89.38 0.54 50.00 0.10 -14.44 6 63 6 63 40.0% 32.0% 200.000 0.000 0.00 -4.90 0.00  1.98 0.00 396.00 0.0% | 1200.00  -10.00 HI -50.00 -50.00
2026-09-27T09:09:05.435,DEMO,DEMO,DEMO_MODE,24f8f9829bf14f26914a962224c1ad3a,F1 :    400    4 0.10 -14.44 0.54 50.00  40.0  32.0,0.00 0.00 0.00 89.38 0.54 50.00 0.10 -14.44 6 63 6 63 40.0% 32.0% 200.000 0.000 0.00 -4.90 0.00  1.98 0.00 396.00 0.0% | 1200.00  -10.00 HI -50.00 -50.00
2026-09-27T09:09:05.556,DEMO,DEMO,DEMO_MODE,24f8f9829bf14f26914a962224c1ad3a,F1 :    400    4 0.10 -14.44 0.54 50.00  40.0  32.0,0.00 0.00 0.00 89.38 0.54 50.00 0.10 -14.44 6 63 6 63 40.0% 32.0% 200.000 0.000 0.00 -4.90 0.00  1.98 0.00 396.00 0.0% | 1200.00  -10.00 HI -50.00 -50.00
2026-09-27T09:09:05.681,DEMO,DEMO,DEMO_MODE,24f8f9829bf14f26914a962224c1ad3a,F1 :    400    4 0.10 -14.44 0.54 50.00  40.0  32.0,0.00 0.00 0.00 89.38 0.54 50.00 0.10 -14.44 6 63 6 63 40.0% 32.0% 200.000 0.000 0.00 -4.90 0.00  1.98 0.00 396.00 0.0% | 1200.00  -10.00 HI -50.00 -50.00
2026-09-27T09:09:05.802,DEMO,DEMO,DEMO_MODE,24f8f9829bf14f26914a962224c1ad3a,F1 :    400    4 0.10 -14.44 0.54 50.00  40.0  32.0,0.00 0.00 0.00 89.38 0.54 50.00 0.10 -14.44 6 63 6 63 40.0% 32.0% 200.000 0.000 0.00 -4.90 0.00  1.98 0.00 396.00 0.0% | 1200.00  -10.00 HI -50.00 -50.00
2026-09-27T09:09:05.928,DEMO,DEMO,DEMO_MODE,24f8f9829bf14f26914a962224c1ad3a,F1 :    400    4 0.10 -14.44 0.54 50.00  40.0  32.0,0.00 0.00 0.00 89.38 0.54 50.00 0.10 -14.44 6 63 6 63 40.0% 32.0% 200.000 0.000 0.00 -4.90 0.00  1.98 0.00 396.00 0.0% | 1200.00  -10.00 HI -50.00 -50.00
2026-09-27T09:09:06.049,DEMO,DEMO,DEMO_MODE,24f8f9829bf14f26914a962224c1ad3a,F1 :    400    4 0.10 -14.44 0.54 50.00  40.0  32.0,0.00 0.00 0.00 89.38 0.54 50.00 0.10 -14.44 6 63 6 63 40.0% 32.0% 200.000 0.000 0.00 -4.90 0.00  1.98 0.00 396.00 0.0% | 1200.00  -10.00 HI -50.00 -50.00
2026-09-27T09:09:06.175,DEMO,DEMO,DEMO_MODE,24f8f9829bf14f26914a962224c1ad3a,F1 :    400    4 0.10 -14.44 0.54 50.00  40.0  32.0,0.00 0.00 0.00 89.38 0.54 50.00 0.10 -14.44 6 63 6 63 40.0% 32.0% 200.000 0.000 0.00 -4.90 0.00  1.98 0.00 396.00 0.0% | 1200.00  -10.00 HI -50.00 -50.00
2026-09-27T09:09:06.296,DEMO,DEMO,DEMO_MODE,24f8f9829bf14f26914a962224c1ad3a,F1 :    400    0 0.10 -14.44 0.54 50.00  40.0  36.0,0.00 0.00 0.00 89.38 0.54 50.00 0.10 -14.44 6 63 6 63 40.0% 36.0% 200.000 0.000 0.00 -4.90 0.00  2.00 0.00 400.00 0.0% | 1200.00  -10.00 HI -50.00 -50.00
2026-09-27T09:09:06.422,DEMO,DEMO,DEMO_MODE,24f8f9829bf14f26914a962224c1ad3a,F1 :    400    0 0.10 -14.44 0.54 50.00  40.0  36.0,0.00 0.00 0.00 89.38 0.54 50.00 0.10 -14.44 6 63 6 63 40.0% 36.0% 200.000 0.000 0.00 -4.90 0.00  2.00 0.00 400.00 0.0% | 1200.00  -10.00 HI -50.00 -50.00
2026-09-27T09:09:06.552,DEMO,DEMO,DEMO_MODE,24f8f9829bf14f26914a962224c1ad3a,F1 :    400    0 0.10 -14.44 0.54 50.00  40.0  36.0,0.00 0.00 0.00 89.38 0.54 50.00 0.10 -14.44 6 63 6 63 40.0% 36.0% 200.000 0.000 0.00 -4.90 0.00  2.00 0.00 400.00 0.0% | 1200.00  -10.00 HI -50.00 -50.00
2026-09-27T09:09:06.678,DEMO,DEMO,DEMO_MODE,24f8f9829bf14f26914a962224c1ad3a,F1 :    400    0 0.10 -14.44 0.54 50.00  40.0  36.0,0.00 0.00 0.00 89.38 0.54 50.00 0.10 -14.44 6 63 6 63 40.0% 36.0% 200.000 0.000 0.00 -4.90 0.00  2.00 0.00 400.00 0.0% | 1200.00  -10.00 HI -50.00 -50.00
2026-09-27T09:09:06.799,DEMO,DEMO,DEMO_MODE,24f8f9829bf14f26914a962224c1ad3a,F1 :    400    0 0.10 -14.44 0.54 50.00  40.0  36.0,0.00 0.00 0.00 89.38 0.54 50.00 0.10 -14.44 6 63 6 63 40.0% 36.0% 200.000 0.000 0.00 -4.90 0.00  2.00 0.00 400.00 0.0% | 1200.00  -10.00 HI -50.00 -50.00
2026-09-27T09:09:06.925,DEMO,DEMO,DEMO_MODE,24f8f9829bf14f26914a962224c1ad3a,F1 :    400    0 0.10 -14.44 0.54 50.00  40.0  36.0,0.00 0.00 0.00 89.38 0.54 50.00 0.10 -14.44 6 63 6 63 40.0% 36.0% 200.000 0.000 0.00 -4.90 0.00  2.00 0.00 400.00 0.0% | 1200.00  -10.00 HI -50.00 -50.00
2026-09-27T09:09:07.046,DEMO,DEMO,DEMO_MODE,24f8f9829bf14f26914a962224c1ad3a,F1 :    400    0 0.10 -14.44 0.54 50.00  40.0  36.0,0.00 0.00 0.00 89.38 0.54 50.00 0.10 -14.44 6 63 6 63 40.0% 36.0% 200.000 0.000 0.00 -4.90 0.00  2.00 0.00 400.00 0.0% | 1200.00  -10.00 HI -50.00 -50.00
2026-09-27T09:09:07.173,DEMO,DEMO,DEMO_MODE,24f8f9829bf14f26914a962224c1ad3a,F1 :    400    0 0.10 -14.44 0.54 50.00  40.0  36.0,0.00 0.00 0.00 89.38 0.54 50.00 0.10 -14.44 6 63 6 63 40.0% 36.0% 200.000 0.000 0.00 -4.90 0.00  2.00 0.00 400.00 0.0% | 1200.00  -10.00 HI -50.00 -50.00
2026-09-27T09:09:07.299,DEMO,DEMO,DEMO_MODE,24f8f9829bf14f26914a962224c1ad3a,F1 :    400    0 0.10 -14.44 0.54 50.00  40.0  36.0,0.00 0.00 0.00 89.38 0.54 50.00 0.10 -14.44 6 63 6 63 40.0% 36.0% 200.000 0.000 0.00 -4.90 0.00  2.00 0.00 400.00 0.0% | 1200.00  -10.00 HI -50.00 -50.00
2026-09-27T09:09:07.425,DEMO,DEMO,DEMO_MODE,24f8f9829bf14f26914a962224c1ad3a,F1 :    400    0 0.10 -14.44 0.54 50.00  40.0  36.0,0.00 0.00 0.00 89.38 0.54 50.00 0.10 -14.44 6 63 6 63 40.0% 36.0% 200.000 0.000 0.00 -4.90 0.00  2.00 0.00 400.00 0.0% | 1200.00  -10.00 HI -50.00 -50.00
2026-09-27T09:09:07.546,DEMO,DEMO,DEMO_MODE,24f8f9829bf14f26914a962224c1ad3a,F1 :    400    0 0.10 -14.44 0.54 50.00  40.0  36.0,0.00 0.00 0.00 89.38 0.54 50.00 0.10 -14.44 6 63 6 63 40.0% 36.0% 200.000 0.000 0.00 -4.90 0.00  2.00 0.00 400.00 0.0% | 1200.00  -10.00 HI -50.00 -50.00
2026-09-27T09:09:07.672,DEMO,DEMO,DEMO_MODE,24f8f9829bf14f26914a962224c1ad3a,F1 :    400    0 0.10 -14.44 0.54 50.00  40.0  36.0,0.00 0.00 0.00 89.38 0.54 50.00 0.10 -14.44 6 63 6 63 40.0% 36.0% 200.000 0.000 0.00 -4.90 0.00  2.00 0.00 400.00 0.0% | 1200.00  -10.00 HI -50.00 -50.00
2026-09-27T09:09:07.792,DEMO,DEMO,DEMO_MODE,24f8f9829bf14f26914a962224c1ad3a,F1 :    400    0 0.10 -14.44 0.54 50.00  40.0  36.0,0.00 0.00 0.00 89.38 0.54 50.00 0.10 -14.44 6 63 6 63 40.0% 36.0% 200.000 0.000 0.00 -4.90 0.00  2.00 0.00 400.00 0.0% | 1200.00  -10.00 HI -50.00 -50.00
2026-09-27T09:09:07.918,DEMO,DEMO,DEMO_MODE,24f8f9829bf14f26914a962224c1ad3a,F1 :    400    0 0.10 -14.44 0.54 50.00  40.0  36.0,0.00 0.00 0.00 89.38 0.54 50.00 0.10 -14.44 6 63 6 63 40.0% 36.0% 200.000 0.000 0.00 -4.90 0.00  2.00 0.00 400.00 0.0% | 1200.00  -10.00 HI -50.00 -50.00
2026-09-27T09:09:08.039,DEMO,DEMO,DEMO_MODE,24f8f9829bf14f26914a962224c1ad3a,F1 :    400    0 0.10 -14.44 0.54 50.00  40.0  36.0,0.00 0.00 0.00 89.38 0.54 50.00 0.10 -14.44 6 63 6 63 40.0% 36.0% 200.000 0.000 0.00 -4.90 0.00  2.00 0.00 400.00 0.0% | 1200.00  -10.00 HI -50.00 -50.00
2026-09-27T09:09:08.166,DEMO,DEMO,DEMO_MODE,24f8f9829bf14f26914a962224c1ad3a,F1 :    400    0 0.10 -14.44 0.54 50.00  40.0  36.0,0.00 0.00 0.00 89.38 0.54 50.00 0.10 -14.44 6 63 6 63 40.0% 36.0% 200.000 0.000 0.00 -4.90 0.00  2.00 0.00 400.00 0.0% | 1200.00  -10.00 HI -50.00 -50.00
2026-09-27T09:09:08.286,DEMO,DEMO,DEMO_MODE,24f8f9829bf14f26914a962224c1ad3a,F1 :    400    0 0.10 -14.44 0.54 50.00  40.0  36.0,0.00 0.00 0.00 89.38 0.54 50.00 0.10 -14.44 6 63 6 63 40.0% 36.0% 200.000 0.000 0.00 -4.90 0.00  2.00 0.00 400.00 0.0% | 1200.00  -10.00 HI -50.00 -50.00
2026-09-27T09:09:08.411,DEMO,DEMO,DEMO_MODE,24f8f9829bf14f26914a962224c1ad3a,F1 :    400    0 0.10 -14.44 0.54 50.00  40.0  36.0,0.00 0.00 0.00 89.38 0.54 50.00 0.10 -14.44 6 63 6 63 40.0% 36.0% 200.000 0.000 0.00 -4.90 0.00  2.00 0.00 400.00 0.0% | 1200.00  -10.00 HI -50.00 -50.00
2026-09-27T09:09:08.533,DEMO,DEMO,DEMO_MODE,24f8f9829bf14f26914a962224c1ad3a,F1 :    400    0 0.10 -14.44 0.54 50.00  40.0  36.0,0.00 0.00 0.00 89.38 0.54 50.00 0.10 -14.44 6 63 6 63 40.0% 36.0% 200.000 0.000 0.00 -4.90 0.00  2.00 0.00 400.00 0.0% | 1200.00  -10.00 HI -50.00 -50.00
2026-09-27T09:09:08.660,DEMO,DEMO,DEMO_MODE,24f8f9829bf14f26914a962224c1ad3a,F1 :    400    0 0.10 -14.44 0.54 50.00  40.0  36.0,0.00 0.00 0.00 89.38 0.54 50.00 0.10 -14.44 6 63 6 63 40.0% 36.0% 200.000 0.000 0.00 -4.90 0.00  2.00 0.00 400.00 0.0% | 1200.00  -10.00 HI -50.00 -50.00
2026-09-27T09:09:08.780,DEMO,DEMO,DEMO_MODE,24f8f9829bf14f26914a962224c1ad3a,F1 :    400    0 0.10 -14.44 0.54 50.00  40.0  36.0,0.00 0.00 0.00 89.38 0.54 50.00 0.10 -14.44 6 63 6 63 40.0% 36.0% 200.000 0.000 0.00 -4.90 0.00  2.00 0.00 400.00 0.0% | 1200.00  -10.00 HI -50.00 -50.00
2026-09-27T09:09:08.906,DEMO,DEMO,DEMO_MODE,24f8f9829bf14f26914a962224c1ad3a,F1 :    400    0 0.10 -14.44 0.54 50.00  40.0  36.0,0.00 0.00 0.00 89.38 0.54 50.00 0.10 -14.44 6 63 6 63 40.0% 36.0% 200.000 0.000 0.00 -4.90 0.00  2.00 0.00 400.00 0.0% | 1200.00  -10.00 HI -50.00 -50.00
2026-09-27T09:09:09.027,DEMO,DEMO,DEMO_MODE,24f8f9829bf14f26914a962224c1ad3a,F1 :    400    0 0.10 -14.44 0.54 50.00  40.0  36.0,0.00 0.00 0.00 89.38 0.54 50.00 0.10 -14.44 6 63 6 63 40.0% 36.0% 200.000 0.000 0.00 -4.90 0.00  2.00 0.00 400.00 0.0% | 1200.00  -10.00 HI -50.00 -50.00
2026-09-27T09:09:09.152,DEMO,DEMO,DEMO_MODE,24f8f9829bf14f26914a962224c1ad3a,F1 :    400    0 0.10 -14.44 0.54 50.00  40.0  36.0,0.00 0.00 0.00 89.38 0.54 50.00 0.10 -14.44 6 63 6 63 40.0% 36.0% 200.000 0.000 0.00 -4.90 0.00  2.00 0.00 400.00 0.0% | 1200.00  -10.00 HI -50.00 -50.00
2026-09-27T09:09:09.273,DEMO,DEMO,DEMO_MODE,24f8f9829bf14f26914a962224c1ad3a,F1 :    400    0 0.10 -14.44 0.54 50.00  40.0  36.0,0.00 0.00 0.00 89.38 0.54 50.00 0.10 -14.44 6 63 6 63 40.0% 36.0% 200.000 0.000 0.00 -4.90 0.00  2.00 0.00 400.00 0.0% | 1200.00  -10.00 HI -50.00 -50.00
2026-09-27T09:09:09.399,DEMO,DEMO,DEMO_MODE,24f8f9829bf14f26914a962224c1ad3a,F1 :    400    0 0.10 -14.44 0.54 50.00  40.0  36.0,0.00 0.00 0.00 89.38 0.54 50.00 0.10 -14.44 6 63 6 63 40.0% 36.0% 200.000 0.000 0.00 -4.90 0.00  2.00 0.00 400.00 0.0% | 1200.00  -10.00 HI -50.00 -50.00
2026-09-27T09:09:09.520,DEMO,DEMO,DEMO_MODE,24f8f9829bf14f26914a962224c1ad3a,F1 :    400    0 0.10 -14.44 0.54 50.00  40.0  36.0,0.00 0.00 0.00 89.38 0.54 50.00 0.10 -14.44 6 63 6 63 40.0% 36.0% 200.000 0.000 0.00 -4.90 0.00  2.00 0.00 400.00 0.0% | 1200.00  -10.00 HI -50.00 -50.00
2026-09-27T09:09:09.641,DEMO,DEMO,DEMO_MODE,24f8f9829bf14f26914a962224c1ad3a,F1 :    400    0 0.10 -14.44 0.54 50.00  40.0  36.0,0.00 0.00 0.00 89.38 0.54 50.00 0.10 -14.44 6 63 6 63 40.0% 36.0% 200.000 0.000 0.00 -4.90 0.00  2.00 0.00 400.00 0.0% | 1200.00  -10.00 HI -50.00 -50.00
2026-09-27T09:09:09.762,DEMO,DEMO,DEMO_MODE,24f8f9829bf14f26914a962224c1ad3a,F1 :    400    0 0.10 -14.44 0.54 50.00  40.0  36.0,0.00 0.00 0.00 89.38 0.54 50.00 0.10 -14.44 6 63 6 63 40.0% 36.0% 200.000 0.000 0.00 -4.90 0.00  2.00 0.00 400.00 0.0% | 1200.00  -10.00 HI -50.00 -50.00
2026-09-27T09:09:09.882,DEMO,DEMO,DEMO_MODE,24f8f9829bf14f26914a962224c1ad3a,F1 :    400    0 0.10 -14.44 0.54 50.00  40.0  36.0,0.00 0.00 0.00 89.38 0.54 50.00 0.10 -14.44 6 63 6 63 40.0% 36.0% 200.000 0.000 0.00 -4.90 0.00  2.00 0.00 400.00 0.0% | 1200.00  -10.00 HI -50.00 -50.00
2026-09-27T09:09:10.003,DEMO,DEMO,DEMO_MODE,24f8f9829bf14f26914a962224c1ad3a,F1 :    400    0 0.10 -14.44 0.54 50.00  40.0  36.0,0.00 0.00 0.00 89.38 0.54 50.00 0.10 -14.44 6 63 6 63 40.0% 36.0% 200.000 0.000 0.00 -4.90 0.00  2.00 0.00 400.00 0.0% | 1200.00  -10.00 HI -50.00 -50.00
2026-09-27T09:09:10.125,DEMO,DEMO,DEMO_MODE,24f8f9829bf14f26914a962224c1ad3a,F1 :    400    0 0.10 -14.44 0.54 50.00  40.0  36.0,0.00 0.00 0.00 89.38 0.54 50.00 0.10 -14.44 6 63 6 63 40.0% 36.0% 200.000 0.000 0.00 -4.90 0.00  2.00 0.00 400.00 0.0% | 1200.00  -10.00 HI -50.00 -50.00
2026-09-27T09:09:10.245,DEMO,DEMO,DEMO_MODE,24f8f9829bf14f26914a962224c1ad3a,F1 :    400    0 0.10 -14.44 0.54 50.00  40.0  36.0,0.00 0.00 0.00 89.38 0.54 50.00 0.10 -14.44 6 63 6 63 40.0% 36.0% 200.000 0.000 0.00 -4.90 0.00  2.00 0.00 400.00 0.0% | 1200.00  -10.00 HI -50.00 -50.00
2026-09-27T09:09:10.366,DEMO,DEMO,DEMO_MODE,24f8f9829bf14f26914a962224c1ad3a,F1 :    400    0 0.10 -14.44 0.54 50.00  40.0  36.0,0.00 0.00 0.00 89.38 0.54 50.00 0.10 -14.44 6 63 6 63 40.0% 36.0% 200.000 0.000 0.00 -4.90 0.00  2.00 0.00 400.00 0.0% | 1200.00  -10.00 HI -50.00 -50.00
2026-09-27T09:09:10.486,DEMO,DEMO,DEMO_MODE,24f8f9829bf14f26914a962224c1ad3a,F1 :    400    0 0.10 -14.44 0.54 50.00  40.0  36.0,0.00 0.00 0.00 89.38 0.54 50.00 0.10 -14.44 6 63 6 63 40.0% 36.0% 200.000 0.000 0.00 -4.90 0.00  2.00 0.00 400.00 0.0% | 1200.00  -10.00 HI -50.00 -50.00
2026-09-27T09:09:10.607,DEMO,DEMO,DEMO_MODE,24f8f9829bf14f26914a962224c1ad3a,F1 :    400    0 0.10 -14.44 0.54 50.00  40.0  36.0,0.00 0.00 0.00 89.38 0.54 50.00 0.10 -14.44 6 63 6 63 40.0% 36.0% 200.000 0.000 0.00 -4.90 0.00  2.00 0.00 400.00 0.0% | 1200.00  -10.00 HI -50.00 -50.00
2026-09-27T09:09:10.728,DEMO,DEMO,DEMO_MODE,24f8f9829bf14f26914a962224c1ad3a,F1 :    400    0 0.10 -14.44 0.54 50.00  40.0  36.0,0.00 0.00 0.00 89.38 0.54 50.00 0.10 -14.44 6 63 6 63 40.0% 36.0% 200.000 0.000 0.00 -4.90 0.00  2.00 0.00 400.00 0.0% | 1200.00  -10.00 HI -50.00 -50.00
2026-09-27T09:09:10.848,DEMO,DEMO,DEMO_MODE,24f8f9829bf14f26914a962224c1ad3a,F1 :    400    0 0.10 -14.44 0.54 50.00  40.0  36.0,0.00 0.00 0.00 89.38 0.54 50.00 0.10 -14.44 6 63 6 63 40.0% 36.0% 200.000 0.000 0.00 -4.90 0.00  2.00 0.00 400.00 0.0% | 1200.00  -10.00 HI -50.00 -50.00
2026-09-27T09:09:10.969,DEMO,DEMO,DEMO_MODE,24f8f9829bf14f26914a962224c1ad3a,F1 :    400    0 0.10 -14.44 0.54 50.00  40.0  36.0,0.00 0.00 0.00 89.38 0.54 50.00 0.10 -14.44 6 63 6 63 40.0% 36.0% 200.000 0.000 0.00 -4.90 0.00  2.00 0.00 400.00 0.0% | 1200.00  -10.00 HI -50.00 -50.00
2026-09-27T09:09:11.090,DEMO,DEMO,DEMO_MODE,24f8f9829bf14f26914a962224c1ad3a,F1 :    400    0 0.10 -14.44 0.54 50.00  40.0  36.0,0.00 0.00 0.00 89.38 0.54 50.00 0.10 -14.44 6 63 6 63 40.0% 36.0% 200.000 0.000 0.00 -4.90 0.00  2.00 0.00 400.00 0.0% | 1200.00  -10.00 HI -50.00 -50.00
2026-09-27T09:09:11.210,DEMO,DEMO,DEMO_MODE,24f8f9829bf14f26914a962224c1ad3a,F1 :    400    0 0.10 -14.44 0.54 50.00  40.0  36.0,0.00 0.00 0.00 89.38 0.54 50.00 0.10 -14.44 6 63 6 63 40.0% 36.0% 200.000 0.000 0.00 -4.90 0.00  2.00 0.00 400.00 0.0% | 1200.00  -10.00 HI -50.00 -50.00
2026-09-27T09:09:11.331,DEMO,DEMO,DEMO_MODE,24f8f9829bf14f26914a962224c1ad3a,F1 :    400    0 0.10 -14.44 0.54 50.00  40.0  36.0,0.00 0.00 0.00 89.38 0.54 50.00 0.10 -14.44 6 63 6 63 40.0% 36.0% 200.000 0.000 0.00 -4.90 0.00  2.00 0.00 400.00 0.0% | 1200.00  -10.00 HI -50.00 -50.00
2026-09-27T09:09:11.457,DEMO,DEMO,DEMO_MODE,24f8f9829bf14f26914a962224c1ad3a,F1 :    500    0 0.10 -14.44 0.54 50.00  50.0  40.0,0.00 0.00 0.00 89.38 0.54 50.00 0.10 -14.44 6 63 6 63 50.0% 40.0% 250.000 0.000 0.00 -4.90 0.00  2.00 0.00 500.00 0.0% | 1200.00    0.00 HI -50.00 -50.00
2026-09-27T09:09:11.583,DEMO,DEMO,DEMO_MODE,24f8f9829bf14f26914a962224c1ad3a,F1 :    500    0 0.10 -14.44 0.54 50.00  50.0  40.0,0.00 0.00 0.00 89.38 0.54 50.00 0.10 -14.44 6 63 6 63 50.0% 40.0% 250.000 0.000 0.00 -4.90 0.00  2.00 0.00 500.00 0.0% | 1200.00    0.00 HI -50.00 -50.00
2026-09-27T09:09:11.709,DEMO,DEMO,DEMO_MODE,24f8f9829bf14f26914a962224c1ad3a,F1 :    500    0 0.10 -14.44 0.54 50.00  50.0  40.0,0.00 0.00 0.00 89.38 0.54 50.00 0.10 -14.44 6 63 6 63 50.0% 40.0% 250.000 0.000 0.00 -4.90 0.00  2.00 0.00 500.00 0.0% | 1200.00    0.00 HI -50.00 -50.00
2026-09-27T09:09:11.830,DEMO,DEMO,DEMO_MODE,24f8f9829bf14f26914a962224c1ad3a,F1 :    500    0 0.10 -14.44 0.54 50.00  50.0  40.0,0.00 0.00 0.00 89.38 0.54 50.00 0.10 -14.44 6 63 6 63 50.0% 40.0% 250.000 0.000 0.00 -4.90 0.00  2.00 0.00 500.00 0.0% | 1200.00    0.00 HI -50.00 -50.00
2026-09-27T09:09:11.956,DEMO,DEMO,DEMO_MODE,24f8f9829bf14f26914a962224c1ad3a,F1 :    500    0 0.10 -14.44 0.54 50.00  50.0  40.0,0.00 0.00 0.00 89.38 0.54 50.00 0.10 -14.44 6 63 6 63 50.0% 40.0% 250.000 0.000 0.00 -4.90 0.00  2.00 0.00 500.00 0.0% | 1200.00    0.00 HI -50.00 -50.00
2026-09-27T09:09:12.077,DEMO,DEMO,DEMO_MODE,24f8f9829bf14f26914a962224c1ad3a,F1 :    500    0 0.10 -14.44 0.54 50.00  50.0  40.0,0.00 0.00 0.00 89.38 0.54 50.00 0.10 -14.44 6 63 6 63 50.0% 40.0% 250.000 0.000 0.00 -4.90 0.00  2.00 0.00 500.00 0.0% | 1200.00    0.00 HI -50.00 -50.00
2026-09-27T09:09:12.203,DEMO,DEMO,DEMO_MODE,24f8f9829bf14f26914a962224c1ad3a,F1 :    500    0 0.10 -14.44 0.54 50.00  50.0  40.0,0.00 0.00 0.00 89.38 0.54 50.00 0.10 -14.44 6 63 6 63 50.0% 40.0% 250.000 0.000 0.00 -4.90 0.00  2.00 0.00 500.00 0.0% | 1200.00    0.00 HI -50.00 -50.00
2026-09-27T09:09:12.324,DEMO,DEMO,DEMO_MODE,24f8f9829bf14f26914a962224c1ad3a,F1 :    500    0 0.10 -14.44 0.54 50.00  50.0  40.0,0.00 0.00 0.00 89.38 0.54 50.00 0.10 -14.44 6 63 6 63 50.0% 40.0% 250.000 0.000 0.00 -4.90 0.00  2.00 0.00 500.00 0.0% | 1200.00    0.00 HI -50.00 -50.00
2026-09-27T09:09:12.450,DEMO,DEMO,DEMO_MODE,24f8f9829bf14f26914a962224c1ad3a,F1 :    500    0 0.10 -14.44 0.54 50.00  50.0  40.0,0.00 0.00 0.00 89.38 0.54 50.00 0.10 -14.44 6 63 6 63 50.0% 40.0% 250.000 0.000 0.00 -4.90 0.00  2.00 0.00 500.00 0.0% | 1200.00    0.00 HI -50.00 -50.00
2026-09-27T09:09:12.571,DEMO,DEMO,DEMO_MODE,24f8f9829bf14f26914a962224c1ad3a,F1 :    500    0 0.10 -14.44 0.54 50.00  50.0  40.0,0.00 0.00 0.00 89.38 0.54 50.00 0.10 -14.44 6 63 6 63 50.0% 40.0% 250.000 0.000 0.00 -4.90 0.00  2.00 0.00 500.00 0.0% | 1200.00    0.00 HI -50.00 -50.00
2026-09-27T09:09:12.696,DEMO,DEMO,DEMO_MODE,24f8f9829bf14f26914a962224c1ad3a,F1 :    500    0 0.10 -14.44 0.54 50.00  50.0  40.0,0.00 0.00 0.00 89.38 0.54 50.00 0.10 -14.44 6 63 6 63 50.0% 40.0% 250.000 0.000 0.00 -4.90 0.00  2.00 0.00 500.00 0.0% | 1200.00    0.00 HI -50.00 -50.00
2026-09-27T09:09:12.817,DEMO,DEMO,DEMO_MODE,24f8f9829bf14f26914a962224c1ad3a,F1 :    500    0 0.10 -14.44 0.54 50.00  50.0  40.0,0.00 0.00 0.00 89.38 0.54 50.00 0.10 -14.44 6 63 6 63 50.0% 40.0% 250.000 0.000 0.00 -4.90 0.00  2.00 0.00 500.00 0.0% | 1200.00    0.00 HI -50.00 -50.00
2026-09-27T09:09:12.944,DEMO,DEMO,DEMO_MODE,24f8f9829bf14f26914a962224c1ad3a,F1 :    500    0 0.10 -14.44 0.54 50.00  50.0  40.0,0.00 0.00 0.00 89.38 0.54 50.00 0.10 -14.44 6 63 6 63 50.0% 40.0% 250.000 0.000 0.00 -4.90 0.00  2.00 0.00 500.00 0.0% | 1200.00    0.00 HI -50.00 -50.00
2026-09-27T09:09:13.070,DEMO,DEMO,DEMO_MODE,24f8f9829bf14f26914a962224c1ad3a,F1 :    500    0 0.10 -14.44 0.54 50.00  50.0  40.0,0.00 0.00 0.00 89.38 0.54 50.00 0.10 -14.44 6 63 6 63 50.0% 40.0% 250.000 0.000 0.00 -4.90 0.00  2.00 0.00 500.00 0.0% | 1200.00    0.00 HI -50.00 -50.00
2026-09-27T09:09:13.197,DEMO,DEMO,DEMO_MODE,24f8f9829bf14f26914a962224c1ad3a,F1 :    500    0 0.10 -14.44 0.54 50.00  50.0  40.0,0.00 0.00 0.00 89.38 0.54 50.00 0.10 -14.44 6 63 6 63 50.0% 40.0% 250.000 0.000 0.00 -4.90 0.00  2.00 0.00 500.00 0.0% | 1200.00    0.00 HI -50.00 -50.00
2026-09-27T09:09:13.333,DEMO,DEMO,DEMO_MODE,24f8f9829bf14f26914a962224c1ad3a,F1 :    500    0 0.10 -14.44 0.54 50.00  50.0  40.0,0.00 0.00 0.00 89.38 0.54 50.00 0.10 -14.44 6 63 6 63 50.0% 40.0% 250.000 0.000 0.00 -4.90 0.00  2.00 0.00 500.00 0.0% | 1200.00    0.00 HI -50.00 -50.00
2026-09-27T09:09:13.459,DEMO,DEMO,DEMO_MODE,24f8f9829bf14f26914a962224c1ad3a,F1 :    500    0 0.10 -14.44 0.54 50.00  50.0  40.0,0.00 0.00 0.00 89.38 0.54 50.00 0.10 -14.44 6 63 6 63 50.0% 40.0% 250.000 0.000 0.00 -4.90 0.00  2.00 0.00 500.00 0.0% | 1200.00    0.00 HI -50.00 -50.00
2026-09-27T09:09:13.579,DEMO,DEMO,DEMO_MODE,24f8f9829bf14f26914a962224c1ad3a,F1 :    500    0 0.10 -14.44 0.54 50.00  50.0  40.0,0.00 0.00 0.00 89.38 0.54 50.00 0.10 -14.44 6 63 6 63 50.0% 40.0% 250.000 0.000 0.00 -4.90 0.00  2.00 0.00 500.00 0.0% | 1200.00    0.00 HI -50.00 -50.00
2026-09-27T09:09:13.706,DEMO,DEMO,DEMO_MODE,24f8f9829bf14f26914a962224c1ad3a,F1 :    500    0 0.10 -14.44 0.54 50.00  50.0  40.0,0.00 0.00 0.00 89.38 0.54 50.00 0.10 -14.44 6 63 6 63 50.0% 40.0% 250.000 0.000 0.00 -4.90 0.00  2.00 0.00 500.00 0.0% | 1200.00    0.00 HI -50.00 -50.00
2026-09-27T09:09:13.827,DEMO,DEMO,DEMO_MODE,24f8f9829bf14f26914a962224c1ad3a,F1 :    500    0 0.10 -14.44 0.54 50.00  50.0  40.0,0.00 0.00 0.00 89.38 0.54 50.00 0.10 -14.44 6 63 6 63 50.0% 40.0% 250.000 0.000 0.00 -4.90 0.00  2.00 0.00 500.00 0.0% | 1200.00    0.00 HI -50.00 -50.00
2026-09-27T09:09:13.954,DEMO,DEMO,DEMO_MODE,24f8f9829bf14f26914a962224c1ad3a,F1 :    500    0 0.10 -14.44 0.54 50.00  50.0  40.0,0.00 0.00 0.00 89.38 0.54 50.00 0.10 -14.44 6 63 6 63 50.0% 40.0% 250.000 0.000 0.00 -4.90 0.00  2.00 0.00 500.00 0.0% | 1200.00    0.00 HI -50.00 -50.00
2026-09-27T09:09:14.074,DEMO,DEMO,DEMO_MODE,24f8f9829bf14f26914a962224c1ad3a,F1 :    500    0 0.10 -14.44 0.54 50.00  50.0  40.0,0.00 0.00 0.00 89.38 0.54 50.00 0.10 -14.44 6 63 6 63 50.0% 40.0% 250.000 0.000 0.00 -4.90 0.00  2.00 0.00 500.00 0.0% | 1200.00    0.00 HI -50.00 -50.00
2026-09-27T09:09:14.201,DEMO,DEMO,DEMO_MODE,24f8f9829bf14f26914a962224c1ad3a,F1 :    500    0 0.10 -14.44 0.54 50.00  50.0  40.0,0.00 0.00 0.00 89.38 0.54 50.00 0.10 -14.44 6 63 6 63 50.0% 40.0% 250.000 0.000 0.00 -4.90 0.00  2.00 0.00 500.00 0.0% | 1200.00    0.00 HI -50.00 -50.00
2026-09-27T09:09:14.337,DEMO,DEMO,DEMO_MODE,24f8f9829bf14f26914a962224c1ad3a,F1 :    500    0 0.10 -14.44 0.54 50.00  50.0  40.0,0.00 0.00 0.00 89.38 0.54 50.00 0.10 -14.44 6 63 6 63 50.0% 40.0% 250.000 0.000 0.00 -4.90 0.00  2.00 0.00 500.00 0.0% | 1200.00    0.00 HI -50.00 -50.00
2026-09-27T09:09:14.462,DEMO,DEMO,DEMO_MODE,24f8f9829bf14f26914a962224c1ad3a,F1 :    500    0 0.10 -14.44 0.54 50.00  50.0  40.0,0.00 0.00 0.00 89.38 0.54 50.00 0.10 -14.44 6 63 6 63 50.0% 40.0% 250.000 0.000 0.00 -4.90 0.00  2.00 0.00 500.00 0.0% | 1200.00    0.00 HI -50.00 -50.00
2026-09-27T09:09:14.583,DEMO,DEMO,DEMO_MODE,24f8f9829bf14f26914a962224c1ad3a,F1 :    500    0 0.10 -14.44 0.54 50.00  50.0  40.0,0.00 0.00 0.00 89.38 0.54 50.00 0.10 -14.44 6 63 6 63 50.0% 40.0% 250.000 0.000 0.00 -4.90 0.00  2.00 0.00 500.00 0.0% | 1200.00    0.00 HI -50.00 -50.00
2026-09-27T09:09:14.709,DEMO,DEMO,DEMO_MODE,24f8f9829bf14f26914a962224c1ad3a,F1 :    500    0 0.10 -14.44 0.54 50.00  50.0  40.0,0.00 0.00 0.00 89.38 0.54 50.00 0.10 -14.44 6 63 6 63 50.0% 40.0% 250.000 0.000 0.00 -4.90 0.00  2.00 0.00 500.00 0.0% | 1200.00    0.00 HI -50.00 -50.00
2026-09-27T09:09:14.830,DEMO,DEMO,DEMO_MODE,24f8f9829bf14f26914a962224c1ad3a,F1 :    500    0 0.10 -14.44 0.54 50.00  50.0  40.0,0.00 0.00 0.00 89.38 0.54 50.00 0.10 -14.44 6 63 6 63 50.0% 40.0% 250.000 0.000 0.00 -4.90 0.00  2.00 0.00 500.00 0.0% | 1200.00    0.00 HI -50.00 -50.00
2026-09-27T09:09:14.957,DEMO,DEMO,DEMO_MODE,24f8f9829bf14f26914a962224c1ad3a,F1 :    500    0 0.10 -14.44 0.54 50.00  50.0  40.0,0.00 0.00 0.00 89.38 0.54 50.00 0.10 -14.44 6 63 6 63 50.0% 40.0% 250.000 0.000 0.00 -4.90 0.00  2.00 0.00 500.00 0.0% | 1200.00    0.00 HI -50.00 -50.00
2026-09-27T09:09:15.089,DEMO,DEMO,DEMO_MODE,24f8f9829bf14f26914a962224c1ad3a,F1 :    500    0 0.10 -14.44 0.54 50.00  50.0  40.0,0.00 0.00 0.00 89.38 0.54 50.00 0.10 -14.44 6 63 6 63 50.0% 40.0% 250.000 0.000 0.00 -4.90 0.00  2.00 0.00 500.00 0.0% | 1200.00    0.00 HI -50.00 -50.00
2026-09-27T09:09:15.215,DEMO,DEMO,DEMO_MODE,24f8f9829bf14f26914a962224c1ad3a,F1 :    500    0 0.10 -14.44 0.54 50.00  50.0  40.0,0.00 0.00 0.00 89.38 0.54 50.00 0.10 -14.44 6 63 6 63 50.0% 40.0% 250.000 0.000 0.00 -4.90 0.00  2.00 0.00 500.00 0.0% | 1200.00    0.00 HI -50.00 -50.00
2026-09-27T09:09:15.343,DEMO,DEMO,DEMO_MODE,24f8f9829bf14f26914a962224c1ad3a,F1 :    500    0 0.10 -14.44 0.54 50.00  50.0  40.0,0.00 0.00 0.00 89.38 0.54 50.00 0.10 -14.44 6 63 6 63 50.0% 40.0% 250.000 0.000 0.00 -4.90 0.00  2.00 0.00 500.00 0.0% | 1200.00    0.00 HI -50.00 -50.00
2026-09-27T09:09:15.469,DEMO,DEMO,DEMO_MODE,24f8f9829bf14f26914a962224c1ad3a,F1 :    500    0 0.10 -14.44 0.54 50.00  50.0  40.0,0.00 0.00 0.00 89.38 0.54 50.00 0.10 -14.44 6 63 6 63 50.0% 40.0% 250.000 0.000 0.00 -4.90 0.00  2.00 0.00 500.00 0.0% | 1200.00    0.00 HI -50.00 -50.00
2026-09-27T09:09:15.590,DEMO,DEMO,DEMO_MODE,24f8f9829bf14f26914a962224c1ad3a,F1 :    500    1 0.10 -14.44 0.54 50.00  50.0  40.0,0.00 0.00 0.00 89.38 0.54 50.00 0.10 -14.44 6 63 6 63 50.0% 40.0% 250.000 0.000 0.00 -4.90 0.00  2.00 0.00 499.00 0.0% | 1200.00    0.00 HI -50.00 -50.00
2026-09-27T09:09:15.715,DEMO,DEMO,DEMO_MODE,24f8f9829bf14f26914a962224c1ad3a,F1 :    500    1 0.10 -14.44 0.54 50.00  50.0  40.0,0.00 0.00 0.00 89.38 0.54 50.00 0.10 -14.44 6 63 6 63 50.0% 40.0% 250.000 0.000 0.00 -4.90 0.00  2.00 0.00 499.00 0.0% | 1200.00    0.00 HI -50.00 -50.00
2026-09-27T09:09:15.836,DEMO,DEMO,DEMO_MODE,24f8f9829bf14f26914a962224c1ad3a,F1 :    500    1 0.10 -14.44 0.54 50.00  50.0  40.0,0.00 0.00 0.00 89.38 0.54 50.00 0.10 -14.44 6 63 6 63 50.0% 40.0% 250.000 0.000 0.00 -4.90 0.00  2.00 0.00 499.00 0.0% | 1200.00    0.00 HI -50.00 -50.00
2026-09-27T09:09:15.963,DEMO,DEMO,DEMO_MODE,24f8f9829bf14f26914a962224c1ad3a,F1 :    500    1 0.10 -14.44 0.54 50.00  50.0  40.0,0.00 0.00 0.00 89.38 0.54 50.00 0.10 -14.44 6 63 6 63 50.0% 40.0% 250.000 0.000 0.00 -4.90 0.00  2.00 0.00 499.00 0.0% | 1200.00    0.00 HI -50.00 -50.00
2026-09-27T09:09:16.084,DEMO,DEMO,DEMO_MODE,24f8f9829bf14f26914a962224c1ad3a,F1 :    500    1 0.10 -14.44 0.54 50.00  50.0  40.0,0.00 0.00 0.00 89.38 0.54 50.00 0.10 -14.44 6 63 6 63 50.0% 40.0% 250.000 0.000 0.00 -4.90 0.00  2.00 0.00 499.00 0.0% | 1200.00    0.00 HI -50.00 -50.00
2026-09-27T09:09:16.210,DEMO,DEMO,DEMO_MODE,24f8f9829bf14f26914a962224c1ad3a,F1 :    500    1 0.10 -14.44 0.54 50.00  50.0  40.0,0.00 0.00 0.00 89.38 0.54 50.00 0.10 -14.44 6 63 6 63 50.0% 40.0% 250.000 0.000 0.00 -4.90 0.00  2.00 0.00 499.00 0.0% | 1200.00    0.00 HI -50.00 -50.00
2026-09-27T09:09:16.331,DEMO,DEMO,DEMO_MODE,24f8f9829bf14f26914a962224c1ad3a,F1 :    500    1 0.10 -14.44 0.54 50.00  50.0  40.0,0.00 0.00 0.00 89.38 0.54 50.00 0.10 -14.44 6 63 6 63 50.0% 40.0% 250.000 0.000 0.00 -4.90 0.00  2.00 0.00 499.00 0.0% | 1200.00    0.00 HI -50.00 -50.00
2026-09-27T09:09:16.457,DEMO,DEMO,DEMO_MODE,24f8f9829bf14f26914a962224c1ad3a,F1 :    500    1 0.10 -14.44 0.54 50.00  50.0  40.0,0.00 0.00 0.00 89.38 0.54 50.00 0.10 -14.44 6 63 6 63 50.0% 40.0% 250.000 0.000 0.00 -4.90 0.00  2.00 0.00 499.00 0.0% | 1200.00    0.00 HI -50.00 -50.00
2026-09-27T09:09:16.589,DEMO,DEMO,DEMO_MODE,24f8f9829bf14f26914a962224c1ad3a,F1 :    500    1 0.10 -14.44 0.54 50.00  50.0  40.0,0.00 0.00 0.00 89.38 0.54 50.00 0.10 -14.44 6 63 6 63 50.0% 40.0% 250.000 0.000 0.00 -4.90 0.00  2.00 0.00 499.00 0.0% | 1200.00    0.00 HI -50.00 -50.00
2026-09-27T09:09:16.715,DEMO,DEMO,DEMO_MODE,24f8f9829bf14f26914a962224c1ad3a,F1 :    500    1 0.10 -14.44 0.54 50.00  50.0  44.0,0.00 0.00 0.00 89.38 0.54 50.00 0.10 -14.44 6 63 6 63 50.0% 44.0% 250.000 0.000 0.00 -4.90 0.00  2.00 0.00 499.00 0.0% | 1200.00    0.00 HI -50.00 -50.00
2026-09-27T09:09:16.841,DEMO,DEMO,DEMO_MODE,24f8f9829bf14f26914a962224c1ad3a,F1 :    500    1 0.10 -14.44 0.54 50.00  50.0  44.0,0.00 0.00 0.00 89.38 0.54 50.00 0.10 -14.44 6 63 6 63 50.0% 44.0% 250.000 0.000 0.00 -4.90 0.00  2.00 0.00 499.00 0.0% | 1200.00    0.00 HI -50.00 -50.00
2026-09-27T09:09:16.967,DEMO,DEMO,DEMO_MODE,24f8f9829bf14f26914a962224c1ad3a,F1 :    500    1 0.10 -14.44 0.54 50.00  50.0  44.0,0.00 0.00 0.00 89.38 0.54 50.00 0.10 -14.44 6 63 6 63 50.0% 44.0% 250.000 0.000 0.00 -4.90 0.00  2.00 0.00 499.00 0.0% | 1200.00    0.00 HI -50.00 -50.00
2026-09-27T09:09:17.087,DEMO,DEMO,DEMO_MODE,24f8f9829bf14f26914a962224c1ad3a,F1 :    500    1 0.10 -14.44 0.54 50.00  50.0  44.0,0.00 0.00 0.00 89.38 0.54 50.00 0.10 -14.44 6 63 6 63 50.0% 44.0% 250.000 0.000 0.00 -4.90 0.00  2.00 0.00 499.00 0.0% | 1200.00    0.00 HI -50.00 -50.00
2026-09-27T09:09:17.213,DEMO,DEMO,DEMO_MODE,24f8f9829bf14f26914a962224c1ad3a,F1 :    500    1 0.10 -14.44 0.54 50.00  50.0  44.0,0.00 0.00 0.00 89.38 0.54 50.00 0.10 -14.44 6 63 6 63 50.0% 44.0% 250.000 0.000 0.00 -4.90 0.00  2.00 0.00 499.00 0.0% | 1200.00    0.00 HI -50.00 -50.00
2026-09-27T09:09:17.339,DEMO,DEMO,DEMO_MODE,24f8f9829bf14f26914a962224c1ad3a,F1 :    500    1 0.10 -14.44 0.54 50.00  50.0  44.0,0.00 0.00 0.00 89.38 0.54 50.00 0.10 -14.44 6 63 6 63 50.0% 44.0% 250.000 0.000 0.00 -4.90 0.00  2.00 0.00 499.00 0.0% | 1200.00    0.00 HI -50.00 -50.00
2026-09-27T09:09:17.465,DEMO,DEMO,DEMO_MODE,24f8f9829bf14f26914a962224c1ad3a,F1 :    500    1 0.10 -14.44 0.54 50.00  50.0  44.0,0.00 0.00 0.00 89.38 0.54 50.00 0.10 -14.44 6 63 6 63 50.0% 44.0% 250.000 0.000 0.00 -4.90 0.00  2.00 0.00 499.00 0.0% | 1200.00    0.00 HI -50.00 -50.00
2026-09-27T09:09:17.585,DEMO,DEMO,DEMO_MODE,24f8f9829bf14f26914a962224c1ad3a,F1 :    500    1 0.10 -14.44 0.54 50.00  50.0  44.0,0.00 0.00 0.00 89.38 0.54 50.00 0.10 -14.44 6 63 6 63 50.0% 44.0% 250.000 0.000 0.00 -4.90 0.00  2.00 0.00 499.00 0.0% | 1200.00    0.00 HI -50.00 -50.00
2026-09-27T09:09:17.711,DEMO,DEMO,DEMO_MODE,24f8f9829bf14f26914a962224c1ad3a,F1 :    500    1 0.10 -14.44 0.54 50.00  50.0  44.0,0.00 0.00 0.00 89.38 0.54 50.00 0.10 -14.44 6 63 6 63 50.0% 44.0% 250.000 0.000 0.00 -4.90 0.00  2.00 0.00 499.00 0.0% | 1200.00    0.00 HI -50.00 -50.00
2026-09-27T09:09:17.832,DEMO,DEMO,DEMO_MODE,24f8f9829bf14f26914a962224c1ad3a,F1 :    500    1 0.10 -14.44 0.54 50.00  50.0  44.0,0.00 0.00 0.00 89.38 0.54 50.00 0.10 -14.44 6 63 6 63 50.0% 44.0% 250.000 0.000 0.00 -4.90 0.00  2.00 0.00 499.00 0.0% | 1200.00    0.00 HI -50.00 -50.00
2026-09-27T09:09:17.958,DEMO,DEMO,DEMO_MODE,24f8f9829bf14f26914a962224c1ad3a,F1 :    500    1 0.10 -14.44 0.54 50.00  50.0  44.0,0.00 0.00 0.00 89.38 0.54 50.00 0.10 -14.44 6 63 6 63 50.0% 44.0% 250.000 0.000 0.00 -4.90 0.00  2.00 0.00 499.00 0.0% | 1200.00    0.00 HI -50.00 -50.00
2026-09-27T09:09:18.079,DEMO,DEMO,DEMO_MODE,24f8f9829bf14f26914a962224c1ad3a,F1 :    500    1 0.10 -14.44 0.54 50.00  50.0  44.0,0.00 0.00 0.00 89.38 0.54 50.00 0.10 -14.44 6 63 6 63 50.0% 44.0% 250.000 0.000 0.00 -4.90 0.00  2.00 0.00 499.00 0.0% | 1200.00    0.00 HI -50.00 -50.00
2026-09-27T09:09:18.205,DEMO,DEMO,DEMO_MODE,24f8f9829bf14f26914a962224c1ad3a,F1 :    500    1 0.10 -14.44 0.54 50.00  50.0  44.0,0.00 0.00 0.00 89.38 0.54 50.00 0.10 -14.44 6 63 6 63 50.0% 44.0% 250.000 0.000 0.00 -4.90 0.00  2.00 0.00 499.00 0.0% | 1200.00    0.00 HI -50.00 -50.00
2026-09-27T09:09:18.337,DEMO,DEMO,DEMO_MODE,24f8f9829bf14f26914a962224c1ad3a,F1 :    500    1 0.10 -14.44 0.54 50.00  50.0  44.0,0.00 0.00 0.00 89.38 0.54 50.00 0.10 -14.44 6 63 6 63 50.0% 44.0% 250.000 0.000 0.00 -4.90 0.00  2.00 0.00 499.00 0.0% | 1200.00    0.00 HI -50.00 -50.00
2026-09-27T09:09:18.462,DEMO,DEMO,DEMO_MODE,24f8f9829bf14f26914a962224c1ad3a,F1 :    500    1 0.10 -14.44 0.54 50.00  50.0  44.0,0.00 0.00 0.00 89.38 0.54 50.00 0.10 -14.44 6 63 6 63 50.0% 44.0% 250.000 0.000 0.00 -4.90 0.00  2.00 0.00 499.00 0.0% | 1200.00    0.00 HI -50.00 -50.00
2026-09-27T09:09:18.583,DEMO,DEMO,DEMO_MODE,24f8f9829bf14f26914a962224c1ad3a,F1 :    500    1 0.10 -14.44 0.54 50.00  50.0  44.0,0.00 0.00 0.00 89.38 0.54 50.00 0.10 -14.44 6 63 6 63 50.0% 44.0% 250.000 0.000 0.00 -4.90 0.00  2.00 0.00 499.00 0.0% | 1200.00    0.00 HI -50.00 -50.00
2026-09-27T09:09:18.710,DEMO,DEMO,DEMO_MODE,24f8f9829bf14f26914a962224c1ad3a,F1 :    500    1 0.10 -14.44 0.54 50.00  50.0  44.0,0.00 0.00 0.00 89.38 0.54 50.00 0.10 -14.44 6 63 6 63 50.0% 44.0% 250.000 0.000 0.00 -4.90 0.00  2.00 0.00 499.00 0.0% | 1200.00    0.00 HI -50.00 -50.00
2026-09-27T09:09:18.830,DEMO,DEMO,DEMO_MODE,24f8f9829bf14f26914a962224c1ad3a,F1 :    500    1 0.10 -14.44 0.54 50.00  50.0  44.0,0.00 0.00 0.00 89.38 0.54 50.00 0.10 -14.44 6 63 6 63 50.0% 44.0% 250.000 0.000 0.00 -4.90 0.00  2.00 0.00 499.00 0.0% | 1200.00    0.00 HI -50.00 -50.00
2026-09-27T09:09:18.955,DEMO,DEMO,DEMO_MODE,24f8f9829bf14f26914a962224c1ad3a,F1 :    500    1 0.10 -14.44 0.54 50.00  50.0  44.0,0.00 0.00 0.00 89.38 0.54 50.00 0.10 -14.44 6 63 6 63 50.0% 44.0% 250.000 0.000 0.00 -4.90 0.00  2.00 0.00 499.00 0.0% | 1200.00    0.00 HI -50.00 -50.00
2026-09-27T09:09:19.076,DEMO,DEMO,DEMO_MODE,24f8f9829bf14f26914a962224c1ad3a,F1 :    500    1 0.10 -14.44 0.54 50.00  50.0  44.0,0.00 0.00 0.00 89.38 0.54 50.00 0.10 -14.44 6 63 6 63 50.0% 44.0% 250.000 0.000 0.00 -4.90 0.00  2.00 0.00 499.00 0.0% | 1200.00    0.00 HI -50.00 -50.00
2026-09-27T09:09:19.203,DEMO,DEMO,DEMO_MODE,24f8f9829bf14f26914a962224c1ad3a,F1 :    500    1 0.10 -14.44 0.54 50.00  50.0  44.0,0.00 0.00 0.00 89.38 0.54 50.00 0.10 -14.44 6 63 6 63 50.0% 44.0% 250.000 0.000 0.00 -4.90 0.00  2.00 0.00 499.00 0.0% | 1200.00    0.00 HI -50.00 -50.00
2026-09-27T09:09:19.323,DEMO,DEMO,DEMO_MODE,24f8f9829bf14f26914a962224c1ad3a,F1 :    500    1 0.10 -14.44 0.54 50.00  50.0  44.0,0.00 0.00 0.00 89.38 0.54 50.00 0.10 -14.44 6 63 6 63 50.0% 44.0% 250.000 0.000 0.00 -4.90 0.00  2.00 0.00 499.00 0.0% | 1200.00    0.00 HI -50.00 -50.00
2026-09-27T09:09:19.450,DEMO,DEMO,DEMO_MODE,24f8f9829bf14f26914a962224c1ad3a,F1 :    500    1 0.10 -14.44 0.54 50.00  50.0  44.0,0.00 0.00 0.00 89.38 0.54 50.00 0.10 -14.44 6 63 6 63 50.0% 44.0% 250.000 0.000 0.00 -4.90 0.00  2.00 0.00 499.00 0.0% | 1200.00    0.00 HI -50.00 -50.00
2026-09-27T09:09:19.577,DEMO,DEMO,DEMO_MODE,24f8f9829bf14f26914a962224c1ad3a,F1 :    500    1 0.10 -14.44 0.54 50.00  50.0  44.0,0.00 0.00 0.00 89.38 0.54 50.00 0.10 -14.44 6 63 6 63 50.0% 44.0% 250.000 0.000 0.00 -4.90 0.00  2.00 0.00 499.00 0.0% | 1200.00    0.00 HI -50.00 -50.00
2026-09-27T09:09:19.704,DEMO,DEMO,DEMO_MODE,24f8f9829bf14f26914a962224c1ad3a,F1 :    500    1 0.10 -14.44 0.54 50.00  50.0  44.0,0.00 0.00 0.00 89.38 0.54 50.00 0.10 -14.44 6 63 6 63 50.0% 44.0% 250.000 0.000 0.00 -4.90 0.00  2.00 0.00 499.00 0.0% | 1200.00    0.00 HI -50.00 -50.00
2026-09-27T09:09:19.824,DEMO,DEMO,DEMO_MODE,24f8f9829bf14f26914a962224c1ad3a,F1 :    500    1 0.10 -14.44 0.54 50.00  50.0  44.0,0.00 0.00 0.00 89.38 0.54 50.00 0.10 -14.44 6 63 6 63 50.0% 44.0% 250.000 0.000 0.00 -4.90 0.00  2.00 0.00 499.00 0.0% | 1200.00    0.00 HI -50.00 -50.00
2026-09-27T09:09:19.951,DEMO,DEMO,DEMO_MODE,24f8f9829bf14f26914a962224c1ad3a,F1 :    500    1 0.10 -14.44 0.54 50.00  50.0  44.0,0.00 0.00 0.00 89.38 0.54 50.00 0.10 -14.44 6 63 6 63 50.0% 44.0% 250.000 0.000 0.00 -4.90 0.00  2.00 0.00 499.00 0.0% | 1200.00    0.00 HI -50.00 -50.00
2026-09-27T09:09:20.072,DEMO,DEMO,DEMO_MODE,24f8f9829bf14f26914a962224c1ad3a,F1 :    500    1 0.10 -14.44 0.54 50.00  50.0  44.0,0.00 0.00 0.00 89.38 0.54 50.00 0.10 -14.44 6 63 6 63 50.0% 44.0% 250.000 0.000 0.00 -4.90 0.00  2.00 0.00 499.00 0.0% | 1200.00    0.00 HI -50.00 -50.00
2026-09-27T09:09:20.198,DEMO,DEMO,DEMO_MODE,24f8f9829bf14f26914a962224c1ad3a,F1 :    500    1 0.10 -14.44 0.54 50.00  50.0  44.0,0.00 0.00 0.00 89.38 0.54 50.00 0.10 -14.44 6 63 6 63 50.0% 44.0% 250.000 0.000 0.00 -4.90 0.00  2.00 0.00 499.00 0.0% | 1200.00    0.00 HI -50.00 -50.00
2026-09-27T09:09:20.318,DEMO,DEMO,DEMO_MODE,24f8f9829bf14f26914a962224c1ad3a,F1 :    500    1 0.10 -14.44 0.54 50.00  50.0  44.0,0.00 0.00 0.00 89.38 0.54 50.00 0.10 -14.44 6 63 6 63 50.0% 44.0% 250.000 0.000 0.00 -4.90 0.00  2.00 0.00 499.00 0.0% | 1200.00    0.00 HI -50.00 -50.00
2026-09-27T09:09:20.444,DEMO,DEMO,DEMO_MODE,24f8f9829bf14f26914a962224c1ad3a,F1 :    500    1 0.10 -14.44 0.54 50.00  50.0  44.0,0.00 0.00 0.00 89.38 0.54 50.00 0.10 -14.44 6 63 6 63 50.0% 44.0% 250.000 0.000 0.00 -4.90 0.00  2.00 0.00 499.00 0.0% | 1200.00    0.00 HI -50.00 -50.00
2026-09-27T09:09:20.575,DEMO,DEMO,DEMO_MODE,24f8f9829bf14f26914a962224c1ad3a,F1 :    500    1 0.10 -14.44 0.54 50.00  50.0  44.0,0.00 0.00 0.00 89.38 0.54 50.00 0.10 -14.44 6 63 6 63 50.0% 44.0% 250.000 0.000 0.00 -4.90 0.00  2.00 0.00 499.00 0.0% | 1200.00    0.00 HI -50.00 -50.00
2026-09-27T09:09:20.700,DEMO,DEMO,DEMO_MODE,24f8f9829bf14f26914a962224c1ad3a,F1 :    500    1 0.10 -14.44 0.54 50.00  50.0  44.0,0.00 0.00 0.00 89.38 0.54 50.00 0.10 -14.44 6 63 6 63 50.0% 44.0% 250.000 0.000 0.00 -4.90 0.00  2.00 0.00 499.00 0.0% | 1200.00    0.00 HI -50.00 -50.00
2026-09-27T09:09:20.821,DEMO,DEMO,DEMO_MODE,24f8f9829bf14f26914a962224c1ad3a,F1 :    500    1 0.10 -14.44 0.54 50.00  50.0  44.0,0.00 0.00 0.00 89.38 0.54 50.00 0.10 -14.44 6 63 6 63 50.0% 44.0% 250.000 0.000 0.00 -4.90 0.00  2.00 0.00 499.00 0.0% | 1200.00    0.00 HI -50.00 -50.00
2026-09-27T09:09:20.948,DEMO,DEMO,DEMO_MODE,24f8f9829bf14f26914a962224c1ad3a,F1 :    500    1 0.10 -14.44 0.54 50.00  50.0  44.0,0.00 0.00 0.00 89.38 0.54 50.00 0.10 -14.44 6 63 6 63 50.0% 44.0% 250.000 0.000 0.00 -4.90 0.00  2.00 0.00 499.00 0.0% | 1200.00    0.00 HI -50.00 -50.00
2026-09-27T09:09:21.069,DEMO,DEMO,DEMO_MODE,24f8f9829bf14f26914a962224c1ad3a,F1 :    500    1 0.10 -14.44 0.54 50.00  50.0  44.0,0.00 0.00 0.00 89.38 0.54 50.00 0.10 -14.44 6 63 6 63 50.0% 44.0% 250.000 0.000 0.00 -4.90 0.00  2.00 0.00 499.00 0.0% | 1200.00    0.00 HI -50.00 -50.00
2026-09-27T09:09:21.195,DEMO,DEMO,DEMO_MODE,24f8f9829bf14f26914a962224c1ad3a,F1 :    500    1 0.10 -14.44 0.54 50.00  50.0  44.0,0.00 0.00 0.00 89.38 0.54 50.00 0.10 -14.44 6 63 6 63 50.0% 44.0% 250.000 0.000 0.00 -4.90 0.00  2.00 0.00 499.00 0.0% | 1200.00    0.00 HI -50.00 -50.00
2026-09-27T09:09:21.316,DEMO,DEMO,DEMO_MODE,24f8f9829bf14f26914a962224c1ad3a,F1 :    500    1 0.10 -14.44 0.54 50.00  50.0  44.0,0.00 0.00 0.00 89.38 0.54 50.00 0.10 -14.44 6 63 6 63 50.0% 44.0% 250.000 0.000 0.00 -4.90 0.00  2.00 0.00 499.00 0.0% | 1200.00    0.00 HI -50.00 -50.00
2026-09-27T09:09:21.443,DEMO,DEMO,DEMO_MODE,24f8f9829bf14f26914a962224c1ad3a,F1 :    500    1 0.10 -14.44 0.54 50.00  50.0  44.0,0.00 0.00 0.00 89.38 0.54 50.00 0.10 -14.44 6 63 6 63 50.0% 44.0% 250.000 0.000 0.00 -4.90 0.00  2.00 0.00 499.00 0.0% | 1200.00    0.00 HI -50.00 -50.00
2026-09-27T09:09:21.564,DEMO,DEMO,DEMO_MODE,24f8f9829bf14f26914a962224c1ad3a,F1 :    500    1 0.10 -14.44 0.54 50.00  50.0  44.0,0.00 0.00 0.00 89.38 0.54 50.00 0.10 -14.44 6 63 6 63 50.0% 44.0% 250.000 0.000 0.00 -4.90 0.00  2.00 0.00 499.00 0.0% | 1200.00    0.00 HI -50.00 -50.00
2026-09-27T09:09:21.690,DEMO,DEMO,DEMO_MODE,24f8f9829bf14f26914a962224c1ad3a,F1 :    500    1 0.10 -14.44 0.54 50.00  50.0  44.0,0.00 0.00 0.00 89.38 0.54 50.00 0.10 -14.44 6 63 6 63 50.0% 44.0% 250.000 0.000 0.00 -4.90 0.00  2.00 0.00 499.00 0.0% | 1200.00    0.00 HI -50.00 -50.00
2026-09-27T09:09:21.810,DEMO,DEMO,DEMO_MODE,24f8f9829bf14f26914a962224c1ad3a,F1 :    600    1 0.10 -14.44 0.54 50.00  60.0  48.0,0.00 0.00 0.00 89.38 0.54 50.00 0.10 -14.44 6 63 6 63 60.0% 48.0% 300.000 0.000 0.00 -4.90 0.00  2.00 0.00 599.00 0.0% | 1200.00   10.00 HI -50.00 -50.00
2026-09-27T09:09:21.936,DEMO,DEMO,DEMO_MODE,24f8f9829bf14f26914a962224c1ad3a,F1 :    600    1 0.10 -14.44 0.54 50.00  60.0  48.0,0.00 0.00 0.00 89.38 0.54 50.00 0.10 -14.44 6 63 6 63 60.0% 48.0% 300.000 0.000 0.00 -4.90 0.00  2.00 0.00 599.00 0.0% | 1200.00   10.00 HI -50.00 -50.00
2026-09-27T09:09:22.057,DEMO,DEMO,DEMO_MODE,24f8f9829bf14f26914a962224c1ad3a,F1 :    600    1 0.10 -14.44 0.54 50.00  60.0  48.0,0.00 0.00 0.00 89.38 0.54 50.00 0.10 -14.44 6 63 6 63 60.0% 48.0% 300.000 0.000 0.00 -4.90 0.00  2.00 0.00 599.00 0.0% | 1200.00   10.00 HI -50.00 -50.00
2026-09-27T09:09:22.183,DEMO,DEMO,DEMO_MODE,24f8f9829bf14f26914a962224c1ad3a,F1 :    600    1 0.10 -14.44 0.54 50.00  60.0  48.0,0.00 0.00 0.00 89.38 0.54 50.00 0.10 -14.44 6 63 6 63 60.0% 48.0% 300.000 0.000 0.00 -4.90 0.00  2.00 0.00 599.00 0.0% | 1200.00   10.00 HI -50.00 -50.00
2026-09-27T09:09:22.303,DEMO,DEMO,DEMO_MODE,24f8f9829bf14f26914a962224c1ad3a,F1 :    600    1 0.10 -14.44 0.54 50.00  60.0  48.0,0.00 0.00 0.00 89.38 0.54 50.00 0.10 -14.44 6 63 6 63 60.0% 48.0% 300.000 0.000 0.00 -4.90 0.00  2.00 0.00 599.00 0.0% | 1200.00   10.00 HI -50.00 -50.00
2026-09-27T09:09:22.429,DEMO,DEMO,DEMO_MODE,24f8f9829bf14f26914a962224c1ad3a,F1 :    600    1 0.10 -14.44 0.54 50.00  60.0  48.0,0.00 0.00 0.00 89.38 0.54 50.00 0.10 -14.44 6 63 6 63 60.0% 48.0% 300.000 0.000 0.00 -4.90 0.00  2.00 0.00 599.00 0.0% | 1200.00   10.00 HI -50.00 -50.00
2026-09-27T09:09:22.550,DEMO,DEMO,DEMO_MODE,24f8f9829bf14f26914a962224c1ad3a,F1 :    600    1 0.10 -14.44 0.54 50.00  60.0  48.0,0.00 0.00 0.00 89.38 0.54 50.00 0.10 -14.44 6 63 6 63 60.0% 48.0% 300.000 0.000 0.00 -4.90 0.00  2.00 0.00 599.00 0.0% | 1200.00   10.00 HI -50.00 -50.00
2026-09-27T09:09:22.677,DEMO,DEMO,DEMO_MODE,24f8f9829bf14f26914a962224c1ad3a,F1 :    600    1 0.10 -14.44 0.54 50.00  60.0  48.0,0.00 0.00 0.00 89.38 0.54 50.00 0.10 -14.44 6 63 6 63 60.0% 48.0% 300.000 0.000 0.00 -4.90 0.00  2.00 0.00 599.00 0.0% | 1200.00   10.00 HI -50.00 -50.00
2026-09-27T09:09:22.797,DEMO,DEMO,DEMO_MODE,24f8f9829bf14f26914a962224c1ad3a,F1 :    600    1 0.10 -14.44 0.54 50.00  60.0  48.0,0.00 0.00 0.00 89.38 0.54 50.00 0.10 -14.44 6 63 6 63 60.0% 48.0% 300.000 0.000 0.00 -4.90 0.00  2.00 0.00 599.00 0.0% | 1200.00   10.00 HI -50.00 -50.00
2026-09-27T09:09:22.923,DEMO,DEMO,DEMO_MODE,24f8f9829bf14f26914a962224c1ad3a,F1 :    600    1 0.10 -14.44 0.54 50.00  60.0  48.0,0.00 0.00 0.00 89.38 0.54 50.00 0.10 -14.44 6 63 6 63 60.0% 48.0% 300.000 0.000 0.00 -4.90 0.00  2.00 0.00 599.00 0.0% | 1200.00   10.00 HI -50.00 -50.00
2026-09-27T09:09:23.043,DEMO,DEMO,DEMO_MODE,24f8f9829bf14f26914a962224c1ad3a,F1 :    600    1 0.10 -14.44 0.54 50.00  60.0  48.0,0.00 0.00 0.00 89.38 0.54 50.00 0.10 -14.44 6 63 6 63 60.0% 48.0% 300.000 0.000 0.00 -4.90 0.00  2.00 0.00 599.00 0.0% | 1200.00   10.00 HI -50.00 -50.00
2026-09-27T09:09:23.168,DEMO,DEMO,DEMO_MODE,24f8f9829bf14f26914a962224c1ad3a,F1 :    600    1 0.10 -14.44 0.54 50.00  60.0  48.0,0.00 0.00 0.00 89.38 0.54 50.00 0.10 -14.44 6 63 6 63 60.0% 48.0% 300.000 0.000 0.00 -4.90 0.00  2.00 0.00 599.00 0.0% | 1200.00   10.00 HI -50.00 -50.00
2026-09-27T09:09:23.301,DEMO,DEMO,DEMO_MODE,24f8f9829bf14f26914a962224c1ad3a,F1 :    600    1 0.10 -14.44 0.54 50.00  60.0  48.0,0.00 0.00 0.00 89.38 0.54 50.00 0.10 -14.44 6 63 6 63 60.0% 48.0% 300.000 0.000 0.00 -4.90 0.00  2.00 0.00 599.00 0.0% | 1200.00   10.00 HI -50.00 -50.00
2026-09-27T09:09:23.426,DEMO,DEMO,DEMO_MODE,24f8f9829bf14f26914a962224c1ad3a,F1 :    600    1 0.10 -14.44 0.54 50.00  60.0  48.0,0.00 0.00 0.00 89.38 0.54 50.00 0.10 -14.44 6 63 6 63 60.0% 48.0% 300.000 0.000 0.00 -4.90 0.00  2.00 0.00 599.00 0.0% | 1200.00   10.00 HI -50.00 -50.00
2026-09-27T09:09:23.547,DEMO,DEMO,DEMO_MODE,24f8f9829bf14f26914a962224c1ad3a,F1 :    600    1 0.10 -14.44 0.54 50.00  60.0  48.0,0.00 0.00 0.00 89.38 0.54 50.00 0.10 -14.44 6 63 6 63 60.0% 48.0% 300.000 0.000 0.00 -4.90 0.00  2.00 0.00 599.00 0.0% | 1200.00   10.00 HI -50.00 -50.00
2026-09-27T09:09:23.673,DEMO,DEMO,DEMO_MODE,24f8f9829bf14f26914a962224c1ad3a,F1 :    600    1 0.10 -14.44 0.54 50.00  60.0  48.0,0.00 0.00 0.00 89.38 0.54 50.00 0.10 -14.44 6 63 6 63 60.0% 48.0% 300.000 0.000 0.00 -4.90 0.00  2.00 0.00 599.00 0.0% | 1200.00   10.00 HI -50.00 -50.00
2026-09-27T09:09:23.794,DEMO,DEMO,DEMO_MODE,24f8f9829bf14f26914a962224c1ad3a,F1 :    600    1 0.10 -14.44 0.54 50.00  60.0  48.0,0.00 0.00 0.00 89.38 0.54 50.00 0.10 -14.44 6 63 6 63 60.0% 48.0% 300.000 0.000 0.00 -4.90 0.00  2.00 0.00 599.00 0.0% | 1200.00   10.00 HI -50.00 -50.00
2026-09-27T09:09:23.920,DEMO,DEMO,DEMO_MODE,24f8f9829bf14f26914a962224c1ad3a,F1 :    600    1 0.10 -14.44 0.54 50.00  60.0  48.0,0.00 0.00 0.00 89.38 0.54 50.00 0.10 -14.44 6 63 6 63 60.0% 48.0% 300.000 0.000 0.00 -4.90 0.00  2.00 0.00 599.00 0.0% | 1200.00   10.00 HI -50.00 -50.00
2026-09-27T09:09:24.041,DEMO,DEMO,DEMO_MODE,24f8f9829bf14f26914a962224c1ad3a,F1 :    600    1 0.10 -14.44 0.54 50.00  60.0  48.0,0.00 0.00 0.00 89.38 0.54 50.00 0.10 -14.44 6 63 6 63 60.0% 48.0% 300.000 0.000 0.00 -4.90 0.00  2.00 0.00 599.00 0.0% | 1200.00   10.00 HI -50.00 -50.00
2026-09-27T09:09:24.168,DEMO,DEMO,DEMO_MODE,24f8f9829bf14f26914a962224c1ad3a,F1 :    600    1 0.10 -14.44 0.54 50.00  60.0  48.0,0.00 0.00 0.00 89.38 0.54 50.00 0.10 -14.44 6 63 6 63 60.0% 48.0% 300.000 0.000 0.00 -4.90 0.00  2.00 0.00 599.00 0.0% | 1200.00   10.00 HI -50.00 -50.00
2026-09-27T09:09:24.288,DEMO,DEMO,DEMO_MODE,24f8f9829bf14f26914a962224c1ad3a,F1 :    600    1 0.10 -14.44 0.54 50.00  60.0  48.0,0.00 0.00 0.00 89.38 0.54 50.00 0.10 -14.44 6 63 6 63 60.0% 48.0% 300.000 0.000 0.00 -4.90 0.00  2.00 0.00 599.00 0.0% | 1200.00   10.00 HI -50.00 -50.00
2026-09-27T09:09:24.409,DEMO,DEMO,DEMO_MODE,24f8f9829bf14f26914a962224c1ad3a,F1 :    600    1 0.10 -14.44 0.54 50.00  60.0  48.0,0.00 0.00 0.00 89.38 0.54 50.00 0.10 -14.44 6 63 6 63 60.0% 48.0% 300.000 0.000 0.00 -4.90 0.00  2.00 0.00 599.00 0.0% | 1200.00   10.00 HI -50.00 -50.00
2026-09-27T09:09:24.530,DEMO,DEMO,DEMO_MODE,24f8f9829bf14f26914a962224c1ad3a,F1 :    600    1 0.10 -14.44 0.54 50.00  60.0  48.0,0.00 0.00 0.00 89.38 0.54 50.00 0.10 -14.44 6 63 6 63 60.0% 48.0% 300.000 0.000 0.00 -4.90 0.00  2.00 0.00 599.00 0.0% | 1200.00   10.00 HI -50.00 -50.00
2026-09-27T09:09:24.650,DEMO,DEMO,DEMO_MODE,24f8f9829bf14f26914a962224c1ad3a,F1 :    600    1 0.10 -14.44 0.54 50.00  60.0  48.0,0.00 0.00 0.00 89.38 0.54 50.00 0.10 -14.44 6 63 6 63 60.0% 48.0% 300.000 0.000 0.00 -4.90 0.00  2.00 0.00 599.00 0.0% | 1200.00   10.00 HI -50.00 -50.00
2026-09-27T09:09:24.770,DEMO,DEMO,DEMO_MODE,24f8f9829bf14f26914a962224c1ad3a,F1 :    600    1 0.10 -14.44 0.54 50.00  60.0  48.0,0.00 0.00 0.00 89.38 0.54 50.00 0.10 -14.44 6 63 6 63 60.0% 48.0% 300.000 0.000 0.00 -4.90 0.00  2.00 0.00 599.00 0.0% | 1200.00   10.00 HI -50.00 -50.00
2026-09-27T09:09:24.891,DEMO,DEMO,DEMO_MODE,24f8f9829bf14f26914a962224c1ad3a,F1 :    600    2 0.10 -14.44 0.54 50.00  60.0  48.0,0.00 0.00 0.00 89.38 0.54 50.00 0.10 -14.44 6 63 6 63 60.0% 48.0% 300.000 0.000 0.00 -4.90 0.00  1.99 0.00 598.00 0.0% | 1200.00   10.00 HI -50.00 -50.00
2026-09-27T09:09:25.012,DEMO,DEMO,DEMO_MODE,24f8f9829bf14f26914a962224c1ad3a,F1 :    600    2 0.10 -14.44 0.54 50.00  60.0  48.0,0.00 0.00 0.00 89.38 0.54 50.00 0.10 -14.44 6 63 6 63 60.0% 48.0% 300.000 0.000 0.00 -4.90 0.00  1.99 0.00 598.00 0.0% | 1200.00   10.00 HI -50.00 -50.00
2026-09-27T09:09:25.133,DEMO,DEMO,DEMO_MODE,24f8f9829bf14f26914a962224c1ad3a,F1 :    600    2 0.10 -14.44 0.54 50.00  60.0  48.0,0.00 0.00 0.00 89.38 0.54 50.00 0.10 -14.44 6 63 6 63 60.0% 48.0% 300.000 0.000 0.00 -4.90 0.00  1.99 0.00 598.00 0.0% | 1200.00   10.00 HI -50.00 -50.00
2026-09-27T09:09:25.254,DEMO,DEMO,DEMO_MODE,24f8f9829bf14f26914a962224c1ad3a,F1 :    600    2 0.10 -14.44 0.54 50.00  60.0  48.0,0.00 0.00 0.00 89.38 0.54 50.00 0.10 -14.44 6 63 6 63 60.0% 48.0% 300.000 0.000 0.00 -4.90 0.00  1.99 0.00 598.00 0.0% | 1200.00   10.00 HI -50.00 -50.00
2026-09-27T09:09:25.374,DEMO,DEMO,DEMO_MODE,24f8f9829bf14f26914a962224c1ad3a,F1 :    600    2 0.10 -14.44 0.54 50.00  60.0  48.0,0.00 0.00 0.00 89.38 0.54 50.00 0.10 -14.44 6 63 6 63 60.0% 48.0% 300.000 0.000 0.00 -4.90 0.00  1.99 0.00 598.00 0.0% | 1200.00   10.00 HI -50.00 -50.00
2026-09-27T09:09:25.495,DEMO,DEMO,DEMO_MODE,24f8f9829bf14f26914a962224c1ad3a,F1 :    600    2 0.10 -14.44 0.54 50.00  60.0  48.0,0.00 0.00 0.00 89.38 0.54 50.00 0.10 -14.44 6 63 6 63 60.0% 48.0% 300.000 0.000 0.00 -4.90 0.00  1.99 0.00 598.00 0.0% | 1200.00   10.00 HI -50.00 -50.00
2026-09-27T09:09:25.616,DEMO,DEMO,DEMO_MODE,24f8f9829bf14f26914a962224c1ad3a,F1 :    600    2 0.10 -14.44 0.54 50.00  60.0  48.0,0.00 0.00 0.00 89.38 0.54 50.00 0.10 -14.44 6 63 6 63 60.0% 48.0% 300.000 0.000 0.00 -4.90 0.00  1.99 0.00 598.00 0.0% | 1200.00   10.00 HI -50.00 -50.00
2026-09-27T09:09:25.737,DEMO,DEMO,DEMO_MODE,24f8f9829bf14f26914a962224c1ad3a,F1 :    600    2 0.10 -14.44 0.54 50.00  60.0  48.0,0.00 0.00 0.00 89.38 0.54 50.00 0.10 -14.44 6 63 6 63 60.0% 48.0% 300.000 0.000 0.00 -4.90 0.00  1.99 0.00 598.00 0.0% | 1200.00   10.00 HI -50.00 -50.00
2026-09-27T09:09:25.858,DEMO,DEMO,DEMO_MODE,24f8f9829bf14f26914a962224c1ad3a,F1 :    600    2 0.10 -14.44 0.54 50.00  60.0  48.0,0.00 0.00 0.00 89.38 0.54 50.00 0.10 -14.44 6 63 6 63 60.0% 48.0% 300.000 0.000 0.00 -4.90 0.00  1.99 0.00 598.00 0.0% | 1200.00   10.00 HI -50.00 -50.00
2026-09-27T09:09:25.984,DEMO,DEMO,DEMO_MODE,24f8f9829bf14f26914a962224c1ad3a,F1 :    600    2 0.10 -14.44 0.54 50.00  60.0  48.0,0.00 0.00 0.00 89.38 0.54 50.00 0.10 -14.44 6 63 6 63 60.0% 48.0% 300.000 0.000 0.00 -4.90 0.00  1.99 0.00 598.00 0.0% | 1200.00   10.00 HI -50.00 -50.00
2026-09-27T09:09:26.104,DEMO,DEMO,DEMO_MODE,24f8f9829bf14f26914a962224c1ad3a,F1 :    600    2 0.10 -14.44 0.54 50.00  60.0  48.0,0.00 0.00 0.00 89.38 0.54 50.00 0.10 -14.44 6 63 6 63 60.0% 48.0% 300.000 0.000 0.00 -4.90 0.00  1.99 0.00 598.00 0.0% | 1200.00   10.00 HI -50.00 -50.00
2026-09-27T09:09:26.231,DEMO,DEMO,DEMO_MODE,24f8f9829bf14f26914a962224c1ad3a,F1 :    600    2 0.10 -14.44 0.54 50.00  60.0  48.0,0.00 0.00 0.00 89.38 0.54 50.00 0.10 -14.44 6 63 6 63 60.0% 48.0% 300.000 0.000 0.00 -4.90 0.00  1.99 0.00 598.00 0.0% | 1200.00   10.00 HI -50.00 -50.00
2026-09-27T09:09:26.355,DEMO,DEMO,DEMO_MODE,24f8f9829bf14f26914a962224c1ad3a,F1 :    600    2 0.10 -14.44 0.54 50.00  60.0  48.0,0.00 0.00 0.00 89.38 0.54 50.00 0.10 -14.44 6 63 6 63 60.0% 48.0% 300.000 0.000 0.00 -4.90 0.00  1.99 0.00 598.00 0.0% | 1200.00   10.00 HI -50.00 -50.00
2026-09-27T09:09:26.482,DEMO,DEMO,DEMO_MODE,24f8f9829bf14f26914a962224c1ad3a,F1 :    600    2 0.10 -14.44 0.54 50.00  60.0  48.0,0.00 0.00 0.00 89.38 0.54 50.00 0.10 -14.44 6 63 6 63 60.0% 48.0% 300.000 0.000 0.00 -4.90 0.00  1.99 0.00 598.00 0.0% | 1200.00   10.00 HI -50.00 -50.00
2026-09-27T09:09:26.603,DEMO,DEMO,DEMO_MODE,24f8f9829bf14f26914a962224c1ad3a,F1 :    600    2 0.10 -14.44 0.54 50.00  60.0  48.0,0.00 0.00 0.00 89.38 0.54 50.00 0.10 -14.44 6 63 6 63 60.0% 48.0% 300.000 0.000 0.00 -4.90 0.00  1.99 0.00 598.00 0.0% | 1200.00   10.00 HI -50.00 -50.00
2026-09-27T09:09:26.729,DEMO,DEMO,DEMO_MODE,24f8f9829bf14f26914a962224c1ad3a,F1 :    600    2 0.10 -14.44 0.54 50.00  60.0  48.0,0.00 0.00 0.00 89.38 0.54 50.00 0.10 -14.44 6 63 6 63 60.0% 48.0% 300.000 0.000 0.00 -4.90 0.00  1.99 0.00 598.00 0.0% | 1200.00   10.00 HI -50.00 -50.00
2026-09-27T09:09:26.854,DEMO,DEMO,DEMO_MODE,24f8f9829bf14f26914a962224c1ad3a,F1 :    600    2 0.10 -14.44 0.54 50.00  60.0  48.0,0.00 0.00 0.00 89.38 0.54 50.00 0.10 -14.44 6 63 6 63 60.0% 48.0% 300.000 0.000 0.00 -4.90 0.00  1.99 0.00 598.00 0.0% | 1200.00   10.00 HI -50.00 -50.00
2026-09-27T09:09:26.981,DEMO,DEMO,DEMO_MODE,24f8f9829bf14f26914a962224c1ad3a,F1 :    600    2 0.10 -14.44 0.54 50.00  60.0  52.0,0.00 0.00 0.00 89.38 0.54 50.00 0.10 -14.44 6 63 6 63 60.0% 52.0% 300.000 0.000 0.00 -4.90 0.00  1.99 0.00 598.00 0.0% | 1200.00   10.00 HI -50.00 -50.00
2026-09-27T09:09:27.101,DEMO,DEMO,DEMO_MODE,24f8f9829bf14f26914a962224c1ad3a,F1 :    600    2 0.10 -14.44 0.54 50.00  60.0  52.0,0.00 0.00 0.00 89.38 0.54 50.00 0.10 -14.44 6 63 6 63 60.0% 52.0% 300.000 0.000 0.00 -4.90 0.00  1.99 0.00 598.00 0.0% | 1200.00   10.00 HI -50.00 -50.00
2026-09-27T09:09:27.227,DEMO,DEMO,DEMO_MODE,24f8f9829bf14f26914a962224c1ad3a,F1 :    600    2 0.10 -14.44 0.54 50.00  60.0  52.0,0.00 0.00 0.00 89.38 0.54 50.00 0.10 -14.44 6 63 6 63 60.0% 52.0% 300.000 0.000 0.00 -4.90 0.00  1.99 0.00 598.00 0.0% | 1200.00   10.00 HI -50.00 -50.00
2026-09-27T09:09:27.347,DEMO,DEMO,DEMO_MODE,24f8f9829bf14f26914a962224c1ad3a,F1 :    600    2 0.10 -14.44 0.54 50.00  60.0  52.0,0.00 0.00 0.00 89.38 0.54 50.00 0.10 -14.44 6 63 6 63 60.0% 52.0% 300.000 0.000 0.00 -4.90 0.00  1.99 0.00 598.00 0.0% | 1200.00   10.00 HI -50.00 -50.00
2026-09-27T09:09:27.473,DEMO,DEMO,DEMO_MODE,24f8f9829bf14f26914a962224c1ad3a,F1 :    600    2 0.10 -14.44 0.54 50.00  60.0  52.0,0.00 0.00 0.00 89.38 0.54 50.00 0.10 -14.44 6 63 6 63 60.0% 52.0% 300.000 0.000 0.00 -4.90 0.00  1.99 0.00 598.00 0.0% | 1200.00   10.00 HI -50.00 -50.00
2026-09-27T09:09:27.595,DEMO,DEMO,DEMO_MODE,24f8f9829bf14f26914a962224c1ad3a,F1 :    600    2 0.10 -14.44 0.54 50.00  60.0  52.0,0.00 0.00 0.00 89.38 0.54 50.00 0.10 -14.44 6 63 6 63 60.0% 52.0% 300.000 0.000 0.00 -4.90 0.00  1.99 0.00 598.00 0.0% | 1200.00   10.00 HI -50.00 -50.00
2026-09-27T09:09:27.721,DEMO,DEMO,DEMO_MODE,24f8f9829bf14f26914a962224c1ad3a,F1 :    600    2 0.10 -14.44 0.54 50.00  60.0  52.0,0.00 0.00 0.00 89.38 0.54 50.00 0.10 -14.44 6 63 6 63 60.0% 52.0% 300.000 0.000 0.00 -4.90 0.00  1.99 0.00 598.00 0.0% | 1200.00   10.00 HI -50.00 -50.00
2026-09-27T09:09:27.842,DEMO,DEMO,DEMO_MODE,24f8f9829bf14f26914a962224c1ad3a,F1 :    600    2 0.10 -14.44 0.54 50.00  60.0  52.0,0.00 0.00 0.00 89.38 0.54 50.00 0.10 -14.44 6 63 6 63 60.0% 52.0% 300.000 0.000 0.00 -4.90 0.00  1.99 0.00 598.00 0.0% | 1200.00   10.00 HI -50.00 -50.00
2026-09-27T09:09:27.968,DEMO,DEMO,DEMO_MODE,24f8f9829bf14f26914a962224c1ad3a,F1 :    600    2 0.10 -14.44 0.54 50.00  60.0  52.0,0.00 0.00 0.00 89.38 0.54 50.00 0.10 -14.44 6 63 6 63 60.0% 52.0% 300.000 0.000 0.00 -4.90 0.00  1.99 0.00 598.00 0.0% | 1200.00   10.00 HI -50.00 -50.00
2026-09-27T09:09:28.089,DEMO,DEMO,DEMO_MODE,24f8f9829bf14f26914a962224c1ad3a,F1 :    600    2 0.10 -14.44 0.54 50.00  60.0  52.0,0.00 0.00 0.00 89.38 0.54 50.00 0.10 -14.44 6 63 6 63 60.0% 52.0% 300.000 0.000 0.00 -4.90 0.00  1.99 0.00 598.00 0.0% | 1200.00   10.00 HI -50.00 -50.00
2026-09-27T09:09:28.215,DEMO,DEMO,DEMO_MODE,24f8f9829bf14f26914a962224c1ad3a,F1 :    600    2 0.10 -14.44 0.54 50.00  60.0  52.0,0.00 0.00 0.00 89.38 0.54 50.00 0.10 -14.44 6 63 6 63 60.0% 52.0% 300.000 0.000 0.00 -4.90 0.00  1.99 0.00 598.00 0.0% | 1200.00   10.00 HI -50.00 -50.00
2026-09-27T09:09:28.336,DEMO,DEMO,DEMO_MODE,24f8f9829bf14f26914a962224c1ad3a,F1 :    600    2 0.10 -14.44 0.54 50.00  60.0  52.0,0.00 0.00 0.00 89.38 0.54 50.00 0.10 -14.44 6 63 6 63 60.0% 52.0% 300.000 0.000 0.00 -4.90 0.00  1.99 0.00 598.00 0.0% | 1200.00   10.00 HI -50.00 -50.00
2026-09-27T09:09:28.463,DEMO,DEMO,DEMO_MODE,24f8f9829bf14f26914a962224c1ad3a,F1 :    600    2 0.10 -14.44 0.54 50.00  60.0  52.0,0.00 0.00 0.00 89.38 0.54 50.00 0.10 -14.44 6 63 6 63 60.0% 52.0% 300.000 0.000 0.00 -4.90 0.00  1.99 0.00 598.00 0.0% | 1200.00   10.00 HI -50.00 -50.00
2026-09-27T09:09:28.583,DEMO,DEMO,DEMO_MODE,24f8f9829bf14f26914a962224c1ad3a,F1 :    600    2 0.10 -14.44 0.54 50.00  60.0  52.0,0.00 0.00 0.00 89.38 0.54 50.00 0.10 -14.44 6 63 6 63 60.0% 52.0% 300.000 0.000 0.00 -4.90 0.00  1.99 0.00 598.00 0.0% | 1200.00   10.00 HI -50.00 -50.00
2026-09-27T09:09:28.710,DEMO,DEMO,DEMO_MODE,24f8f9829bf14f26914a962224c1ad3a,F1 :    600    2 0.10 -14.44 0.54 50.00  60.0  52.0,0.00 0.00 0.00 89.38 0.54 50.00 0.10 -14.44 6 63 6 63 60.0% 52.0% 300.000 0.000 0.00 -4.90 0.00  1.99 0.00 598.00 0.0% | 1200.00   10.00 HI -50.00 -50.00
2026-09-27T09:09:28.831,DEMO,DEMO,DEMO_MODE,24f8f9829bf14f26914a962224c1ad3a,F1 :    600    2 0.10 -14.44 0.54 50.00  60.0  52.0,0.00 0.00 0.00 89.38 0.54 50.00 0.10 -14.44 6 63 6 63 60.0% 52.0% 300.000 0.000 0.00 -4.90 0.00  1.99 0.00 598.00 0.0% | 1200.00   10.00 HI -50.00 -50.00
2026-09-27T09:09:28.957,DEMO,DEMO,DEMO_MODE,24f8f9829bf14f26914a962224c1ad3a,F1 :    600    2 0.10 -14.44 0.54 50.00  60.0  52.0,0.00 0.00 0.00 89.38 0.54 50.00 0.10 -14.44 6 63 6 63 60.0% 52.0% 300.000 0.000 0.00 -4.90 0.00  1.99 0.00 598.00 0.0% | 1200.00   10.00 HI -50.00 -50.00
2026-09-27T09:09:29.078,DEMO,DEMO,DEMO_MODE,24f8f9829bf14f26914a962224c1ad3a,F1 :    600    2 0.10 -14.44 0.54 50.00  60.0  52.0,0.00 0.00 0.00 89.38 0.54 50.00 0.10 -14.44 6 63 6 63 60.0% 52.0% 300.000 0.000 0.00 -4.90 0.00  1.99 0.00 598.00 0.0% | 1200.00   10.00 HI -50.00 -50.00
2026-09-27T09:09:29.204,DEMO,DEMO,DEMO_MODE,24f8f9829bf14f26914a962224c1ad3a,F1 :    600    2 0.10 -14.44 0.54 50.00  60.0  52.0,0.00 0.00 0.00 89.38 0.54 50.00 0.10 -14.44 6 63 6 63 60.0% 52.0% 300.000 0.000 0.00 -4.90 0.00  1.99 0.00 598.00 0.0% | 1200.00   10.00 HI -50.00 -50.00
2026-09-27T09:09:29.325,DEMO,DEMO,DEMO_MODE,24f8f9829bf14f26914a962224c1ad3a,F1 :    600    2 0.10 -14.44 0.54 50.00  60.0  52.0,0.00 0.00 0.00 89.38 0.54 50.00 0.10 -14.44 6 63 6 63 60.0% 52.0% 300.000 0.000 0.00 -4.90 0.00  1.99 0.00 598.00 0.0% | 1200.00   10.00 HI -50.00 -50.00
2026-09-27T09:09:29.450,DEMO,DEMO,DEMO_MODE,24f8f9829bf14f26914a962224c1ad3a,F1 :    600    2 0.10 -14.44 0.54 50.00  60.0  52.0,0.00 0.00 0.00 89.38 0.54 50.00 0.10 -14.44 6 63 6 63 60.0% 52.0% 300.000 0.000 0.00 -4.90 0.00  1.99 0.00 598.00 0.0% | 1200.00   10.00 HI -50.00 -50.00
2026-09-27T09:09:29.571,DEMO,DEMO,DEMO_MODE,24f8f9829bf14f26914a962224c1ad3a,F1 :    600    2 0.10 -14.44 0.54 50.00  60.0  52.0,0.00 0.00 0.00 89.38 0.54 50.00 0.10 -14.44 6 63 6 63 60.0% 52.0% 300.000 0.000 0.00 -4.90 0.00  1.99 0.00 598.00 0.0% | 1200.00   10.00 HI -50.00 -50.00
2026-09-27T09:09:29.698,DEMO,DEMO,DEMO_MODE,24f8f9829bf14f26914a962224c1ad3a,F1 :    600    2 0.10 -14.44 0.54 50.00  60.0  52.0,0.00 0.00 0.00 89.38 0.54 50.00 0.10 -14.44 6 63 6 63 60.0% 52.0% 300.000 0.000 0.00 -4.90 0.00  1.99 0.00 598.00 0.0% | 1200.00   10.00 HI -50.00 -50.00
2026-09-27T09:09:29.819,DEMO,DEMO,DEMO_MODE,24f8f9829bf14f26914a962224c1ad3a,F1 :    600    2 0.10 -14.44 0.54 50.00  60.0  52.0,0.00 0.00 0.00 89.38 0.54 50.00 0.10 -14.44 6 63 6 63 60.0% 52.0% 300.000 0.000 0.00 -4.90 0.00  1.99 0.00 598.00 0.0% | 1200.00   10.00 HI -50.00 -50.00
2026-09-27T09:09:29.945,DEMO,DEMO,DEMO_MODE,24f8f9829bf14f26914a962224c1ad3a,F1 :    600    2 0.10 -14.44 0.54 50.00  60.0  52.0,0.00 0.00 0.00 89.38 0.54 50.00 0.10 -14.44 6 63 6 63 60.0% 52.0% 300.000 0.000 0.00 -4.90 0.00  1.99 0.00 598.00 0.0% | 1200.00   10.00 HI -50.00 -50.00
2026-09-27T09:09:30.066,DEMO,DEMO,DEMO_MODE,24f8f9829bf14f26914a962224c1ad3a,F1 :    600    2 0.10 -14.44 0.54 50.00  60.0  52.0,0.00 0.00 0.00 89.38 0.54 50.00 0.10 -14.44 6 63 6 63 60.0% 52.0% 300.000 0.000 0.00 -4.90 0.00  1.99 0.00 598.00 0.0% | 1200.00   10.00 HI -50.00 -50.00
2026-09-27T09:09:30.192,DEMO,DEMO,DEMO_MODE,24f8f9829bf14f26914a962224c1ad3a,F1 :    600    2 0.10 -14.44 0.54 50.00  60.0  52.0,0.00 0.00 0.00 89.38 0.54 50.00 0.10 -14.44 6 63 6 63 60.0% 52.0% 300.000 0.000 0.00 -4.90 0.00  1.99 0.00 598.00 0.0% | 1200.00   10.00 HI -50.00 -50.00
2026-09-27T09:09:30.313,DEMO,DEMO,DEMO_MODE,24f8f9829bf14f26914a962224c1ad3a,F1 :    600    2 0.10 -14.44 0.54 50.00  60.0  52.0,0.00 0.00 0.00 89.38 0.54 50.00 0.10 -14.44 6 63 6 63 60.0% 52.0% 300.000 0.000 0.00 -4.90 0.00  1.99 0.00 598.00 0.0% | 1200.00   10.00 HI -50.00 -50.00
2026-09-27T09:09:30.438,DEMO,DEMO,DEMO_MODE,24f8f9829bf14f26914a962224c1ad3a,F1 :    600    2 0.10 -14.44 0.54 50.00  60.0  52.0,0.00 0.00 0.00 89.38 0.54 50.00 0.10 -14.44 6 63 6 63 60.0% 52.0% 300.000 0.000 0.00 -4.90 0.00  1.99 0.00 598.00 0.0% | 1200.00   10.00 HI -50.00 -50.00
2026-09-27T09:09:30.576,DEMO,DEMO,DEMO_MODE,24f8f9829bf14f26914a962224c1ad3a,F1 :    600    2 0.10 -14.44 0.54 50.00  60.0  52.0,0.00 0.00 0.00 89.38 0.54 50.00 0.10 -14.44 6 63 6 63 60.0% 52.0% 300.000 0.000 0.00 -4.90 0.00  1.99 0.00 598.00 0.0% | 1200.00   10.00 HI -50.00 -50.00
2026-09-27T09:09:30.703,DEMO,DEMO,DEMO_MODE,24f8f9829bf14f26914a962224c1ad3a,F1 :    600    2 0.10 -14.44 0.54 50.00  60.0  52.0,0.00 0.00 0.00 89.38 0.54 50.00 0.10 -14.44 6 63 6 63 60.0% 52.0% 300.000 0.000 0.00 -4.90 0.00  1.99 0.00 598.00 0.0% | 1200.00   10.00 HI -50.00 -50.00
2026-09-27T09:09:30.824,DEMO,DEMO,DEMO_MODE,24f8f9829bf14f26914a962224c1ad3a,F1 :    600    2 0.10 -14.44 0.54 50.00  60.0  52.0,0.00 0.00 0.00 89.38 0.54 50.00 0.10 -14.44 6 63 6 63 60.0% 52.0% 300.000 0.000 0.00 -4.90 0.00  1.99 0.00 598.00 0.0% | 1200.00   10.00 HI -50.00 -50.00
2026-09-27T09:09:30.949,DEMO,DEMO,DEMO_MODE,24f8f9829bf14f26914a962224c1ad3a,F1 :    600    2 0.10 -14.44 0.54 50.00  60.0  52.0,0.00 0.00 0.00 89.38 0.54 50.00 0.10 -14.44 6 63 6 63 60.0% 52.0% 300.000 0.000 0.00 -4.90 0.00  1.99 0.00 598.00 0.0% | 1200.00   10.00 HI -50.00 -50.00
2026-09-27T09:09:31.081,DEMO,DEMO,DEMO_MODE,24f8f9829bf14f26914a962224c1ad3a,F1 :    600    2 0.10 -14.44 0.54 50.00  60.0  52.0,0.00 0.00 0.00 89.38 0.54 50.00 0.10 -14.44 6 63 6 63 60.0% 52.0% 300.000 0.000 0.00 -4.90 0.00  1.99 0.00 598.00 0.0% | 1200.00   10.00 HI -50.00 -50.00
2026-09-27T09:09:31.208,DEMO,DEMO,DEMO_MODE,24f8f9829bf14f26914a962224c1ad3a,F1 :    600    2 0.10 -14.44 0.54 50.00  60.0  52.0,0.00 0.00 0.00 89.38 0.54 50.00 0.10 -14.44 6 63 6 63 60.0% 52.0% 300.000 0.000 0.00 -4.90 0.00  1.99 0.00 598.00 0.0% | 1200.00   10.00 HI -50.00 -50.00
2026-09-27T09:09:31.328,DEMO,DEMO,DEMO_MODE,24f8f9829bf14f26914a962224c1ad3a,F1 :    600    2 0.10 -14.44 0.54 50.00  60.0  52.0,0.00 0.00 0.00 89.38 0.54 50.00 0.10 -14.44 6 63 6 63 60.0% 52.0% 300.000 0.000 0.00 -4.90 0.00  1.99 0.00 598.00 0.0% | 1200.00   10.00 HI -50.00 -50.00
2026-09-27T09:09:31.455,DEMO,DEMO,DEMO_MODE,24f8f9829bf14f26914a962224c1ad3a,F1 :    600    2 0.10 -14.44 0.54 50.00  60.0  52.0,0.00 0.00 0.00 89.38 0.54 50.00 0.10 -14.44 6 63 6 63 60.0% 52.0% 300.000 0.000 0.00 -4.90 0.00  1.99 0.00 598.00 0.0% | 1200.00   10.00 HI -50.00 -50.00
2026-09-27T09:09:31.576,DEMO,DEMO,DEMO_MODE,24f8f9829bf14f26914a962224c1ad3a,F1 :    600    2 0.10 -14.44 0.54 50.00  60.0  52.0,0.00 0.00 0.00 89.38 0.54 50.00 0.10 -14.44 6 63 6 63 60.0% 52.0% 300.000 0.000 0.00 -4.90 0.00  1.99 0.00 598.00 0.0% | 1200.00   10.00 HI -50.00 -50.00
2026-09-27T09:09:31.702,DEMO,DEMO,DEMO_MODE,24f8f9829bf14f26914a962224c1ad3a,F1 :    600    2 0.10 -14.44 0.54 50.00  60.0  52.0,0.00 0.00 0.00 89.38 0.54 50.00 0.10 -14.44 6 63 6 63 60.0% 52.0% 300.000 0.000 0.00 -4.90 0.00  1.99 0.00 598.00 0.0% | 1200.00   10.00 HI -50.00 -50.00
2026-09-27T09:09:31.822,DEMO,DEMO,DEMO_MODE,24f8f9829bf14f26914a962224c1ad3a,F1 :    600    2 0.10 -14.44 0.54 50.00  60.0  52.0,0.00 0.00 0.00 89.38 0.54 50.00 0.10 -14.44 6 63 6 63 60.0% 52.0% 300.000 0.000 0.00 -4.90 0.00  1.99 0.00 598.00 0.0% | 1200.00   10.00 HI -50.00 -50.00
2026-09-27T09:09:31.949,DEMO,DEMO,DEMO_MODE,24f8f9829bf14f26914a962224c1ad3a,F1 :    600    2 0.10 -14.44 0.54 50.00  60.0  52.0,0.00 0.00 0.00 89.38 0.54 50.00 0.10 -14.44 6 63 6 63 60.0% 52.0% 300.000 0.000 0.00 -4.90 0.00  1.99 0.00 598.00 0.0% | 1200.00   10.00 HI -50.00 -50.00
2026-09-27T09:09:32.070,DEMO,DEMO,DEMO_MODE,24f8f9829bf14f26914a962224c1ad3a,F1 :    600    2 0.10 -14.44 0.54 50.00  60.0  52.0,0.00 0.00 0.00 89.38 0.54 50.00 0.10 -14.44 6 63 6 63 60.0% 52.0% 300.000 0.000 0.00 -4.90 0.00  1.99 0.00 598.00 0.0% | 1200.00   10.00 HI -50.00 -50.00
2026-09-27T09:09:32.195,DEMO,DEMO,DEMO_MODE,24f8f9829bf14f26914a962224c1ad3a,F1 :    700    2 0.10 -14.44 0.54 50.00  70.0  56.0,0.00 0.00 0.00 89.38 0.54 50.00 0.10 -14.44 6 63 6 63 70.0% 56.0% 350.000 0.000 0.00 -4.90 0.00  1.99 0.00 698.00 0.0% | 1200.00   20.00 HI -50.00 -50.00
2026-09-27T09:09:32.316,DEMO,DEMO,DEMO_MODE,24f8f9829bf14f26914a962224c1ad3a,F1 :    700    2 0.10 -14.44 0.54 50.00  70.0  56.0,0.00 0.00 0.00 89.38 0.54 50.00 0.10 -14.44 6 63 6 63 70.0% 56.0% 350.000 0.000 0.00 -4.90 0.00  1.99 0.00 698.00 0.0% | 1200.00   20.00 HI -50.00 -50.00
2026-09-27T09:09:32.443,DEMO,DEMO,DEMO_MODE,24f8f9829bf14f26914a962224c1ad3a,F1 :    700    2 0.10 -14.44 0.54 50.00  70.0  56.0,0.00 0.00 0.00 89.38 0.54 50.00 0.10 -14.44 6 63 6 63 70.0% 56.0% 350.000 0.000 0.00 -4.90 0.00  1.99 0.00 698.00 0.0% | 1200.00   20.00 HI -50.00 -50.00
2026-09-27T09:09:32.564,DEMO,DEMO,DEMO_MODE,24f8f9829bf14f26914a962224c1ad3a,F1 :    700    2 0.10 -14.44 0.54 50.00  70.0  56.0,0.00 0.00 0.00 89.38 0.54 50.00 0.10 -14.44 6 63 6 63 70.0% 56.0% 350.000 0.000 0.00 -4.90 0.00  1.99 0.00 698.00 0.0% | 1200.00   20.00 HI -50.00 -50.00
2026-09-27T09:09:32.690,DEMO,DEMO,DEMO_MODE,24f8f9829bf14f26914a962224c1ad3a,F1 :    700    2 0.10 -14.44 0.54 50.00  70.0  56.0,0.00 0.00 0.00 89.38 0.54 50.00 0.10 -14.44 6 63 6 63 70.0% 56.0% 350.000 0.000 0.00 -4.90 0.00  1.99 0.00 698.00 0.0% | 1200.00   20.00 HI -50.00 -50.00
2026-09-27T09:09:32.810,DEMO,DEMO,DEMO_MODE,24f8f9829bf14f26914a962224c1ad3a,F1 :    700    2 0.10 -14.44 0.54 50.00  70.0  56.0,0.00 0.00 0.00 89.38 0.54 50.00 0.10 -14.44 6 63 6 63 70.0% 56.0% 350.000 0.000 0.00 -4.90 0.00  1.99 0.00 698.00 0.0% | 1200.00   20.00 HI -50.00 -50.00
2026-09-27T09:09:32.937,DEMO,DEMO,DEMO_MODE,24f8f9829bf14f26914a962224c1ad3a,F1 :    700    2 0.10 -14.44 0.54 50.00  70.0  56.0,0.00 0.00 0.00 89.38 0.54 50.00 0.10 -14.44 6 63 6 63 70.0% 56.0% 350.000 0.000 0.00 -4.90 0.00  1.99 0.00 698.00 0.0% | 1200.00   20.00 HI -50.00 -50.00
2026-09-27T09:09:33.057,DEMO,DEMO,DEMO_MODE,24f8f9829bf14f26914a962224c1ad3a,F1 :    700    2 0.10 -14.44 0.54 50.00  70.0  56.0,0.00 0.00 0.00 89.38 0.54 50.00 0.10 -14.44 6 63 6 63 70.0% 56.0% 350.000 0.000 0.00 -4.90 0.00  1.99 0.00 698.00 0.0% | 1200.00   20.00 HI -50.00 -50.00
2026-09-27T09:09:33.183,DEMO,DEMO,DEMO_MODE,24f8f9829bf14f26914a962224c1ad3a,F1 :    700    2 0.10 -14.44 0.54 50.00  70.0  56.0,0.00 0.00 0.00 89.38 0.54 50.00 0.10 -14.44 6 63 6 63 70.0% 56.0% 350.000 0.000 0.00 -4.90 0.00  1.99 0.00 698.00 0.0% | 1200.00   20.00 HI -50.00 -50.00
2026-09-27T09:09:33.304,DEMO,DEMO,DEMO_MODE,24f8f9829bf14f26914a962224c1ad3a,F1 :    700    2 0.10 -14.44 0.54 50.00  70.0  56.0,0.00 0.00 0.00 89.38 0.54 50.00 0.10 -14.44 6 63 6 63 70.0% 56.0% 350.000 0.000 0.00 -4.90 0.00  1.99 0.00 698.00 0.0% | 1200.00   20.00 HI -50.00 -50.00
2026-09-27T09:09:33.430,DEMO,DEMO,DEMO_MODE,24f8f9829bf14f26914a962224c1ad3a,F1 :    700    2 0.10 -14.44 0.54 50.00  70.0  56.0,0.00 0.00 0.00 89.38 0.54 50.00 0.10 -14.44 6 63 6 63 70.0% 56.0% 350.000 0.000 0.00 -4.90 0.00  1.99 0.00 698.00 0.0% | 1200.00   20.00 HI -50.00 -50.00
2026-09-27T09:09:33.550,DEMO,DEMO,DEMO_MODE,24f8f9829bf14f26914a962224c1ad3a,F1 :    700    2 0.10 -14.44 0.54 50.00  70.0  56.0,0.00 0.00 0.00 89.38 0.54 50.00 0.10 -14.44 6 63 6 63 70.0% 56.0% 350.000 0.000 0.00 -4.90 0.00  1.99 0.00 698.00 0.0% | 1200.00   20.00 HI -50.00 -50.00
2026-09-27T09:09:33.676,DEMO,DEMO,DEMO_MODE,24f8f9829bf14f26914a962224c1ad3a,F1 :    700    2 0.10 -14.44 0.54 50.00  70.0  56.0,0.00 0.00 0.00 89.38 0.54 50.00 0.10 -14.44 6 63 6 63 70.0% 56.0% 350.000 0.000 0.00 -4.90 0.00  1.99 0.00 698.00 0.0% | 1200.00   20.00 HI -50.00 -50.00
2026-09-27T09:09:33.796,DEMO,DEMO,DEMO_MODE,24f8f9829bf14f26914a962224c1ad3a,F1 :    700    2 0.10 -14.44 0.54 50.00  70.0  56.0,0.00 0.00 0.00 89.38 0.54 50.00 0.10 -14.44 6 63 6 63 70.0% 56.0% 350.000 0.000 0.00 -4.90 0.00  1.99 0.00 698.00 0.0% | 1200.00   20.00 HI -50.00 -50.00
2026-09-27T09:09:33.923,DEMO,DEMO,DEMO_MODE,24f8f9829bf14f26914a962224c1ad3a,F1 :    700    2 0.10 -14.44 0.54 50.00  70.0  56.0,0.00 0.00 0.00 89.38 0.54 50.00 0.10 -14.44 6 63 6 63 70.0% 56.0% 350.000 0.000 0.00 -4.90 0.00  1.99 0.00 698.00 0.0% | 1200.00   20.00 HI -50.00 -50.00
2026-09-27T09:09:34.044,DEMO,DEMO,DEMO_MODE,24f8f9829bf14f26914a962224c1ad3a,F1 :    700    2 0.10 -14.44 0.54 50.00  70.0  56.0,0.00 0.00 0.00 89.38 0.54 50.00 0.10 -14.44 6 63 6 63 70.0% 56.0% 350.000 0.000 0.00 -4.90 0.00  1.99 0.00 698.00 0.0% | 1200.00   20.00 HI -50.00 -50.00
2026-09-27T09:09:34.170,DEMO,DEMO,DEMO_MODE,24f8f9829bf14f26914a962224c1ad3a,F1 :    700    3 0.10 -14.44 0.54 50.00  70.0  56.0,0.00 0.00 0.00 89.38 0.54 50.00 0.10 -14.44 6 63 6 63 70.0% 56.0% 350.000 0.000 0.00 -4.90 0.00  1.99 0.00 697.00 0.0% | 1200.00   20.00 HI -50.00 -50.00
2026-09-27T09:09:34.291,DEMO,DEMO,DEMO_MODE,24f8f9829bf14f26914a962224c1ad3a,F1 :    700    3 0.10 -14.44 0.54 50.00  70.0  56.0,0.00 0.00 0.00 89.38 0.54 50.00 0.10 -14.44 6 63 6 63 70.0% 56.0% 350.000 0.000 0.00 -4.90 0.00  1.99 0.00 697.00 0.0% | 1200.00   20.00 HI -50.00 -50.00
2026-09-27T09:09:34.411,DEMO,DEMO,DEMO_MODE,24f8f9829bf14f26914a962224c1ad3a,F1 :    700    3 0.10 -14.44 0.54 50.00  70.0  56.0,0.00 0.00 0.00 89.38 0.54 50.00 0.10 -14.44 6 63 6 63 70.0% 56.0% 350.000 0.000 0.00 -4.90 0.00  1.99 0.00 697.00 0.0% | 1200.00   20.00 HI -50.00 -50.00
2026-09-27T09:09:34.532,DEMO,DEMO,DEMO_MODE,24f8f9829bf14f26914a962224c1ad3a,F1 :    700    3 0.10 -14.44 0.54 50.00  70.0  56.0,0.00 0.00 0.00 89.38 0.54 50.00 0.10 -14.44 6 63 6 63 70.0% 56.0% 350.000 0.000 0.00 -4.90 0.00  1.99 0.00 697.00 0.0% | 1200.00   20.00 HI -50.00 -50.00
2026-09-27T09:09:34.652,DEMO,DEMO,DEMO_MODE,24f8f9829bf14f26914a962224c1ad3a,F1 :    700    3 0.10 -14.44 0.54 50.00  70.0  56.0,0.00 0.00 0.00 89.38 0.54 50.00 0.10 -14.44 6 63 6 63 70.0% 56.0% 350.000 0.000 0.00 -4.90 0.00  1.99 0.00 697.00 0.0% | 1200.00   20.00 HI -50.00 -50.00
2026-09-27T09:09:34.773,DEMO,DEMO,DEMO_MODE,24f8f9829bf14f26914a962224c1ad3a,F1 :    700    3 0.10 -14.44 0.54 50.00  70.0  56.0,0.00 0.00 0.00 89.38 0.54 50.00 0.10 -14.44 6 63 6 63 70.0% 56.0% 350.000 0.000 0.00 -4.90 0.00  1.99 0.00 697.00 0.0% | 1200.00   20.00 HI -50.00 -50.00
2026-09-27T09:09:34.894,DEMO,DEMO,DEMO_MODE,24f8f9829bf14f26914a962224c1ad3a,F1 :    700    3 0.10 -14.44 0.54 50.00  70.0  56.0,0.00 0.00 0.00 89.38 0.54 50.00 0.10 -14.44 6 63 6 63 70.0% 56.0% 350.000 0.000 0.00 -4.90 0.00  1.99 0.00 697.00 0.0% | 1200.00   20.00 HI -50.00 -50.00
2026-09-27T09:09:35.014,DEMO,DEMO,DEMO_MODE,24f8f9829bf14f26914a962224c1ad3a,F1 :    700    3 0.10 -14.44 0.54 50.00  70.0  56.0,0.00 0.00 0.00 89.38 0.54 50.00 0.10 -14.44 6 63 6 63 70.0% 56.0% 350.000 0.000 0.00 -4.90 0.00  1.99 0.00 697.00 0.0% | 1200.00   20.00 HI -50.00 -50.00
2026-09-27T09:09:35.135,DEMO,DEMO,DEMO_MODE,24f8f9829bf14f26914a962224c1ad3a,F1 :    700    3 0.10 -14.44 0.54 50.00  70.0  56.0,0.00 0.00 0.00 89.38 0.54 50.00 0.10 -14.44 6 63 6 63 70.0% 56.0% 350.000 0.000 0.00 -4.90 0.00  1.99 0.00 697.00 0.0% | 1200.00   20.00 HI -50.00 -50.00
2026-09-27T09:09:35.256,DEMO,DEMO,DEMO_MODE,24f8f9829bf14f26914a962224c1ad3a,F1 :    700    3 0.10 -14.44 0.54 50.00  70.0  56.0,0.00 0.00 0.00 89.38 0.54 50.00 0.10 -14.44 6 63 6 63 70.0% 56.0% 350.000 0.000 0.00 -4.90 0.00  1.99 0.00 697.00 0.0% | 1200.00   20.00 HI -50.00 -50.00
2026-09-27T09:09:35.377,DEMO,DEMO,DEMO_MODE,24f8f9829bf14f26914a962224c1ad3a,F1 :    700    3 0.10 -14.44 0.54 50.00  70.0  56.0,0.00 0.00 0.00 89.38 0.54 50.00 0.10 -14.44 6 63 6 63 70.0% 56.0% 350.000 0.000 0.00 -4.90 0.00  1.99 0.00 697.00 0.0% | 1200.00   20.00 HI -50.00 -50.00
2026-09-27T09:09:35.497,DEMO,DEMO,DEMO_MODE,24f8f9829bf14f26914a962224c1ad3a,F1 :    700    3 0.10 -14.44 0.54 50.00  70.0  56.0,0.00 0.00 0.00 89.38 0.54 50.00 0.10 -14.44 6 63 6 63 70.0% 56.0% 350.000 0.000 0.00 -4.90 0.00  1.99 0.00 697.00 0.0% | 1200.00   20.00 HI -50.00 -50.00
2026-09-27T09:09:35.618,DEMO,DEMO,DEMO_MODE,24f8f9829bf14f26914a962224c1ad3a,F1 :    700    3 0.10 -14.44 0.54 50.00  70.0  56.0,0.00 0.00 0.00 89.38 0.54 50.00 0.10 -14.44 6 63 6 63 70.0% 56.0% 350.000 0.000 0.00 -4.90 0.00  1.99 0.00 697.00 0.0% | 1200.00   20.00 HI -50.00 -50.00
2026-09-27T09:09:35.739,DEMO,DEMO,DEMO_MODE,24f8f9829bf14f26914a962224c1ad3a,F1 :    700    3 0.10 -14.44 0.54 50.00  70.0  56.0,0.00 0.00 0.00 89.38 0.54 50.00 0.10 -14.44 6 63 6 63 70.0% 56.0% 350.000 0.000 0.00 -4.90 0.00  1.99 0.00 697.00 0.0% | 1200.00   20.00 HI -50.00 -50.00
2026-09-27T09:09:35.860,DEMO,DEMO,DEMO_MODE,24f8f9829bf14f26914a962224c1ad3a,F1 :    700    3 0.10 -14.44 0.54 50.00  70.0  56.0,0.00 0.00 0.00 89.38 0.54 50.00 0.10 -14.44 6 63 6 63 70.0% 56.0% 350.000 0.000 0.00 -4.90 0.00  1.99 0.00 697.00 0.0% | 1200.00   20.00 HI -50.00 -50.00
2026-09-27T09:09:35.983,DEMO,DEMO,DEMO_MODE,24f8f9829bf14f26914a962224c1ad3a,F1 :    700    3 0.10 -14.44 0.54 50.00  70.0  56.0,0.00 0.00 0.00 89.38 0.54 50.00 0.10 -14.44 6 63 6 63 70.0% 56.0% 350.000 0.000 0.00 -4.90 0.00  1.99 0.00 697.00 0.0% | 1200.00   20.00 HI -50.00 -50.00
2026-09-27T09:09:36.104,DEMO,DEMO,DEMO_MODE,24f8f9829bf14f26914a962224c1ad3a,F1 :    700    3 0.10 -14.44 0.54 50.00  70.0  56.0,0.00 0.00 0.00 89.38 0.54 50.00 0.10 -14.44 6 63 6 63 70.0% 56.0% 350.000 0.000 0.00 -4.90 0.00  1.99 0.00 697.00 0.0% | 1200.00   20.00 HI -50.00 -50.00
2026-09-27T09:09:36.230,DEMO,DEMO,DEMO_MODE,24f8f9829bf14f26914a962224c1ad3a,F1 :    700    3 0.10 -14.44 0.54 50.00  70.0  56.0,0.00 0.00 0.00 89.38 0.54 50.00 0.10 -14.44 6 63 6 63 70.0% 56.0% 350.000 0.000 0.00 -4.90 0.00  1.99 0.00 697.00 0.0% | 1200.00   20.00 HI -50.00 -50.00
2026-09-27T09:09:36.351,DEMO,DEMO,DEMO_MODE,24f8f9829bf14f26914a962224c1ad3a,F1 :    700    3 0.10 -14.44 0.54 50.00  70.0  56.0,0.00 0.00 0.00 89.38 0.54 50.00 0.10 -14.44 6 63 6 63 70.0% 56.0% 350.000 0.000 0.00 -4.90 0.00  1.99 0.00 697.00 0.0% | 1200.00   20.00 HI -50.00 -50.00
2026-09-27T09:09:36.477,DEMO,DEMO,DEMO_MODE,24f8f9829bf14f26914a962224c1ad3a,F1 :    700    3 0.10 -14.44 0.54 50.00  70.0  56.0,0.00 0.00 0.00 89.38 0.54 50.00 0.10 -14.44 6 63 6 63 70.0% 56.0% 350.000 0.000 0.00 -4.90 0.00  1.99 0.00 697.00 0.0% | 1200.00   20.00 HI -50.00 -50.00
2026-09-27T09:09:36.597,DEMO,DEMO,DEMO_MODE,24f8f9829bf14f26914a962224c1ad3a,F1 :    700    3 0.10 -14.44 0.54 50.00  70.0  56.0,0.00 0.00 0.00 89.38 0.54 50.00 0.10 -14.44 6 63 6 63 70.0% 56.0% 350.000 0.000 0.00 -4.90 0.00  1.99 0.00 697.00 0.0% | 1200.00   20.00 HI -50.00 -50.00
2026-09-27T09:09:36.724,DEMO,DEMO,DEMO_MODE,24f8f9829bf14f26914a962224c1ad3a,F1 :    700    3 0.10 -14.44 0.54 50.00  70.0  56.0,0.00 0.00 0.00 89.38 0.54 50.00 0.10 -14.44 6 63 6 63 70.0% 56.0% 350.000 0.000 0.00 -4.90 0.00  1.99 0.00 697.00 0.0% | 1200.00   20.00 HI -50.00 -50.00
2026-09-27T09:09:36.844,DEMO,DEMO,DEMO_MODE,24f8f9829bf14f26914a962224c1ad3a,F1 :    700    3 0.10 -14.44 0.54 50.00  70.0  56.0,0.00 0.00 0.00 89.38 0.54 50.00 0.10 -14.44 6 63 6 63 70.0% 56.0% 350.000 0.000 0.00 -4.90 0.00  1.99 0.00 697.00 0.0% | 1200.00   20.00 HI -50.00 -50.00
2026-09-27T09:09:36.971,DEMO,DEMO,DEMO_MODE,24f8f9829bf14f26914a962224c1ad3a,F1 :    700    3 0.10 -14.44 0.54 50.00  70.0  56.0,0.00 0.00 0.00 89.38 0.54 50.00 0.10 -14.44 6 63 6 63 70.0% 56.0% 350.000 0.000 0.00 -4.90 0.00  1.99 0.00 697.00 0.0% | 1200.00   20.00 HI -50.00 -50.00
2026-09-27T09:09:37.103,DEMO,DEMO,DEMO_MODE,24f8f9829bf14f26914a962224c1ad3a,F1 :    700    3 0.10 -14.44 0.54 50.00  70.0  56.0,0.00 0.00 0.00 89.38 0.54 50.00 0.10 -14.44 6 63 6 63 70.0% 56.0% 350.000 0.000 0.00 -4.90 0.00  1.99 0.00 697.00 0.0% | 1200.00   20.00 HI -50.00 -50.00
2026-09-27T09:09:37.229,DEMO,DEMO,DEMO_MODE,24f8f9829bf14f26914a962224c1ad3a,F1 :    700    3 0.10 -14.44 0.54 50.00  70.0  60.0,0.00 0.00 0.00 89.38 0.54 50.00 0.10 -14.44 6 63 6 63 70.0% 60.0% 350.000 0.000 0.00 -4.90 0.00  1.99 0.00 697.00 0.0% | 1200.00   20.00 HI -50.00 -50.00
2026-09-27T09:09:37.350,DEMO,DEMO,DEMO_MODE,24f8f9829bf14f26914a962224c1ad3a,F1 :    700    3 0.10 -14.44 0.54 50.00  70.0  60.0,0.00 0.00 0.00 89.38 0.54 50.00 0.10 -14.44 6 63 6 63 70.0% 60.0% 350.000 0.000 0.00 -4.90 0.00  1.99 0.00 697.00 0.0% | 1200.00   20.00 HI -50.00 -50.00
2026-09-27T09:09:37.476,DEMO,DEMO,DEMO_MODE,24f8f9829bf14f26914a962224c1ad3a,F1 :    700    3 0.10 -14.44 0.54 50.00  70.0  60.0,0.00 0.00 0.00 89.38 0.54 50.00 0.10 -14.44 6 63 6 63 70.0% 60.0% 350.000 0.000 0.00 -4.90 0.00  1.99 0.00 697.00 0.0% | 1200.00   20.00 HI -50.00 -50.00
2026-09-27T09:09:37.603,DEMO,DEMO,DEMO_MODE,24f8f9829bf14f26914a962224c1ad3a,F1 :    700    3 0.10 -14.44 0.54 50.00  70.0  60.0,0.00 0.00 0.00 89.38 0.54 50.00 0.10 -14.44 6 63 6 63 70.0% 60.0% 350.000 0.000 0.00 -4.90 0.00  1.99 0.00 697.00 0.0% | 1200.00   20.00 HI -50.00 -50.00
2026-09-27T09:09:37.729,DEMO,DEMO,DEMO_MODE,24f8f9829bf14f26914a962224c1ad3a,F1 :    700    3 0.10 -14.44 0.54 50.00  70.0  60.0,0.00 0.00 0.00 89.38 0.54 50.00 0.10 -14.44 6 63 6 63 70.0% 60.0% 350.000 0.000 0.00 -4.90 0.00  1.99 0.00 697.00 0.0% | 1200.00   20.00 HI -50.00 -50.00
2026-09-27T09:09:37.849,DEMO,DEMO,DEMO_MODE,24f8f9829bf14f26914a962224c1ad3a,F1 :    700    3 0.10 -14.44 0.54 50.00  70.0  60.0,0.00 0.00 0.00 89.38 0.54 50.00 0.10 -14.44 6 63 6 63 70.0% 60.0% 350.000 0.000 0.00 -4.90 0.00  1.99 0.00 697.00 0.0% | 1200.00   20.00 HI -50.00 -50.00
2026-09-27T09:09:37.976,DEMO,DEMO,DEMO_MODE,24f8f9829bf14f26914a962224c1ad3a,F1 :    700    3 0.10 -14.44 0.54 50.00  70.0  60.0,0.00 0.00 0.00 89.38 0.54 50.00 0.10 -14.44 6 63 6 63 70.0% 60.0% 350.000 0.000 0.00 -4.90 0.00  1.99 0.00 697.00 0.0% | 1200.00   20.00 HI -50.00 -50.00
2026-09-27T09:09:38.097,DEMO,DEMO,DEMO_MODE,24f8f9829bf14f26914a962224c1ad3a,F1 :    700    3 0.10 -14.44 0.54 50.00  70.0  60.0,0.00 0.00 0.00 89.38 0.54 50.00 0.10 -14.44 6 63 6 63 70.0% 60.0% 350.000 0.000 0.00 -4.90 0.00  1.99 0.00 697.00 0.0% | 1200.00   20.00 HI -50.00 -50.00
2026-09-27T09:09:38.224,DEMO,DEMO,DEMO_MODE,24f8f9829bf14f26914a962224c1ad3a,F1 :    700    3 0.10 -14.44 0.54 50.00  70.0  60.0,0.00 0.00 0.00 89.38 0.54 50.00 0.10 -14.44 6 63 6 63 70.0% 60.0% 350.000 0.000 0.00 -4.90 0.00  1.99 0.00 697.00 0.0% | 1200.00   20.00 HI -50.00 -50.00
2026-09-27T09:09:38.345,DEMO,DEMO,DEMO_MODE,24f8f9829bf14f26914a962224c1ad3a,F1 :    700    3 0.10 -14.44 0.54 50.00  70.0  60.0,0.00 0.00 0.00 89.38 0.54 50.00 0.10 -14.44 6 63 6 63 70.0% 60.0% 350.000 0.000 0.00 -4.90 0.00  1.99 0.00 697.00 0.0% | 1200.00   20.00 HI -50.00 -50.00
2026-09-27T09:09:38.471,DEMO,DEMO,DEMO_MODE,24f8f9829bf14f26914a962224c1ad3a,F1 :    700    3 0.10 -14.44 0.54 50.00  70.0  60.0,0.00 0.00 0.00 89.38 0.54 50.00 0.10 -14.44 6 63 6 63 70.0% 60.0% 350.000 0.000 0.00 -4.90 0.00  1.99 0.00 697.00 0.0% | 1200.00   20.00 HI -50.00 -50.00
2026-09-27T09:09:38.592,DEMO,DEMO,DEMO_MODE,24f8f9829bf14f26914a962224c1ad3a,F1 :    700    3 0.10 -14.44 0.54 50.00  70.0  60.0,0.00 0.00 0.00 89.38 0.54 50.00 0.10 -14.44 6 63 6 63 70.0% 60.0% 350.000 0.000 0.00 -4.90 0.00  1.99 0.00 697.00 0.0% | 1200.00   20.00 HI -50.00 -50.00
2026-09-27T09:09:38.718,DEMO,DEMO,DEMO_MODE,24f8f9829bf14f26914a962224c1ad3a,F1 :    700    3 0.10 -14.44 0.54 50.00  70.0  60.0,0.00 0.00 0.00 89.38 0.54 50.00 0.10 -14.44 6 63 6 63 70.0% 60.0% 350.000 0.000 0.00 -4.90 0.00  1.99 0.00 697.00 0.0% | 1200.00   20.00 HI -50.00 -50.00
2026-09-27T09:09:38.838,DEMO,DEMO,DEMO_MODE,24f8f9829bf14f26914a962224c1ad3a,F1 :    700    3 0.10 -14.44 0.54 50.00  70.0  60.0,0.00 0.00 0.00 89.38 0.54 50.00 0.10 -14.44 6 63 6 63 70.0% 60.0% 350.000 0.000 0.00 -4.90 0.00  1.99 0.00 697.00 0.0% | 1200.00   20.00 HI -50.00 -50.00
2026-09-27T09:09:38.963,DEMO,DEMO,DEMO_MODE,24f8f9829bf14f26914a962224c1ad3a,F1 :    700    3 0.10 -14.44 0.54 50.00  70.0  60.0,0.00 0.00 0.00 89.38 0.54 50.00 0.10 -14.44 6 63 6 63 70.0% 60.0% 350.000 0.000 0.00 -4.90 0.00  1.99 0.00 697.00 0.0% | 1200.00   20.00 HI -50.00 -50.00
2026-09-27T09:09:39.090,DEMO,DEMO,DEMO_MODE,24f8f9829bf14f26914a962224c1ad3a,F1 :    700    3 0.10 -14.44 0.54 50.00  70.0  60.0,0.00 0.00 0.00 89.38 0.54 50.00 0.10 -14.44 6 63 6 63 70.0% 60.0% 350.000 0.000 0.00 -4.90 0.00  1.99 0.00 697.00 0.0% | 1200.00   20.00 HI -50.00 -50.00
2026-09-27T09:09:39.217,DEMO,DEMO,DEMO_MODE,24f8f9829bf14f26914a962224c1ad3a,F1 :    700    3 0.10 -14.44 0.54 50.00  70.0  60.0,0.00 0.00 0.00 89.38 0.54 50.00 0.10 -14.44 6 63 6 63 70.0% 60.0% 350.000 0.000 0.00 -4.90 0.00  1.99 0.00 697.00 0.0% | 1200.00   20.00 HI -50.00 -50.00
2026-09-27T09:09:39.338,DEMO,DEMO,DEMO_MODE,24f8f9829bf14f26914a962224c1ad3a,F1 :    700    3 0.10 -14.44 0.54 50.00  70.0  60.0,0.00 0.00 0.00 89.38 0.54 50.00 0.10 -14.44 6 63 6 63 70.0% 60.0% 350.000 0.000 0.00 -4.90 0.00  1.99 0.00 697.00 0.0% | 1200.00   20.00 HI -50.00 -50.00
2026-09-27T09:09:39.464,DEMO,DEMO,DEMO_MODE,24f8f9829bf14f26914a962224c1ad3a,F1 :    700    3 0.10 -14.44 0.54 50.00  70.0  60.0,0.00 0.00 0.00 89.38 0.54 50.00 0.10 -14.44 6 63 6 63 70.0% 60.0% 350.000 0.000 0.00 -4.90 0.00  1.99 0.00 697.00 0.0% | 1200.00   20.00 HI -50.00 -50.00
2026-09-27T09:09:39.584,DEMO,DEMO,DEMO_MODE,24f8f9829bf14f26914a962224c1ad3a,F1 :    700    3 0.10 -14.44 0.54 50.00  70.0  60.0,0.00 0.00 0.00 89.38 0.54 50.00 0.10 -14.44 6 63 6 63 70.0% 60.0% 350.000 0.000 0.00 -4.90 0.00  1.99 0.00 697.00 0.0% | 1200.00   20.00 HI -50.00 -50.00
2026-09-27T09:09:39.711,DEMO,DEMO,DEMO_MODE,24f8f9829bf14f26914a962224c1ad3a,F1 :    700    3 0.10 -14.44 0.54 50.00  70.0  60.0,0.00 0.00 0.00 89.38 0.54 50.00 0.10 -14.44 6 63 6 63 70.0% 60.0% 350.000 0.000 0.00 -4.90 0.00  1.99 0.00 697.00 0.0% | 1200.00   20.00 HI -50.00 -50.00
2026-09-27T09:09:39.832,DEMO,DEMO,DEMO_MODE,24f8f9829bf14f26914a962224c1ad3a,F1 :    700    3 0.10 -14.44 0.54 50.00  70.0  60.0,0.00 0.00 0.00 89.38 0.54 50.00 0.10 -14.44 6 63 6 63 70.0% 60.0% 350.000 0.000 0.00 -4.90 0.00  1.99 0.00 697.00 0.0% | 1200.00   20.00 HI -50.00 -50.00
2026-09-27T09:09:39.958,DEMO,DEMO,DEMO_MODE,24f8f9829bf14f26914a962224c1ad3a,F1 :    700    3 0.10 -14.44 0.54 50.00  70.0  60.0,0.00 0.00 0.00 89.38 0.54 50.00 0.10 -14.44 6 63 6 63 70.0% 60.0% 350.000 0.000 0.00 -4.90 0.00  1.99 0.00 697.00 0.0% | 1200.00   20.00 HI -50.00 -50.00
2026-09-27T09:09:40.078,DEMO,DEMO,DEMO_MODE,24f8f9829bf14f26914a962224c1ad3a,F1 :    700    3 0.10 -14.44 0.54 50.00  70.0  60.0,0.00 0.00 0.00 89.38 0.54 50.00 0.10 -14.44 6 63 6 63 70.0% 60.0% 350.000 0.000 0.00 -4.90 0.00  1.99 0.00 697.00 0.0% | 1200.00   20.00 HI -50.00 -50.00
2026-09-27T09:09:40.205,DEMO,DEMO,DEMO_MODE,24f8f9829bf14f26914a962224c1ad3a,F1 :    700    3 0.10 -14.44 0.54 50.00  70.0  60.0,0.00 0.00 0.00 89.38 0.54 50.00 0.10 -14.44 6 63 6 63 70.0% 60.0% 350.000 0.000 0.00 -4.90 0.00  1.99 0.00 697.00 0.0% | 1200.00   20.00 HI -50.00 -50.00
2026-09-27T09:09:40.325,DEMO,DEMO,DEMO_MODE,24f8f9829bf14f26914a962224c1ad3a,F1 :    700    3 0.10 -14.44 0.54 50.00  70.0  60.0,0.00 0.00 0.00 89.38 0.54 50.00 0.10 -14.44 6 63 6 63 70.0% 60.0% 350.000 0.000 0.00 -4.90 0.00  1.99 0.00 697.00 0.0% | 1200.00   20.00 HI -50.00 -50.00
2026-09-27T09:09:40.451,DEMO,DEMO,DEMO_MODE,24f8f9829bf14f26914a962224c1ad3a,F1 :    700    3 0.10 -14.44 0.54 50.00  70.0  60.0,0.00 0.00 0.00 89.38 0.54 50.00 0.10 -14.44 6 63 6 63 70.0% 60.0% 350.000 0.000 0.00 -4.90 0.00  1.99 0.00 697.00 0.0% | 1200.00   20.00 HI -50.00 -50.00
2026-09-27T09:09:40.571,DEMO,DEMO,DEMO_MODE,24f8f9829bf14f26914a962224c1ad3a,F1 :    700    3 0.10 -14.44 0.54 50.00  70.0  60.0,0.00 0.00 0.00 89.38 0.54 50.00 0.10 -14.44 6 63 6 63 70.0% 60.0% 350.000 0.000 0.00 -4.90 0.00  1.99 0.00 697.00 0.0% | 1200.00   20.00 HI -50.00 -50.00
2026-09-27T09:09:40.698,DEMO,DEMO,DEMO_MODE,24f8f9829bf14f26914a962224c1ad3a,F1 :    700    3 0.10 -14.44 0.54 50.00  70.0  60.0,0.00 0.00 0.00 89.38 0.54 50.00 0.10 -14.44 6 63 6 63 70.0% 60.0% 350.000 0.000 0.00 -4.90 0.00  1.99 0.00 697.00 0.0% | 1200.00   20.00 HI -50.00 -50.00
2026-09-27T09:09:40.828,DEMO,DEMO,DEMO_MODE,24f8f9829bf14f26914a962224c1ad3a,F1 :    700    3 0.10 -14.44 0.54 50.00  70.0  60.0,0.00 0.00 0.00 89.38 0.54 50.00 0.10 -14.44 6 63 6 63 70.0% 60.0% 350.000 0.000 0.00 -4.90 0.00  1.99 0.00 697.00 0.0% | 1200.00   20.00 HI -50.00 -50.00
2026-09-27T09:09:40.954,DEMO,DEMO,DEMO_MODE,24f8f9829bf14f26914a962224c1ad3a,F1 :    700    3 0.10 -14.44 0.54 50.00  70.0  60.0,0.00 0.00 0.00 89.38 0.54 50.00 0.10 -14.44 6 63 6 63 70.0% 60.0% 350.000 0.000 0.00 -4.90 0.00  1.99 0.00 697.00 0.0% | 1200.00   20.00 HI -50.00 -50.00
2026-09-27T09:09:41.075,DEMO,DEMO,DEMO_MODE,24f8f9829bf14f26914a962224c1ad3a,F1 :    700    3 0.10 -14.44 0.54 50.00  70.0  60.0,0.00 0.00 0.00 89.38 0.54 50.00 0.10 -14.44 6 63 6 63 70.0% 60.0% 350.000 0.000 0.00 -4.90 0.00  1.99 0.00 697.00 0.0% | 1200.00   20.00 HI -50.00 -50.00
2026-09-27T09:09:41.201,DEMO,DEMO,DEMO_MODE,24f8f9829bf14f26914a962224c1ad3a,F1 :    700    3 0.10 -14.44 0.54 50.00  70.0  60.0,0.00 0.00 0.00 89.38 0.54 50.00 0.10 -14.44 6 63 6 63 70.0% 60.0% 350.000 0.000 0.00 -4.90 0.00  1.99 0.00 697.00 0.0% | 1200.00   20.00 HI -50.00 -50.00
2026-09-27T09:09:41.322,DEMO,DEMO,DEMO_MODE,24f8f9829bf14f26914a962224c1ad3a,F1 :    700    3 0.10 -14.44 0.54 50.00  70.0  60.0,0.00 0.00 0.00 89.38 0.54 50.00 0.10 -14.44 6 63 6 63 70.0% 60.0% 350.000 0.000 0.00 -4.90 0.00  1.99 0.00 697.00 0.0% | 1200.00   20.00 HI -50.00 -50.00
2026-09-27T09:09:41.447,DEMO,DEMO,DEMO_MODE,24f8f9829bf14f26914a962224c1ad3a,F1 :    700    3 0.10 -14.44 0.54 50.00  70.0  60.0,0.00 0.00 0.00 89.38 0.54 50.00 0.10 -14.44 6 63 6 63 70.0% 60.0% 350.000 0.000 0.00 -4.90 0.00  1.99 0.00 697.00 0.0% | 1200.00   20.00 HI -50.00 -50.00
2026-09-27T09:09:41.568,DEMO,DEMO,DEMO_MODE,24f8f9829bf14f26914a962224c1ad3a,F1 :    700    3 0.10 -14.44 0.54 50.00  70.0  60.0,0.00 0.00 0.00 89.38 0.54 50.00 0.10 -14.44 6 63 6 63 70.0% 60.0% 350.000 0.000 0.00 -4.90 0.00  1.99 0.00 697.00 0.0% | 1200.00   20.00 HI -50.00 -50.00
2026-09-27T09:09:41.695,DEMO,DEMO,DEMO_MODE,24f8f9829bf14f26914a962224c1ad3a,F1 :    700    3 0.10 -14.44 0.54 50.00  70.0  60.0,0.00 0.00 0.00 89.38 0.54 50.00 0.10 -14.44 6 63 6 63 70.0% 60.0% 350.000 0.000 0.00 -4.90 0.00  1.99 0.00 697.00 0.0% | 1200.00   20.00 HI -50.00 -50.00
2026-09-27T09:09:41.816,DEMO,DEMO,DEMO_MODE,24f8f9829bf14f26914a962224c1ad3a,F1 :    700    3 0.10 -14.44 0.54 50.00  70.0  60.0,0.00 0.00 0.00 89.38 0.54 50.00 0.10 -14.44 6 63 6 63 70.0% 60.0% 350.000 0.000 0.00 -4.90 0.00  1.99 0.00 697.00 0.0% | 1200.00   20.00 HI -50.00 -50.00
2026-09-27T09:09:41.942,DEMO,DEMO,DEMO_MODE,24f8f9829bf14f26914a962224c1ad3a,F1 :    700    3 0.10 -14.44 0.54 50.00  70.0  60.0,0.00 0.00 0.00 89.38 0.54 50.00 0.10 -14.44 6 63 6 63 70.0% 60.0% 350.000 0.000 0.00 -4.90 0.00  1.99 0.00 697.00 0.0% | 1200.00   20.00 HI -50.00 -50.00
2026-09-27T09:09:42.063,DEMO,DEMO,DEMO_MODE,24f8f9829bf14f26914a962224c1ad3a,F1 :    700    3 0.10 -14.44 0.54 50.00  70.0  60.0,0.00 0.00 0.00 89.38 0.54 50.00 0.10 -14.44 6 63 6 63 70.0% 60.0% 350.000 0.000 0.00 -4.90 0.00  1.99 0.00 697.00 0.0% | 1200.00   20.00 HI -50.00 -50.00
2026-09-27T09:09:42.189,DEMO,DEMO,DEMO_MODE,24f8f9829bf14f26914a962224c1ad3a,F1 :    700    3 0.10 -14.44 0.54 50.00  70.0  60.0,0.00 0.00 0.00 89.38 0.54 50.00 0.10 -14.44 6 63 6 63 70.0% 60.0% 350.000 0.000 0.00 -4.90 0.00  1.99 0.00 697.00 0.0% | 1200.00   20.00 HI -50.00 -50.00
2026-09-27T09:09:42.310,DEMO,DEMO,DEMO_MODE,24f8f9829bf14f26914a962224c1ad3a,F1 :    700    3 0.10 -14.44 0.54 50.00  70.0  60.0,0.00 0.00 0.00 89.38 0.54 50.00 0.10 -14.44 6 63 6 63 70.0% 60.0% 350.000 0.000 0.00 -4.90 0.00  1.99 0.00 697.00 0.0% | 1200.00   20.00 HI -50.00 -50.00
2026-09-27T09:09:42.436,DEMO,DEMO,DEMO_MODE,24f8f9829bf14f26914a962224c1ad3a,F1 :    800    3 0.10 -14.44 0.54 50.00  80.0  64.0,0.00 0.00 0.00 89.38 0.54 50.00 0.10 -14.44 6 63 6 63 80.0% 64.0% 400.000 0.000 0.00 -4.90 0.00  1.99 0.00 797.00 0.0% | 1200.00   30.00 HI -50.00 -50.00
2026-09-27T09:09:42.557,DEMO,DEMO,DEMO_MODE,24f8f9829bf14f26914a962224c1ad3a,F1 :    800    3 0.10 -14.44 0.54 50.00  80.0  64.0,0.00 0.00 0.00 89.38 0.54 50.00 0.10 -14.44 6 63 6 63 80.0% 64.0% 400.000 0.000 0.00 -4.90 0.00  1.99 0.00 797.00 0.0% | 1200.00   30.00 HI -50.00 -50.00
2026-09-27T09:09:42.683,DEMO,DEMO,DEMO_MODE,24f8f9829bf14f26914a962224c1ad3a,F1 :    800    3 0.10 -14.44 0.54 50.00  80.0  64.0,0.00 0.00 0.00 89.38 0.54 50.00 0.10 -14.44 6 63 6 63 80.0% 64.0% 400.000 0.000 0.00 -4.90 0.00  1.99 0.00 797.00 0.0% | 1200.00   30.00 HI -50.00 -50.00
2026-09-27T09:09:42.803,DEMO,DEMO,DEMO_MODE,24f8f9829bf14f26914a962224c1ad3a,F1 :    800    3 0.10 -14.44 0.54 50.00  80.0  64.0,0.00 0.00 0.00 89.38 0.54 50.00 0.10 -14.44 6 63 6 63 80.0% 64.0% 400.000 0.000 0.00 -4.90 0.00  1.99 0.00 797.00 0.0% | 1200.00   30.00 HI -50.00 -50.00
2026-09-27T09:09:42.929,DEMO,DEMO,DEMO_MODE,24f8f9829bf14f26914a962224c1ad3a,F1 :    800    3 0.10 -14.44 0.54 50.00  80.0  64.0,0.00 0.00 0.00 89.38 0.54 50.00 0.10 -14.44 6 63 6 63 80.0% 64.0% 400.000 0.000 0.00 -4.90 0.00  1.99 0.00 797.00 0.0% | 1200.00   30.00 HI -50.00 -50.00
2026-09-27T09:09:43.049,DEMO,DEMO,DEMO_MODE,24f8f9829bf14f26914a962224c1ad3a,F1 :    800    3 0.10 -14.44 0.54 50.00  80.0  64.0,0.00 0.00 0.00 89.38 0.54 50.00 0.10 -14.44 6 63 6 63 80.0% 64.0% 400.000 0.000 0.00 -4.90 0.00  1.99 0.00 797.00 0.0% | 1200.00   30.00 HI -50.00 -50.00
2026-09-27T09:09:43.175,DEMO,DEMO,DEMO_MODE,24f8f9829bf14f26914a962224c1ad3a,F1 :    800    3 0.10 -14.44 0.54 50.00  80.0  64.0,0.00 0.00 0.00 89.38 0.54 50.00 0.10 -14.44 6 63 6 63 80.0% 64.0% 400.000 0.000 0.00 -4.90 0.00  1.99 0.00 797.00 0.0% | 1200.00   30.00 HI -50.00 -50.00
2026-09-27T09:09:43.295,DEMO,DEMO,DEMO_MODE,24f8f9829bf14f26914a962224c1ad3a,F1 :    800    3 0.10 -14.44 0.54 50.00  80.0  64.0,0.00 0.00 0.00 89.38 0.54 50.00 0.10 -14.44 6 63 6 63 80.0% 64.0% 400.000 0.000 0.00 -4.90 0.00  1.99 0.00 797.00 0.0% | 1200.00   30.00 HI -50.00 -50.00
2026-09-27T09:09:43.423,DEMO,DEMO,DEMO_MODE,24f8f9829bf14f26914a962224c1ad3a,F1 :    800    4 0.10 -14.44 0.54 50.00  80.0  64.0,0.00 0.00 0.00 89.38 0.54 50.00 0.10 -14.44 6 63 6 63 80.0% 64.0% 400.000 0.000 0.00 -4.90 0.00  1.99 0.00 796.00 0.0% | 1200.00   30.00 HI -50.00 -50.00
2026-09-27T09:09:43.544,DEMO,DEMO,DEMO_MODE,24f8f9829bf14f26914a962224c1ad3a,F1 :    800    4 0.10 -14.44 0.54 50.00  80.0  64.0,0.00 0.00 0.00 89.38 0.54 50.00 0.10 -14.44 6 63 6 63 80.0% 64.0% 400.000 0.000 0.00 -4.90 0.00  1.99 0.00 796.00 0.0% | 1200.00   30.00 HI -50.00 -50.00
2026-09-27T09:09:43.664,DEMO,DEMO,DEMO_MODE,24f8f9829bf14f26914a962224c1ad3a,F1 :    800    4 0.10 -14.44 0.54 50.00  80.0  64.0,0.00 0.00 0.00 89.38 0.54 50.00 0.10 -14.44 6 63 6 63 80.0% 64.0% 400.000 0.000 0.00 -4.90 0.00  1.99 0.00 796.00 0.0% | 1200.00   30.00 HI -50.00 -50.00
2026-09-27T09:09:43.790,DEMO,DEMO,DEMO_MODE,24f8f9829bf14f26914a962224c1ad3a,F1 :    800    4 0.10 -14.44 0.54 50.00  80.0  64.0,0.00 0.00 0.00 89.38 0.54 50.00 0.10 -14.44 6 63 6 63 80.0% 64.0% 400.000 0.000 0.00 -4.90 0.00  1.99 0.00 796.00 0.0% | 1200.00   30.00 HI -50.00 -50.00
2026-09-27T09:09:43.910,DEMO,DEMO,DEMO_MODE,24f8f9829bf14f26914a962224c1ad3a,F1 :    800    4 0.10 -14.44 0.54 50.00  80.0  64.0,0.00 0.00 0.00 89.38 0.54 50.00 0.10 -14.44 6 63 6 63 80.0% 64.0% 400.000 0.000 0.00 -4.90 0.00  1.99 0.00 796.00 0.0% | 1200.00   30.00 HI -50.00 -50.00
2026-09-27T09:09:44.031,DEMO,DEMO,DEMO_MODE,24f8f9829bf14f26914a962224c1ad3a,F1 :    800    4 0.10 -14.44 0.54 50.00  80.0  64.0,0.00 0.00 0.00 89.38 0.54 50.00 0.10 -14.44 6 63 6 63 80.0% 64.0% 400.000 0.000 0.00 -4.90 0.00  1.99 0.00 796.00 0.0% | 1200.00   30.00 HI -50.00 -50.00
2026-09-27T09:09:44.152,DEMO,DEMO,DEMO_MODE,24f8f9829bf14f26914a962224c1ad3a,F1 :    800    4 0.10 -14.44 0.54 50.00  80.0  64.0,0.00 0.00 0.00 89.38 0.54 50.00 0.10 -14.44 6 63 6 63 80.0% 64.0% 400.000 0.000 0.00 -4.90 0.00  1.99 0.00 796.00 0.0% | 1200.00   30.00 HI -50.00 -50.00
2026-09-27T09:09:44.273,DEMO,DEMO,DEMO_MODE,24f8f9829bf14f26914a962224c1ad3a,F1 :    800    4 0.10 -14.44 0.54 50.00  80.0  64.0,0.00 0.00 0.00 89.38 0.54 50.00 0.10 -14.44 6 63 6 63 80.0% 64.0% 400.000 0.000 0.00 -4.90 0.00  1.99 0.00 796.00 0.0% | 1200.00   30.00 HI -50.00 -50.00
2026-09-27T09:09:44.394,DEMO,DEMO,DEMO_MODE,24f8f9829bf14f26914a962224c1ad3a,F1 :    800    4 0.10 -14.44 0.54 50.00  80.0  64.0,0.00 0.00 0.00 89.38 0.54 50.00 0.10 -14.44 6 63 6 63 80.0% 64.0% 400.000 0.000 0.00 -4.90 0.00  1.99 0.00 796.00 0.0% | 1200.00   30.00 HI -50.00 -50.00
2026-09-27T09:09:44.515,DEMO,DEMO,DEMO_MODE,24f8f9829bf14f26914a962224c1ad3a,F1 :    800    4 0.10 -14.44 0.54 50.00  80.0  64.0,0.00 0.00 0.00 89.38 0.54 50.00 0.10 -14.44 6 63 6 63 80.0% 64.0% 400.000 0.000 0.00 -4.90 0.00  1.99 0.00 796.00 0.0% | 1200.00   30.00 HI -50.00 -50.00
2026-09-27T09:09:44.636,DEMO,DEMO,DEMO_MODE,24f8f9829bf14f26914a962224c1ad3a,F1 :    800    4 0.10 -14.44 0.54 50.00  80.0  64.0,0.00 0.00 0.00 89.38 0.54 50.00 0.10 -14.44 6 63 6 63 80.0% 64.0% 400.000 0.000 0.00 -4.90 0.00  1.99 0.00 796.00 0.0% | 1200.00   30.00 HI -50.00 -50.00
2026-09-27T09:09:44.757,DEMO,DEMO,DEMO_MODE,24f8f9829bf14f26914a962224c1ad3a,F1 :    800    4 0.10 -14.44 0.54 50.00  80.0  64.0,0.00 0.00 0.00 89.38 0.54 50.00 0.10 -14.44 6 63 6 63 80.0% 64.0% 400.000 0.000 0.00 -4.90 0.00  1.99 0.00 796.00 0.0% | 1200.00   30.00 HI -50.00 -50.00
2026-09-27T09:09:44.877,DEMO,DEMO,DEMO_MODE,24f8f9829bf14f26914a962224c1ad3a,F1 :    800    4 0.10 -14.44 0.54 50.00  80.0  64.0,0.00 0.00 0.00 89.38 0.54 50.00 0.10 -14.44 6 63 6 63 80.0% 64.0% 400.000 0.000 0.00 -4.90 0.00  1.99 0.00 796.00 0.0% | 1200.00   30.00 HI -50.00 -50.00
2026-09-27T09:09:44.998,DEMO,DEMO,DEMO_MODE,24f8f9829bf14f26914a962224c1ad3a,F1 :    800    4 0.10 -14.44 0.54 50.00  80.0  64.0,0.00 0.00 0.00 89.38 0.54 50.00 0.10 -14.44 6 63 6 63 80.0% 64.0% 400.000 0.000 0.00 -4.90 0.00  1.99 0.00 796.00 0.0% | 1200.00   30.00 HI -50.00 -50.00
2026-09-27T09:09:45.118,DEMO,DEMO,DEMO_MODE,24f8f9829bf14f26914a962224c1ad3a,F1 :    800    4 0.10 -14.44 0.54 50.00  80.0  64.0,0.00 0.00 0.00 89.38 0.54 50.00 0.10 -14.44 6 63 6 63 80.0% 64.0% 400.000 0.000 0.00 -4.90 0.00  1.99 0.00 796.00 0.0% | 1200.00   30.00 HI -50.00 -50.00
2026-09-27T09:09:45.239,DEMO,DEMO,DEMO_MODE,24f8f9829bf14f26914a962224c1ad3a,F1 :    800    4 0.10 -14.44 0.54 50.00  80.0  64.0,0.00 0.00 0.00 89.38 0.54 50.00 0.10 -14.44 6 63 6 63 80.0% 64.0% 400.000 0.000 0.00 -4.90 0.00  1.99 0.00 796.00 0.0% | 1200.00   30.00 HI -50.00 -50.00
2026-09-27T09:09:45.360,DEMO,DEMO,DEMO_MODE,24f8f9829bf14f26914a962224c1ad3a,F1 :    800    4 0.10 -14.44 0.54 50.00  80.0  64.0,0.00 0.00 0.00 89.38 0.54 50.00 0.10 -14.44 6 63 6 63 80.0% 64.0% 400.000 0.000 0.00 -4.90 0.00  1.99 0.00 796.00 0.0% | 1200.00   30.00 HI -50.00 -50.00
2026-09-27T09:09:45.481,DEMO,DEMO,DEMO_MODE,24f8f9829bf14f26914a962224c1ad3a,F1 :    800    4 0.10 -14.44 0.54 50.00  80.0  64.0,0.00 0.00 0.00 89.38 0.54 50.00 0.10 -14.44 6 63 6 63 80.0% 64.0% 400.000 0.000 0.00 -4.90 0.00  1.99 0.00 796.00 0.0% | 1200.00   30.00 HI -50.00 -50.00
2026-09-27T09:09:45.602,DEMO,DEMO,DEMO_MODE,24f8f9829bf14f26914a962224c1ad3a,F1 :    800    4 0.10 -14.44 0.54 50.00  80.0  64.0,0.00 0.00 0.00 89.38 0.54 50.00 0.10 -14.44 6 63 6 63 80.0% 64.0% 400.000 0.000 0.00 -4.90 0.00  1.99 0.00 796.00 0.0% | 1200.00   30.00 HI -50.00 -50.00
2026-09-27T09:09:45.728,DEMO,DEMO,DEMO_MODE,24f8f9829bf14f26914a962224c1ad3a,F1 :    800    4 0.10 -14.44 0.54 50.00  80.0  64.0,0.00 0.00 0.00 89.38 0.54 50.00 0.10 -14.44 6 63 6 63 80.0% 64.0% 400.000 0.000 0.00 -4.90 0.00  1.99 0.00 796.00 0.0% | 1200.00   30.00 HI -50.00 -50.00
2026-09-27T09:09:45.849,DEMO,DEMO,DEMO_MODE,24f8f9829bf14f26914a962224c1ad3a,F1 :    800    4 0.10 -14.44 0.54 50.00  80.0  64.0,0.00 0.00 0.00 89.38 0.54 50.00 0.10 -14.44 6 63 6 63 80.0% 64.0% 400.000 0.000 0.00 -4.90 0.00  1.99 0.00 796.00 0.0% | 1200.00   30.00 HI -50.00 -50.00
2026-09-27T09:09:45.975,DEMO,DEMO,DEMO_MODE,24f8f9829bf14f26914a962224c1ad3a,F1 :    800    4 0.10 -14.44 0.54 50.00  80.0  64.0,0.00 0.00 0.00 89.38 0.54 50.00 0.10 -14.44 6 63 6 63 80.0% 64.0% 400.000 0.000 0.00 -4.90 0.00  1.99 0.00 796.00 0.0% | 1200.00   30.00 HI -50.00 -50.00
2026-09-27T09:09:46.100,DEMO,DEMO,DEMO_MODE,24f8f9829bf14f26914a962224c1ad3a,F1 :    800    4 0.10 -14.44 0.54 50.00  80.0  64.0,0.00 0.00 0.00 89.38 0.54 50.00 0.10 -14.44 6 63 6 63 80.0% 64.0% 400.000 0.000 0.00 -4.90 0.00  1.99 0.00 796.00 0.0% | 1200.00   30.00 HI -50.00 -50.00
2026-09-27T09:09:46.227,DEMO,DEMO,DEMO_MODE,24f8f9829bf14f26914a962224c1ad3a,F1 :    800    4 0.10 -14.44 0.54 50.00  80.0  64.0,0.00 0.00 0.00 89.38 0.54 50.00 0.10 -14.44 6 63 6 63 80.0% 64.0% 400.000 0.000 0.00 -4.90 0.00  1.99 0.00 796.00 0.0% | 1200.00   30.00 HI -50.00 -50.00
2026-09-27T09:09:46.354,DEMO,DEMO,DEMO_MODE,24f8f9829bf14f26914a962224c1ad3a,F1 :    800    4 0.10 -14.44 0.54 50.00  80.0  64.0,0.00 0.00 0.00 89.38 0.54 50.00 0.10 -14.44 6 63 6 63 80.0% 64.0% 400.000 0.000 0.00 -4.90 0.00  1.99 0.00 796.00 0.0% | 1200.00   30.00 HI -50.00 -50.00
2026-09-27T09:09:46.479,DEMO,DEMO,DEMO_MODE,24f8f9829bf14f26914a962224c1ad3a,F1 :    800    4 0.10 -14.44 0.54 50.00  80.0  64.0,0.00 0.00 0.00 89.38 0.54 50.00 0.10 -14.44 6 63 6 63 80.0% 64.0% 400.000 0.000 0.00 -4.90 0.00  1.99 0.00 796.00 0.0% | 1200.00   30.00 HI -50.00 -50.00
2026-09-27T09:09:46.605,DEMO,DEMO,DEMO_MODE,24f8f9829bf14f26914a962224c1ad3a,F1 :    800    4 0.10 -14.44 0.54 50.00  80.0  64.0,0.00 0.00 0.00 89.38 0.54 50.00 0.10 -14.44 6 63 6 63 80.0% 64.0% 400.000 0.000 0.00 -4.90 0.00  1.99 0.00 796.00 0.0% | 1200.00   30.00 HI -50.00 -50.00
2026-09-27T09:09:46.732,DEMO,DEMO,DEMO_MODE,24f8f9829bf14f26914a962224c1ad3a,F1 :    800    4 0.10 -14.44 0.54 50.00  80.0  64.0,0.00 0.00 0.00 89.38 0.54 50.00 0.10 -14.44 6 63 6 63 80.0% 64.0% 400.000 0.000 0.00 -4.90 0.00  1.99 0.00 796.00 0.0% | 1200.00   30.00 HI -50.00 -50.00
2026-09-27T09:09:46.853,DEMO,DEMO,DEMO_MODE,24f8f9829bf14f26914a962224c1ad3a,F1 :    800    4 0.10 -14.44 0.54 50.00  80.0  64.0,0.00 0.00 0.00 89.38 0.54 50.00 0.10 -14.44 6 63 6 63 80.0% 64.0% 400.000 0.000 0.00 -4.90 0.00  1.99 0.00 796.00 0.0% | 1200.00   30.00 HI -50.00 -50.00
2026-09-27T09:09:46.978,DEMO,DEMO,DEMO_MODE,24f8f9829bf14f26914a962224c1ad3a,F1 :    800    4 0.10 -14.44 0.54 50.00  80.0  64.0,0.00 0.00 0.00 89.38 0.54 50.00 0.10 -14.44 6 63 6 63 80.0% 64.0% 400.000 0.000 0.00 -4.90 0.00  1.99 0.00 796.00 0.0% | 1200.00   30.00 HI -50.00 -50.00
2026-09-27T09:09:47.099,DEMO,DEMO,DEMO_MODE,24f8f9829bf14f26914a962224c1ad3a,F1 :    800    4 0.10 -14.44 0.54 50.00  80.0  64.0,0.00 0.00 0.00 89.38 0.54 50.00 0.10 -14.44 6 63 6 63 80.0% 64.0% 400.000 0.000 0.00 -4.90 0.00  1.99 0.00 796.00 0.0% | 1200.00   30.00 HI -50.00 -50.00
2026-09-27T09:09:47.225,DEMO,DEMO,DEMO_MODE,24f8f9829bf14f26914a962224c1ad3a,F1 :    800    4 0.10 -14.44 0.54 50.00  80.0  64.0,0.00 0.00 0.00 89.38 0.54 50.00 0.10 -14.44 6 63 6 63 80.0% 64.0% 400.000 0.000 0.00 -4.90 0.00  1.99 0.00 796.00 0.0% | 1200.00   30.00 HI -50.00 -50.00
2026-09-27T09:09:47.346,DEMO,DEMO,DEMO_MODE,24f8f9829bf14f26914a962224c1ad3a,F1 :    800    4 0.10 -14.44 0.54 50.00  80.0  64.0,0.00 0.00 0.00 89.38 0.54 50.00 0.10 -14.44 6 63 6 63 80.0% 64.0% 400.000 0.000 0.00 -4.90 0.00  1.99 0.00 796.00 0.0% | 1200.00   30.00 HI -50.00 -50.00
2026-09-27T09:09:47.471,DEMO,DEMO,DEMO_MODE,24f8f9829bf14f26914a962224c1ad3a,F1 :    800    4 0.10 -14.44 0.54 50.00  80.0  64.0,0.00 0.00 0.00 89.38 0.54 50.00 0.10 -14.44 6 63 6 63 80.0% 64.0% 400.000 0.000 0.00 -4.90 0.00  1.99 0.00 796.00 0.0% | 1200.00   30.00 HI -50.00 -50.00
2026-09-27T09:09:47.592,DEMO,DEMO,DEMO_MODE,24f8f9829bf14f26914a962224c1ad3a,F1 :    800    4 0.10 -14.44 0.54 50.00  80.0  68.0,0.00 0.00 0.00 89.38 0.54 50.00 0.10 -14.44 6 63 6 63 80.0% 68.0% 400.000 0.000 0.00 -4.90 0.00  1.99 0.00 796.00 0.0% | 1200.00   30.00 HI -50.00 -50.00
2026-09-27T09:09:47.719,DEMO,DEMO,DEMO_MODE,24f8f9829bf14f26914a962224c1ad3a,F1 :    800    4 0.10 -14.44 0.54 50.00  80.0  68.0,0.00 0.00 0.00 89.38 0.54 50.00 0.10 -14.44 6 63 6 63 80.0% 68.0% 400.000 0.000 0.00 -4.90 0.00  1.99 0.00 796.00 0.0% | 1200.00   30.00 HI -50.00 -50.00
2026-09-27T09:09:47.839,DEMO,DEMO,DEMO_MODE,24f8f9829bf14f26914a962224c1ad3a,F1 :    800    4 0.10 -14.44 0.54 50.00  80.0  68.0,0.00 0.00 0.00 89.38 0.54 50.00 0.10 -14.44 6 63 6 63 80.0% 68.0% 400.000 0.000 0.00 -4.90 0.00  1.99 0.00 796.00 0.0% | 1200.00   30.00 HI -50.00 -50.00
2026-09-27T09:09:47.966,DEMO,DEMO,DEMO_MODE,24f8f9829bf14f26914a962224c1ad3a,F1 :    800    4 0.10 -14.44 0.54 50.00  80.0  68.0,0.00 0.00 0.00 89.38 0.54 50.00 0.10 -14.44 6 63 6 63 80.0% 68.0% 400.000 0.000 0.00 -4.90 0.00  1.99 0.00 796.00 0.0% | 1200.00   30.00 HI -50.00 -50.00
2026-09-27T09:09:48.087,DEMO,DEMO,DEMO_MODE,24f8f9829bf14f26914a962224c1ad3a,F1 :    800    4 0.10 -14.44 0.54 50.00  80.0  68.0,0.00 0.00 0.00 89.38 0.54 50.00 0.10 -14.44 6 63 6 63 80.0% 68.0% 400.000 0.000 0.00 -4.90 0.00  1.99 0.00 796.00 0.0% | 1200.00   30.00 HI -50.00 -50.00
2026-09-27T09:09:48.214,DEMO,DEMO,DEMO_MODE,24f8f9829bf14f26914a962224c1ad3a,F1 :    800    4 0.10 -14.44 0.54 50.00  80.0  68.0,0.00 0.00 0.00 89.38 0.54 50.00 0.10 -14.44 6 63 6 63 80.0% 68.0% 400.000 0.000 0.00 -4.90 0.00  1.99 0.00 796.00 0.0% | 1200.00   30.00 HI -50.00 -50.00
2026-09-27T09:09:48.334,DEMO,DEMO,DEMO_MODE,24f8f9829bf14f26914a962224c1ad3a,F1 :    800    4 0.10 -14.44 0.54 50.00  80.0  68.0,0.00 0.00 0.00 89.38 0.54 50.00 0.10 -14.44 6 63 6 63 80.0% 68.0% 400.000 0.000 0.00 -4.90 0.00  1.99 0.00 796.00 0.0% | 1200.00   30.00 HI -50.00 -50.00
2026-09-27T09:09:48.459,DEMO,DEMO,DEMO_MODE,24f8f9829bf14f26914a962224c1ad3a,F1 :    800    4 0.10 -14.44 0.54 50.00  80.0  68.0,0.00 0.00 0.00 89.38 0.54 50.00 0.10 -14.44 6 63 6 63 80.0% 68.0% 400.000 0.000 0.00 -4.90 0.00  1.99 0.00 796.00 0.0% | 1200.00   30.00 HI -50.00 -50.00
2026-09-27T09:09:48.580,DEMO,DEMO,DEMO_MODE,24f8f9829bf14f26914a962224c1ad3a,F1 :    800    4 0.10 -14.44 0.54 50.00  80.0  68.0,0.00 0.00 0.00 89.38 0.54 50.00 0.10 -14.44 6 63 6 63 80.0% 68.0% 400.000 0.000 0.00 -4.90 0.00  1.99 0.00 796.00 0.0% | 1200.00   30.00 HI -50.00 -50.00
2026-09-27T09:09:48.706,DEMO,DEMO,DEMO_MODE,24f8f9829bf14f26914a962224c1ad3a,F1 :    800    4 0.10 -14.44 0.54 50.00  80.0  68.0,0.00 0.00 0.00 89.38 0.54 50.00 0.10 -14.44 6 63 6 63 80.0% 68.0% 400.000 0.000 0.00 -4.90 0.00  1.99 0.00 796.00 0.0% | 1200.00   30.00 HI -50.00 -50.00
2026-09-27T09:09:48.827,DEMO,DEMO,DEMO_MODE,24f8f9829bf14f26914a962224c1ad3a,F1 :    800    4 0.10 -14.44 0.54 50.00  80.0  68.0,0.00 0.00 0.00 89.38 0.54 50.00 0.10 -14.44 6 63 6 63 80.0% 68.0% 400.000 0.000 0.00 -4.90 0.00  1.99 0.00 796.00 0.0% | 1200.00   30.00 HI -50.00 -50.00
2026-09-27T09:09:48.953,DEMO,DEMO,DEMO_MODE,24f8f9829bf14f26914a962224c1ad3a,F1 :    800    4 0.10 -14.44 0.54 50.00  80.0  68.0,0.00 0.00 0.00 89.38 0.54 50.00 0.10 -14.44 6 63 6 63 80.0% 68.0% 400.000 0.000 0.00 -4.90 0.00  1.99 0.00 796.00 0.0% | 1200.00   30.00 HI -50.00 -50.00
2026-09-27T09:09:49.074,DEMO,DEMO,DEMO_MODE,24f8f9829bf14f26914a962224c1ad3a,F1 :    800    4 0.10 -14.44 0.54 50.00  80.0  68.0,0.00 0.00 0.00 89.38 0.54 50.00 0.10 -14.44 6 63 6 63 80.0% 68.0% 400.000 0.000 0.00 -4.90 0.00  1.99 0.00 796.00 0.0% | 1200.00   30.00 HI -50.00 -50.00
2026-09-27T09:09:49.201,DEMO,DEMO,DEMO_MODE,24f8f9829bf14f26914a962224c1ad3a,F1 :    800    4 0.10 -14.44 0.54 50.00  80.0  68.0,0.00 0.00 0.00 89.38 0.54 50.00 0.10 -14.44 6 63 6 63 80.0% 68.0% 400.000 0.000 0.00 -4.90 0.00  1.99 0.00 796.00 0.0% | 1200.00   30.00 HI -50.00 -50.00
2026-09-27T09:09:49.321,DEMO,DEMO,DEMO_MODE,24f8f9829bf14f26914a962224c1ad3a,F1 :    800    4 0.10 -14.44 0.54 50.00  80.0  68.0,0.00 0.00 0.00 89.38 0.54 50.00 0.10 -14.44 6 63 6 63 80.0% 68.0% 400.000 0.000 0.00 -4.90 0.00  1.99 0.00 796.00 0.0% | 1200.00   30.00 HI -50.00 -50.00
2026-09-27T09:09:49.447,DEMO,DEMO,DEMO_MODE,24f8f9829bf14f26914a962224c1ad3a,F1 :    800    4 0.10 -14.44 0.54 50.00  80.0  68.0,0.00 0.00 0.00 89.38 0.54 50.00 0.10 -14.44 6 63 6 63 80.0% 68.0% 400.000 0.000 0.00 -4.90 0.00  1.99 0.00 796.00 0.0% | 1200.00   30.00 HI -50.00 -50.00
2026-09-27T09:09:49.568,DEMO,DEMO,DEMO_MODE,24f8f9829bf14f26914a962224c1ad3a,F1 :    800    4 0.10 -14.44 0.54 50.00  80.0  68.0,0.00 0.00 0.00 89.38 0.54 50.00 0.10 -14.44 6 63 6 63 80.0% 68.0% 400.000 0.000 0.00 -4.90 0.00  1.99 0.00 796.00 0.0% | 1200.00   30.00 HI -50.00 -50.00
2026-09-27T09:09:49.693,DEMO,DEMO,DEMO_MODE,24f8f9829bf14f26914a962224c1ad3a,F1 :    800    4 0.10 -14.44 0.54 50.00  80.0  68.0,0.00 0.00 0.00 89.38 0.54 50.00 0.10 -14.44 6 63 6 63 80.0% 68.0% 400.000 0.000 0.00 -4.90 0.00  1.99 0.00 796.00 0.0% | 1200.00   30.00 HI -50.00 -50.00
2026-09-27T09:09:49.814,DEMO,DEMO,DEMO_MODE,24f8f9829bf14f26914a962224c1ad3a,F1 :    800    4 0.10 -14.44 0.54 50.00  80.0  68.0,0.00 0.00 0.00 89.38 0.54 50.00 0.10 -14.44 6 63 6 63 80.0% 68.0% 400.000 0.000 0.00 -4.90 0.00  1.99 0.00 796.00 0.0% | 1200.00   30.00 HI -50.00 -50.00
2026-09-27T09:09:49.940,DEMO,DEMO,DEMO_MODE,24f8f9829bf14f26914a962224c1ad3a,F1 :    800    4 0.10 -14.44 0.54 50.00  80.0  68.0,0.00 0.00 0.00 89.38 0.54 50.00 0.10 -14.44 6 63 6 63 80.0% 68.0% 400.000 0.000 0.00 -4.90 0.00  1.99 0.00 796.00 0.0% | 1200.00   30.00 HI -50.00 -50.00
2026-09-27T09:09:50.060,DEMO,DEMO,DEMO_MODE,24f8f9829bf14f26914a962224c1ad3a,F1 :    800    4 0.10 -14.44 0.54 50.00  80.0  68.0,0.00 0.00 0.00 89.38 0.54 50.00 0.10 -14.44 6 63 6 63 80.0% 68.0% 400.000 0.000 0.00 -4.90 0.00  1.99 0.00 796.00 0.0% | 1200.00   30.00 HI -50.00 -50.00
2026-09-27T09:09:50.186,DEMO,DEMO,DEMO_MODE,24f8f9829bf14f26914a962224c1ad3a,F1 :    800    4 0.10 -14.44 0.54 50.00  80.0  68.0,0.00 0.00 0.00 89.38 0.54 50.00 0.10 -14.44 6 63 6 63 80.0% 68.0% 400.000 0.000 0.00 -4.90 0.00  1.99 0.00 796.00 0.0% | 1200.00   30.00 HI -50.00 -50.00
2026-09-27T09:09:50.306,DEMO,DEMO,DEMO_MODE,24f8f9829bf14f26914a962224c1ad3a,F1 :    800    4 0.10 -14.44 0.54 50.00  80.0  68.0,0.00 0.00 0.00 89.38 0.54 50.00 0.10 -14.44 6 63 6 63 80.0% 68.0% 400.000 0.000 0.00 -4.90 0.00  1.99 0.00 796.00 0.0% | 1200.00   30.00 HI -50.00 -50.00
2026-09-27T09:09:50.433,DEMO,DEMO,DEMO_MODE,24f8f9829bf14f26914a962224c1ad3a,F1 :    800    4 0.10 -14.44 0.54 50.00  80.0  68.0,0.00 0.00 0.00 89.38 0.54 50.00 0.10 -14.44 6 63 6 63 80.0% 68.0% 400.000 0.000 0.00 -4.90 0.00  1.99 0.00 796.00 0.0% | 1200.00   30.00 HI -50.00 -50.00
2026-09-27T09:09:50.554,DEMO,DEMO,DEMO_MODE,24f8f9829bf14f26914a962224c1ad3a,F1 :    800    4 0.10 -14.44 0.54 50.00  80.0  68.0,0.00 0.00 0.00 89.38 0.54 50.00 0.10 -14.44 6 63 6 63 80.0% 68.0% 400.000 0.000 0.00 -4.90 0.00  1.99 0.00 796.00 0.0% | 1200.00   30.00 HI -50.00 -50.00
2026-09-27T09:09:50.680,DEMO,DEMO,DEMO_MODE,24f8f9829bf14f26914a962224c1ad3a,F1 :    800    4 0.10 -14.44 0.54 50.00  80.0  68.0,0.00 0.00 0.00 89.38 0.54 50.00 0.10 -14.44 6 63 6 63 80.0% 68.0% 400.000 0.000 0.00 -4.90 0.00  1.99 0.00 796.00 0.0% | 1200.00   30.00 HI -50.00 -50.00
2026-09-27T09:09:50.806,DEMO,DEMO,DEMO_MODE,24f8f9829bf14f26914a962224c1ad3a,F1 :    800    4 0.10 -14.44 0.54 50.00  80.0  68.0,0.00 0.00 0.00 89.38 0.54 50.00 0.10 -14.44 6 63 6 63 80.0% 68.0% 400.000 0.000 0.00 -4.90 0.00  1.99 0.00 796.00 0.0% | 1200.00   30.00 HI -50.00 -50.00
2026-09-27T09:09:50.933,DEMO,DEMO,DEMO_MODE,24f8f9829bf14f26914a962224c1ad3a,F1 :    800    4 0.10 -14.44 0.54 50.00  80.0  68.0,0.00 0.00 0.00 89.38 0.54 50.00 0.10 -14.44 6 63 6 63 80.0% 68.0% 400.000 0.000 0.00 -4.90 0.00  1.99 0.00 796.00 0.0% | 1200.00   30.00 HI -50.00 -50.00
2026-09-27T09:09:51.053,DEMO,DEMO,DEMO_MODE,24f8f9829bf14f26914a962224c1ad3a,F1 :    800    4 0.10 -14.44 0.54 50.00  80.0  68.0,0.00 0.00 0.00 89.38 0.54 50.00 0.10 -14.44 6 63 6 63 80.0% 68.0% 400.000 0.000 0.00 -4.90 0.00  1.99 0.00 796.00 0.0% | 1200.00   30.00 HI -50.00 -50.00
2026-09-27T09:09:51.181,DEMO,DEMO,DEMO_MODE,24f8f9829bf14f26914a962224c1ad3a,F1 :    800    4 0.10 -14.44 0.54 50.00  80.0  68.0,0.00 0.00 0.00 89.38 0.54 50.00 0.10 -14.44 6 63 6 63 80.0% 68.0% 400.000 0.000 0.00 -4.90 0.00  1.99 0.00 796.00 0.0% | 1200.00   30.00 HI -50.00 -50.00
2026-09-27T09:09:51.301,DEMO,DEMO,DEMO_MODE,24f8f9829bf14f26914a962224c1ad3a,F1 :    800    4 0.10 -14.44 0.54 50.00  80.0  68.0,0.00 0.00 0.00 89.38 0.54 50.00 0.10 -14.44 6 63 6 63 80.0% 68.0% 400.000 0.000 0.00 -4.90 0.00  1.99 0.00 796.00 0.0% | 1200.00   30.00 HI -50.00 -50.00
2026-09-27T09:09:51.427,DEMO,DEMO,DEMO_MODE,24f8f9829bf14f26914a962224c1ad3a,F1 :    800    4 0.10 -14.44 0.54 50.00  80.0  68.0,0.00 0.00 0.00 89.38 0.54 50.00 0.10 -14.44 6 63 6 63 80.0% 68.0% 400.000 0.000 0.00 -4.90 0.00  1.99 0.00 796.00 0.0% | 1200.00   30.00 HI -50.00 -50.00
2026-09-27T09:09:51.547,DEMO,DEMO,DEMO_MODE,24f8f9829bf14f26914a962224c1ad3a,F1 :    800    4 0.10 -14.44 0.54 50.00  80.0  68.0,0.00 0.00 0.00 89.38 0.54 50.00 0.10 -14.44 6 63 6 63 80.0% 68.0% 400.000 0.000 0.00 -4.90 0.00  1.99 0.00 796.00 0.0% | 1200.00   30.00 HI -50.00 -50.00
2026-09-27T09:09:51.674,DEMO,DEMO,DEMO_MODE,24f8f9829bf14f26914a962224c1ad3a,F1 :    800    4 0.10 -14.44 0.54 50.00  80.0  68.0,0.00 0.00 0.00 89.38 0.54 50.00 0.10 -14.44 6 63 6 63 80.0% 68.0% 400.000 0.000 0.00 -4.90 0.00  1.99 0.00 796.00 0.0% | 1200.00   30.00 HI -50.00 -50.00
2026-09-27T09:09:51.794,DEMO,DEMO,DEMO_MODE,24f8f9829bf14f26914a962224c1ad3a,F1 :    800    4 0.10 -14.44 0.54 50.00  80.0  68.0,0.00 0.00 0.00 89.38 0.54 50.00 0.10 -14.44 6 63 6 63 80.0% 68.0% 400.000 0.000 0.00 -4.90 0.00  1.99 0.00 796.00 0.0% | 1200.00   30.00 HI -50.00 -50.00
2026-09-27T09:09:51.921,DEMO,DEMO,DEMO_MODE,24f8f9829bf14f26914a962224c1ad3a,F1 :    800    4 0.10 -14.44 0.54 50.00  80.0  68.0,0.00 0.00 0.00 89.38 0.54 50.00 0.10 -14.44 6 63 6 63 80.0% 68.0% 400.000 0.000 0.00 -4.90 0.00  1.99 0.00 796.00 0.0% | 1200.00   30.00 HI -50.00 -50.00
2026-09-27T09:09:52.043,DEMO,DEMO,DEMO_MODE,24f8f9829bf14f26914a962224c1ad3a,F1 :    800    4 0.10 -14.44 0.54 50.00  80.0  68.0,0.00 0.00 0.00 89.38 0.54 50.00 0.10 -14.44 6 63 6 63 80.0% 68.0% 400.000 0.000 0.00 -4.90 0.00  1.99 0.00 796.00 0.0% | 1200.00   30.00 HI -50.00 -50.00
2026-09-27T09:09:52.168,DEMO,DEMO,DEMO_MODE,24f8f9829bf14f26914a962224c1ad3a,F1 :    800    4 0.10 -14.44 0.54 50.00  80.0  68.0,0.00 0.00 0.00 89.38 0.54 50.00 0.10 -14.44 6 63 6 63 80.0% 68.0% 400.000 0.000 0.00 -4.90 0.00  1.99 0.00 796.00 0.0% | 1200.00   30.00 HI -50.00 -50.00
2026-09-27T09:09:52.289,DEMO,DEMO,DEMO_MODE,24f8f9829bf14f26914a962224c1ad3a,F1 :    800    4 0.10 -14.44 0.54 50.00  80.0  68.0,0.00 0.00 0.00 89.38 0.54 50.00 0.10 -14.44 6 63 6 63 80.0% 68.0% 400.000 0.000 0.00 -4.90 0.00  1.99 0.00 796.00 0.0% | 1200.00   30.00 HI -50.00 -50.00
2026-09-27T09:09:52.410,DEMO,DEMO,DEMO_MODE,24f8f9829bf14f26914a962224c1ad3a,F1 :    800    4 0.10 -14.44 0.54 50.00  80.0  68.0,0.00 0.00 0.00 89.38 0.54 50.00 0.10 -14.44 6 63 6 63 80.0% 68.0% 400.000 0.000 0.00 -4.90 0.00  1.99 0.00 796.00 0.0% | 1200.00   30.00 HI -50.00 -50.00
2026-09-27T09:09:52.530,DEMO,DEMO,DEMO_MODE,24f8f9829bf14f26914a962224c1ad3a,F1 :    800    4 0.10 -14.44 0.54 50.00  80.0  68.0,0.00 0.00 0.00 89.38 0.54 50.00 0.10 -14.44 6 63 6 63 80.0% 68.0% 400.000 0.000 0.00 -4.90 0.00  1.99 0.00 796.00 0.0% | 1200.00   30.00 HI -50.00 -50.00
2026-09-27T09:09:52.651,DEMO,DEMO,DEMO_MODE,24f8f9829bf14f26914a962224c1ad3a,F1 :    900    0 0.10 -14.44 0.54 50.00  90.0  72.0,0.00 0.00 0.00 89.38 0.54 50.00 0.10 -14.44 6 63 6 63 90.0% 72.0% 450.000 0.000 0.00 -4.90 0.00  2.00 0.00 900.00 0.0% | 1200.00   40.00 HI -50.00 -50.00
2026-09-27T09:09:52.772,DEMO,DEMO,DEMO_MODE,24f8f9829bf14f26914a962224c1ad3a,F1 :    900    0 0.10 -14.44 0.54 50.00  90.0  72.0,0.00 0.00 0.00 89.38 0.54 50.00 0.10 -14.44 6 63 6 63 90.0% 72.0% 450.000 0.000 0.00 -4.90 0.00  2.00 0.00 900.00 0.0% | 1200.00   40.00 HI -50.00 -50.00
2026-09-27T09:09:52.893,DEMO,DEMO,DEMO_MODE,24f8f9829bf14f26914a962224c1ad3a,F1 :    900    0 0.10 -14.44 0.54 50.00  90.0  72.0,0.00 0.00 0.00 89.38 0.54 50.00 0.10 -14.44 6 63 6 63 90.0% 72.0% 450.000 0.000 0.00 -4.90 0.00  2.00 0.00 900.00 0.0% | 1200.00   40.00 HI -50.00 -50.00
2026-09-27T09:09:53.013,DEMO,DEMO,DEMO_MODE,24f8f9829bf14f26914a962224c1ad3a,F1 :    900    0 0.10 -14.44 0.54 50.00  90.0  72.0,0.00 0.00 0.00 89.38 0.54 50.00 0.10 -14.44 6 63 6 63 90.0% 72.0% 450.000 0.000 0.00 -4.90 0.00  2.00 0.00 900.00 0.0% | 1200.00   40.00 HI -50.00 -50.00
2026-09-27T09:09:53.134,DEMO,DEMO,DEMO_MODE,24f8f9829bf14f26914a962224c1ad3a,F1 :    900    0 0.10 -14.44 0.54 50.00  90.0  72.0,0.00 0.00 0.00 89.38 0.54 50.00 0.10 -14.44 6 63 6 63 90.0% 72.0% 450.000 0.000 0.00 -4.90 0.00  2.00 0.00 900.00 0.0% | 1200.00   40.00 HI -50.00 -50.00
2026-09-27T09:09:53.255,DEMO,DEMO,DEMO_MODE,24f8f9829bf14f26914a962224c1ad3a,F1 :    900    0 0.10 -14.44 0.54 50.00  90.0  72.0,0.00 0.00 0.00 89.38 0.54 50.00 0.10 -14.44 6 63 6 63 90.0% 72.0% 450.000 0.000 0.00 -4.90 0.00  2.00 0.00 900.00 0.0% | 1200.00   40.00 HI -50.00 -50.00
2026-09-27T09:09:53.376,DEMO,DEMO,DEMO_MODE,24f8f9829bf14f26914a962224c1ad3a,F1 :    900    0 0.10 -14.44 0.54 50.00  90.0  72.0,0.00 0.00 0.00 89.38 0.54 50.00 0.10 -14.44 6 63 6 63 90.0% 72.0% 450.000 0.000 0.00 -4.90 0.00  2.00 0.00 900.00 0.0% | 1200.00   40.00 HI -50.00 -50.00
2026-09-27T09:09:53.497,DEMO,DEMO,DEMO_MODE,24f8f9829bf14f26914a962224c1ad3a,F1 :    900    0 0.10 -14.44 0.54 50.00  90.0  72.0,0.00 0.00 0.00 89.38 0.54 50.00 0.10 -14.44 6 63 6 63 90.0% 72.0% 450.000 0.000 0.00 -4.90 0.00  2.00 0.00 900.00 0.0% | 1200.00   40.00 HI -50.00 -50.00
2026-09-27T09:09:53.617,DEMO,DEMO,DEMO_MODE,24f8f9829bf14f26914a962224c1ad3a,F1 :    900    0 0.10 -14.44 0.54 50.00  90.0  72.0,0.00 0.00 0.00 89.38 0.54 50.00 0.10 -14.44 6 63 6 63 90.0% 72.0% 450.000 0.000 0.00 -4.90 0.00  2.00 0.00 900.00 0.0% | 1200.00   40.00 HI -50.00 -50.00
2026-09-27T09:09:53.740,DEMO,DEMO,DEMO_MODE,24f8f9829bf14f26914a962224c1ad3a,F1 :    900    0 0.10 -14.44 0.54 50.00  90.0  72.0,0.00 0.00 0.00 89.38 0.54 50.00 0.10 -14.44 6 63 6 63 90.0% 72.0% 450.000 0.000 0.00 -4.90 0.00  2.00 0.00 900.00 0.0% | 1200.00   40.00 HI -50.00 -50.00
2026-09-27T09:09:53.860,DEMO,DEMO,DEMO_MODE,24f8f9829bf14f26914a962224c1ad3a,F1 :    900    0 0.10 -14.44 0.54 50.00  90.0  72.0,0.00 0.00 0.00 89.38 0.54 50.00 0.10 -14.44 6 63 6 63 90.0% 72.0% 450.000 0.000 0.00 -4.90 0.00  2.00 0.00 900.00 0.0% | 1200.00   40.00 HI -50.00 -50.00
2026-09-27T09:09:53.981,DEMO,DEMO,DEMO_MODE,24f8f9829bf14f26914a962224c1ad3a,F1 :    900    0 0.10 -14.44 0.54 50.00  90.0  72.0,0.00 0.00 0.00 89.38 0.54 50.00 0.10 -14.44 6 63 6 63 90.0% 72.0% 450.000 0.000 0.00 -4.90 0.00  2.00 0.00 900.00 0.0% | 1200.00   40.00 HI -50.00 -50.00
2026-09-27T09:09:54.102,DEMO,DEMO,DEMO_MODE,24f8f9829bf14f26914a962224c1ad3a,F1 :    900    0 0.10 -14.44 0.54 50.00  90.0  72.0,0.00 0.00 0.00 89.38 0.54 50.00 0.10 -14.44 6 63 6 63 90.0% 72.0% 450.000 0.000 0.00 -4.90 0.00  2.00 0.00 900.00 0.0% | 1200.00   40.00 HI -50.00 -50.00
2026-09-27T09:09:54.228,DEMO,DEMO,DEMO_MODE,24f8f9829bf14f26914a962224c1ad3a,F1 :    900    0 0.10 -14.44 0.54 50.00  90.0  72.0,0.00 0.00 0.00 89.38 0.54 50.00 0.10 -14.44 6 63 6 63 90.0% 72.0% 450.000 0.000 0.00 -4.90 0.00  2.00 0.00 900.00 0.0% | 1200.00   40.00 HI -50.00 -50.00
2026-09-27T09:09:54.348,DEMO,DEMO,DEMO_MODE,24f8f9829bf14f26914a962224c1ad3a,F1 :    900    0 0.10 -14.44 0.54 50.00  90.0  72.0,0.00 0.00 0.00 89.38 0.54 50.00 0.10 -14.44 6 63 6 63 90.0% 72.0% 450.000 0.000 0.00 -4.90 0.00  2.00 0.00 900.00 0.0% | 1200.00   40.00 HI -50.00 -50.00
2026-09-27T09:09:54.474,DEMO,DEMO,DEMO_MODE,24f8f9829bf14f26914a962224c1ad3a,F1 :    900    0 0.10 -14.44 0.54 50.00  90.0  72.0,0.00 0.00 0.00 89.38 0.54 50.00 0.10 -14.44 6 63 6 63 90.0% 72.0% 450.000 0.000 0.00 -4.90 0.00  2.00 0.00 900.00 0.0% | 1200.00   40.00 HI -50.00 -50.00
2026-09-27T09:09:54.595,DEMO,DEMO,DEMO_MODE,24f8f9829bf14f26914a962224c1ad3a,F1 :    900    0 0.10 -14.44 0.54 50.00  90.0  72.0,0.00 0.00 0.00 89.38 0.54 50.00 0.10 -14.44 6 63 6 63 90.0% 72.0% 450.000 0.000 0.00 -4.90 0.00  2.00 0.00 900.00 0.0% | 1200.00   40.00 HI -50.00 -50.00
2026-09-27T09:09:54.721,DEMO,DEMO,DEMO_MODE,24f8f9829bf14f26914a962224c1ad3a,F1 :    900    0 0.10 -14.44 0.54 50.00  90.0  72.0,0.00 0.00 0.00 89.38 0.54 50.00 0.10 -14.44 6 63 6 63 90.0% 72.0% 450.000 0.000 0.00 -4.90 0.00  2.00 0.00 900.00 0.0% | 1200.00   40.00 HI -50.00 -50.00
2026-09-27T09:09:54.841,DEMO,DEMO,DEMO_MODE,24f8f9829bf14f26914a962224c1ad3a,F1 :    900    0 0.10 -14.44 0.54 50.00  90.0  72.0,0.00 0.00 0.00 89.38 0.54 50.00 0.10 -14.44 6 63 6 63 90.0% 72.0% 450.000 0.000 0.00 -4.90 0.00  2.00 0.00 900.00 0.0% | 1200.00   40.00 HI -50.00 -50.00
2026-09-27T09:09:54.967,DEMO,DEMO,DEMO_MODE,24f8f9829bf14f26914a962224c1ad3a,F1 :    900    0 0.10 -14.44 0.54 50.00  90.0  72.0,0.00 0.00 0.00 89.38 0.54 50.00 0.10 -14.44 6 63 6 63 90.0% 72.0% 450.000 0.000 0.00 -4.90 0.00  2.00 0.00 900.00 0.0% | 1200.00   40.00 HI -50.00 -50.00
2026-09-27T09:09:55.092,DEMO,DEMO,DEMO_MODE,24f8f9829bf14f26914a962224c1ad3a,F1 :    900    0 0.10 -14.44 0.54 50.00  90.0  72.0,0.00 0.00 0.00 89.38 0.54 50.00 0.10 -14.44 6 63 6 63 90.0% 72.0% 450.000 0.000 0.00 -4.90 0.00  2.00 0.00 900.00 0.0% | 1200.00   40.00 HI -50.00 -50.00
2026-09-27T09:09:55.218,DEMO,DEMO,DEMO_MODE,24f8f9829bf14f26914a962224c1ad3a,F1 :    900    0 0.10 -14.44 0.54 50.00  90.0  72.0,0.00 0.00 0.00 89.38 0.54 50.00 0.10 -14.44 6 63 6 63 90.0% 72.0% 450.000 0.000 0.00 -4.90 0.00  2.00 0.00 900.00 0.0% | 1200.00   40.00 HI -50.00 -50.00
2026-09-27T09:09:55.338,DEMO,DEMO,DEMO_MODE,24f8f9829bf14f26914a962224c1ad3a,F1 :    900    0 0.10 -14.44 0.54 50.00  90.0  72.0,0.00 0.00 0.00 89.38 0.54 50.00 0.10 -14.44 6 63 6 63 90.0% 72.0% 450.000 0.000 0.00 -4.90 0.00  2.00 0.00 900.00 0.0% | 1200.00   40.00 HI -50.00 -50.00
2026-09-27T09:09:55.465,DEMO,DEMO,DEMO_MODE,24f8f9829bf14f26914a962224c1ad3a,F1 :    900    0 0.10 -14.44 0.54 50.00  90.0  72.0,0.00 0.00 0.00 89.38 0.54 50.00 0.10 -14.44 6 63 6 63 90.0% 72.0% 450.000 0.000 0.00 -4.90 0.00  2.00 0.00 900.00 0.0% | 1200.00   40.00 HI -50.00 -50.00
2026-09-27T09:09:55.585,DEMO,DEMO,DEMO_MODE,24f8f9829bf14f26914a962224c1ad3a,F1 :    900    0 0.10 -14.44 0.54 50.00  90.0  72.0,0.00 0.00 0.00 89.38 0.54 50.00 0.10 -14.44 6 63 6 63 90.0% 72.0% 450.000 0.000 0.00 -4.90 0.00  2.00 0.00 900.00 0.0% | 1200.00   40.00 HI -50.00 -50.00
2026-09-27T09:09:55.711,DEMO,DEMO,DEMO_MODE,24f8f9829bf14f26914a962224c1ad3a,F1 :    900    0 0.10 -14.44 0.54 50.00  90.0  72.0,0.00 0.00 0.00 89.38 0.54 50.00 0.10 -14.44 6 63 6 63 90.0% 72.0% 450.000 0.000 0.00 -4.90 0.00  2.00 0.00 900.00 0.0% | 1200.00   40.00 HI -50.00 -50.00
2026-09-27T09:09:55.832,DEMO,DEMO,DEMO_MODE,24f8f9829bf14f26914a962224c1ad3a,F1 :    900    0 0.10 -14.44 0.54 50.00  90.0  72.0,0.00 0.00 0.00 89.38 0.54 50.00 0.10 -14.44 6 63 6 63 90.0% 72.0% 450.000 0.000 0.00 -4.90 0.00  2.00 0.00 900.00 0.0% | 1200.00   40.00 HI -50.00 -50.00
2026-09-27T09:09:55.958,DEMO,DEMO,DEMO_MODE,24f8f9829bf14f26914a962224c1ad3a,F1 :    900    0 0.10 -14.44 0.54 50.00  90.0  72.0,0.00 0.00 0.00 89.38 0.54 50.00 0.10 -14.44 6 63 6 63 90.0% 72.0% 450.000 0.000 0.00 -4.90 0.00  2.00 0.00 900.00 0.0% | 1200.00   40.00 HI -50.00 -50.00
2026-09-27T09:09:56.078,DEMO,DEMO,DEMO_MODE,24f8f9829bf14f26914a962224c1ad3a,F1 :    900    0 0.10 -14.44 0.54 50.00  90.0  72.0,0.00 0.00 0.00 89.38 0.54 50.00 0.10 -14.44 6 63 6 63 90.0% 72.0% 450.000 0.000 0.00 -4.90 0.00  2.00 0.00 900.00 0.0% | 1200.00   40.00 HI -50.00 -50.00
2026-09-27T09:09:56.203,DEMO,DEMO,DEMO_MODE,24f8f9829bf14f26914a962224c1ad3a,F1 :    900    0 0.10 -14.44 0.54 50.00  90.0  72.0,0.00 0.00 0.00 89.38 0.54 50.00 0.10 -14.44 6 63 6 63 90.0% 72.0% 450.000 0.000 0.00 -4.90 0.00  2.00 0.00 900.00 0.0% | 1200.00   40.00 HI -50.00 -50.00
2026-09-27T09:09:56.324,DEMO,DEMO,DEMO_MODE,24f8f9829bf14f26914a962224c1ad3a,F1 :    900    0 0.10 -14.44 0.54 50.00  90.0  72.0,0.00 0.00 0.00 89.38 0.54 50.00 0.10 -14.44 6 63 6 63 90.0% 72.0% 450.000 0.000 0.00 -4.90 0.00  2.00 0.00 900.00 0.0% | 1200.00   40.00 HI -50.00 -50.00
2026-09-27T09:09:56.449,DEMO,DEMO,DEMO_MODE,24f8f9829bf14f26914a962224c1ad3a,F1 :    900    0 0.10 -14.44 0.54 50.00  90.0  72.0,0.00 0.00 0.00 89.38 0.54 50.00 0.10 -14.44 6 63 6 63 90.0% 72.0% 450.000 0.000 0.00 -4.90 0.00  2.00 0.00 900.00 0.0% | 1200.00   40.00 HI -50.00 -50.00
2026-09-27T09:09:56.570,DEMO,DEMO,DEMO_MODE,24f8f9829bf14f26914a962224c1ad3a,F1 :    900    0 0.10 -14.44 0.54 50.00  90.0  72.0,0.00 0.00 0.00 89.38 0.54 50.00 0.10 -14.44 6 63 6 63 90.0% 72.0% 450.000 0.000 0.00 -4.90 0.00  2.00 0.00 900.00 0.0% | 1200.00   40.00 HI -50.00 -50.00
2026-09-27T09:09:56.697,DEMO,DEMO,DEMO_MODE,24f8f9829bf14f26914a962224c1ad3a,F1 :    900    0 0.10 -14.44 0.54 50.00  90.0  72.0,0.00 0.00 0.00 89.38 0.54 50.00 0.10 -14.44 6 63 6 63 90.0% 72.0% 450.000 0.000 0.00 -4.90 0.00  2.00 0.00 900.00 0.0% | 1200.00   40.00 HI -50.00 -50.00
2026-09-27T09:09:56.818,DEMO,DEMO,DEMO_MODE,24f8f9829bf14f26914a962224c1ad3a,F1 :    900    0 0.10 -14.44 0.54 50.00  90.0  72.0,0.00 0.00 0.00 89.38 0.54 50.00 0.10 -14.44 6 63 6 63 90.0% 72.0% 450.000 0.000 0.00 -4.90 0.00  2.00 0.00 900.00 0.0% | 1200.00   40.00 HI -50.00 -50.00
2026-09-27T09:09:56.943,DEMO,DEMO,DEMO_MODE,24f8f9829bf14f26914a962224c1ad3a,F1 :    900    0 0.10 -14.44 0.54 50.00  90.0  72.0,0.00 0.00 0.00 89.38 0.54 50.00 0.10 -14.44 6 63 6 63 90.0% 72.0% 450.000 0.000 0.00 -4.90 0.00  2.00 0.00 900.00 0.0% | 1200.00   40.00 HI -50.00 -50.00
2026-09-27T09:09:57.064,DEMO,DEMO,DEMO_MODE,24f8f9829bf14f26914a962224c1ad3a,F1 :    900    0 0.10 -14.44 0.54 50.00  90.0  72.0,0.00 0.00 0.00 89.38 0.54 50.00 0.10 -14.44 6 63 6 63 90.0% 72.0% 450.000 0.000 0.00 -4.90 0.00  2.00 0.00 900.00 0.0% | 1200.00   40.00 HI -50.00 -50.00
2026-09-27T09:09:57.191,DEMO,DEMO,DEMO_MODE,24f8f9829bf14f26914a962224c1ad3a,F1 :    900    0 0.10 -14.44 0.54 50.00  90.0  72.0,0.00 0.00 0.00 89.38 0.54 50.00 0.10 -14.44 6 63 6 63 90.0% 72.0% 450.000 0.000 0.00 -4.90 0.00  2.00 0.00 900.00 0.0% | 1200.00   40.00 HI -50.00 -50.00
2026-09-27T09:09:57.311,DEMO,DEMO,DEMO_MODE,24f8f9829bf14f26914a962224c1ad3a,F1 :    900    0 0.10 -14.44 0.54 50.00  90.0  72.0,0.00 0.00 0.00 89.38 0.54 50.00 0.10 -14.44 6 63 6 63 90.0% 72.0% 450.000 0.000 0.00 -4.90 0.00  2.00 0.00 900.00 0.0% | 1200.00   40.00 HI -50.00 -50.00
2026-09-27T09:09:57.437,DEMO,DEMO,DEMO_MODE,24f8f9829bf14f26914a962224c1ad3a,F1 :    900    0 0.10 -14.44 0.54 50.00  90.0  72.0,0.00 0.00 0.00 89.38 0.54 50.00 0.10 -14.44 6 63 6 63 90.0% 72.0% 450.000 0.000 0.00 -4.90 0.00  2.00 0.00 900.00 0.0% | 1200.00   40.00 HI -50.00 -50.00
2026-09-27T09:09:57.575,DEMO,DEMO,DEMO_MODE,24f8f9829bf14f26914a962224c1ad3a,F1 :    900    0 0.10 -14.44 0.54 50.00  90.0  72.0,0.00 0.00 0.00 89.38 0.54 50.00 0.10 -14.44 6 63 6 63 90.0% 72.0% 450.000 0.000 0.00 -4.90 0.00  2.00 0.00 900.00 0.0% | 1200.00   40.00 HI -50.00 -50.00
2026-09-27T09:09:57.701,DEMO,DEMO,DEMO_MODE,24f8f9829bf14f26914a962224c1ad3a,F1 :    900    0 0.10 -14.44 0.54 50.00  90.0  72.0,0.00 0.00 0.00 89.38 0.54 50.00 0.10 -14.44 6 63 6 63 90.0% 72.0% 450.000 0.000 0.00 -4.90 0.00  2.00 0.00 900.00 0.0% | 1200.00   40.00 HI -50.00 -50.00
2026-09-27T09:09:57.821,DEMO,DEMO,DEMO_MODE,24f8f9829bf14f26914a962224c1ad3a,F1 :    900    0 0.10 -14.44 0.54 50.00  90.0  76.0,0.00 0.00 0.00 89.38 0.54 50.00 0.10 -14.44 6 63 6 63 90.0% 76.0% 450.000 0.000 0.00 -4.90 0.00  2.00 0.00 900.00 0.0% | 1200.00   40.00 HI -50.00 -50.00
2026-09-27T09:09:57.948,DEMO,DEMO,DEMO_MODE,24f8f9829bf14f26914a962224c1ad3a,F1 :    900    0 0.10 -14.44 0.54 50.00  90.0  76.0,0.00 0.00 0.00 89.38 0.54 50.00 0.10 -14.44 6 63 6 63 90.0% 76.0% 450.000 0.000 0.00 -4.90 0.00  2.00 0.00 900.00 0.0% | 1200.00   40.00 HI -50.00 -50.00
2026-09-27T09:09:58.069,DEMO,DEMO,DEMO_MODE,24f8f9829bf14f26914a962224c1ad3a,F1 :    900    0 0.10 -14.44 0.54 50.00  90.0  76.0,0.00 0.00 0.00 89.38 0.54 50.00 0.10 -14.44 6 63 6 63 90.0% 76.0% 450.000 0.000 0.00 -4.90 0.00  2.00 0.00 900.00 0.0% | 1200.00   40.00 HI -50.00 -50.00
2026-09-27T09:09:58.194,DEMO,DEMO,DEMO_MODE,24f8f9829bf14f26914a962224c1ad3a,F1 :    900    0 0.10 -14.44 0.54 50.00  90.0  76.0,0.00 0.00 0.00 89.38 0.54 50.00 0.10 -14.44 6 63 6 63 90.0% 76.0% 450.000 0.000 0.00 -4.90 0.00  2.00 0.00 900.00 0.0% | 1200.00   40.00 HI -50.00 -50.00
2026-09-27T09:09:58.314,DEMO,DEMO,DEMO_MODE,24f8f9829bf14f26914a962224c1ad3a,F1 :    900    0 0.10 -14.44 0.54 50.00  90.0  76.0,0.00 0.00 0.00 89.38 0.54 50.00 0.10 -14.44 6 63 6 63 90.0% 76.0% 450.000 0.000 0.00 -4.90 0.00  2.00 0.00 900.00 0.0% | 1200.00   40.00 HI -50.00 -50.00
2026-09-27T09:09:58.440,DEMO,DEMO,DEMO_MODE,24f8f9829bf14f26914a962224c1ad3a,F1 :    900    0 0.10 -14.44 0.54 50.00  90.0  76.0,0.00 0.00 0.00 89.38 0.54 50.00 0.10 -14.44 6 63 6 63 90.0% 76.0% 450.000 0.000 0.00 -4.90 0.00  2.00 0.00 900.00 0.0% | 1200.00   40.00 HI -50.00 -50.00
2026-09-27T09:09:58.561,DEMO,DEMO,DEMO_MODE,24f8f9829bf14f26914a962224c1ad3a,F1 :    900    0 0.10 -14.44 0.54 50.00  90.0  76.0,0.00 0.00 0.00 89.38 0.54 50.00 0.10 -14.44 6 63 6 63 90.0% 76.0% 450.000 0.000 0.00 -4.90 0.00  2.00 0.00 900.00 0.0% | 1200.00   40.00 HI -50.00 -50.00
2026-09-27T09:09:58.688,DEMO,DEMO,DEMO_MODE,24f8f9829bf14f26914a962224c1ad3a,F1 :    900    0 0.10 -14.44 0.54 50.00  90.0  76.0,0.00 0.00 0.00 89.38 0.54 50.00 0.10 -14.44 6 63 6 63 90.0% 76.0% 450.000 0.000 0.00 -4.90 0.00  2.00 0.00 900.00 0.0% | 1200.00   40.00 HI -50.00 -50.00
2026-09-27T09:09:58.808,DEMO,DEMO,DEMO_MODE,24f8f9829bf14f26914a962224c1ad3a,F1 :    900    0 0.10 -14.44 0.54 50.00  90.0  76.0,0.00 0.00 0.00 89.38 0.54 50.00 0.10 -14.44 6 63 6 63 90.0% 76.0% 450.000 0.000 0.00 -4.90 0.00  2.00 0.00 900.00 0.0% | 1200.00   40.00 HI -50.00 -50.00
2026-09-27T09:09:58.934,DEMO,DEMO,DEMO_MODE,24f8f9829bf14f26914a962224c1ad3a,F1 :    900    0 0.10 -14.44 0.54 50.00  90.0  76.0,0.00 0.00 0.00 89.38 0.54 50.00 0.10 -14.44 6 63 6 63 90.0% 76.0% 450.000 0.000 0.00 -4.90 0.00  2.00 0.00 900.00 0.0% | 1200.00   40.00 HI -50.00 -50.00
2026-09-27T09:09:59.060,DEMO,DEMO,DEMO_MODE,24f8f9829bf14f26914a962224c1ad3a,F1 :    900    0 0.10 -14.44 0.54 50.00  90.0  76.0,0.00 0.00 0.00 89.38 0.54 50.00 0.10 -14.44 6 63 6 63 90.0% 76.0% 450.000 0.000 0.00 -4.90 0.00  2.00 0.00 900.00 0.0% | 1200.00   40.00 HI -50.00 -50.00
2026-09-27T09:09:59.187,DEMO,DEMO,DEMO_MODE,24f8f9829bf14f26914a962224c1ad3a,F1 :    900    0 0.10 -14.44 0.54 50.00  90.0  76.0,0.00 0.00 0.00 89.38 0.54 50.00 0.10 -14.44 6 63 6 63 90.0% 76.0% 450.000 0.000 0.00 -4.90 0.00  2.00 0.00 900.00 0.0% | 1200.00   40.00 HI -50.00 -50.00
2026-09-27T09:09:59.308,DEMO,DEMO,DEMO_MODE,24f8f9829bf14f26914a962224c1ad3a,F1 :    900    0 0.10 -14.44 0.54 50.00  90.0  76.0,0.00 0.00 0.00 89.38 0.54 50.00 0.10 -14.44 6 63 6 63 90.0% 76.0% 450.000 0.000 0.00 -4.90 0.00  2.00 0.00 900.00 0.0% | 1200.00   40.00 HI -50.00 -50.00
2026-09-27T09:09:59.434,DEMO,DEMO,DEMO_MODE,24f8f9829bf14f26914a962224c1ad3a,F1 :    900    0 0.10 -14.44 0.54 50.00  90.0  76.0,0.00 0.00 0.00 89.38 0.54 50.00 0.10 -14.44 6 63 6 63 90.0% 76.0% 450.000 0.000 0.00 -4.90 0.00  2.00 0.00 900.00 0.0% | 1200.00   40.00 HI -50.00 -50.00
2026-09-27T09:09:59.554,DEMO,DEMO,DEMO_MODE,24f8f9829bf14f26914a962224c1ad3a,F1 :    900    0 0.10 -14.44 0.54 50.00  90.0  76.0,0.00 0.00 0.00 89.38 0.54 50.00 0.10 -14.44 6 63 6 63 90.0% 76.0% 450.000 0.000 0.00 -4.90 0.00  2.00 0.00 900.00 0.0% | 1200.00   40.00 HI -50.00 -50.00
2026-09-27T09:09:59.680,DEMO,DEMO,DEMO_MODE,24f8f9829bf14f26914a962224c1ad3a,F1 :    900    0 0.10 -14.44 0.54 50.00  90.0  76.0,0.00 0.00 0.00 89.38 0.54 50.00 0.10 -14.44 6 63 6 63 90.0% 76.0% 450.000 0.000 0.00 -4.90 0.00  2.00 0.00 900.00 0.0% | 1200.00   40.00 HI -50.00 -50.00
2026-09-27T09:09:59.812,DEMO,DEMO,DEMO_MODE,24f8f9829bf14f26914a962224c1ad3a,F1 :    900    0 0.10 -14.44 0.54 50.00  90.0  76.0,0.00 0.00 0.00 89.38 0.54 50.00 0.10 -14.44 6 63 6 63 90.0% 76.0% 450.000 0.000 0.00 -4.90 0.00  2.00 0.00 900.00 0.0% | 1200.00   40.00 HI -50.00 -50.00
2026-09-27T09:09:59.938,DEMO,DEMO,DEMO_MODE,24f8f9829bf14f26914a962224c1ad3a,F1 :    900    0 0.10 -14.44 0.54 50.00  90.0  76.0,0.00 0.00 0.00 89.38 0.54 50.00 0.10 -14.44 6 63 6 63 90.0% 76.0% 450.000 0.000 0.00 -4.90 0.00  2.00 0.00 900.00 0.0% | 1200.00   40.00 HI -50.00 -50.00
2026-09-27T09:10:00.059,DEMO,DEMO,DEMO_MODE,24f8f9829bf14f26914a962224c1ad3a,F1 :    900    0 0.10 -14.44 0.54 50.00  90.0  76.0,0.00 0.00 0.00 89.38 0.54 50.00 0.10 -14.44 6 63 6 63 90.0% 76.0% 450.000 0.000 0.00 -4.90 0.00  2.00 0.00 900.00 0.0% | 1200.00   40.00 HI -50.00 -50.00
2026-09-27T09:10:00.185,DEMO,DEMO,DEMO_MODE,24f8f9829bf14f26914a962224c1ad3a,F1 :    900    0 0.10 -14.44 0.54 50.00  90.0  76.0,0.00 0.00 0.00 89.38 0.54 50.00 0.10 -14.44 6 63 6 63 90.0% 76.0% 450.000 0.000 0.00 -4.90 0.00  2.00 0.00 900.00 0.0% | 1200.00   40.00 HI -50.00 -50.00
2026-09-27T09:10:00.306,DEMO,DEMO,DEMO_MODE,24f8f9829bf14f26914a962224c1ad3a,F1 :    900    0 0.10 -14.44 0.54 50.00  90.0  76.0,0.00 0.00 0.00 89.38 0.54 50.00 0.10 -14.44 6 63 6 63 90.0% 76.0% 450.000 0.000 0.00 -4.90 0.00  2.00 0.00 900.00 0.0% | 1200.00   40.00 HI -50.00 -50.00
2026-09-27T09:10:00.432,DEMO,DEMO,DEMO_MODE,24f8f9829bf14f26914a962224c1ad3a,F1 :    900    0 0.10 -14.44 0.54 50.00  90.0  76.0,0.00 0.00 0.00 89.38 0.54 50.00 0.10 -14.44 6 63 6 63 90.0% 76.0% 450.000 0.000 0.00 -4.90 0.00  2.00 0.00 900.00 0.0% | 1200.00   40.00 HI -50.00 -50.00
2026-09-27T09:10:00.552,DEMO,DEMO,DEMO_MODE,24f8f9829bf14f26914a962224c1ad3a,F1 :    900    0 0.10 -14.44 0.54 50.00  90.0  76.0,0.00 0.00 0.00 89.38 0.54 50.00 0.10 -14.44 6 63 6 63 90.0% 76.0% 450.000 0.000 0.00 -4.90 0.00  2.00 0.00 900.00 0.0% | 1200.00   40.00 HI -50.00 -50.00
2026-09-27T09:10:00.679,DEMO,DEMO,DEMO_MODE,24f8f9829bf14f26914a962224c1ad3a,F1 :    900    0 0.10 -14.44 0.54 50.00  90.0  76.0,0.00 0.00 0.00 89.38 0.54 50.00 0.10 -14.44 6 63 6 63 90.0% 76.0% 450.000 0.000 0.00 -4.90 0.00  2.00 0.00 900.00 0.0% | 1200.00   40.00 HI -50.00 -50.00
2026-09-27T09:10:00.806,DEMO,DEMO,DEMO_MODE,24f8f9829bf14f26914a962224c1ad3a,F1 :    900    0 0.10 -14.44 0.54 50.00  90.0  76.0,0.00 0.00 0.00 89.38 0.54 50.00 0.10 -14.44 6 63 6 63 90.0% 76.0% 450.000 0.000 0.00 -4.90 0.00  2.00 0.00 900.00 0.0% | 1200.00   40.00 HI -50.00 -50.00
2026-09-27T09:10:00.932,DEMO,DEMO,DEMO_MODE,24f8f9829bf14f26914a962224c1ad3a,F1 :    900    0 0.10 -14.44 0.54 50.00  90.0  76.0,0.00 0.00 0.00 89.38 0.54 50.00 0.10 -14.44 6 63 6 63 90.0% 76.0% 450.000 0.000 0.00 -4.90 0.00  2.00 0.00 900.00 0.0% | 1200.00   40.00 HI -50.00 -50.00
2026-09-27T09:10:01.053,DEMO,DEMO,DEMO_MODE,24f8f9829bf14f26914a962224c1ad3a,F1 :    900    0 0.10 -14.44 0.54 50.00  90.0  76.0,0.00 0.00 0.00 89.38 0.54 50.00 0.10 -14.44 6 63 6 63 90.0% 76.0% 450.000 0.000 0.00 -4.90 0.00  2.00 0.00 900.00 0.0% | 1200.00   40.00 HI -50.00 -50.00
2026-09-27T09:10:01.179,DEMO,DEMO,DEMO_MODE,24f8f9829bf14f26914a962224c1ad3a,F1 :    900    0 0.10 -14.44 0.54 50.00  90.0  76.0,0.00 0.00 0.00 89.38 0.54 50.00 0.10 -14.44 6 63 6 63 90.0% 76.0% 450.000 0.000 0.00 -4.90 0.00  2.00 0.00 900.00 0.0% | 1200.00   40.00 HI -50.00 -50.00
2026-09-27T09:10:01.300,DEMO,DEMO,DEMO_MODE,24f8f9829bf14f26914a962224c1ad3a,F1 :    900    0 0.10 -14.44 0.54 50.00  90.0  76.0,0.00 0.00 0.00 89.38 0.54 50.00 0.10 -14.44 6 63 6 63 90.0% 76.0% 450.000 0.000 0.00 -4.90 0.00  2.00 0.00 900.00 0.0% | 1200.00   40.00 HI -50.00 -50.00
2026-09-27T09:10:01.426,DEMO,DEMO,DEMO_MODE,24f8f9829bf14f26914a962224c1ad3a,F1 :    900    0 0.10 -14.44 0.54 50.00  90.0  76.0,0.00 0.00 0.00 89.38 0.54 50.00 0.10 -14.44 6 63 6 63 90.0% 76.0% 450.000 0.000 0.00 -4.90 0.00  2.00 0.00 900.00 0.0% | 1200.00   40.00 HI -50.00 -50.00
2026-09-27T09:10:01.546,DEMO,DEMO,DEMO_MODE,24f8f9829bf14f26914a962224c1ad3a,F1 :    900    0 0.10 -14.44 0.54 50.00  90.0  76.0,0.00 0.00 0.00 89.38 0.54 50.00 0.10 -14.44 6 63 6 63 90.0% 76.0% 450.000 0.000 0.00 -4.90 0.00  2.00 0.00 900.00 0.0% | 1200.00   40.00 HI -50.00 -50.00
2026-09-27T09:10:01.673,DEMO,DEMO,DEMO_MODE,24f8f9829bf14f26914a962224c1ad3a,F1 :    900    0 0.10 -14.44 0.54 50.00  90.0  76.0,0.00 0.00 0.00 89.38 0.54 50.00 0.10 -14.44 6 63 6 63 90.0% 76.0% 450.000 0.000 0.00 -4.90 0.00  2.00 0.00 900.00 0.0% | 1200.00   40.00 HI -50.00 -50.00
2026-09-27T09:10:01.804,DEMO,DEMO,DEMO_MODE,24f8f9829bf14f26914a962224c1ad3a,F1 :    900    0 0.10 -14.44 0.54 50.00  90.0  76.0,0.00 0.00 0.00 89.38 0.54 50.00 0.10 -14.44 6 63 6 63 90.0% 76.0% 450.000 0.000 0.00 -4.90 0.00  2.00 0.00 900.00 0.0% | 1200.00   40.00 HI -50.00 -50.00
2026-09-27T09:10:01.930,DEMO,DEMO,DEMO_MODE,24f8f9829bf14f26914a962224c1ad3a,F1 :    900    1 0.10 -14.44 0.54 50.00  90.0  76.0,0.00 0.00 0.00 89.38 0.54 50.00 0.10 -14.44 6 63 6 63 90.0% 76.0% 450.000 0.000 0.00 -4.90 0.00  2.00 0.00 899.00 0.0% | 1200.00   40.00 HI -50.00 -50.00
2026-09-27T09:10:02.051,DEMO,DEMO,DEMO_MODE,24f8f9829bf14f26914a962224c1ad3a,F1 :    900    1 0.10 -14.44 0.54 50.00  90.0  76.0,0.00 0.00 0.00 89.38 0.54 50.00 0.10 -14.44 6 63 6 63 90.0% 76.0% 450.000 0.000 0.00 -4.90 0.00  2.00 0.00 899.00 0.0% | 1200.00   40.00 HI -50.00 -50.00
2026-09-27T09:10:02.177,DEMO,DEMO,DEMO_MODE,24f8f9829bf14f26914a962224c1ad3a,F1 :    900    1 0.10 -14.44 0.54 50.00  90.0  76.0,0.00 0.00 0.00 89.38 0.54 50.00 0.10 -14.44 6 63 6 63 90.0% 76.0% 450.000 0.000 0.00 -4.90 0.00  2.00 0.00 899.00 0.0% | 1200.00   40.00 HI -50.00 -50.00
2026-09-27T09:10:02.297,DEMO,DEMO,DEMO_MODE,24f8f9829bf14f26914a962224c1ad3a,F1 :    900    1 0.10 -14.44 0.54 50.00  90.0  76.0,0.00 0.00 0.00 89.38 0.54 50.00 0.10 -14.44 6 63 6 63 90.0% 76.0% 450.000 0.000 0.00 -4.90 0.00  2.00 0.00 899.00 0.0% | 1200.00   40.00 HI -50.00 -50.00
2026-09-27T09:10:02.423,DEMO,DEMO,DEMO_MODE,24f8f9829bf14f26914a962224c1ad3a,F1 :    900    1 0.10 -14.44 0.54 50.00  90.0  76.0,0.00 0.00 0.00 89.38 0.54 50.00 0.10 -14.44 6 63 6 63 90.0% 76.0% 450.000 0.000 0.00 -4.90 0.00  2.00 0.00 899.00 0.0% | 1200.00   40.00 HI -50.00 -50.00
2026-09-27T09:10:02.549,DEMO,DEMO,DEMO_MODE,24f8f9829bf14f26914a962224c1ad3a,F1 :    900    1 0.10 -14.44 0.54 50.00  90.0  76.0,0.00 0.00 0.00 89.38 0.54 50.00 0.10 -14.44 6 63 6 63 90.0% 76.0% 450.000 0.000 0.00 -4.90 0.00  2.00 0.00 899.00 0.0% | 1200.00   40.00 HI -50.00 -50.00
2026-09-27T09:10:02.675,DEMO,DEMO,DEMO_MODE,24f8f9829bf14f26914a962224c1ad3a,F1 :    900    1 0.10 -14.44 0.54 50.00  90.0  76.0,0.00 0.00 0.00 89.38 0.54 50.00 0.10 -14.44 6 63 6 63 90.0% 76.0% 450.000 0.000 0.00 -4.90 0.00  2.00 0.00 899.00 0.0% | 1200.00   40.00 HI -50.00 -50.00
2026-09-27T09:10:02.796,DEMO,DEMO,DEMO_MODE,24f8f9829bf14f26914a962224c1ad3a,F1 :    900    1 0.10 -14.44 0.54 50.00  90.0  76.0,0.00 0.00 0.00 89.38 0.54 50.00 0.10 -14.44 6 63 6 63 90.0% 76.0% 450.000 0.000 0.00 -4.90 0.00  2.00 0.00 899.00 0.0% | 1200.00   40.00 HI -50.00 -50.00
2026-09-27T09:10:02.922,DEMO,DEMO,DEMO_MODE,24f8f9829bf14f26914a962224c1ad3a,F1 :    900    1 0.10 -14.44 0.54 50.00  90.0  76.0,0.00 0.00 0.00 89.38 0.54 50.00 0.10 -14.44 6 63 6 63 90.0% 76.0% 450.000 0.000 0.00 -4.90 0.00  2.00 0.00 899.00 0.0% | 1200.00   40.00 HI -50.00 -50.00
2026-09-27T09:10:03.043,DEMO,DEMO,DEMO_MODE,24f8f9829bf14f26914a962224c1ad3a,F1 :      0    1 0.10 -14.44 0.54 50.00   0.0   0.0,0.00 0.00 0.00 89.38 0.54 50.00 0.10 -14.44 6 63 6 63  0.0%  0.0%  0.000 0.000 0.00 -4.90 0.00  0.00 0.00   0.00 0.0% | 1200.00  -50.00 HI -50.00 -50.00
2026-09-27T09:10:03.170,DEMO,DEMO,DEMO_MODE,24f8f9829bf14f26914a962224c1ad3a,F1 :      0    1 0.10 -14.44 0.54 50.00   0.0   0.0,0.00 0.00 0.00 89.38 0.54 50.00 0.10 -14.44 6 63 6 63  0.0%  0.0%  0.000 0.000 0.00 -4.90 0.00  0.00 0.00   0.00 0.0% | 1200.00  -50.00 HI -50.00 -50.00
2026-09-27T09:10:03.291,DEMO,DEMO,DEMO_MODE,24f8f9829bf14f26914a962224c1ad3a,F1 :      0    1 0.10 -14.44 0.54 50.00   0.0   0.0,0.00 0.00 0.00 89.38 0.54 50.00 0.10 -14.44 6 63 6 63  0.0%  0.0%  0.000 0.000 0.00 -4.90 0.00  0.00 0.00   0.00 0.0% | 1200.00  -50.00 HI -50.00 -50.00
2026-09-27T09:10:03.417,DEMO,DEMO,DEMO_MODE,24f8f9829bf14f26914a962224c1ad3a,F1 :      0    1 0.10 -14.44 0.54 50.00   0.0   0.0,0.00 0.00 0.00 89.38 0.54 50.00 0.10 -14.44 6 63 6 63  0.0%  0.0%  0.000 0.000 0.00 -4.90 0.00  0.00 0.00   0.00 0.0% | 1200.00  -50.00 HI -50.00 -50.00
2026-09-27T09:10:03.538,DEMO,DEMO,DEMO_MODE,24f8f9829bf14f26914a962224c1ad3a,F1 :      0    1 0.10 -14.44 0.54 50.00   0.0   0.0,0.00 0.00 0.00 89.38 0.54 50.00 0.10 -14.44 6 63 6 63  0.0%  0.0%  0.000 0.000 0.00 -4.90 0.00  0.00 0.00   0.00 0.0% | 1200.00  -50.00 HI -50.00 -50.00
2026-09-27T09:10:03.659,DEMO,DEMO,DEMO_MODE,24f8f9829bf14f26914a962224c1ad3a,F1 :      0    1 0.10 -14.44 0.54 50.00   0.0   0.0,0.00 0.00 0.00 89.38 0.54 50.00 0.10 -14.44 6 63 6 63  0.0%  0.0%  0.000 0.000 0.00 -4.90 0.00  0.00 0.00   0.00 0.0% | 1200.00  -50.00 HI -50.00 -50.00
2026-09-27T09:10:03.780,DEMO,DEMO,DEMO_MODE,24f8f9829bf14f26914a962224c1ad3a,F1 :      0    1 0.10 -14.44 0.54 50.00   0.0   0.0,0.00 0.00 0.00 89.38 0.54 50.00 0.10 -14.44 6 63 6 63  0.0%  0.0%  0.000 0.000 0.00 -4.90 0.00  0.00 0.00   0.00 0.0% | 1200.00  -50.00 HI -50.00 -50.00
2026-09-27T09:10:03.901,DEMO,DEMO,DEMO_MODE,24f8f9829bf14f26914a962224c1ad3a,F1 :      0    1 0.10 -14.44 0.54 50.00   0.0   0.0,0.00 0.00 0.00 89.38 0.54 50.00 0.10 -14.44 6 63 6 63  0.0%  0.0%  0.000 0.000 0.00 -4.90 0.00  0.00 0.00   0.00 0.0% | 1200.00  -50.00 HI -50.00 -50.00
2026-09-27T09:10:04.022,DEMO,DEMO,DEMO_MODE,24f8f9829bf14f26914a962224c1ad3a,F1 :      0    1 0.10 -14.44 0.54 50.00   0.0   0.0,0.00 0.00 0.00 89.38 0.54 50.00 0.10 -14.44 6 63 6 63  0.0%  0.0%  0.000 0.000 0.00 -4.90 0.00  0.00 0.00   0.00 0.0% | 1200.00  -50.00 HI -50.00 -50.00
2026-09-27T09:10:04.142,DEMO,DEMO,DEMO_MODE,24f8f9829bf14f26914a962224c1ad3a,F1 :      0    1 0.10 -14.44 0.54 50.00   0.0   0.0,0.00 0.00 0.00 89.38 0.54 50.00 0.10 -14.44 6 63 6 63  0.0%  0.0%  0.000 0.000 0.00 -4.90 0.00  0.00 0.00   0.00 0.0% | 1200.00  -50.00 HI -50.00 -50.00
2026-09-27T09:10:04.263,DEMO,DEMO,DEMO_MODE,24f8f9829bf14f26914a962224c1ad3a,F1 :      0    1 0.10 -14.44 0.54 50.00   0.0   0.0,0.00 0.00 0.00 89.38 0.54 50.00 0.10 -14.44 6 63 6 63  0.0%  0.0%  0.000 0.000 0.00 -4.90 0.00  0.00 0.00   0.00 0.0% | 1200.00  -50.00 HI -50.00 -50.00
2026-09-27T09:10:04.383,DEMO,DEMO,DEMO_MODE,24f8f9829bf14f26914a962224c1ad3a,F1 :      0    1 0.10 -14.44 0.54 50.00   0.0   0.0,0.00 0.00 0.00 89.38 0.54 50.00 0.10 -14.44 6 63 6 63  0.0%  0.0%  0.000 0.000 0.00 -4.90 0.00  0.00 0.00   0.00 0.0% | 1200.00  -50.00 HI -50.00 -50.00
2026-09-27T09:10:04.504,DEMO,DEMO,DEMO_MODE,24f8f9829bf14f26914a962224c1ad3a,F1 :      0    1 0.10 -14.44 0.54 50.00   0.0   0.0,0.00 0.00 0.00 89.38 0.54 50.00 0.10 -14.44 6 63 6 63  0.0%  0.0%  0.000 0.000 0.00 -4.90 0.00  0.00 0.00   0.00 0.0% | 1200.00  -50.00 HI -50.00 -50.00
2026-09-27T09:10:04.625,DEMO,DEMO,DEMO_MODE,24f8f9829bf14f26914a962224c1ad3a,F1 :      0    1 0.10 -14.44 0.54 50.00   0.0   0.0,0.00 0.00 0.00 89.38 0.54 50.00 0.10 -14.44 6 63 6 63  0.0%  0.0%  0.000 0.000 0.00 -4.90 0.00  0.00 0.00   0.00 0.0% | 1200.00  -50.00 HI -50.00 -50.00
2026-09-27T09:10:04.746,DEMO,DEMO,DEMO_MODE,24f8f9829bf14f26914a962224c1ad3a,F1 :      0    1 0.10 -14.44 0.54 50.00   0.0   0.0,0.00 0.00 0.00 89.38 0.54 50.00 0.10 -14.44 6 63 6 63  0.0%  0.0%  0.000 0.000 0.00 -4.90 0.00  0.00 0.00   0.00 0.0% | 1200.00  -50.00 HI -50.00 -50.00
2026-09-27T09:10:04.866,DEMO,DEMO,DEMO_MODE,24f8f9829bf14f26914a962224c1ad3a,F1 :      0    1 0.10 -14.44 0.54 50.00   0.0   0.0,0.00 0.00 0.00 89.38 0.54 50.00 0.10 -14.44 6 63 6 63  0.0%  0.0%  0.000 0.000 0.00 -4.90 0.00  0.00 0.00   0.00 0.0% | 1200.00  -50.00 HI -50.00 -50.00
2026-09-27T09:10:04.987,DEMO,DEMO,DEMO_MODE,24f8f9829bf14f26914a962224c1ad3a,F1 :      0    1 0.10 -14.44 0.54 50.00   0.0   0.0,0.00 0.00 0.00 89.38 0.54 50.00 0.10 -14.44 6 63 6 63  0.0%  0.0%  0.000 0.000 0.00 -4.90 0.00  0.00 0.00   0.00 0.0% | 1200.00  -50.00 HI -50.00 -50.00
2026-09-27T09:10:05.109,DEMO,DEMO,DEMO_MODE,24f8f9829bf14f26914a962224c1ad3a,F1 :      0    1 0.10 -14.44 0.54 50.00   0.0   0.0,0.00 0.00 0.00 89.38 0.54 50.00 0.10 -14.44 6 63 6 63  0.0%  0.0%  0.000 0.000 0.00 -4.90 0.00  0.00 0.00   0.00 0.0% | 1200.00  -50.00 HI -50.00 -50.00
2026-09-27T09:10:05.232,DEMO,DEMO,DEMO_MODE,24f8f9829bf14f26914a962224c1ad3a,F1 :      0    1 0.10 -14.44 0.54 50.00   0.0   0.0,0.00 0.00 0.00 89.38 0.54 50.00 0.10 -14.44 6 63 6 63  0.0%  0.0%  0.000 0.000 0.00 -4.90 0.00  0.00 0.00   0.00 0.0% | 1200.00  -50.00 HI -50.00 -50.00
2026-09-27T09:10:05.352,DEMO,DEMO,DEMO_MODE,24f8f9829bf14f26914a962224c1ad3a,F1 :      0    1 0.10 -14.44 0.54 50.00   0.0   0.0,0.00 0.00 0.00 89.38 0.54 50.00 0.10 -14.44 6 63 6 63  0.0%  0.0%  0.000 0.000 0.00 -4.90 0.00  0.00 0.00   0.00 0.0% | 1200.00  -50.00 HI -50.00 -50.00
2026-09-27T09:10:05.479,DEMO,DEMO,DEMO_MODE,24f8f9829bf14f26914a962224c1ad3a,F1 :      0    1 0.10 -14.44 0.54 50.00   0.0   0.0,0.00 0.00 0.00 89.38 0.54 50.00 0.10 -14.44 6 63 6 63  0.0%  0.0%  0.000 0.000 0.00 -4.90 0.00  0.00 0.00   0.00 0.0% | 1200.00  -50.00 HI -50.00 -50.00
2026-09-27T09:10:05.599,DEMO,DEMO,DEMO_MODE,24f8f9829bf14f26914a962224c1ad3a,F1 :      0    1 0.10 -14.44 0.54 50.00   0.0   0.0,0.00 0.00 0.00 89.38 0.54 50.00 0.10 -14.44 6 63 6 63  0.0%  0.0%  0.000 0.000 0.00 -4.90 0.00  0.00 0.00   0.00 0.0% | 1200.00  -50.00 HI -50.00 -50.00
2026-09-27T09:10:05.726,DEMO,DEMO,DEMO_MODE,24f8f9829bf14f26914a962224c1ad3a,F1 :      0    1 0.10 -14.44 0.54 50.00   0.0   0.0,0.00 0.00 0.00 89.38 0.54 50.00 0.10 -14.44 6 63 6 63  0.0%  0.0%  0.000 0.000 0.00 -4.90 0.00  0.00 0.00   0.00 0.0% | 1200.00  -50.00 HI -50.00 -50.00
2026-09-27T09:10:05.847,DEMO,DEMO,DEMO_MODE,24f8f9829bf14f26914a962224c1ad3a,F1 :      0    1 0.10 -14.44 0.54 50.00   0.0   0.0,0.00 0.00 0.00 89.38 0.54 50.00 0.10 -14.44 6 63 6 63  0.0%  0.0%  0.000 0.000 0.00 -4.90 0.00  0.00 0.00   0.00 0.0% | 1200.00  -50.00 HI -50.00 -50.00
2026-09-27T09:10:05.973,DEMO,DEMO,DEMO_MODE,24f8f9829bf14f26914a962224c1ad3a,F1 :      0    1 0.10 -14.44 0.54 50.00   0.0   0.0,0.00 0.00 0.00 89.38 0.54 50.00 0.10 -14.44 6 63 6 63  0.0%  0.0%  0.000 0.000 0.00 -4.90 0.00  0.00 0.00   0.00 0.0% | 1200.00  -50.00 HI -50.00 -50.00
2026-09-27T09:10:06.093,DEMO,DEMO,DEMO_MODE,24f8f9829bf14f26914a962224c1ad3a,F1 :      0    1 0.10 -14.44 0.54 50.00   0.0   0.0,0.00 0.00 0.00 89.38 0.54 50.00 0.10 -14.44 6 63 6 63  0.0%  0.0%  0.000 0.000 0.00 -4.90 0.00  0.00 0.00   0.00 0.0% | 1200.00  -50.00 HI -50.00 -50.00
2026-09-27T09:10:06.219,DEMO,DEMO,DEMO_MODE,24f8f9829bf14f26914a962224c1ad3a,F1 :      0    1 0.10 -14.44 0.54 50.00   0.0   0.0,0.00 0.00 0.00 89.38 0.54 50.00 0.10 -14.44 6 63 6 63  0.0%  0.0%  0.000 0.000 0.00 -4.90 0.00  0.00 0.00   0.00 0.0% | 1200.00  -50.00 HI -50.00 -50.00
2026-09-27T09:10:06.344,DEMO,DEMO,DEMO_MODE,24f8f9829bf14f26914a962224c1ad3a,F1 :      0    1 0.10 -14.44 0.54 50.00   0.0   0.0,0.00 0.00 0.00 89.38 0.54 50.00 0.10 -14.44 6 63 6 63  0.0%  0.0%  0.000 0.000 0.00 -4.90 0.00  0.00 0.00   0.00 0.0% | 1200.00  -50.00 HI -50.00 -50.00
2026-09-27T09:10:06.470,DEMO,DEMO,DEMO_MODE,24f8f9829bf14f26914a962224c1ad3a,F1 :      0    1 0.10 -14.44 0.54 50.00   0.0   0.0,0.00 0.00 0.00 89.38 0.54 50.00 0.10 -14.44 6 63 6 63  0.0%  0.0%  0.000 0.000 0.00 -4.90 0.00  0.00 0.00   0.00 0.0% | 1200.00  -50.00 HI -50.00 -50.00
2026-09-27T09:10:06.590,DEMO,DEMO,DEMO_MODE,24f8f9829bf14f26914a962224c1ad3a,F1 :      0    1 0.10 -14.44 0.54 50.00   0.0   0.0,0.00 0.00 0.00 89.38 0.54 50.00 0.10 -14.44 6 63 6 63  0.0%  0.0%  0.000 0.000 0.00 -4.90 0.00  0.00 0.00   0.00 0.0% | 1200.00  -50.00 HI -50.00 -50.00
2026-09-27T09:10:06.716,DEMO,DEMO,DEMO_MODE,24f8f9829bf14f26914a962224c1ad3a,F1 :      0    1 0.10 -14.44 0.54 50.00   0.0   0.0,0.00 0.00 0.00 89.38 0.54 50.00 0.10 -14.44 6 63 6 63  0.0%  0.0%  0.000 0.000 0.00 -4.90 0.00  0.00 0.00   0.00 0.0% | 1200.00  -50.00 HI -50.00 -50.00
2026-09-27T09:10:06.836,DEMO,DEMO,DEMO_MODE,24f8f9829bf14f26914a962224c1ad3a,F1 :      0    1 0.10 -14.44 0.54 50.00   0.0   0.0,0.00 0.00 0.00 89.38 0.54 50.00 0.10 -14.44 6 63 6 63  0.0%  0.0%  0.000 0.000 0.00 -4.90 0.00  0.00 0.00   0.00 0.0% | 1200.00  -50.00 HI -50.00 -50.00
2026-09-27T09:10:06.962,DEMO,DEMO,DEMO_MODE,24f8f9829bf14f26914a962224c1ad3a,F1 :      0    1 0.10 -14.44 0.54 50.00   0.0   0.0,0.00 0.00 0.00 89.38 0.54 50.00 0.10 -14.44 6 63 6 63  0.0%  0.0%  0.000 0.000 0.00 -4.90 0.00  0.00 0.00   0.00 0.0% | 1200.00  -50.00 HI -50.00 -50.00
2026-09-27T09:10:07.089,DEMO,DEMO,DEMO_MODE,24f8f9829bf14f26914a962224c1ad3a,F1 :      0    1 0.10 -14.44 0.54 50.00   0.0   0.0,0.00 0.00 0.00 89.38 0.54 50.00 0.10 -14.44 6 63 6 63  0.0%  0.0%  0.000 0.000 0.00 -4.90 0.00  0.00 0.00   0.00 0.0% | 1200.00  -50.00 HI -50.00 -50.00
2026-09-27T09:10:07.217,DEMO,DEMO,DEMO_MODE,24f8f9829bf14f26914a962224c1ad3a,F1 :      0    1 0.10 -14.44 0.54 50.00   0.0   0.0,0.00 0.00 0.00 89.38 0.54 50.00 0.10 -14.44 6 63 6 63  0.0%  0.0%  0.000 0.000 0.00 -4.90 0.00  0.00 0.00   0.00 0.0% | 1200.00  -50.00 HI -50.00 -50.00
2026-09-27T09:10:07.338,DEMO,DEMO,DEMO_MODE,24f8f9829bf14f26914a962224c1ad3a,F1 :      0    1 0.10 -14.44 0.54 50.00   0.0   0.0,0.00 0.00 0.00 89.38 0.54 50.00 0.10 -14.44 6 63 6 63  0.0%  0.0%  0.000 0.000 0.00 -4.90 0.00  0.00 0.00   0.00 0.0% | 1200.00  -50.00 HI -50.00 -50.00
2026-09-27T09:10:07.464,DEMO,DEMO,DEMO_MODE,24f8f9829bf14f26914a962224c1ad3a,F1 :      0    1 0.10 -14.44 0.54 50.00   0.0   0.0,0.00 0.00 0.00 89.38 0.54 50.00 0.10 -14.44 6 63 6 63  0.0%  0.0%  0.000 0.000 0.00 -4.90 0.00  0.00 0.00   0.00 0.0% | 1200.00  -50.00 HI -50.00 -50.00
2026-09-27T09:10:07.585,DEMO,DEMO,DEMO_MODE,24f8f9829bf14f26914a962224c1ad3a,F1 :      0    1 0.10 -14.44 0.54 50.00   0.0   0.0,0.00 0.00 0.00 89.38 0.54 50.00 0.10 -14.44 6 63 6 63  0.0%  0.0%  0.000 0.000 0.00 -4.90 0.00  0.00 0.00   0.00 0.0% | 1200.00  -50.00 HI -50.00 -50.00
2026-09-27T09:10:07.712,DEMO,DEMO,DEMO_MODE,24f8f9829bf14f26914a962224c1ad3a,F1 :      0    1 0.10 -14.44 0.54 50.00   0.0   0.0,0.00 0.00 0.00 89.38 0.54 50.00 0.10 -14.44 6 63 6 63  0.0%  0.0%  0.000 0.000 0.00 -4.90 0.00  0.00 0.00   0.00 0.0% | 1200.00  -50.00 HI -50.00 -50.00
2026-09-27T09:10:07.833,DEMO,DEMO,DEMO_MODE,24f8f9829bf14f26914a962224c1ad3a,F1 :      0    1 0.10 -14.44 0.54 50.00   0.0   0.0,0.00 0.00 0.00 89.38 0.54 50.00 0.10 -14.44 6 63 6 63  0.0%  0.0%  0.000 0.000 0.00 -4.90 0.00  0.00 0.00   0.00 0.0% | 1200.00  -50.00 HI -50.00 -50.00
2026-09-27T09:10:07.958,DEMO,DEMO,DEMO_MODE,24f8f9829bf14f26914a962224c1ad3a,F1 :      0    1 0.10 -14.44 0.54 50.00   0.0   0.0,0.00 0.00 0.00 89.38 0.54 50.00 0.10 -14.44 6 63 6 63  0.0%  0.0%  0.000 0.000 0.00 -4.90 0.00  0.00 0.00   0.00 0.0% | 1200.00  -50.00 HI -50.00 -50.00
2026-09-27T09:10:08.079,DEMO,DEMO,DEMO_MODE,24f8f9829bf14f26914a962224c1ad3a,F1 :      0    1 0.10 -14.44 0.54 50.00   0.0   4.0,0.00 0.00 0.00 89.38 0.54 50.00 0.10 -14.44 6 63 6 63  0.0%  4.0%  0.000 0.000 0.00 -4.90 0.00  0.00 0.00   0.00 0.0% | 1200.00  -50.00 HI -50.00 -50.00
2026-09-27T09:10:08.205,DEMO,DEMO,DEMO_MODE,24f8f9829bf14f26914a962224c1ad3a,F1 :      0    1 0.10 -14.44 0.54 50.00   0.0   4.0,0.00 0.00 0.00 89.38 0.54 50.00 0.10 -14.44 6 63 6 63  0.0%  4.0%  0.000 0.000 0.00 -4.90 0.00  0.00 0.00   0.00 0.0% | 1200.00  -50.00 HI -50.00 -50.00
2026-09-27T09:10:08.326,DEMO,DEMO,DEMO_MODE,24f8f9829bf14f26914a962224c1ad3a,F1 :      0    1 0.10 -14.44 0.54 50.00   0.0   4.0,0.00 0.00 0.00 89.38 0.54 50.00 0.10 -14.44 6 63 6 63  0.0%  4.0%  0.000 0.000 0.00 -4.90 0.00  0.00 0.00   0.00 0.0% | 1200.00  -50.00 HI -50.00 -50.00
2026-09-27T09:10:08.452,DEMO,DEMO,DEMO_MODE,24f8f9829bf14f26914a962224c1ad3a,F1 :      0    1 0.10 -14.44 0.54 50.00   0.0   4.0,0.00 0.00 0.00 89.38 0.54 50.00 0.10 -14.44 6 63 6 63  0.0%  4.0%  0.000 0.000 0.00 -4.90 0.00  0.00 0.00   0.00 0.0% | 1200.00  -50.00 HI -50.00 -50.00
2026-09-27T09:10:08.572,DEMO,DEMO,DEMO_MODE,24f8f9829bf14f26914a962224c1ad3a,F1 :      0    1 0.10 -14.44 0.54 50.00   0.0   4.0,0.00 0.00 0.00 89.38 0.54 50.00 0.10 -14.44 6 63 6 63  0.0%  4.0%  0.000 0.000 0.00 -4.90 0.00  0.00 0.00   0.00 0.0% | 1200.00  -50.00 HI -50.00 -50.00
2026-09-27T09:10:08.698,DEMO,DEMO,DEMO_MODE,24f8f9829bf14f26914a962224c1ad3a,F1 :      0    1 0.10 -14.44 0.54 50.00   0.0   4.0,0.00 0.00 0.00 89.38 0.54 50.00 0.10 -14.44 6 63 6 63  0.0%  4.0%  0.000 0.000 0.00 -4.90 0.00  0.00 0.00   0.00 0.0% | 1200.00  -50.00 HI -50.00 -50.00
2026-09-27T09:10:08.819,DEMO,DEMO,DEMO_MODE,24f8f9829bf14f26914a962224c1ad3a,F1 :      0    1 0.10 -14.44 0.54 50.00   0.0   4.0,0.00 0.00 0.00 89.38 0.54 50.00 0.10 -14.44 6 63 6 63  0.0%  4.0%  0.000 0.000 0.00 -4.90 0.00  0.00 0.00   0.00 0.0% | 1200.00  -50.00 HI -50.00 -50.00
2026-09-27T09:10:08.945,DEMO,DEMO,DEMO_MODE,24f8f9829bf14f26914a962224c1ad3a,F1 :      0    1 0.10 -14.44 0.54 50.00   0.0   4.0,0.00 0.00 0.00 89.38 0.54 50.00 0.10 -14.44 6 63 6 63  0.0%  4.0%  0.000 0.000 0.00 -4.90 0.00  0.00 0.00   0.00 0.0% | 1200.00  -50.00 HI -50.00 -50.00
2026-09-27T09:10:09.066,DEMO,DEMO,DEMO_MODE,24f8f9829bf14f26914a962224c1ad3a,F1 :      0    1 0.10 -14.44 0.54 50.00   0.0   4.0,0.00 0.00 0.00 89.38 0.54 50.00 0.10 -14.44 6 63 6 63  0.0%  4.0%  0.000 0.000 0.00 -4.90 0.00  0.00 0.00   0.00 0.0% | 1200.00  -50.00 HI -50.00 -50.00
2026-09-27T09:10:09.193,DEMO,DEMO,DEMO_MODE,24f8f9829bf14f26914a962224c1ad3a,F1 :      0    1 0.10 -14.44 0.54 50.00   0.0   4.0,0.00 0.00 0.00 89.38 0.54 50.00 0.10 -14.44 6 63 6 63  0.0%  4.0%  0.000 0.000 0.00 -4.90 0.00  0.00 0.00   0.00 0.0% | 1200.00  -50.00 HI -50.00 -50.00
2026-09-27T09:10:09.314,DEMO,DEMO,DEMO_MODE,24f8f9829bf14f26914a962224c1ad3a,F1 :      0    1 0.10 -14.44 0.54 50.00   0.0   4.0,0.00 0.00 0.00 89.38 0.54 50.00 0.10 -14.44 6 63 6 63  0.0%  4.0%  0.000 0.000 0.00 -4.90 0.00  0.00 0.00   0.00 0.0% | 1200.00  -50.00 HI -50.00 -50.00
2026-09-27T09:10:09.440,DEMO,DEMO,DEMO_MODE,24f8f9829bf14f26914a962224c1ad3a,F1 :      0    1 0.10 -14.44 0.54 50.00   0.0   4.0,0.00 0.00 0.00 89.38 0.54 50.00 0.10 -14.44 6 63 6 63  0.0%  4.0%  0.000 0.000 0.00 -4.90 0.00  0.00 0.00   0.00 0.0% | 1200.00  -50.00 HI -50.00 -50.00
2026-09-27T09:10:09.561,DEMO,DEMO,DEMO_MODE,24f8f9829bf14f26914a962224c1ad3a,F1 :      0    1 0.10 -14.44 0.54 50.00   0.0   4.0,0.00 0.00 0.00 89.38 0.54 50.00 0.10 -14.44 6 63 6 63  0.0%  4.0%  0.000 0.000 0.00 -4.90 0.00  0.00 0.00   0.00 0.0% | 1200.00  -50.00 HI -50.00 -50.00
2026-09-27T09:10:09.686,DEMO,DEMO,DEMO_MODE,24f8f9829bf14f26914a962224c1ad3a,F1 :      0    1 0.10 -14.44 0.54 50.00   0.0   4.0,0.00 0.00 0.00 89.38 0.54 50.00 0.10 -14.44 6 63 6 63  0.0%  4.0%  0.000 0.000 0.00 -4.90 0.00  0.00 0.00   0.00 0.0% | 1200.00  -50.00 HI -50.00 -50.00
2026-09-27T09:10:09.807,DEMO,DEMO,DEMO_MODE,24f8f9829bf14f26914a962224c1ad3a,F1 :      0    1 0.10 -14.44 0.54 50.00   0.0   4.0,0.00 0.00 0.00 89.38 0.54 50.00 0.10 -14.44 6 63 6 63  0.0%  4.0%  0.000 0.000 0.00 -4.90 0.00  0.00 0.00   0.00 0.0% | 1200.00  -50.00 HI -50.00 -50.00
2026-09-27T09:10:09.934,DEMO,DEMO,DEMO_MODE,24f8f9829bf14f26914a962224c1ad3a,F1 :      0    1 0.10 -14.44 0.54 50.00   0.0   4.0,0.00 0.00 0.00 89.38 0.54 50.00 0.10 -14.44 6 63 6 63  0.0%  4.0%  0.000 0.000 0.00 -4.90 0.00  0.00 0.00   0.00 0.0% | 1200.00  -50.00 HI -50.00 -50.00
2026-09-27T09:10:10.054,DEMO,DEMO,DEMO_MODE,24f8f9829bf14f26914a962224c1ad3a,F1 :      0    1 0.10 -14.44 0.54 50.00   0.0   4.0,0.00 0.00 0.00 89.38 0.54 50.00 0.10 -14.44 6 63 6 63  0.0%  4.0%  0.000 0.000 0.00 -4.90 0.00  0.00 0.00   0.00 0.0% | 1200.00  -50.00 HI -50.00 -50.00
2026-09-27T09:10:10.181,DEMO,DEMO,DEMO_MODE,24f8f9829bf14f26914a962224c1ad3a,F1 :      0    1 0.10 -14.44 0.54 50.00   0.0   4.0,0.00 0.00 0.00 89.38 0.54 50.00 0.10 -14.44 6 63 6 63  0.0%  4.0%  0.000 0.000 0.00 -4.90 0.00  0.00 0.00   0.00 0.0% | 1200.00  -50.00 HI -50.00 -50.00
2026-09-27T09:10:10.313,DEMO,DEMO,DEMO_MODE,24f8f9829bf14f26914a962224c1ad3a,F1 :      0    1 0.10 -14.44 0.54 50.00   0.0   4.0,0.00 0.00 0.00 89.38 0.54 50.00 0.10 -14.44 6 63 6 63  0.0%  4.0%  0.000 0.000 0.00 -4.90 0.00  0.00 0.00   0.00 0.0% | 1200.00  -50.00 HI -50.00 -50.00
2026-09-27T09:10:10.438,DEMO,DEMO,DEMO_MODE,24f8f9829bf14f26914a962224c1ad3a,F1 :      0    1 0.10 -14.44 0.54 50.00   0.0   4.0,0.00 0.00 0.00 89.38 0.54 50.00 0.10 -14.44 6 63 6 63  0.0%  4.0%  0.000 0.000 0.00 -4.90 0.00  0.00 0.00   0.00 0.0% | 1200.00  -50.00 HI -50.00 -50.00
2026-09-27T09:10:10.560,DEMO,DEMO,DEMO_MODE,24f8f9829bf14f26914a962224c1ad3a,F1 :      0    1 0.10 -14.44 0.54 50.00   0.0   4.0,0.00 0.00 0.00 89.38 0.54 50.00 0.10 -14.44 6 63 6 63  0.0%  4.0%  0.000 0.000 0.00 -4.90 0.00  0.00 0.00   0.00 0.0% | 1200.00  -50.00 HI -50.00 -50.00
2026-09-27T09:10:10.686,DEMO,DEMO,DEMO_MODE,24f8f9829bf14f26914a962224c1ad3a,F1 :      0    1 0.10 -14.44 0.54 50.00   0.0   4.0,0.00 0.00 0.00 89.38 0.54 50.00 0.10 -14.44 6 63 6 63  0.0%  4.0%  0.000 0.000 0.00 -4.90 0.00  0.00 0.00   0.00 0.0% | 1200.00  -50.00 HI -50.00 -50.00
2026-09-27T09:10:10.807,DEMO,DEMO,DEMO_MODE,24f8f9829bf14f26914a962224c1ad3a,F1 :      0    1 0.10 -14.44 0.54 50.00   0.0   4.0,0.00 0.00 0.00 89.38 0.54 50.00 0.10 -14.44 6 63 6 63  0.0%  4.0%  0.000 0.000 0.00 -4.90 0.00  0.00 0.00   0.00 0.0% | 1200.00  -50.00 HI -50.00 -50.00
2026-09-27T09:10:10.933,DEMO,DEMO,DEMO_MODE,24f8f9829bf14f26914a962224c1ad3a,F1 :      0    1 0.10 -14.44 0.54 50.00   0.0   4.0,0.00 0.00 0.00 89.38 0.54 50.00 0.10 -14.44 6 63 6 63  0.0%  4.0%  0.000 0.000 0.00 -4.90 0.00  0.00 0.00   0.00 0.0% | 1200.00  -50.00 HI -50.00 -50.00
2026-09-27T09:10:11.055,DEMO,DEMO,DEMO_MODE,24f8f9829bf14f26914a962224c1ad3a,F1 :      0    1 0.10 -14.44 0.54 50.00   0.0   4.0,0.00 0.00 0.00 89.38 0.54 50.00 0.10 -14.44 6 63 6 63  0.0%  4.0%  0.000 0.000 0.00 -4.90 0.00  0.00 0.00   0.00 0.0% | 1200.00  -50.00 HI -50.00 -50.00
2026-09-27T09:10:11.180,DEMO,DEMO,DEMO_MODE,24f8f9829bf14f26914a962224c1ad3a,F1 :      0    2 0.10 -14.44 0.54 50.00   0.0   4.0,0.00 0.00 0.00 89.38 0.54 50.00 0.10 -14.44 6 63 6 63  0.0%  4.0%  0.000 0.000 0.00 -4.90 0.00  0.00 0.00   0.00 0.0% | 1200.00  -50.00 HI -50.00 -50.00
2026-09-27T09:10:11.301,DEMO,DEMO,DEMO_MODE,24f8f9829bf14f26914a962224c1ad3a,F1 :      0    2 0.10 -14.44 0.54 50.00   0.0   4.0,0.00 0.00 0.00 89.38 0.54 50.00 0.10 -14.44 6 63 6 63  0.0%  4.0%  0.000 0.000 0.00 -4.90 0.00  0.00 0.00   0.00 0.0% | 1200.00  -50.00 HI -50.00 -50.00
2026-09-27T09:10:11.427,DEMO,DEMO,DEMO_MODE,24f8f9829bf14f26914a962224c1ad3a,F1 :      0    2 0.10 -14.44 0.54 50.00   0.0   4.0,0.00 0.00 0.00 89.38 0.54 50.00 0.10 -14.44 6 63 6 63  0.0%  4.0%  0.000 0.000 0.00 -4.90 0.00  0.00 0.00   0.00 0.0% | 1200.00  -50.00 HI -50.00 -50.00
2026-09-27T09:10:11.548,DEMO,DEMO,DEMO_MODE,24f8f9829bf14f26914a962224c1ad3a,F1 :      0    2 0.10 -14.44 0.54 50.00   0.0   4.0,0.00 0.00 0.00 89.38 0.54 50.00 0.10 -14.44 6 63 6 63  0.0%  4.0%  0.000 0.000 0.00 -4.90 0.00  0.00 0.00   0.00 0.0% | 1200.00  -50.00 HI -50.00 -50.00
2026-09-27T09:10:11.675,DEMO,DEMO,DEMO_MODE,24f8f9829bf14f26914a962224c1ad3a,F1 :      0    2 0.10 -14.44 0.54 50.00   0.0   4.0,0.00 0.00 0.00 89.38 0.54 50.00 0.10 -14.44 6 63 6 63  0.0%  4.0%  0.000 0.000 0.00 -4.90 0.00  0.00 0.00   0.00 0.0% | 1200.00  -50.00 HI -50.00 -50.00
2026-09-27T09:10:11.795,DEMO,DEMO,DEMO_MODE,24f8f9829bf14f26914a962224c1ad3a,F1 :      0    2 0.10 -14.44 0.54 50.00   0.0   4.0,0.00 0.00 0.00 89.38 0.54 50.00 0.10 -14.44 6 63 6 63  0.0%  4.0%  0.000 0.000 0.00 -4.90 0.00  0.00 0.00   0.00 0.0% | 1200.00  -50.00 HI -50.00 -50.00
2026-09-27T09:10:11.921,DEMO,DEMO,DEMO_MODE,24f8f9829bf14f26914a962224c1ad3a,F1 :      0    2 0.10 -14.44 0.54 50.00   0.0   4.0,0.00 0.00 0.00 89.38 0.54 50.00 0.10 -14.44 6 63 6 63  0.0%  4.0%  0.000 0.000 0.00 -4.90 0.00  0.00 0.00   0.00 0.0% | 1200.00  -50.00 HI -50.00 -50.00
2026-09-27T09:10:12.042,DEMO,DEMO,DEMO_MODE,24f8f9829bf14f26914a962224c1ad3a,F1 :      0    2 0.10 -14.44 0.54 50.00   0.0   4.0,0.00 0.00 0.00 89.38 0.54 50.00 0.10 -14.44 6 63 6 63  0.0%  4.0%  0.000 0.000 0.00 -4.90 0.00  0.00 0.00   0.00 0.0% | 1200.00  -50.00 HI -50.00 -50.00
2026-09-27T09:10:12.168,DEMO,DEMO,DEMO_MODE,24f8f9829bf14f26914a962224c1ad3a,F1 :      0    2 0.10 -14.44 0.54 50.00   0.0   4.0,0.00 0.00 0.00 89.38 0.54 50.00 0.10 -14.44 6 63 6 63  0.0%  4.0%  0.000 0.000 0.00 -4.90 0.00  0.00 0.00   0.00 0.0% | 1200.00  -50.00 HI -50.00 -50.00
2026-09-27T09:10:12.289,DEMO,DEMO,DEMO_MODE,24f8f9829bf14f26914a962224c1ad3a,F1 :      0    2 0.10 -14.44 0.54 50.00   0.0   4.0,0.00 0.00 0.00 89.38 0.54 50.00 0.10 -14.44 6 63 6 63  0.0%  4.0%  0.000 0.000 0.00 -4.90 0.00  0.00 0.00   0.00 0.0% | 1200.00  -50.00 HI -50.00 -50.00
2026-09-27T09:10:12.410,DEMO,DEMO,DEMO_MODE,24f8f9829bf14f26914a962224c1ad3a,F1 :      0    2 0.10 -14.44 0.54 50.00   0.0   4.0,0.00 0.00 0.00 89.38 0.54 50.00 0.10 -14.44 6 63 6 63  0.0%  4.0%  0.000 0.000 0.00 -4.90 0.00  0.00 0.00   0.00 0.0% | 1200.00  -50.00 HI -50.00 -50.00
2026-09-27T09:10:12.531,DEMO,DEMO,DEMO_MODE,24f8f9829bf14f26914a962224c1ad3a,F1 :      0    2 0.10 -14.44 0.54 50.00   0.0   4.0,0.00 0.00 0.00 89.38 0.54 50.00 0.10 -14.44 6 63 6 63  0.0%  4.0%  0.000 0.000 0.00 -4.90 0.00  0.00 0.00   0.00 0.0% | 1200.00  -50.00 HI -50.00 -50.00
2026-09-27T09:10:12.652,DEMO,DEMO,DEMO_MODE,24f8f9829bf14f26914a962224c1ad3a,F1 :      0    2 0.10 -14.44 0.54 50.00   0.0   4.0,0.00 0.00 0.00 89.38 0.54 50.00 0.10 -14.44 6 63 6 63  0.0%  4.0%  0.000 0.000 0.00 -4.90 0.00  0.00 0.00   0.00 0.0% | 1200.00  -50.00 HI -50.00 -50.00
2026-09-27T09:10:12.773,DEMO,DEMO,DEMO_MODE,24f8f9829bf14f26914a962224c1ad3a,F1 :      0    2 0.10 -14.44 0.54 50.00   0.0   4.0,0.00 0.00 0.00 89.38 0.54 50.00 0.10 -14.44 6 63 6 63  0.0%  4.0%  0.000 0.000 0.00 -4.90 0.00  0.00 0.00   0.00 0.0% | 1200.00  -50.00 HI -50.00 -50.00
2026-09-27T09:10:12.893,DEMO,DEMO,DEMO_MODE,24f8f9829bf14f26914a962224c1ad3a,F1 :      0    2 0.10 -14.44 0.54 50.00   0.0   4.0,0.00 0.00 0.00 89.38 0.54 50.00 0.10 -14.44 6 63 6 63  0.0%  4.0%  0.000 0.000 0.00 -4.90 0.00  0.00 0.00   0.00 0.0% | 1200.00  -50.00 HI -50.00 -50.00
2026-09-27T09:10:13.014,DEMO,DEMO,DEMO_MODE,24f8f9829bf14f26914a962224c1ad3a,F1 :      0    2 0.10 -14.44 0.54 50.00   0.0   4.0,0.00 0.00 0.00 89.38 0.54 50.00 0.10 -14.44 6 63 6 63  0.0%  4.0%  0.000 0.000 0.00 -4.90 0.00  0.00 0.00   0.00 0.0% | 1200.00  -50.00 HI -50.00 -50.00
2026-09-27T09:10:13.135,DEMO,DEMO,DEMO_MODE,24f8f9829bf14f26914a962224c1ad3a,F1 :      0    2 0.10 -14.44 0.54 50.00   0.0   4.0,0.00 0.00 0.00 89.38 0.54 50.00 0.10 -14.44 6 63 6 63  0.0%  4.0%  0.000 0.000 0.00 -4.90 0.00  0.00 0.00   0.00 0.0% | 1200.00  -50.00 HI -50.00 -50.00
2026-09-27T09:10:13.256,DEMO,DEMO,DEMO_MODE,24f8f9829bf14f26914a962224c1ad3a,F1 :    100    2 0.10 -14.44 0.54 50.00  10.0   8.0,0.00 0.00 0.00 89.38 0.54 50.00 0.10 -14.44 6 63 6 63 10.0%  8.0% 50.000 0.000 0.00 -4.90 0.00  1.96 0.00  98.00 0.0% | 1200.00  -40.00 HI -50.00 -50.00
2026-09-27T09:10:13.376,DEMO,DEMO,DEMO_MODE,24f8f9829bf14f26914a962224c1ad3a,F1 :    100    2 0.10 -14.44 0.54 50.00  10.0   8.0,0.00 0.00 0.00 89.38 0.54 50.00 0.10 -14.44 6 63 6 63 10.0%  8.0% 50.000 0.000 0.00 -4.90 0.00  1.96 0.00  98.00 0.0% | 1200.00  -40.00 HI -50.00 -50.00
2026-09-27T09:10:13.497,DEMO,DEMO,DEMO_MODE,24f8f9829bf14f26914a962224c1ad3a,F1 :    100    2 0.10 -14.44 0.54 50.00  10.0   8.0,0.00 0.00 0.00 89.38 0.54 50.00 0.10 -14.44 6 63 6 63 10.0%  8.0% 50.000 0.000 0.00 -4.90 0.00  1.96 0.00  98.00 0.0% | 1200.00  -40.00 HI -50.00 -50.00
2026-09-27T09:10:13.618,DEMO,DEMO,DEMO_MODE,24f8f9829bf14f26914a962224c1ad3a,F1 :    100    2 0.10 -14.44 0.54 50.00  10.0   8.0,0.00 0.00 0.00 89.38 0.54 50.00 0.10 -14.44 6 63 6 63 10.0%  8.0% 50.000 0.000 0.00 -4.90 0.00  1.96 0.00  98.00 0.0% | 1200.00  -40.00 HI -50.00 -50.00
2026-09-27T09:10:13.738,DEMO,DEMO,DEMO_MODE,24f8f9829bf14f26914a962224c1ad3a,F1 :    100    2 0.10 -14.44 0.54 50.00  10.0   8.0,0.00 0.00 0.00 89.38 0.54 50.00 0.10 -14.44 6 63 6 63 10.0%  8.0% 50.000 0.000 0.00 -4.90 0.00  1.96 0.00  98.00 0.0% | 1200.00  -40.00 HI -50.00 -50.00
2026-09-27T09:10:13.859,DEMO,DEMO,DEMO_MODE,24f8f9829bf14f26914a962224c1ad3a,F1 :    100    2 0.10 -14.44 0.54 50.00  10.0   8.0,0.00 0.00 0.00 89.38 0.54 50.00 0.10 -14.44 6 63 6 63 10.0%  8.0% 50.000 0.000 0.00 -4.90 0.00  1.96 0.00  98.00 0.0% | 1200.00  -40.00 HI -50.00 -50.00
2026-09-27T09:10:13.984,DEMO,DEMO,DEMO_MODE,24f8f9829bf14f26914a962224c1ad3a,F1 :    100    2 0.10 -14.44 0.54 50.00  10.0   8.0,0.00 0.00 0.00 89.38 0.54 50.00 0.10 -14.44 6 63 6 63 10.0%  8.0% 50.000 0.000 0.00 -4.90 0.00  1.96 0.00  98.00 0.0% | 1200.00  -40.00 HI -50.00 -50.00
2026-09-27T09:10:14.105,DEMO,DEMO,DEMO_MODE,24f8f9829bf14f26914a962224c1ad3a,F1 :    100    2 0.10 -14.44 0.54 50.00  10.0   8.0,0.00 0.00 0.00 89.38 0.54 50.00 0.10 -14.44 6 63 6 63 10.0%  8.0% 50.000 0.000 0.00 -4.90 0.00  1.96 0.00  98.00 0.0% | 1200.00  -40.00 HI -50.00 -50.00
2026-09-27T09:10:14.231,DEMO,DEMO,DEMO_MODE,24f8f9829bf14f26914a962224c1ad3a,F1 :    100    2 0.10 -14.44 0.54 50.00  10.0   8.0,0.00 0.00 0.00 89.38 0.54 50.00 0.10 -14.44 6 63 6 63 10.0%  8.0% 50.000 0.000 0.00 -4.90 0.00  1.96 0.00  98.00 0.0% | 1200.00  -40.00 HI -50.00 -50.00
2026-09-27T09:10:14.355,DEMO,DEMO,DEMO_MODE,24f8f9829bf14f26914a962224c1ad3a,F1 :    100    2 0.10 -14.44 0.54 50.00  10.0   8.0,0.00 0.00 0.00 89.38 0.54 50.00 0.10 -14.44 6 63 6 63 10.0%  8.0% 50.000 0.000 0.00 -4.90 0.00  1.96 0.00  98.00 0.0% | 1200.00  -40.00 HI -50.00 -50.00
2026-09-27T09:10:14.481,DEMO,DEMO,DEMO_MODE,24f8f9829bf14f26914a962224c1ad3a,F1 :    100    2 0.10 -14.44 0.54 50.00  10.0   8.0,0.00 0.00 0.00 89.38 0.54 50.00 0.10 -14.44 6 63 6 63 10.0%  8.0% 50.000 0.000 0.00 -4.90 0.00  1.96 0.00  98.00 0.0% | 1200.00  -40.00 HI -50.00 -50.00
2026-09-27T09:10:14.602,DEMO,DEMO,DEMO_MODE,24f8f9829bf14f26914a962224c1ad3a,F1 :    100    2 0.10 -14.44 0.54 50.00  10.0   8.0,0.00 0.00 0.00 89.38 0.54 50.00 0.10 -14.44 6 63 6 63 10.0%  8.0% 50.000 0.000 0.00 -4.90 0.00  1.96 0.00  98.00 0.0% | 1200.00  -40.00 HI -50.00 -50.00
2026-09-27T09:10:14.729,DEMO,DEMO,DEMO_MODE,24f8f9829bf14f26914a962224c1ad3a,F1 :    100    2 0.10 -14.44 0.54 50.00  10.0   8.0,0.00 0.00 0.00 89.38 0.54 50.00 0.10 -14.44 6 63 6 63 10.0%  8.0% 50.000 0.000 0.00 -4.90 0.00  1.96 0.00  98.00 0.0% | 1200.00  -40.00 HI -50.00 -50.00
2026-09-27T09:10:14.850,DEMO,DEMO,DEMO_MODE,24f8f9829bf14f26914a962224c1ad3a,F1 :    100    2 0.10 -14.44 0.54 50.00  10.0   8.0,0.00 0.00 0.00 89.38 0.54 50.00 0.10 -14.44 6 63 6 63 10.0%  8.0% 50.000 0.000 0.00 -4.90 0.00  1.96 0.00  98.00 0.0% | 1200.00  -40.00 HI -50.00 -50.00
2026-09-27T09:10:14.976,DEMO,DEMO,DEMO_MODE,24f8f9829bf14f26914a962224c1ad3a,F1 :    100    2 0.10 -14.44 0.54 50.00  10.0   8.0,0.00 0.00 0.00 89.38 0.54 50.00 0.10 -14.44 6 63 6 63 10.0%  8.0% 50.000 0.000 0.00 -4.90 0.00  1.96 0.00  98.00 0.0% | 1200.00  -40.00 HI -50.00 -50.00
2026-09-27T09:10:15.097,DEMO,DEMO,DEMO_MODE,24f8f9829bf14f26914a962224c1ad3a,F1 :    100    2 0.10 -14.44 0.54 50.00  10.0   8.0,0.00 0.00 0.00 89.38 0.54 50.00 0.10 -14.44 6 63 6 63 10.0%  8.0% 50.000 0.000 0.00 -4.90 0.00  1.96 0.00  98.00 0.0% | 1200.00  -40.00 HI -50.00 -50.00
2026-09-27T09:10:15.222,DEMO,DEMO,DEMO_MODE,24f8f9829bf14f26914a962224c1ad3a,F1 :    100    2 0.10 -14.44 0.54 50.00  10.0   8.0,0.00 0.00 0.00 89.38 0.54 50.00 0.10 -14.44 6 63 6 63 10.0%  8.0% 50.000 0.000 0.00 -4.90 0.00  1.96 0.00  98.00 0.0% | 1200.00  -40.00 HI -50.00 -50.00
2026-09-27T09:10:15.343,DEMO,DEMO,DEMO_MODE,24f8f9829bf14f26914a962224c1ad3a,F1 :    100    2 0.10 -14.44 0.54 50.00  10.0   8.0,0.00 0.00 0.00 89.38 0.54 50.00 0.10 -14.44 6 63 6 63 10.0%  8.0% 50.000 0.000 0.00 -4.90 0.00  1.96 0.00  98.00 0.0% | 1200.00  -40.00 HI -50.00 -50.00
2026-09-27T09:10:15.470,DEMO,DEMO,DEMO_MODE,24f8f9829bf14f26914a962224c1ad3a,F1 :    100    2 0.10 -14.44 0.54 50.00  10.0   8.0,0.00 0.00 0.00 89.38 0.54 50.00 0.10 -14.44 6 63 6 63 10.0%  8.0% 50.000 0.000 0.00 -4.90 0.00  1.96 0.00  98.00 0.0% | 1200.00  -40.00 HI -50.00 -50.00
2026-09-27T09:10:15.591,DEMO,DEMO,DEMO_MODE,24f8f9829bf14f26914a962224c1ad3a,F1 :    100    2 0.10 -14.44 0.54 50.00  10.0   8.0,0.00 0.00 0.00 89.38 0.54 50.00 0.10 -14.44 6 63 6 63 10.0%  8.0% 50.000 0.000 0.00 -4.90 0.00  1.96 0.00  98.00 0.0% | 1200.00  -40.00 HI -50.00 -50.00
2026-09-27T09:10:15.717,DEMO,DEMO,DEMO_MODE,24f8f9829bf14f26914a962224c1ad3a,F1 :    100    2 0.10 -14.44 0.54 50.00  10.0   8.0,0.00 0.00 0.00 89.38 0.54 50.00 0.10 -14.44 6 63 6 63 10.0%  8.0% 50.000 0.000 0.00 -4.90 0.00  1.96 0.00  98.00 0.0% | 1200.00  -40.00 HI -50.00 -50.00
2026-09-27T09:10:15.844,DEMO,DEMO,DEMO_MODE,24f8f9829bf14f26914a962224c1ad3a,F1 :    100    2 0.10 -14.44 0.54 50.00  10.0   8.0,0.00 0.00 0.00 89.38 0.54 50.00 0.10 -14.44 6 63 6 63 10.0%  8.0% 50.000 0.000 0.00 -4.90 0.00  1.96 0.00  98.00 0.0% | 1200.00  -40.00 HI -50.00 -50.00
2026-09-27T09:10:15.970,DEMO,DEMO,DEMO_MODE,24f8f9829bf14f26914a962224c1ad3a,F1 :    100    2 0.10 -14.44 0.54 50.00  10.0   8.0,0.00 0.00 0.00 89.38 0.54 50.00 0.10 -14.44 6 63 6 63 10.0%  8.0% 50.000 0.000 0.00 -4.90 0.00  1.96 0.00  98.00 0.0% | 1200.00  -40.00 HI -50.00 -50.00
2026-09-27T09:10:16.091,DEMO,DEMO,DEMO_MODE,24f8f9829bf14f26914a962224c1ad3a,F1 :    100    2 0.10 -14.44 0.54 50.00  10.0   8.0,0.00 0.00 0.00 89.38 0.54 50.00 0.10 -14.44 6 63 6 63 10.0%  8.0% 50.000 0.000 0.00 -4.90 0.00  1.96 0.00  98.00 0.0% | 1200.00  -40.00 HI -50.00 -50.00
2026-09-27T09:10:16.218,DEMO,DEMO,DEMO_MODE,24f8f9829bf14f26914a962224c1ad3a,F1 :    100    2 0.10 -14.44 0.54 50.00  10.0   8.0,0.00 0.00 0.00 89.38 0.54 50.00 0.10 -14.44 6 63 6 63 10.0%  8.0% 50.000 0.000 0.00 -4.90 0.00  1.96 0.00  98.00 0.0% | 1200.00  -40.00 HI -50.00 -50.00
2026-09-27T09:10:16.344,DEMO,DEMO,DEMO_MODE,24f8f9829bf14f26914a962224c1ad3a,F1 :    100    2 0.10 -14.44 0.54 50.00  10.0   8.0,0.00 0.00 0.00 89.38 0.54 50.00 0.10 -14.44 6 63 6 63 10.0%  8.0% 50.000 0.000 0.00 -4.90 0.00  1.96 0.00  98.00 0.0% | 1200.00  -40.00 HI -50.00 -50.00
2026-09-27T09:10:16.471,DEMO,DEMO,DEMO_MODE,24f8f9829bf14f26914a962224c1ad3a,F1 :    100    2 0.10 -14.44 0.54 50.00  10.0   8.0,0.00 0.00 0.00 89.38 0.54 50.00 0.10 -14.44 6 63 6 63 10.0%  8.0% 50.000 0.000 0.00 -4.90 0.00  1.96 0.00  98.00 0.0% | 1200.00  -40.00 HI -50.00 -50.00
2026-09-27T09:10:16.591,DEMO,DEMO,DEMO_MODE,24f8f9829bf14f26914a962224c1ad3a,F1 :    100    2 0.10 -14.44 0.54 50.00  10.0   8.0,0.00 0.00 0.00 89.38 0.54 50.00 0.10 -14.44 6 63 6 63 10.0%  8.0% 50.000 0.000 0.00 -4.90 0.00  1.96 0.00  98.00 0.0% | 1200.00  -40.00 HI -50.00 -50.00
2026-09-27T09:10:16.718,DEMO,DEMO,DEMO_MODE,24f8f9829bf14f26914a962224c1ad3a,F1 :    100    2 0.10 -14.44 0.54 50.00  10.0   8.0,0.00 0.00 0.00 89.38 0.54 50.00 0.10 -14.44 6 63 6 63 10.0%  8.0% 50.000 0.000 0.00 -4.90 0.00  1.96 0.00  98.00 0.0% | 1200.00  -40.00 HI -50.00 -50.00
2026-09-27T09:10:16.838,DEMO,DEMO,DEMO_MODE,24f8f9829bf14f26914a962224c1ad3a,F1 :    100    2 0.10 -14.44 0.54 50.00  10.0   8.0,0.00 0.00 0.00 89.38 0.54 50.00 0.10 -14.44 6 63 6 63 10.0%  8.0% 50.000 0.000 0.00 -4.90 0.00  1.96 0.00  98.00 0.0% | 1200.00  -40.00 HI -50.00 -50.00
2026-09-27T09:10:16.964,DEMO,DEMO,DEMO_MODE,24f8f9829bf14f26914a962224c1ad3a,F1 :    100    2 0.10 -14.44 0.54 50.00  10.0   8.0,0.00 0.00 0.00 89.38 0.54 50.00 0.10 -14.44 6 63 6 63 10.0%  8.0% 50.000 0.000 0.00 -4.90 0.00  1.96 0.00  98.00 0.0% | 1200.00  -40.00 HI -50.00 -50.00
2026-09-27T09:10:17.085,DEMO,DEMO,DEMO_MODE,24f8f9829bf14f26914a962224c1ad3a,F1 :    100    2 0.10 -14.44 0.54 50.00  10.0   8.0,0.00 0.00 0.00 89.38 0.54 50.00 0.10 -14.44 6 63 6 63 10.0%  8.0% 50.000 0.000 0.00 -4.90 0.00  1.96 0.00  98.00 0.0% | 1200.00  -40.00 HI -50.00 -50.00
2026-09-27T09:10:17.210,DEMO,DEMO,DEMO_MODE,24f8f9829bf14f26914a962224c1ad3a,F1 :    100    2 0.10 -14.44 0.54 50.00  10.0   8.0,0.00 0.00 0.00 89.38 0.54 50.00 0.10 -14.44 6 63 6 63 10.0%  8.0% 50.000 0.000 0.00 -4.90 0.00  1.96 0.00  98.00 0.0% | 1200.00  -40.00 HI -50.00 -50.00
2026-09-27T09:10:17.331,DEMO,DEMO,DEMO_MODE,24f8f9829bf14f26914a962224c1ad3a,F1 :    100    2 0.10 -14.44 0.54 50.00  10.0   8.0,0.00 0.00 0.00 89.38 0.54 50.00 0.10 -14.44 6 63 6 63 10.0%  8.0% 50.000 0.000 0.00 -4.90 0.00  1.96 0.00  98.00 0.0% | 1200.00  -40.00 HI -50.00 -50.00
2026-09-27T09:10:17.457,DEMO,DEMO,DEMO_MODE,24f8f9829bf14f26914a962224c1ad3a,F1 :    100    2 0.10 -14.44 0.54 50.00  10.0   8.0,0.00 0.00 0.00 89.38 0.54 50.00 0.10 -14.44 6 63 6 63 10.0%  8.0% 50.000 0.000 0.00 -4.90 0.00  1.96 0.00  98.00 0.0% | 1200.00  -40.00 HI -50.00 -50.00
2026-09-27T09:10:17.584,DEMO,DEMO,DEMO_MODE,24f8f9829bf14f26914a962224c1ad3a,F1 :    100    2 0.10 -14.44 0.54 50.00  10.0   8.0,0.00 0.00 0.00 89.38 0.54 50.00 0.10 -14.44 6 63 6 63 10.0%  8.0% 50.000 0.000 0.00 -4.90 0.00  1.96 0.00  98.00 0.0% | 1200.00  -40.00 HI -50.00 -50.00
2026-09-27T09:10:17.709,DEMO,DEMO,DEMO_MODE,24f8f9829bf14f26914a962224c1ad3a,F1 :    100    2 0.10 -14.44 0.54 50.00  10.0   8.0,0.00 0.00 0.00 89.38 0.54 50.00 0.10 -14.44 6 63 6 63 10.0%  8.0% 50.000 0.000 0.00 -4.90 0.00  1.96 0.00  98.00 0.0% | 1200.00  -40.00 HI -50.00 -50.00
2026-09-27T09:10:17.830,DEMO,DEMO,DEMO_MODE,24f8f9829bf14f26914a962224c1ad3a,F1 :    100    2 0.10 -14.44 0.54 50.00  10.0   8.0,0.00 0.00 0.00 89.38 0.54 50.00 0.10 -14.44 6 63 6 63 10.0%  8.0% 50.000 0.000 0.00 -4.90 0.00  1.96 0.00  98.00 0.0% | 1200.00  -40.00 HI -50.00 -50.00
2026-09-27T09:10:17.957,DEMO,DEMO,DEMO_MODE,24f8f9829bf14f26914a962224c1ad3a,F1 :    100    2 0.10 -14.44 0.54 50.00  10.0   8.0,0.00 0.00 0.00 89.38 0.54 50.00 0.10 -14.44 6 63 6 63 10.0%  8.0% 50.000 0.000 0.00 -4.90 0.00  1.96 0.00  98.00 0.0% | 1200.00  -40.00 HI -50.00 -50.00
2026-09-27T09:10:18.078,DEMO,DEMO,DEMO_MODE,24f8f9829bf14f26914a962224c1ad3a,F1 :    100    2 0.10 -14.44 0.54 50.00  10.0   8.0,0.00 0.00 0.00 89.38 0.54 50.00 0.10 -14.44 6 63 6 63 10.0%  8.0% 50.000 0.000 0.00 -4.90 0.00  1.96 0.00  98.00 0.0% | 1200.00  -40.00 HI -50.00 -50.00
2026-09-27T09:10:18.205,DEMO,DEMO,DEMO_MODE,24f8f9829bf14f26914a962224c1ad3a,F1 :    100    2 0.10 -14.44 0.54 50.00  10.0   8.0,0.00 0.00 0.00 89.38 0.54 50.00 0.10 -14.44 6 63 6 63 10.0%  8.0% 50.000 0.000 0.00 -4.90 0.00  1.96 0.00  98.00 0.0% | 1200.00  -40.00 HI -50.00 -50.00
2026-09-27T09:10:18.326,DEMO,DEMO,DEMO_MODE,24f8f9829bf14f26914a962224c1ad3a,F1 :    100    2 0.10 -14.44 0.54 50.00  10.0   8.0,0.00 0.00 0.00 89.38 0.54 50.00 0.10 -14.44 6 63 6 63 10.0%  8.0% 50.000 0.000 0.00 -4.90 0.00  1.96 0.00  98.00 0.0% | 1200.00  -40.00 HI -50.00 -50.00
2026-09-27T09:10:18.452,DEMO,DEMO,DEMO_MODE,24f8f9829bf14f26914a962224c1ad3a,F1 :    100    2 0.10 -14.44 0.54 50.00  10.0  12.0,0.00 0.00 0.00 89.38 0.54 50.00 0.10 -14.44 6 63 6 63 10.0% 12.0% 50.000 0.000 0.00 -4.90 0.00  1.96 0.00  98.00 0.0% | 1200.00  -40.00 HI -50.00 -50.00
2026-09-27T09:10:18.573,DEMO,DEMO,DEMO_MODE,24f8f9829bf14f26914a962224c1ad3a,F1 :    100    2 0.10 -14.44 0.54 50.00  10.0  12.0,0.00 0.00 0.00 89.38 0.54 50.00 0.10 -14.44 6 63 6 63 10.0% 12.0% 50.000 0.000 0.00 -4.90 0.00  1.96 0.00  98.00 0.0% | 1200.00  -40.00 HI -50.00 -50.00
2026-09-27T09:10:18.698,DEMO,DEMO,DEMO_MODE,24f8f9829bf14f26914a962224c1ad3a,F1 :    100    2 0.10 -14.44 0.54 50.00  10.0  12.0,0.00 0.00 0.00 89.38 0.54 50.00 0.10 -14.44 6 63 6 63 10.0% 12.0% 50.000 0.000 0.00 -4.90 0.00  1.96 0.00  98.00 0.0% | 1200.00  -40.00 HI -50.00 -50.00
2026-09-27T09:10:18.819,DEMO,DEMO,DEMO_MODE,24f8f9829bf14f26914a962224c1ad3a,F1 :    100    2 0.10 -14.44 0.54 50.00  10.0  12.0,0.00 0.00 0.00 89.38 0.54 50.00 0.10 -14.44 6 63 6 63 10.0% 12.0% 50.000 0.000 0.00 -4.90 0.00  1.96 0.00  98.00 0.0% | 1200.00  -40.00 HI -50.00 -50.00
2026-09-27T09:10:18.945,DEMO,DEMO,DEMO_MODE,24f8f9829bf14f26914a962224c1ad3a,F1 :    100    2 0.10 -14.44 0.54 50.00  10.0  12.0,0.00 0.00 0.00 89.38 0.54 50.00 0.10 -14.44 6 63 6 63 10.0% 12.0% 50.000 0.000 0.00 -4.90 0.00  1.96 0.00  98.00 0.0% | 1200.00  -40.00 HI -50.00 -50.00
2026-09-27T09:10:19.065,DEMO,DEMO,DEMO_MODE,24f8f9829bf14f26914a962224c1ad3a,F1 :    100    2 0.10 -14.44 0.54 50.00  10.0  12.0,0.00 0.00 0.00 89.38 0.54 50.00 0.10 -14.44 6 63 6 63 10.0% 12.0% 50.000 0.000 0.00 -4.90 0.00  1.96 0.00  98.00 0.0% | 1200.00  -40.00 HI -50.00 -50.00
2026-09-27T09:10:19.192,DEMO,DEMO,DEMO_MODE,24f8f9829bf14f26914a962224c1ad3a,F1 :    100    2 0.10 -14.44 0.54 50.00  10.0  12.0,0.00 0.00 0.00 89.38 0.54 50.00 0.10 -14.44 6 63 6 63 10.0% 12.0% 50.000 0.000 0.00 -4.90 0.00  1.96 0.00  98.00 0.0% | 1200.00  -40.00 HI -50.00 -50.00
2026-09-27T09:10:19.313,DEMO,DEMO,DEMO_MODE,24f8f9829bf14f26914a962224c1ad3a,F1 :    100    2 0.10 -14.44 0.54 50.00  10.0  12.0,0.00 0.00 0.00 89.38 0.54 50.00 0.10 -14.44 6 63 6 63 10.0% 12.0% 50.000 0.000 0.00 -4.90 0.00  1.96 0.00  98.00 0.0% | 1200.00  -40.00 HI -50.00 -50.00
2026-09-27T09:10:19.438,DEMO,DEMO,DEMO_MODE,24f8f9829bf14f26914a962224c1ad3a,F1 :    100    2 0.10 -14.44 0.54 50.00  10.0  12.0,0.00 0.00 0.00 89.38 0.54 50.00 0.10 -14.44 6 63 6 63 10.0% 12.0% 50.000 0.000 0.00 -4.90 0.00  1.96 0.00  98.00 0.0% | 1200.00  -40.00 HI -50.00 -50.00
2026-09-27T09:10:19.559,DEMO,DEMO,DEMO_MODE,24f8f9829bf14f26914a962224c1ad3a,F1 :    100    2 0.10 -14.44 0.54 50.00  10.0  12.0,0.00 0.00 0.00 89.38 0.54 50.00 0.10 -14.44 6 63 6 63 10.0% 12.0% 50.000 0.000 0.00 -4.90 0.00  1.96 0.00  98.00 0.0% | 1200.00  -40.00 HI -50.00 -50.00
2026-09-27T09:10:19.685,DEMO,DEMO,DEMO_MODE,24f8f9829bf14f26914a962224c1ad3a,F1 :    100    2 0.10 -14.44 0.54 50.00  10.0  12.0,0.00 0.00 0.00 89.38 0.54 50.00 0.10 -14.44 6 63 6 63 10.0% 12.0% 50.000 0.000 0.00 -4.90 0.00  1.96 0.00  98.00 0.0% | 1200.00  -40.00 HI -50.00 -50.00
2026-09-27T09:10:19.805,DEMO,DEMO,DEMO_MODE,24f8f9829bf14f26914a962224c1ad3a,F1 :    100    2 0.10 -14.44 0.54 50.00  10.0  12.0,0.00 0.00 0.00 89.38 0.54 50.00 0.10 -14.44 6 63 6 63 10.0% 12.0% 50.000 0.000 0.00 -4.90 0.00  1.96 0.00  98.00 0.0% | 1200.00  -40.00 HI -50.00 -50.00
2026-09-27T09:10:19.931,DEMO,DEMO,DEMO_MODE,24f8f9829bf14f26914a962224c1ad3a,F1 :    100    2 0.10 -14.44 0.54 50.00  10.0  12.0,0.00 0.00 0.00 89.38 0.54 50.00 0.10 -14.44 6 63 6 63 10.0% 12.0% 50.000 0.000 0.00 -4.90 0.00  1.96 0.00  98.00 0.0% | 1200.00  -40.00 HI -50.00 -50.00
2026-09-27T09:10:20.051,DEMO,DEMO,DEMO_MODE,24f8f9829bf14f26914a962224c1ad3a,F1 :    100    2 0.10 -14.44 0.54 50.00  10.0  12.0,0.00 0.00 0.00 89.38 0.54 50.00 0.10 -14.44 6 63 6 63 10.0% 12.0% 50.000 0.000 0.00 -4.90 0.00  1.96 0.00  98.00 0.0% | 1200.00  -40.00 HI -50.00 -50.00
2026-09-27T09:10:20.178,DEMO,DEMO,DEMO_MODE,24f8f9829bf14f26914a962224c1ad3a,F1 :    100    2 0.10 -14.44 0.54 50.00  10.0  12.0,0.00 0.00 0.00 89.38 0.54 50.00 0.10 -14.44 6 63 6 63 10.0% 12.0% 50.000 0.000 0.00 -4.90 0.00  1.96 0.00  98.00 0.0% | 1200.00  -40.00 HI -50.00 -50.00
2026-09-27T09:10:20.299,DEMO,DEMO,DEMO_MODE,24f8f9829bf14f26914a962224c1ad3a,F1 :    100    2 0.10 -14.44 0.54 50.00  10.0  12.0,0.00 0.00 0.00 89.38 0.54 50.00 0.10 -14.44 6 63 6 63 10.0% 12.0% 50.000 0.000 0.00 -4.90 0.00  1.96 0.00  98.00 0.0% | 1200.00  -40.00 HI -50.00 -50.00
2026-09-27T09:10:20.425,DEMO,DEMO,DEMO_MODE,24f8f9829bf14f26914a962224c1ad3a,F1 :    100    3 0.10 -14.44 0.54 50.00  10.0  12.0,0.00 0.00 0.00 89.38 0.54 50.00 0.10 -14.44 6 63 6 63 10.0% 12.0% 50.000 0.000 0.00 -4.90 0.00  1.94 0.00  97.00 0.0% | 1200.00  -40.00 HI -50.00 -50.00
2026-09-27T09:10:20.546,DEMO,DEMO,DEMO_MODE,24f8f9829bf14f26914a962224c1ad3a,F1 :    100    3 0.10 -14.44 0.54 50.00  10.0  12.0,0.00 0.00 0.00 89.38 0.54 50.00 0.10 -14.44 6 63 6 63 10.0% 12.0% 50.000 0.000 0.00 -4.90 0.00  1.94 0.00  97.00 0.0% | 1200.00  -40.00 HI -50.00 -50.00
2026-09-27T09:10:20.672,DEMO,DEMO,DEMO_MODE,24f8f9829bf14f26914a962224c1ad3a,F1 :    100    3 0.10 -14.44 0.54 50.00  10.0  12.0,0.00 0.00 0.00 89.38 0.54 50.00 0.10 -14.44 6 63 6 63 10.0% 12.0% 50.000 0.000 0.00 -4.90 0.00  1.94 0.00  97.00 0.0% | 1200.00  -40.00 HI -50.00 -50.00
2026-09-27T09:10:20.793,DEMO,DEMO,DEMO_MODE,24f8f9829bf14f26914a962224c1ad3a,F1 :    100    3 0.10 -14.44 0.54 50.00  10.0  12.0,0.00 0.00 0.00 89.38 0.54 50.00 0.10 -14.44 6 63 6 63 10.0% 12.0% 50.000 0.000 0.00 -4.90 0.00  1.94 0.00  97.00 0.0% | 1200.00  -40.00 HI -50.00 -50.00
2026-09-27T09:10:20.920,DEMO,DEMO,DEMO_MODE,24f8f9829bf14f26914a962224c1ad3a,F1 :    100    3 0.10 -14.44 0.54 50.00  10.0  12.0,0.00 0.00 0.00 89.38 0.54 50.00 0.10 -14.44 6 63 6 63 10.0% 12.0% 50.000 0.000 0.00 -4.90 0.00  1.94 0.00  97.00 0.0% | 1200.00  -40.00 HI -50.00 -50.00
2026-09-27T09:10:21.040,DEMO,DEMO,DEMO_MODE,24f8f9829bf14f26914a962224c1ad3a,F1 :    100    3 0.10 -14.44 0.54 50.00  10.0  12.0,0.00 0.00 0.00 89.38 0.54 50.00 0.10 -14.44 6 63 6 63 10.0% 12.0% 50.000 0.000 0.00 -4.90 0.00  1.94 0.00  97.00 0.0% | 1200.00  -40.00 HI -50.00 -50.00
2026-09-27T09:10:21.166,DEMO,DEMO,DEMO_MODE,24f8f9829bf14f26914a962224c1ad3a,F1 :    100    3 0.10 -14.44 0.54 50.00  10.0  12.0,0.00 0.00 0.00 89.38 0.54 50.00 0.10 -14.44 6 63 6 63 10.0% 12.0% 50.000 0.000 0.00 -4.90 0.00  1.94 0.00  97.00 0.0% | 1200.00  -40.00 HI -50.00 -50.00
2026-09-27T09:10:21.287,DEMO,DEMO,DEMO_MODE,24f8f9829bf14f26914a962224c1ad3a,F1 :    100    3 0.10 -14.44 0.54 50.00  10.0  12.0,0.00 0.00 0.00 89.38 0.54 50.00 0.10 -14.44 6 63 6 63 10.0% 12.0% 50.000 0.000 0.00 -4.90 0.00  1.94 0.00  97.00 0.0% | 1200.00  -40.00 HI -50.00 -50.00
2026-09-27T09:10:21.415,DEMO,DEMO,DEMO_MODE,24f8f9829bf14f26914a962224c1ad3a,F1 :    100    3 0.10 -14.44 0.54 50.00  10.0  12.0,0.00 0.00 0.00 89.38 0.54 50.00 0.10 -14.44 6 63 6 63 10.0% 12.0% 50.000 0.000 0.00 -4.90 0.00  1.94 0.00  97.00 0.0% | 1200.00  -40.00 HI -50.00 -50.00
2026-09-27T09:10:21.536,DEMO,DEMO,DEMO_MODE,24f8f9829bf14f26914a962224c1ad3a,F1 :    100    3 0.10 -14.44 0.54 50.00  10.0  12.0,0.00 0.00 0.00 89.38 0.54 50.00 0.10 -14.44 6 63 6 63 10.0% 12.0% 50.000 0.000 0.00 -4.90 0.00  1.94 0.00  97.00 0.0% | 1200.00  -40.00 HI -50.00 -50.00
2026-09-27T09:10:21.656,DEMO,DEMO,DEMO_MODE,24f8f9829bf14f26914a962224c1ad3a,F1 :    100    3 0.10 -14.44 0.54 50.00  10.0  12.0,0.00 0.00 0.00 89.38 0.54 50.00 0.10 -14.44 6 63 6 63 10.0% 12.0% 50.000 0.000 0.00 -4.90 0.00  1.94 0.00  97.00 0.0% | 1200.00  -40.00 HI -50.00 -50.00
2026-09-27T09:10:21.777,DEMO,DEMO,DEMO_MODE,24f8f9829bf14f26914a962224c1ad3a,F1 :    100    3 0.10 -14.44 0.54 50.00  10.0  12.0,0.00 0.00 0.00 89.38 0.54 50.00 0.10 -14.44 6 63 6 63 10.0% 12.0% 50.000 0.000 0.00 -4.90 0.00  1.94 0.00  97.00 0.0% | 1200.00  -40.00 HI -50.00 -50.00
2026-09-27T09:10:21.898,DEMO,DEMO,DEMO_MODE,24f8f9829bf14f26914a962224c1ad3a,F1 :    100    3 0.10 -14.44 0.54 50.00  10.0  12.0,0.00 0.00 0.00 89.38 0.54 50.00 0.10 -14.44 6 63 6 63 10.0% 12.0% 50.000 0.000 0.00 -4.90 0.00  1.94 0.00  97.00 0.0% | 1200.00  -40.00 HI -50.00 -50.00
2026-09-27T09:10:22.018,DEMO,DEMO,DEMO_MODE,24f8f9829bf14f26914a962224c1ad3a,F1 :    100    3 0.10 -14.44 0.54 50.00  10.0  12.0,0.00 0.00 0.00 89.38 0.54 50.00 0.10 -14.44 6 63 6 63 10.0% 12.0% 50.000 0.000 0.00 -4.90 0.00  1.94 0.00  97.00 0.0% | 1200.00  -40.00 HI -50.00 -50.00
2026-09-27T09:10:22.139,DEMO,DEMO,DEMO_MODE,24f8f9829bf14f26914a962224c1ad3a,F1 :    100    3 0.10 -14.44 0.54 50.00  10.0  12.0,0.00 0.00 0.00 89.38 0.54 50.00 0.10 -14.44 6 63 6 63 10.0% 12.0% 50.000 0.000 0.00 -4.90 0.00  1.94 0.00  97.00 0.0% | 1200.00  -40.00 HI -50.00 -50.00
2026-09-27T09:10:22.260,DEMO,DEMO,DEMO_MODE,24f8f9829bf14f26914a962224c1ad3a,F1 :    100    3 0.10 -14.44 0.54 50.00  10.0  12.0,0.00 0.00 0.00 89.38 0.54 50.00 0.10 -14.44 6 63 6 63 10.0% 12.0% 50.000 0.000 0.00 -4.90 0.00  1.94 0.00  97.00 0.0% | 1200.00  -40.00 HI -50.00 -50.00
2026-09-27T09:10:22.381,DEMO,DEMO,DEMO_MODE,24f8f9829bf14f26914a962224c1ad3a,F1 :    100    3 0.10 -14.44 0.54 50.00  10.0  12.0,0.00 0.00 0.00 89.38 0.54 50.00 0.10 -14.44 6 63 6 63 10.0% 12.0% 50.000 0.000 0.00 -4.90 0.00  1.94 0.00  97.00 0.0% | 1200.00  -40.00 HI -50.00 -50.00
2026-09-27T09:10:22.501,DEMO,DEMO,DEMO_MODE,24f8f9829bf14f26914a962224c1ad3a,F1 :    100    3 0.10 -14.44 0.54 50.00  10.0  12.0,0.00 0.00 0.00 89.38 0.54 50.00 0.10 -14.44 6 63 6 63 10.0% 12.0% 50.000 0.000 0.00 -4.90 0.00  1.94 0.00  97.00 0.0% | 1200.00  -40.00 HI -50.00 -50.00
2026-09-27T09:10:22.622,DEMO,DEMO,DEMO_MODE,24f8f9829bf14f26914a962224c1ad3a,F1 :    100    3 0.10 -14.44 0.54 50.00  10.0  12.0,0.00 0.00 0.00 89.38 0.54 50.00 0.10 -14.44 6 63 6 63 10.0% 12.0% 50.000 0.000 0.00 -4.90 0.00  1.94 0.00  97.00 0.0% | 1200.00  -40.00 HI -50.00 -50.00
2026-09-27T09:10:22.742,DEMO,DEMO,DEMO_MODE,24f8f9829bf14f26914a962224c1ad3a,F1 :    100    3 0.10 -14.44 0.54 50.00  10.0  12.0,0.00 0.00 0.00 89.38 0.54 50.00 0.10 -14.44 6 63 6 63 10.0% 12.0% 50.000 0.000 0.00 -4.90 0.00  1.94 0.00  97.00 0.0% | 1200.00  -40.00 HI -50.00 -50.00
2026-09-27T09:10:22.863,DEMO,DEMO,DEMO_MODE,24f8f9829bf14f26914a962224c1ad3a,F1 :    100    3 0.10 -14.44 0.54 50.00  10.0  12.0,0.00 0.00 0.00 89.38 0.54 50.00 0.10 -14.44 6 63 6 63 10.0% 12.0% 50.000 0.000 0.00 -4.90 0.00  1.94 0.00  97.00 0.0% | 1200.00  -40.00 HI -50.00 -50.00
2026-09-27T09:10:22.984,DEMO,DEMO,DEMO_MODE,24f8f9829bf14f26914a962224c1ad3a,F1 :    100    3 0.10 -14.44 0.54 50.00  10.0  12.0,0.00 0.00 0.00 89.38 0.54 50.00 0.10 -14.44 6 63 6 63 10.0% 12.0% 50.000 0.000 0.00 -4.90 0.00  1.94 0.00  97.00 0.0% | 1200.00  -40.00 HI -50.00 -50.00
2026-09-27T09:10:23.105,DEMO,DEMO,DEMO_MODE,24f8f9829bf14f26914a962224c1ad3a,F1 :    100    3 0.10 -14.44 0.54 50.00  10.0  12.0,0.00 0.00 0.00 89.38 0.54 50.00 0.10 -14.44 6 63 6 63 10.0% 12.0% 50.000 0.000 0.00 -4.90 0.00  1.94 0.00  97.00 0.0% | 1200.00  -40.00 HI -50.00 -50.00
2026-09-27T09:10:23.230,DEMO,DEMO,DEMO_MODE,24f8f9829bf14f26914a962224c1ad3a,F1 :    100    3 0.10 -14.44 0.54 50.00  10.0  12.0,0.00 0.00 0.00 89.38 0.54 50.00 0.10 -14.44 6 63 6 63 10.0% 12.0% 50.000 0.000 0.00 -4.90 0.00  1.94 0.00  97.00 0.0% | 1200.00  -40.00 HI -50.00 -50.00
2026-09-27T09:10:23.350,DEMO,DEMO,DEMO_MODE,24f8f9829bf14f26914a962224c1ad3a,F1 :    100    3 0.10 -14.44 0.54 50.00  10.0  12.0,0.00 0.00 0.00 89.38 0.54 50.00 0.10 -14.44 6 63 6 63 10.0% 12.0% 50.000 0.000 0.00 -4.90 0.00  1.94 0.00  97.00 0.0% | 1200.00  -40.00 HI -50.00 -50.00
2026-09-27T09:10:23.476,DEMO,DEMO,DEMO_MODE,24f8f9829bf14f26914a962224c1ad3a,F1 :    200    3 0.10 -14.44 0.54 50.00  20.0  16.0,0.00 0.00 0.00 89.38 0.54 50.00 0.10 -14.44 6 63 6 63 20.0% 16.0% 100.000 0.000 0.00 -4.90 0.00  1.97 0.00 197.00 0.0% | 1200.00  -30.00 HI -50.00 -50.00
2026-09-27T09:10:23.596,DEMO,DEMO,DEMO_MODE,24f8f9829bf14f26914a962224c1ad3a,F1 :    200    3 0.10 -14.44 0.54 50.00  20.0  16.0,0.00 0.00 0.00 89.38 0.54 50.00 0.10 -14.44 6 63 6 63 20.0% 16.0% 100.000 0.000 0.00 -4.90 0.00  1.97 0.00 197.00 0.0% | 1200.00  -30.00 HI -50.00 -50.00
2026-09-27T09:10:23.722,DEMO,DEMO,DEMO_MODE,24f8f9829bf14f26914a962224c1ad3a,F1 :    200    3 0.10 -14.44 0.54 50.00  20.0  16.0,0.00 0.00 0.00 89.38 0.54 50.00 0.10 -14.44 6 63 6 63 20.0% 16.0% 100.000 0.000 0.00 -4.90 0.00  1.97 0.00 197.00 0.0% | 1200.00  -30.00 HI -50.00 -50.00
2026-09-27T09:10:23.843,DEMO,DEMO,DEMO_MODE,24f8f9829bf14f26914a962224c1ad3a,F1 :    200    3 0.10 -14.44 0.54 50.00  20.0  16.0,0.00 0.00 0.00 89.38 0.54 50.00 0.10 -14.44 6 63 6 63 20.0% 16.0% 100.000 0.000 0.00 -4.90 0.00  1.97 0.00 197.00 0.0% | 1200.00  -30.00 HI -50.00 -50.00
2026-09-27T09:10:23.969,DEMO,DEMO,DEMO_MODE,24f8f9829bf14f26914a962224c1ad3a,F1 :    200    3 0.10 -14.44 0.54 50.00  20.0  16.0,0.00 0.00 0.00 89.38 0.54 50.00 0.10 -14.44 6 63 6 63 20.0% 16.0% 100.000 0.000 0.00 -4.90 0.00  1.97 0.00 197.00 0.0% | 1200.00  -30.00 HI -50.00 -50.00
2026-09-27T09:10:24.089,DEMO,DEMO,DEMO_MODE,24f8f9829bf14f26914a962224c1ad3a,F1 :    200    3 0.10 -14.44 0.54 50.00  20.0  16.0,0.00 0.00 0.00 89.38 0.54 50.00 0.10 -14.44 6 63 6 63 20.0% 16.0% 100.000 0.000 0.00 -4.90 0.00  1.97 0.00 197.00 0.0% | 1200.00  -30.00 HI -50.00 -50.00
2026-09-27T09:10:24.215,DEMO,DEMO,DEMO_MODE,24f8f9829bf14f26914a962224c1ad3a,F1 :    200    3 0.10 -14.44 0.54 50.00  20.0  16.0,0.00 0.00 0.00 89.38 0.54 50.00 0.10 -14.44 6 63 6 63 20.0% 16.0% 100.000 0.000 0.00 -4.90 0.00  1.97 0.00 197.00 0.0% | 1200.00  -30.00 HI -50.00 -50.00
2026-09-27T09:10:24.335,DEMO,DEMO,DEMO_MODE,24f8f9829bf14f26914a962224c1ad3a,F1 :    200    3 0.10 -14.44 0.54 50.00  20.0  16.0,0.00 0.00 0.00 89.38 0.54 50.00 0.10 -14.44 6 63 6 63 20.0% 16.0% 100.000 0.000 0.00 -4.90 0.00  1.97 0.00 197.00 0.0% | 1200.00  -30.00 HI -50.00 -50.00
2026-09-27T09:10:24.462,DEMO,DEMO,DEMO_MODE,24f8f9829bf14f26914a962224c1ad3a,F1 :    200    3 0.10 -14.44 0.54 50.00  20.0  16.0,0.00 0.00 0.00 89.38 0.54 50.00 0.10 -14.44 6 63 6 63 20.0% 16.0% 100.000 0.000 0.00 -4.90 0.00  1.97 0.00 197.00 0.0% | 1200.00  -30.00 HI -50.00 -50.00
2026-09-27T09:10:24.583,DEMO,DEMO,DEMO_MODE,24f8f9829bf14f26914a962224c1ad3a,F1 :    200    3 0.10 -14.44 0.54 50.00  20.0  16.0,0.00 0.00 0.00 89.38 0.54 50.00 0.10 -14.44 6 63 6 63 20.0% 16.0% 100.000 0.000 0.00 -4.90 0.00  1.97 0.00 197.00 0.0% | 1200.00  -30.00 HI -50.00 -50.00
2026-09-27T09:10:24.709,DEMO,DEMO,DEMO_MODE,24f8f9829bf14f26914a962224c1ad3a,F1 :    200    3 0.10 -14.44 0.54 50.00  20.0  16.0,0.00 0.00 0.00 89.38 0.54 50.00 0.10 -14.44 6 63 6 63 20.0% 16.0% 100.000 0.000 0.00 -4.90 0.00  1.97 0.00 197.00 0.0% | 1200.00  -30.00 HI -50.00 -50.00
2026-09-27T09:10:24.829,DEMO,DEMO,DEMO_MODE,24f8f9829bf14f26914a962224c1ad3a,F1 :    200    3 0.10 -14.44 0.54 50.00  20.0  16.0,0.00 0.00 0.00 89.38 0.54 50.00 0.10 -14.44 6 63 6 63 20.0% 16.0% 100.000 0.000 0.00 -4.90 0.00  1.97 0.00 197.00 0.0% | 1200.00  -30.00 HI -50.00 -50.00
2026-09-27T09:10:24.955,DEMO,DEMO,DEMO_MODE,24f8f9829bf14f26914a962224c1ad3a,F1 :    200    3 0.10 -14.44 0.54 50.00  20.0  16.0,0.00 0.00 0.00 89.38 0.54 50.00 0.10 -14.44 6 63 6 63 20.0% 16.0% 100.000 0.000 0.00 -4.90 0.00  1.97 0.00 197.00 0.0% | 1200.00  -30.00 HI -50.00 -50.00
2026-09-27T09:10:25.076,DEMO,DEMO,DEMO_MODE,24f8f9829bf14f26914a962224c1ad3a,F1 :    200    3 0.10 -14.44 0.54 50.00  20.0  16.0,0.00 0.00 0.00 89.38 0.54 50.00 0.10 -14.44 6 63 6 63 20.0% 16.0% 100.000 0.000 0.00 -4.90 0.00  1.97 0.00 197.00 0.0% | 1200.00  -30.00 HI -50.00 -50.00
2026-09-27T09:10:25.203,DEMO,DEMO,DEMO_MODE,24f8f9829bf14f26914a962224c1ad3a,F1 :    200    3 0.10 -14.44 0.54 50.00  20.0  16.0,0.00 0.00 0.00 89.38 0.54 50.00 0.10 -14.44 6 63 6 63 20.0% 16.0% 100.000 0.000 0.00 -4.90 0.00  1.97 0.00 197.00 0.0% | 1200.00  -30.00 HI -50.00 -50.00
2026-09-27T09:10:25.324,DEMO,DEMO,DEMO_MODE,24f8f9829bf14f26914a962224c1ad3a,F1 :    200    3 0.10 -14.44 0.54 50.00  20.0  16.0,0.00 0.00 0.00 89.38 0.54 50.00 0.10 -14.44 6 63 6 63 20.0% 16.0% 100.000 0.000 0.00 -4.90 0.00  1.97 0.00 197.00 0.0% | 1200.00  -30.00 HI -50.00 -50.00
2026-09-27T09:10:25.450,DEMO,DEMO,DEMO_MODE,24f8f9829bf14f26914a962224c1ad3a,F1 :    200    3 0.10 -14.44 0.54 50.00  20.0  16.0,0.00 0.00 0.00 89.38 0.54 50.00 0.10 -14.44 6 63 6 63 20.0% 16.0% 100.000 0.000 0.00 -4.90 0.00  1.97 0.00 197.00 0.0% | 1200.00  -30.00 HI -50.00 -50.00
2026-09-27T09:10:25.570,DEMO,DEMO,DEMO_MODE,24f8f9829bf14f26914a962224c1ad3a,F1 :    200    3 0.10 -14.44 0.54 50.00  20.0  16.0,0.00 0.00 0.00 89.38 0.54 50.00 0.10 -14.44 6 63 6 63 20.0% 16.0% 100.000 0.000 0.00 -4.90 0.00  1.97 0.00 197.00 0.0% | 1200.00  -30.00 HI -50.00 -50.00
2026-09-27T09:10:25.696,DEMO,DEMO,DEMO_MODE,24f8f9829bf14f26914a962224c1ad3a,F1 :    200    3 0.10 -14.44 0.54 50.00  20.0  16.0,0.00 0.00 0.00 89.38 0.54 50.00 0.10 -14.44 6 63 6 63 20.0% 16.0% 100.000 0.000 0.00 -4.90 0.00  1.97 0.00 197.00 0.0% | 1200.00  -30.00 HI -50.00 -50.00
2026-09-27T09:10:25.817,DEMO,DEMO,DEMO_MODE,24f8f9829bf14f26914a962224c1ad3a,F1 :    200    3 0.10 -14.44 0.54 50.00  20.0  16.0,0.00 0.00 0.00 89.38 0.54 50.00 0.10 -14.44 6 63 6 63 20.0% 16.0% 100.000 0.000 0.00 -4.90 0.00  1.97 0.00 197.00 0.0% | 1200.00  -30.00 HI -50.00 -50.00
2026-09-27T09:10:25.943,DEMO,DEMO,DEMO_MODE,24f8f9829bf14f26914a962224c1ad3a,F1 :    200    3 0.10 -14.44 0.54 50.00  20.0  16.0,0.00 0.00 0.00 89.38 0.54 50.00 0.10 -14.44 6 63 6 63 20.0% 16.0% 100.000 0.000 0.00 -4.90 0.00  1.97 0.00 197.00 0.0% | 1200.00  -30.00 HI -50.00 -50.00
2026-09-27T09:10:26.074,DEMO,DEMO,DEMO_MODE,24f8f9829bf14f26914a962224c1ad3a,F1 :    200    3 0.10 -14.44 0.54 50.00  20.0  16.0,0.00 0.00 0.00 89.38 0.54 50.00 0.10 -14.44 6 63 6 63 20.0% 16.0% 100.000 0.000 0.00 -4.90 0.00  1.97 0.00 197.00 0.0% | 1200.00  -30.00 HI -50.00 -50.00
2026-09-27T09:10:26.201,DEMO,DEMO,DEMO_MODE,24f8f9829bf14f26914a962224c1ad3a,F1 :    200    3 0.10 -14.44 0.54 50.00  20.0  16.0,0.00 0.00 0.00 89.38 0.54 50.00 0.10 -14.44 6 63 6 63 20.0% 16.0% 100.000 0.000 0.00 -4.90 0.00  1.97 0.00 197.00 0.0% | 1200.00  -30.00 HI -50.00 -50.00
2026-09-27T09:10:26.332,DEMO,DEMO,DEMO_MODE,24f8f9829bf14f26914a962224c1ad3a,F1 :    200    3 0.10 -14.44 0.54 50.00  20.0  16.0,0.00 0.00 0.00 89.38 0.54 50.00 0.10 -14.44 6 63 6 63 20.0% 16.0% 100.000 0.000 0.00 -4.90 0.00  1.97 0.00 197.00 0.0% | 1200.00  -30.00 HI -50.00 -50.00
2026-09-27T09:10:26.458,DEMO,DEMO,DEMO_MODE,24f8f9829bf14f26914a962224c1ad3a,F1 :    200    3 0.10 -14.44 0.54 50.00  20.0  16.0,0.00 0.00 0.00 89.38 0.54 50.00 0.10 -14.44 6 63 6 63 20.0% 16.0% 100.000 0.000 0.00 -4.90 0.00  1.97 0.00 197.00 0.0% | 1200.00  -30.00 HI -50.00 -50.00
2026-09-27T09:10:26.579,DEMO,DEMO,DEMO_MODE,24f8f9829bf14f26914a962224c1ad3a,F1 :    200    3 0.10 -14.44 0.54 50.00  20.0  16.0,0.00 0.00 0.00 89.38 0.54 50.00 0.10 -14.44 6 63 6 63 20.0% 16.0% 100.000 0.000 0.00 -4.90 0.00  1.97 0.00 197.00 0.0% | 1200.00  -30.00 HI -50.00 -50.00
2026-09-27T09:10:26.706,DEMO,DEMO,DEMO_MODE,24f8f9829bf14f26914a962224c1ad3a,F1 :    200    3 0.10 -14.44 0.54 50.00  20.0  16.0,0.00 0.00 0.00 89.38 0.54 50.00 0.10 -14.44 6 63 6 63 20.0% 16.0% 100.000 0.000 0.00 -4.90 0.00  1.97 0.00 197.00 0.0% | 1200.00  -30.00 HI -50.00 -50.00
2026-09-27T09:10:26.826,DEMO,DEMO,DEMO_MODE,24f8f9829bf14f26914a962224c1ad3a,F1 :    200    3 0.10 -14.44 0.54 50.00  20.0  16.0,0.00 0.00 0.00 89.38 0.54 50.00 0.10 -14.44 6 63 6 63 20.0% 16.0% 100.000 0.000 0.00 -4.90 0.00  1.97 0.00 197.00 0.0% | 1200.00  -30.00 HI -50.00 -50.00
2026-09-27T09:10:26.953,DEMO,DEMO,DEMO_MODE,24f8f9829bf14f26914a962224c1ad3a,F1 :    200    3 0.10 -14.44 0.54 50.00  20.0  16.0,0.00 0.00 0.00 89.38 0.54 50.00 0.10 -14.44 6 63 6 63 20.0% 16.0% 100.000 0.000 0.00 -4.90 0.00  1.97 0.00 197.00 0.0% | 1200.00  -30.00 HI -50.00 -50.00
2026-09-27T09:10:27.073,DEMO,DEMO,DEMO_MODE,24f8f9829bf14f26914a962224c1ad3a,F1 :    200    3 0.10 -14.44 0.54 50.00  20.0  16.0,0.00 0.00 0.00 89.38 0.54 50.00 0.10 -14.44 6 63 6 63 20.0% 16.0% 100.000 0.000 0.00 -4.90 0.00  1.97 0.00 197.00 0.0% | 1200.00  -30.00 HI -50.00 -50.00
2026-09-27T09:10:27.200,DEMO,DEMO,DEMO_MODE,24f8f9829bf14f26914a962224c1ad3a,F1 :    200    3 0.10 -14.44 0.54 50.00  20.0  16.0,0.00 0.00 0.00 89.38 0.54 50.00 0.10 -14.44 6 63 6 63 20.0% 16.0% 100.000 0.000 0.00 -4.90 0.00  1.97 0.00 197.00 0.0% | 1200.00  -30.00 HI -50.00 -50.00
2026-09-27T09:10:27.321,DEMO,DEMO,DEMO_MODE,24f8f9829bf14f26914a962224c1ad3a,F1 :    200    3 0.10 -14.44 0.54 50.00  20.0  16.0,0.00 0.00 0.00 89.38 0.54 50.00 0.10 -14.44 6 63 6 63 20.0% 16.0% 100.000 0.000 0.00 -4.90 0.00  1.97 0.00 197.00 0.0% | 1200.00  -30.00 HI -50.00 -50.00
2026-09-27T09:10:27.447,DEMO,DEMO,DEMO_MODE,24f8f9829bf14f26914a962224c1ad3a,F1 :    200    3 0.10 -14.44 0.54 50.00  20.0  16.0,0.00 0.00 0.00 89.38 0.54 50.00 0.10 -14.44 6 63 6 63 20.0% 16.0% 100.000 0.000 0.00 -4.90 0.00  1.97 0.00 197.00 0.0% | 1200.00  -30.00 HI -50.00 -50.00
2026-09-27T09:10:27.567,DEMO,DEMO,DEMO_MODE,24f8f9829bf14f26914a962224c1ad3a,F1 :    200    3 0.10 -14.44 0.54 50.00  20.0  16.0,0.00 0.00 0.00 89.38 0.54 50.00 0.10 -14.44 6 63 6 63 20.0% 16.0% 100.000 0.000 0.00 -4.90 0.00  1.97 0.00 197.00 0.0% | 1200.00  -30.00 HI -50.00 -50.00
2026-09-27T09:10:27.695,DEMO,DEMO,DEMO_MODE,24f8f9829bf14f26914a962224c1ad3a,F1 :    200    3 0.10 -14.44 0.54 50.00  20.0  16.0,0.00 0.00 0.00 89.38 0.54 50.00 0.10 -14.44 6 63 6 63 20.0% 16.0% 100.000 0.000 0.00 -4.90 0.00  1.97 0.00 197.00 0.0% | 1200.00  -30.00 HI -50.00 -50.00
2026-09-27T09:10:27.815,DEMO,DEMO,DEMO_MODE,24f8f9829bf14f26914a962224c1ad3a,F1 :    200    3 0.10 -14.44 0.54 50.00  20.0  16.0,0.00 0.00 0.00 89.38 0.54 50.00 0.10 -14.44 6 63 6 63 20.0% 16.0% 100.000 0.000 0.00 -4.90 0.00  1.97 0.00 197.00 0.0% | 1200.00  -30.00 HI -50.00 -50.00
2026-09-27T09:10:27.941,DEMO,DEMO,DEMO_MODE,24f8f9829bf14f26914a962224c1ad3a,F1 :    200    3 0.10 -14.44 0.54 50.00  20.0  16.0,0.00 0.00 0.00 89.38 0.54 50.00 0.10 -14.44 6 63 6 63 20.0% 16.0% 100.000 0.000 0.00 -4.90 0.00  1.97 0.00 197.00 0.0% | 1200.00  -30.00 HI -50.00 -50.00
2026-09-27T09:10:28.066,DEMO,DEMO,DEMO_MODE,24f8f9829bf14f26914a962224c1ad3a,F1 :    200    3 0.10 -14.44 0.54 50.00  20.0  16.0,0.00 0.00 0.00 89.38 0.54 50.00 0.10 -14.44 6 63 6 63 20.0% 16.0% 100.000 0.000 0.00 -4.90 0.00  1.97 0.00 197.00 0.0% | 1200.00  -30.00 HI -50.00 -50.00
2026-09-27T09:10:28.192,DEMO,DEMO,DEMO_MODE,24f8f9829bf14f26914a962224c1ad3a,F1 :    200    3 0.10 -14.44 0.54 50.00  20.0  16.0,0.00 0.00 0.00 89.38 0.54 50.00 0.10 -14.44 6 63 6 63 20.0% 16.0% 100.000 0.000 0.00 -4.90 0.00  1.97 0.00 197.00 0.0% | 1200.00  -30.00 HI -50.00 -50.00
2026-09-27T09:10:28.312,DEMO,DEMO,DEMO_MODE,24f8f9829bf14f26914a962224c1ad3a,F1 :    200    3 0.10 -14.44 0.54 50.00  20.0  16.0,0.00 0.00 0.00 89.38 0.54 50.00 0.10 -14.44 6 63 6 63 20.0% 16.0% 100.000 0.000 0.00 -4.90 0.00  1.97 0.00 197.00 0.0% | 1200.00  -30.00 HI -50.00 -50.00
2026-09-27T09:10:28.438,DEMO,DEMO,DEMO_MODE,24f8f9829bf14f26914a962224c1ad3a,F1 :    200    3 0.10 -14.44 0.54 50.00  20.0  16.0,0.00 0.00 0.00 89.38 0.54 50.00 0.10 -14.44 6 63 6 63 20.0% 16.0% 100.000 0.000 0.00 -4.90 0.00  1.97 0.00 197.00 0.0% | 1200.00  -30.00 HI -50.00 -50.00
2026-09-27T09:10:28.559,DEMO,DEMO,DEMO_MODE,24f8f9829bf14f26914a962224c1ad3a,F1 :    200    3 0.10 -14.44 0.54 50.00  20.0  16.0,0.00 0.00 0.00 89.38 0.54 50.00 0.10 -14.44 6 63 6 63 20.0% 16.0% 100.000 0.000 0.00 -4.90 0.00  1.97 0.00 197.00 0.0% | 1200.00  -30.00 HI -50.00 -50.00
2026-09-27T09:10:28.685,DEMO,DEMO,DEMO_MODE,24f8f9829bf14f26914a962224c1ad3a,F1 :    200    3 0.10 -14.44 0.54 50.00  20.0  20.0,0.00 0.00 0.00 89.38 0.54 50.00 0.10 -14.44 6 63 6 63 20.0% 20.0% 100.000 0.000 0.00 -4.90 0.00  1.97 0.00 197.00 0.0% | 1200.00  -30.00 HI -50.00 -50.00
2026-09-27T09:10:28.806,DEMO,DEMO,DEMO_MODE,24f8f9829bf14f26914a962224c1ad3a,F1 :    200    3 0.10 -14.44 0.54 50.00  20.0  20.0,0.00 0.00 0.00 89.38 0.54 50.00 0.10 -14.44 6 63 6 63 20.0% 20.0% 100.000 0.000 0.00 -4.90 0.00  1.97 0.00 197.00 0.0% | 1200.00  -30.00 HI -50.00 -50.00
2026-09-27T09:10:28.931,DEMO,DEMO,DEMO_MODE,24f8f9829bf14f26914a962224c1ad3a,F1 :    200    3 0.10 -14.44 0.54 50.00  20.0  20.0,0.00 0.00 0.00 89.38 0.54 50.00 0.10 -14.44 6 63 6 63 20.0% 20.0% 100.000 0.000 0.00 -4.90 0.00  1.97 0.00 197.00 0.0% | 1200.00  -30.00 HI -50.00 -50.00
2026-09-27T09:10:29.052,DEMO,DEMO,DEMO_MODE,24f8f9829bf14f26914a962224c1ad3a,F1 :    200    3 0.10 -14.44 0.54 50.00  20.0  20.0,0.00 0.00 0.00 89.38 0.54 50.00 0.10 -14.44 6 63 6 63 20.0% 20.0% 100.000 0.000 0.00 -4.90 0.00  1.97 0.00 197.00 0.0% | 1200.00  -30.00 HI -50.00 -50.00
2026-09-27T09:10:29.179,DEMO,DEMO,DEMO_MODE,24f8f9829bf14f26914a962224c1ad3a,F1 :    200    3 0.10 -14.44 0.54 50.00  20.0  20.0,0.00 0.00 0.00 89.38 0.54 50.00 0.10 -14.44 6 63 6 63 20.0% 20.0% 100.000 0.000 0.00 -4.90 0.00  1.97 0.00 197.00 0.0% | 1200.00  -30.00 HI -50.00 -50.00
2026-09-27T09:10:29.299,DEMO,DEMO,DEMO_MODE,24f8f9829bf14f26914a962224c1ad3a,F1 :    200    3 0.10 -14.44 0.54 50.00  20.0  20.0,0.00 0.00 0.00 89.38 0.54 50.00 0.10 -14.44 6 63 6 63 20.0% 20.0% 100.000 0.000 0.00 -4.90 0.00  1.97 0.00 197.00 0.0% | 1200.00  -30.00 HI -50.00 -50.00
2026-09-27T09:10:29.425,DEMO,DEMO,DEMO_MODE,24f8f9829bf14f26914a962224c1ad3a,F1 :    200    3 0.10 -14.44 0.54 50.00  20.0  20.0,0.00 0.00 0.00 89.38 0.54 50.00 0.10 -14.44 6 63 6 63 20.0% 20.0% 100.000 0.000 0.00 -4.90 0.00  1.97 0.00 197.00 0.0% | 1200.00  -30.00 HI -50.00 -50.00
2026-09-27T09:10:29.546,DEMO,DEMO,DEMO_MODE,24f8f9829bf14f26914a962224c1ad3a,F1 :    200    3 0.10 -14.44 0.54 50.00  20.0  20.0,0.00 0.00 0.00 89.38 0.54 50.00 0.10 -14.44 6 63 6 63 20.0% 20.0% 100.000 0.000 0.00 -4.90 0.00  1.97 0.00 197.00 0.0% | 1200.00  -30.00 HI -50.00 -50.00
2026-09-27T09:10:29.673,DEMO,DEMO,DEMO_MODE,24f8f9829bf14f26914a962224c1ad3a,F1 :    200    4 0.10 -14.44 0.54 50.00  20.0  20.0,0.00 0.00 0.00 89.38 0.54 50.00 0.10 -14.44 6 63 6 63 20.0% 20.0% 100.000 0.000 0.00 -4.90 0.00  1.96 0.00 196.00 0.0% | 1200.00  -30.00 HI -50.00 -50.00
2026-09-27T09:10:29.810,DEMO,DEMO,DEMO_MODE,24f8f9829bf14f26914a962224c1ad3a,F1 :    200    4 0.10 -14.44 0.54 50.00  20.0  20.0,0.00 0.00 0.00 89.38 0.54 50.00 0.10 -14.44 6 63 6 63 20.0% 20.0% 100.000 0.000 0.00 -4.90 0.00  1.96 0.00 196.00 0.0% | 1200.00  -30.00 HI -50.00 -50.00
2026-09-27T09:10:29.936,DEMO,DEMO,DEMO_MODE,24f8f9829bf14f26914a962224c1ad3a,F1 :    200    4 0.10 -14.44 0.54 50.00  20.0  20.0,0.00 0.00 0.00 89.38 0.54 50.00 0.10 -14.44 6 63 6 63 20.0% 20.0% 100.000 0.000 0.00 -4.90 0.00  1.96 0.00 196.00 0.0% | 1200.00  -30.00 HI -50.00 -50.00
2026-09-27T09:10:30.062,DEMO,DEMO,DEMO_MODE,24f8f9829bf14f26914a962224c1ad3a,F1 :    200    4 0.10 -14.44 0.54 50.00  20.0  20.0,0.00 0.00 0.00 89.38 0.54 50.00 0.10 -14.44 6 63 6 63 20.0% 20.0% 100.000 0.000 0.00 -4.90 0.00  1.96 0.00 196.00 0.0% | 1200.00  -30.00 HI -50.00 -50.00
2026-09-27T09:10:30.188,DEMO,DEMO,DEMO_MODE,24f8f9829bf14f26914a962224c1ad3a,F1 :    200    4 0.10 -14.44 0.54 50.00  20.0  20.0,0.00 0.00 0.00 89.38 0.54 50.00 0.10 -14.44 6 63 6 63 20.0% 20.0% 100.000 0.000 0.00 -4.90 0.00  1.96 0.00 196.00 0.0% | 1200.00  -30.00 HI -50.00 -50.00
2026-09-27T09:10:30.308,DEMO,DEMO,DEMO_MODE,24f8f9829bf14f26914a962224c1ad3a,F1 :    200    4 0.10 -14.44 0.54 50.00  20.0  20.0,0.00 0.00 0.00 89.38 0.54 50.00 0.10 -14.44 6 63 6 63 20.0% 20.0% 100.000 0.000 0.00 -4.90 0.00  1.96 0.00 196.00 0.0% | 1200.00  -30.00 HI -50.00 -50.00
2026-09-27T09:10:30.435,DEMO,DEMO,DEMO_MODE,24f8f9829bf14f26914a962224c1ad3a,F1 :    200    4 0.10 -14.44 0.54 50.00  20.0  20.0,0.00 0.00 0.00 89.38 0.54 50.00 0.10 -14.44 6 63 6 63 20.0% 20.0% 100.000 0.000 0.00 -4.90 0.00  1.96 0.00 196.00 0.0% | 1200.00  -30.00 HI -50.00 -50.00
2026-09-27T09:10:30.556,DEMO,DEMO,DEMO_MODE,24f8f9829bf14f26914a962224c1ad3a,F1 :    200    4 0.10 -14.44 0.54 50.00  20.0  20.0,0.00 0.00 0.00 89.38 0.54 50.00 0.10 -14.44 6 63 6 63 20.0% 20.0% 100.000 0.000 0.00 -4.90 0.00  1.96 0.00 196.00 0.0% | 1200.00  -30.00 HI -50.00 -50.00
2026-09-27T09:10:30.681,DEMO,DEMO,DEMO_MODE,24f8f9829bf14f26914a962224c1ad3a,F1 :    200    4 0.10 -14.44 0.54 50.00  20.0  20.0,0.00 0.00 0.00 89.38 0.54 50.00 0.10 -14.44 6 63 6 63 20.0% 20.0% 100.000 0.000 0.00 -4.90 0.00  1.96 0.00 196.00 0.0% | 1200.00  -30.00 HI -50.00 -50.00
2026-09-27T09:10:30.808,DEMO,DEMO,DEMO_MODE,24f8f9829bf14f26914a962224c1ad3a,F1 :    200    4 0.10 -14.44 0.54 50.00  20.0  20.0,0.00 0.00 0.00 89.38 0.54 50.00 0.10 -14.44 6 63 6 63 20.0% 20.0% 100.000 0.000 0.00 -4.90 0.00  1.96 0.00 196.00 0.0% | 1200.00  -30.00 HI -50.00 -50.00
2026-09-27T09:10:30.935,DEMO,DEMO,DEMO_MODE,24f8f9829bf14f26914a962224c1ad3a,F1 :    200    4 0.10 -14.44 0.54 50.00  20.0  20.0,0.00 0.00 0.00 89.38 0.54 50.00 0.10 -14.44 6 63 6 63 20.0% 20.0% 100.000 0.000 0.00 -4.90 0.00  1.96 0.00 196.00 0.0% | 1200.00  -30.00 HI -50.00 -50.00
2026-09-27T09:10:31.055,DEMO,DEMO,DEMO_MODE,24f8f9829bf14f26914a962224c1ad3a,F1 :    200    4 0.10 -14.44 0.54 50.00  20.0  20.0,0.00 0.00 0.00 89.38 0.54 50.00 0.10 -14.44 6 63 6 63 20.0% 20.0% 100.000 0.000 0.00 -4.90 0.00  1.96 0.00 196.00 0.0% | 1200.00  -30.00 HI -50.00 -50.00
2026-09-27T09:10:31.182,DEMO,DEMO,DEMO_MODE,24f8f9829bf14f26914a962224c1ad3a,F1 :    200    4 0.10 -14.44 0.54 50.00  20.0  20.0,0.00 0.00 0.00 89.38 0.54 50.00 0.10 -14.44 6 63 6 63 20.0% 20.0% 100.000 0.000 0.00 -4.90 0.00  1.96 0.00 196.00 0.0% | 1200.00  -30.00 HI -50.00 -50.00
2026-09-27T09:10:31.303,DEMO,DEMO,DEMO_MODE,24f8f9829bf14f26914a962224c1ad3a,F1 :    200    4 0.10 -14.44 0.54 50.00  20.0  20.0,0.00 0.00 0.00 89.38 0.54 50.00 0.10 -14.44 6 63 6 63 20.0% 20.0% 100.000 0.000 0.00 -4.90 0.00  1.96 0.00 196.00 0.0% | 1200.00  -30.00 HI -50.00 -50.00
2026-09-27T09:10:31.428,DEMO,DEMO,DEMO_MODE,24f8f9829bf14f26914a962224c1ad3a,F1 :    200    4 0.10 -14.44 0.54 50.00  20.0  20.0,0.00 0.00 0.00 89.38 0.54 50.00 0.10 -14.44 6 63 6 63 20.0% 20.0% 100.000 0.000 0.00 -4.90 0.00  1.96 0.00 196.00 0.0% | 1200.00  -30.00 HI -50.00 -50.00
2026-09-27T09:10:31.549,DEMO,DEMO,DEMO_MODE,24f8f9829bf14f26914a962224c1ad3a,F1 :    200    4 0.10 -14.44 0.54 50.00  20.0  20.0,0.00 0.00 0.00 89.38 0.54 50.00 0.10 -14.44 6 63 6 63 20.0% 20.0% 100.000 0.000 0.00 -4.90 0.00  1.96 0.00 196.00 0.0% | 1200.00  -30.00 HI -50.00 -50.00
2026-09-27T09:10:31.675,DEMO,DEMO,DEMO_MODE,24f8f9829bf14f26914a962224c1ad3a,F1 :    200    4 0.10 -14.44 0.54 50.00  20.0  20.0,0.00 0.00 0.00 89.38 0.54 50.00 0.10 -14.44 6 63 6 63 20.0% 20.0% 100.000 0.000 0.00 -4.90 0.00  1.96 0.00 196.00 0.0% | 1200.00  -30.00 HI -50.00 -50.00
2026-09-27T09:10:31.795,DEMO,DEMO,DEMO_MODE,24f8f9829bf14f26914a962224c1ad3a,F1 :    200    4 0.10 -14.44 0.54 50.00  20.0  20.0,0.00 0.00 0.00 89.38 0.54 50.00 0.10 -14.44 6 63 6 63 20.0% 20.0% 100.000 0.000 0.00 -4.90 0.00  1.96 0.00 196.00 0.0% | 1200.00  -30.00 HI -50.00 -50.00
2026-09-27T09:10:31.923,DEMO,DEMO,DEMO_MODE,24f8f9829bf14f26914a962224c1ad3a,F1 :    200    4 0.10 -14.44 0.54 50.00  20.0  20.0,0.00 0.00 0.00 89.38 0.54 50.00 0.10 -14.44 6 63 6 63 20.0% 20.0% 100.000 0.000 0.00 -4.90 0.00  1.96 0.00 196.00 0.0% | 1200.00  -30.00 HI -50.00 -50.00
2026-09-27T09:10:32.044,DEMO,DEMO,DEMO_MODE,24f8f9829bf14f26914a962224c1ad3a,F1 :    200    4 0.10 -14.44 0.54 50.00  20.0  20.0,0.00 0.00 0.00 89.38 0.54 50.00 0.10 -14.44 6 63 6 63 20.0% 20.0% 100.000 0.000 0.00 -4.90 0.00  1.96 0.00 196.00 0.0% | 1200.00  -30.00 HI -50.00 -50.00
2026-09-27T09:10:32.170,DEMO,DEMO,DEMO_MODE,24f8f9829bf14f26914a962224c1ad3a,F1 :    200    4 0.10 -14.44 0.54 50.00  20.0  20.0,0.00 0.00 0.00 89.38 0.54 50.00 0.10 -14.44 6 63 6 63 20.0% 20.0% 100.000 0.000 0.00 -4.90 0.00  1.96 0.00 196.00 0.0% | 1200.00  -30.00 HI -50.00 -50.00
2026-09-27T09:10:32.291,DEMO,DEMO,DEMO_MODE,24f8f9829bf14f26914a962224c1ad3a,F1 :    200    4 0.10 -14.44 0.54 50.00  20.0  20.0,0.00 0.00 0.00 89.38 0.54 50.00 0.10 -14.44 6 63 6 63 20.0% 20.0% 100.000 0.000 0.00 -4.90 0.00  1.96 0.00 196.00 0.0% | 1200.00  -30.00 HI -50.00 -50.00
2026-09-27T09:10:32.411,DEMO,DEMO,DEMO_MODE,24f8f9829bf14f26914a962224c1ad3a,F1 :    200    4 0.10 -14.44 0.54 50.00  20.0  20.0,0.00 0.00 0.00 89.38 0.54 50.00 0.10 -14.44 6 63 6 63 20.0% 20.0% 100.000 0.000 0.00 -4.90 0.00  1.96 0.00 196.00 0.0% | 1200.00  -30.00 HI -50.00 -50.00
2026-09-27T09:10:32.532,DEMO,DEMO,DEMO_MODE,24f8f9829bf14f26914a962224c1ad3a,F1 :    200    4 0.10 -14.44 0.54 50.00  20.0  20.0,0.00 0.00 0.00 89.38 0.54 50.00 0.10 -14.44 6 63 6 63 20.0% 20.0% 100.000 0.000 0.00 -4.90 0.00  1.96 0.00 196.00 0.0% | 1200.00  -30.00 HI -50.00 -50.00
2026-09-27T09:10:32.653,DEMO,DEMO,DEMO_MODE,24f8f9829bf14f26914a962224c1ad3a,F1 :    200    4 0.10 -14.44 0.54 50.00  20.0  20.0,0.00 0.00 0.00 89.38 0.54 50.00 0.10 -14.44 6 63 6 63 20.0% 20.0% 100.000 0.000 0.00 -4.90 0.00  1.96 0.00 196.00 0.0% | 1200.00  -30.00 HI -50.00 -50.00
2026-09-27T09:10:32.773,DEMO,DEMO,DEMO_MODE,24f8f9829bf14f26914a962224c1ad3a,F1 :    200    4 0.10 -14.44 0.54 50.00  20.0  20.0,0.00 0.00 0.00 89.38 0.54 50.00 0.10 -14.44 6 63 6 63 20.0% 20.0% 100.000 0.000 0.00 -4.90 0.00  1.96 0.00 196.00 0.0% | 1200.00  -30.00 HI -50.00 -50.00
2026-09-27T09:10:32.894,DEMO,DEMO,DEMO_MODE,24f8f9829bf14f26914a962224c1ad3a,F1 :    200    4 0.10 -14.44 0.54 50.00  20.0  20.0,0.00 0.00 0.00 89.38 0.54 50.00 0.10 -14.44 6 63 6 63 20.0% 20.0% 100.000 0.000 0.00 -4.90 0.00  1.96 0.00 196.00 0.0% | 1200.00  -30.00 HI -50.00 -50.00
2026-09-27T09:10:33.015,DEMO,DEMO,DEMO_MODE,24f8f9829bf14f26914a962224c1ad3a,F1 :    200    4 0.10 -14.44 0.54 50.00  20.0  20.0,0.00 0.00 0.00 89.38 0.54 50.00 0.10 -14.44 6 63 6 63 20.0% 20.0% 100.000 0.000 0.00 -4.90 0.00  1.96 0.00 196.00 0.0% | 1200.00  -30.00 HI -50.00 -50.00
2026-09-27T09:10:33.135,DEMO,DEMO,DEMO_MODE,24f8f9829bf14f26914a962224c1ad3a,F1 :    200    4 0.10 -14.44 0.54 50.00  20.0  20.0,0.00 0.00 0.00 89.38 0.54 50.00 0.10 -14.44 6 63 6 63 20.0% 20.0% 100.000 0.000 0.00 -4.90 0.00  1.96 0.00 196.00 0.0% | 1200.00  -30.00 HI -50.00 -50.00
2026-09-27T09:10:33.256,DEMO,DEMO,DEMO_MODE,24f8f9829bf14f26914a962224c1ad3a,F1 :    200    4 0.10 -14.44 0.54 50.00  20.0  20.0,0.00 0.00 0.00 89.38 0.54 50.00 0.10 -14.44 6 63 6 63 20.0% 20.0% 100.000 0.000 0.00 -4.90 0.00  1.96 0.00 196.00 0.0% | 1200.00  -30.00 HI -50.00 -50.00
2026-09-27T09:10:33.377,DEMO,DEMO,DEMO_MODE,24f8f9829bf14f26914a962224c1ad3a,F1 :    200    4 0.10 -14.44 0.54 50.00  20.0  20.0,0.00 0.00 0.00 89.38 0.54 50.00 0.10 -14.44 6 63 6 63 20.0% 20.0% 100.000 0.000 0.00 -4.90 0.00  1.96 0.00 196.00 0.0% | 1200.00  -30.00 HI -50.00 -50.00
2026-09-27T09:10:33.498,DEMO,DEMO,DEMO_MODE,24f8f9829bf14f26914a962224c1ad3a,F1 :    200    4 0.10 -14.44 0.54 50.00  20.0  20.0,0.00 0.00 0.00 89.38 0.54 50.00 0.10 -14.44 6 63 6 63 20.0% 20.0% 100.000 0.000 0.00 -4.90 0.00  1.96 0.00 196.00 0.0% | 1200.00  -30.00 HI -50.00 -50.00
2026-09-27T09:10:33.619,DEMO,DEMO,DEMO_MODE,24f8f9829bf14f26914a962224c1ad3a,F1 :    200    4 0.10 -14.44 0.54 50.00  20.0  20.0,0.00 0.00 0.00 89.38 0.54 50.00 0.10 -14.44 6 63 6 63 20.0% 20.0% 100.000 0.000 0.00 -4.90 0.00  1.96 0.00 196.00 0.0% | 1200.00  -30.00 HI -50.00 -50.00
2026-09-27T09:10:33.742,DEMO,DEMO,DEMO_MODE,24f8f9829bf14f26914a962224c1ad3a,F1 :    200    4 0.10 -14.44 0.54 50.00  20.0  20.0,0.00 0.00 0.00 89.38 0.54 50.00 0.10 -14.44 6 63 6 63 20.0% 20.0% 100.000 0.000 0.00 -4.90 0.00  1.96 0.00 196.00 0.0% | 1200.00  -30.00 HI -50.00 -50.00
2026-09-27T09:10:33.863,DEMO,DEMO,DEMO_MODE,24f8f9829bf14f26914a962224c1ad3a,F1 :    300    4 0.10 -14.44 0.54 50.00  30.0  24.0,0.00 0.00 0.00 89.38 0.54 50.00 0.10 -14.44 6 63 6 63 30.0% 24.0% 150.000 0.000 0.00 -4.90 0.00  1.97 0.00 296.00 0.0% | 1200.00  -20.00 HI -50.00 -50.00
2026-09-27T09:10:33.985,DEMO,DEMO,DEMO_MODE,24f8f9829bf14f26914a962224c1ad3a,F1 :    300    4 0.10 -14.44 0.54 50.00  30.0  24.0,0.00 0.00 0.00 89.38 0.54 50.00 0.10 -14.44 6 63 6 63 30.0% 24.0% 150.000 0.000 0.00 -4.90 0.00  1.97 0.00 296.00 0.0% | 1200.00  -20.00 HI -50.00 -50.00
2026-09-27T09:10:34.106,DEMO,DEMO,DEMO_MODE,24f8f9829bf14f26914a962224c1ad3a,F1 :    300    4 0.10 -14.44 0.54 50.00  30.0  24.0,0.00 0.00 0.00 89.38 0.54 50.00 0.10 -14.44 6 63 6 63 30.0% 24.0% 150.000 0.000 0.00 -4.90 0.00  1.97 0.00 296.00 0.0% | 1200.00  -20.00 HI -50.00 -50.00
2026-09-27T09:10:34.232,DEMO,DEMO,DEMO_MODE,24f8f9829bf14f26914a962224c1ad3a,F1 :    300    4 0.10 -14.44 0.54 50.00  30.0  24.0,0.00 0.00 0.00 89.38 0.54 50.00 0.10 -14.44 6 63 6 63 30.0% 24.0% 150.000 0.000 0.00 -4.90 0.00  1.97 0.00 296.00 0.0% | 1200.00  -20.00 HI -50.00 -50.00
2026-09-27T09:10:34.353,DEMO,DEMO,DEMO_MODE,24f8f9829bf14f26914a962224c1ad3a,F1 :    300    4 0.10 -14.44 0.54 50.00  30.0  24.0,0.00 0.00 0.00 89.38 0.54 50.00 0.10 -14.44 6 63 6 63 30.0% 24.0% 150.000 0.000 0.00 -4.90 0.00  1.97 0.00 296.00 0.0% | 1200.00  -20.00 HI -50.00 -50.00
2026-09-27T09:10:34.479,DEMO,DEMO,DEMO_MODE,24f8f9829bf14f26914a962224c1ad3a,F1 :    300    4 0.10 -14.44 0.54 50.00  30.0  24.0,0.00 0.00 0.00 89.38 0.54 50.00 0.10 -14.44 6 63 6 63 30.0% 24.0% 150.000 0.000 0.00 -4.90 0.00  1.97 0.00 296.00 0.0% | 1200.00  -20.00 HI -50.00 -50.00
2026-09-27T09:10:34.600,DEMO,DEMO,DEMO_MODE,24f8f9829bf14f26914a962224c1ad3a,F1 :    300    4 0.10 -14.44 0.54 50.00  30.0  24.0,0.00 0.00 0.00 89.38 0.54 50.00 0.10 -14.44 6 63 6 63 30.0% 24.0% 150.000 0.000 0.00 -4.90 0.00  1.97 0.00 296.00 0.0% | 1200.00  -20.00 HI -50.00 -50.00
2026-09-27T09:10:34.725,DEMO,DEMO,DEMO_MODE,24f8f9829bf14f26914a962224c1ad3a,F1 :    300    4 0.10 -14.44 0.54 50.00  30.0  24.0,0.00 0.00 0.00 89.38 0.54 50.00 0.10 -14.44 6 63 6 63 30.0% 24.0% 150.000 0.000 0.00 -4.90 0.00  1.97 0.00 296.00 0.0% | 1200.00  -20.00 HI -50.00 -50.00
2026-09-27T09:10:34.846,DEMO,DEMO,DEMO_MODE,24f8f9829bf14f26914a962224c1ad3a,F1 :    300    4 0.10 -14.44 0.54 50.00  30.0  24.0,0.00 0.00 0.00 89.38 0.54 50.00 0.10 -14.44 6 63 6 63 30.0% 24.0% 150.000 0.000 0.00 -4.90 0.00  1.97 0.00 296.00 0.0% | 1200.00  -20.00 HI -50.00 -50.00
2026-09-27T09:10:34.973,DEMO,DEMO,DEMO_MODE,24f8f9829bf14f26914a962224c1ad3a,F1 :    300    4 0.10 -14.44 0.54 50.00  30.0  24.0,0.00 0.00 0.00 89.38 0.54 50.00 0.10 -14.44 6 63 6 63 30.0% 24.0% 150.000 0.000 0.00 -4.90 0.00  1.97 0.00 296.00 0.0% | 1200.00  -20.00 HI -50.00 -50.00
2026-09-27T09:10:35.094,DEMO,DEMO,DEMO_MODE,24f8f9829bf14f26914a962224c1ad3a,F1 :    300    4 0.10 -14.44 0.54 50.00  30.0  24.0,0.00 0.00 0.00 89.38 0.54 50.00 0.10 -14.44 6 63 6 63 30.0% 24.0% 150.000 0.000 0.00 -4.90 0.00  1.97 0.00 296.00 0.0% | 1200.00  -20.00 HI -50.00 -50.00
2026-09-27T09:10:35.219,DEMO,DEMO,DEMO_MODE,24f8f9829bf14f26914a962224c1ad3a,F1 :    300    4 0.10 -14.44 0.54 50.00  30.0  24.0,0.00 0.00 0.00 89.38 0.54 50.00 0.10 -14.44 6 63 6 63 30.0% 24.0% 150.000 0.000 0.00 -4.90 0.00  1.97 0.00 296.00 0.0% | 1200.00  -20.00 HI -50.00 -50.00
2026-09-27T09:10:35.340,DEMO,DEMO,DEMO_MODE,24f8f9829bf14f26914a962224c1ad3a,F1 :    300    4 0.10 -14.44 0.54 50.00  30.0  24.0,0.00 0.00 0.00 89.38 0.54 50.00 0.10 -14.44 6 63 6 63 30.0% 24.0% 150.000 0.000 0.00 -4.90 0.00  1.97 0.00 296.00 0.0% | 1200.00  -20.00 HI -50.00 -50.00
2026-09-27T09:10:35.467,DEMO,DEMO,DEMO_MODE,24f8f9829bf14f26914a962224c1ad3a,F1 :    300    4 0.10 -14.44 0.54 50.00  30.0  24.0,0.00 0.00 0.00 89.38 0.54 50.00 0.10 -14.44 6 63 6 63 30.0% 24.0% 150.000 0.000 0.00 -4.90 0.00  1.97 0.00 296.00 0.0% | 1200.00  -20.00 HI -50.00 -50.00
2026-09-27T09:10:35.588,DEMO,DEMO,DEMO_MODE,24f8f9829bf14f26914a962224c1ad3a,F1 :    300    4 0.10 -14.44 0.54 50.00  30.0  24.0,0.00 0.00 0.00 89.38 0.54 50.00 0.10 -14.44 6 63 6 63 30.0% 24.0% 150.000 0.000 0.00 -4.90 0.00  1.97 0.00 296.00 0.0% | 1200.00  -20.00 HI -50.00 -50.00
2026-09-27T09:10:35.714,DEMO,DEMO,DEMO_MODE,24f8f9829bf14f26914a962224c1ad3a,F1 :    300    4 0.10 -14.44 0.54 50.00  30.0  24.0,0.00 0.00 0.00 89.38 0.54 50.00 0.10 -14.44 6 63 6 63 30.0% 24.0% 150.000 0.000 0.00 -4.90 0.00  1.97 0.00 296.00 0.0% | 1200.00  -20.00 HI -50.00 -50.00
2026-09-27T09:10:35.835,DEMO,DEMO,DEMO_MODE,24f8f9829bf14f26914a962224c1ad3a,F1 :    300    4 0.10 -14.44 0.54 50.00  30.0  24.0,0.00 0.00 0.00 89.38 0.54 50.00 0.10 -14.44 6 63 6 63 30.0% 24.0% 150.000 0.000 0.00 -4.90 0.00  1.97 0.00 296.00 0.0% | 1200.00  -20.00 HI -50.00 -50.00
2026-09-27T09:10:35.962,DEMO,DEMO,DEMO_MODE,24f8f9829bf14f26914a962224c1ad3a,F1 :    300    4 0.10 -14.44 0.54 50.00  30.0  24.0,0.00 0.00 0.00 89.38 0.54 50.00 0.10 -14.44 6 63 6 63 30.0% 24.0% 150.000 0.000 0.00 -4.90 0.00  1.97 0.00 296.00 0.0% | 1200.00  -20.00 HI -50.00 -50.00
2026-09-27T09:10:36.082,DEMO,DEMO,DEMO_MODE,24f8f9829bf14f26914a962224c1ad3a,F1 :    300    4 0.10 -14.44 0.54 50.00  30.0  24.0,0.00 0.00 0.00 89.38 0.54 50.00 0.10 -14.44 6 63 6 63 30.0% 24.0% 150.000 0.000 0.00 -4.90 0.00  1.97 0.00 296.00 0.0% | 1200.00  -20.00 HI -50.00 -50.00
2026-09-27T09:10:36.208,DEMO,DEMO,DEMO_MODE,24f8f9829bf14f26914a962224c1ad3a,F1 :    300    4 0.10 -14.44 0.54 50.00  30.0  24.0,0.00 0.00 0.00 89.38 0.54 50.00 0.10 -14.44 6 63 6 63 30.0% 24.0% 150.000 0.000 0.00 -4.90 0.00  1.97 0.00 296.00 0.0% | 1200.00  -20.00 HI -50.00 -50.00
2026-09-27T09:10:36.329,DEMO,DEMO,DEMO_MODE,24f8f9829bf14f26914a962224c1ad3a,F1 :    300    4 0.10 -14.44 0.54 50.00  30.0  24.0,0.00 0.00 0.00 89.38 0.54 50.00 0.10 -14.44 6 63 6 63 30.0% 24.0% 150.000 0.000 0.00 -4.90 0.00  1.97 0.00 296.00 0.0% | 1200.00  -20.00 HI -50.00 -50.00
2026-09-27T09:10:36.455,DEMO,DEMO,DEMO_MODE,24f8f9829bf14f26914a962224c1ad3a,F1 :    300    4 0.10 -14.44 0.54 50.00  30.0  24.0,0.00 0.00 0.00 89.38 0.54 50.00 0.10 -14.44 6 63 6 63 30.0% 24.0% 150.000 0.000 0.00 -4.90 0.00  1.97 0.00 296.00 0.0% | 1200.00  -20.00 HI -50.00 -50.00
2026-09-27T09:10:36.576,DEMO,DEMO,DEMO_MODE,24f8f9829bf14f26914a962224c1ad3a,F1 :    300    4 0.10 -14.44 0.54 50.00  30.0  24.0,0.00 0.00 0.00 89.38 0.54 50.00 0.10 -14.44 6 63 6 63 30.0% 24.0% 150.000 0.000 0.00 -4.90 0.00  1.97 0.00 296.00 0.0% | 1200.00  -20.00 HI -50.00 -50.00
2026-09-27T09:10:36.702,DEMO,DEMO,DEMO_MODE,24f8f9829bf14f26914a962224c1ad3a,F1 :    300    4 0.10 -14.44 0.54 50.00  30.0  24.0,0.00 0.00 0.00 89.38 0.54 50.00 0.10 -14.44 6 63 6 63 30.0% 24.0% 150.000 0.000 0.00 -4.90 0.00  1.97 0.00 296.00 0.0% | 1200.00  -20.00 HI -50.00 -50.00
2026-09-27T09:10:36.823,DEMO,DEMO,DEMO_MODE,24f8f9829bf14f26914a962224c1ad3a,F1 :    300    4 0.10 -14.44 0.54 50.00  30.0  24.0,0.00 0.00 0.00 89.38 0.54 50.00 0.10 -14.44 6 63 6 63 30.0% 24.0% 150.000 0.000 0.00 -4.90 0.00  1.97 0.00 296.00 0.0% | 1200.00  -20.00 HI -50.00 -50.00
2026-09-27T09:10:36.949,DEMO,DEMO,DEMO_MODE,24f8f9829bf14f26914a962224c1ad3a,F1 :    300    4 0.10 -14.44 0.54 50.00  30.0  24.0,0.00 0.00 0.00 89.38 0.54 50.00 0.10 -14.44 6 63 6 63 30.0% 24.0% 150.000 0.000 0.00 -4.90 0.00  1.97 0.00 296.00 0.0% | 1200.00  -20.00 HI -50.00 -50.00
2026-09-27T09:10:37.070,DEMO,DEMO,DEMO_MODE,24f8f9829bf14f26914a962224c1ad3a,F1 :    300    4 0.10 -14.44 0.54 50.00  30.0  24.0,0.00 0.00 0.00 89.38 0.54 50.00 0.10 -14.44 6 63 6 63 30.0% 24.0% 150.000 0.000 0.00 -4.90 0.00  1.97 0.00 296.00 0.0% | 1200.00  -20.00 HI -50.00 -50.00
2026-09-27T09:10:37.197,DEMO,DEMO,DEMO_MODE,24f8f9829bf14f26914a962224c1ad3a,F1 :    300    4 0.10 -14.44 0.54 50.00  30.0  24.0,0.00 0.00 0.00 89.38 0.54 50.00 0.10 -14.44 6 63 6 63 30.0% 24.0% 150.000 0.000 0.00 -4.90 0.00  1.97 0.00 296.00 0.0% | 1200.00  -20.00 HI -50.00 -50.00
2026-09-27T09:10:37.317,DEMO,DEMO,DEMO_MODE,24f8f9829bf14f26914a962224c1ad3a,F1 :    300    4 0.10 -14.44 0.54 50.00  30.0  24.0,0.00 0.00 0.00 89.38 0.54 50.00 0.10 -14.44 6 63 6 63 30.0% 24.0% 150.000 0.000 0.00 -4.90 0.00  1.97 0.00 296.00 0.0% | 1200.00  -20.00 HI -50.00 -50.00
2026-09-27T09:10:37.443,DEMO,DEMO,DEMO_MODE,24f8f9829bf14f26914a962224c1ad3a,F1 :    300    4 0.10 -14.44 0.54 50.00  30.0  24.0,0.00 0.00 0.00 89.38 0.54 50.00 0.10 -14.44 6 63 6 63 30.0% 24.0% 150.000 0.000 0.00 -4.90 0.00  1.97 0.00 296.00 0.0% | 1200.00  -20.00 HI -50.00 -50.00
2026-09-27T09:10:37.564,DEMO,DEMO,DEMO_MODE,24f8f9829bf14f26914a962224c1ad3a,F1 :    300    4 0.10 -14.44 0.54 50.00  30.0  24.0,0.00 0.00 0.00 89.38 0.54 50.00 0.10 -14.44 6 63 6 63 30.0% 24.0% 150.000 0.000 0.00 -4.90 0.00  1.97 0.00 296.00 0.0% | 1200.00  -20.00 HI -50.00 -50.00
2026-09-27T09:10:37.689,DEMO,DEMO,DEMO_MODE,24f8f9829bf14f26914a962224c1ad3a,F1 :    300    4 0.10 -14.44 0.54 50.00  30.0  24.0,0.00 0.00 0.00 89.38 0.54 50.00 0.10 -14.44 6 63 6 63 30.0% 24.0% 150.000 0.000 0.00 -4.90 0.00  1.97 0.00 296.00 0.0% | 1200.00  -20.00 HI -50.00 -50.00
2026-09-27T09:10:37.810,DEMO,DEMO,DEMO_MODE,24f8f9829bf14f26914a962224c1ad3a,F1 :    300    4 0.10 -14.44 0.54 50.00  30.0  24.0,0.00 0.00 0.00 89.38 0.54 50.00 0.10 -14.44 6 63 6 63 30.0% 24.0% 150.000 0.000 0.00 -4.90 0.00  1.97 0.00 296.00 0.0% | 1200.00  -20.00 HI -50.00 -50.00
2026-09-27T09:10:37.936,DEMO,DEMO,DEMO_MODE,24f8f9829bf14f26914a962224c1ad3a,F1 :    300    4 0.10 -14.44 0.54 50.00  30.0  24.0,0.00 0.00 0.00 89.38 0.54 50.00 0.10 -14.44 6 63 6 63 30.0% 24.0% 150.000 0.000 0.00 -4.90 0.00  1.97 0.00 296.00 0.0% | 1200.00  -20.00 HI -50.00 -50.00
2026-09-27T09:10:38.068,DEMO,DEMO,DEMO_MODE,24f8f9829bf14f26914a962224c1ad3a,F1 :    300    4 0.10 -14.44 0.54 50.00  30.0  24.0,0.00 0.00 0.00 89.38 0.54 50.00 0.10 -14.44 6 63 6 63 30.0% 24.0% 150.000 0.000 0.00 -4.90 0.00  1.97 0.00 296.00 0.0% | 1200.00  -20.00 HI -50.00 -50.00
2026-09-27T09:10:38.195,DEMO,DEMO,DEMO_MODE,24f8f9829bf14f26914a962224c1ad3a,F1 :    300    4 0.10 -14.44 0.54 50.00  30.0  24.0,0.00 0.00 0.00 89.38 0.54 50.00 0.10 -14.44 6 63 6 63 30.0% 24.0% 150.000 0.000 0.00 -4.90 0.00  1.97 0.00 296.00 0.0% | 1200.00  -20.00 HI -50.00 -50.00
2026-09-27T09:10:38.321,DEMO,DEMO,DEMO_MODE,24f8f9829bf14f26914a962224c1ad3a,F1 :    300    4 0.10 -14.44 0.54 50.00  30.0  24.0,0.00 0.00 0.00 89.38 0.54 50.00 0.10 -14.44 6 63 6 63 30.0% 24.0% 150.000 0.000 0.00 -4.90 0.00  1.97 0.00 296.00 0.0% | 1200.00  -20.00 HI -50.00 -50.00
2026-09-27T09:10:38.447,DEMO,DEMO,DEMO_MODE,24f8f9829bf14f26914a962224c1ad3a,F1 :    300    4 0.10 -14.44 0.54 50.00  30.0  24.0,0.00 0.00 0.00 89.38 0.54 50.00 0.10 -14.44 6 63 6 63 30.0% 24.0% 150.000 0.000 0.00 -4.90 0.00  1.97 0.00 296.00 0.0% | 1200.00  -20.00 HI -50.00 -50.00
2026-09-27T09:10:38.568,DEMO,DEMO,DEMO_MODE,24f8f9829bf14f26914a962224c1ad3a,F1 :    300    4 0.10 -14.44 0.54 50.00  30.0  24.0,0.00 0.00 0.00 89.38 0.54 50.00 0.10 -14.44 6 63 6 63 30.0% 24.0% 150.000 0.000 0.00 -4.90 0.00  1.97 0.00 296.00 0.0% | 1200.00  -20.00 HI -50.00 -50.00
2026-09-27T09:10:38.694,DEMO,DEMO,DEMO_MODE,24f8f9829bf14f26914a962224c1ad3a,F1 :    300    4 0.10 -14.44 0.54 50.00  30.0  24.0,0.00 0.00 0.00 89.38 0.54 50.00 0.10 -14.44 6 63 6 63 30.0% 24.0% 150.000 0.000 0.00 -4.90 0.00  1.97 0.00 296.00 0.0% | 1200.00  -20.00 HI -50.00 -50.00
2026-09-27T09:10:38.815,DEMO,DEMO,DEMO_MODE,24f8f9829bf14f26914a962224c1ad3a,F1 :    300    4 0.10 -14.44 0.54 50.00  30.0  24.0,0.00 0.00 0.00 89.38 0.54 50.00 0.10 -14.44 6 63 6 63 30.0% 24.0% 150.000 0.000 0.00 -4.90 0.00  1.97 0.00 296.00 0.0% | 1200.00  -20.00 HI -50.00 -50.00
2026-09-27T09:10:38.941,DEMO,DEMO,DEMO_MODE,24f8f9829bf14f26914a962224c1ad3a,F1 :    300    0 0.10 -14.44 0.54 50.00  30.0  28.0,0.00 0.00 0.00 89.38 0.54 50.00 0.10 -14.44 6 63 6 63 30.0% 28.0% 150.000 0.000 0.00 -4.90 0.00  2.00 0.00 300.00 0.0% | 1200.00  -20.00 HI -50.00 -50.00
2026-09-27T09:10:39.061,DEMO,DEMO,DEMO_MODE,24f8f9829bf14f26914a962224c1ad3a,F1 :    300    0 0.10 -14.44 0.54 50.00  30.0  28.0,0.00 0.00 0.00 89.38 0.54 50.00 0.10 -14.44 6 63 6 63 30.0% 28.0% 150.000 0.000 0.00 -4.90 0.00  2.00 0.00 300.00 0.0% | 1200.00  -20.00 HI -50.00 -50.00
2026-09-27T09:10:39.187,DEMO,DEMO,DEMO_MODE,24f8f9829bf14f26914a962224c1ad3a,F1 :    300    0 0.10 -14.44 0.54 50.00  30.0  28.0,0.00 0.00 0.00 89.38 0.54 50.00 0.10 -14.44 6 63 6 63 30.0% 28.0% 150.000 0.000 0.00 -4.90 0.00  2.00 0.00 300.00 0.0% | 1200.00  -20.00 HI -50.00 -50.00
2026-09-27T09:10:39.308,DEMO,DEMO,DEMO_MODE,24f8f9829bf14f26914a962224c1ad3a,F1 :    300    0 0.10 -14.44 0.54 50.00  30.0  28.0,0.00 0.00 0.00 89.38 0.54 50.00 0.10 -14.44 6 63 6 63 30.0% 28.0% 150.000 0.000 0.00 -4.90 0.00  2.00 0.00 300.00 0.0% | 1200.00  -20.00 HI -50.00 -50.00
2026-09-27T09:10:39.434,DEMO,DEMO,DEMO_MODE,24f8f9829bf14f26914a962224c1ad3a,F1 :    300    0 0.10 -14.44 0.54 50.00  30.0  28.0,0.00 0.00 0.00 89.38 0.54 50.00 0.10 -14.44 6 63 6 63 30.0% 28.0% 150.000 0.000 0.00 -4.90 0.00  2.00 0.00 300.00 0.0% | 1200.00  -20.00 HI -50.00 -50.00
2026-09-27T09:10:39.554,DEMO,DEMO,DEMO_MODE,24f8f9829bf14f26914a962224c1ad3a,F1 :    300    0 0.10 -14.44 0.54 50.00  30.0  28.0,0.00 0.00 0.00 89.38 0.54 50.00 0.10 -14.44 6 63 6 63 30.0% 28.0% 150.000 0.000 0.00 -4.90 0.00  2.00 0.00 300.00 0.0% | 1200.00  -20.00 HI -50.00 -50.00
2026-09-27T09:10:39.680,DEMO,DEMO,DEMO_MODE,24f8f9829bf14f26914a962224c1ad3a,F1 :    300    0 0.10 -14.44 0.54 50.00  30.0  28.0,0.00 0.00 0.00 89.38 0.54 50.00 0.10 -14.44 6 63 6 63 30.0% 28.0% 150.000 0.000 0.00 -4.90 0.00  2.00 0.00 300.00 0.0% | 1200.00  -20.00 HI -50.00 -50.00
2026-09-27T09:10:39.801,DEMO,DEMO,DEMO_MODE,24f8f9829bf14f26914a962224c1ad3a,F1 :    300    0 0.10 -14.44 0.54 50.00  30.0  28.0,0.00 0.00 0.00 89.38 0.54 50.00 0.10 -14.44 6 63 6 63 30.0% 28.0% 150.000 0.000 0.00 -4.90 0.00  2.00 0.00 300.00 0.0% | 1200.00  -20.00 HI -50.00 -50.00
2026-09-27T09:10:39.926,DEMO,DEMO,DEMO_MODE,24f8f9829bf14f26914a962224c1ad3a,F1 :    300    0 0.10 -14.44 0.54 50.00  30.0  28.0,0.00 0.00 0.00 89.38 0.54 50.00 0.10 -14.44 6 63 6 63 30.0% 28.0% 150.000 0.000 0.00 -4.90 0.00  2.00 0.00 300.00 0.0% | 1200.00  -20.00 HI -50.00 -50.00
2026-09-27T09:10:40.047,DEMO,DEMO,DEMO_MODE,24f8f9829bf14f26914a962224c1ad3a,F1 :    300    0 0.10 -14.44 0.54 50.00  30.0  28.0,0.00 0.00 0.00 89.38 0.54 50.00 0.10 -14.44 6 63 6 63 30.0% 28.0% 150.000 0.000 0.00 -4.90 0.00  2.00 0.00 300.00 0.0% | 1200.00  -20.00 HI -50.00 -50.00
2026-09-27T09:10:40.174,DEMO,DEMO,DEMO_MODE,24f8f9829bf14f26914a962224c1ad3a,F1 :    300    0 0.10 -14.44 0.54 50.00  30.0  28.0,0.00 0.00 0.00 89.38 0.54 50.00 0.10 -14.44 6 63 6 63 30.0% 28.0% 150.000 0.000 0.00 -4.90 0.00  2.00 0.00 300.00 0.0% | 1200.00  -20.00 HI -50.00 -50.00
2026-09-27T09:10:40.314,DEMO,DEMO,DEMO_MODE,24f8f9829bf14f26914a962224c1ad3a,F1 :    300    0 0.10 -14.44 0.54 50.00  30.0  28.0,0.00 0.00 0.00 89.38 0.54 50.00 0.10 -14.44 6 63 6 63 30.0% 28.0% 150.000 0.000 0.00 -4.90 0.00  2.00 0.00 300.00 0.0% | 1200.00  -20.00 HI -50.00 -50.00
2026-09-27T09:10:40.439,DEMO,DEMO,DEMO_MODE,24f8f9829bf14f26914a962224c1ad3a,F1 :    300    0 0.10 -14.44 0.54 50.00  30.0  28.0,0.00 0.00 0.00 89.38 0.54 50.00 0.10 -14.44 6 63 6 63 30.0% 28.0% 150.000 0.000 0.00 -4.90 0.00  2.00 0.00 300.00 0.0% | 1200.00  -20.00 HI -50.00 -50.00
2026-09-27T09:10:40.560,DEMO,DEMO,DEMO_MODE,24f8f9829bf14f26914a962224c1ad3a,F1 :    300    0 0.10 -14.44 0.54 50.00  30.0  28.0,0.00 0.00 0.00 89.38 0.54 50.00 0.10 -14.44 6 63 6 63 30.0% 28.0% 150.000 0.000 0.00 -4.90 0.00  2.00 0.00 300.00 0.0% | 1200.00  -20.00 HI -50.00 -50.00
2026-09-27T09:10:40.687,DEMO,DEMO,DEMO_MODE,24f8f9829bf14f26914a962224c1ad3a,F1 :    300    0 0.10 -14.44 0.54 50.00  30.0  28.0,0.00 0.00 0.00 89.38 0.54 50.00 0.10 -14.44 6 63 6 63 30.0% 28.0% 150.000 0.000 0.00 -4.90 0.00  2.00 0.00 300.00 0.0% | 1200.00  -20.00 HI -50.00 -50.00
2026-09-27T09:10:40.807,DEMO,DEMO,DEMO_MODE,24f8f9829bf14f26914a962224c1ad3a,F1 :    300    0 0.10 -14.44 0.54 50.00  30.0  28.0,0.00 0.00 0.00 89.38 0.54 50.00 0.10 -14.44 6 63 6 63 30.0% 28.0% 150.000 0.000 0.00 -4.90 0.00  2.00 0.00 300.00 0.0% | 1200.00  -20.00 HI -50.00 -50.00
2026-09-27T09:10:40.933,DEMO,DEMO,DEMO_MODE,24f8f9829bf14f26914a962224c1ad3a,F1 :    300    0 0.10 -14.44 0.54 50.00  30.0  28.0,0.00 0.00 0.00 89.38 0.54 50.00 0.10 -14.44 6 63 6 63 30.0% 28.0% 150.000 0.000 0.00 -4.90 0.00  2.00 0.00 300.00 0.0% | 1200.00  -20.00 HI -50.00 -50.00
2026-09-27T09:10:41.053,DEMO,DEMO,DEMO_MODE,24f8f9829bf14f26914a962224c1ad3a,F1 :    300    0 0.10 -14.44 0.54 50.00  30.0  28.0,0.00 0.00 0.00 89.38 0.54 50.00 0.10 -14.44 6 63 6 63 30.0% 28.0% 150.000 0.000 0.00 -4.90 0.00  2.00 0.00 300.00 0.0% | 1200.00  -20.00 HI -50.00 -50.00
2026-09-27T09:10:41.179,DEMO,DEMO,DEMO_MODE,24f8f9829bf14f26914a962224c1ad3a,F1 :    300    0 0.10 -14.44 0.54 50.00  30.0  28.0,0.00 0.00 0.00 89.38 0.54 50.00 0.10 -14.44 6 63 6 63 30.0% 28.0% 150.000 0.000 0.00 -4.90 0.00  2.00 0.00 300.00 0.0% | 1200.00  -20.00 HI -50.00 -50.00
2026-09-27T09:10:41.300,DEMO,DEMO,DEMO_MODE,24f8f9829bf14f26914a962224c1ad3a,F1 :    300    0 0.10 -14.44 0.54 50.00  30.0  28.0,0.00 0.00 0.00 89.38 0.54 50.00 0.10 -14.44 6 63 6 63 30.0% 28.0% 150.000 0.000 0.00 -4.90 0.00  2.00 0.00 300.00 0.0% | 1200.00  -20.00 HI -50.00 -50.00
2026-09-27T09:10:41.426,DEMO,DEMO,DEMO_MODE,24f8f9829bf14f26914a962224c1ad3a,F1 :    300    0 0.10 -14.44 0.54 50.00  30.0  28.0,0.00 0.00 0.00 89.38 0.54 50.00 0.10 -14.44 6 63 6 63 30.0% 28.0% 150.000 0.000 0.00 -4.90 0.00  2.00 0.00 300.00 0.0% | 1200.00  -20.00 HI -50.00 -50.00
2026-09-27T09:10:41.547,DEMO,DEMO,DEMO_MODE,24f8f9829bf14f26914a962224c1ad3a,F1 :    300    0 0.10 -14.44 0.54 50.00  30.0  28.0,0.00 0.00 0.00 89.38 0.54 50.00 0.10 -14.44 6 63 6 63 30.0% 28.0% 150.000 0.000 0.00 -4.90 0.00  2.00 0.00 300.00 0.0% | 1200.00  -20.00 HI -50.00 -50.00
2026-09-27T09:10:41.673,DEMO,DEMO,DEMO_MODE,24f8f9829bf14f26914a962224c1ad3a,F1 :    300    0 0.10 -14.44 0.54 50.00  30.0  28.0,0.00 0.00 0.00 89.38 0.54 50.00 0.10 -14.44 6 63 6 63 30.0% 28.0% 150.000 0.000 0.00 -4.90 0.00  2.00 0.00 300.00 0.0% | 1200.00  -20.00 HI -50.00 -50.00
2026-09-27T09:10:41.793,DEMO,DEMO,DEMO_MODE,24f8f9829bf14f26914a962224c1ad3a,F1 :    300    0 0.10 -14.44 0.54 50.00  30.0  28.0,0.00 0.00 0.00 89.38 0.54 50.00 0.10 -14.44 6 63 6 63 30.0% 28.0% 150.000 0.000 0.00 -4.90 0.00  2.00 0.00 300.00 0.0% | 1200.00  -20.00 HI -50.00 -50.00
2026-09-27T09:10:41.918,DEMO,DEMO,DEMO_MODE,24f8f9829bf14f26914a962224c1ad3a,F1 :    300    0 0.10 -14.44 0.54 50.00  30.0  28.0,0.00 0.00 0.00 89.38 0.54 50.00 0.10 -14.44 6 63 6 63 30.0% 28.0% 150.000 0.000 0.00 -4.90 0.00  2.00 0.00 300.00 0.0% | 1200.00  -20.00 HI -50.00 -50.00
2026-09-27T09:10:42.039,DEMO,DEMO,DEMO_MODE,24f8f9829bf14f26914a962224c1ad3a,F1 :    300    0 0.10 -14.44 0.54 50.00  30.0  28.0,0.00 0.00 0.00 89.38 0.54 50.00 0.10 -14.44 6 63 6 63 30.0% 28.0% 150.000 0.000 0.00 -4.90 0.00  2.00 0.00 300.00 0.0% | 1200.00  -20.00 HI -50.00 -50.00
2026-09-27T09:10:42.159,DEMO,DEMO,DEMO_MODE,24f8f9829bf14f26914a962224c1ad3a,F1 :    300    0 0.10 -14.44 0.54 50.00  30.0  28.0,0.00 0.00 0.00 89.38 0.54 50.00 0.10 -14.44 6 63 6 63 30.0% 28.0% 150.000 0.000 0.00 -4.90 0.00  2.00 0.00 300.00 0.0% | 1200.00  -20.00 HI -50.00 -50.00
2026-09-27T09:10:42.280,DEMO,DEMO,DEMO_MODE,24f8f9829bf14f26914a962224c1ad3a,F1 :    300    0 0.10 -14.44 0.54 50.00  30.0  28.0,0.00 0.00 0.00 89.38 0.54 50.00 0.10 -14.44 6 63 6 63 30.0% 28.0% 150.000 0.000 0.00 -4.90 0.00  2.00 0.00 300.00 0.0% | 1200.00  -20.00 HI -50.00 -50.00
2026-09-27T09:10:42.401,DEMO,DEMO,DEMO_MODE,24f8f9829bf14f26914a962224c1ad3a,F1 :    300    0 0.10 -14.44 0.54 50.00  30.0  28.0,0.00 0.00 0.00 89.38 0.54 50.00 0.10 -14.44 6 63 6 63 30.0% 28.0% 150.000 0.000 0.00 -4.90 0.00  2.00 0.00 300.00 0.0% | 1200.00  -20.00 HI -50.00 -50.00
2026-09-27T09:10:42.521,DEMO,DEMO,DEMO_MODE,24f8f9829bf14f26914a962224c1ad3a,F1 :    300    0 0.10 -14.44 0.54 50.00  30.0  28.0,0.00 0.00 0.00 89.38 0.54 50.00 0.10 -14.44 6 63 6 63 30.0% 28.0% 150.000 0.000 0.00 -4.90 0.00  2.00 0.00 300.00 0.0% | 1200.00  -20.00 HI -50.00 -50.00
2026-09-27T09:10:42.642,DEMO,DEMO,DEMO_MODE,24f8f9829bf14f26914a962224c1ad3a,F1 :    300    0 0.10 -14.44 0.54 50.00  30.0  28.0,0.00 0.00 0.00 89.38 0.54 50.00 0.10 -14.44 6 63 6 63 30.0% 28.0% 150.000 0.000 0.00 -4.90 0.00  2.00 0.00 300.00 0.0% | 1200.00  -20.00 HI -50.00 -50.00
2026-09-27T09:10:42.762,DEMO,DEMO,DEMO_MODE,24f8f9829bf14f26914a962224c1ad3a,F1 :    300    0 0.10 -14.44 0.54 50.00  30.0  28.0,0.00 0.00 0.00 89.38 0.54 50.00 0.10 -14.44 6 63 6 63 30.0% 28.0% 150.000 0.000 0.00 -4.90 0.00  2.00 0.00 300.00 0.0% | 1200.00  -20.00 HI -50.00 -50.00
2026-09-27T09:10:42.883,DEMO,DEMO,DEMO_MODE,24f8f9829bf14f26914a962224c1ad3a,F1 :    300    0 0.10 -14.44 0.54 50.00  30.0  28.0,0.00 0.00 0.00 89.38 0.54 50.00 0.10 -14.44 6 63 6 63 30.0% 28.0% 150.000 0.000 0.00 -4.90 0.00  2.00 0.00 300.00 0.0% | 1200.00  -20.00 HI -50.00 -50.00
2026-09-27T09:10:43.003,DEMO,DEMO,DEMO_MODE,24f8f9829bf14f26914a962224c1ad3a,F1 :    300    0 0.10 -14.44 0.54 50.00  30.0  28.0,0.00 0.00 0.00 89.38 0.54 50.00 0.10 -14.44 6 63 6 63 30.0% 28.0% 150.000 0.000 0.00 -4.90 0.00  2.00 0.00 300.00 0.0% | 1200.00  -20.00 HI -50.00 -50.00
2026-09-27T09:10:43.124,DEMO,DEMO,DEMO_MODE,24f8f9829bf14f26914a962224c1ad3a,F1 :    300    0 0.10 -14.44 0.54 50.00  30.0  28.0,0.00 0.00 0.00 89.38 0.54 50.00 0.10 -14.44 6 63 6 63 30.0% 28.0% 150.000 0.000 0.00 -4.90 0.00  2.00 0.00 300.00 0.0% | 1200.00  -20.00 HI -50.00 -50.00
2026-09-27T09:10:43.245,DEMO,DEMO,DEMO_MODE,24f8f9829bf14f26914a962224c1ad3a,F1 :    300    0 0.10 -14.44 0.54 50.00  30.0  28.0,0.00 0.00 0.00 89.38 0.54 50.00 0.10 -14.44 6 63 6 63 30.0% 28.0% 150.000 0.000 0.00 -4.90 0.00  2.00 0.00 300.00 0.0% | 1200.00  -20.00 HI -50.00 -50.00
2026-09-27T09:10:43.365,DEMO,DEMO,DEMO_MODE,24f8f9829bf14f26914a962224c1ad3a,F1 :    300    0 0.10 -14.44 0.54 50.00  30.0  28.0,0.00 0.00 0.00 89.38 0.54 50.00 0.10 -14.44 6 63 6 63 30.0% 28.0% 150.000 0.000 0.00 -4.90 0.00  2.00 0.00 300.00 0.0% | 1200.00  -20.00 HI -50.00 -50.00
2026-09-27T09:10:43.486,DEMO,DEMO,DEMO_MODE,24f8f9829bf14f26914a962224c1ad3a,F1 :    300    0 0.10 -14.44 0.54 50.00  30.0  28.0,0.00 0.00 0.00 89.38 0.54 50.00 0.10 -14.44 6 63 6 63 30.0% 28.0% 150.000 0.000 0.00 -4.90 0.00  2.00 0.00 300.00 0.0% | 1200.00  -20.00 HI -50.00 -50.00
2026-09-27T09:10:43.607,DEMO,DEMO,DEMO_MODE,24f8f9829bf14f26914a962224c1ad3a,F1 :    300    0 0.10 -14.44 0.54 50.00  30.0  28.0,0.00 0.00 0.00 89.38 0.54 50.00 0.10 -14.44 6 63 6 63 30.0% 28.0% 150.000 0.000 0.00 -4.90 0.00  2.00 0.00 300.00 0.0% | 1200.00  -20.00 HI -50.00 -50.00
2026-09-27T09:10:43.733,DEMO,DEMO,DEMO_MODE,24f8f9829bf14f26914a962224c1ad3a,F1 :    300    0 0.10 -14.44 0.54 50.00  30.0  28.0,0.00 0.00 0.00 89.38 0.54 50.00 0.10 -14.44 6 63 6 63 30.0% 28.0% 150.000 0.000 0.00 -4.90 0.00  2.00 0.00 300.00 0.0% | 1200.00  -20.00 HI -50.00 -50.00
2026-09-27T09:10:43.854,DEMO,DEMO,DEMO_MODE,24f8f9829bf14f26914a962224c1ad3a,F1 :    300    0 0.10 -14.44 0.54 50.00  30.0  28.0,0.00 0.00 0.00 89.38 0.54 50.00 0.10 -14.44 6 63 6 63 30.0% 28.0% 150.000 0.000 0.00 -4.90 0.00  2.00 0.00 300.00 0.0% | 1200.00  -20.00 HI -50.00 -50.00
2026-09-27T09:10:43.982,DEMO,DEMO,DEMO_MODE,24f8f9829bf14f26914a962224c1ad3a,F1 :    300    0 0.10 -14.44 0.54 50.00  30.0  28.0,0.00 0.00 0.00 89.38 0.54 50.00 0.10 -14.44 6 63 6 63 30.0% 28.0% 150.000 0.000 0.00 -4.90 0.00  2.00 0.00 300.00 0.0% | 1200.00  -20.00 HI -50.00 -50.00
2026-09-27T09:10:44.105,DEMO,DEMO,DEMO_MODE,24f8f9829bf14f26914a962224c1ad3a,F1 :    400    0 0.10 -14.44 0.54 50.00  40.0  32.0,0.00 0.00 0.00 89.38 0.54 50.00 0.10 -14.44 6 63 6 63 40.0% 32.0% 200.000 0.000 0.00 -4.90 0.00  2.00 0.00 400.00 0.0% | 1200.00  -10.00 HI -50.00 -50.00
2026-09-27T09:10:44.232,DEMO,DEMO,DEMO_MODE,24f8f9829bf14f26914a962224c1ad3a,F1 :    400    0 0.10 -14.44 0.54 50.00  40.0  32.0,0.00 0.00 0.00 89.38 0.54 50.00 0.10 -14.44 6 63 6 63 40.0% 32.0% 200.000 0.000 0.00 -4.90 0.00  2.00 0.00 400.00 0.0% | 1200.00  -10.00 HI -50.00 -50.00
2026-09-27T09:10:44.354,DEMO,DEMO,DEMO_MODE,24f8f9829bf14f26914a962224c1ad3a,F1 :    400    0 0.10 -14.44 0.54 50.00  40.0  32.0,0.00 0.00 0.00 89.38 0.54 50.00 0.10 -14.44 6 63 6 63 40.0% 32.0% 200.000 0.000 0.00 -4.90 0.00  2.00 0.00 400.00 0.0% | 1200.00  -10.00 HI -50.00 -50.00
2026-09-27T09:10:44.481,DEMO,DEMO,DEMO_MODE,24f8f9829bf14f26914a962224c1ad3a,F1 :    400    0 0.10 -14.44 0.54 50.00  40.0  32.0,0.00 0.00 0.00 89.38 0.54 50.00 0.10 -14.44 6 63 6 63 40.0% 32.0% 200.000 0.000 0.00 -4.90 0.00  2.00 0.00 400.00 0.0% | 1200.00  -10.00 HI -50.00 -50.00
2026-09-27T09:10:44.608,DEMO,DEMO,DEMO_MODE,24f8f9829bf14f26914a962224c1ad3a,F1 :    400    0 0.10 -14.44 0.54 50.00  40.0  32.0,0.00 0.00 0.00 89.38 0.54 50.00 0.10 -14.44 6 63 6 63 40.0% 32.0% 200.000 0.000 0.00 -4.90 0.00  2.00 0.00 400.00 0.0% | 1200.00  -10.00 HI -50.00 -50.00
2026-09-27T09:10:44.733,DEMO,DEMO,DEMO_MODE,24f8f9829bf14f26914a962224c1ad3a,F1 :    400    0 0.10 -14.44 0.54 50.00  40.0  32.0,0.00 0.00 0.00 89.38 0.54 50.00 0.10 -14.44 6 63 6 63 40.0% 32.0% 200.000 0.000 0.00 -4.90 0.00  2.00 0.00 400.00 0.0% | 1200.00  -10.00 HI -50.00 -50.00
2026-09-27T09:10:44.854,DEMO,DEMO,DEMO_MODE,24f8f9829bf14f26914a962224c1ad3a,F1 :    400    0 0.10 -14.44 0.54 50.00  40.0  32.0,0.00 0.00 0.00 89.38 0.54 50.00 0.10 -14.44 6 63 6 63 40.0% 32.0% 200.000 0.000 0.00 -4.90 0.00  2.00 0.00 400.00 0.0% | 1200.00  -10.00 HI -50.00 -50.00
2026-09-27T09:10:44.980,DEMO,DEMO,DEMO_MODE,24f8f9829bf14f26914a962224c1ad3a,F1 :    400    0 0.10 -14.44 0.54 50.00  40.0  32.0,0.00 0.00 0.00 89.38 0.54 50.00 0.10 -14.44 6 63 6 63 40.0% 32.0% 200.000 0.000 0.00 -4.90 0.00  2.00 0.00 400.00 0.0% | 1200.00  -10.00 HI -50.00 -50.00
2026-09-27T09:10:45.106,DEMO,DEMO,DEMO_MODE,24f8f9829bf14f26914a962224c1ad3a,F1 :    400    0 0.10 -14.44 0.54 50.00  40.0  32.0,0.00 0.00 0.00 89.38 0.54 50.00 0.10 -14.44 6 63 6 63 40.0% 32.0% 200.000 0.000 0.00 -4.90 0.00  2.00 0.00 400.00 0.0% | 1200.00  -10.00 HI -50.00 -50.00
2026-09-27T09:10:45.231,DEMO,DEMO,DEMO_MODE,24f8f9829bf14f26914a962224c1ad3a,F1 :    400    0 0.10 -14.44 0.54 50.00  40.0  32.0,0.00 0.00 0.00 89.38 0.54 50.00 0.10 -14.44 6 63 6 63 40.0% 32.0% 200.000 0.000 0.00 -4.90 0.00  2.00 0.00 400.00 0.0% | 1200.00  -10.00 HI -50.00 -50.00
2026-09-27T09:10:45.352,DEMO,DEMO,DEMO_MODE,24f8f9829bf14f26914a962224c1ad3a,F1 :    400    0 0.10 -14.44 0.54 50.00  40.0  32.0,0.00 0.00 0.00 89.38 0.54 50.00 0.10 -14.44 6 63 6 63 40.0% 32.0% 200.000 0.000 0.00 -4.90 0.00  2.00 0.00 400.00 0.0% | 1200.00  -10.00 HI -50.00 -50.00
2026-09-27T09:10:45.478,DEMO,DEMO,DEMO_MODE,24f8f9829bf14f26914a962224c1ad3a,F1 :    400    0 0.10 -14.44 0.54 50.00  40.0  32.0,0.00 0.00 0.00 89.38 0.54 50.00 0.10 -14.44 6 63 6 63 40.0% 32.0% 200.000 0.000 0.00 -4.90 0.00  2.00 0.00 400.00 0.0% | 1200.00  -10.00 HI -50.00 -50.00
2026-09-27T09:10:45.598,DEMO,DEMO,DEMO_MODE,24f8f9829bf14f26914a962224c1ad3a,F1 :    400    0 0.10 -14.44 0.54 50.00  40.0  32.0,0.00 0.00 0.00 89.38 0.54 50.00 0.10 -14.44 6 63 6 63 40.0% 32.0% 200.000 0.000 0.00 -4.90 0.00  2.00 0.00 400.00 0.0% | 1200.00  -10.00 HI -50.00 -50.00
2026-09-27T09:10:45.725,DEMO,DEMO,DEMO_MODE,24f8f9829bf14f26914a962224c1ad3a,F1 :    400    0 0.10 -14.44 0.54 50.00  40.0  32.0,0.00 0.00 0.00 89.38 0.54 50.00 0.10 -14.44 6 63 6 63 40.0% 32.0% 200.000 0.000 0.00 -4.90 0.00  2.00 0.00 400.00 0.0% | 1200.00  -10.00 HI -50.00 -50.00
2026-09-27T09:10:45.857,DEMO,DEMO,DEMO_MODE,24f8f9829bf14f26914a962224c1ad3a,F1 :    400    0 0.10 -14.44 0.54 50.00  40.0  32.0,0.00 0.00 0.00 89.38 0.54 50.00 0.10 -14.44 6 63 6 63 40.0% 32.0% 200.000 0.000 0.00 -4.90 0.00  2.00 0.00 400.00 0.0% | 1200.00  -10.00 HI -50.00 -50.00
2026-09-27T09:10:45.983,DEMO,DEMO,DEMO_MODE,24f8f9829bf14f26914a962224c1ad3a,F1 :    400    0 0.10 -14.44 0.54 50.00  40.0  32.0,0.00 0.00 0.00 89.38 0.54 50.00 0.10 -14.44 6 63 6 63 40.0% 32.0% 200.000 0.000 0.00 -4.90 0.00  2.00 0.00 400.00 0.0% | 1200.00  -10.00 HI -50.00 -50.00
2026-09-27T09:10:46.108,DEMO,DEMO,DEMO_MODE,24f8f9829bf14f26914a962224c1ad3a,F1 :    400    0 0.10 -14.44 0.54 50.00  40.0  32.0,0.00 0.00 0.00 89.38 0.54 50.00 0.10 -14.44 6 63 6 63 40.0% 32.0% 200.000 0.000 0.00 -4.90 0.00  2.00 0.00 400.00 0.0% | 1200.00  -10.00 HI -50.00 -50.00
2026-09-27T09:10:46.234,DEMO,DEMO,DEMO_MODE,24f8f9829bf14f26914a962224c1ad3a,F1 :    400    0 0.10 -14.44 0.54 50.00  40.0  32.0,0.00 0.00 0.00 89.38 0.54 50.00 0.10 -14.44 6 63 6 63 40.0% 32.0% 200.000 0.000 0.00 -4.90 0.00  2.00 0.00 400.00 0.0% | 1200.00  -10.00 HI -50.00 -50.00
2026-09-27T09:10:46.354,DEMO,DEMO,DEMO_MODE,24f8f9829bf14f26914a962224c1ad3a,F1 :    400    0 0.10 -14.44 0.54 50.00  40.0  32.0,0.00 0.00 0.00 89.38 0.54 50.00 0.10 -14.44 6 63 6 63 40.0% 32.0% 200.000 0.000 0.00 -4.90 0.00  2.00 0.00 400.00 0.0% | 1200.00  -10.00 HI -50.00 -50.00
2026-09-27T09:10:46.481,DEMO,DEMO,DEMO_MODE,24f8f9829bf14f26914a962224c1ad3a,F1 :    400    0 0.10 -14.44 0.54 50.00  40.0  32.0,0.00 0.00 0.00 89.38 0.54 50.00 0.10 -14.44 6 63 6 63 40.0% 32.0% 200.000 0.000 0.00 -4.90 0.00  2.00 0.00 400.00 0.0% | 1200.00  -10.00 HI -50.00 -50.00
2026-09-27T09:10:46.602,DEMO,DEMO,DEMO_MODE,24f8f9829bf14f26914a962224c1ad3a,F1 :    400    0 0.10 -14.44 0.54 50.00  40.0  32.0,0.00 0.00 0.00 89.38 0.54 50.00 0.10 -14.44 6 63 6 63 40.0% 32.0% 200.000 0.000 0.00 -4.90 0.00  2.00 0.00 400.00 0.0% | 1200.00  -10.00 HI -50.00 -50.00
2026-09-27T09:10:46.729,DEMO,DEMO,DEMO_MODE,24f8f9829bf14f26914a962224c1ad3a,F1 :    400    0 0.10 -14.44 0.54 50.00  40.0  32.0,0.00 0.00 0.00 89.38 0.54 50.00 0.10 -14.44 6 63 6 63 40.0% 32.0% 200.000 0.000 0.00 -4.90 0.00  2.00 0.00 400.00 0.0% | 1200.00  -10.00 HI -50.00 -50.00
2026-09-27T09:10:46.849,DEMO,DEMO,DEMO_MODE,24f8f9829bf14f26914a962224c1ad3a,F1 :    400    0 0.10 -14.44 0.54 50.00  40.0  32.0,0.00 0.00 0.00 89.38 0.54 50.00 0.10 -14.44 6 63 6 63 40.0% 32.0% 200.000 0.000 0.00 -4.90 0.00  2.00 0.00 400.00 0.0% | 1200.00  -10.00 HI -50.00 -50.00
2026-09-27T09:10:46.975,DEMO,DEMO,DEMO_MODE,24f8f9829bf14f26914a962224c1ad3a,F1 :    400    0 0.10 -14.44 0.54 50.00  40.0  32.0,0.00 0.00 0.00 89.38 0.54 50.00 0.10 -14.44 6 63 6 63 40.0% 32.0% 200.000 0.000 0.00 -4.90 0.00  2.00 0.00 400.00 0.0% | 1200.00  -10.00 HI -50.00 -50.00
2026-09-27T09:10:47.096,DEMO,DEMO,DEMO_MODE,24f8f9829bf14f26914a962224c1ad3a,F1 :    400    0 0.10 -14.44 0.54 50.00  40.0  32.0,0.00 0.00 0.00 89.38 0.54 50.00 0.10 -14.44 6 63 6 63 40.0% 32.0% 200.000 0.000 0.00 -4.90 0.00  2.00 0.00 400.00 0.0% | 1200.00  -10.00 HI -50.00 -50.00
2026-09-27T09:10:47.222,DEMO,DEMO,DEMO_MODE,24f8f9829bf14f26914a962224c1ad3a,F1 :    400    0 0.10 -14.44 0.54 50.00  40.0  32.0,0.00 0.00 0.00 89.38 0.54 50.00 0.10 -14.44 6 63 6 63 40.0% 32.0% 200.000 0.000 0.00 -4.90 0.00  2.00 0.00 400.00 0.0% | 1200.00  -10.00 HI -50.00 -50.00
2026-09-27T09:10:47.347,DEMO,DEMO,DEMO_MODE,24f8f9829bf14f26914a962224c1ad3a,F1 :    400    0 0.10 -14.44 0.54 50.00  40.0  32.0,0.00 0.00 0.00 89.38 0.54 50.00 0.10 -14.44 6 63 6 63 40.0% 32.0% 200.000 0.000 0.00 -4.90 0.00  2.00 0.00 400.00 0.0% | 1200.00  -10.00 HI -50.00 -50.00
2026-09-27T09:10:47.474,DEMO,DEMO,DEMO_MODE,24f8f9829bf14f26914a962224c1ad3a,F1 :    400    0 0.10 -14.44 0.54 50.00  40.0  32.0,0.00 0.00 0.00 89.38 0.54 50.00 0.10 -14.44 6 63 6 63 40.0% 32.0% 200.000 0.000 0.00 -4.90 0.00  2.00 0.00 400.00 0.0% | 1200.00  -10.00 HI -50.00 -50.00
2026-09-27T09:10:47.595,DEMO,DEMO,DEMO_MODE,24f8f9829bf14f26914a962224c1ad3a,F1 :    400    0 0.10 -14.44 0.54 50.00  40.0  32.0,0.00 0.00 0.00 89.38 0.54 50.00 0.10 -14.44 6 63 6 63 40.0% 32.0% 200.000 0.000 0.00 -4.90 0.00  2.00 0.00 400.00 0.0% | 1200.00  -10.00 HI -50.00 -50.00
2026-09-27T09:10:47.722,DEMO,DEMO,DEMO_MODE,24f8f9829bf14f26914a962224c1ad3a,F1 :    400    0 0.10 -14.44 0.54 50.00  40.0  32.0,0.00 0.00 0.00 89.38 0.54 50.00 0.10 -14.44 6 63 6 63 40.0% 32.0% 200.000 0.000 0.00 -4.90 0.00  2.00 0.00 400.00 0.0% | 1200.00  -10.00 HI -50.00 -50.00
2026-09-27T09:10:47.842,DEMO,DEMO,DEMO_MODE,24f8f9829bf14f26914a962224c1ad3a,F1 :    400    0 0.10 -14.44 0.54 50.00  40.0  32.0,0.00 0.00 0.00 89.38 0.54 50.00 0.10 -14.44 6 63 6 63 40.0% 32.0% 200.000 0.000 0.00 -4.90 0.00  2.00 0.00 400.00 0.0% | 1200.00  -10.00 HI -50.00 -50.00
2026-09-27T09:10:47.967,DEMO,DEMO,DEMO_MODE,24f8f9829bf14f26914a962224c1ad3a,F1 :    400    0 0.10 -14.44 0.54 50.00  40.0  32.0,0.00 0.00 0.00 89.38 0.54 50.00 0.10 -14.44 6 63 6 63 40.0% 32.0% 200.000 0.000 0.00 -4.90 0.00  2.00 0.00 400.00 0.0% | 1200.00  -10.00 HI -50.00 -50.00
2026-09-27T09:10:48.088,DEMO,DEMO,DEMO_MODE,24f8f9829bf14f26914a962224c1ad3a,F1 :    400    0 0.10 -14.44 0.54 50.00  40.0  32.0,0.00 0.00 0.00 89.38 0.54 50.00 0.10 -14.44 6 63 6 63 40.0% 32.0% 200.000 0.000 0.00 -4.90 0.00  2.00 0.00 400.00 0.0% | 1200.00  -10.00 HI -50.00 -50.00
2026-09-27T09:10:48.215,DEMO,DEMO,DEMO_MODE,24f8f9829bf14f26914a962224c1ad3a,F1 :    400    1 0.10 -14.44 0.54 50.00  40.0  32.0,0.00 0.00 0.00 89.38 0.54 50.00 0.10 -14.44 6 63 6 63 40.0% 32.0% 200.000 0.000 0.00 -4.90 0.00  2.00 0.00 399.00 0.0% | 1200.00  -10.00 HI -50.00 -50.00
2026-09-27T09:10:48.335,DEMO,DEMO,DEMO_MODE,24f8f9829bf14f26914a962224c1ad3a,F1 :    400    1 0.10 -14.44 0.54 50.00  40.0  32.0,0.00 0.00 0.00 89.38 0.54 50.00 0.10 -14.44 6 63 6 63 40.0% 32.0% 200.000 0.000 0.00 -4.90 0.00  2.00 0.00 399.00 0.0% | 1200.00  -10.00 HI -50.00 -50.00
2026-09-27T09:10:48.461,DEMO,DEMO,DEMO_MODE,24f8f9829bf14f26914a962224c1ad3a,F1 :    400    1 0.10 -14.44 0.54 50.00  40.0  32.0,0.00 0.00 0.00 89.38 0.54 50.00 0.10 -14.44 6 63 6 63 40.0% 32.0% 200.000 0.000 0.00 -4.90 0.00  2.00 0.00 399.00 0.0% | 1200.00  -10.00 HI -50.00 -50.00
2026-09-27T09:10:48.582,DEMO,DEMO,DEMO_MODE,24f8f9829bf14f26914a962224c1ad3a,F1 :    400    1 0.10 -14.44 0.54 50.00  40.0  32.0,0.00 0.00 0.00 89.38 0.54 50.00 0.10 -14.44 6 63 6 63 40.0% 32.0% 200.000 0.000 0.00 -4.90 0.00  2.00 0.00 399.00 0.0% | 1200.00  -10.00 HI -50.00 -50.00
2026-09-27T09:10:48.708,DEMO,DEMO,DEMO_MODE,24f8f9829bf14f26914a962224c1ad3a,F1 :    400    1 0.10 -14.44 0.54 50.00  40.0  32.0,0.00 0.00 0.00 89.38 0.54 50.00 0.10 -14.44 6 63 6 63 40.0% 32.0% 200.000 0.000 0.00 -4.90 0.00  2.00 0.00 399.00 0.0% | 1200.00  -10.00 HI -50.00 -50.00
2026-09-27T09:10:48.829,DEMO,DEMO,DEMO_MODE,24f8f9829bf14f26914a962224c1ad3a,F1 :    400    1 0.10 -14.44 0.54 50.00  40.0  32.0,0.00 0.00 0.00 89.38 0.54 50.00 0.10 -14.44 6 63 6 63 40.0% 32.0% 200.000 0.000 0.00 -4.90 0.00  2.00 0.00 399.00 0.0% | 1200.00  -10.00 HI -50.00 -50.00
2026-09-27T09:10:48.954,DEMO,DEMO,DEMO_MODE,24f8f9829bf14f26914a962224c1ad3a,F1 :    400    1 0.10 -14.44 0.54 50.00  40.0  32.0,0.00 0.00 0.00 89.38 0.54 50.00 0.10 -14.44 6 63 6 63 40.0% 32.0% 200.000 0.000 0.00 -4.90 0.00  2.00 0.00 399.00 0.0% | 1200.00  -10.00 HI -50.00 -50.00
2026-09-27T09:10:49.074,DEMO,DEMO,DEMO_MODE,24f8f9829bf14f26914a962224c1ad3a,F1 :    400    1 0.10 -14.44 0.54 50.00  40.0  32.0,0.00 0.00 0.00 89.38 0.54 50.00 0.10 -14.44 6 63 6 63 40.0% 32.0% 200.000 0.000 0.00 -4.90 0.00  2.00 0.00 399.00 0.0% | 1200.00  -10.00 HI -50.00 -50.00
2026-09-27T09:10:49.200,DEMO,DEMO,DEMO_MODE,24f8f9829bf14f26914a962224c1ad3a,F1 :    400    1 0.10 -14.44 0.54 50.00  40.0  32.0,0.00 0.00 0.00 89.38 0.54 50.00 0.10 -14.44 6 63 6 63 40.0% 32.0% 200.000 0.000 0.00 -4.90 0.00  2.00 0.00 399.00 0.0% | 1200.00  -10.00 HI -50.00 -50.00
2026-09-27T09:10:49.320,DEMO,DEMO,DEMO_MODE,24f8f9829bf14f26914a962224c1ad3a,F1 :    400    1 0.10 -14.44 0.54 50.00  40.0  36.0,0.00 0.00 0.00 89.38 0.54 50.00 0.10 -14.44 6 63 6 63 40.0% 36.0% 200.000 0.000 0.00 -4.90 0.00  2.00 0.00 399.00 0.0% | 1200.00  -10.00 HI -50.00 -50.00
2026-09-27T09:10:49.446,DEMO,DEMO,DEMO_MODE,24f8f9829bf14f26914a962224c1ad3a,F1 :    400    1 0.10 -14.44 0.54 50.00  40.0  36.0,0.00 0.00 0.00 89.38 0.54 50.00 0.10 -14.44 6 63 6 63 40.0% 36.0% 200.000 0.000 0.00 -4.90 0.00  2.00 0.00 399.00 0.0% | 1200.00  -10.00 HI -50.00 -50.00
2026-09-27T09:10:49.567,DEMO,DEMO,DEMO_MODE,24f8f9829bf14f26914a962224c1ad3a,F1 :    400    1 0.10 -14.44 0.54 50.00  40.0  36.0,0.00 0.00 0.00 89.38 0.54 50.00 0.10 -14.44 6 63 6 63 40.0% 36.0% 200.000 0.000 0.00 -4.90 0.00  2.00 0.00 399.00 0.0% | 1200.00  -10.00 HI -50.00 -50.00
2026-09-27T09:10:49.693,DEMO,DEMO,DEMO_MODE,24f8f9829bf14f26914a962224c1ad3a,F1 :    400    1 0.10 -14.44 0.54 50.00  40.0  36.0,0.00 0.00 0.00 89.38 0.54 50.00 0.10 -14.44 6 63 6 63 40.0% 36.0% 200.000 0.000 0.00 -4.90 0.00  2.00 0.00 399.00 0.0% | 1200.00  -10.00 HI -50.00 -50.00
2026-09-27T09:10:49.814,DEMO,DEMO,DEMO_MODE,24f8f9829bf14f26914a962224c1ad3a,F1 :    400    1 0.10 -14.44 0.54 50.00  40.0  36.0,0.00 0.00 0.00 89.38 0.54 50.00 0.10 -14.44 6 63 6 63 40.0% 36.0% 200.000 0.000 0.00 -4.90 0.00  2.00 0.00 399.00 0.0% | 1200.00  -10.00 HI -50.00 -50.00
2026-09-27T09:10:49.939,DEMO,DEMO,DEMO_MODE,24f8f9829bf14f26914a962224c1ad3a,F1 :    400    1 0.10 -14.44 0.54 50.00  40.0  36.0,0.00 0.00 0.00 89.38 0.54 50.00 0.10 -14.44 6 63 6 63 40.0% 36.0% 200.000 0.000 0.00 -4.90 0.00  2.00 0.00 399.00 0.0% | 1200.00  -10.00 HI -50.00 -50.00
2026-09-27T09:10:50.060,DEMO,DEMO,DEMO_MODE,24f8f9829bf14f26914a962224c1ad3a,F1 :    400    1 0.10 -14.44 0.54 50.00  40.0  36.0,0.00 0.00 0.00 89.38 0.54 50.00 0.10 -14.44 6 63 6 63 40.0% 36.0% 200.000 0.000 0.00 -4.90 0.00  2.00 0.00 399.00 0.0% | 1200.00  -10.00 HI -50.00 -50.00
2026-09-27T09:10:50.187,DEMO,DEMO,DEMO_MODE,24f8f9829bf14f26914a962224c1ad3a,F1 :    400    1 0.10 -14.44 0.54 50.00  40.0  36.0,0.00 0.00 0.00 89.38 0.54 50.00 0.10 -14.44 6 63 6 63 40.0% 36.0% 200.000 0.000 0.00 -4.90 0.00  2.00 0.00 399.00 0.0% | 1200.00  -10.00 HI -50.00 -50.00
2026-09-27T09:10:50.308,DEMO,DEMO,DEMO_MODE,24f8f9829bf14f26914a962224c1ad3a,F1 :    400    1 0.10 -14.44 0.54 50.00  40.0  36.0,0.00 0.00 0.00 89.38 0.54 50.00 0.10 -14.44 6 63 6 63 40.0% 36.0% 200.000 0.000 0.00 -4.90 0.00  2.00 0.00 399.00 0.0% | 1200.00  -10.00 HI -50.00 -50.00
2026-09-27T09:10:50.433,DEMO,DEMO,DEMO_MODE,24f8f9829bf14f26914a962224c1ad3a,F1 :    400    1 0.10 -14.44 0.54 50.00  40.0  36.0,0.00 0.00 0.00 89.38 0.54 50.00 0.10 -14.44 6 63 6 63 40.0% 36.0% 200.000 0.000 0.00 -4.90 0.00  2.00 0.00 399.00 0.0% | 1200.00  -10.00 HI -50.00 -50.00
2026-09-27T09:10:50.554,DEMO,DEMO,DEMO_MODE,24f8f9829bf14f26914a962224c1ad3a,F1 :    400    1 0.10 -14.44 0.54 50.00  40.0  36.0,0.00 0.00 0.00 89.38 0.54 50.00 0.10 -14.44 6 63 6 63 40.0% 36.0% 200.000 0.000 0.00 -4.90 0.00  2.00 0.00 399.00 0.0% | 1200.00  -10.00 HI -50.00 -50.00
2026-09-27T09:10:50.680,DEMO,DEMO,DEMO_MODE,24f8f9829bf14f26914a962224c1ad3a,F1 :    400    1 0.10 -14.44 0.54 50.00  40.0  36.0,0.00 0.00 0.00 89.38 0.54 50.00 0.10 -14.44 6 63 6 63 40.0% 36.0% 200.000 0.000 0.00 -4.90 0.00  2.00 0.00 399.00 0.0% | 1200.00  -10.00 HI -50.00 -50.00
2026-09-27T09:10:50.801,DEMO,DEMO,DEMO_MODE,24f8f9829bf14f26914a962224c1ad3a,F1 :    400    1 0.10 -14.44 0.54 50.00  40.0  36.0,0.00 0.00 0.00 89.38 0.54 50.00 0.10 -14.44 6 63 6 63 40.0% 36.0% 200.000 0.000 0.00 -4.90 0.00  2.00 0.00 399.00 0.0% | 1200.00  -10.00 HI -50.00 -50.00
2026-09-27T09:10:50.927,DEMO,DEMO,DEMO_MODE,24f8f9829bf14f26914a962224c1ad3a,F1 :    400    1 0.10 -14.44 0.54 50.00  40.0  36.0,0.00 0.00 0.00 89.38 0.54 50.00 0.10 -14.44 6 63 6 63 40.0% 36.0% 200.000 0.000 0.00 -4.90 0.00  2.00 0.00 399.00 0.0% | 1200.00  -10.00 HI -50.00 -50.00
2026-09-27T09:10:51.047,DEMO,DEMO,DEMO_MODE,24f8f9829bf14f26914a962224c1ad3a,F1 :    400    1 0.10 -14.44 0.54 50.00  40.0  36.0,0.00 0.00 0.00 89.38 0.54 50.00 0.10 -14.44 6 63 6 63 40.0% 36.0% 200.000 0.000 0.00 -4.90 0.00  2.00 0.00 399.00 0.0% | 1200.00  -10.00 HI -50.00 -50.00
2026-09-27T09:10:51.174,DEMO,DEMO,DEMO_MODE,24f8f9829bf14f26914a962224c1ad3a,F1 :    400    1 0.10 -14.44 0.54 50.00  40.0  36.0,0.00 0.00 0.00 89.38 0.54 50.00 0.10 -14.44 6 63 6 63 40.0% 36.0% 200.000 0.000 0.00 -4.90 0.00  2.00 0.00 399.00 0.0% | 1200.00  -10.00 HI -50.00 -50.00
2026-09-27T09:10:51.294,DEMO,DEMO,DEMO_MODE,24f8f9829bf14f26914a962224c1ad3a,F1 :    400    1 0.10 -14.44 0.54 50.00  40.0  36.0,0.00 0.00 0.00 89.38 0.54 50.00 0.10 -14.44 6 63 6 63 40.0% 36.0% 200.000 0.000 0.00 -4.90 0.00  2.00 0.00 399.00 0.0% | 1200.00  -10.00 HI -50.00 -50.00
2026-09-27T09:10:51.420,DEMO,DEMO,DEMO_MODE,24f8f9829bf14f26914a962224c1ad3a,F1 :    400    1 0.10 -14.44 0.54 50.00  40.0  36.0,0.00 0.00 0.00 89.38 0.54 50.00 0.10 -14.44 6 63 6 63 40.0% 36.0% 200.000 0.000 0.00 -4.90 0.00  2.00 0.00 399.00 0.0% | 1200.00  -10.00 HI -50.00 -50.00
2026-09-27T09:10:51.541,DEMO,DEMO,DEMO_MODE,24f8f9829bf14f26914a962224c1ad3a,F1 :    400    1 0.10 -14.44 0.54 50.00  40.0  36.0,0.00 0.00 0.00 89.38 0.54 50.00 0.10 -14.44 6 63 6 63 40.0% 36.0% 200.000 0.000 0.00 -4.90 0.00  2.00 0.00 399.00 0.0% | 1200.00  -10.00 HI -50.00 -50.00
2026-09-27T09:10:51.661,DEMO,DEMO,DEMO_MODE,24f8f9829bf14f26914a962224c1ad3a,F1 :    400    1 0.10 -14.44 0.54 50.00  40.0  36.0,0.00 0.00 0.00 89.38 0.54 50.00 0.10 -14.44 6 63 6 63 40.0% 36.0% 200.000 0.000 0.00 -4.90 0.00  2.00 0.00 399.00 0.0% | 1200.00  -10.00 HI -50.00 -50.00
2026-09-27T09:10:51.782,DEMO,DEMO,DEMO_MODE,24f8f9829bf14f26914a962224c1ad3a,F1 :    400    1 0.10 -14.44 0.54 50.00  40.0  36.0,0.00 0.00 0.00 89.38 0.54 50.00 0.10 -14.44 6 63 6 63 40.0% 36.0% 200.000 0.000 0.00 -4.90 0.00  2.00 0.00 399.00 0.0% | 1200.00  -10.00 HI -50.00 -50.00
2026-09-27T09:10:51.903,DEMO,DEMO,DEMO_MODE,24f8f9829bf14f26914a962224c1ad3a,F1 :    400    1 0.10 -14.44 0.54 50.00  40.0  36.0,0.00 0.00 0.00 89.38 0.54 50.00 0.10 -14.44 6 63 6 63 40.0% 36.0% 200.000 0.000 0.00 -4.90 0.00  2.00 0.00 399.00 0.0% | 1200.00  -10.00 HI -50.00 -50.00
2026-09-27T09:10:52.024,DEMO,DEMO,DEMO_MODE,24f8f9829bf14f26914a962224c1ad3a,F1 :    400    1 0.10 -14.44 0.54 50.00  40.0  36.0,0.00 0.00 0.00 89.38 0.54 50.00 0.10 -14.44 6 63 6 63 40.0% 36.0% 200.000 0.000 0.00 -4.90 0.00  2.00 0.00 399.00 0.0% | 1200.00  -10.00 HI -50.00 -50.00
2026-09-27T09:10:52.144,DEMO,DEMO,DEMO_MODE,24f8f9829bf14f26914a962224c1ad3a,F1 :    400    1 0.10 -14.44 0.54 50.00  40.0  36.0,0.00 0.00 0.00 89.38 0.54 50.00 0.10 -14.44 6 63 6 63 40.0% 36.0% 200.000 0.000 0.00 -4.90 0.00  2.00 0.00 399.00 0.0% | 1200.00  -10.00 HI -50.00 -50.00
2026-09-27T09:10:52.265,DEMO,DEMO,DEMO_MODE,24f8f9829bf14f26914a962224c1ad3a,F1 :    400    1 0.10 -14.44 0.54 50.00  40.0  36.0,0.00 0.00 0.00 89.38 0.54 50.00 0.10 -14.44 6 63 6 63 40.0% 36.0% 200.000 0.000 0.00 -4.90 0.00  2.00 0.00 399.00 0.0% | 1200.00  -10.00 HI -50.00 -50.00
2026-09-27T09:10:52.386,DEMO,DEMO,DEMO_MODE,24f8f9829bf14f26914a962224c1ad3a,F1 :    400    1 0.10 -14.44 0.54 50.00  40.0  36.0,0.00 0.00 0.00 89.38 0.54 50.00 0.10 -14.44 6 63 6 63 40.0% 36.0% 200.000 0.000 0.00 -4.90 0.00  2.00 0.00 399.00 0.0% | 1200.00  -10.00 HI -50.00 -50.00
2026-09-27T09:10:52.507,DEMO,DEMO,DEMO_MODE,24f8f9829bf14f26914a962224c1ad3a,F1 :    400    1 0.10 -14.44 0.54 50.00  40.0  36.0,0.00 0.00 0.00 89.38 0.54 50.00 0.10 -14.44 6 63 6 63 40.0% 36.0% 200.000 0.000 0.00 -4.90 0.00  2.00 0.00 399.00 0.0% | 1200.00  -10.00 HI -50.00 -50.00
2026-09-27T09:10:52.627,DEMO,DEMO,DEMO_MODE,24f8f9829bf14f26914a962224c1ad3a,F1 :    400    1 0.10 -14.44 0.54 50.00  40.0  36.0,0.00 0.00 0.00 89.38 0.54 50.00 0.10 -14.44 6 63 6 63 40.0% 36.0% 200.000 0.000 0.00 -4.90 0.00  2.00 0.00 399.00 0.0% | 1200.00  -10.00 HI -50.00 -50.00
2026-09-27T09:10:52.748,DEMO,DEMO,DEMO_MODE,24f8f9829bf14f26914a962224c1ad3a,F1 :    400    1 0.10 -14.44 0.54 50.00  40.0  36.0,0.00 0.00 0.00 89.38 0.54 50.00 0.10 -14.44 6 63 6 63 40.0% 36.0% 200.000 0.000 0.00 -4.90 0.00  2.00 0.00 399.00 0.0% | 1200.00  -10.00 HI -50.00 -50.00
2026-09-27T09:10:52.868,DEMO,DEMO,DEMO_MODE,24f8f9829bf14f26914a962224c1ad3a,F1 :    400    1 0.10 -14.44 0.54 50.00  40.0  36.0,0.00 0.00 0.00 89.38 0.54 50.00 0.10 -14.44 6 63 6 63 40.0% 36.0% 200.000 0.000 0.00 -4.90 0.00  2.00 0.00 399.00 0.0% | 1200.00  -10.00 HI -50.00 -50.00
2026-09-27T09:10:52.988,DEMO,DEMO,DEMO_MODE,24f8f9829bf14f26914a962224c1ad3a,F1 :    400    1 0.10 -14.44 0.54 50.00  40.0  36.0,0.00 0.00 0.00 89.38 0.54 50.00 0.10 -14.44 6 63 6 63 40.0% 36.0% 200.000 0.000 0.00 -4.90 0.00  2.00 0.00 399.00 0.0% | 1200.00  -10.00 HI -50.00 -50.00
2026-09-27T09:10:53.108,DEMO,DEMO,DEMO_MODE,24f8f9829bf14f26914a962224c1ad3a,F1 :    400    1 0.10 -14.44 0.54 50.00  40.0  36.0,0.00 0.00 0.00 89.38 0.54 50.00 0.10 -14.44 6 63 6 63 40.0% 36.0% 200.000 0.000 0.00 -4.90 0.00  2.00 0.00 399.00 0.0% | 1200.00  -10.00 HI -50.00 -50.00
2026-09-27T09:10:53.229,DEMO,DEMO,DEMO_MODE,24f8f9829bf14f26914a962224c1ad3a,F1 :    400    1 0.10 -14.44 0.54 50.00  40.0  36.0,0.00 0.00 0.00 89.38 0.54 50.00 0.10 -14.44 6 63 6 63 40.0% 36.0% 200.000 0.000 0.00 -4.90 0.00  2.00 0.00 399.00 0.0% | 1200.00  -10.00 HI -50.00 -50.00
2026-09-27T09:10:53.349,DEMO,DEMO,DEMO_MODE,24f8f9829bf14f26914a962224c1ad3a,F1 :    400    1 0.10 -14.44 0.54 50.00  40.0  36.0,0.00 0.00 0.00 89.38 0.54 50.00 0.10 -14.44 6 63 6 63 40.0% 36.0% 200.000 0.000 0.00 -4.90 0.00  2.00 0.00 399.00 0.0% | 1200.00  -10.00 HI -50.00 -50.00
2026-09-27T09:10:53.476,DEMO,DEMO,DEMO_MODE,24f8f9829bf14f26914a962224c1ad3a,F1 :    400    1 0.10 -14.44 0.54 50.00  40.0  36.0,0.00 0.00 0.00 89.38 0.54 50.00 0.10 -14.44 6 63 6 63 40.0% 36.0% 200.000 0.000 0.00 -4.90 0.00  2.00 0.00 399.00 0.0% | 1200.00  -10.00 HI -50.00 -50.00
2026-09-27T09:10:53.597,DEMO,DEMO,DEMO_MODE,24f8f9829bf14f26914a962224c1ad3a,F1 :    400    1 0.10 -14.44 0.54 50.00  40.0  36.0,0.00 0.00 0.00 89.38 0.54 50.00 0.10 -14.44 6 63 6 63 40.0% 36.0% 200.000 0.000 0.00 -4.90 0.00  2.00 0.00 399.00 0.0% | 1200.00  -10.00 HI -50.00 -50.00
2026-09-27T09:10:53.723,DEMO,DEMO,DEMO_MODE,24f8f9829bf14f26914a962224c1ad3a,F1 :    400    1 0.10 -14.44 0.54 50.00  40.0  36.0,0.00 0.00 0.00 89.38 0.54 50.00 0.10 -14.44 6 63 6 63 40.0% 36.0% 200.000 0.000 0.00 -4.90 0.00  2.00 0.00 399.00 0.0% | 1200.00  -10.00 HI -50.00 -50.00
2026-09-27T09:10:53.844,DEMO,DEMO,DEMO_MODE,24f8f9829bf14f26914a962224c1ad3a,F1 :    400    1 0.10 -14.44 0.54 50.00  40.0  36.0,0.00 0.00 0.00 89.38 0.54 50.00 0.10 -14.44 6 63 6 63 40.0% 36.0% 200.000 0.000 0.00 -4.90 0.00  2.00 0.00 399.00 0.0% | 1200.00  -10.00 HI -50.00 -50.00
2026-09-27T09:10:53.970,DEMO,DEMO,DEMO_MODE,24f8f9829bf14f26914a962224c1ad3a,F1 :    400    1 0.10 -14.44 0.54 50.00  40.0  36.0,0.00 0.00 0.00 89.38 0.54 50.00 0.10 -14.44 6 63 6 63 40.0% 36.0% 200.000 0.000 0.00 -4.90 0.00  2.00 0.00 399.00 0.0% | 1200.00  -10.00 HI -50.00 -50.00
2026-09-27T09:10:54.091,DEMO,DEMO,DEMO_MODE,24f8f9829bf14f26914a962224c1ad3a,F1 :    400    1 0.10 -14.44 0.54 50.00  40.0  36.0,0.00 0.00 0.00 89.38 0.54 50.00 0.10 -14.44 6 63 6 63 40.0% 36.0% 200.000 0.000 0.00 -4.90 0.00  2.00 0.00 399.00 0.0% | 1200.00  -10.00 HI -50.00 -50.00
2026-09-27T09:10:54.217,DEMO,DEMO,DEMO_MODE,24f8f9829bf14f26914a962224c1ad3a,F1 :    400    1 0.10 -14.44 0.54 50.00  40.0  36.0,0.00 0.00 0.00 89.38 0.54 50.00 0.10 -14.44 6 63 6 63 40.0% 36.0% 200.000 0.000 0.00 -4.90 0.00  2.00 0.00 399.00 0.0% | 1200.00  -10.00 HI -50.00 -50.00
2026-09-27T09:10:54.337,DEMO,DEMO,DEMO_MODE,24f8f9829bf14f26914a962224c1ad3a,F1 :    500    1 0.10 -14.44 0.54 50.00  50.0  40.0,0.00 0.00 0.00 89.38 0.54 50.00 0.10 -14.44 6 63 6 63 50.0% 40.0% 250.000 0.000 0.00 -4.90 0.00  2.00 0.00 499.00 0.0% | 1200.00    0.00 HI -50.00 -50.00
2026-09-27T09:10:54.464,DEMO,DEMO,DEMO_MODE,24f8f9829bf14f26914a962224c1ad3a,F1 :    500    1 0.10 -14.44 0.54 50.00  50.0  40.0,0.00 0.00 0.00 89.38 0.54 50.00 0.10 -14.44 6 63 6 63 50.0% 40.0% 250.000 0.000 0.00 -4.90 0.00  2.00 0.00 499.00 0.0% | 1200.00    0.00 HI -50.00 -50.00
2026-09-27T09:10:54.585,DEMO,DEMO,DEMO_MODE,24f8f9829bf14f26914a962224c1ad3a,F1 :    500    1 0.10 -14.44 0.54 50.00  50.0  40.0,0.00 0.00 0.00 89.38 0.54 50.00 0.10 -14.44 6 63 6 63 50.0% 40.0% 250.000 0.000 0.00 -4.90 0.00  2.00 0.00 499.00 0.0% | 1200.00    0.00 HI -50.00 -50.00
2026-09-27T09:10:54.712,DEMO,DEMO,DEMO_MODE,24f8f9829bf14f26914a962224c1ad3a,F1 :    500    1 0.10 -14.44 0.54 50.00  50.0  40.0,0.00 0.00 0.00 89.38 0.54 50.00 0.10 -14.44 6 63 6 63 50.0% 40.0% 250.000 0.000 0.00 -4.90 0.00  2.00 0.00 499.00 0.0% | 1200.00    0.00 HI -50.00 -50.00
2026-09-27T09:10:54.833,DEMO,DEMO,DEMO_MODE,24f8f9829bf14f26914a962224c1ad3a,F1 :    500    1 0.10 -14.44 0.54 50.00  50.0  40.0,0.00 0.00 0.00 89.38 0.54 50.00 0.10 -14.44 6 63 6 63 50.0% 40.0% 250.000 0.000 0.00 -4.90 0.00  2.00 0.00 499.00 0.0% | 1200.00    0.00 HI -50.00 -50.00
2026-09-27T09:10:54.958,DEMO,DEMO,DEMO_MODE,24f8f9829bf14f26914a962224c1ad3a,F1 :    500    1 0.10 -14.44 0.54 50.00  50.0  40.0,0.00 0.00 0.00 89.38 0.54 50.00 0.10 -14.44 6 63 6 63 50.0% 40.0% 250.000 0.000 0.00 -4.90 0.00  2.00 0.00 499.00 0.0% | 1200.00    0.00 HI -50.00 -50.00
2026-09-27T09:10:55.079,DEMO,DEMO,DEMO_MODE,24f8f9829bf14f26914a962224c1ad3a,F1 :    500    1 0.10 -14.44 0.54 50.00  50.0  40.0,0.00 0.00 0.00 89.38 0.54 50.00 0.10 -14.44 6 63 6 63 50.0% 40.0% 250.000 0.000 0.00 -4.90 0.00  2.00 0.00 499.00 0.0% | 1200.00    0.00 HI -50.00 -50.00
2026-09-27T09:10:55.204,DEMO,DEMO,DEMO_MODE,24f8f9829bf14f26914a962224c1ad3a,F1 :    500    1 0.10 -14.44 0.54 50.00  50.0  40.0,0.00 0.00 0.00 89.38 0.54 50.00 0.10 -14.44 6 63 6 63 50.0% 40.0% 250.000 0.000 0.00 -4.90 0.00  2.00 0.00 499.00 0.0% | 1200.00    0.00 HI -50.00 -50.00
2026-09-27T09:10:55.325,DEMO,DEMO,DEMO_MODE,24f8f9829bf14f26914a962224c1ad3a,F1 :    500    1 0.10 -14.44 0.54 50.00  50.0  40.0,0.00 0.00 0.00 89.38 0.54 50.00 0.10 -14.44 6 63 6 63 50.0% 40.0% 250.000 0.000 0.00 -4.90 0.00  2.00 0.00 499.00 0.0% | 1200.00    0.00 HI -50.00 -50.00
2026-09-27T09:10:55.451,DEMO,DEMO,DEMO_MODE,24f8f9829bf14f26914a962224c1ad3a,F1 :    500    1 0.10 -14.44 0.54 50.00  50.0  40.0,0.00 0.00 0.00 89.38 0.54 50.00 0.10 -14.44 6 63 6 63 50.0% 40.0% 250.000 0.000 0.00 -4.90 0.00  2.00 0.00 499.00 0.0% | 1200.00    0.00 HI -50.00 -50.00
2026-09-27T09:10:55.572,DEMO,DEMO,DEMO_MODE,24f8f9829bf14f26914a962224c1ad3a,F1 :    500    1 0.10 -14.44 0.54 50.00  50.0  40.0,0.00 0.00 0.00 89.38 0.54 50.00 0.10 -14.44 6 63 6 63 50.0% 40.0% 250.000 0.000 0.00 -4.90 0.00  2.00 0.00 499.00 0.0% | 1200.00    0.00 HI -50.00 -50.00
2026-09-27T09:10:55.699,DEMO,DEMO,DEMO_MODE,24f8f9829bf14f26914a962224c1ad3a,F1 :    500    1 0.10 -14.44 0.54 50.00  50.0  40.0,0.00 0.00 0.00 89.38 0.54 50.00 0.10 -14.44 6 63 6 63 50.0% 40.0% 250.000 0.000 0.00 -4.90 0.00  2.00 0.00 499.00 0.0% | 1200.00    0.00 HI -50.00 -50.00
2026-09-27T09:10:55.824,DEMO,DEMO,DEMO_MODE,24f8f9829bf14f26914a962224c1ad3a,F1 :    500    1 0.10 -14.44 0.54 50.00  50.0  40.0,0.00 0.00 0.00 89.38 0.54 50.00 0.10 -14.44 6 63 6 63 50.0% 40.0% 250.000 0.000 0.00 -4.90 0.00  2.00 0.00 499.00 0.0% | 1200.00    0.00 HI -50.00 -50.00
2026-09-27T09:10:55.950,DEMO,DEMO,DEMO_MODE,24f8f9829bf14f26914a962224c1ad3a,F1 :    500    1 0.10 -14.44 0.54 50.00  50.0  40.0,0.00 0.00 0.00 89.38 0.54 50.00 0.10 -14.44 6 63 6 63 50.0% 40.0% 250.000 0.000 0.00 -4.90 0.00  2.00 0.00 499.00 0.0% | 1200.00    0.00 HI -50.00 -50.00
2026-09-27T09:10:56.071,DEMO,DEMO,DEMO_MODE,24f8f9829bf14f26914a962224c1ad3a,F1 :    500    1 0.10 -14.44 0.54 50.00  50.0  40.0,0.00 0.00 0.00 89.38 0.54 50.00 0.10 -14.44 6 63 6 63 50.0% 40.0% 250.000 0.000 0.00 -4.90 0.00  2.00 0.00 499.00 0.0% | 1200.00    0.00 HI -50.00 -50.00
2026-09-27T09:10:56.197,DEMO,DEMO,DEMO_MODE,24f8f9829bf14f26914a962224c1ad3a,F1 :    500    1 0.10 -14.44 0.54 50.00  50.0  40.0,0.00 0.00 0.00 89.38 0.54 50.00 0.10 -14.44 6 63 6 63 50.0% 40.0% 250.000 0.000 0.00 -4.90 0.00  2.00 0.00 499.00 0.0% | 1200.00    0.00 HI -50.00 -50.00
2026-09-27T09:10:56.317,DEMO,DEMO,DEMO_MODE,24f8f9829bf14f26914a962224c1ad3a,F1 :    500    1 0.10 -14.44 0.54 50.00  50.0  40.0,0.00 0.00 0.00 89.38 0.54 50.00 0.10 -14.44 6 63 6 63 50.0% 40.0% 250.000 0.000 0.00 -4.90 0.00  2.00 0.00 499.00 0.0% | 1200.00    0.00 HI -50.00 -50.00
2026-09-27T09:10:56.443,DEMO,DEMO,DEMO_MODE,24f8f9829bf14f26914a962224c1ad3a,F1 :    500    1 0.10 -14.44 0.54 50.00  50.0  40.0,0.00 0.00 0.00 89.38 0.54 50.00 0.10 -14.44 6 63 6 63 50.0% 40.0% 250.000 0.000 0.00 -4.90 0.00  2.00 0.00 499.00 0.0% | 1200.00    0.00 HI -50.00 -50.00
2026-09-27T09:10:56.564,DEMO,DEMO,DEMO_MODE,24f8f9829bf14f26914a962224c1ad3a,F1 :    500    1 0.10 -14.44 0.54 50.00  50.0  40.0,0.00 0.00 0.00 89.38 0.54 50.00 0.10 -14.44 6 63 6 63 50.0% 40.0% 250.000 0.000 0.00 -4.90 0.00  2.00 0.00 499.00 0.0% | 1200.00    0.00 HI -50.00 -50.00
2026-09-27T09:10:56.690,DEMO,DEMO,DEMO_MODE,24f8f9829bf14f26914a962224c1ad3a,F1 :    500    1 0.10 -14.44 0.54 50.00  50.0  40.0,0.00 0.00 0.00 89.38 0.54 50.00 0.10 -14.44 6 63 6 63 50.0% 40.0% 250.000 0.000 0.00 -4.90 0.00  2.00 0.00 499.00 0.0% | 1200.00    0.00 HI -50.00 -50.00
2026-09-27T09:10:56.810,DEMO,DEMO,DEMO_MODE,24f8f9829bf14f26914a962224c1ad3a,F1 :    500    1 0.10 -14.44 0.54 50.00  50.0  40.0,0.00 0.00 0.00 89.38 0.54 50.00 0.10 -14.44 6 63 6 63 50.0% 40.0% 250.000 0.000 0.00 -4.90 0.00  2.00 0.00 499.00 0.0% | 1200.00    0.00 HI -50.00 -50.00
2026-09-27T09:10:56.937,DEMO,DEMO,DEMO_MODE,24f8f9829bf14f26914a962224c1ad3a,F1 :    500    1 0.10 -14.44 0.54 50.00  50.0  40.0,0.00 0.00 0.00 89.38 0.54 50.00 0.10 -14.44 6 63 6 63 50.0% 40.0% 250.000 0.000 0.00 -4.90 0.00  2.00 0.00 499.00 0.0% | 1200.00    0.00 HI -50.00 -50.00
2026-09-27T09:10:57.057,DEMO,DEMO,DEMO_MODE,24f8f9829bf14f26914a962224c1ad3a,F1 :    500    1 0.10 -14.44 0.54 50.00  50.0  40.0,0.00 0.00 0.00 89.38 0.54 50.00 0.10 -14.44 6 63 6 63 50.0% 40.0% 250.000 0.000 0.00 -4.90 0.00  2.00 0.00 499.00 0.0% | 1200.00    0.00 HI -50.00 -50.00
2026-09-27T09:10:57.184,DEMO,DEMO,DEMO_MODE,24f8f9829bf14f26914a962224c1ad3a,F1 :    500    1 0.10 -14.44 0.54 50.00  50.0  40.0,0.00 0.00 0.00 89.38 0.54 50.00 0.10 -14.44 6 63 6 63 50.0% 40.0% 250.000 0.000 0.00 -4.90 0.00  2.00 0.00 499.00 0.0% | 1200.00    0.00 HI -50.00 -50.00
2026-09-27T09:10:57.305,DEMO,DEMO,DEMO_MODE,24f8f9829bf14f26914a962224c1ad3a,F1 :    500    1 0.10 -14.44 0.54 50.00  50.0  40.0,0.00 0.00 0.00 89.38 0.54 50.00 0.10 -14.44 6 63 6 63 50.0% 40.0% 250.000 0.000 0.00 -4.90 0.00  2.00 0.00 499.00 0.0% | 1200.00    0.00 HI -50.00 -50.00
2026-09-27T09:10:57.431,DEMO,DEMO,DEMO_MODE,24f8f9829bf14f26914a962224c1ad3a,F1 :    500    2 0.10 -14.44 0.54 50.00  50.0  40.0,0.00 0.00 0.00 89.38 0.54 50.00 0.10 -14.44 6 63 6 63 50.0% 40.0% 250.000 0.000 0.00 -4.90 0.00  1.99 0.00 498.00 0.0% | 1200.00    0.00 HI -50.00 -50.00
2026-09-27T09:10:57.552,DEMO,DEMO,DEMO_MODE,24f8f9829bf14f26914a962224c1ad3a,F1 :    500    2 0.10 -14.44 0.54 50.00  50.0  40.0,0.00 0.00 0.00 89.38 0.54 50.00 0.10 -14.44 6 63 6 63 50.0% 40.0% 250.000 0.000 0.00 -4.90 0.00  1.99 0.00 498.00 0.0% | 1200.00    0.00 HI -50.00 -50.00
2026-09-27T09:10:57.677,DEMO,DEMO,DEMO_MODE,24f8f9829bf14f26914a962224c1ad3a,F1 :    500    2 0.10 -14.44 0.54 50.00  50.0  40.0,0.00 0.00 0.00 89.38 0.54 50.00 0.10 -14.44 6 63 6 63 50.0% 40.0% 250.000 0.000 0.00 -4.90 0.00  1.99 0.00 498.00 0.0% | 1200.00    0.00 HI -50.00 -50.00
2026-09-27T09:10:57.798,DEMO,DEMO,DEMO_MODE,24f8f9829bf14f26914a962224c1ad3a,F1 :    500    2 0.10 -14.44 0.54 50.00  50.0  40.0,0.00 0.00 0.00 89.38 0.54 50.00 0.10 -14.44 6 63 6 63 50.0% 40.0% 250.000 0.000 0.00 -4.90 0.00  1.99 0.00 498.00 0.0% | 1200.00    0.00 HI -50.00 -50.00
2026-09-27T09:10:57.924,DEMO,DEMO,DEMO_MODE,24f8f9829bf14f26914a962224c1ad3a,F1 :    500    2 0.10 -14.44 0.54 50.00  50.0  40.0,0.00 0.00 0.00 89.38 0.54 50.00 0.10 -14.44 6 63 6 63 50.0% 40.0% 250.000 0.000 0.00 -4.90 0.00  1.99 0.00 498.00 0.0% | 1200.00    0.00 HI -50.00 -50.00
2026-09-27T09:10:58.044,DEMO,DEMO,DEMO_MODE,24f8f9829bf14f26914a962224c1ad3a,F1 :    500    2 0.10 -14.44 0.54 50.00  50.0  40.0,0.00 0.00 0.00 89.38 0.54 50.00 0.10 -14.44 6 63 6 63 50.0% 40.0% 250.000 0.000 0.00 -4.90 0.00  1.99 0.00 498.00 0.0% | 1200.00    0.00 HI -50.00 -50.00
2026-09-27T09:10:58.170,DEMO,DEMO,DEMO_MODE,24f8f9829bf14f26914a962224c1ad3a,F1 :    500    2 0.10 -14.44 0.54 50.00  50.0  40.0,0.00 0.00 0.00 89.38 0.54 50.00 0.10 -14.44 6 63 6 63 50.0% 40.0% 250.000 0.000 0.00 -4.90 0.00  1.99 0.00 498.00 0.0% | 1200.00    0.00 HI -50.00 -50.00
2026-09-27T09:10:58.292,DEMO,DEMO,DEMO_MODE,24f8f9829bf14f26914a962224c1ad3a,F1 :    500    2 0.10 -14.44 0.54 50.00  50.0  40.0,0.00 0.00 0.00 89.38 0.54 50.00 0.10 -14.44 6 63 6 63 50.0% 40.0% 250.000 0.000 0.00 -4.90 0.00  1.99 0.00 498.00 0.0% | 1200.00    0.00 HI -50.00 -50.00
2026-09-27T09:10:58.412,DEMO,DEMO,DEMO_MODE,24f8f9829bf14f26914a962224c1ad3a,F1 :    500    2 0.10 -14.44 0.54 50.00  50.0  40.0,0.00 0.00 0.00 89.38 0.54 50.00 0.10 -14.44 6 63 6 63 50.0% 40.0% 250.000 0.000 0.00 -4.90 0.00  1.99 0.00 498.00 0.0% | 1200.00    0.00 HI -50.00 -50.00
2026-09-27T09:10:58.533,DEMO,DEMO,DEMO_MODE,24f8f9829bf14f26914a962224c1ad3a,F1 :    500    2 0.10 -14.44 0.54 50.00  50.0  40.0,0.00 0.00 0.00 89.38 0.54 50.00 0.10 -14.44 6 63 6 63 50.0% 40.0% 250.000 0.000 0.00 -4.90 0.00  1.99 0.00 498.00 0.0% | 1200.00    0.00 HI -50.00 -50.00
2026-09-27T09:10:58.653,DEMO,DEMO,DEMO_MODE,24f8f9829bf14f26914a962224c1ad3a,F1 :    500    2 0.10 -14.44 0.54 50.00  50.0  40.0,0.00 0.00 0.00 89.38 0.54 50.00 0.10 -14.44 6 63 6 63 50.0% 40.0% 250.000 0.000 0.00 -4.90 0.00  1.99 0.00 498.00 0.0% | 1200.00    0.00 HI -50.00 -50.00
2026-09-27T09:10:58.774,DEMO,DEMO,DEMO_MODE,24f8f9829bf14f26914a962224c1ad3a,F1 :    500    2 0.10 -14.44 0.54 50.00  50.0  40.0,0.00 0.00 0.00 89.38 0.54 50.00 0.10 -14.44 6 63 6 63 50.0% 40.0% 250.000 0.000 0.00 -4.90 0.00  1.99 0.00 498.00 0.0% | 1200.00    0.00 HI -50.00 -50.00
2026-09-27T09:10:58.894,DEMO,DEMO,DEMO_MODE,24f8f9829bf14f26914a962224c1ad3a,F1 :    500    2 0.10 -14.44 0.54 50.00  50.0  40.0,0.00 0.00 0.00 89.38 0.54 50.00 0.10 -14.44 6 63 6 63 50.0% 40.0% 250.000 0.000 0.00 -4.90 0.00  1.99 0.00 498.00 0.0% | 1200.00    0.00 HI -50.00 -50.00
2026-09-27T09:10:59.015,DEMO,DEMO,DEMO_MODE,24f8f9829bf14f26914a962224c1ad3a,F1 :    500    2 0.10 -14.44 0.54 50.00  50.0  40.0,0.00 0.00 0.00 89.38 0.54 50.00 0.10 -14.44 6 63 6 63 50.0% 40.0% 250.000 0.000 0.00 -4.90 0.00  1.99 0.00 498.00 0.0% | 1200.00    0.00 HI -50.00 -50.00
2026-09-27T09:10:59.135,DEMO,DEMO,DEMO_MODE,24f8f9829bf14f26914a962224c1ad3a,F1 :    500    2 0.10 -14.44 0.54 50.00  50.0  40.0,0.00 0.00 0.00 89.38 0.54 50.00 0.10 -14.44 6 63 6 63 50.0% 40.0% 250.000 0.000 0.00 -4.90 0.00  1.99 0.00 498.00 0.0% | 1200.00    0.00 HI -50.00 -50.00
2026-09-27T09:10:59.256,DEMO,DEMO,DEMO_MODE,24f8f9829bf14f26914a962224c1ad3a,F1 :    500    2 0.10 -14.44 0.54 50.00  50.0  40.0,0.00 0.00 0.00 89.38 0.54 50.00 0.10 -14.44 6 63 6 63 50.0% 40.0% 250.000 0.000 0.00 -4.90 0.00  1.99 0.00 498.00 0.0% | 1200.00    0.00 HI -50.00 -50.00
2026-09-27T09:10:59.376,DEMO,DEMO,DEMO_MODE,24f8f9829bf14f26914a962224c1ad3a,F1 :    500    2 0.10 -14.44 0.54 50.00  50.0  40.0,0.00 0.00 0.00 89.38 0.54 50.00 0.10 -14.44 6 63 6 63 50.0% 40.0% 250.000 0.000 0.00 -4.90 0.00  1.99 0.00 498.00 0.0% | 1200.00    0.00 HI -50.00 -50.00
2026-09-27T09:10:59.497,DEMO,DEMO,DEMO_MODE,24f8f9829bf14f26914a962224c1ad3a,F1 :    500    2 0.10 -14.44 0.54 50.00  50.0  44.0,0.00 0.00 0.00 89.38 0.54 50.00 0.10 -14.44 6 63 6 63 50.0% 44.0% 250.000 0.000 0.00 -4.90 0.00  1.99 0.00 498.00 0.0% | 1200.00    0.00 HI -50.00 -50.00
2026-09-27T09:10:59.618,DEMO,DEMO,DEMO_MODE,24f8f9829bf14f26914a962224c1ad3a,F1 :    500    2 0.10 -14.44 0.54 50.00  50.0  44.0,0.00 0.00 0.00 89.38 0.54 50.00 0.10 -14.44 6 63 6 63 50.0% 44.0% 250.000 0.000 0.00 -4.90 0.00  1.99 0.00 498.00 0.0% | 1200.00    0.00 HI -50.00 -50.00
2026-09-27T09:10:59.740,DEMO,DEMO,DEMO_MODE,24f8f9829bf14f26914a962224c1ad3a,F1 :    500    2 0.10 -14.44 0.54 50.00  50.0  44.0,0.00 0.00 0.00 89.38 0.54 50.00 0.10 -14.44 6 63 6 63 50.0% 44.0% 250.000 0.000 0.00 -4.90 0.00  1.99 0.00 498.00 0.0% | 1200.00    0.00 HI -50.00 -50.00
2026-09-27T09:10:59.860,DEMO,DEMO,DEMO_MODE,24f8f9829bf14f26914a962224c1ad3a,F1 :    500    2 0.10 -14.44 0.54 50.00  50.0  44.0,0.00 0.00 0.00 89.38 0.54 50.00 0.10 -14.44 6 63 6 63 50.0% 44.0% 250.000 0.000 0.00 -4.90 0.00  1.99 0.00 498.00 0.0% | 1200.00    0.00 HI -50.00 -50.00
2026-09-27T09:10:59.984,DEMO,DEMO,DEMO_MODE,24f8f9829bf14f26914a962224c1ad3a,F1 :    500    2 0.10 -14.44 0.54 50.00  50.0  44.0,0.00 0.00 0.00 89.38 0.54 50.00 0.10 -14.44 6 63 6 63 50.0% 44.0% 250.000 0.000 0.00 -4.90 0.00  1.99 0.00 498.00 0.0% | 1200.00    0.00 HI -50.00 -50.00
2026-09-27T09:11:00.105,DEMO,DEMO,DEMO_MODE,24f8f9829bf14f26914a962224c1ad3a,F1 :    500    2 0.10 -14.44 0.54 50.00  50.0  44.0,0.00 0.00 0.00 89.38 0.54 50.00 0.10 -14.44 6 63 6 63 50.0% 44.0% 250.000 0.000 0.00 -4.90 0.00  1.99 0.00 498.00 0.0% | 1200.00    0.00 HI -50.00 -50.00
2026-09-27T09:11:00.231,DEMO,DEMO,DEMO_MODE,24f8f9829bf14f26914a962224c1ad3a,F1 :    500    2 0.10 -14.44 0.54 50.00  50.0  44.0,0.00 0.00 0.00 89.38 0.54 50.00 0.10 -14.44 6 63 6 63 50.0% 44.0% 250.000 0.000 0.00 -4.90 0.00  1.99 0.00 498.00 0.0% | 1200.00    0.00 HI -50.00 -50.00
2026-09-27T09:11:00.351,DEMO,DEMO,DEMO_MODE,24f8f9829bf14f26914a962224c1ad3a,F1 :    500    2 0.10 -14.44 0.54 50.00  50.0  44.0,0.00 0.00 0.00 89.38 0.54 50.00 0.10 -14.44 6 63 6 63 50.0% 44.0% 250.000 0.000 0.00 -4.90 0.00  1.99 0.00 498.00 0.0% | 1200.00    0.00 HI -50.00 -50.00
2026-09-27T09:11:00.477,DEMO,DEMO,DEMO_MODE,24f8f9829bf14f26914a962224c1ad3a,F1 :    500    2 0.10 -14.44 0.54 50.00  50.0  44.0,0.00 0.00 0.00 89.38 0.54 50.00 0.10 -14.44 6 63 6 63 50.0% 44.0% 250.000 0.000 0.00 -4.90 0.00  1.99 0.00 498.00 0.0% | 1200.00    0.00 HI -50.00 -50.00
2026-09-27T09:11:00.597,DEMO,DEMO,DEMO_MODE,24f8f9829bf14f26914a962224c1ad3a,F1 :    500    2 0.10 -14.44 0.54 50.00  50.0  44.0,0.00 0.00 0.00 89.38 0.54 50.00 0.10 -14.44 6 63 6 63 50.0% 44.0% 250.000 0.000 0.00 -4.90 0.00  1.99 0.00 498.00 0.0% | 1200.00    0.00 HI -50.00 -50.00
2026-09-27T09:11:00.723,DEMO,DEMO,DEMO_MODE,24f8f9829bf14f26914a962224c1ad3a,F1 :    500    2 0.10 -14.44 0.54 50.00  50.0  44.0,0.00 0.00 0.00 89.38 0.54 50.00 0.10 -14.44 6 63 6 63 50.0% 44.0% 250.000 0.000 0.00 -4.90 0.00  1.99 0.00 498.00 0.0% | 1200.00    0.00 HI -50.00 -50.00
2026-09-27T09:11:00.844,DEMO,DEMO,DEMO_MODE,24f8f9829bf14f26914a962224c1ad3a,F1 :    500    2 0.10 -14.44 0.54 50.00  50.0  44.0,0.00 0.00 0.00 89.38 0.54 50.00 0.10 -14.44 6 63 6 63 50.0% 44.0% 250.000 0.000 0.00 -4.90 0.00  1.99 0.00 498.00 0.0% | 1200.00    0.00 HI -50.00 -50.00
2026-09-27T09:11:00.969,DEMO,DEMO,DEMO_MODE,24f8f9829bf14f26914a962224c1ad3a,F1 :    500    2 0.10 -14.44 0.54 50.00  50.0  44.0,0.00 0.00 0.00 89.38 0.54 50.00 0.10 -14.44 6 63 6 63 50.0% 44.0% 250.000 0.000 0.00 -4.90 0.00  1.99 0.00 498.00 0.0% | 1200.00    0.00 HI -50.00 -50.00
2026-09-27T09:11:01.090,DEMO,DEMO,DEMO_MODE,24f8f9829bf14f26914a962224c1ad3a,F1 :    500    2 0.10 -14.44 0.54 50.00  50.0  44.0,0.00 0.00 0.00 89.38 0.54 50.00 0.10 -14.44 6 63 6 63 50.0% 44.0% 250.000 0.000 0.00 -4.90 0.00  1.99 0.00 498.00 0.0% | 1200.00    0.00 HI -50.00 -50.00
2026-09-27T09:11:01.216,DEMO,DEMO,DEMO_MODE,24f8f9829bf14f26914a962224c1ad3a,F1 :    500    2 0.10 -14.44 0.54 50.00  50.0  44.0,0.00 0.00 0.00 89.38 0.54 50.00 0.10 -14.44 6 63 6 63 50.0% 44.0% 250.000 0.000 0.00 -4.90 0.00  1.99 0.00 498.00 0.0% | 1200.00    0.00 HI -50.00 -50.00
2026-09-27T09:11:01.347,DEMO,DEMO,DEMO_MODE,24f8f9829bf14f26914a962224c1ad3a,F1 :    500    2 0.10 -14.44 0.54 50.00  50.0  44.0,0.00 0.00 0.00 89.38 0.54 50.00 0.10 -14.44 6 63 6 63 50.0% 44.0% 250.000 0.000 0.00 -4.90 0.00  1.99 0.00 498.00 0.0% | 1200.00    0.00 HI -50.00 -50.00
2026-09-27T09:11:01.474,DEMO,DEMO,DEMO_MODE,24f8f9829bf14f26914a962224c1ad3a,F1 :    500    2 0.10 -14.44 0.54 50.00  50.0  44.0,0.00 0.00 0.00 89.38 0.54 50.00 0.10 -14.44 6 63 6 63 50.0% 44.0% 250.000 0.000 0.00 -4.90 0.00  1.99 0.00 498.00 0.0% | 1200.00    0.00 HI -50.00 -50.00
2026-09-27T09:11:01.594,DEMO,DEMO,DEMO_MODE,24f8f9829bf14f26914a962224c1ad3a,F1 :    500    2 0.10 -14.44 0.54 50.00  50.0  44.0,0.00 0.00 0.00 89.38 0.54 50.00 0.10 -14.44 6 63 6 63 50.0% 44.0% 250.000 0.000 0.00 -4.90 0.00  1.99 0.00 498.00 0.0% | 1200.00    0.00 HI -50.00 -50.00
2026-09-27T09:11:01.720,DEMO,DEMO,DEMO_MODE,24f8f9829bf14f26914a962224c1ad3a,F1 :    500    2 0.10 -14.44 0.54 50.00  50.0  44.0,0.00 0.00 0.00 89.38 0.54 50.00 0.10 -14.44 6 63 6 63 50.0% 44.0% 250.000 0.000 0.00 -4.90 0.00  1.99 0.00 498.00 0.0% | 1200.00    0.00 HI -50.00 -50.00
2026-09-27T09:11:01.840,DEMO,DEMO,DEMO_MODE,24f8f9829bf14f26914a962224c1ad3a,F1 :    500    2 0.10 -14.44 0.54 50.00  50.0  44.0,0.00 0.00 0.00 89.38 0.54 50.00 0.10 -14.44 6 63 6 63 50.0% 44.0% 250.000 0.000 0.00 -4.90 0.00  1.99 0.00 498.00 0.0% | 1200.00    0.00 HI -50.00 -50.00
2026-09-27T09:11:01.966,DEMO,DEMO,DEMO_MODE,24f8f9829bf14f26914a962224c1ad3a,F1 :    500    2 0.10 -14.44 0.54 50.00  50.0  44.0,0.00 0.00 0.00 89.38 0.54 50.00 0.10 -14.44 6 63 6 63 50.0% 44.0% 250.000 0.000 0.00 -4.90 0.00  1.99 0.00 498.00 0.0% | 1200.00    0.00 HI -50.00 -50.00
2026-09-27T09:11:02.098,DEMO,DEMO,DEMO_MODE,24f8f9829bf14f26914a962224c1ad3a,F1 :    500    2 0.10 -14.44 0.54 50.00  50.0  44.0,0.00 0.00 0.00 89.38 0.54 50.00 0.10 -14.44 6 63 6 63 50.0% 44.0% 250.000 0.000 0.00 -4.90 0.00  1.99 0.00 498.00 0.0% | 1200.00    0.00 HI -50.00 -50.00
2026-09-27T09:11:02.224,DEMO,DEMO,DEMO_MODE,24f8f9829bf14f26914a962224c1ad3a,F1 :    500    2 0.10 -14.44 0.54 50.00  50.0  44.0,0.00 0.00 0.00 89.38 0.54 50.00 0.10 -14.44 6 63 6 63 50.0% 44.0% 250.000 0.000 0.00 -4.90 0.00  1.99 0.00 498.00 0.0% | 1200.00    0.00 HI -50.00 -50.00
2026-09-27T09:11:02.344,DEMO,DEMO,DEMO_MODE,24f8f9829bf14f26914a962224c1ad3a,F1 :    500    2 0.10 -14.44 0.54 50.00  50.0  44.0,0.00 0.00 0.00 89.38 0.54 50.00 0.10 -14.44 6 63 6 63 50.0% 44.0% 250.000 0.000 0.00 -4.90 0.00  1.99 0.00 498.00 0.0% | 1200.00    0.00 HI -50.00 -50.00
2026-09-27T09:11:02.471,DEMO,DEMO,DEMO_MODE,24f8f9829bf14f26914a962224c1ad3a,F1 :    500    2 0.10 -14.44 0.54 50.00  50.0  44.0,0.00 0.00 0.00 89.38 0.54 50.00 0.10 -14.44 6 63 6 63 50.0% 44.0% 250.000 0.000 0.00 -4.90 0.00  1.99 0.00 498.00 0.0% | 1200.00    0.00 HI -50.00 -50.00
2026-09-27T09:11:02.592,DEMO,DEMO,DEMO_MODE,24f8f9829bf14f26914a962224c1ad3a,F1 :    500    2 0.10 -14.44 0.54 50.00  50.0  44.0,0.00 0.00 0.00 89.38 0.54 50.00 0.10 -14.44 6 63 6 63 50.0% 44.0% 250.000 0.000 0.00 -4.90 0.00  1.99 0.00 498.00 0.0% | 1200.00    0.00 HI -50.00 -50.00
2026-09-27T09:11:02.719,DEMO,DEMO,DEMO_MODE,24f8f9829bf14f26914a962224c1ad3a,F1 :    500    2 0.10 -14.44 0.54 50.00  50.0  44.0,0.00 0.00 0.00 89.38 0.54 50.00 0.10 -14.44 6 63 6 63 50.0% 44.0% 250.000 0.000 0.00 -4.90 0.00  1.99 0.00 498.00 0.0% | 1200.00    0.00 HI -50.00 -50.00
2026-09-27T09:11:02.839,DEMO,DEMO,DEMO_MODE,24f8f9829bf14f26914a962224c1ad3a,F1 :    500    2 0.10 -14.44 0.54 50.00  50.0  44.0,0.00 0.00 0.00 89.38 0.54 50.00 0.10 -14.44 6 63 6 63 50.0% 44.0% 250.000 0.000 0.00 -4.90 0.00  1.99 0.00 498.00 0.0% | 1200.00    0.00 HI -50.00 -50.00
2026-09-27T09:11:02.966,DEMO,DEMO,DEMO_MODE,24f8f9829bf14f26914a962224c1ad3a,F1 :    500    2 0.10 -14.44 0.54 50.00  50.0  44.0,0.00 0.00 0.00 89.38 0.54 50.00 0.10 -14.44 6 63 6 63 50.0% 44.0% 250.000 0.000 0.00 -4.90 0.00  1.99 0.00 498.00 0.0% | 1200.00    0.00 HI -50.00 -50.00
2026-09-27T09:11:03.088,DEMO,DEMO,DEMO_MODE,24f8f9829bf14f26914a962224c1ad3a,F1 :    500    2 0.10 -14.44 0.54 50.00  50.0  44.0,0.00 0.00 0.00 89.38 0.54 50.00 0.10 -14.44 6 63 6 63 50.0% 44.0% 250.000 0.000 0.00 -4.90 0.00  1.99 0.00 498.00 0.0% | 1200.00    0.00 HI -50.00 -50.00
2026-09-27T09:11:03.214,DEMO,DEMO,DEMO_MODE,24f8f9829bf14f26914a962224c1ad3a,F1 :    500    2 0.10 -14.44 0.54 50.00  50.0  44.0,0.00 0.00 0.00 89.38 0.54 50.00 0.10 -14.44 6 63 6 63 50.0% 44.0% 250.000 0.000 0.00 -4.90 0.00  1.99 0.00 498.00 0.0% | 1200.00    0.00 HI -50.00 -50.00
2026-09-27T09:11:03.335,DEMO,DEMO,DEMO_MODE,24f8f9829bf14f26914a962224c1ad3a,F1 :    500    2 0.10 -14.44 0.54 50.00  50.0  44.0,0.00 0.00 0.00 89.38 0.54 50.00 0.10 -14.44 6 63 6 63 50.0% 44.0% 250.000 0.000 0.00 -4.90 0.00  1.99 0.00 498.00 0.0% | 1200.00    0.00 HI -50.00 -50.00
2026-09-27T09:11:03.460,DEMO,DEMO,DEMO_MODE,24f8f9829bf14f26914a962224c1ad3a,F1 :    500    2 0.10 -14.44 0.54 50.00  50.0  44.0,0.00 0.00 0.00 89.38 0.54 50.00 0.10 -14.44 6 63 6 63 50.0% 44.0% 250.000 0.000 0.00 -4.90 0.00  1.99 0.00 498.00 0.0% | 1200.00    0.00 HI -50.00 -50.00
2026-09-27T09:11:03.581,DEMO,DEMO,DEMO_MODE,24f8f9829bf14f26914a962224c1ad3a,F1 :    500    2 0.10 -14.44 0.54 50.00  50.0  44.0,0.00 0.00 0.00 89.38 0.54 50.00 0.10 -14.44 6 63 6 63 50.0% 44.0% 250.000 0.000 0.00 -4.90 0.00  1.99 0.00 498.00 0.0% | 1200.00    0.00 HI -50.00 -50.00
2026-09-27T09:11:03.708,DEMO,DEMO,DEMO_MODE,24f8f9829bf14f26914a962224c1ad3a,F1 :    500    2 0.10 -14.44 0.54 50.00  50.0  44.0,0.00 0.00 0.00 89.38 0.54 50.00 0.10 -14.44 6 63 6 63 50.0% 44.0% 250.000 0.000 0.00 -4.90 0.00  1.99 0.00 498.00 0.0% | 1200.00    0.00 HI -50.00 -50.00
2026-09-27T09:11:03.829,DEMO,DEMO,DEMO_MODE,24f8f9829bf14f26914a962224c1ad3a,F1 :    500    2 0.10 -14.44 0.54 50.00  50.0  44.0,0.00 0.00 0.00 89.38 0.54 50.00 0.10 -14.44 6 63 6 63 50.0% 44.0% 250.000 0.000 0.00 -4.90 0.00  1.99 0.00 498.00 0.0% | 1200.00    0.00 HI -50.00 -50.00
2026-09-27T09:11:03.954,DEMO,DEMO,DEMO_MODE,24f8f9829bf14f26914a962224c1ad3a,F1 :    500    2 0.10 -14.44 0.54 50.00  50.0  44.0,0.00 0.00 0.00 89.38 0.54 50.00 0.10 -14.44 6 63 6 63 50.0% 44.0% 250.000 0.000 0.00 -4.90 0.00  1.99 0.00 498.00 0.0% | 1200.00    0.00 HI -50.00 -50.00
2026-09-27T09:11:04.075,DEMO,DEMO,DEMO_MODE,24f8f9829bf14f26914a962224c1ad3a,F1 :    500    2 0.10 -14.44 0.54 50.00  50.0  44.0,0.00 0.00 0.00 89.38 0.54 50.00 0.10 -14.44 6 63 6 63 50.0% 44.0% 250.000 0.000 0.00 -4.90 0.00  1.99 0.00 498.00 0.0% | 1200.00    0.00 HI -50.00 -50.00
2026-09-27T09:11:04.202,DEMO,DEMO,DEMO_MODE,24f8f9829bf14f26914a962224c1ad3a,F1 :    500    2 0.10 -14.44 0.54 50.00  50.0  44.0,0.00 0.00 0.00 89.38 0.54 50.00 0.10 -14.44 6 63 6 63 50.0% 44.0% 250.000 0.000 0.00 -4.90 0.00  1.99 0.00 498.00 0.0% | 1200.00    0.00 HI -50.00 -50.00
2026-09-27T09:11:04.322,DEMO,DEMO,DEMO_MODE,24f8f9829bf14f26914a962224c1ad3a,F1 :    500    2 0.10 -14.44 0.54 50.00  50.0  44.0,0.00 0.00 0.00 89.38 0.54 50.00 0.10 -14.44 6 63 6 63 50.0% 44.0% 250.000 0.000 0.00 -4.90 0.00  1.99 0.00 498.00 0.0% | 1200.00    0.00 HI -50.00 -50.00
2026-09-27T09:11:04.448,DEMO,DEMO,DEMO_MODE,24f8f9829bf14f26914a962224c1ad3a,F1 :    500    2 0.10 -14.44 0.54 50.00  50.0  44.0,0.00 0.00 0.00 89.38 0.54 50.00 0.10 -14.44 6 63 6 63 50.0% 44.0% 250.000 0.000 0.00 -4.90 0.00  1.99 0.00 498.00 0.0% | 1200.00    0.00 HI -50.00 -50.00
2026-09-27T09:11:04.569,DEMO,DEMO,DEMO_MODE,24f8f9829bf14f26914a962224c1ad3a,F1 :    500    2 0.10 -14.44 0.54 50.00  50.0  44.0,0.00 0.00 0.00 89.38 0.54 50.00 0.10 -14.44 6 63 6 63 50.0% 44.0% 250.000 0.000 0.00 -4.90 0.00  1.99 0.00 498.00 0.0% | 1200.00    0.00 HI -50.00 -50.00
2026-09-27T09:11:04.695,DEMO,DEMO,DEMO_MODE,24f8f9829bf14f26914a962224c1ad3a,F1 :    600    2 0.10 -14.44 0.54 50.00  60.0  48.0,0.00 0.00 0.00 89.38 0.54 50.00 0.10 -14.44 6 63 6 63 60.0% 48.0% 300.000 0.000 0.00 -4.90 0.00  1.99 0.00 598.00 0.0% | 1200.00   10.00 HI -50.00 -50.00
2026-09-27T09:11:04.816,DEMO,DEMO,DEMO_MODE,24f8f9829bf14f26914a962224c1ad3a,F1 :    600    2 0.10 -14.44 0.54 50.00  60.0  48.0,0.00 0.00 0.00 89.38 0.54 50.00 0.10 -14.44 6 63 6 63 60.0% 48.0% 300.000 0.000 0.00 -4.90 0.00  1.99 0.00 598.00 0.0% | 1200.00   10.00 HI -50.00 -50.00
2026-09-27T09:11:04.943,DEMO,DEMO,DEMO_MODE,24f8f9829bf14f26914a962224c1ad3a,F1 :    600    2 0.10 -14.44 0.54 50.00  60.0  48.0,0.00 0.00 0.00 89.38 0.54 50.00 0.10 -14.44 6 63 6 63 60.0% 48.0% 300.000 0.000 0.00 -4.90 0.00  1.99 0.00 598.00 0.0% | 1200.00   10.00 HI -50.00 -50.00
2026-09-27T09:11:05.064,DEMO,DEMO,DEMO_MODE,24f8f9829bf14f26914a962224c1ad3a,F1 :    600    2 0.10 -14.44 0.54 50.00  60.0  48.0,0.00 0.00 0.00 89.38 0.54 50.00 0.10 -14.44 6 63 6 63 60.0% 48.0% 300.000 0.000 0.00 -4.90 0.00  1.99 0.00 598.00 0.0% | 1200.00   10.00 HI -50.00 -50.00
2026-09-27T09:11:05.191,DEMO,DEMO,DEMO_MODE,24f8f9829bf14f26914a962224c1ad3a,F1 :    600    2 0.10 -14.44 0.54 50.00  60.0  48.0,0.00 0.00 0.00 89.38 0.54 50.00 0.10 -14.44 6 63 6 63 60.0% 48.0% 300.000 0.000 0.00 -4.90 0.00  1.99 0.00 598.00 0.0% | 1200.00   10.00 HI -50.00 -50.00
2026-09-27T09:11:05.312,DEMO,DEMO,DEMO_MODE,24f8f9829bf14f26914a962224c1ad3a,F1 :    600    2 0.10 -14.44 0.54 50.00  60.0  48.0,0.00 0.00 0.00 89.38 0.54 50.00 0.10 -14.44 6 63 6 63 60.0% 48.0% 300.000 0.000 0.00 -4.90 0.00  1.99 0.00 598.00 0.0% | 1200.00   10.00 HI -50.00 -50.00
2026-09-27T09:11:05.439,DEMO,DEMO,DEMO_MODE,24f8f9829bf14f26914a962224c1ad3a,F1 :    600    2 0.10 -14.44 0.54 50.00  60.0  48.0,0.00 0.00 0.00 89.38 0.54 50.00 0.10 -14.44 6 63 6 63 60.0% 48.0% 300.000 0.000 0.00 -4.90 0.00  1.99 0.00 598.00 0.0% | 1200.00   10.00 HI -50.00 -50.00
2026-09-27T09:11:05.560,DEMO,DEMO,DEMO_MODE,24f8f9829bf14f26914a962224c1ad3a,F1 :    600    2 0.10 -14.44 0.54 50.00  60.0  48.0,0.00 0.00 0.00 89.38 0.54 50.00 0.10 -14.44 6 63 6 63 60.0% 48.0% 300.000 0.000 0.00 -4.90 0.00  1.99 0.00 598.00 0.0% | 1200.00   10.00 HI -50.00 -50.00
2026-09-27T09:11:05.686,DEMO,DEMO,DEMO_MODE,24f8f9829bf14f26914a962224c1ad3a,F1 :    600    2 0.10 -14.44 0.54 50.00  60.0  48.0,0.00 0.00 0.00 89.38 0.54 50.00 0.10 -14.44 6 63 6 63 60.0% 48.0% 300.000 0.000 0.00 -4.90 0.00  1.99 0.00 598.00 0.0% | 1200.00   10.00 HI -50.00 -50.00
2026-09-27T09:11:05.807,DEMO,DEMO,DEMO_MODE,24f8f9829bf14f26914a962224c1ad3a,F1 :    600    2 0.10 -14.44 0.54 50.00  60.0  48.0,0.00 0.00 0.00 89.38 0.54 50.00 0.10 -14.44 6 63 6 63 60.0% 48.0% 300.000 0.000 0.00 -4.90 0.00  1.99 0.00 598.00 0.0% | 1200.00   10.00 HI -50.00 -50.00
2026-09-27T09:11:05.933,DEMO,DEMO,DEMO_MODE,24f8f9829bf14f26914a962224c1ad3a,F1 :    600    2 0.10 -14.44 0.54 50.00  60.0  48.0,0.00 0.00 0.00 89.38 0.54 50.00 0.10 -14.44 6 63 6 63 60.0% 48.0% 300.000 0.000 0.00 -4.90 0.00  1.99 0.00 598.00 0.0% | 1200.00   10.00 HI -50.00 -50.00
2026-09-27T09:11:06.054,DEMO,DEMO,DEMO_MODE,24f8f9829bf14f26914a962224c1ad3a,F1 :    600    2 0.10 -14.44 0.54 50.00  60.0  48.0,0.00 0.00 0.00 89.38 0.54 50.00 0.10 -14.44 6 63 6 63 60.0% 48.0% 300.000 0.000 0.00 -4.90 0.00  1.99 0.00 598.00 0.0% | 1200.00   10.00 HI -50.00 -50.00
2026-09-27T09:11:06.180,DEMO,DEMO,DEMO_MODE,24f8f9829bf14f26914a962224c1ad3a,F1 :    600    2 0.10 -14.44 0.54 50.00  60.0  48.0,0.00 0.00 0.00 89.38 0.54 50.00 0.10 -14.44 6 63 6 63 60.0% 48.0% 300.000 0.000 0.00 -4.90 0.00  1.99 0.00 598.00 0.0% | 1200.00   10.00 HI -50.00 -50.00
2026-09-27T09:11:06.318,DEMO,DEMO,DEMO_MODE,24f8f9829bf14f26914a962224c1ad3a,F1 :    600    2 0.10 -14.44 0.54 50.00  60.0  48.0,0.00 0.00 0.00 89.38 0.54 50.00 0.10 -14.44 6 63 6 63 60.0% 48.0% 300.000 0.000 0.00 -4.90 0.00  1.99 0.00 598.00 0.0% | 1200.00   10.00 HI -50.00 -50.00
2026-09-27T09:11:06.444,DEMO,DEMO,DEMO_MODE,24f8f9829bf14f26914a962224c1ad3a,F1 :    600    2 0.10 -14.44 0.54 50.00  60.0  48.0,0.00 0.00 0.00 89.38 0.54 50.00 0.10 -14.44 6 63 6 63 60.0% 48.0% 300.000 0.000 0.00 -4.90 0.00  1.99 0.00 598.00 0.0% | 1200.00   10.00 HI -50.00 -50.00
2026-09-27T09:11:06.564,DEMO,DEMO,DEMO_MODE,24f8f9829bf14f26914a962224c1ad3a,F1 :    600    2 0.10 -14.44 0.54 50.00  60.0  48.0,0.00 0.00 0.00 89.38 0.54 50.00 0.10 -14.44 6 63 6 63 60.0% 48.0% 300.000 0.000 0.00 -4.90 0.00  1.99 0.00 598.00 0.0% | 1200.00   10.00 HI -50.00 -50.00
2026-09-27T09:11:06.691,DEMO,DEMO,DEMO_MODE,24f8f9829bf14f26914a962224c1ad3a,F1 :    600    3 0.10 -14.44 0.54 50.00  60.0  48.0,0.00 0.00 0.00 89.38 0.54 50.00 0.10 -14.44 6 63 6 63 60.0% 48.0% 300.000 0.000 0.00 -4.90 0.00  1.99 0.00 597.00 0.0% | 1200.00   10.00 HI -50.00 -50.00
2026-09-27T09:11:06.812,DEMO,DEMO,DEMO_MODE,24f8f9829bf14f26914a962224c1ad3a,F1 :    600    3 0.10 -14.44 0.54 50.00  60.0  48.0,0.00 0.00 0.00 89.38 0.54 50.00 0.10 -14.44 6 63 6 63 60.0% 48.0% 300.000 0.000 0.00 -4.90 0.00  1.99 0.00 597.00 0.0% | 1200.00   10.00 HI -50.00 -50.00
2026-09-27T09:11:06.937,DEMO,DEMO,DEMO_MODE,24f8f9829bf14f26914a962224c1ad3a,F1 :    600    3 0.10 -14.44 0.54 50.00  60.0  48.0,0.00 0.00 0.00 89.38 0.54 50.00 0.10 -14.44 6 63 6 63 60.0% 48.0% 300.000 0.000 0.00 -4.90 0.00  1.99 0.00 597.00 0.0% | 1200.00   10.00 HI -50.00 -50.00
2026-09-27T09:11:07.057,DEMO,DEMO,DEMO_MODE,24f8f9829bf14f26914a962224c1ad3a,F1 :    600    3 0.10 -14.44 0.54 50.00  60.0  48.0,0.00 0.00 0.00 89.38 0.54 50.00 0.10 -14.44 6 63 6 63 60.0% 48.0% 300.000 0.000 0.00 -4.90 0.00  1.99 0.00 597.00 0.0% | 1200.00   10.00 HI -50.00 -50.00
2026-09-27T09:11:07.183,DEMO,DEMO,DEMO_MODE,24f8f9829bf14f26914a962224c1ad3a,F1 :    600    3 0.10 -14.44 0.54 50.00  60.0  48.0,0.00 0.00 0.00 89.38 0.54 50.00 0.10 -14.44 6 63 6 63 60.0% 48.0% 300.000 0.000 0.00 -4.90 0.00  1.99 0.00 597.00 0.0% | 1200.00   10.00 HI -50.00 -50.00
2026-09-27T09:11:07.303,DEMO,DEMO,DEMO_MODE,24f8f9829bf14f26914a962224c1ad3a,F1 :    600    3 0.10 -14.44 0.54 50.00  60.0  48.0,0.00 0.00 0.00 89.38 0.54 50.00 0.10 -14.44 6 63 6 63 60.0% 48.0% 300.000 0.000 0.00 -4.90 0.00  1.99 0.00 597.00 0.0% | 1200.00   10.00 HI -50.00 -50.00
2026-09-27T09:11:07.429,DEMO,DEMO,DEMO_MODE,24f8f9829bf14f26914a962224c1ad3a,F1 :    600    3 0.10 -14.44 0.54 50.00  60.0  48.0,0.00 0.00 0.00 89.38 0.54 50.00 0.10 -14.44 6 63 6 63 60.0% 48.0% 300.000 0.000 0.00 -4.90 0.00  1.99 0.00 597.00 0.0% | 1200.00   10.00 HI -50.00 -50.00
2026-09-27T09:11:07.549,DEMO,DEMO,DEMO_MODE,24f8f9829bf14f26914a962224c1ad3a,F1 :    600    3 0.10 -14.44 0.54 50.00  60.0  48.0,0.00 0.00 0.00 89.38 0.54 50.00 0.10 -14.44 6 63 6 63 60.0% 48.0% 300.000 0.000 0.00 -4.90 0.00  1.99 0.00 597.00 0.0% | 1200.00   10.00 HI -50.00 -50.00
2026-09-27T09:11:07.676,DEMO,DEMO,DEMO_MODE,24f8f9829bf14f26914a962224c1ad3a,F1 :    600    3 0.10 -14.44 0.54 50.00  60.0  48.0,0.00 0.00 0.00 89.38 0.54 50.00 0.10 -14.44 6 63 6 63 60.0% 48.0% 300.000 0.000 0.00 -4.90 0.00  1.99 0.00 597.00 0.0% | 1200.00   10.00 HI -50.00 -50.00
2026-09-27T09:11:07.796,DEMO,DEMO,DEMO_MODE,24f8f9829bf14f26914a962224c1ad3a,F1 :    600    3 0.10 -14.44 0.54 50.00  60.0  48.0,0.00 0.00 0.00 89.38 0.54 50.00 0.10 -14.44 6 63 6 63 60.0% 48.0% 300.000 0.000 0.00 -4.90 0.00  1.99 0.00 597.00 0.0% | 1200.00   10.00 HI -50.00 -50.00
2026-09-27T09:11:07.922,DEMO,DEMO,DEMO_MODE,24f8f9829bf14f26914a962224c1ad3a,F1 :    600    3 0.10 -14.44 0.54 50.00  60.0  48.0,0.00 0.00 0.00 89.38 0.54 50.00 0.10 -14.44 6 63 6 63 60.0% 48.0% 300.000 0.000 0.00 -4.90 0.00  1.99 0.00 597.00 0.0% | 1200.00   10.00 HI -50.00 -50.00
2026-09-27T09:11:08.043,DEMO,DEMO,DEMO_MODE,24f8f9829bf14f26914a962224c1ad3a,F1 :    600    3 0.10 -14.44 0.54 50.00  60.0  48.0,0.00 0.00 0.00 89.38 0.54 50.00 0.10 -14.44 6 63 6 63 60.0% 48.0% 300.000 0.000 0.00 -4.90 0.00  1.99 0.00 597.00 0.0% | 1200.00   10.00 HI -50.00 -50.00
2026-09-27T09:11:08.169,DEMO,DEMO,DEMO_MODE,24f8f9829bf14f26914a962224c1ad3a,F1 :    600    3 0.10 -14.44 0.54 50.00  60.0  48.0,0.00 0.00 0.00 89.38 0.54 50.00 0.10 -14.44 6 63 6 63 60.0% 48.0% 300.000 0.000 0.00 -4.90 0.00  1.99 0.00 597.00 0.0% | 1200.00   10.00 HI -50.00 -50.00
2026-09-27T09:11:08.290,DEMO,DEMO,DEMO_MODE,24f8f9829bf14f26914a962224c1ad3a,F1 :    600    3 0.10 -14.44 0.54 50.00  60.0  48.0,0.00 0.00 0.00 89.38 0.54 50.00 0.10 -14.44 6 63 6 63 60.0% 48.0% 300.000 0.000 0.00 -4.90 0.00  1.99 0.00 597.00 0.0% | 1200.00   10.00 HI -50.00 -50.00
2026-09-27T09:11:08.410,DEMO,DEMO,DEMO_MODE,24f8f9829bf14f26914a962224c1ad3a,F1 :    600    3 0.10 -14.44 0.54 50.00  60.0  48.0,0.00 0.00 0.00 89.38 0.54 50.00 0.10 -14.44 6 63 6 63 60.0% 48.0% 300.000 0.000 0.00 -4.90 0.00  1.99 0.00 597.00 0.0% | 1200.00   10.00 HI -50.00 -50.00
2026-09-27T09:11:08.531,DEMO,DEMO,DEMO_MODE,24f8f9829bf14f26914a962224c1ad3a,F1 :    600    3 0.10 -14.44 0.54 50.00  60.0  48.0,0.00 0.00 0.00 89.38 0.54 50.00 0.10 -14.44 6 63 6 63 60.0% 48.0% 300.000 0.000 0.00 -4.90 0.00  1.99 0.00 597.00 0.0% | 1200.00   10.00 HI -50.00 -50.00
2026-09-27T09:11:08.652,DEMO,DEMO,DEMO_MODE,24f8f9829bf14f26914a962224c1ad3a,F1 :    600    3 0.10 -14.44 0.54 50.00  60.0  48.0,0.00 0.00 0.00 89.38 0.54 50.00 0.10 -14.44 6 63 6 63 60.0% 48.0% 300.000 0.000 0.00 -4.90 0.00  1.99 0.00 597.00 0.0% | 1200.00   10.00 HI -50.00 -50.00
2026-09-27T09:11:08.772,DEMO,DEMO,DEMO_MODE,24f8f9829bf14f26914a962224c1ad3a,F1 :    600    3 0.10 -14.44 0.54 50.00  60.0  48.0,0.00 0.00 0.00 89.38 0.54 50.00 0.10 -14.44 6 63 6 63 60.0% 48.0% 300.000 0.000 0.00 -4.90 0.00  1.99 0.00 597.00 0.0% | 1200.00   10.00 HI -50.00 -50.00
2026-09-27T09:11:08.893,DEMO,DEMO,DEMO_MODE,24f8f9829bf14f26914a962224c1ad3a,F1 :    600    3 0.10 -14.44 0.54 50.00  60.0  48.0,0.00 0.00 0.00 89.38 0.54 50.00 0.10 -14.44 6 63 6 63 60.0% 48.0% 300.000 0.000 0.00 -4.90 0.00  1.99 0.00 597.00 0.0% | 1200.00   10.00 HI -50.00 -50.00
2026-09-27T09:11:09.014,DEMO,DEMO,DEMO_MODE,24f8f9829bf14f26914a962224c1ad3a,F1 :    600    3 0.10 -14.44 0.54 50.00  60.0  48.0,0.00 0.00 0.00 89.38 0.54 50.00 0.10 -14.44 6 63 6 63 60.0% 48.0% 300.000 0.000 0.00 -4.90 0.00  1.99 0.00 597.00 0.0% | 1200.00   10.00 HI -50.00 -50.00
2026-09-27T09:11:09.135,DEMO,DEMO,DEMO_MODE,24f8f9829bf14f26914a962224c1ad3a,F1 :    600    3 0.10 -14.44 0.54 50.00  60.0  48.0,0.00 0.00 0.00 89.38 0.54 50.00 0.10 -14.44 6 63 6 63 60.0% 48.0% 300.000 0.000 0.00 -4.90 0.00  1.99 0.00 597.00 0.0% | 1200.00   10.00 HI -50.00 -50.00
2026-09-27T09:11:09.256,DEMO,DEMO,DEMO_MODE,24f8f9829bf14f26914a962224c1ad3a,F1 :    600    3 0.10 -14.44 0.54 50.00  60.0  48.0,0.00 0.00 0.00 89.38 0.54 50.00 0.10 -14.44 6 63 6 63 60.0% 48.0% 300.000 0.000 0.00 -4.90 0.00  1.99 0.00 597.00 0.0% | 1200.00   10.00 HI -50.00 -50.00
2026-09-27T09:11:09.377,DEMO,DEMO,DEMO_MODE,24f8f9829bf14f26914a962224c1ad3a,F1 :    600    3 0.10 -14.44 0.54 50.00  60.0  48.0,0.00 0.00 0.00 89.38 0.54 50.00 0.10 -14.44 6 63 6 63 60.0% 48.0% 300.000 0.000 0.00 -4.90 0.00  1.99 0.00 597.00 0.0% | 1200.00   10.00 HI -50.00 -50.00
2026-09-27T09:11:09.498,DEMO,DEMO,DEMO_MODE,24f8f9829bf14f26914a962224c1ad3a,F1 :    600    3 0.10 -14.44 0.54 50.00  60.0  48.0,0.00 0.00 0.00 89.38 0.54 50.00 0.10 -14.44 6 63 6 63 60.0% 48.0% 300.000 0.000 0.00 -4.90 0.00  1.99 0.00 597.00 0.0% | 1200.00   10.00 HI -50.00 -50.00
2026-09-27T09:11:09.618,DEMO,DEMO,DEMO_MODE,24f8f9829bf14f26914a962224c1ad3a,F1 :    600    3 0.10 -14.44 0.54 50.00  60.0  48.0,0.00 0.00 0.00 89.38 0.54 50.00 0.10 -14.44 6 63 6 63 60.0% 48.0% 300.000 0.000 0.00 -4.90 0.00  1.99 0.00 597.00 0.0% | 1200.00   10.00 HI -50.00 -50.00
2026-09-27T09:11:09.739,DEMO,DEMO,DEMO_MODE,24f8f9829bf14f26914a962224c1ad3a,F1 :    600    3 0.10 -14.44 0.54 50.00  60.0  52.0,0.00 0.00 0.00 89.38 0.54 50.00 0.10 -14.44 6 63 6 63 60.0% 52.0% 300.000 0.000 0.00 -4.90 0.00  1.99 0.00 597.00 0.0% | 1200.00   10.00 HI -50.00 -50.00
2026-09-27T09:11:09.859,DEMO,DEMO,DEMO_MODE,24f8f9829bf14f26914a962224c1ad3a,F1 :    600    3 0.10 -14.44 0.54 50.00  60.0  52.0,0.00 0.00 0.00 89.38 0.54 50.00 0.10 -14.44 6 63 6 63 60.0% 52.0% 300.000 0.000 0.00 -4.90 0.00  1.99 0.00 597.00 0.0% | 1200.00   10.00 HI -50.00 -50.00
2026-09-27T09:11:09.983,DEMO,DEMO,DEMO_MODE,24f8f9829bf14f26914a962224c1ad3a,F1 :    600    3 0.10 -14.44 0.54 50.00  60.0  52.0,0.00 0.00 0.00 89.38 0.54 50.00 0.10 -14.44 6 63 6 63 60.0% 52.0% 300.000 0.000 0.00 -4.90 0.00  1.99 0.00 597.00 0.0% | 1200.00   10.00 HI -50.00 -50.00
2026-09-27T09:11:10.103,DEMO,DEMO,DEMO_MODE,24f8f9829bf14f26914a962224c1ad3a,F1 :    600    3 0.10 -14.44 0.54 50.00  60.0  52.0,0.00 0.00 0.00 89.38 0.54 50.00 0.10 -14.44 6 63 6 63 60.0% 52.0% 300.000 0.000 0.00 -4.90 0.00  1.99 0.00 597.00 0.0% | 1200.00   10.00 HI -50.00 -50.00
2026-09-27T09:11:10.229,DEMO,DEMO,DEMO_MODE,24f8f9829bf14f26914a962224c1ad3a,F1 :    600    3 0.10 -14.44 0.54 50.00  60.0  52.0,0.00 0.00 0.00 89.38 0.54 50.00 0.10 -14.44 6 63 6 63 60.0% 52.0% 300.000 0.000 0.00 -4.90 0.00  1.99 0.00 597.00 0.0% | 1200.00   10.00 HI -50.00 -50.00
2026-09-27T09:11:10.349,DEMO,DEMO,DEMO_MODE,24f8f9829bf14f26914a962224c1ad3a,F1 :    600    3 0.10 -14.44 0.54 50.00  60.0  52.0,0.00 0.00 0.00 89.38 0.54 50.00 0.10 -14.44 6 63 6 63 60.0% 52.0% 300.000 0.000 0.00 -4.90 0.00  1.99 0.00 597.00 0.0% | 1200.00   10.00 HI -50.00 -50.00
2026-09-27T09:11:10.477,DEMO,DEMO,DEMO_MODE,24f8f9829bf14f26914a962224c1ad3a,F1 :    600    3 0.10 -14.44 0.54 50.00  60.0  52.0,0.00 0.00 0.00 89.38 0.54 50.00 0.10 -14.44 6 63 6 63 60.0% 52.0% 300.000 0.000 0.00 -4.90 0.00  1.99 0.00 597.00 0.0% | 1200.00   10.00 HI -50.00 -50.00
2026-09-27T09:11:10.597,DEMO,DEMO,DEMO_MODE,24f8f9829bf14f26914a962224c1ad3a,F1 :    600    3 0.10 -14.44 0.54 50.00  60.0  52.0,0.00 0.00 0.00 89.38 0.54 50.00 0.10 -14.44 6 63 6 63 60.0% 52.0% 300.000 0.000 0.00 -4.90 0.00  1.99 0.00 597.00 0.0% | 1200.00   10.00 HI -50.00 -50.00
2026-09-27T09:11:10.723,DEMO,DEMO,DEMO_MODE,24f8f9829bf14f26914a962224c1ad3a,F1 :    600    3 0.10 -14.44 0.54 50.00  60.0  52.0,0.00 0.00 0.00 89.38 0.54 50.00 0.10 -14.44 6 63 6 63 60.0% 52.0% 300.000 0.000 0.00 -4.90 0.00  1.99 0.00 597.00 0.0% | 1200.00   10.00 HI -50.00 -50.00
2026-09-27T09:11:10.844,DEMO,DEMO,DEMO_MODE,24f8f9829bf14f26914a962224c1ad3a,F1 :    600    3 0.10 -14.44 0.54 50.00  60.0  52.0,0.00 0.00 0.00 89.38 0.54 50.00 0.10 -14.44 6 63 6 63 60.0% 52.0% 300.000 0.000 0.00 -4.90 0.00  1.99 0.00 597.00 0.0% | 1200.00   10.00 HI -50.00 -50.00
2026-09-27T09:11:10.969,DEMO,DEMO,DEMO_MODE,24f8f9829bf14f26914a962224c1ad3a,F1 :    600    3 0.10 -14.44 0.54 50.00  60.0  52.0,0.00 0.00 0.00 89.38 0.54 50.00 0.10 -14.44 6 63 6 63 60.0% 52.0% 300.000 0.000 0.00 -4.90 0.00  1.99 0.00 597.00 0.0% | 1200.00   10.00 HI -50.00 -50.00
2026-09-27T09:11:11.090,DEMO,DEMO,DEMO_MODE,24f8f9829bf14f26914a962224c1ad3a,F1 :    600    3 0.10 -14.44 0.54 50.00  60.0  52.0,0.00 0.00 0.00 89.38 0.54 50.00 0.10 -14.44 6 63 6 63 60.0% 52.0% 300.000 0.000 0.00 -4.90 0.00  1.99 0.00 597.00 0.0% | 1200.00   10.00 HI -50.00 -50.00
2026-09-27T09:11:11.216,DEMO,DEMO,DEMO_MODE,24f8f9829bf14f26914a962224c1ad3a,F1 :    600    3 0.10 -14.44 0.54 50.00  60.0  52.0,0.00 0.00 0.00 89.38 0.54 50.00 0.10 -14.44 6 63 6 63 60.0% 52.0% 300.000 0.000 0.00 -4.90 0.00  1.99 0.00 597.00 0.0% | 1200.00   10.00 HI -50.00 -50.00
2026-09-27T09:11:11.337,DEMO,DEMO,DEMO_MODE,24f8f9829bf14f26914a962224c1ad3a,F1 :    600    3 0.10 -14.44 0.54 50.00  60.0  52.0,0.00 0.00 0.00 89.38 0.54 50.00 0.10 -14.44 6 63 6 63 60.0% 52.0% 300.000 0.000 0.00 -4.90 0.00  1.99 0.00 597.00 0.0% | 1200.00   10.00 HI -50.00 -50.00
2026-09-27T09:11:11.464,DEMO,DEMO,DEMO_MODE,24f8f9829bf14f26914a962224c1ad3a,F1 :    600    3 0.10 -14.44 0.54 50.00  60.0  52.0,0.00 0.00 0.00 89.38 0.54 50.00 0.10 -14.44 6 63 6 63 60.0% 52.0% 300.000 0.000 0.00 -4.90 0.00  1.99 0.00 597.00 0.0% | 1200.00   10.00 HI -50.00 -50.00
2026-09-27T09:11:11.584,DEMO,DEMO,DEMO_MODE,24f8f9829bf14f26914a962224c1ad3a,F1 :    600    3 0.10 -14.44 0.54 50.00  60.0  52.0,0.00 0.00 0.00 89.38 0.54 50.00 0.10 -14.44 6 63 6 63 60.0% 52.0% 300.000 0.000 0.00 -4.90 0.00  1.99 0.00 597.00 0.0% | 1200.00   10.00 HI -50.00 -50.00
2026-09-27T09:11:11.711,DEMO,DEMO,DEMO_MODE,24f8f9829bf14f26914a962224c1ad3a,F1 :    600    3 0.10 -14.44 0.54 50.00  60.0  52.0,0.00 0.00 0.00 89.38 0.54 50.00 0.10 -14.44 6 63 6 63 60.0% 52.0% 300.000 0.000 0.00 -4.90 0.00  1.99 0.00 597.00 0.0% | 1200.00   10.00 HI -50.00 -50.00
2026-09-27T09:11:11.831,DEMO,DEMO,DEMO_MODE,24f8f9829bf14f26914a962224c1ad3a,F1 :    600    3 0.10 -14.44 0.54 50.00  60.0  52.0,0.00 0.00 0.00 89.38 0.54 50.00 0.10 -14.44 6 63 6 63 60.0% 52.0% 300.000 0.000 0.00 -4.90 0.00  1.99 0.00 597.00 0.0% | 1200.00   10.00 HI -50.00 -50.00
2026-09-27T09:11:11.957,DEMO,DEMO,DEMO_MODE,24f8f9829bf14f26914a962224c1ad3a,F1 :    600    3 0.10 -14.44 0.54 50.00  60.0  52.0,0.00 0.00 0.00 89.38 0.54 50.00 0.10 -14.44 6 63 6 63 60.0% 52.0% 300.000 0.000 0.00 -4.90 0.00  1.99 0.00 597.00 0.0% | 1200.00   10.00 HI -50.00 -50.00
2026-09-27T09:11:12.078,DEMO,DEMO,DEMO_MODE,24f8f9829bf14f26914a962224c1ad3a,F1 :    600    3 0.10 -14.44 0.54 50.00  60.0  52.0,0.00 0.00 0.00 89.38 0.54 50.00 0.10 -14.44 6 63 6 63 60.0% 52.0% 300.000 0.000 0.00 -4.90 0.00  1.99 0.00 597.00 0.0% | 1200.00   10.00 HI -50.00 -50.00
2026-09-27T09:11:12.205,DEMO,DEMO,DEMO_MODE,24f8f9829bf14f26914a962224c1ad3a,F1 :    600    3 0.10 -14.44 0.54 50.00  60.0  52.0,0.00 0.00 0.00 89.38 0.54 50.00 0.10 -14.44 6 63 6 63 60.0% 52.0% 300.000 0.000 0.00 -4.90 0.00  1.99 0.00 597.00 0.0% | 1200.00   10.00 HI -50.00 -50.00
2026-09-27T09:11:12.325,DEMO,DEMO,DEMO_MODE,24f8f9829bf14f26914a962224c1ad3a,F1 :    600    3 0.10 -14.44 0.54 50.00  60.0  52.0,0.00 0.00 0.00 89.38 0.54 50.00 0.10 -14.44 6 63 6 63 60.0% 52.0% 300.000 0.000 0.00 -4.90 0.00  1.99 0.00 597.00 0.0% | 1200.00   10.00 HI -50.00 -50.00
2026-09-27T09:11:12.451,DEMO,DEMO,DEMO_MODE,24f8f9829bf14f26914a962224c1ad3a,F1 :    600    3 0.10 -14.44 0.54 50.00  60.0  52.0,0.00 0.00 0.00 89.38 0.54 50.00 0.10 -14.44 6 63 6 63 60.0% 52.0% 300.000 0.000 0.00 -4.90 0.00  1.99 0.00 597.00 0.0% | 1200.00   10.00 HI -50.00 -50.00
2026-09-27T09:11:12.571,DEMO,DEMO,DEMO_MODE,24f8f9829bf14f26914a962224c1ad3a,F1 :    600    3 0.10 -14.44 0.54 50.00  60.0  52.0,0.00 0.00 0.00 89.38 0.54 50.00 0.10 -14.44 6 63 6 63 60.0% 52.0% 300.000 0.000 0.00 -4.90 0.00  1.99 0.00 597.00 0.0% | 1200.00   10.00 HI -50.00 -50.00
2026-09-27T09:11:12.697,DEMO,DEMO,DEMO_MODE,24f8f9829bf14f26914a962224c1ad3a,F1 :    600    3 0.10 -14.44 0.54 50.00  60.0  52.0,0.00 0.00 0.00 89.38 0.54 50.00 0.10 -14.44 6 63 6 63 60.0% 52.0% 300.000 0.000 0.00 -4.90 0.00  1.99 0.00 597.00 0.0% | 1200.00   10.00 HI -50.00 -50.00
2026-09-27T09:11:12.818,DEMO,DEMO,DEMO_MODE,24f8f9829bf14f26914a962224c1ad3a,F1 :    600    3 0.10 -14.44 0.54 50.00  60.0  52.0,0.00 0.00 0.00 89.38 0.54 50.00 0.10 -14.44 6 63 6 63 60.0% 52.0% 300.000 0.000 0.00 -4.90 0.00  1.99 0.00 597.00 0.0% | 1200.00   10.00 HI -50.00 -50.00
2026-09-27T09:11:12.945,DEMO,DEMO,DEMO_MODE,24f8f9829bf14f26914a962224c1ad3a,F1 :    600    3 0.10 -14.44 0.54 50.00  60.0  52.0,0.00 0.00 0.00 89.38 0.54 50.00 0.10 -14.44 6 63 6 63 60.0% 52.0% 300.000 0.000 0.00 -4.90 0.00  1.99 0.00 597.00 0.0% | 1200.00   10.00 HI -50.00 -50.00
2026-09-27T09:11:13.066,DEMO,DEMO,DEMO_MODE,24f8f9829bf14f26914a962224c1ad3a,F1 :    600    3 0.10 -14.44 0.54 50.00  60.0  52.0,0.00 0.00 0.00 89.38 0.54 50.00 0.10 -14.44 6 63 6 63 60.0% 52.0% 300.000 0.000 0.00 -4.90 0.00  1.99 0.00 597.00 0.0% | 1200.00   10.00 HI -50.00 -50.00
2026-09-27T09:11:13.194,DEMO,DEMO,DEMO_MODE,24f8f9829bf14f26914a962224c1ad3a,F1 :    600    3 0.10 -14.44 0.54 50.00  60.0  52.0,0.00 0.00 0.00 89.38 0.54 50.00 0.10 -14.44 6 63 6 63 60.0% 52.0% 300.000 0.000 0.00 -4.90 0.00  1.99 0.00 597.00 0.0% | 1200.00   10.00 HI -50.00 -50.00
2026-09-27T09:11:13.315,DEMO,DEMO,DEMO_MODE,24f8f9829bf14f26914a962224c1ad3a,F1 :    600    3 0.10 -14.44 0.54 50.00  60.0  52.0,0.00 0.00 0.00 89.38 0.54 50.00 0.10 -14.44 6 63 6 63 60.0% 52.0% 300.000 0.000 0.00 -4.90 0.00  1.99 0.00 597.00 0.0% | 1200.00   10.00 HI -50.00 -50.00
2026-09-27T09:11:13.440,DEMO,DEMO,DEMO_MODE,24f8f9829bf14f26914a962224c1ad3a,F1 :    600    3 0.10 -14.44 0.54 50.00  60.0  52.0,0.00 0.00 0.00 89.38 0.54 50.00 0.10 -14.44 6 63 6 63 60.0% 52.0% 300.000 0.000 0.00 -4.90 0.00  1.99 0.00 597.00 0.0% | 1200.00   10.00 HI -50.00 -50.00
2026-09-27T09:11:13.560,DEMO,DEMO,DEMO_MODE,24f8f9829bf14f26914a962224c1ad3a,F1 :    600    3 0.10 -14.44 0.54 50.00  60.0  52.0,0.00 0.00 0.00 89.38 0.54 50.00 0.10 -14.44 6 63 6 63 60.0% 52.0% 300.000 0.000 0.00 -4.90 0.00  1.99 0.00 597.00 0.0% | 1200.00   10.00 HI -50.00 -50.00
2026-09-27T09:11:13.686,DEMO,DEMO,DEMO_MODE,24f8f9829bf14f26914a962224c1ad3a,F1 :    600    3 0.10 -14.44 0.54 50.00  60.0  52.0,0.00 0.00 0.00 89.38 0.54 50.00 0.10 -14.44 6 63 6 63 60.0% 52.0% 300.000 0.000 0.00 -4.90 0.00  1.99 0.00 597.00 0.0% | 1200.00   10.00 HI -50.00 -50.00
2026-09-27T09:11:13.807,DEMO,DEMO,DEMO_MODE,24f8f9829bf14f26914a962224c1ad3a,F1 :    600    3 0.10 -14.44 0.54 50.00  60.0  52.0,0.00 0.00 0.00 89.38 0.54 50.00 0.10 -14.44 6 63 6 63 60.0% 52.0% 300.000 0.000 0.00 -4.90 0.00  1.99 0.00 597.00 0.0% | 1200.00   10.00 HI -50.00 -50.00
2026-09-27T09:11:13.933,DEMO,DEMO,DEMO_MODE,24f8f9829bf14f26914a962224c1ad3a,F1 :    600    3 0.10 -14.44 0.54 50.00  60.0  52.0,0.00 0.00 0.00 89.38 0.54 50.00 0.10 -14.44 6 63 6 63 60.0% 52.0% 300.000 0.000 0.00 -4.90 0.00  1.99 0.00 597.00 0.0% | 1200.00   10.00 HI -50.00 -50.00
2026-09-27T09:11:14.054,DEMO,DEMO,DEMO_MODE,24f8f9829bf14f26914a962224c1ad3a,F1 :    600    3 0.10 -14.44 0.54 50.00  60.0  52.0,0.00 0.00 0.00 89.38 0.54 50.00 0.10 -14.44 6 63 6 63 60.0% 52.0% 300.000 0.000 0.00 -4.90 0.00  1.99 0.00 597.00 0.0% | 1200.00   10.00 HI -50.00 -50.00
2026-09-27T09:11:14.180,DEMO,DEMO,DEMO_MODE,24f8f9829bf14f26914a962224c1ad3a,F1 :    600    3 0.10 -14.44 0.54 50.00  60.0  52.0,0.00 0.00 0.00 89.38 0.54 50.00 0.10 -14.44 6 63 6 63 60.0% 52.0% 300.000 0.000 0.00 -4.90 0.00  1.99 0.00 597.00 0.0% | 1200.00   10.00 HI -50.00 -50.00
2026-09-27T09:11:14.307,DEMO,DEMO,DEMO_MODE,24f8f9829bf14f26914a962224c1ad3a,F1 :    600    3 0.10 -14.44 0.54 50.00  60.0  52.0,0.00 0.00 0.00 89.38 0.54 50.00 0.10 -14.44 6 63 6 63 60.0% 52.0% 300.000 0.000 0.00 -4.90 0.00  1.99 0.00 597.00 0.0% | 1200.00   10.00 HI -50.00 -50.00
2026-09-27T09:11:14.433,DEMO,DEMO,DEMO_MODE,24f8f9829bf14f26914a962224c1ad3a,F1 :    600    3 0.10 -14.44 0.54 50.00  60.0  52.0,0.00 0.00 0.00 89.38 0.54 50.00 0.10 -14.44 6 63 6 63 60.0% 52.0% 300.000 0.000 0.00 -4.90 0.00  1.99 0.00 597.00 0.0% | 1200.00   10.00 HI -50.00 -50.00
2026-09-27T09:11:14.553,DEMO,DEMO,DEMO_MODE,24f8f9829bf14f26914a962224c1ad3a,F1 :    600    3 0.10 -14.44 0.54 50.00  60.0  52.0,0.00 0.00 0.00 89.38 0.54 50.00 0.10 -14.44 6 63 6 63 60.0% 52.0% 300.000 0.000 0.00 -4.90 0.00  1.99 0.00 597.00 0.0% | 1200.00   10.00 HI -50.00 -50.00
2026-09-27T09:11:14.680,DEMO,DEMO,DEMO_MODE,24f8f9829bf14f26914a962224c1ad3a,F1 :    600    3 0.10 -14.44 0.54 50.00  60.0  52.0,0.00 0.00 0.00 89.38 0.54 50.00 0.10 -14.44 6 63 6 63 60.0% 52.0% 300.000 0.000 0.00 -4.90 0.00  1.99 0.00 597.00 0.0% | 1200.00   10.00 HI -50.00 -50.00
2026-09-27T09:11:14.801,DEMO,DEMO,DEMO_MODE,24f8f9829bf14f26914a962224c1ad3a,F1 :    600    3 0.10 -14.44 0.54 50.00  60.0  52.0,0.00 0.00 0.00 89.38 0.54 50.00 0.10 -14.44 6 63 6 63 60.0% 52.0% 300.000 0.000 0.00 -4.90 0.00  1.99 0.00 597.00 0.0% | 1200.00   10.00 HI -50.00 -50.00
2026-09-27T09:11:14.927,DEMO,DEMO,DEMO_MODE,24f8f9829bf14f26914a962224c1ad3a,F1 :    700    3 0.10 -14.44 0.54 50.00  70.0  56.0,0.00 0.00 0.00 89.38 0.54 50.00 0.10 -14.44 6 63 6 63 70.0% 56.0% 350.000 0.000 0.00 -4.90 0.00  1.99 0.00 697.00 0.0% | 1200.00   20.00 HI -50.00 -50.00
2026-09-27T09:11:15.049,DEMO,DEMO,DEMO_MODE,24f8f9829bf14f26914a962224c1ad3a,F1 :    700    3 0.10 -14.44 0.54 50.00  70.0  56.0,0.00 0.00 0.00 89.38 0.54 50.00 0.10 -14.44 6 63 6 63 70.0% 56.0% 350.000 0.000 0.00 -4.90 0.00  1.99 0.00 697.00 0.0% | 1200.00   20.00 HI -50.00 -50.00
2026-09-27T09:11:15.175,DEMO,DEMO,DEMO_MODE,24f8f9829bf14f26914a962224c1ad3a,F1 :    700    3 0.10 -14.44 0.54 50.00  70.0  56.0,0.00 0.00 0.00 89.38 0.54 50.00 0.10 -14.44 6 63 6 63 70.0% 56.0% 350.000 0.000 0.00 -4.90 0.00  1.99 0.00 697.00 0.0% | 1200.00   20.00 HI -50.00 -50.00
2026-09-27T09:11:15.300,DEMO,DEMO,DEMO_MODE,24f8f9829bf14f26914a962224c1ad3a,F1 :    700    3 0.10 -14.44 0.54 50.00  70.0  56.0,0.00 0.00 0.00 89.38 0.54 50.00 0.10 -14.44 6 63 6 63 70.0% 56.0% 350.000 0.000 0.00 -4.90 0.00  1.99 0.00 697.00 0.0% | 1200.00   20.00 HI -50.00 -50.00
2026-09-27T09:11:15.426,DEMO,DEMO,DEMO_MODE,24f8f9829bf14f26914a962224c1ad3a,F1 :    700    3 0.10 -14.44 0.54 50.00  70.0  56.0,0.00 0.00 0.00 89.38 0.54 50.00 0.10 -14.44 6 63 6 63 70.0% 56.0% 350.000 0.000 0.00 -4.90 0.00  1.99 0.00 697.00 0.0% | 1200.00   20.00 HI -50.00 -50.00
2026-09-27T09:11:15.547,DEMO,DEMO,DEMO_MODE,24f8f9829bf14f26914a962224c1ad3a,F1 :    700    3 0.10 -14.44 0.54 50.00  70.0  56.0,0.00 0.00 0.00 89.38 0.54 50.00 0.10 -14.44 6 63 6 63 70.0% 56.0% 350.000 0.000 0.00 -4.90 0.00  1.99 0.00 697.00 0.0% | 1200.00   20.00 HI -50.00 -50.00
2026-09-27T09:11:15.672,DEMO,DEMO,DEMO_MODE,24f8f9829bf14f26914a962224c1ad3a,F1 :    700    3 0.10 -14.44 0.54 50.00  70.0  56.0,0.00 0.00 0.00 89.38 0.54 50.00 0.10 -14.44 6 63 6 63 70.0% 56.0% 350.000 0.000 0.00 -4.90 0.00  1.99 0.00 697.00 0.0% | 1200.00   20.00 HI -50.00 -50.00
2026-09-27T09:11:15.793,DEMO,DEMO,DEMO_MODE,24f8f9829bf14f26914a962224c1ad3a,F1 :    700    3 0.10 -14.44 0.54 50.00  70.0  56.0,0.00 0.00 0.00 89.38 0.54 50.00 0.10 -14.44 6 63 6 63 70.0% 56.0% 350.000 0.000 0.00 -4.90 0.00  1.99 0.00 697.00 0.0% | 1200.00   20.00 HI -50.00 -50.00
2026-09-27T09:11:15.919,DEMO,DEMO,DEMO_MODE,24f8f9829bf14f26914a962224c1ad3a,F1 :    700    4 0.10 -14.44 0.54 50.00  70.0  56.0,0.00 0.00 0.00 89.38 0.54 50.00 0.10 -14.44 6 63 6 63 70.0% 56.0% 350.000 0.000 0.00 -4.90 0.00  1.99 0.00 696.00 0.0% | 1200.00   20.00 HI -50.00 -50.00
2026-09-27T09:11:16.040,DEMO,DEMO,DEMO_MODE,24f8f9829bf14f26914a962224c1ad3a,F1 :    700    4 0.10 -14.44 0.54 50.00  70.0  56.0,0.00 0.00 0.00 89.38 0.54 50.00 0.10 -14.44 6 63 6 63 70.0% 56.0% 350.000 0.000 0.00 -4.90 0.00  1.99 0.00 696.00 0.0% | 1200.00   20.00 HI -50.00 -50.00
2026-09-27T09:11:16.160,DEMO,DEMO,DEMO_MODE,24f8f9829bf14f26914a962224c1ad3a,F1 :    700    4 0.10 -14.44 0.54 50.00  70.0  56.0,0.00 0.00 0.00 89.38 0.54 50.00 0.10 -14.44 6 63 6 63 70.0% 56.0% 350.000 0.000 0.00 -4.90 0.00  1.99 0.00 696.00 0.0% | 1200.00   20.00 HI -50.00 -50.00
2026-09-27T09:11:16.282,DEMO,DEMO,DEMO_MODE,24f8f9829bf14f26914a962224c1ad3a,F1 :    700    4 0.10 -14.44 0.54 50.00  70.0  56.0,0.00 0.00 0.00 89.38 0.54 50.00 0.10 -14.44 6 63 6 63 70.0% 56.0% 350.000 0.000 0.00 -4.90 0.00  1.99 0.00 696.00 0.0% | 1200.00   20.00 HI -50.00 -50.00
2026-09-27T09:11:16.403,DEMO,DEMO,DEMO_MODE,24f8f9829bf14f26914a962224c1ad3a,F1 :    700    4 0.10 -14.44 0.54 50.00  70.0  56.0,0.00 0.00 0.00 89.38 0.54 50.00 0.10 -14.44 6 63 6 63 70.0% 56.0% 350.000 0.000 0.00 -4.90 0.00  1.99 0.00 696.00 0.0% | 1200.00   20.00 HI -50.00 -50.00
2026-09-27T09:11:16.523,DEMO,DEMO,DEMO_MODE,24f8f9829bf14f26914a962224c1ad3a,F1 :    700    4 0.10 -14.44 0.54 50.00  70.0  56.0,0.00 0.00 0.00 89.38 0.54 50.00 0.10 -14.44 6 63 6 63 70.0% 56.0% 350.000 0.000 0.00 -4.90 0.00  1.99 0.00 696.00 0.0% | 1200.00   20.00 HI -50.00 -50.00
2026-09-27T09:11:16.644,DEMO,DEMO,DEMO_MODE,24f8f9829bf14f26914a962224c1ad3a,F1 :    700    4 0.10 -14.44 0.54 50.00  70.0  56.0,0.00 0.00 0.00 89.38 0.54 50.00 0.10 -14.44 6 63 6 63 70.0% 56.0% 350.000 0.000 0.00 -4.90 0.00  1.99 0.00 696.00 0.0% | 1200.00   20.00 HI -50.00 -50.00
2026-09-27T09:11:16.765,DEMO,DEMO,DEMO_MODE,24f8f9829bf14f26914a962224c1ad3a,F1 :    700    4 0.10 -14.44 0.54 50.00  70.0  56.0,0.00 0.00 0.00 89.38 0.54 50.00 0.10 -14.44 6 63 6 63 70.0% 56.0% 350.000 0.000 0.00 -4.90 0.00  1.99 0.00 696.00 0.0% | 1200.00   20.00 HI -50.00 -50.00
2026-09-27T09:11:16.886,DEMO,DEMO,DEMO_MODE,24f8f9829bf14f26914a962224c1ad3a,F1 :    700    4 0.10 -14.44 0.54 50.00  70.0  56.0,0.00 0.00 0.00 89.38 0.54 50.00 0.10 -14.44 6 63 6 63 70.0% 56.0% 350.000 0.000 0.00 -4.90 0.00  1.99 0.00 696.00 0.0% | 1200.00   20.00 HI -50.00 -50.00
2026-09-27T09:11:17.007,DEMO,DEMO,DEMO_MODE,24f8f9829bf14f26914a962224c1ad3a,F1 :    700    4 0.10 -14.44 0.54 50.00  70.0  56.0,0.00 0.00 0.00 89.38 0.54 50.00 0.10 -14.44 6 63 6 63 70.0% 56.0% 350.000 0.000 0.00 -4.90 0.00  1.99 0.00 696.00 0.0% | 1200.00   20.00 HI -50.00 -50.00
2026-09-27T09:11:17.127,DEMO,DEMO,DEMO_MODE,24f8f9829bf14f26914a962224c1ad3a,F1 :    700    4 0.10 -14.44 0.54 50.00  70.0  56.0,0.00 0.00 0.00 89.38 0.54 50.00 0.10 -14.44 6 63 6 63 70.0% 56.0% 350.000 0.000 0.00 -4.90 0.00  1.99 0.00 696.00 0.0% | 1200.00   20.00 HI -50.00 -50.00
2026-09-27T09:11:17.248,DEMO,DEMO,DEMO_MODE,24f8f9829bf14f26914a962224c1ad3a,F1 :    700    4 0.10 -14.44 0.54 50.00  70.0  56.0,0.00 0.00 0.00 89.38 0.54 50.00 0.10 -14.44 6 63 6 63 70.0% 56.0% 350.000 0.000 0.00 -4.90 0.00  1.99 0.00 696.00 0.0% | 1200.00   20.00 HI -50.00 -50.00
2026-09-27T09:11:17.368,DEMO,DEMO,DEMO_MODE,24f8f9829bf14f26914a962224c1ad3a,F1 :    700    4 0.10 -14.44 0.54 50.00  70.0  56.0,0.00 0.00 0.00 89.38 0.54 50.00 0.10 -14.44 6 63 6 63 70.0% 56.0% 350.000 0.000 0.00 -4.90 0.00  1.99 0.00 696.00 0.0% | 1200.00   20.00 HI -50.00 -50.00
2026-09-27T09:11:17.489,DEMO,DEMO,DEMO_MODE,24f8f9829bf14f26914a962224c1ad3a,F1 :    700    4 0.10 -14.44 0.54 50.00  70.0  56.0,0.00 0.00 0.00 89.38 0.54 50.00 0.10 -14.44 6 63 6 63 70.0% 56.0% 350.000 0.000 0.00 -4.90 0.00  1.99 0.00 696.00 0.0% | 1200.00   20.00 HI -50.00 -50.00
2026-09-27T09:11:17.609,DEMO,DEMO,DEMO_MODE,24f8f9829bf14f26914a962224c1ad3a,F1 :    700    4 0.10 -14.44 0.54 50.00  70.0  56.0,0.00 0.00 0.00 89.38 0.54 50.00 0.10 -14.44 6 63 6 63 70.0% 56.0% 350.000 0.000 0.00 -4.90 0.00  1.99 0.00 696.00 0.0% | 1200.00   20.00 HI -50.00 -50.00
2026-09-27T09:11:17.736,DEMO,DEMO,DEMO_MODE,24f8f9829bf14f26914a962224c1ad3a,F1 :    700    4 0.10 -14.44 0.54 50.00  70.0  56.0,0.00 0.00 0.00 89.38 0.54 50.00 0.10 -14.44 6 63 6 63 70.0% 56.0% 350.000 0.000 0.00 -4.90 0.00  1.99 0.00 696.00 0.0% | 1200.00   20.00 HI -50.00 -50.00
2026-09-27T09:11:17.857,DEMO,DEMO,DEMO_MODE,24f8f9829bf14f26914a962224c1ad3a,F1 :    700    4 0.10 -14.44 0.54 50.00  70.0  56.0,0.00 0.00 0.00 89.38 0.54 50.00 0.10 -14.44 6 63 6 63 70.0% 56.0% 350.000 0.000 0.00 -4.90 0.00  1.99 0.00 696.00 0.0% | 1200.00   20.00 HI -50.00 -50.00
2026-09-27T09:11:17.983,DEMO,DEMO,DEMO_MODE,24f8f9829bf14f26914a962224c1ad3a,F1 :    700    4 0.10 -14.44 0.54 50.00  70.0  56.0,0.00 0.00 0.00 89.38 0.54 50.00 0.10 -14.44 6 63 6 63 70.0% 56.0% 350.000 0.000 0.00 -4.90 0.00  1.99 0.00 696.00 0.0% | 1200.00   20.00 HI -50.00 -50.00
2026-09-27T09:11:18.104,DEMO,DEMO,DEMO_MODE,24f8f9829bf14f26914a962224c1ad3a,F1 :    700    4 0.10 -14.44 0.54 50.00  70.0  56.0,0.00 0.00 0.00 89.38 0.54 50.00 0.10 -14.44 6 63 6 63 70.0% 56.0% 350.000 0.000 0.00 -4.90 0.00  1.99 0.00 696.00 0.0% | 1200.00   20.00 HI -50.00 -50.00
2026-09-27T09:11:18.230,DEMO,DEMO,DEMO_MODE,24f8f9829bf14f26914a962224c1ad3a,F1 :    700    4 0.10 -14.44 0.54 50.00  70.0  56.0,0.00 0.00 0.00 89.38 0.54 50.00 0.10 -14.44 6 63 6 63 70.0% 56.0% 350.000 0.000 0.00 -4.90 0.00  1.99 0.00 696.00 0.0% | 1200.00   20.00 HI -50.00 -50.00
2026-09-27T09:11:18.355,DEMO,DEMO,DEMO_MODE,24f8f9829bf14f26914a962224c1ad3a,F1 :    700    4 0.10 -14.44 0.54 50.00  70.0  56.0,0.00 0.00 0.00 89.38 0.54 50.00 0.10 -14.44 6 63 6 63 70.0% 56.0% 350.000 0.000 0.00 -4.90 0.00  1.99 0.00 696.00 0.0% | 1200.00   20.00 HI -50.00 -50.00
2026-09-27T09:11:18.483,DEMO,DEMO,DEMO_MODE,24f8f9829bf14f26914a962224c1ad3a,F1 :    700    4 0.10 -14.44 0.54 50.00  70.0  56.0,0.00 0.00 0.00 89.38 0.54 50.00 0.10 -14.44 6 63 6 63 70.0% 56.0% 350.000 0.000 0.00 -4.90 0.00  1.99 0.00 696.00 0.0% | 1200.00   20.00 HI -50.00 -50.00
2026-09-27T09:11:18.604,DEMO,DEMO,DEMO_MODE,24f8f9829bf14f26914a962224c1ad3a,F1 :    700    4 0.10 -14.44 0.54 50.00  70.0  56.0,0.00 0.00 0.00 89.38 0.54 50.00 0.10 -14.44 6 63 6 63 70.0% 56.0% 350.000 0.000 0.00 -4.90 0.00  1.99 0.00 696.00 0.0% | 1200.00   20.00 HI -50.00 -50.00
2026-09-27T09:11:18.730,DEMO,DEMO,DEMO_MODE,24f8f9829bf14f26914a962224c1ad3a,F1 :    700    4 0.10 -14.44 0.54 50.00  70.0  56.0,0.00 0.00 0.00 89.38 0.54 50.00 0.10 -14.44 6 63 6 63 70.0% 56.0% 350.000 0.000 0.00 -4.90 0.00  1.99 0.00 696.00 0.0% | 1200.00   20.00 HI -50.00 -50.00
2026-09-27T09:11:18.851,DEMO,DEMO,DEMO_MODE,24f8f9829bf14f26914a962224c1ad3a,F1 :    700    4 0.10 -14.44 0.54 50.00  70.0  56.0,0.00 0.00 0.00 89.38 0.54 50.00 0.10 -14.44 6 63 6 63 70.0% 56.0% 350.000 0.000 0.00 -4.90 0.00  1.99 0.00 696.00 0.0% | 1200.00   20.00 HI -50.00 -50.00
2026-09-27T09:11:18.977,DEMO,DEMO,DEMO_MODE,24f8f9829bf14f26914a962224c1ad3a,F1 :    700    4 0.10 -14.44 0.54 50.00  70.0  56.0,0.00 0.00 0.00 89.38 0.54 50.00 0.10 -14.44 6 63 6 63 70.0% 56.0% 350.000 0.000 0.00 -4.90 0.00  1.99 0.00 696.00 0.0% | 1200.00   20.00 HI -50.00 -50.00
2026-09-27T09:11:19.097,DEMO,DEMO,DEMO_MODE,24f8f9829bf14f26914a962224c1ad3a,F1 :    700    4 0.10 -14.44 0.54 50.00  70.0  56.0,0.00 0.00 0.00 89.38 0.54 50.00 0.10 -14.44 6 63 6 63 70.0% 56.0% 350.000 0.000 0.00 -4.90 0.00  1.99 0.00 696.00 0.0% | 1200.00   20.00 HI -50.00 -50.00
2026-09-27T09:11:19.223,DEMO,DEMO,DEMO_MODE,24f8f9829bf14f26914a962224c1ad3a,F1 :    700    4 0.10 -14.44 0.54 50.00  70.0  56.0,0.00 0.00 0.00 89.38 0.54 50.00 0.10 -14.44 6 63 6 63 70.0% 56.0% 350.000 0.000 0.00 -4.90 0.00  1.99 0.00 696.00 0.0% | 1200.00   20.00 HI -50.00 -50.00
2026-09-27T09:11:19.343,DEMO,DEMO,DEMO_MODE,24f8f9829bf14f26914a962224c1ad3a,F1 :    700    4 0.10 -14.44 0.54 50.00  70.0  56.0,0.00 0.00 0.00 89.38 0.54 50.00 0.10 -14.44 6 63 6 63 70.0% 56.0% 350.000 0.000 0.00 -4.90 0.00  1.99 0.00 696.00 0.0% | 1200.00   20.00 HI -50.00 -50.00
2026-09-27T09:11:19.469,DEMO,DEMO,DEMO_MODE,24f8f9829bf14f26914a962224c1ad3a,F1 :    700    4 0.10 -14.44 0.54 50.00  70.0  56.0,0.00 0.00 0.00 89.38 0.54 50.00 0.10 -14.44 6 63 6 63 70.0% 56.0% 350.000 0.000 0.00 -4.90 0.00  1.99 0.00 696.00 0.0% | 1200.00   20.00 HI -50.00 -50.00
2026-09-27T09:11:19.590,DEMO,DEMO,DEMO_MODE,24f8f9829bf14f26914a962224c1ad3a,F1 :    700    4 0.10 -14.44 0.54 50.00  70.0  56.0,0.00 0.00 0.00 89.38 0.54 50.00 0.10 -14.44 6 63 6 63 70.0% 56.0% 350.000 0.000 0.00 -4.90 0.00  1.99 0.00 696.00 0.0% | 1200.00   20.00 HI -50.00 -50.00
2026-09-27T09:11:19.716,DEMO,DEMO,DEMO_MODE,24f8f9829bf14f26914a962224c1ad3a,F1 :    700    4 0.10 -14.44 0.54 50.00  70.0  56.0,0.00 0.00 0.00 89.38 0.54 50.00 0.10 -14.44 6 63 6 63 70.0% 56.0% 350.000 0.000 0.00 -4.90 0.00  1.99 0.00 696.00 0.0% | 1200.00   20.00 HI -50.00 -50.00
2026-09-27T09:11:19.837,DEMO,DEMO,DEMO_MODE,24f8f9829bf14f26914a962224c1ad3a,F1 :    700    4 0.10 -14.44 0.54 50.00  70.0  56.0,0.00 0.00 0.00 89.38 0.54 50.00 0.10 -14.44 6 63 6 63 70.0% 56.0% 350.000 0.000 0.00 -4.90 0.00  1.99 0.00 696.00 0.0% | 1200.00   20.00 HI -50.00 -50.00
2026-09-27T09:11:19.962,DEMO,DEMO,DEMO_MODE,24f8f9829bf14f26914a962224c1ad3a,F1 :    700    4 0.10 -14.44 0.54 50.00  70.0  56.0,0.00 0.00 0.00 89.38 0.54 50.00 0.10 -14.44 6 63 6 63 70.0% 56.0% 350.000 0.000 0.00 -4.90 0.00  1.99 0.00 696.00 0.0% | 1200.00   20.00 HI -50.00 -50.00
2026-09-27T09:11:20.083,DEMO,DEMO,DEMO_MODE,24f8f9829bf14f26914a962224c1ad3a,F1 :    700    4 0.10 -14.44 0.54 50.00  70.0  60.0,0.00 0.00 0.00 89.38 0.54 50.00 0.10 -14.44 6 63 6 63 70.0% 60.0% 350.000 0.000 0.00 -4.90 0.00  1.99 0.00 696.00 0.0% | 1200.00   20.00 HI -50.00 -50.00
2026-09-27T09:11:20.209,DEMO,DEMO,DEMO_MODE,24f8f9829bf14f26914a962224c1ad3a,F1 :    700    4 0.10 -14.44 0.54 50.00  70.0  60.0,0.00 0.00 0.00 89.38 0.54 50.00 0.10 -14.44 6 63 6 63 70.0% 60.0% 350.000 0.000 0.00 -4.90 0.00  1.99 0.00 696.00 0.0% | 1200.00   20.00 HI -50.00 -50.00
2026-09-27T09:11:20.340,DEMO,DEMO,DEMO_MODE,24f8f9829bf14f26914a962224c1ad3a,F1 :    700    4 0.10 -14.44 0.54 50.00  70.0  60.0,0.00 0.00 0.00 89.38 0.54 50.00 0.10 -14.44 6 63 6 63 70.0% 60.0% 350.000 0.000 0.00 -4.90 0.00  1.99 0.00 696.00 0.0% | 1200.00   20.00 HI -50.00 -50.00
2026-09-27T09:11:20.466,DEMO,DEMO,DEMO_MODE,24f8f9829bf14f26914a962224c1ad3a,F1 :    700    4 0.10 -14.44 0.54 50.00  70.0  60.0,0.00 0.00 0.00 89.38 0.54 50.00 0.10 -14.44 6 63 6 63 70.0% 60.0% 350.000 0.000 0.00 -4.90 0.00  1.99 0.00 696.00 0.0% | 1200.00   20.00 HI -50.00 -50.00
2026-09-27T09:11:20.597,DEMO,DEMO,DEMO_MODE,24f8f9829bf14f26914a962224c1ad3a,F1 :    700    4 0.10 -14.44 0.54 50.00  70.0  60.0,0.00 0.00 0.00 89.38 0.54 50.00 0.10 -14.44 6 63 6 63 70.0% 60.0% 350.000 0.000 0.00 -4.90 0.00  1.99 0.00 696.00 0.0% | 1200.00   20.00 HI -50.00 -50.00
2026-09-27T09:11:20.724,DEMO,DEMO,DEMO_MODE,24f8f9829bf14f26914a962224c1ad3a,F1 :    700    4 0.10 -14.44 0.54 50.00  70.0  60.0,0.00 0.00 0.00 89.38 0.54 50.00 0.10 -14.44 6 63 6 63 70.0% 60.0% 350.000 0.000 0.00 -4.90 0.00  1.99 0.00 696.00 0.0% | 1200.00   20.00 HI -50.00 -50.00
2026-09-27T09:11:20.844,DEMO,DEMO,DEMO_MODE,24f8f9829bf14f26914a962224c1ad3a,F1 :    700    4 0.10 -14.44 0.54 50.00  70.0  60.0,0.00 0.00 0.00 89.38 0.54 50.00 0.10 -14.44 6 63 6 63 70.0% 60.0% 350.000 0.000 0.00 -4.90 0.00  1.99 0.00 696.00 0.0% | 1200.00   20.00 HI -50.00 -50.00
2026-09-27T09:11:20.971,DEMO,DEMO,DEMO_MODE,24f8f9829bf14f26914a962224c1ad3a,F1 :    700    4 0.10 -14.44 0.54 50.00  70.0  60.0,0.00 0.00 0.00 89.38 0.54 50.00 0.10 -14.44 6 63 6 63 70.0% 60.0% 350.000 0.000 0.00 -4.90 0.00  1.99 0.00 696.00 0.0% | 1200.00   20.00 HI -50.00 -50.00
2026-09-27T09:11:21.091,DEMO,DEMO,DEMO_MODE,24f8f9829bf14f26914a962224c1ad3a,F1 :    700    4 0.10 -14.44 0.54 50.00  70.0  60.0,0.00 0.00 0.00 89.38 0.54 50.00 0.10 -14.44 6 63 6 63 70.0% 60.0% 350.000 0.000 0.00 -4.90 0.00  1.99 0.00 696.00 0.0% | 1200.00   20.00 HI -50.00 -50.00
2026-09-27T09:11:21.217,DEMO,DEMO,DEMO_MODE,24f8f9829bf14f26914a962224c1ad3a,F1 :    700    4 0.10 -14.44 0.54 50.00  70.0  60.0,0.00 0.00 0.00 89.38 0.54 50.00 0.10 -14.44 6 63 6 63 70.0% 60.0% 350.000 0.000 0.00 -4.90 0.00  1.99 0.00 696.00 0.0% | 1200.00   20.00 HI -50.00 -50.00
2026-09-27T09:11:21.338,DEMO,DEMO,DEMO_MODE,24f8f9829bf14f26914a962224c1ad3a,F1 :    700    4 0.10 -14.44 0.54 50.00  70.0  60.0,0.00 0.00 0.00 89.38 0.54 50.00 0.10 -14.44 6 63 6 63 70.0% 60.0% 350.000 0.000 0.00 -4.90 0.00  1.99 0.00 696.00 0.0% | 1200.00   20.00 HI -50.00 -50.00
2026-09-27T09:11:21.463,DEMO,DEMO,DEMO_MODE,24f8f9829bf14f26914a962224c1ad3a,F1 :    700    4 0.10 -14.44 0.54 50.00  70.0  60.0,0.00 0.00 0.00 89.38 0.54 50.00 0.10 -14.44 6 63 6 63 70.0% 60.0% 350.000 0.000 0.00 -4.90 0.00  1.99 0.00 696.00 0.0% | 1200.00   20.00 HI -50.00 -50.00
2026-09-27T09:11:21.584,DEMO,DEMO,DEMO_MODE,24f8f9829bf14f26914a962224c1ad3a,F1 :    700    4 0.10 -14.44 0.54 50.00  70.0  60.0,0.00 0.00 0.00 89.38 0.54 50.00 0.10 -14.44 6 63 6 63 70.0% 60.0% 350.000 0.000 0.00 -4.90 0.00  1.99 0.00 696.00 0.0% | 1200.00   20.00 HI -50.00 -50.00
2026-09-27T09:11:21.710,DEMO,DEMO,DEMO_MODE,24f8f9829bf14f26914a962224c1ad3a,F1 :    700    4 0.10 -14.44 0.54 50.00  70.0  60.0,0.00 0.00 0.00 89.38 0.54 50.00 0.10 -14.44 6 63 6 63 70.0% 60.0% 350.000 0.000 0.00 -4.90 0.00  1.99 0.00 696.00 0.0% | 1200.00   20.00 HI -50.00 -50.00
2026-09-27T09:11:21.831,DEMO,DEMO,DEMO_MODE,24f8f9829bf14f26914a962224c1ad3a,F1 :    700    4 0.10 -14.44 0.54 50.00  70.0  60.0,0.00 0.00 0.00 89.38 0.54 50.00 0.10 -14.44 6 63 6 63 70.0% 60.0% 350.000 0.000 0.00 -4.90 0.00  1.99 0.00 696.00 0.0% | 1200.00   20.00 HI -50.00 -50.00
2026-09-27T09:11:21.956,DEMO,DEMO,DEMO_MODE,24f8f9829bf14f26914a962224c1ad3a,F1 :    700    4 0.10 -14.44 0.54 50.00  70.0  60.0,0.00 0.00 0.00 89.38 0.54 50.00 0.10 -14.44 6 63 6 63 70.0% 60.0% 350.000 0.000 0.00 -4.90 0.00  1.99 0.00 696.00 0.0% | 1200.00   20.00 HI -50.00 -50.00
2026-09-27T09:11:22.077,DEMO,DEMO,DEMO_MODE,24f8f9829bf14f26914a962224c1ad3a,F1 :    700    4 0.10 -14.44 0.54 50.00  70.0  60.0,0.00 0.00 0.00 89.38 0.54 50.00 0.10 -14.44 6 63 6 63 70.0% 60.0% 350.000 0.000 0.00 -4.90 0.00  1.99 0.00 696.00 0.0% | 1200.00   20.00 HI -50.00 -50.00
2026-09-27T09:11:22.204,DEMO,DEMO,DEMO_MODE,24f8f9829bf14f26914a962224c1ad3a,F1 :    700    4 0.10 -14.44 0.54 50.00  70.0  60.0,0.00 0.00 0.00 89.38 0.54 50.00 0.10 -14.44 6 63 6 63 70.0% 60.0% 350.000 0.000 0.00 -4.90 0.00  1.99 0.00 696.00 0.0% | 1200.00   20.00 HI -50.00 -50.00
2026-09-27T09:11:22.324,DEMO,DEMO,DEMO_MODE,24f8f9829bf14f26914a962224c1ad3a,F1 :    700    4 0.10 -14.44 0.54 50.00  70.0  60.0,0.00 0.00 0.00 89.38 0.54 50.00 0.10 -14.44 6 63 6 63 70.0% 60.0% 350.000 0.000 0.00 -4.90 0.00  1.99 0.00 696.00 0.0% | 1200.00   20.00 HI -50.00 -50.00
2026-09-27T09:11:22.450,DEMO,DEMO,DEMO_MODE,24f8f9829bf14f26914a962224c1ad3a,F1 :    700    4 0.10 -14.44 0.54 50.00  70.0  60.0,0.00 0.00 0.00 89.38 0.54 50.00 0.10 -14.44 6 63 6 63 70.0% 60.0% 350.000 0.000 0.00 -4.90 0.00  1.99 0.00 696.00 0.0% | 1200.00   20.00 HI -50.00 -50.00
2026-09-27T09:11:22.577,DEMO,DEMO,DEMO_MODE,24f8f9829bf14f26914a962224c1ad3a,F1 :    700    4 0.10 -14.44 0.54 50.00  70.0  60.0,0.00 0.00 0.00 89.38 0.54 50.00 0.10 -14.44 6 63 6 63 70.0% 60.0% 350.000 0.000 0.00 -4.90 0.00  1.99 0.00 696.00 0.0% | 1200.00   20.00 HI -50.00 -50.00
2026-09-27T09:11:22.703,DEMO,DEMO,DEMO_MODE,24f8f9829bf14f26914a962224c1ad3a,F1 :    700    4 0.10 -14.44 0.54 50.00  70.0  60.0,0.00 0.00 0.00 89.38 0.54 50.00 0.10 -14.44 6 63 6 63 70.0% 60.0% 350.000 0.000 0.00 -4.90 0.00  1.99 0.00 696.00 0.0% | 1200.00   20.00 HI -50.00 -50.00
2026-09-27T09:11:22.824,DEMO,DEMO,DEMO_MODE,24f8f9829bf14f26914a962224c1ad3a,F1 :    700    4 0.10 -14.44 0.54 50.00  70.0  60.0,0.00 0.00 0.00 89.38 0.54 50.00 0.10 -14.44 6 63 6 63 70.0% 60.0% 350.000 0.000 0.00 -4.90 0.00  1.99 0.00 696.00 0.0% | 1200.00   20.00 HI -50.00 -50.00
2026-09-27T09:11:22.951,DEMO,DEMO,DEMO_MODE,24f8f9829bf14f26914a962224c1ad3a,F1 :    700    4 0.10 -14.44 0.54 50.00  70.0  60.0,0.00 0.00 0.00 89.38 0.54 50.00 0.10 -14.44 6 63 6 63 70.0% 60.0% 350.000 0.000 0.00 -4.90 0.00  1.99 0.00 696.00 0.0% | 1200.00   20.00 HI -50.00 -50.00
2026-09-27T09:11:23.072,DEMO,DEMO,DEMO_MODE,24f8f9829bf14f26914a962224c1ad3a,F1 :    700    4 0.10 -14.44 0.54 50.00  70.0  60.0,0.00 0.00 0.00 89.38 0.54 50.00 0.10 -14.44 6 63 6 63 70.0% 60.0% 350.000 0.000 0.00 -4.90 0.00  1.99 0.00 696.00 0.0% | 1200.00   20.00 HI -50.00 -50.00
2026-09-27T09:11:23.198,DEMO,DEMO,DEMO_MODE,24f8f9829bf14f26914a962224c1ad3a,F1 :    700    4 0.10 -14.44 0.54 50.00  70.0  60.0,0.00 0.00 0.00 89.38 0.54 50.00 0.10 -14.44 6 63 6 63 70.0% 60.0% 350.000 0.000 0.00 -4.90 0.00  1.99 0.00 696.00 0.0% | 1200.00   20.00 HI -50.00 -50.00
2026-09-27T09:11:23.319,DEMO,DEMO,DEMO_MODE,24f8f9829bf14f26914a962224c1ad3a,F1 :    700    4 0.10 -14.44 0.54 50.00  70.0  60.0,0.00 0.00 0.00 89.38 0.54 50.00 0.10 -14.44 6 63 6 63 70.0% 60.0% 350.000 0.000 0.00 -4.90 0.00  1.99 0.00 696.00 0.0% | 1200.00   20.00 HI -50.00 -50.00
2026-09-27T09:11:23.445,DEMO,DEMO,DEMO_MODE,24f8f9829bf14f26914a962224c1ad3a,F1 :    700    4 0.10 -14.44 0.54 50.00  70.0  60.0,0.00 0.00 0.00 89.38 0.54 50.00 0.10 -14.44 6 63 6 63 70.0% 60.0% 350.000 0.000 0.00 -4.90 0.00  1.99 0.00 696.00 0.0% | 1200.00   20.00 HI -50.00 -50.00
2026-09-27T09:11:23.583,DEMO,DEMO,DEMO_MODE,24f8f9829bf14f26914a962224c1ad3a,F1 :    700    4 0.10 -14.44 0.54 50.00  70.0  60.0,0.00 0.00 0.00 89.38 0.54 50.00 0.10 -14.44 6 63 6 63 70.0% 60.0% 350.000 0.000 0.00 -4.90 0.00  1.99 0.00 696.00 0.0% | 1200.00   20.00 HI -50.00 -50.00
2026-09-27T09:11:23.709,DEMO,DEMO,DEMO_MODE,24f8f9829bf14f26914a962224c1ad3a,F1 :    700    4 0.10 -14.44 0.54 50.00  70.0  60.0,0.00 0.00 0.00 89.38 0.54 50.00 0.10 -14.44 6 63 6 63 70.0% 60.0% 350.000 0.000 0.00 -4.90 0.00  1.99 0.00 696.00 0.0% | 1200.00   20.00 HI -50.00 -50.00
2026-09-27T09:11:23.830,DEMO,DEMO,DEMO_MODE,24f8f9829bf14f26914a962224c1ad3a,F1 :    700    4 0.10 -14.44 0.54 50.00  70.0  60.0,0.00 0.00 0.00 89.38 0.54 50.00 0.10 -14.44 6 63 6 63 70.0% 60.0% 350.000 0.000 0.00 -4.90 0.00  1.99 0.00 696.00 0.0% | 1200.00   20.00 HI -50.00 -50.00
2026-09-27T09:11:23.957,DEMO,DEMO,DEMO_MODE,24f8f9829bf14f26914a962224c1ad3a,F1 :    700    4 0.10 -14.44 0.54 50.00  70.0  60.0,0.00 0.00 0.00 89.38 0.54 50.00 0.10 -14.44 6 63 6 63 70.0% 60.0% 350.000 0.000 0.00 -4.90 0.00  1.99 0.00 696.00 0.0% | 1200.00   20.00 HI -50.00 -50.00
2026-09-27T09:11:24.078,DEMO,DEMO,DEMO_MODE,24f8f9829bf14f26914a962224c1ad3a,F1 :    700    4 0.10 -14.44 0.54 50.00  70.0  60.0,0.00 0.00 0.00 89.38 0.54 50.00 0.10 -14.44 6 63 6 63 70.0% 60.0% 350.000 0.000 0.00 -4.90 0.00  1.99 0.00 696.00 0.0% | 1200.00   20.00 HI -50.00 -50.00
2026-09-27T09:11:24.205,DEMO,DEMO,DEMO_MODE,24f8f9829bf14f26914a962224c1ad3a,F1 :    700    4 0.10 -14.44 0.54 50.00  70.0  60.0,0.00 0.00 0.00 89.38 0.54 50.00 0.10 -14.44 6 63 6 63 70.0% 60.0% 350.000 0.000 0.00 -4.90 0.00  1.99 0.00 696.00 0.0% | 1200.00   20.00 HI -50.00 -50.00
2026-09-27T09:11:24.325,DEMO,DEMO,DEMO_MODE,24f8f9829bf14f26914a962224c1ad3a,F1 :    700    4 0.10 -14.44 0.54 50.00  70.0  60.0,0.00 0.00 0.00 89.38 0.54 50.00 0.10 -14.44 6 63 6 63 70.0% 60.0% 350.000 0.000 0.00 -4.90 0.00  1.99 0.00 696.00 0.0% | 1200.00   20.00 HI -50.00 -50.00
2026-09-27T09:11:24.450,DEMO,DEMO,DEMO_MODE,24f8f9829bf14f26914a962224c1ad3a,F1 :    700    4 0.10 -14.44 0.54 50.00  70.0  60.0,0.00 0.00 0.00 89.38 0.54 50.00 0.10 -14.44 6 63 6 63 70.0% 60.0% 350.000 0.000 0.00 -4.90 0.00  1.99 0.00 696.00 0.0% | 1200.00   20.00 HI -50.00 -50.00
2026-09-27T09:11:24.571,DEMO,DEMO,DEMO_MODE,24f8f9829bf14f26914a962224c1ad3a,F1 :    700    4 0.10 -14.44 0.54 50.00  70.0  60.0,0.00 0.00 0.00 89.38 0.54 50.00 0.10 -14.44 6 63 6 63 70.0% 60.0% 350.000 0.000 0.00 -4.90 0.00  1.99 0.00 696.00 0.0% | 1200.00   20.00 HI -50.00 -50.00
2026-09-27T09:11:24.697,DEMO,DEMO,DEMO_MODE,24f8f9829bf14f26914a962224c1ad3a,F1 :    700    4 0.10 -14.44 0.54 50.00  70.0  60.0,0.00 0.00 0.00 89.38 0.54 50.00 0.10 -14.44 6 63 6 63 70.0% 60.0% 350.000 0.000 0.00 -4.90 0.00  1.99 0.00 696.00 0.0% | 1200.00   20.00 HI -50.00 -50.00
2026-09-27T09:11:24.817,DEMO,DEMO,DEMO_MODE,24f8f9829bf14f26914a962224c1ad3a,F1 :    700    4 0.10 -14.44 0.54 50.00  70.0  60.0,0.00 0.00 0.00 89.38 0.54 50.00 0.10 -14.44 6 63 6 63 70.0% 60.0% 350.000 0.000 0.00 -4.90 0.00  1.99 0.00 696.00 0.0% | 1200.00   20.00 HI -50.00 -50.00
2026-09-27T09:11:24.944,DEMO,DEMO,DEMO_MODE,24f8f9829bf14f26914a962224c1ad3a,F1 :    700    4 0.10 -14.44 0.54 50.00  70.0  60.0,0.00 0.00 0.00 89.38 0.54 50.00 0.10 -14.44 6 63 6 63 70.0% 60.0% 350.000 0.000 0.00 -4.90 0.00  1.99 0.00 696.00 0.0% | 1200.00   20.00 HI -50.00 -50.00
2026-09-27T09:11:25.065,DEMO,DEMO,DEMO_MODE,24f8f9829bf14f26914a962224c1ad3a,F1 :    700    4 0.10 -14.44 0.54 50.00  70.0  60.0,0.00 0.00 0.00 89.38 0.54 50.00 0.10 -14.44 6 63 6 63 70.0% 60.0% 350.000 0.000 0.00 -4.90 0.00  1.99 0.00 696.00 0.0% | 1200.00   20.00 HI -50.00 -50.00
2026-09-27T09:11:25.191,DEMO,DEMO,DEMO_MODE,24f8f9829bf14f26914a962224c1ad3a,F1 :    800    0 0.10 -14.44 0.54 50.00  80.0  64.0,0.00 0.00 0.00 89.38 0.54 50.00 0.10 -14.44 6 63 6 63 80.0% 64.0% 400.000 0.000 0.00 -4.90 0.00  2.00 0.00 800.00 0.0% | 1200.00   30.00 HI -50.00 -50.00
2026-09-27T09:11:25.311,DEMO,DEMO,DEMO_MODE,24f8f9829bf14f26914a962224c1ad3a,F1 :    800    0 0.10 -14.44 0.54 50.00  80.0  64.0,0.00 0.00 0.00 89.38 0.54 50.00 0.10 -14.44 6 63 6 63 80.0% 64.0% 400.000 0.000 0.00 -4.90 0.00  2.00 0.00 800.00 0.0% | 1200.00   30.00 HI -50.00 -50.00
2026-09-27T09:11:25.438,DEMO,DEMO,DEMO_MODE,24f8f9829bf14f26914a962224c1ad3a,F1 :    800    0 0.10 -14.44 0.54 50.00  80.0  64.0,0.00 0.00 0.00 89.38 0.54 50.00 0.10 -14.44 6 63 6 63 80.0% 64.0% 400.000 0.000 0.00 -4.90 0.00  2.00 0.00 800.00 0.0% | 1200.00   30.00 HI -50.00 -50.00
2026-09-27T09:11:25.559,DEMO,DEMO,DEMO_MODE,24f8f9829bf14f26914a962224c1ad3a,F1 :    800    0 0.10 -14.44 0.54 50.00  80.0  64.0,0.00 0.00 0.00 89.38 0.54 50.00 0.10 -14.44 6 63 6 63 80.0% 64.0% 400.000 0.000 0.00 -4.90 0.00  2.00 0.00 800.00 0.0% | 1200.00   30.00 HI -50.00 -50.00
2026-09-27T09:11:25.684,DEMO,DEMO,DEMO_MODE,24f8f9829bf14f26914a962224c1ad3a,F1 :    800    0 0.10 -14.44 0.54 50.00  80.0  64.0,0.00 0.00 0.00 89.38 0.54 50.00 0.10 -14.44 6 63 6 63 80.0% 64.0% 400.000 0.000 0.00 -4.90 0.00  2.00 0.00 800.00 0.0% | 1200.00   30.00 HI -50.00 -50.00
2026-09-27T09:11:25.805,DEMO,DEMO,DEMO_MODE,24f8f9829bf14f26914a962224c1ad3a,F1 :    800    0 0.10 -14.44 0.54 50.00  80.0  64.0,0.00 0.00 0.00 89.38 0.54 50.00 0.10 -14.44 6 63 6 63 80.0% 64.0% 400.000 0.000 0.00 -4.90 0.00  2.00 0.00 800.00 0.0% | 1200.00   30.00 HI -50.00 -50.00
2026-09-27T09:11:25.930,DEMO,DEMO,DEMO_MODE,24f8f9829bf14f26914a962224c1ad3a,F1 :    800    0 0.10 -14.44 0.54 50.00  80.0  64.0,0.00 0.00 0.00 89.38 0.54 50.00 0.10 -14.44 6 63 6 63 80.0% 64.0% 400.000 0.000 0.00 -4.90 0.00  2.00 0.00 800.00 0.0% | 1200.00   30.00 HI -50.00 -50.00
2026-09-27T09:11:26.051,DEMO,DEMO,DEMO_MODE,24f8f9829bf14f26914a962224c1ad3a,F1 :    800    0 0.10 -14.44 0.54 50.00  80.0  64.0,0.00 0.00 0.00 89.38 0.54 50.00 0.10 -14.44 6 63 6 63 80.0% 64.0% 400.000 0.000 0.00 -4.90 0.00  2.00 0.00 800.00 0.0% | 1200.00   30.00 HI -50.00 -50.00
2026-09-27T09:11:26.177,DEMO,DEMO,DEMO_MODE,24f8f9829bf14f26914a962224c1ad3a,F1 :    800    0 0.10 -14.44 0.54 50.00  80.0  64.0,0.00 0.00 0.00 89.38 0.54 50.00 0.10 -14.44 6 63 6 63 80.0% 64.0% 400.000 0.000 0.00 -4.90 0.00  2.00 0.00 800.00 0.0% | 1200.00   30.00 HI -50.00 -50.00
2026-09-27T09:11:26.299,DEMO,DEMO,DEMO_MODE,24f8f9829bf14f26914a962224c1ad3a,F1 :    800    0 0.10 -14.44 0.54 50.00  80.0  64.0,0.00 0.00 0.00 89.38 0.54 50.00 0.10 -14.44 6 63 6 63 80.0% 64.0% 400.000 0.000 0.00 -4.90 0.00  2.00 0.00 800.00 0.0% | 1200.00   30.00 HI -50.00 -50.00
2026-09-27T09:11:26.424,DEMO,DEMO,DEMO_MODE,24f8f9829bf14f26914a962224c1ad3a,F1 :    800    0 0.10 -14.44 0.54 50.00  80.0  64.0,0.00 0.00 0.00 89.38 0.54 50.00 0.10 -14.44 6 63 6 63 80.0% 64.0% 400.000 0.000 0.00 -4.90 0.00  2.00 0.00 800.00 0.0% | 1200.00   30.00 HI -50.00 -50.00
2026-09-27T09:11:26.545,DEMO,DEMO,DEMO_MODE,24f8f9829bf14f26914a962224c1ad3a,F1 :    800    0 0.10 -14.44 0.54 50.00  80.0  64.0,0.00 0.00 0.00 89.38 0.54 50.00 0.10 -14.44 6 63 6 63 80.0% 64.0% 400.000 0.000 0.00 -4.90 0.00  2.00 0.00 800.00 0.0% | 1200.00   30.00 HI -50.00 -50.00
2026-09-27T09:11:26.671,DEMO,DEMO,DEMO_MODE,24f8f9829bf14f26914a962224c1ad3a,F1 :    800    0 0.10 -14.44 0.54 50.00  80.0  64.0,0.00 0.00 0.00 89.38 0.54 50.00 0.10 -14.44 6 63 6 63 80.0% 64.0% 400.000 0.000 0.00 -4.90 0.00  2.00 0.00 800.00 0.0% | 1200.00   30.00 HI -50.00 -50.00
2026-09-27T09:11:26.791,DEMO,DEMO,DEMO_MODE,24f8f9829bf14f26914a962224c1ad3a,F1 :    800    0 0.10 -14.44 0.54 50.00  80.0  64.0,0.00 0.00 0.00 89.38 0.54 50.00 0.10 -14.44 6 63 6 63 80.0% 64.0% 400.000 0.000 0.00 -4.90 0.00  2.00 0.00 800.00 0.0% | 1200.00   30.00 HI -50.00 -50.00
2026-09-27T09:11:26.912,DEMO,DEMO,DEMO_MODE,24f8f9829bf14f26914a962224c1ad3a,F1 :    800    0 0.10 -14.44 0.54 50.00  80.0  64.0,0.00 0.00 0.00 89.38 0.54 50.00 0.10 -14.44 6 63 6 63 80.0% 64.0% 400.000 0.000 0.00 -4.90 0.00  2.00 0.00 800.00 0.0% | 1200.00   30.00 HI -50.00 -50.00
2026-09-27T09:11:27.032,DEMO,DEMO,DEMO_MODE,24f8f9829bf14f26914a962224c1ad3a,F1 :    800    0 0.10 -14.44 0.54 50.00  80.0  64.0,0.00 0.00 0.00 89.38 0.54 50.00 0.10 -14.44 6 63 6 63 80.0% 64.0% 400.000 0.000 0.00 -4.90 0.00  2.00 0.00 800.00 0.0% | 1200.00   30.00 HI -50.00 -50.00
2026-09-27T09:11:27.153,DEMO,DEMO,DEMO_MODE,24f8f9829bf14f26914a962224c1ad3a,F1 :    800    0 0.10 -14.44 0.54 50.00  80.0  64.0,0.00 0.00 0.00 89.38 0.54 50.00 0.10 -14.44 6 63 6 63 80.0% 64.0% 400.000 0.000 0.00 -4.90 0.00  2.00 0.00 800.00 0.0% | 1200.00   30.00 HI -50.00 -50.00
2026-09-27T09:11:27.273,DEMO,DEMO,DEMO_MODE,24f8f9829bf14f26914a962224c1ad3a,F1 :    800    0 0.10 -14.44 0.54 50.00  80.0  64.0,0.00 0.00 0.00 89.38 0.54 50.00 0.10 -14.44 6 63 6 63 80.0% 64.0% 400.000 0.000 0.00 -4.90 0.00  2.00 0.00 800.00 0.0% | 1200.00   30.00 HI -50.00 -50.00
2026-09-27T09:11:27.394,DEMO,DEMO,DEMO_MODE,24f8f9829bf14f26914a962224c1ad3a,F1 :    800    0 0.10 -14.44 0.54 50.00  80.0  64.0,0.00 0.00 0.00 89.38 0.54 50.00 0.10 -14.44 6 63 6 63 80.0% 64.0% 400.000 0.000 0.00 -4.90 0.00  2.00 0.00 800.00 0.0% | 1200.00   30.00 HI -50.00 -50.00
2026-09-27T09:11:27.515,DEMO,DEMO,DEMO_MODE,24f8f9829bf14f26914a962224c1ad3a,F1 :    800    0 0.10 -14.44 0.54 50.00  80.0  64.0,0.00 0.00 0.00 89.38 0.54 50.00 0.10 -14.44 6 63 6 63 80.0% 64.0% 400.000 0.000 0.00 -4.90 0.00  2.00 0.00 800.00 0.0% | 1200.00   30.00 HI -50.00 -50.00
2026-09-27T09:11:27.636,DEMO,DEMO,DEMO_MODE,24f8f9829bf14f26914a962224c1ad3a,F1 :    800    0 0.10 -14.44 0.54 50.00  80.0  64.0,0.00 0.00 0.00 89.38 0.54 50.00 0.10 -14.44 6 63 6 63 80.0% 64.0% 400.000 0.000 0.00 -4.90 0.00  2.00 0.00 800.00 0.0% | 1200.00   30.00 HI -50.00 -50.00
2026-09-27T09:11:27.756,DEMO,DEMO,DEMO_MODE,24f8f9829bf14f26914a962224c1ad3a,F1 :    800    0 0.10 -14.44 0.54 50.00  80.0  64.0,0.00 0.00 0.00 89.38 0.54 50.00 0.10 -14.44 6 63 6 63 80.0% 64.0% 400.000 0.000 0.00 -4.90 0.00  2.00 0.00 800.00 0.0% | 1200.00   30.00 HI -50.00 -50.00
2026-09-27T09:11:27.876,DEMO,DEMO,DEMO_MODE,24f8f9829bf14f26914a962224c1ad3a,F1 :    800    0 0.10 -14.44 0.54 50.00  80.0  64.0,0.00 0.00 0.00 89.38 0.54 50.00 0.10 -14.44 6 63 6 63 80.0% 64.0% 400.000 0.000 0.00 -4.90 0.00  2.00 0.00 800.00 0.0% | 1200.00   30.00 HI -50.00 -50.00
2026-09-27T09:11:27.997,DEMO,DEMO,DEMO_MODE,24f8f9829bf14f26914a962224c1ad3a,F1 :    800    0 0.10 -14.44 0.54 50.00  80.0  64.0,0.00 0.00 0.00 89.38 0.54 50.00 0.10 -14.44 6 63 6 63 80.0% 64.0% 400.000 0.000 0.00 -4.90 0.00  2.00 0.00 800.00 0.0% | 1200.00   30.00 HI -50.00 -50.00
2026-09-27T09:11:28.117,DEMO,DEMO,DEMO_MODE,24f8f9829bf14f26914a962224c1ad3a,F1 :    800    0 0.10 -14.44 0.54 50.00  80.0  64.0,0.00 0.00 0.00 89.38 0.54 50.00 0.10 -14.44 6 63 6 63 80.0% 64.0% 400.000 0.000 0.00 -4.90 0.00  2.00 0.00 800.00 0.0% | 1200.00   30.00 HI -50.00 -50.00
2026-09-27T09:11:28.238,DEMO,DEMO,DEMO_MODE,24f8f9829bf14f26914a962224c1ad3a,F1 :    800    0 0.10 -14.44 0.54 50.00  80.0  64.0,0.00 0.00 0.00 89.38 0.54 50.00 0.10 -14.44 6 63 6 63 80.0% 64.0% 400.000 0.000 0.00 -4.90 0.00  2.00 0.00 800.00 0.0% | 1200.00   30.00 HI -50.00 -50.00
2026-09-27T09:11:28.359,DEMO,DEMO,DEMO_MODE,24f8f9829bf14f26914a962224c1ad3a,F1 :    800    0 0.10 -14.44 0.54 50.00  80.0  64.0,0.00 0.00 0.00 89.38 0.54 50.00 0.10 -14.44 6 63 6 63 80.0% 64.0% 400.000 0.000 0.00 -4.90 0.00  2.00 0.00 800.00 0.0% | 1200.00   30.00 HI -50.00 -50.00
2026-09-27T09:11:28.485,DEMO,DEMO,DEMO_MODE,24f8f9829bf14f26914a962224c1ad3a,F1 :    800    0 0.10 -14.44 0.54 50.00  80.0  64.0,0.00 0.00 0.00 89.38 0.54 50.00 0.10 -14.44 6 63 6 63 80.0% 64.0% 400.000 0.000 0.00 -4.90 0.00  2.00 0.00 800.00 0.0% | 1200.00   30.00 HI -50.00 -50.00
2026-09-27T09:11:28.606,DEMO,DEMO,DEMO_MODE,24f8f9829bf14f26914a962224c1ad3a,F1 :    800    0 0.10 -14.44 0.54 50.00  80.0  64.0,0.00 0.00 0.00 89.38 0.54 50.00 0.10 -14.44 6 63 6 63 80.0% 64.0% 400.000 0.000 0.00 -4.90 0.00  2.00 0.00 800.00 0.0% | 1200.00   30.00 HI -50.00 -50.00
2026-09-27T09:11:28.730,DEMO,DEMO,DEMO_MODE,24f8f9829bf14f26914a962224c1ad3a,F1 :    800    0 0.10 -14.44 0.54 50.00  80.0  64.0,0.00 0.00 0.00 89.38 0.54 50.00 0.10 -14.44 6 63 6 63 80.0% 64.0% 400.000 0.000 0.00 -4.90 0.00  2.00 0.00 800.00 0.0% | 1200.00   30.00 HI -50.00 -50.00
2026-09-27T09:11:28.851,DEMO,DEMO,DEMO_MODE,24f8f9829bf14f26914a962224c1ad3a,F1 :    800    0 0.10 -14.44 0.54 50.00  80.0  64.0,0.00 0.00 0.00 89.38 0.54 50.00 0.10 -14.44 6 63 6 63 80.0% 64.0% 400.000 0.000 0.00 -4.90 0.00  2.00 0.00 800.00 0.0% | 1200.00   30.00 HI -50.00 -50.00
2026-09-27T09:11:28.977,DEMO,DEMO,DEMO_MODE,24f8f9829bf14f26914a962224c1ad3a,F1 :    800    0 0.10 -14.44 0.54 50.00  80.0  64.0,0.00 0.00 0.00 89.38 0.54 50.00 0.10 -14.44 6 63 6 63 80.0% 64.0% 400.000 0.000 0.00 -4.90 0.00  2.00 0.00 800.00 0.0% | 1200.00   30.00 HI -50.00 -50.00
2026-09-27T09:11:29.097,DEMO,DEMO,DEMO_MODE,24f8f9829bf14f26914a962224c1ad3a,F1 :    800    0 0.10 -14.44 0.54 50.00  80.0  64.0,0.00 0.00 0.00 89.38 0.54 50.00 0.10 -14.44 6 63 6 63 80.0% 64.0% 400.000 0.000 0.00 -4.90 0.00  2.00 0.00 800.00 0.0% | 1200.00   30.00 HI -50.00 -50.00
2026-09-27T09:11:29.224,DEMO,DEMO,DEMO_MODE,24f8f9829bf14f26914a962224c1ad3a,F1 :    800    0 0.10 -14.44 0.54 50.00  80.0  64.0,0.00 0.00 0.00 89.38 0.54 50.00 0.10 -14.44 6 63 6 63 80.0% 64.0% 400.000 0.000 0.00 -4.90 0.00  2.00 0.00 800.00 0.0% | 1200.00   30.00 HI -50.00 -50.00
2026-09-27T09:11:29.345,DEMO,DEMO,DEMO_MODE,24f8f9829bf14f26914a962224c1ad3a,F1 :    800    0 0.10 -14.44 0.54 50.00  80.0  64.0,0.00 0.00 0.00 89.38 0.54 50.00 0.10 -14.44 6 63 6 63 80.0% 64.0% 400.000 0.000 0.00 -4.90 0.00  2.00 0.00 800.00 0.0% | 1200.00   30.00 HI -50.00 -50.00
2026-09-27T09:11:29.471,DEMO,DEMO,DEMO_MODE,24f8f9829bf14f26914a962224c1ad3a,F1 :    800    0 0.10 -14.44 0.54 50.00  80.0  64.0,0.00 0.00 0.00 89.38 0.54 50.00 0.10 -14.44 6 63 6 63 80.0% 64.0% 400.000 0.000 0.00 -4.90 0.00  2.00 0.00 800.00 0.0% | 1200.00   30.00 HI -50.00 -50.00
2026-09-27T09:11:29.592,DEMO,DEMO,DEMO_MODE,24f8f9829bf14f26914a962224c1ad3a,F1 :    800    0 0.10 -14.44 0.54 50.00  80.0  64.0,0.00 0.00 0.00 89.38 0.54 50.00 0.10 -14.44 6 63 6 63 80.0% 64.0% 400.000 0.000 0.00 -4.90 0.00  2.00 0.00 800.00 0.0% | 1200.00   30.00 HI -50.00 -50.00
2026-09-27T09:11:29.717,DEMO,DEMO,DEMO_MODE,24f8f9829bf14f26914a962224c1ad3a,F1 :    800    0 0.10 -14.44 0.54 50.00  80.0  64.0,0.00 0.00 0.00 89.38 0.54 50.00 0.10 -14.44 6 63 6 63 80.0% 64.0% 400.000 0.000 0.00 -4.90 0.00  2.00 0.00 800.00 0.0% | 1200.00   30.00 HI -50.00 -50.00
2026-09-27T09:11:29.838,DEMO,DEMO,DEMO_MODE,24f8f9829bf14f26914a962224c1ad3a,F1 :    800    0 0.10 -14.44 0.54 50.00  80.0  64.0,0.00 0.00 0.00 89.38 0.54 50.00 0.10 -14.44 6 63 6 63 80.0% 64.0% 400.000 0.000 0.00 -4.90 0.00  2.00 0.00 800.00 0.0% | 1200.00   30.00 HI -50.00 -50.00
2026-09-27T09:11:29.964,DEMO,DEMO,DEMO_MODE,24f8f9829bf14f26914a962224c1ad3a,F1 :    800    0 0.10 -14.44 0.54 50.00  80.0  64.0,0.00 0.00 0.00 89.38 0.54 50.00 0.10 -14.44 6 63 6 63 80.0% 64.0% 400.000 0.000 0.00 -4.90 0.00  2.00 0.00 800.00 0.0% | 1200.00   30.00 HI -50.00 -50.00
2026-09-27T09:11:30.085,DEMO,DEMO,DEMO_MODE,24f8f9829bf14f26914a962224c1ad3a,F1 :    800    0 0.10 -14.44 0.54 50.00  80.0  64.0,0.00 0.00 0.00 89.38 0.54 50.00 0.10 -14.44 6 63 6 63 80.0% 64.0% 400.000 0.000 0.00 -4.90 0.00  2.00 0.00 800.00 0.0% | 1200.00   30.00 HI -50.00 -50.00
2026-09-27T09:11:30.210,DEMO,DEMO,DEMO_MODE,24f8f9829bf14f26914a962224c1ad3a,F1 :    800    0 0.10 -14.44 0.54 50.00  80.0  64.0,0.00 0.00 0.00 89.38 0.54 50.00 0.10 -14.44 6 63 6 63 80.0% 64.0% 400.000 0.000 0.00 -4.90 0.00  2.00 0.00 800.00 0.0% | 1200.00   30.00 HI -50.00 -50.00
2026-09-27T09:11:30.330,DEMO,DEMO,DEMO_MODE,24f8f9829bf14f26914a962224c1ad3a,F1 :    800    0 0.10 -14.44 0.54 50.00  80.0  68.0,0.00 0.00 0.00 89.38 0.54 50.00 0.10 -14.44 6 63 6 63 80.0% 68.0% 400.000 0.000 0.00 -4.90 0.00  2.00 0.00 800.00 0.0% | 1200.00   30.00 HI -50.00 -50.00
2026-09-27T09:11:30.456,DEMO,DEMO,DEMO_MODE,24f8f9829bf14f26914a962224c1ad3a,F1 :    800    0 0.10 -14.44 0.54 50.00  80.0  68.0,0.00 0.00 0.00 89.38 0.54 50.00 0.10 -14.44 6 63 6 63 80.0% 68.0% 400.000 0.000 0.00 -4.90 0.00  2.00 0.00 800.00 0.0% | 1200.00   30.00 HI -50.00 -50.00
2026-09-27T09:11:30.576,DEMO,DEMO,DEMO_MODE,24f8f9829bf14f26914a962224c1ad3a,F1 :    800    0 0.10 -14.44 0.54 50.00  80.0  68.0,0.00 0.00 0.00 89.38 0.54 50.00 0.10 -14.44 6 63 6 63 80.0% 68.0% 400.000 0.000 0.00 -4.90 0.00  2.00 0.00 800.00 0.0% | 1200.00   30.00 HI -50.00 -50.00
2026-09-27T09:11:30.703,DEMO,DEMO,DEMO_MODE,24f8f9829bf14f26914a962224c1ad3a,F1 :    800    0 0.10 -14.44 0.54 50.00  80.0  68.0,0.00 0.00 0.00 89.38 0.54 50.00 0.10 -14.44 6 63 6 63 80.0% 68.0% 400.000 0.000 0.00 -4.90 0.00  2.00 0.00 800.00 0.0% | 1200.00   30.00 HI -50.00 -50.00
2026-09-27T09:11:30.823,DEMO,DEMO,DEMO_MODE,24f8f9829bf14f26914a962224c1ad3a,F1 :    800    0 0.10 -14.44 0.54 50.00  80.0  68.0,0.00 0.00 0.00 89.38 0.54 50.00 0.10 -14.44 6 63 6 63 80.0% 68.0% 400.000 0.000 0.00 -4.90 0.00  2.00 0.00 800.00 0.0% | 1200.00   30.00 HI -50.00 -50.00
2026-09-27T09:11:30.950,DEMO,DEMO,DEMO_MODE,24f8f9829bf14f26914a962224c1ad3a,F1 :    800    0 0.10 -14.44 0.54 50.00  80.0  68.0,0.00 0.00 0.00 89.38 0.54 50.00 0.10 -14.44 6 63 6 63 80.0% 68.0% 400.000 0.000 0.00 -4.90 0.00  2.00 0.00 800.00 0.0% | 1200.00   30.00 HI -50.00 -50.00
2026-09-27T09:11:31.070,DEMO,DEMO,DEMO_MODE,24f8f9829bf14f26914a962224c1ad3a,F1 :    800    0 0.10 -14.44 0.54 50.00  80.0  68.0,0.00 0.00 0.00 89.38 0.54 50.00 0.10 -14.44 6 63 6 63 80.0% 68.0% 400.000 0.000 0.00 -4.90 0.00  2.00 0.00 800.00 0.0% | 1200.00   30.00 HI -50.00 -50.00
2026-09-27T09:11:31.197,DEMO,DEMO,DEMO_MODE,24f8f9829bf14f26914a962224c1ad3a,F1 :    800    0 0.10 -14.44 0.54 50.00  80.0  68.0,0.00 0.00 0.00 89.38 0.54 50.00 0.10 -14.44 6 63 6 63 80.0% 68.0% 400.000 0.000 0.00 -4.90 0.00  2.00 0.00 800.00 0.0% | 1200.00   30.00 HI -50.00 -50.00
2026-09-27T09:11:31.317,DEMO,DEMO,DEMO_MODE,24f8f9829bf14f26914a962224c1ad3a,F1 :    800    0 0.10 -14.44 0.54 50.00  80.0  68.0,0.00 0.00 0.00 89.38 0.54 50.00 0.10 -14.44 6 63 6 63 80.0% 68.0% 400.000 0.000 0.00 -4.90 0.00  2.00 0.00 800.00 0.0% | 1200.00   30.00 HI -50.00 -50.00
2026-09-27T09:11:31.444,DEMO,DEMO,DEMO_MODE,24f8f9829bf14f26914a962224c1ad3a,F1 :    800    0 0.10 -14.44 0.54 50.00  80.0  68.0,0.00 0.00 0.00 89.38 0.54 50.00 0.10 -14.44 6 63 6 63 80.0% 68.0% 400.000 0.000 0.00 -4.90 0.00  2.00 0.00 800.00 0.0% | 1200.00   30.00 HI -50.00 -50.00
2026-09-27T09:11:31.564,DEMO,DEMO,DEMO_MODE,24f8f9829bf14f26914a962224c1ad3a,F1 :    800    0 0.10 -14.44 0.54 50.00  80.0  68.0,0.00 0.00 0.00 89.38 0.54 50.00 0.10 -14.44 6 63 6 63 80.0% 68.0% 400.000 0.000 0.00 -4.90 0.00  2.00 0.00 800.00 0.0% | 1200.00   30.00 HI -50.00 -50.00
2026-09-27T09:11:31.690,DEMO,DEMO,DEMO_MODE,24f8f9829bf14f26914a962224c1ad3a,F1 :    800    0 0.10 -14.44 0.54 50.00  80.0  68.0,0.00 0.00 0.00 89.38 0.54 50.00 0.10 -14.44 6 63 6 63 80.0% 68.0% 400.000 0.000 0.00 -4.90 0.00  2.00 0.00 800.00 0.0% | 1200.00   30.00 HI -50.00 -50.00
2026-09-27T09:11:31.811,DEMO,DEMO,DEMO_MODE,24f8f9829bf14f26914a962224c1ad3a,F1 :    800    0 0.10 -14.44 0.54 50.00  80.0  68.0,0.00 0.00 0.00 89.38 0.54 50.00 0.10 -14.44 6 63 6 63 80.0% 68.0% 400.000 0.000 0.00 -4.90 0.00  2.00 0.00 800.00 0.0% | 1200.00   30.00 HI -50.00 -50.00
2026-09-27T09:11:31.937,DEMO,DEMO,DEMO_MODE,24f8f9829bf14f26914a962224c1ad3a,F1 :    800    0 0.10 -14.44 0.54 50.00  80.0  68.0,0.00 0.00 0.00 89.38 0.54 50.00 0.10 -14.44 6 63 6 63 80.0% 68.0% 400.000 0.000 0.00 -4.90 0.00  2.00 0.00 800.00 0.0% | 1200.00   30.00 HI -50.00 -50.00
2026-09-27T09:11:32.058,DEMO,DEMO,DEMO_MODE,24f8f9829bf14f26914a962224c1ad3a,F1 :    800    0 0.10 -14.44 0.54 50.00  80.0  68.0,0.00 0.00 0.00 89.38 0.54 50.00 0.10 -14.44 6 63 6 63 80.0% 68.0% 400.000 0.000 0.00 -4.90 0.00  2.00 0.00 800.00 0.0% | 1200.00   30.00 HI -50.00 -50.00
2026-09-27T09:11:32.184,DEMO,DEMO,DEMO_MODE,24f8f9829bf14f26914a962224c1ad3a,F1 :    800    0 0.10 -14.44 0.54 50.00  80.0  68.0,0.00 0.00 0.00 89.38 0.54 50.00 0.10 -14.44 6 63 6 63 80.0% 68.0% 400.000 0.000 0.00 -4.90 0.00  2.00 0.00 800.00 0.0% | 1200.00   30.00 HI -50.00 -50.00
2026-09-27T09:11:32.305,DEMO,DEMO,DEMO_MODE,24f8f9829bf14f26914a962224c1ad3a,F1 :    800    0 0.10 -14.44 0.54 50.00  80.0  68.0,0.00 0.00 0.00 89.38 0.54 50.00 0.10 -14.44 6 63 6 63 80.0% 68.0% 400.000 0.000 0.00 -4.90 0.00  2.00 0.00 800.00 0.0% | 1200.00   30.00 HI -50.00 -50.00
2026-09-27T09:11:32.432,DEMO,DEMO,DEMO_MODE,24f8f9829bf14f26914a962224c1ad3a,F1 :    800    0 0.10 -14.44 0.54 50.00  80.0  68.0,0.00 0.00 0.00 89.38 0.54 50.00 0.10 -14.44 6 63 6 63 80.0% 68.0% 400.000 0.000 0.00 -4.90 0.00  2.00 0.00 800.00 0.0% | 1200.00   30.00 HI -50.00 -50.00
2026-09-27T09:11:32.552,DEMO,DEMO,DEMO_MODE,24f8f9829bf14f26914a962224c1ad3a,F1 :    800    0 0.10 -14.44 0.54 50.00  80.0  68.0,0.00 0.00 0.00 89.38 0.54 50.00 0.10 -14.44 6 63 6 63 80.0% 68.0% 400.000 0.000 0.00 -4.90 0.00  2.00 0.00 800.00 0.0% | 1200.00   30.00 HI -50.00 -50.00
2026-09-27T09:11:32.678,DEMO,DEMO,DEMO_MODE,24f8f9829bf14f26914a962224c1ad3a,F1 :    800    0 0.10 -14.44 0.54 50.00  80.0  68.0,0.00 0.00 0.00 89.38 0.54 50.00 0.10 -14.44 6 63 6 63 80.0% 68.0% 400.000 0.000 0.00 -4.90 0.00  2.00 0.00 800.00 0.0% | 1200.00   30.00 HI -50.00 -50.00
2026-09-27T09:11:32.799,DEMO,DEMO,DEMO_MODE,24f8f9829bf14f26914a962224c1ad3a,F1 :    800    0 0.10 -14.44 0.54 50.00  80.0  68.0,0.00 0.00 0.00 89.38 0.54 50.00 0.10 -14.44 6 63 6 63 80.0% 68.0% 400.000 0.000 0.00 -4.90 0.00  2.00 0.00 800.00 0.0% | 1200.00   30.00 HI -50.00 -50.00
2026-09-27T09:11:32.925,DEMO,DEMO,DEMO_MODE,24f8f9829bf14f26914a962224c1ad3a,F1 :    800    0 0.10 -14.44 0.54 50.00  80.0  68.0,0.00 0.00 0.00 89.38 0.54 50.00 0.10 -14.44 6 63 6 63 80.0% 68.0% 400.000 0.000 0.00 -4.90 0.00  2.00 0.00 800.00 0.0% | 1200.00   30.00 HI -50.00 -50.00
2026-09-27T09:11:33.046,DEMO,DEMO,DEMO_MODE,24f8f9829bf14f26914a962224c1ad3a,F1 :    800    0 0.10 -14.44 0.54 50.00  80.0  68.0,0.00 0.00 0.00 89.38 0.54 50.00 0.10 -14.44 6 63 6 63 80.0% 68.0% 400.000 0.000 0.00 -4.90 0.00  2.00 0.00 800.00 0.0% | 1200.00   30.00 HI -50.00 -50.00
2026-09-27T09:11:33.171,DEMO,DEMO,DEMO_MODE,24f8f9829bf14f26914a962224c1ad3a,F1 :    800    0 0.10 -14.44 0.54 50.00  80.0  68.0,0.00 0.00 0.00 89.38 0.54 50.00 0.10 -14.44 6 63 6 63 80.0% 68.0% 400.000 0.000 0.00 -4.90 0.00  2.00 0.00 800.00 0.0% | 1200.00   30.00 HI -50.00 -50.00
2026-09-27T09:11:33.292,DEMO,DEMO,DEMO_MODE,24f8f9829bf14f26914a962224c1ad3a,F1 :    800    0 0.10 -14.44 0.54 50.00  80.0  68.0,0.00 0.00 0.00 89.38 0.54 50.00 0.10 -14.44 6 63 6 63 80.0% 68.0% 400.000 0.000 0.00 -4.90 0.00  2.00 0.00 800.00 0.0% | 1200.00   30.00 HI -50.00 -50.00
2026-09-27T09:11:33.417,DEMO,DEMO,DEMO_MODE,24f8f9829bf14f26914a962224c1ad3a,F1 :    800    0 0.10 -14.44 0.54 50.00  80.0  68.0,0.00 0.00 0.00 89.38 0.54 50.00 0.10 -14.44 6 63 6 63 80.0% 68.0% 400.000 0.000 0.00 -4.90 0.00  2.00 0.00 800.00 0.0% | 1200.00   30.00 HI -50.00 -50.00
2026-09-27T09:11:33.538,DEMO,DEMO,DEMO_MODE,24f8f9829bf14f26914a962224c1ad3a,F1 :    800    0 0.10 -14.44 0.54 50.00  80.0  68.0,0.00 0.00 0.00 89.38 0.54 50.00 0.10 -14.44 6 63 6 63 80.0% 68.0% 400.000 0.000 0.00 -4.90 0.00  2.00 0.00 800.00 0.0% | 1200.00   30.00 HI -50.00 -50.00
2026-09-27T09:11:33.659,DEMO,DEMO,DEMO_MODE,24f8f9829bf14f26914a962224c1ad3a,F1 :    800    0 0.10 -14.44 0.54 50.00  80.0  68.0,0.00 0.00 0.00 89.38 0.54 50.00 0.10 -14.44 6 63 6 63 80.0% 68.0% 400.000 0.000 0.00 -4.90 0.00  2.00 0.00 800.00 0.0% | 1200.00   30.00 HI -50.00 -50.00
2026-09-27T09:11:33.780,DEMO,DEMO,DEMO_MODE,24f8f9829bf14f26914a962224c1ad3a,F1 :    800    0 0.10 -14.44 0.54 50.00  80.0  68.0,0.00 0.00 0.00 89.38 0.54 50.00 0.10 -14.44 6 63 6 63 80.0% 68.0% 400.000 0.000 0.00 -4.90 0.00  2.00 0.00 800.00 0.0% | 1200.00   30.00 HI -50.00 -50.00
2026-09-27T09:11:33.900,DEMO,DEMO,DEMO_MODE,24f8f9829bf14f26914a962224c1ad3a,F1 :    800    0 0.10 -14.44 0.54 50.00  80.0  68.0,0.00 0.00 0.00 89.38 0.54 50.00 0.10 -14.44 6 63 6 63 80.0% 68.0% 400.000 0.000 0.00 -4.90 0.00  2.00 0.00 800.00 0.0% | 1200.00   30.00 HI -50.00 -50.00
2026-09-27T09:11:34.021,DEMO,DEMO,DEMO_MODE,24f8f9829bf14f26914a962224c1ad3a,F1 :    800    0 0.10 -14.44 0.54 50.00  80.0  68.0,0.00 0.00 0.00 89.38 0.54 50.00 0.10 -14.44 6 63 6 63 80.0% 68.0% 400.000 0.000 0.00 -4.90 0.00  2.00 0.00 800.00 0.0% | 1200.00   30.00 HI -50.00 -50.00
2026-09-27T09:11:34.142,DEMO,DEMO,DEMO_MODE,24f8f9829bf14f26914a962224c1ad3a,F1 :    800    0 0.10 -14.44 0.54 50.00  80.0  68.0,0.00 0.00 0.00 89.38 0.54 50.00 0.10 -14.44 6 63 6 63 80.0% 68.0% 400.000 0.000 0.00 -4.90 0.00  2.00 0.00 800.00 0.0% | 1200.00   30.00 HI -50.00 -50.00
2026-09-27T09:11:34.262,DEMO,DEMO,DEMO_MODE,24f8f9829bf14f26914a962224c1ad3a,F1 :    800    0 0.10 -14.44 0.54 50.00  80.0  68.0,0.00 0.00 0.00 89.38 0.54 50.00 0.10 -14.44 6 63 6 63 80.0% 68.0% 400.000 0.000 0.00 -4.90 0.00  2.00 0.00 800.00 0.0% | 1200.00   30.00 HI -50.00 -50.00
2026-09-27T09:11:34.383,DEMO,DEMO,DEMO_MODE,24f8f9829bf14f26914a962224c1ad3a,F1 :    800    1 0.10 -14.44 0.54 50.00  80.0  68.0,0.00 0.00 0.00 89.38 0.54 50.00 0.10 -14.44 6 63 6 63 80.0% 68.0% 400.000 0.000 0.00 -4.90 0.00  2.00 0.00 799.00 0.0% | 1200.00   30.00 HI -50.00 -50.00
2026-09-27T09:11:34.504,DEMO,DEMO,DEMO_MODE,24f8f9829bf14f26914a962224c1ad3a,F1 :    800    1 0.10 -14.44 0.54 50.00  80.0  68.0,0.00 0.00 0.00 89.38 0.54 50.00 0.10 -14.44 6 63 6 63 80.0% 68.0% 400.000 0.000 0.00 -4.90 0.00  2.00 0.00 799.00 0.0% | 1200.00   30.00 HI -50.00 -50.00
2026-09-27T09:11:34.625,DEMO,DEMO,DEMO_MODE,24f8f9829bf14f26914a962224c1ad3a,F1 :    800    1 0.10 -14.44 0.54 50.00  80.0  68.0,0.00 0.00 0.00 89.38 0.54 50.00 0.10 -14.44 6 63 6 63 80.0% 68.0% 400.000 0.000 0.00 -4.90 0.00  2.00 0.00 799.00 0.0% | 1200.00   30.00 HI -50.00 -50.00
2026-09-27T09:11:34.746,DEMO,DEMO,DEMO_MODE,24f8f9829bf14f26914a962224c1ad3a,F1 :    800    1 0.10 -14.44 0.54 50.00  80.0  68.0,0.00 0.00 0.00 89.38 0.54 50.00 0.10 -14.44 6 63 6 63 80.0% 68.0% 400.000 0.000 0.00 -4.90 0.00  2.00 0.00 799.00 0.0% | 1200.00   30.00 HI -50.00 -50.00
2026-09-27T09:11:34.867,DEMO,DEMO,DEMO_MODE,24f8f9829bf14f26914a962224c1ad3a,F1 :    800    1 0.10 -14.44 0.54 50.00  80.0  68.0,0.00 0.00 0.00 89.38 0.54 50.00 0.10 -14.44 6 63 6 63 80.0% 68.0% 400.000 0.000 0.00 -4.90 0.00  2.00 0.00 799.00 0.0% | 1200.00   30.00 HI -50.00 -50.00
2026-09-27T09:11:34.987,DEMO,DEMO,DEMO_MODE,24f8f9829bf14f26914a962224c1ad3a,F1 :    800    1 0.10 -14.44 0.54 50.00  80.0  68.0,0.00 0.00 0.00 89.38 0.54 50.00 0.10 -14.44 6 63 6 63 80.0% 68.0% 400.000 0.000 0.00 -4.90 0.00  2.00 0.00 799.00 0.0% | 1200.00   30.00 HI -50.00 -50.00
2026-09-27T09:11:35.107,DEMO,DEMO,DEMO_MODE,24f8f9829bf14f26914a962224c1ad3a,F1 :    800    1 0.10 -14.44 0.54 50.00  80.0  68.0,0.00 0.00 0.00 89.38 0.54 50.00 0.10 -14.44 6 63 6 63 80.0% 68.0% 400.000 0.000 0.00 -4.90 0.00  2.00 0.00 799.00 0.0% | 1200.00   30.00 HI -50.00 -50.00
2026-09-27T09:11:35.230,DEMO,DEMO,DEMO_MODE,24f8f9829bf14f26914a962224c1ad3a,F1 :    800    1 0.10 -14.44 0.54 50.00  80.0  68.0,0.00 0.00 0.00 89.38 0.54 50.00 0.10 -14.44 6 63 6 63 80.0% 68.0% 400.000 0.000 0.00 -4.90 0.00  2.00 0.00 799.00 0.0% | 1200.00   30.00 HI -50.00 -50.00
2026-09-27T09:11:35.350,DEMO,DEMO,DEMO_MODE,24f8f9829bf14f26914a962224c1ad3a,F1 :    800    1 0.10 -14.44 0.54 50.00  80.0  68.0,0.00 0.00 0.00 89.38 0.54 50.00 0.10 -14.44 6 63 6 63 80.0% 68.0% 400.000 0.000 0.00 -4.90 0.00  2.00 0.00 799.00 0.0% | 1200.00   30.00 HI -50.00 -50.00
2026-09-27T09:11:35.476,DEMO,DEMO,DEMO_MODE,24f8f9829bf14f26914a962224c1ad3a,F1 :    900    1 0.10 -14.44 0.54 50.00  90.0  72.0,0.00 0.00 0.00 89.38 0.54 50.00 0.10 -14.44 6 63 6 63 90.0% 72.0% 450.000 0.000 0.00 -4.90 0.00  2.00 0.00 899.00 0.0% | 1200.00   40.00 HI -50.00 -50.00
2026-09-27T09:11:35.597,DEMO,DEMO,DEMO_MODE,24f8f9829bf14f26914a962224c1ad3a,F1 :    900    1 0.10 -14.44 0.54 50.00  90.0  72.0,0.00 0.00 0.00 89.38 0.54 50.00 0.10 -14.44 6 63 6 63 90.0% 72.0% 450.000 0.000 0.00 -4.90 0.00  2.00 0.00 899.00 0.0% | 1200.00   40.00 HI -50.00 -50.00
2026-09-27T09:11:35.722,DEMO,DEMO,DEMO_MODE,24f8f9829bf14f26914a962224c1ad3a,F1 :    900    1 0.10 -14.44 0.54 50.00  90.0  72.0,0.00 0.00 0.00 89.38 0.54 50.00 0.10 -14.44 6 63 6 63 90.0% 72.0% 450.000 0.000 0.00 -4.90 0.00  2.00 0.00 899.00 0.0% | 1200.00   40.00 HI -50.00 -50.00
2026-09-27T09:11:35.843,DEMO,DEMO,DEMO_MODE,24f8f9829bf14f26914a962224c1ad3a,F1 :    900    1 0.10 -14.44 0.54 50.00  90.0  72.0,0.00 0.00 0.00 89.38 0.54 50.00 0.10 -14.44 6 63 6 63 90.0% 72.0% 450.000 0.000 0.00 -4.90 0.00  2.00 0.00 899.00 0.0% | 1200.00   40.00 HI -50.00 -50.00
2026-09-27T09:11:35.970,DEMO,DEMO,DEMO_MODE,24f8f9829bf14f26914a962224c1ad3a,F1 :    900    1 0.10 -14.44 0.54 50.00  90.0  72.0,0.00 0.00 0.00 89.38 0.54 50.00 0.10 -14.44 6 63 6 63 90.0% 72.0% 450.000 0.000 0.00 -4.90 0.00  2.00 0.00 899.00 0.0% | 1200.00   40.00 HI -50.00 -50.00
2026-09-27T09:11:36.090,DEMO,DEMO,DEMO_MODE,24f8f9829bf14f26914a962224c1ad3a,F1 :    900    1 0.10 -14.44 0.54 50.00  90.0  72.0,0.00 0.00 0.00 89.38 0.54 50.00 0.10 -14.44 6 63 6 63 90.0% 72.0% 450.000 0.000 0.00 -4.90 0.00  2.00 0.00 899.00 0.0% | 1200.00   40.00 HI -50.00 -50.00
2026-09-27T09:11:36.217,DEMO,DEMO,DEMO_MODE,24f8f9829bf14f26914a962224c1ad3a,F1 :    900    1 0.10 -14.44 0.54 50.00  90.0  72.0,0.00 0.00 0.00 89.38 0.54 50.00 0.10 -14.44 6 63 6 63 90.0% 72.0% 450.000 0.000 0.00 -4.90 0.00  2.00 0.00 899.00 0.0% | 1200.00   40.00 HI -50.00 -50.00
2026-09-27T09:11:36.338,DEMO,DEMO,DEMO_MODE,24f8f9829bf14f26914a962224c1ad3a,F1 :    900    1 0.10 -14.44 0.54 50.00  90.0  72.0,0.00 0.00 0.00 89.38 0.54 50.00 0.10 -14.44 6 63 6 63 90.0% 72.0% 450.000 0.000 0.00 -4.90 0.00  2.00 0.00 899.00 0.0% | 1200.00   40.00 HI -50.00 -50.00
2026-09-27T09:11:36.463,DEMO,DEMO,DEMO_MODE,24f8f9829bf14f26914a962224c1ad3a,F1 :    900    1 0.10 -14.44 0.54 50.00  90.0  72.0,0.00 0.00 0.00 89.38 0.54 50.00 0.10 -14.44 6 63 6 63 90.0% 72.0% 450.000 0.000 0.00 -4.90 0.00  2.00 0.00 899.00 0.0% | 1200.00   40.00 HI -50.00 -50.00
2026-09-27T09:11:36.584,DEMO,DEMO,DEMO_MODE,24f8f9829bf14f26914a962224c1ad3a,F1 :    900    1 0.10 -14.44 0.54 50.00  90.0  72.0,0.00 0.00 0.00 89.38 0.54 50.00 0.10 -14.44 6 63 6 63 90.0% 72.0% 450.000 0.000 0.00 -4.90 0.00  2.00 0.00 899.00 0.0% | 1200.00   40.00 HI -50.00 -50.00
2026-09-27T09:11:36.711,DEMO,DEMO,DEMO_MODE,24f8f9829bf14f26914a962224c1ad3a,F1 :    900    1 0.10 -14.44 0.54 50.00  90.0  72.0,0.00 0.00 0.00 89.38 0.54 50.00 0.10 -14.44 6 63 6 63 90.0% 72.0% 450.000 0.000 0.00 -4.90 0.00  2.00 0.00 899.00 0.0% | 1200.00   40.00 HI -50.00 -50.00
2026-09-27T09:11:36.831,DEMO,DEMO,DEMO_MODE,24f8f9829bf14f26914a962224c1ad3a,F1 :    900    1 0.10 -14.44 0.54 50.00  90.0  72.0,0.00 0.00 0.00 89.38 0.54 50.00 0.10 -14.44 6 63 6 63 90.0% 72.0% 450.000 0.000 0.00 -4.90 0.00  2.00 0.00 899.00 0.0% | 1200.00   40.00 HI -50.00 -50.00
2026-09-27T09:11:36.959,DEMO,DEMO,DEMO_MODE,24f8f9829bf14f26914a962224c1ad3a,F1 :    900    1 0.10 -14.44 0.54 50.00  90.0  72.0,0.00 0.00 0.00 89.38 0.54 50.00 0.10 -14.44 6 63 6 63 90.0% 72.0% 450.000 0.000 0.00 -4.90 0.00  2.00 0.00 899.00 0.0% | 1200.00   40.00 HI -50.00 -50.00
2026-09-27T09:11:37.079,DEMO,DEMO,DEMO_MODE,24f8f9829bf14f26914a962224c1ad3a,F1 :    900    1 0.10 -14.44 0.54 50.00  90.0  72.0,0.00 0.00 0.00 89.38 0.54 50.00 0.10 -14.44 6 63 6 63 90.0% 72.0% 450.000 0.000 0.00 -4.90 0.00  2.00 0.00 899.00 0.0% | 1200.00   40.00 HI -50.00 -50.00
2026-09-27T09:11:37.206,DEMO,DEMO,DEMO_MODE,24f8f9829bf14f26914a962224c1ad3a,F1 :    900    1 0.10 -14.44 0.54 50.00  90.0  72.0,0.00 0.00 0.00 89.38 0.54 50.00 0.10 -14.44 6 63 6 63 90.0% 72.0% 450.000 0.000 0.00 -4.90 0.00  2.00 0.00 899.00 0.0% | 1200.00   40.00 HI -50.00 -50.00
2026-09-27T09:11:37.327,DEMO,DEMO,DEMO_MODE,24f8f9829bf14f26914a962224c1ad3a,F1 :    900    1 0.10 -14.44 0.54 50.00  90.0  72.0,0.00 0.00 0.00 89.38 0.54 50.00 0.10 -14.44 6 63 6 63 90.0% 72.0% 450.000 0.000 0.00 -4.90 0.00  2.00 0.00 899.00 0.0% | 1200.00   40.00 HI -50.00 -50.00
2026-09-27T09:11:37.453,DEMO,DEMO,DEMO_MODE,24f8f9829bf14f26914a962224c1ad3a,F1 :    900    1 0.10 -14.44 0.54 50.00  90.0  72.0,0.00 0.00 0.00 89.38 0.54 50.00 0.10 -14.44 6 63 6 63 90.0% 72.0% 450.000 0.000 0.00 -4.90 0.00  2.00 0.00 899.00 0.0% | 1200.00   40.00 HI -50.00 -50.00
2026-09-27T09:11:37.574,DEMO,DEMO,DEMO_MODE,24f8f9829bf14f26914a962224c1ad3a,F1 :    900    1 0.10 -14.44 0.54 50.00  90.0  72.0,0.00 0.00 0.00 89.38 0.54 50.00 0.10 -14.44 6 63 6 63 90.0% 72.0% 450.000 0.000 0.00 -4.90 0.00  2.00 0.00 899.00 0.0% | 1200.00   40.00 HI -50.00 -50.00
2026-09-27T09:11:37.700,DEMO,DEMO,DEMO_MODE,24f8f9829bf14f26914a962224c1ad3a,F1 :    900    1 0.10 -14.44 0.54 50.00  90.0  72.0,0.00 0.00 0.00 89.38 0.54 50.00 0.10 -14.44 6 63 6 63 90.0% 72.0% 450.000 0.000 0.00 -4.90 0.00  2.00 0.00 899.00 0.0% | 1200.00   40.00 HI -50.00 -50.00
2026-09-27T09:11:37.821,DEMO,DEMO,DEMO_MODE,24f8f9829bf14f26914a962224c1ad3a,F1 :    900    1 0.10 -14.44 0.54 50.00  90.0  72.0,0.00 0.00 0.00 89.38 0.54 50.00 0.10 -14.44 6 63 6 63 90.0% 72.0% 450.000 0.000 0.00 -4.90 0.00  2.00 0.00 899.00 0.0% | 1200.00   40.00 HI -50.00 -50.00
2026-09-27T09:11:37.947,DEMO,DEMO,DEMO_MODE,24f8f9829bf14f26914a962224c1ad3a,F1 :    900    1 0.10 -14.44 0.54 50.00  90.0  72.0,0.00 0.00 0.00 89.38 0.54 50.00 0.10 -14.44 6 63 6 63 90.0% 72.0% 450.000 0.000 0.00 -4.90 0.00  2.00 0.00 899.00 0.0% | 1200.00   40.00 HI -50.00 -50.00
2026-09-27T09:11:38.068,DEMO,DEMO,DEMO_MODE,24f8f9829bf14f26914a962224c1ad3a,F1 :    900    1 0.10 -14.44 0.54 50.00  90.0  72.0,0.00 0.00 0.00 89.38 0.54 50.00 0.10 -14.44 6 63 6 63 90.0% 72.0% 450.000 0.000 0.00 -4.90 0.00  2.00 0.00 899.00 0.0% | 1200.00   40.00 HI -50.00 -50.00
2026-09-27T09:11:38.194,DEMO,DEMO,DEMO_MODE,24f8f9829bf14f26914a962224c1ad3a,F1 :    900    1 0.10 -14.44 0.54 50.00  90.0  72.0,0.00 0.00 0.00 89.38 0.54 50.00 0.10 -14.44 6 63 6 63 90.0% 72.0% 450.000 0.000 0.00 -4.90 0.00  2.00 0.00 899.00 0.0% | 1200.00   40.00 HI -50.00 -50.00
2026-09-27T09:11:38.314,DEMO,DEMO,DEMO_MODE,24f8f9829bf14f26914a962224c1ad3a,F1 :    900    1 0.10 -14.44 0.54 50.00  90.0  72.0,0.00 0.00 0.00 89.38 0.54 50.00 0.10 -14.44 6 63 6 63 90.0% 72.0% 450.000 0.000 0.00 -4.90 0.00  2.00 0.00 899.00 0.0% | 1200.00   40.00 HI -50.00 -50.00
2026-09-27T09:11:38.441,DEMO,DEMO,DEMO_MODE,24f8f9829bf14f26914a962224c1ad3a,F1 :    900    1 0.10 -14.44 0.54 50.00  90.0  72.0,0.00 0.00 0.00 89.38 0.54 50.00 0.10 -14.44 6 63 6 63 90.0% 72.0% 450.000 0.000 0.00 -4.90 0.00  2.00 0.00 899.00 0.0% | 1200.00   40.00 HI -50.00 -50.00
2026-09-27T09:11:38.561,DEMO,DEMO,DEMO_MODE,24f8f9829bf14f26914a962224c1ad3a,F1 :    900    1 0.10 -14.44 0.54 50.00  90.0  72.0,0.00 0.00 0.00 89.38 0.54 50.00 0.10 -14.44 6 63 6 63 90.0% 72.0% 450.000 0.000 0.00 -4.90 0.00  2.00 0.00 899.00 0.0% | 1200.00   40.00 HI -50.00 -50.00
2026-09-27T09:11:38.687,DEMO,DEMO,DEMO_MODE,24f8f9829bf14f26914a962224c1ad3a,F1 :    900    1 0.10 -14.44 0.54 50.00  90.0  72.0,0.00 0.00 0.00 89.38 0.54 50.00 0.10 -14.44 6 63 6 63 90.0% 72.0% 450.000 0.000 0.00 -4.90 0.00  2.00 0.00 899.00 0.0% | 1200.00   40.00 HI -50.00 -50.00
2026-09-27T09:11:38.808,DEMO,DEMO,DEMO_MODE,24f8f9829bf14f26914a962224c1ad3a,F1 :    900    1 0.10 -14.44 0.54 50.00  90.0  72.0,0.00 0.00 0.00 89.38 0.54 50.00 0.10 -14.44 6 63 6 63 90.0% 72.0% 450.000 0.000 0.00 -4.90 0.00  2.00 0.00 899.00 0.0% | 1200.00   40.00 HI -50.00 -50.00
2026-09-27T09:11:38.934,DEMO,DEMO,DEMO_MODE,24f8f9829bf14f26914a962224c1ad3a,F1 :    900    1 0.10 -14.44 0.54 50.00  90.0  72.0,0.00 0.00 0.00 89.38 0.54 50.00 0.10 -14.44 6 63 6 63 90.0% 72.0% 450.000 0.000 0.00 -4.90 0.00  2.00 0.00 899.00 0.0% | 1200.00   40.00 HI -50.00 -50.00
2026-09-27T09:11:39.055,DEMO,DEMO,DEMO_MODE,24f8f9829bf14f26914a962224c1ad3a,F1 :    900    1 0.10 -14.44 0.54 50.00  90.0  72.0,0.00 0.00 0.00 89.38 0.54 50.00 0.10 -14.44 6 63 6 63 90.0% 72.0% 450.000 0.000 0.00 -4.90 0.00  2.00 0.00 899.00 0.0% | 1200.00   40.00 HI -50.00 -50.00
2026-09-27T09:11:39.180,DEMO,DEMO,DEMO_MODE,24f8f9829bf14f26914a962224c1ad3a,F1 :    900    1 0.10 -14.44 0.54 50.00  90.0  72.0,0.00 0.00 0.00 89.38 0.54 50.00 0.10 -14.44 6 63 6 63 90.0% 72.0% 450.000 0.000 0.00 -4.90 0.00  2.00 0.00 899.00 0.0% | 1200.00   40.00 HI -50.00 -50.00
2026-09-27T09:11:39.301,DEMO,DEMO,DEMO_MODE,24f8f9829bf14f26914a962224c1ad3a,F1 :    900    1 0.10 -14.44 0.54 50.00  90.0  72.0,0.00 0.00 0.00 89.38 0.54 50.00 0.10 -14.44 6 63 6 63 90.0% 72.0% 450.000 0.000 0.00 -4.90 0.00  2.00 0.00 899.00 0.0% | 1200.00   40.00 HI -50.00 -50.00
2026-09-27T09:11:39.427,DEMO,DEMO,DEMO_MODE,24f8f9829bf14f26914a962224c1ad3a,F1 :    900    1 0.10 -14.44 0.54 50.00  90.0  72.0,0.00 0.00 0.00 89.38 0.54 50.00 0.10 -14.44 6 63 6 63 90.0% 72.0% 450.000 0.000 0.00 -4.90 0.00  2.00 0.00 899.00 0.0% | 1200.00   40.00 HI -50.00 -50.00
2026-09-27T09:11:39.549,DEMO,DEMO,DEMO_MODE,24f8f9829bf14f26914a962224c1ad3a,F1 :    900    1 0.10 -14.44 0.54 50.00  90.0  72.0,0.00 0.00 0.00 89.38 0.54 50.00 0.10 -14.44 6 63 6 63 90.0% 72.0% 450.000 0.000 0.00 -4.90 0.00  2.00 0.00 899.00 0.0% | 1200.00   40.00 HI -50.00 -50.00
2026-09-27T09:11:39.676,DEMO,DEMO,DEMO_MODE,24f8f9829bf14f26914a962224c1ad3a,F1 :    900    1 0.10 -14.44 0.54 50.00  90.0  72.0,0.00 0.00 0.00 89.38 0.54 50.00 0.10 -14.44 6 63 6 63 90.0% 72.0% 450.000 0.000 0.00 -4.90 0.00  2.00 0.00 899.00 0.0% | 1200.00   40.00 HI -50.00 -50.00
2026-09-27T09:11:39.797,DEMO,DEMO,DEMO_MODE,24f8f9829bf14f26914a962224c1ad3a,F1 :    900    1 0.10 -14.44 0.54 50.00  90.0  72.0,0.00 0.00 0.00 89.38 0.54 50.00 0.10 -14.44 6 63 6 63 90.0% 72.0% 450.000 0.000 0.00 -4.90 0.00  2.00 0.00 899.00 0.0% | 1200.00   40.00 HI -50.00 -50.00
2026-09-27T09:11:39.925,DEMO,DEMO,DEMO_MODE,24f8f9829bf14f26914a962224c1ad3a,F1 :    900    1 0.10 -14.44 0.54 50.00  90.0  72.0,0.00 0.00 0.00 89.38 0.54 50.00 0.10 -14.44 6 63 6 63 90.0% 72.0% 450.000 0.000 0.00 -4.90 0.00  2.00 0.00 899.00 0.0% | 1200.00   40.00 HI -50.00 -50.00
2026-09-27T09:11:40.046,DEMO,DEMO,DEMO_MODE,24f8f9829bf14f26914a962224c1ad3a,F1 :    900    1 0.10 -14.44 0.54 50.00  90.0  72.0,0.00 0.00 0.00 89.38 0.54 50.00 0.10 -14.44 6 63 6 63 90.0% 72.0% 450.000 0.000 0.00 -4.90 0.00  2.00 0.00 899.00 0.0% | 1200.00   40.00 HI -50.00 -50.00
2026-09-27T09:11:40.173,DEMO,DEMO,DEMO_MODE,24f8f9829bf14f26914a962224c1ad3a,F1 :    900    1 0.10 -14.44 0.54 50.00  90.0  72.0,0.00 0.00 0.00 89.38 0.54 50.00 0.10 -14.44 6 63 6 63 90.0% 72.0% 450.000 0.000 0.00 -4.90 0.00  2.00 0.00 899.00 0.0% | 1200.00   40.00 HI -50.00 -50.00
2026-09-27T09:11:40.294,DEMO,DEMO,DEMO_MODE,24f8f9829bf14f26914a962224c1ad3a,F1 :    900    1 0.10 -14.44 0.54 50.00  90.0  72.0,0.00 0.00 0.00 89.38 0.54 50.00 0.10 -14.44 6 63 6 63 90.0% 72.0% 450.000 0.000 0.00 -4.90 0.00  2.00 0.00 899.00 0.0% | 1200.00   40.00 HI -50.00 -50.00
2026-09-27T09:11:40.414,DEMO,DEMO,DEMO_MODE,24f8f9829bf14f26914a962224c1ad3a,F1 :    900    1 0.10 -14.44 0.54 50.00  90.0  72.0,0.00 0.00 0.00 89.38 0.54 50.00 0.10 -14.44 6 63 6 63 90.0% 72.0% 450.000 0.000 0.00 -4.90 0.00  2.00 0.00 899.00 0.0% | 1200.00   40.00 HI -50.00 -50.00
2026-09-27T09:11:40.535,DEMO,DEMO,DEMO_MODE,24f8f9829bf14f26914a962224c1ad3a,F1 :    900    1 0.10 -14.44 0.54 50.00  90.0  76.0,0.00 0.00 0.00 89.38 0.54 50.00 0.10 -14.44 6 63 6 63 90.0% 76.0% 450.000 0.000 0.00 -4.90 0.00  2.00 0.00 899.00 0.0% | 1200.00   40.00 HI -50.00 -50.00
2026-09-27T09:11:40.655,DEMO,DEMO,DEMO_MODE,24f8f9829bf14f26914a962224c1ad3a,F1 :    900    1 0.10 -14.44 0.54 50.00  90.0  76.0,0.00 0.00 0.00 89.38 0.54 50.00 0.10 -14.44 6 63 6 63 90.0% 76.0% 450.000 0.000 0.00 -4.90 0.00  2.00 0.00 899.00 0.0% | 1200.00   40.00 HI -50.00 -50.00
2026-09-27T09:11:40.776,DEMO,DEMO,DEMO_MODE,24f8f9829bf14f26914a962224c1ad3a,F1 :    900    1 0.10 -14.44 0.54 50.00  90.0  76.0,0.00 0.00 0.00 89.38 0.54 50.00 0.10 -14.44 6 63 6 63 90.0% 76.0% 450.000 0.000 0.00 -4.90 0.00  2.00 0.00 899.00 0.0% | 1200.00   40.00 HI -50.00 -50.00
2026-09-27T09:11:40.896,DEMO,DEMO,DEMO_MODE,24f8f9829bf14f26914a962224c1ad3a,F1 :    900    1 0.10 -14.44 0.54 50.00  90.0  76.0,0.00 0.00 0.00 89.38 0.54 50.00 0.10 -14.44 6 63 6 63 90.0% 76.0% 450.000 0.000 0.00 -4.90 0.00  2.00 0.00 899.00 0.0% | 1200.00   40.00 HI -50.00 -50.00
2026-09-27T09:11:41.017,DEMO,DEMO,DEMO_MODE,24f8f9829bf14f26914a962224c1ad3a,F1 :    900    1 0.10 -14.44 0.54 50.00  90.0  76.0,0.00 0.00 0.00 89.38 0.54 50.00 0.10 -14.44 6 63 6 63 90.0% 76.0% 450.000 0.000 0.00 -4.90 0.00  2.00 0.00 899.00 0.0% | 1200.00   40.00 HI -50.00 -50.00
2026-09-27T09:11:41.137,DEMO,DEMO,DEMO_MODE,24f8f9829bf14f26914a962224c1ad3a,F1 :    900    1 0.10 -14.44 0.54 50.00  90.0  76.0,0.00 0.00 0.00 89.38 0.54 50.00 0.10 -14.44 6 63 6 63 90.0% 76.0% 450.000 0.000 0.00 -4.90 0.00  2.00 0.00 899.00 0.0% | 1200.00   40.00 HI -50.00 -50.00
2026-09-27T09:11:41.258,DEMO,DEMO,DEMO_MODE,24f8f9829bf14f26914a962224c1ad3a,F1 :    900    1 0.10 -14.44 0.54 50.00  90.0  76.0,0.00 0.00 0.00 89.38 0.54 50.00 0.10 -14.44 6 63 6 63 90.0% 76.0% 450.000 0.000 0.00 -4.90 0.00  2.00 0.00 899.00 0.0% | 1200.00   40.00 HI -50.00 -50.00
2026-09-27T09:11:41.378,DEMO,DEMO,DEMO_MODE,24f8f9829bf14f26914a962224c1ad3a,F1 :    900    1 0.10 -14.44 0.54 50.00  90.0  76.0,0.00 0.00 0.00 89.38 0.54 50.00 0.10 -14.44 6 63 6 63 90.0% 76.0% 450.000 0.000 0.00 -4.90 0.00  2.00 0.00 899.00 0.0% | 1200.00   40.00 HI -50.00 -50.00
2026-09-27T09:11:41.499,DEMO,DEMO,DEMO_MODE,24f8f9829bf14f26914a962224c1ad3a,F1 :    900    1 0.10 -14.44 0.54 50.00  90.0  76.0,0.00 0.00 0.00 89.38 0.54 50.00 0.10 -14.44 6 63 6 63 90.0% 76.0% 450.000 0.000 0.00 -4.90 0.00  2.00 0.00 899.00 0.0% | 1200.00   40.00 HI -50.00 -50.00
2026-09-27T09:11:41.619,DEMO,DEMO,DEMO_MODE,24f8f9829bf14f26914a962224c1ad3a,F1 :    900    1 0.10 -14.44 0.54 50.00  90.0  76.0,0.00 0.00 0.00 89.38 0.54 50.00 0.10 -14.44 6 63 6 63 90.0% 76.0% 450.000 0.000 0.00 -4.90 0.00  2.00 0.00 899.00 0.0% | 1200.00   40.00 HI -50.00 -50.00
2026-09-27T09:11:41.740,DEMO,DEMO,DEMO_MODE,24f8f9829bf14f26914a962224c1ad3a,F1 :    900    1 0.10 -14.44 0.54 50.00  90.0  76.0,0.00 0.00 0.00 89.38 0.54 50.00 0.10 -14.44 6 63 6 63 90.0% 76.0% 450.000 0.000 0.00 -4.90 0.00  2.00 0.00 899.00 0.0% | 1200.00   40.00 HI -50.00 -50.00
2026-09-27T09:11:41.861,DEMO,DEMO,DEMO_MODE,24f8f9829bf14f26914a962224c1ad3a,F1 :    900    1 0.10 -14.44 0.54 50.00  90.0  76.0,0.00 0.00 0.00 89.38 0.54 50.00 0.10 -14.44 6 63 6 63 90.0% 76.0% 450.000 0.000 0.00 -4.90 0.00  2.00 0.00 899.00 0.0% | 1200.00   40.00 HI -50.00 -50.00
2026-09-27T09:11:41.983,DEMO,DEMO,DEMO_MODE,24f8f9829bf14f26914a962224c1ad3a,F1 :    900    1 0.10 -14.44 0.54 50.00  90.0  76.0,0.00 0.00 0.00 89.38 0.54 50.00 0.10 -14.44 6 63 6 63 90.0% 76.0% 450.000 0.000 0.00 -4.90 0.00  2.00 0.00 899.00 0.0% | 1200.00   40.00 HI -50.00 -50.00
2026-09-27T09:11:42.104,DEMO,DEMO,DEMO_MODE,24f8f9829bf14f26914a962224c1ad3a,F1 :    900    1 0.10 -14.44 0.54 50.00  90.0  76.0,0.00 0.00 0.00 89.38 0.54 50.00 0.10 -14.44 6 63 6 63 90.0% 76.0% 450.000 0.000 0.00 -4.90 0.00  2.00 0.00 899.00 0.0% | 1200.00   40.00 HI -50.00 -50.00
2026-09-27T09:11:42.231,DEMO,DEMO,DEMO_MODE,24f8f9829bf14f26914a962224c1ad3a,F1 :    900    1 0.10 -14.44 0.54 50.00  90.0  76.0,0.00 0.00 0.00 89.38 0.54 50.00 0.10 -14.44 6 63 6 63 90.0% 76.0% 450.000 0.000 0.00 -4.90 0.00  2.00 0.00 899.00 0.0% | 1200.00   40.00 HI -50.00 -50.00
2026-09-27T09:11:42.357,DEMO,DEMO,DEMO_MODE,24f8f9829bf14f26914a962224c1ad3a,F1 :    900    1 0.10 -14.44 0.54 50.00  90.0  76.0,0.00 0.00 0.00 89.38 0.54 50.00 0.10 -14.44 6 63 6 63 90.0% 76.0% 450.000 0.000 0.00 -4.90 0.00  2.00 0.00 899.00 0.0% | 1200.00   40.00 HI -50.00 -50.00
2026-09-27T09:11:42.483,DEMO,DEMO,DEMO_MODE,24f8f9829bf14f26914a962224c1ad3a,F1 :    900    1 0.10 -14.44 0.54 50.00  90.0  76.0,0.00 0.00 0.00 89.38 0.54 50.00 0.10 -14.44 6 63 6 63 90.0% 76.0% 450.000 0.000 0.00 -4.90 0.00  2.00 0.00 899.00 0.0% | 1200.00   40.00 HI -50.00 -50.00
2026-09-27T09:11:42.603,DEMO,DEMO,DEMO_MODE,24f8f9829bf14f26914a962224c1ad3a,F1 :    900    1 0.10 -14.44 0.54 50.00  90.0  76.0,0.00 0.00 0.00 89.38 0.54 50.00 0.10 -14.44 6 63 6 63 90.0% 76.0% 450.000 0.000 0.00 -4.90 0.00  2.00 0.00 899.00 0.0% | 1200.00   40.00 HI -50.00 -50.00
2026-09-27T09:11:42.729,DEMO,DEMO,DEMO_MODE,24f8f9829bf14f26914a962224c1ad3a,F1 :    900    1 0.10 -14.44 0.54 50.00  90.0  76.0,0.00 0.00 0.00 89.38 0.54 50.00 0.10 -14.44 6 63 6 63 90.0% 76.0% 450.000 0.000 0.00 -4.90 0.00  2.00 0.00 899.00 0.0% | 1200.00   40.00 HI -50.00 -50.00
2026-09-27T09:11:42.849,DEMO,DEMO,DEMO_MODE,24f8f9829bf14f26914a962224c1ad3a,F1 :    900    1 0.10 -14.44 0.54 50.00  90.0  76.0,0.00 0.00 0.00 89.38 0.54 50.00 0.10 -14.44 6 63 6 63 90.0% 76.0% 450.000 0.000 0.00 -4.90 0.00  2.00 0.00 899.00 0.0% | 1200.00   40.00 HI -50.00 -50.00
2026-09-27T09:11:42.975,DEMO,DEMO,DEMO_MODE,24f8f9829bf14f26914a962224c1ad3a,F1 :    900    1 0.10 -14.44 0.54 50.00  90.0  76.0,0.00 0.00 0.00 89.38 0.54 50.00 0.10 -14.44 6 63 6 63 90.0% 76.0% 450.000 0.000 0.00 -4.90 0.00  2.00 0.00 899.00 0.0% | 1200.00   40.00 HI -50.00 -50.00
2026-09-27T09:11:43.096,DEMO,DEMO,DEMO_MODE,24f8f9829bf14f26914a962224c1ad3a,F1 :    900    1 0.10 -14.44 0.54 50.00  90.0  76.0,0.00 0.00 0.00 89.38 0.54 50.00 0.10 -14.44 6 63 6 63 90.0% 76.0% 450.000 0.000 0.00 -4.90 0.00  2.00 0.00 899.00 0.0% | 1200.00   40.00 HI -50.00 -50.00
2026-09-27T09:11:43.223,DEMO,DEMO,DEMO_MODE,24f8f9829bf14f26914a962224c1ad3a,F1 :    900    1 0.10 -14.44 0.54 50.00  90.0  76.0,0.00 0.00 0.00 89.38 0.54 50.00 0.10 -14.44 6 63 6 63 90.0% 76.0% 450.000 0.000 0.00 -4.90 0.00  2.00 0.00 899.00 0.0% | 1200.00   40.00 HI -50.00 -50.00
2026-09-27T09:11:43.343,DEMO,DEMO,DEMO_MODE,24f8f9829bf14f26914a962224c1ad3a,F1 :    900    1 0.10 -14.44 0.54 50.00  90.0  76.0,0.00 0.00 0.00 89.38 0.54 50.00 0.10 -14.44 6 63 6 63 90.0% 76.0% 450.000 0.000 0.00 -4.90 0.00  2.00 0.00 899.00 0.0% | 1200.00   40.00 HI -50.00 -50.00
2026-09-27T09:11:43.470,DEMO,DEMO,DEMO_MODE,24f8f9829bf14f26914a962224c1ad3a,F1 :    900    1 0.10 -14.44 0.54 50.00  90.0  76.0,0.00 0.00 0.00 89.38 0.54 50.00 0.10 -14.44 6 63 6 63 90.0% 76.0% 450.000 0.000 0.00 -4.90 0.00  2.00 0.00 899.00 0.0% | 1200.00   40.00 HI -50.00 -50.00
2026-09-27T09:11:43.591,DEMO,DEMO,DEMO_MODE,24f8f9829bf14f26914a962224c1ad3a,F1 :    900    2 0.10 -14.44 0.54 50.00  90.0  76.0,0.00 0.00 0.00 89.38 0.54 50.00 0.10 -14.44 6 63 6 63 90.0% 76.0% 450.000 0.000 0.00 -4.90 0.00  2.00 0.00 898.00 0.0% | 1200.00   40.00 HI -50.00 -50.00
2026-09-27T09:11:43.717,DEMO,DEMO,DEMO_MODE,24f8f9829bf14f26914a962224c1ad3a,F1 :    900    2 0.10 -14.44 0.54 50.00  90.0  76.0,0.00 0.00 0.00 89.38 0.54 50.00 0.10 -14.44 6 63 6 63 90.0% 76.0% 450.000 0.000 0.00 -4.90 0.00  2.00 0.00 898.00 0.0% | 1200.00   40.00 HI -50.00 -50.00
2026-09-27T09:11:43.838,DEMO,DEMO,DEMO_MODE,24f8f9829bf14f26914a962224c1ad3a,F1 :    900    2 0.10 -14.44 0.54 50.00  90.0  76.0,0.00 0.00 0.00 89.38 0.54 50.00 0.10 -14.44 6 63 6 63 90.0% 76.0% 450.000 0.000 0.00 -4.90 0.00  2.00 0.00 898.00 0.0% | 1200.00   40.00 HI -50.00 -50.00
2026-09-27T09:11:43.963,DEMO,DEMO,DEMO_MODE,24f8f9829bf14f26914a962224c1ad3a,F1 :    900    2 0.10 -14.44 0.54 50.00  90.0  76.0,0.00 0.00 0.00 89.38 0.54 50.00 0.10 -14.44 6 63 6 63 90.0% 76.0% 450.000 0.000 0.00 -4.90 0.00  2.00 0.00 898.00 0.0% | 1200.00   40.00 HI -50.00 -50.00
2026-09-27T09:11:44.084,DEMO,DEMO,DEMO_MODE,24f8f9829bf14f26914a962224c1ad3a,F1 :    900    2 0.10 -14.44 0.54 50.00  90.0  76.0,0.00 0.00 0.00 89.38 0.54 50.00 0.10 -14.44 6 63 6 63 90.0% 76.0% 450.000 0.000 0.00 -4.90 0.00  2.00 0.00 898.00 0.0% | 1200.00   40.00 HI -50.00 -50.00
2026-09-27T09:11:44.210,DEMO,DEMO,DEMO_MODE,24f8f9829bf14f26914a962224c1ad3a,F1 :    900    2 0.10 -14.44 0.54 50.00  90.0  76.0,0.00 0.00 0.00 89.38 0.54 50.00 0.10 -14.44 6 63 6 63 90.0% 76.0% 450.000 0.000 0.00 -4.90 0.00  2.00 0.00 898.00 0.0% | 1200.00   40.00 HI -50.00 -50.00
2026-09-27T09:11:44.331,DEMO,DEMO,DEMO_MODE,24f8f9829bf14f26914a962224c1ad3a,F1 :    900    2 0.10 -14.44 0.54 50.00  90.0  76.0,0.00 0.00 0.00 89.38 0.54 50.00 0.10 -14.44 6 63 6 63 90.0% 76.0% 450.000 0.000 0.00 -4.90 0.00  2.00 0.00 898.00 0.0% | 1200.00   40.00 HI -50.00 -50.00
2026-09-27T09:11:44.457,DEMO,DEMO,DEMO_MODE,24f8f9829bf14f26914a962224c1ad3a,F1 :    900    2 0.10 -14.44 0.54 50.00  90.0  76.0,0.00 0.00 0.00 89.38 0.54 50.00 0.10 -14.44 6 63 6 63 90.0% 76.0% 450.000 0.000 0.00 -4.90 0.00  2.00 0.00 898.00 0.0% | 1200.00   40.00 HI -50.00 -50.00
2026-09-27T09:11:44.578,DEMO,DEMO,DEMO_MODE,24f8f9829bf14f26914a962224c1ad3a,F1 :    900    2 0.10 -14.44 0.54 50.00  90.0  76.0,0.00 0.00 0.00 89.38 0.54 50.00 0.10 -14.44 6 63 6 63 90.0% 76.0% 450.000 0.000 0.00 -4.90 0.00  2.00 0.00 898.00 0.0% | 1200.00   40.00 HI -50.00 -50.00
2026-09-27T09:11:44.705,DEMO,DEMO,DEMO_MODE,24f8f9829bf14f26914a962224c1ad3a,F1 :    900    2 0.10 -14.44 0.54 50.00  90.0  76.0,0.00 0.00 0.00 89.38 0.54 50.00 0.10 -14.44 6 63 6 63 90.0% 76.0% 450.000 0.000 0.00 -4.90 0.00  2.00 0.00 898.00 0.0% | 1200.00   40.00 HI -50.00 -50.00
2026-09-27T09:11:44.826,DEMO,DEMO,DEMO_MODE,24f8f9829bf14f26914a962224c1ad3a,F1 :    900    2 0.10 -14.44 0.54 50.00  90.0  76.0,0.00 0.00 0.00 89.38 0.54 50.00 0.10 -14.44 6 63 6 63 90.0% 76.0% 450.000 0.000 0.00 -4.90 0.00  2.00 0.00 898.00 0.0% | 1200.00   40.00 HI -50.00 -50.00
2026-09-27T09:11:44.952,DEMO,DEMO,DEMO_MODE,24f8f9829bf14f26914a962224c1ad3a,F1 :    900    2 0.10 -14.44 0.54 50.00  90.0  76.0,0.00 0.00 0.00 89.38 0.54 50.00 0.10 -14.44 6 63 6 63 90.0% 76.0% 450.000 0.000 0.00 -4.90 0.00  2.00 0.00 898.00 0.0% | 1200.00   40.00 HI -50.00 -50.00
2026-09-27T09:11:45.072,DEMO,DEMO,DEMO_MODE,24f8f9829bf14f26914a962224c1ad3a,F1 :    900    2 0.10 -14.44 0.54 50.00  90.0  76.0,0.00 0.00 0.00 89.38 0.54 50.00 0.10 -14.44 6 63 6 63 90.0% 76.0% 450.000 0.000 0.00 -4.90 0.00  2.00 0.00 898.00 0.0% | 1200.00   40.00 HI -50.00 -50.00
2026-09-27T09:11:45.199,DEMO,DEMO,DEMO_MODE,24f8f9829bf14f26914a962224c1ad3a,F1 :    900    2 0.10 -14.44 0.54 50.00  90.0  76.0,0.00 0.00 0.00 89.38 0.54 50.00 0.10 -14.44 6 63 6 63 90.0% 76.0% 450.000 0.000 0.00 -4.90 0.00  2.00 0.00 898.00 0.0% | 1200.00   40.00 HI -50.00 -50.00
2026-09-27T09:11:45.320,DEMO,DEMO,DEMO_MODE,24f8f9829bf14f26914a962224c1ad3a,F1 :    900    2 0.10 -14.44 0.54 50.00  90.0  76.0,0.00 0.00 0.00 89.38 0.54 50.00 0.10 -14.44 6 63 6 63 90.0% 76.0% 450.000 0.000 0.00 -4.90 0.00  2.00 0.00 898.00 0.0% | 1200.00   40.00 HI -50.00 -50.00
2026-09-27T09:11:45.446,DEMO,DEMO,DEMO_MODE,24f8f9829bf14f26914a962224c1ad3a,F1 :    900    2 0.10 -14.44 0.54 50.00  90.0  76.0,0.00 0.00 0.00 89.38 0.54 50.00 0.10 -14.44 6 63 6 63 90.0% 76.0% 450.000 0.000 0.00 -4.90 0.00  2.00 0.00 898.00 0.0% | 1200.00   40.00 HI -50.00 -50.00
2026-09-27T09:11:45.572,DEMO,DEMO,DEMO_MODE,24f8f9829bf14f26914a962224c1ad3a,F1 :    900    2 0.10 -14.44 0.54 50.00  90.0  76.0,0.00 0.00 0.00 89.38 0.54 50.00 0.10 -14.44 6 63 6 63 90.0% 76.0% 450.000 0.000 0.00 -4.90 0.00  2.00 0.00 898.00 0.0% | 1200.00   40.00 HI -50.00 -50.00
2026-09-27T09:11:45.699,DEMO,DEMO,DEMO_MODE,24f8f9829bf14f26914a962224c1ad3a,F1 :      0    2 0.10 -14.44 0.54 50.00   0.0   0.0,0.00 0.00 0.00 89.38 0.54 50.00 0.10 -14.44 6 63 6 63  0.0%  0.0%  0.000 0.000 0.00 -4.90 0.00  0.00 0.00   0.00 0.0% | 1200.00  -50.00 HI -50.00 -50.00
2026-09-27T09:11:45.837,DEMO,DEMO,DEMO_MODE,24f8f9829bf14f26914a962224c1ad3a,F1 :      0    2 0.10 -14.44 0.54 50.00   0.0   0.0,0.00 0.00 0.00 89.38 0.54 50.00 0.10 -14.44 6 63 6 63  0.0%  0.0%  0.000 0.000 0.00 -4.90 0.00  0.00 0.00   0.00 0.0% | 1200.00  -50.00 HI -50.00 -50.00
2026-09-27T09:11:45.963,DEMO,DEMO,DEMO_MODE,24f8f9829bf14f26914a962224c1ad3a,F1 :      0    2 0.10 -14.44 0.54 50.00   0.0   0.0,0.00 0.00 0.00 89.38 0.54 50.00 0.10 -14.44 6 63 6 63  0.0%  0.0%  0.000 0.000 0.00 -4.90 0.00  0.00 0.00   0.00 0.0% | 1200.00  -50.00 HI -50.00 -50.00
2026-09-27T09:11:46.084,DEMO,DEMO,DEMO_MODE,24f8f9829bf14f26914a962224c1ad3a,F1 :      0    2 0.10 -14.44 0.54 50.00   0.0   0.0,0.00 0.00 0.00 89.38 0.54 50.00 0.10 -14.44 6 63 6 63  0.0%  0.0%  0.000 0.000 0.00 -4.90 0.00  0.00 0.00   0.00 0.0% | 1200.00  -50.00 HI -50.00 -50.00
2026-09-27T09:11:46.210,DEMO,DEMO,DEMO_MODE,24f8f9829bf14f26914a962224c1ad3a,F1 :      0    2 0.10 -14.44 0.54 50.00   0.0   0.0,0.00 0.00 0.00 89.38 0.54 50.00 0.10 -14.44 6 63 6 63  0.0%  0.0%  0.000 0.000 0.00 -4.90 0.00  0.00 0.00   0.00 0.0% | 1200.00  -50.00 HI -50.00 -50.00
2026-09-27T09:11:46.330,DEMO,DEMO,DEMO_MODE,24f8f9829bf14f26914a962224c1ad3a,F1 :      0    2 0.10 -14.44 0.54 50.00   0.0   0.0,0.00 0.00 0.00 89.38 0.54 50.00 0.10 -14.44 6 63 6 63  0.0%  0.0%  0.000 0.000 0.00 -4.90 0.00  0.00 0.00   0.00 0.0% | 1200.00  -50.00 HI -50.00 -50.00
2026-09-27T09:11:46.457,DEMO,DEMO,DEMO_MODE,24f8f9829bf14f26914a962224c1ad3a,F1 :      0    2 0.10 -14.44 0.54 50.00   0.0   0.0,0.00 0.00 0.00 89.38 0.54 50.00 0.10 -14.44 6 63 6 63  0.0%  0.0%  0.000 0.000 0.00 -4.90 0.00  0.00 0.00   0.00 0.0% | 1200.00  -50.00 HI -50.00 -50.00
2026-09-27T09:11:46.588,DEMO,DEMO,DEMO_MODE,24f8f9829bf14f26914a962224c1ad3a,F1 :      0    2 0.10 -14.44 0.54 50.00   0.0   0.0,0.00 0.00 0.00 89.38 0.54 50.00 0.10 -14.44 6 63 6 63  0.0%  0.0%  0.000 0.000 0.00 -4.90 0.00  0.00 0.00   0.00 0.0% | 1200.00  -50.00 HI -50.00 -50.00
2026-09-27T09:11:46.715,DEMO,DEMO,DEMO_MODE,24f8f9829bf14f26914a962224c1ad3a,F1 :      0    2 0.10 -14.44 0.54 50.00   0.0   0.0,0.00 0.00 0.00 89.38 0.54 50.00 0.10 -14.44 6 63 6 63  0.0%  0.0%  0.000 0.000 0.00 -4.90 0.00  0.00 0.00   0.00 0.0% | 1200.00  -50.00 HI -50.00 -50.00
2026-09-27T09:11:46.836,DEMO,DEMO,DEMO_MODE,24f8f9829bf14f26914a962224c1ad3a,F1 :      0    2 0.10 -14.44 0.54 50.00   0.0   0.0,0.00 0.00 0.00 89.38 0.54 50.00 0.10 -14.44 6 63 6 63  0.0%  0.0%  0.000 0.000 0.00 -4.90 0.00  0.00 0.00   0.00 0.0% | 1200.00  -50.00 HI -50.00 -50.00
2026-09-27T09:11:46.962,DEMO,DEMO,DEMO_MODE,24f8f9829bf14f26914a962224c1ad3a,F1 :      0    2 0.10 -14.44 0.54 50.00   0.0   0.0,0.00 0.00 0.00 89.38 0.54 50.00 0.10 -14.44 6 63 6 63  0.0%  0.0%  0.000 0.000 0.00 -4.90 0.00  0.00 0.00   0.00 0.0% | 1200.00  -50.00 HI -50.00 -50.00
2026-09-27T09:11:47.083,DEMO,DEMO,DEMO_MODE,24f8f9829bf14f26914a962224c1ad3a,F1 :      0    2 0.10 -14.44 0.54 50.00   0.0   0.0,0.00 0.00 0.00 89.38 0.54 50.00 0.10 -14.44 6 63 6 63  0.0%  0.0%  0.000 0.000 0.00 -4.90 0.00  0.00 0.00   0.00 0.0% | 1200.00  -50.00 HI -50.00 -50.00
2026-09-27T09:11:47.208,DEMO,DEMO,DEMO_MODE,24f8f9829bf14f26914a962224c1ad3a,F1 :      0    2 0.10 -14.44 0.54 50.00   0.0   0.0,0.00 0.00 0.00 89.38 0.54 50.00 0.10 -14.44 6 63 6 63  0.0%  0.0%  0.000 0.000 0.00 -4.90 0.00  0.00 0.00   0.00 0.0% | 1200.00  -50.00 HI -50.00 -50.00
2026-09-27T09:11:47.329,DEMO,DEMO,DEMO_MODE,24f8f9829bf14f26914a962224c1ad3a,F1 :      0    2 0.10 -14.44 0.54 50.00   0.0   0.0,0.00 0.00 0.00 89.38 0.54 50.00 0.10 -14.44 6 63 6 63  0.0%  0.0%  0.000 0.000 0.00 -4.90 0.00  0.00 0.00   0.00 0.0% | 1200.00  -50.00 HI -50.00 -50.00
2026-09-27T09:11:47.456,DEMO,DEMO,DEMO_MODE,24f8f9829bf14f26914a962224c1ad3a,F1 :      0    2 0.10 -14.44 0.54 50.00   0.0   0.0,0.00 0.00 0.00 89.38 0.54 50.00 0.10 -14.44 6 63 6 63  0.0%  0.0%  0.000 0.000 0.00 -4.90 0.00  0.00 0.00   0.00 0.0% | 1200.00  -50.00 HI -50.00 -50.00
2026-09-27T09:11:47.576,DEMO,DEMO,DEMO_MODE,24f8f9829bf14f26914a962224c1ad3a,F1 :      0    2 0.10 -14.44 0.54 50.00   0.0   0.0,0.00 0.00 0.00 89.38 0.54 50.00 0.10 -14.44 6 63 6 63  0.0%  0.0%  0.000 0.000 0.00 -4.90 0.00  0.00 0.00   0.00 0.0% | 1200.00  -50.00 HI -50.00 -50.00
2026-09-27T09:11:47.703,DEMO,DEMO,DEMO_MODE,24f8f9829bf14f26914a962224c1ad3a,F1 :      0    2 0.10 -14.44 0.54 50.00   0.0   0.0,0.00 0.00 0.00 89.38 0.54 50.00 0.10 -14.44 6 63 6 63  0.0%  0.0%  0.000 0.000 0.00 -4.90 0.00  0.00 0.00   0.00 0.0% | 1200.00  -50.00 HI -50.00 -50.00
2026-09-27T09:11:47.824,DEMO,DEMO,DEMO_MODE,24f8f9829bf14f26914a962224c1ad3a,F1 :      0    2 0.10 -14.44 0.54 50.00   0.0   0.0,0.00 0.00 0.00 89.38 0.54 50.00 0.10 -14.44 6 63 6 63  0.0%  0.0%  0.000 0.000 0.00 -4.90 0.00  0.00 0.00   0.00 0.0% | 1200.00  -50.00 HI -50.00 -50.00
2026-09-27T09:11:47.950,DEMO,DEMO,DEMO_MODE,24f8f9829bf14f26914a962224c1ad3a,F1 :      0    2 0.10 -14.44 0.54 50.00   0.0   0.0,0.00 0.00 0.00 89.38 0.54 50.00 0.10 -14.44 6 63 6 63  0.0%  0.0%  0.000 0.000 0.00 -4.90 0.00  0.00 0.00   0.00 0.0% | 1200.00  -50.00 HI -50.00 -50.00
2026-09-27T09:11:48.070,DEMO,DEMO,DEMO_MODE,24f8f9829bf14f26914a962224c1ad3a,F1 :      0    2 0.10 -14.44 0.54 50.00   0.0   0.0,0.00 0.00 0.00 89.38 0.54 50.00 0.10 -14.44 6 63 6 63  0.0%  0.0%  0.000 0.000 0.00 -4.90 0.00  0.00 0.00   0.00 0.0% | 1200.00  -50.00 HI -50.00 -50.00
2026-09-27T09:11:48.197,DEMO,DEMO,DEMO_MODE,24f8f9829bf14f26914a962224c1ad3a,F1 :      0    2 0.10 -14.44 0.54 50.00   0.0   0.0,0.00 0.00 0.00 89.38 0.54 50.00 0.10 -14.44 6 63 6 63  0.0%  0.0%  0.000 0.000 0.00 -4.90 0.00  0.00 0.00   0.00 0.0% | 1200.00  -50.00 HI -50.00 -50.00
2026-09-27T09:11:48.327,DEMO,DEMO,DEMO_MODE,24f8f9829bf14f26914a962224c1ad3a,F1 :      0    2 0.10 -14.44 0.54 50.00   0.0   0.0,0.00 0.00 0.00 89.38 0.54 50.00 0.10 -14.44 6 63 6 63  0.0%  0.0%  0.000 0.000 0.00 -4.90 0.00  0.00 0.00   0.00 0.0% | 1200.00  -50.00 HI -50.00 -50.00
2026-09-27T09:11:48.452,DEMO,DEMO,DEMO_MODE,24f8f9829bf14f26914a962224c1ad3a,F1 :      0    2 0.10 -14.44 0.54 50.00   0.0   0.0,0.00 0.00 0.00 89.38 0.54 50.00 0.10 -14.44 6 63 6 63  0.0%  0.0%  0.000 0.000 0.00 -4.90 0.00  0.00 0.00   0.00 0.0% | 1200.00  -50.00 HI -50.00 -50.00
2026-09-27T09:11:48.579,DEMO,DEMO,DEMO_MODE,24f8f9829bf14f26914a962224c1ad3a,F1 :      0    2 0.10 -14.44 0.54 50.00   0.0   0.0,0.00 0.00 0.00 89.38 0.54 50.00 0.10 -14.44 6 63 6 63  0.0%  0.0%  0.000 0.000 0.00 -4.90 0.00  0.00 0.00   0.00 0.0% | 1200.00  -50.00 HI -50.00 -50.00
2026-09-27T09:11:48.705,DEMO,DEMO,DEMO_MODE,24f8f9829bf14f26914a962224c1ad3a,F1 :      0    2 0.10 -14.44 0.54 50.00   0.0   0.0,0.00 0.00 0.00 89.38 0.54 50.00 0.10 -14.44 6 63 6 63  0.0%  0.0%  0.000 0.000 0.00 -4.90 0.00  0.00 0.00   0.00 0.0% | 1200.00  -50.00 HI -50.00 -50.00
2026-09-27T09:11:48.826,DEMO,DEMO,DEMO_MODE,24f8f9829bf14f26914a962224c1ad3a,F1 :      0    2 0.10 -14.44 0.54 50.00   0.0   0.0,0.00 0.00 0.00 89.38 0.54 50.00 0.10 -14.44 6 63 6 63  0.0%  0.0%  0.000 0.000 0.00 -4.90 0.00  0.00 0.00   0.00 0.0% | 1200.00  -50.00 HI -50.00 -50.00
2026-09-27T09:11:48.951,DEMO,DEMO,DEMO_MODE,24f8f9829bf14f26914a962224c1ad3a,F1 :      0    2 0.10 -14.44 0.54 50.00   0.0   0.0,0.00 0.00 0.00 89.38 0.54 50.00 0.10 -14.44 6 63 6 63  0.0%  0.0%  0.000 0.000 0.00 -4.90 0.00  0.00 0.00   0.00 0.0% | 1200.00  -50.00 HI -50.00 -50.00
2026-09-27T09:11:49.072,DEMO,DEMO,DEMO_MODE,24f8f9829bf14f26914a962224c1ad3a,F1 :      0    2 0.10 -14.44 0.54 50.00   0.0   0.0,0.00 0.00 0.00 89.38 0.54 50.00 0.10 -14.44 6 63 6 63  0.0%  0.0%  0.000 0.000 0.00 -4.90 0.00  0.00 0.00   0.00 0.0% | 1200.00  -50.00 HI -50.00 -50.00
2026-09-27T09:11:49.199,DEMO,DEMO,DEMO_MODE,24f8f9829bf14f26914a962224c1ad3a,F1 :      0    2 0.10 -14.44 0.54 50.00   0.0   0.0,0.00 0.00 0.00 89.38 0.54 50.00 0.10 -14.44 6 63 6 63  0.0%  0.0%  0.000 0.000 0.00 -4.90 0.00  0.00 0.00   0.00 0.0% | 1200.00  -50.00 HI -50.00 -50.00
2026-09-27T09:11:49.319,DEMO,DEMO,DEMO_MODE,24f8f9829bf14f26914a962224c1ad3a,F1 :      0    2 0.10 -14.44 0.54 50.00   0.0   0.0,0.00 0.00 0.00 89.38 0.54 50.00 0.10 -14.44 6 63 6 63  0.0%  0.0%  0.000 0.000 0.00 -4.90 0.00  0.00 0.00   0.00 0.0% | 1200.00  -50.00 HI -50.00 -50.00
2026-09-27T09:11:49.446,DEMO,DEMO,DEMO_MODE,24f8f9829bf14f26914a962224c1ad3a,F1 :      0    2 0.10 -14.44 0.54 50.00   0.0   0.0,0.00 0.00 0.00 89.38 0.54 50.00 0.10 -14.44 6 63 6 63  0.0%  0.0%  0.000 0.000 0.00 -4.90 0.00  0.00 0.00   0.00 0.0% | 1200.00  -50.00 HI -50.00 -50.00
2026-09-27T09:11:49.567,DEMO,DEMO,DEMO_MODE,24f8f9829bf14f26914a962224c1ad3a,F1 :      0    2 0.10 -14.44 0.54 50.00   0.0   0.0,0.00 0.00 0.00 89.38 0.54 50.00 0.10 -14.44 6 63 6 63  0.0%  0.0%  0.000 0.000 0.00 -4.90 0.00  0.00 0.00   0.00 0.0% | 1200.00  -50.00 HI -50.00 -50.00
2026-09-27T09:11:49.693,DEMO,DEMO,DEMO_MODE,24f8f9829bf14f26914a962224c1ad3a,F1 :      0    2 0.10 -14.44 0.54 50.00   0.0   0.0,0.00 0.00 0.00 89.38 0.54 50.00 0.10 -14.44 6 63 6 63  0.0%  0.0%  0.000 0.000 0.00 -4.90 0.00  0.00 0.00   0.00 0.0% | 1200.00  -50.00 HI -50.00 -50.00
2026-09-27T09:11:49.813,DEMO,DEMO,DEMO_MODE,24f8f9829bf14f26914a962224c1ad3a,F1 :      0    2 0.10 -14.44 0.54 50.00   0.0   0.0,0.00 0.00 0.00 89.38 0.54 50.00 0.10 -14.44 6 63 6 63  0.0%  0.0%  0.000 0.000 0.00 -4.90 0.00  0.00 0.00   0.00 0.0% | 1200.00  -50.00 HI -50.00 -50.00
2026-09-27T09:11:49.940,DEMO,DEMO,DEMO_MODE,24f8f9829bf14f26914a962224c1ad3a,F1 :      0    2 0.10 -14.44 0.54 50.00   0.0   0.0,0.00 0.00 0.00 89.38 0.54 50.00 0.10 -14.44 6 63 6 63  0.0%  0.0%  0.000 0.000 0.00 -4.90 0.00  0.00 0.00   0.00 0.0% | 1200.00  -50.00 HI -50.00 -50.00
2026-09-27T09:11:50.061,DEMO,DEMO,DEMO_MODE,24f8f9829bf14f26914a962224c1ad3a,F1 :      0    2 0.10 -14.44 0.54 50.00   0.0   0.0,0.00 0.00 0.00 89.38 0.54 50.00 0.10 -14.44 6 63 6 63  0.0%  0.0%  0.000 0.000 0.00 -4.90 0.00  0.00 0.00   0.00 0.0% | 1200.00  -50.00 HI -50.00 -50.00
2026-09-27T09:11:50.187,DEMO,DEMO,DEMO_MODE,24f8f9829bf14f26914a962224c1ad3a,F1 :      0    2 0.10 -14.44 0.54 50.00   0.0   0.0,0.00 0.00 0.00 89.38 0.54 50.00 0.10 -14.44 6 63 6 63  0.0%  0.0%  0.000 0.000 0.00 -4.90 0.00  0.00 0.00   0.00 0.0% | 1200.00  -50.00 HI -50.00 -50.00
2026-09-27T09:11:50.307,DEMO,DEMO,DEMO_MODE,24f8f9829bf14f26914a962224c1ad3a,F1 :      0    2 0.10 -14.44 0.54 50.00   0.0   0.0,0.00 0.00 0.00 89.38 0.54 50.00 0.10 -14.44 6 63 6 63  0.0%  0.0%  0.000 0.000 0.00 -4.90 0.00  0.00 0.00   0.00 0.0% | 1200.00  -50.00 HI -50.00 -50.00
2026-09-27T09:11:50.433,DEMO,DEMO,DEMO_MODE,24f8f9829bf14f26914a962224c1ad3a,F1 :      0    2 0.10 -14.44 0.54 50.00   0.0   0.0,0.00 0.00 0.00 89.38 0.54 50.00 0.10 -14.44 6 63 6 63  0.0%  0.0%  0.000 0.000 0.00 -4.90 0.00  0.00 0.00   0.00 0.0% | 1200.00  -50.00 HI -50.00 -50.00
2026-09-27T09:11:50.558,DEMO,DEMO,DEMO_MODE,24f8f9829bf14f26914a962224c1ad3a,F1 :      0    2 0.10 -14.44 0.54 50.00   0.0   0.0,0.00 0.00 0.00 89.38 0.54 50.00 0.10 -14.44 6 63 6 63  0.0%  0.0%  0.000 0.000 0.00 -4.90 0.00  0.00 0.00   0.00 0.0% | 1200.00  -50.00 HI -50.00 -50.00
2026-09-27T09:11:50.685,DEMO,DEMO,DEMO_MODE,24f8f9829bf14f26914a962224c1ad3a,F1 :      0    2 0.10 -14.44 0.54 50.00   0.0   0.0,0.00 0.00 0.00 89.38 0.54 50.00 0.10 -14.44 6 63 6 63  0.0%  0.0%  0.000 0.000 0.00 -4.90 0.00  0.00 0.00   0.00 0.0% | 1200.00  -50.00 HI -50.00 -50.00
2026-09-27T09:11:50.805,DEMO,DEMO,DEMO_MODE,24f8f9829bf14f26914a962224c1ad3a,F1 :      0    2 0.10 -14.44 0.54 50.00   0.0   0.0,0.00 0.00 0.00 89.38 0.54 50.00 0.10 -14.44 6 63 6 63  0.0%  0.0%  0.000 0.000 0.00 -4.90 0.00  0.00 0.00   0.00 0.0% | 1200.00  -50.00 HI -50.00 -50.00
2026-09-27T09:11:50.932,DEMO,DEMO,DEMO_MODE,24f8f9829bf14f26914a962224c1ad3a,F1 :      0    2 0.10 -14.44 0.54 50.00   0.0   4.0,0.00 0.00 0.00 89.38 0.54 50.00 0.10 -14.44 6 63 6 63  0.0%  4.0%  0.000 0.000 0.00 -4.90 0.00  0.00 0.00   0.00 0.0% | 1200.00  -50.00 HI -50.00 -50.00
2026-09-27T09:11:51.053,DEMO,DEMO,DEMO_MODE,24f8f9829bf14f26914a962224c1ad3a,F1 :      0    2 0.10 -14.44 0.54 50.00   0.0   4.0,0.00 0.00 0.00 89.38 0.54 50.00 0.10 -14.44 6 63 6 63  0.0%  4.0%  0.000 0.000 0.00 -4.90 0.00  0.00 0.00   0.00 0.0% | 1200.00  -50.00 HI -50.00 -50.00
2026-09-27T09:11:51.178,DEMO,DEMO,DEMO_MODE,24f8f9829bf14f26914a962224c1ad3a,F1 :      0    2 0.10 -14.44 0.54 50.00   0.0   4.0,0.00 0.00 0.00 89.38 0.54 50.00 0.10 -14.44 6 63 6 63  0.0%  4.0%  0.000 0.000 0.00 -4.90 0.00  0.00 0.00   0.00 0.0% | 1200.00  -50.00 HI -50.00 -50.00
2026-09-27T09:11:51.299,DEMO,DEMO,DEMO_MODE,24f8f9829bf14f26914a962224c1ad3a,F1 :      0    2 0.10 -14.44 0.54 50.00   0.0   4.0,0.00 0.00 0.00 89.38 0.54 50.00 0.10 -14.44 6 63 6 63  0.0%  4.0%  0.000 0.000 0.00 -4.90 0.00  0.00 0.00   0.00 0.0% | 1200.00  -50.00 HI -50.00 -50.00
2026-09-27T09:11:51.426,DEMO,DEMO,DEMO_MODE,24f8f9829bf14f26914a962224c1ad3a,F1 :      0    2 0.10 -14.44 0.54 50.00   0.0   4.0,0.00 0.00 0.00 89.38 0.54 50.00 0.10 -14.44 6 63 6 63  0.0%  4.0%  0.000 0.000 0.00 -4.90 0.00  0.00 0.00   0.00 0.0% | 1200.00  -50.00 HI -50.00 -50.00
2026-09-27T09:11:51.547,DEMO,DEMO,DEMO_MODE,24f8f9829bf14f26914a962224c1ad3a,F1 :      0    2 0.10 -14.44 0.54 50.00   0.0   4.0,0.00 0.00 0.00 89.38 0.54 50.00 0.10 -14.44 6 63 6 63  0.0%  4.0%  0.000 0.000 0.00 -4.90 0.00  0.00 0.00   0.00 0.0% | 1200.00  -50.00 HI -50.00 -50.00
2026-09-27T09:11:51.673,DEMO,DEMO,DEMO_MODE,24f8f9829bf14f26914a962224c1ad3a,F1 :      0    2 0.10 -14.44 0.54 50.00   0.0   4.0,0.00 0.00 0.00 89.38 0.54 50.00 0.10 -14.44 6 63 6 63  0.0%  4.0%  0.000 0.000 0.00 -4.90 0.00  0.00 0.00   0.00 0.0% | 1200.00  -50.00 HI -50.00 -50.00
2026-09-27T09:11:51.793,DEMO,DEMO,DEMO_MODE,24f8f9829bf14f26914a962224c1ad3a,F1 :      0    2 0.10 -14.44 0.54 50.00   0.0   4.0,0.00 0.00 0.00 89.38 0.54 50.00 0.10 -14.44 6 63 6 63  0.0%  4.0%  0.000 0.000 0.00 -4.90 0.00  0.00 0.00   0.00 0.0% | 1200.00  -50.00 HI -50.00 -50.00
2026-09-27T09:11:51.920,DEMO,DEMO,DEMO_MODE,24f8f9829bf14f26914a962224c1ad3a,F1 :      0    2 0.10 -14.44 0.54 50.00   0.0   4.0,0.00 0.00 0.00 89.38 0.54 50.00 0.10 -14.44 6 63 6 63  0.0%  4.0%  0.000 0.000 0.00 -4.90 0.00  0.00 0.00   0.00 0.0% | 1200.00  -50.00 HI -50.00 -50.00
2026-09-27T09:11:52.041,DEMO,DEMO,DEMO_MODE,24f8f9829bf14f26914a962224c1ad3a,F1 :      0    2 0.10 -14.44 0.54 50.00   0.0   4.0,0.00 0.00 0.00 89.38 0.54 50.00 0.10 -14.44 6 63 6 63  0.0%  4.0%  0.000 0.000 0.00 -4.90 0.00  0.00 0.00   0.00 0.0% | 1200.00  -50.00 HI -50.00 -50.00
2026-09-27T09:11:52.167,DEMO,DEMO,DEMO_MODE,24f8f9829bf14f26914a962224c1ad3a,F1 :      0    2 0.10 -14.44 0.54 50.00   0.0   4.0,0.00 0.00 0.00 89.38 0.54 50.00 0.10 -14.44 6 63 6 63  0.0%  4.0%  0.000 0.000 0.00 -4.90 0.00  0.00 0.00   0.00 0.0% | 1200.00  -50.00 HI -50.00 -50.00
2026-09-27T09:11:52.288,DEMO,DEMO,DEMO_MODE,24f8f9829bf14f26914a962224c1ad3a,F1 :      0    2 0.10 -14.44 0.54 50.00   0.0   4.0,0.00 0.00 0.00 89.38 0.54 50.00 0.10 -14.44 6 63 6 63  0.0%  4.0%  0.000 0.000 0.00 -4.90 0.00  0.00 0.00   0.00 0.0% | 1200.00  -50.00 HI -50.00 -50.00
2026-09-27T09:11:52.409,DEMO,DEMO,DEMO_MODE,24f8f9829bf14f26914a962224c1ad3a,F1 :      0    2 0.10 -14.44 0.54 50.00   0.0   4.0,0.00 0.00 0.00 89.38 0.54 50.00 0.10 -14.44 6 63 6 63  0.0%  4.0%  0.000 0.000 0.00 -4.90 0.00  0.00 0.00   0.00 0.0% | 1200.00  -50.00 HI -50.00 -50.00
2026-09-27T09:11:52.530,DEMO,DEMO,DEMO_MODE,24f8f9829bf14f26914a962224c1ad3a,F1 :      0    2 0.10 -14.44 0.54 50.00   0.0   4.0,0.00 0.00 0.00 89.38 0.54 50.00 0.10 -14.44 6 63 6 63  0.0%  4.0%  0.000 0.000 0.00 -4.90 0.00  0.00 0.00   0.00 0.0% | 1200.00  -50.00 HI -50.00 -50.00
2026-09-27T09:11:52.650,DEMO,DEMO,DEMO_MODE,24f8f9829bf14f26914a962224c1ad3a,F1 :      0    2 0.10 -14.44 0.54 50.00   0.0   4.0,0.00 0.00 0.00 89.38 0.54 50.00 0.10 -14.44 6 63 6 63  0.0%  4.0%  0.000 0.000 0.00 -4.90 0.00  0.00 0.00   0.00 0.0% | 1200.00  -50.00 HI -50.00 -50.00
2026-09-27T09:11:52.771,DEMO,DEMO,DEMO_MODE,24f8f9829bf14f26914a962224c1ad3a,F1 :      0    2 0.10 -14.44 0.54 50.00   0.0   4.0,0.00 0.00 0.00 89.38 0.54 50.00 0.10 -14.44 6 63 6 63  0.0%  4.0%  0.000 0.000 0.00 -4.90 0.00  0.00 0.00   0.00 0.0% | 1200.00  -50.00 HI -50.00 -50.00
2026-09-27T09:11:52.892,DEMO,DEMO,DEMO_MODE,24f8f9829bf14f26914a962224c1ad3a,F1 :      0    3 0.10 -14.44 0.54 50.00   0.0   4.0,0.00 0.00 0.00 89.38 0.54 50.00 0.10 -14.44 6 63 6 63  0.0%  4.0%  0.000 0.000 0.00 -4.90 0.00  0.00 0.00   0.00 0.0% | 1200.00  -50.00 HI -50.00 -50.00
2026-09-27T09:11:53.012,DEMO,DEMO,DEMO_MODE,24f8f9829bf14f26914a962224c1ad3a,F1 :      0    3 0.10 -14.44 0.54 50.00   0.0   4.0,0.00 0.00 0.00 89.38 0.54 50.00 0.10 -14.44 6 63 6 63  0.0%  4.0%  0.000 0.000 0.00 -4.90 0.00  0.00 0.00   0.00 0.0% | 1200.00  -50.00 HI -50.00 -50.00
2026-09-27T09:11:53.133,DEMO,DEMO,DEMO_MODE,24f8f9829bf14f26914a962224c1ad3a,F1 :      0    3 0.10 -14.44 0.54 50.00   0.0   4.0,0.00 0.00 0.00 89.38 0.54 50.00 0.10 -14.44 6 63 6 63  0.0%  4.0%  0.000 0.000 0.00 -4.90 0.00  0.00 0.00   0.00 0.0% | 1200.00  -50.00 HI -50.00 -50.00
2026-09-27T09:11:53.253,DEMO,DEMO,DEMO_MODE,24f8f9829bf14f26914a962224c1ad3a,F1 :      0    3 0.10 -14.44 0.54 50.00   0.0   4.0,0.00 0.00 0.00 89.38 0.54 50.00 0.10 -14.44 6 63 6 63  0.0%  4.0%  0.000 0.000 0.00 -4.90 0.00  0.00 0.00   0.00 0.0% | 1200.00  -50.00 HI -50.00 -50.00
2026-09-27T09:11:53.374,DEMO,DEMO,DEMO_MODE,24f8f9829bf14f26914a962224c1ad3a,F1 :      0    3 0.10 -14.44 0.54 50.00   0.0   4.0,0.00 0.00 0.00 89.38 0.54 50.00 0.10 -14.44 6 63 6 63  0.0%  4.0%  0.000 0.000 0.00 -4.90 0.00  0.00 0.00   0.00 0.0% | 1200.00  -50.00 HI -50.00 -50.00
2026-09-27T09:11:53.494,DEMO,DEMO,DEMO_MODE,24f8f9829bf14f26914a962224c1ad3a,F1 :      0    3 0.10 -14.44 0.54 50.00   0.0   4.0,0.00 0.00 0.00 89.38 0.54 50.00 0.10 -14.44 6 63 6 63  0.0%  4.0%  0.000 0.000 0.00 -4.90 0.00  0.00 0.00   0.00 0.0% | 1200.00  -50.00 HI -50.00 -50.00
2026-09-27T09:11:53.615,DEMO,DEMO,DEMO_MODE,24f8f9829bf14f26914a962224c1ad3a,F1 :      0    3 0.10 -14.44 0.54 50.00   0.0   4.0,0.00 0.00 0.00 89.38 0.54 50.00 0.10 -14.44 6 63 6 63  0.0%  4.0%  0.000 0.000 0.00 -4.90 0.00  0.00 0.00   0.00 0.0% | 1200.00  -50.00 HI -50.00 -50.00
2026-09-27T09:11:53.737,DEMO,DEMO,DEMO_MODE,24f8f9829bf14f26914a962224c1ad3a,F1 :      0    3 0.10 -14.44 0.54 50.00   0.0   4.0,0.00 0.00 0.00 89.38 0.54 50.00 0.10 -14.44 6 63 6 63  0.0%  4.0%  0.000 0.000 0.00 -4.90 0.00  0.00 0.00   0.00 0.0% | 1200.00  -50.00 HI -50.00 -50.00
2026-09-27T09:11:53.858,DEMO,DEMO,DEMO_MODE,24f8f9829bf14f26914a962224c1ad3a,F1 :      0    3 0.10 -14.44 0.54 50.00   0.0   4.0,0.00 0.00 0.00 89.38 0.54 50.00 0.10 -14.44 6 63 6 63  0.0%  4.0%  0.000 0.000 0.00 -4.90 0.00  0.00 0.00   0.00 0.0% | 1200.00  -50.00 HI -50.00 -50.00
2026-09-27T09:11:53.983,DEMO,DEMO,DEMO_MODE,24f8f9829bf14f26914a962224c1ad3a,F1 :      0    3 0.10 -14.44 0.54 50.00   0.0   4.0,0.00 0.00 0.00 89.38 0.54 50.00 0.10 -14.44 6 63 6 63  0.0%  4.0%  0.000 0.000 0.00 -4.90 0.00  0.00 0.00   0.00 0.0% | 1200.00  -50.00 HI -50.00 -50.00
2026-09-27T09:11:54.104,DEMO,DEMO,DEMO_MODE,24f8f9829bf14f26914a962224c1ad3a,F1 :      0    3 0.10 -14.44 0.54 50.00   0.0   4.0,0.00 0.00 0.00 89.38 0.54 50.00 0.10 -14.44 6 63 6 63  0.0%  4.0%  0.000 0.000 0.00 -4.90 0.00  0.00 0.00   0.00 0.0% | 1200.00  -50.00 HI -50.00 -50.00
2026-09-27T09:11:54.230,DEMO,DEMO,DEMO_MODE,24f8f9829bf14f26914a962224c1ad3a,F1 :      0    3 0.10 -14.44 0.54 50.00   0.0   4.0,0.00 0.00 0.00 89.38 0.54 50.00 0.10 -14.44 6 63 6 63  0.0%  4.0%  0.000 0.000 0.00 -4.90 0.00  0.00 0.00   0.00 0.0% | 1200.00  -50.00 HI -50.00 -50.00
2026-09-27T09:11:54.351,DEMO,DEMO,DEMO_MODE,24f8f9829bf14f26914a962224c1ad3a,F1 :      0    3 0.10 -14.44 0.54 50.00   0.0   4.0,0.00 0.00 0.00 89.38 0.54 50.00 0.10 -14.44 6 63 6 63  0.0%  4.0%  0.000 0.000 0.00 -4.90 0.00  0.00 0.00   0.00 0.0% | 1200.00  -50.00 HI -50.00 -50.00
2026-09-27T09:11:54.477,DEMO,DEMO,DEMO_MODE,24f8f9829bf14f26914a962224c1ad3a,F1 :      0    3 0.10 -14.44 0.54 50.00   0.0   4.0,0.00 0.00 0.00 89.38 0.54 50.00 0.10 -14.44 6 63 6 63  0.0%  4.0%  0.000 0.000 0.00 -4.90 0.00  0.00 0.00   0.00 0.0% | 1200.00  -50.00 HI -50.00 -50.00
2026-09-27T09:11:54.597,DEMO,DEMO,DEMO_MODE,24f8f9829bf14f26914a962224c1ad3a,F1 :      0    3 0.10 -14.44 0.54 50.00   0.0   4.0,0.00 0.00 0.00 89.38 0.54 50.00 0.10 -14.44 6 63 6 63  0.0%  4.0%  0.000 0.000 0.00 -4.90 0.00  0.00 0.00   0.00 0.0% | 1200.00  -50.00 HI -50.00 -50.00
2026-09-27T09:11:54.723,DEMO,DEMO,DEMO_MODE,24f8f9829bf14f26914a962224c1ad3a,F1 :      0    3 0.10 -14.44 0.54 50.00   0.0   4.0,0.00 0.00 0.00 89.38 0.54 50.00 0.10 -14.44 6 63 6 63  0.0%  4.0%  0.000 0.000 0.00 -4.90 0.00  0.00 0.00   0.00 0.0% | 1200.00  -50.00 HI -50.00 -50.00
2026-09-27T09:11:54.844,DEMO,DEMO,DEMO_MODE,24f8f9829bf14f26914a962224c1ad3a,F1 :      0    3 0.10 -14.44 0.54 50.00   0.0   4.0,0.00 0.00 0.00 89.38 0.54 50.00 0.10 -14.44 6 63 6 63  0.0%  4.0%  0.000 0.000 0.00 -4.90 0.00  0.00 0.00   0.00 0.0% | 1200.00  -50.00 HI -50.00 -50.00
2026-09-27T09:11:54.970,DEMO,DEMO,DEMO_MODE,24f8f9829bf14f26914a962224c1ad3a,F1 :      0    3 0.10 -14.44 0.54 50.00   0.0   4.0,0.00 0.00 0.00 89.38 0.54 50.00 0.10 -14.44 6 63 6 63  0.0%  4.0%  0.000 0.000 0.00 -4.90 0.00  0.00 0.00   0.00 0.0% | 1200.00  -50.00 HI -50.00 -50.00
2026-09-27T09:11:55.091,DEMO,DEMO,DEMO_MODE,24f8f9829bf14f26914a962224c1ad3a,F1 :      0    3 0.10 -14.44 0.54 50.00   0.0   4.0,0.00 0.00 0.00 89.38 0.54 50.00 0.10 -14.44 6 63 6 63  0.0%  4.0%  0.000 0.000 0.00 -4.90 0.00  0.00 0.00   0.00 0.0% | 1200.00  -50.00 HI -50.00 -50.00
2026-09-27T09:11:55.218,DEMO,DEMO,DEMO_MODE,24f8f9829bf14f26914a962224c1ad3a,F1 :      0    3 0.10 -14.44 0.54 50.00   0.0   4.0,0.00 0.00 0.00 89.38 0.54 50.00 0.10 -14.44 6 63 6 63  0.0%  4.0%  0.000 0.000 0.00 -4.90 0.00  0.00 0.00   0.00 0.0% | 1200.00  -50.00 HI -50.00 -50.00
2026-09-27T09:11:55.339,DEMO,DEMO,DEMO_MODE,24f8f9829bf14f26914a962224c1ad3a,F1 :      0    3 0.10 -14.44 0.54 50.00   0.0   4.0,0.00 0.00 0.00 89.38 0.54 50.00 0.10 -14.44 6 63 6 63  0.0%  4.0%  0.000 0.000 0.00 -4.90 0.00  0.00 0.00   0.00 0.0% | 1200.00  -50.00 HI -50.00 -50.00
2026-09-27T09:11:55.465,DEMO,DEMO,DEMO_MODE,24f8f9829bf14f26914a962224c1ad3a,F1 :      0    3 0.10 -14.44 0.54 50.00   0.0   4.0,0.00 0.00 0.00 89.38 0.54 50.00 0.10 -14.44 6 63 6 63  0.0%  4.0%  0.000 0.000 0.00 -4.90 0.00  0.00 0.00   0.00 0.0% | 1200.00  -50.00 HI -50.00 -50.00
2026-09-27T09:11:55.586,DEMO,DEMO,DEMO_MODE,24f8f9829bf14f26914a962224c1ad3a,F1 :      0    3 0.10 -14.44 0.54 50.00   0.0   4.0,0.00 0.00 0.00 89.38 0.54 50.00 0.10 -14.44 6 63 6 63  0.0%  4.0%  0.000 0.000 0.00 -4.90 0.00  0.00 0.00   0.00 0.0% | 1200.00  -50.00 HI -50.00 -50.00
2026-09-27T09:11:55.712,DEMO,DEMO,DEMO_MODE,24f8f9829bf14f26914a962224c1ad3a,F1 :      0    3 0.10 -14.44 0.54 50.00   0.0   4.0,0.00 0.00 0.00 89.38 0.54 50.00 0.10 -14.44 6 63 6 63  0.0%  4.0%  0.000 0.000 0.00 -4.90 0.00  0.00 0.00   0.00 0.0% | 1200.00  -50.00 HI -50.00 -50.00
2026-09-27T09:11:55.833,DEMO,DEMO,DEMO_MODE,24f8f9829bf14f26914a962224c1ad3a,F1 :      0    3 0.10 -14.44 0.54 50.00   0.0   4.0,0.00 0.00 0.00 89.38 0.54 50.00 0.10 -14.44 6 63 6 63  0.0%  4.0%  0.000 0.000 0.00 -4.90 0.00  0.00 0.00   0.00 0.0% | 1200.00  -50.00 HI -50.00 -50.00
2026-09-27T09:11:55.959,DEMO,DEMO,DEMO_MODE,24f8f9829bf14f26914a962224c1ad3a,F1 :    100    3 0.10 -14.44 0.54 50.00  10.0   8.0,0.00 0.00 0.00 89.38 0.54 50.00 0.10 -14.44 6 63 6 63 10.0%  8.0% 50.000 0.000 0.00 -4.90 0.00  1.94 0.00  97.00 0.0% | 1200.00  -40.00 HI -50.00 -50.00
2026-09-27T09:11:56.080,DEMO,DEMO,DEMO_MODE,24f8f9829bf14f26914a962224c1ad3a,F1 :    100    3 0.10 -14.44 0.54 50.00  10.0   8.0,0.00 0.00 0.00 89.38 0.54 50.00 0.10 -14.44 6 63 6 63 10.0%  8.0% 50.000 0.000 0.00 -4.90 0.00  1.94 0.00  97.00 0.0% | 1200.00  -40.00 HI -50.00 -50.00
2026-09-27T09:11:56.206,DEMO,DEMO,DEMO_MODE,24f8f9829bf14f26914a962224c1ad3a,F1 :    100    3 0.10 -14.44 0.54 50.00  10.0   8.0,0.00 0.00 0.00 89.38 0.54 50.00 0.10 -14.44 6 63 6 63 10.0%  8.0% 50.000 0.000 0.00 -4.90 0.00  1.94 0.00  97.00 0.0% | 1200.00  -40.00 HI -50.00 -50.00
2026-09-27T09:11:56.327,DEMO,DEMO,DEMO_MODE,24f8f9829bf14f26914a962224c1ad3a,F1 :    100    3 0.10 -14.44 0.54 50.00  10.0   8.0,0.00 0.00 0.00 89.38 0.54 50.00 0.10 -14.44 6 63 6 63 10.0%  8.0% 50.000 0.000 0.00 -4.90 0.00  1.94 0.00  97.00 0.0% | 1200.00  -40.00 HI -50.00 -50.00
2026-09-27T09:11:56.454,DEMO,DEMO,DEMO_MODE,24f8f9829bf14f26914a962224c1ad3a,F1 :    100    3 0.10 -14.44 0.54 50.00  10.0   8.0,0.00 0.00 0.00 89.38 0.54 50.00 0.10 -14.44 6 63 6 63 10.0%  8.0% 50.000 0.000 0.00 -4.90 0.00  1.94 0.00  97.00 0.0% | 1200.00  -40.00 HI -50.00 -50.00
2026-09-27T09:11:56.574,DEMO,DEMO,DEMO_MODE,24f8f9829bf14f26914a962224c1ad3a,F1 :    100    3 0.10 -14.44 0.54 50.00  10.0   8.0,0.00 0.00 0.00 89.38 0.54 50.00 0.10 -14.44 6 63 6 63 10.0%  8.0% 50.000 0.000 0.00 -4.90 0.00  1.94 0.00  97.00 0.0% | 1200.00  -40.00 HI -50.00 -50.00
2026-09-27T09:11:56.701,DEMO,DEMO,DEMO_MODE,24f8f9829bf14f26914a962224c1ad3a,F1 :    100    3 0.10 -14.44 0.54 50.00  10.0   8.0,0.00 0.00 0.00 89.38 0.54 50.00 0.10 -14.44 6 63 6 63 10.0%  8.0% 50.000 0.000 0.00 -4.90 0.00  1.94 0.00  97.00 0.0% | 1200.00  -40.00 HI -50.00 -50.00
2026-09-27T09:11:56.821,DEMO,DEMO,DEMO_MODE,24f8f9829bf14f26914a962224c1ad3a,F1 :    100    3 0.10 -14.44 0.54 50.00  10.0   8.0,0.00 0.00 0.00 89.38 0.54 50.00 0.10 -14.44 6 63 6 63 10.0%  8.0% 50.000 0.000 0.00 -4.90 0.00  1.94 0.00  97.00 0.0% | 1200.00  -40.00 HI -50.00 -50.00
2026-09-27T09:11:56.946,DEMO,DEMO,DEMO_MODE,24f8f9829bf14f26914a962224c1ad3a,F1 :    100    3 0.10 -14.44 0.54 50.00  10.0   8.0,0.00 0.00 0.00 89.38 0.54 50.00 0.10 -14.44 6 63 6 63 10.0%  8.0% 50.000 0.000 0.00 -4.90 0.00  1.94 0.00  97.00 0.0% | 1200.00  -40.00 HI -50.00 -50.00
2026-09-27T09:11:57.067,DEMO,DEMO,DEMO_MODE,24f8f9829bf14f26914a962224c1ad3a,F1 :    100    3 0.10 -14.44 0.54 50.00  10.0   8.0,0.00 0.00 0.00 89.38 0.54 50.00 0.10 -14.44 6 63 6 63 10.0%  8.0% 50.000 0.000 0.00 -4.90 0.00  1.94 0.00  97.00 0.0% | 1200.00  -40.00 HI -50.00 -50.00
2026-09-27T09:11:57.194,DEMO,DEMO,DEMO_MODE,24f8f9829bf14f26914a962224c1ad3a,F1 :    100    3 0.10 -14.44 0.54 50.00  10.0   8.0,0.00 0.00 0.00 89.38 0.54 50.00 0.10 -14.44 6 63 6 63 10.0%  8.0% 50.000 0.000 0.00 -4.90 0.00  1.94 0.00  97.00 0.0% | 1200.00  -40.00 HI -50.00 -50.00
2026-09-27T09:11:57.315,DEMO,DEMO,DEMO_MODE,24f8f9829bf14f26914a962224c1ad3a,F1 :    100    3 0.10 -14.44 0.54 50.00  10.0   8.0,0.00 0.00 0.00 89.38 0.54 50.00 0.10 -14.44 6 63 6 63 10.0%  8.0% 50.000 0.000 0.00 -4.90 0.00  1.94 0.00  97.00 0.0% | 1200.00  -40.00 HI -50.00 -50.00
2026-09-27T09:11:57.442,DEMO,DEMO,DEMO_MODE,24f8f9829bf14f26914a962224c1ad3a,F1 :    100    3 0.10 -14.44 0.54 50.00  10.0   8.0,0.00 0.00 0.00 89.38 0.54 50.00 0.10 -14.44 6 63 6 63 10.0%  8.0% 50.000 0.000 0.00 -4.90 0.00  1.94 0.00  97.00 0.0% | 1200.00  -40.00 HI -50.00 -50.00
2026-09-27T09:11:57.562,DEMO,DEMO,DEMO_MODE,24f8f9829bf14f26914a962224c1ad3a,F1 :    100    3 0.10 -14.44 0.54 50.00  10.0   8.0,0.00 0.00 0.00 89.38 0.54 50.00 0.10 -14.44 6 63 6 63 10.0%  8.0% 50.000 0.000 0.00 -4.90 0.00  1.94 0.00  97.00 0.0% | 1200.00  -40.00 HI -50.00 -50.00
2026-09-27T09:11:57.689,DEMO,DEMO,DEMO_MODE,24f8f9829bf14f26914a962224c1ad3a,F1 :    100    3 0.10 -14.44 0.54 50.00  10.0   8.0,0.00 0.00 0.00 89.38 0.54 50.00 0.10 -14.44 6 63 6 63 10.0%  8.0% 50.000 0.000 0.00 -4.90 0.00  1.94 0.00  97.00 0.0% | 1200.00  -40.00 HI -50.00 -50.00
2026-09-27T09:11:57.810,DEMO,DEMO,DEMO_MODE,24f8f9829bf14f26914a962224c1ad3a,F1 :    100    3 0.10 -14.44 0.54 50.00  10.0   8.0,0.00 0.00 0.00 89.38 0.54 50.00 0.10 -14.44 6 63 6 63 10.0%  8.0% 50.000 0.000 0.00 -4.90 0.00  1.94 0.00  97.00 0.0% | 1200.00  -40.00 HI -50.00 -50.00
2026-09-27T09:11:57.936,DEMO,DEMO,DEMO_MODE,24f8f9829bf14f26914a962224c1ad3a,F1 :    100    3 0.10 -14.44 0.54 50.00  10.0   8.0,0.00 0.00 0.00 89.38 0.54 50.00 0.10 -14.44 6 63 6 63 10.0%  8.0% 50.000 0.000 0.00 -4.90 0.00  1.94 0.00  97.00 0.0% | 1200.00  -40.00 HI -50.00 -50.00
2026-09-27T09:11:58.057,DEMO,DEMO,DEMO_MODE,24f8f9829bf14f26914a962224c1ad3a,F1 :    100    3 0.10 -14.44 0.54 50.00  10.0   8.0,0.00 0.00 0.00 89.38 0.54 50.00 0.10 -14.44 6 63 6 63 10.0%  8.0% 50.000 0.000 0.00 -4.90 0.00  1.94 0.00  97.00 0.0% | 1200.00  -40.00 HI -50.00 -50.00
2026-09-27T09:11:58.183,DEMO,DEMO,DEMO_MODE,24f8f9829bf14f26914a962224c1ad3a,F1 :    100    3 0.10 -14.44 0.54 50.00  10.0   8.0,0.00 0.00 0.00 89.38 0.54 50.00 0.10 -14.44 6 63 6 63 10.0%  8.0% 50.000 0.000 0.00 -4.90 0.00  1.94 0.00  97.00 0.0% | 1200.00  -40.00 HI -50.00 -50.00
2026-09-27T09:11:58.304,DEMO,DEMO,DEMO_MODE,24f8f9829bf14f26914a962224c1ad3a,F1 :    100    3 0.10 -14.44 0.54 50.00  10.0   8.0,0.00 0.00 0.00 89.38 0.54 50.00 0.10 -14.44 6 63 6 63 10.0%  8.0% 50.000 0.000 0.00 -4.90 0.00  1.94 0.00  97.00 0.0% | 1200.00  -40.00 HI -50.00 -50.00
2026-09-27T09:11:58.429,DEMO,DEMO,DEMO_MODE,24f8f9829bf14f26914a962224c1ad3a,F1 :    100    3 0.10 -14.44 0.54 50.00  10.0   8.0,0.00 0.00 0.00 89.38 0.54 50.00 0.10 -14.44 6 63 6 63 10.0%  8.0% 50.000 0.000 0.00 -4.90 0.00  1.94 0.00  97.00 0.0% | 1200.00  -40.00 HI -50.00 -50.00
2026-09-27T09:11:58.550,DEMO,DEMO,DEMO_MODE,24f8f9829bf14f26914a962224c1ad3a,F1 :    100    3 0.10 -14.44 0.54 50.00  10.0   8.0,0.00 0.00 0.00 89.38 0.54 50.00 0.10 -14.44 6 63 6 63 10.0%  8.0% 50.000 0.000 0.00 -4.90 0.00  1.94 0.00  97.00 0.0% | 1200.00  -40.00 HI -50.00 -50.00
2026-09-27T09:11:58.678,DEMO,DEMO,DEMO_MODE,24f8f9829bf14f26914a962224c1ad3a,F1 :    100    3 0.10 -14.44 0.54 50.00  10.0   8.0,0.00 0.00 0.00 89.38 0.54 50.00 0.10 -14.44 6 63 6 63 10.0%  8.0% 50.000 0.000 0.00 -4.90 0.00  1.94 0.00  97.00 0.0% | 1200.00  -40.00 HI -50.00 -50.00
2026-09-27T09:11:58.798,DEMO,DEMO,DEMO_MODE,24f8f9829bf14f26914a962224c1ad3a,F1 :    100    3 0.10 -14.44 0.54 50.00  10.0   8.0,0.00 0.00 0.00 89.38 0.54 50.00 0.10 -14.44 6 63 6 63 10.0%  8.0% 50.000 0.000 0.00 -4.90 0.00  1.94 0.00  97.00 0.0% | 1200.00  -40.00 HI -50.00 -50.00
2026-09-27T09:11:58.924,DEMO,DEMO,DEMO_MODE,24f8f9829bf14f26914a962224c1ad3a,F1 :    100    3 0.10 -14.44 0.54 50.00  10.0   8.0,0.00 0.00 0.00 89.38 0.54 50.00 0.10 -14.44 6 63 6 63 10.0%  8.0% 50.000 0.000 0.00 -4.90 0.00  1.94 0.00  97.00 0.0% | 1200.00  -40.00 HI -50.00 -50.00
2026-09-27T09:11:59.044,DEMO,DEMO,DEMO_MODE,24f8f9829bf14f26914a962224c1ad3a,F1 :    100    3 0.10 -14.44 0.54 50.00  10.0   8.0,0.00 0.00 0.00 89.38 0.54 50.00 0.10 -14.44 6 63 6 63 10.0%  8.0% 50.000 0.000 0.00 -4.90 0.00  1.94 0.00  97.00 0.0% | 1200.00  -40.00 HI -50.00 -50.00
2026-09-27T09:11:59.171,DEMO,DEMO,DEMO_MODE,24f8f9829bf14f26914a962224c1ad3a,F1 :    100    3 0.10 -14.44 0.54 50.00  10.0   8.0,0.00 0.00 0.00 89.38 0.54 50.00 0.10 -14.44 6 63 6 63 10.0%  8.0% 50.000 0.000 0.00 -4.90 0.00  1.94 0.00  97.00 0.0% | 1200.00  -40.00 HI -50.00 -50.00
2026-09-27T09:11:59.292,DEMO,DEMO,DEMO_MODE,24f8f9829bf14f26914a962224c1ad3a,F1 :    100    3 0.10 -14.44 0.54 50.00  10.0   8.0,0.00 0.00 0.00 89.38 0.54 50.00 0.10 -14.44 6 63 6 63 10.0%  8.0% 50.000 0.000 0.00 -4.90 0.00  1.94 0.00  97.00 0.0% | 1200.00  -40.00 HI -50.00 -50.00
2026-09-27T09:11:59.417,DEMO,DEMO,DEMO_MODE,24f8f9829bf14f26914a962224c1ad3a,F1 :    100    3 0.10 -14.44 0.54 50.00  10.0   8.0,0.00 0.00 0.00 89.38 0.54 50.00 0.10 -14.44 6 63 6 63 10.0%  8.0% 50.000 0.000 0.00 -4.90 0.00  1.94 0.00  97.00 0.0% | 1200.00  -40.00 HI -50.00 -50.00
2026-09-27T09:11:59.538,DEMO,DEMO,DEMO_MODE,24f8f9829bf14f26914a962224c1ad3a,F1 :    100    3 0.10 -14.44 0.54 50.00  10.0   8.0,0.00 0.00 0.00 89.38 0.54 50.00 0.10 -14.44 6 63 6 63 10.0%  8.0% 50.000 0.000 0.00 -4.90 0.00  1.94 0.00  97.00 0.0% | 1200.00  -40.00 HI -50.00 -50.00
2026-09-27T09:11:59.659,DEMO,DEMO,DEMO_MODE,24f8f9829bf14f26914a962224c1ad3a,F1 :    100    3 0.10 -14.44 0.54 50.00  10.0   8.0,0.00 0.00 0.00 89.38 0.54 50.00 0.10 -14.44 6 63 6 63 10.0%  8.0% 50.000 0.000 0.00 -4.90 0.00  1.94 0.00  97.00 0.0% | 1200.00  -40.00 HI -50.00 -50.00
2026-09-27T09:11:59.780,DEMO,DEMO,DEMO_MODE,24f8f9829bf14f26914a962224c1ad3a,F1 :    100    3 0.10 -14.44 0.54 50.00  10.0   8.0,0.00 0.00 0.00 89.38 0.54 50.00 0.10 -14.44 6 63 6 63 10.0%  8.0% 50.000 0.000 0.00 -4.90 0.00  1.94 0.00  97.00 0.0% | 1200.00  -40.00 HI -50.00 -50.00
2026-09-27T09:11:59.900,DEMO,DEMO,DEMO_MODE,24f8f9829bf14f26914a962224c1ad3a,F1 :    100    3 0.10 -14.44 0.54 50.00  10.0   8.0,0.00 0.00 0.00 89.38 0.54 50.00 0.10 -14.44 6 63 6 63 10.0%  8.0% 50.000 0.000 0.00 -4.90 0.00  1.94 0.00  97.00 0.0% | 1200.00  -40.00 HI -50.00 -50.00
2026-09-27T09:12:00.021,DEMO,DEMO,DEMO_MODE,24f8f9829bf14f26914a962224c1ad3a,F1 :    100    3 0.10 -14.44 0.54 50.00  10.0   8.0,0.00 0.00 0.00 89.38 0.54 50.00 0.10 -14.44 6 63 6 63 10.0%  8.0% 50.000 0.000 0.00 -4.90 0.00  1.94 0.00  97.00 0.0% | 1200.00  -40.00 HI -50.00 -50.00
2026-09-27T09:12:00.141,DEMO,DEMO,DEMO_MODE,24f8f9829bf14f26914a962224c1ad3a,F1 :    100    3 0.10 -14.44 0.54 50.00  10.0   8.0,0.00 0.00 0.00 89.38 0.54 50.00 0.10 -14.44 6 63 6 63 10.0%  8.0% 50.000 0.000 0.00 -4.90 0.00  1.94 0.00  97.00 0.0% | 1200.00  -40.00 HI -50.00 -50.00
2026-09-27T09:12:00.262,DEMO,DEMO,DEMO_MODE,24f8f9829bf14f26914a962224c1ad3a,F1 :    100    3 0.10 -14.44 0.54 50.00  10.0   8.0,0.00 0.00 0.00 89.38 0.54 50.00 0.10 -14.44 6 63 6 63 10.0%  8.0% 50.000 0.000 0.00 -4.90 0.00  1.94 0.00  97.00 0.0% | 1200.00  -40.00 HI -50.00 -50.00
2026-09-27T09:12:00.383,DEMO,DEMO,DEMO_MODE,24f8f9829bf14f26914a962224c1ad3a,F1 :    100    3 0.10 -14.44 0.54 50.00  10.0   8.0,0.00 0.00 0.00 89.38 0.54 50.00 0.10 -14.44 6 63 6 63 10.0%  8.0% 50.000 0.000 0.00 -4.90 0.00  1.94 0.00  97.00 0.0% | 1200.00  -40.00 HI -50.00 -50.00
2026-09-27T09:12:00.503,DEMO,DEMO,DEMO_MODE,24f8f9829bf14f26914a962224c1ad3a,F1 :    100    3 0.10 -14.44 0.54 50.00  10.0   8.0,0.00 0.00 0.00 89.38 0.54 50.00 0.10 -14.44 6 63 6 63 10.0%  8.0% 50.000 0.000 0.00 -4.90 0.00  1.94 0.00  97.00 0.0% | 1200.00  -40.00 HI -50.00 -50.00
2026-09-27T09:12:00.624,DEMO,DEMO,DEMO_MODE,24f8f9829bf14f26914a962224c1ad3a,F1 :    100    3 0.10 -14.44 0.54 50.00  10.0   8.0,0.00 0.00 0.00 89.38 0.54 50.00 0.10 -14.44 6 63 6 63 10.0%  8.0% 50.000 0.000 0.00 -4.90 0.00  1.94 0.00  97.00 0.0% | 1200.00  -40.00 HI -50.00 -50.00
2026-09-27T09:12:00.745,DEMO,DEMO,DEMO_MODE,24f8f9829bf14f26914a962224c1ad3a,F1 :    100    3 0.10 -14.44 0.54 50.00  10.0   8.0,0.00 0.00 0.00 89.38 0.54 50.00 0.10 -14.44 6 63 6 63 10.0%  8.0% 50.000 0.000 0.00 -4.90 0.00  1.94 0.00  97.00 0.0% | 1200.00  -40.00 HI -50.00 -50.00
2026-09-27T09:12:00.865,DEMO,DEMO,DEMO_MODE,24f8f9829bf14f26914a962224c1ad3a,F1 :    100    3 0.10 -14.44 0.54 50.00  10.0   8.0,0.00 0.00 0.00 89.38 0.54 50.00 0.10 -14.44 6 63 6 63 10.0%  8.0% 50.000 0.000 0.00 -4.90 0.00  1.94 0.00  97.00 0.0% | 1200.00  -40.00 HI -50.00 -50.00
2026-09-27T09:12:00.992,DEMO,DEMO,DEMO_MODE,24f8f9829bf14f26914a962224c1ad3a,F1 :    100    3 0.10 -14.44 0.54 50.00  10.0   8.0,0.00 0.00 0.00 89.38 0.54 50.00 0.10 -14.44 6 63 6 63 10.0%  8.0% 50.000 0.000 0.00 -4.90 0.00  1.94 0.00  97.00 0.0% | 1200.00  -40.00 HI -50.00 -50.00
2026-09-27T09:12:01.112,DEMO,DEMO,DEMO_MODE,24f8f9829bf14f26914a962224c1ad3a,F1 :    100    3 0.10 -14.44 0.54 50.00  10.0  12.0,0.00 0.00 0.00 89.38 0.54 50.00 0.10 -14.44 6 63 6 63 10.0% 12.0% 50.000 0.000 0.00 -4.90 0.00  1.94 0.00  97.00 0.0% | 1200.00  -40.00 HI -50.00 -50.00
2026-09-27T09:12:01.233,DEMO,DEMO,DEMO_MODE,24f8f9829bf14f26914a962224c1ad3a,F1 :    100    3 0.10 -14.44 0.54 50.00  10.0  12.0,0.00 0.00 0.00 89.38 0.54 50.00 0.10 -14.44 6 63 6 63 10.0% 12.0% 50.000 0.000 0.00 -4.90 0.00  1.94 0.00  97.00 0.0% | 1200.00  -40.00 HI -50.00 -50.00
2026-09-27T09:12:01.353,DEMO,DEMO,DEMO_MODE,24f8f9829bf14f26914a962224c1ad3a,F1 :    100    3 0.10 -14.44 0.54 50.00  10.0  12.0,0.00 0.00 0.00 89.38 0.54 50.00 0.10 -14.44 6 63 6 63 10.0% 12.0% 50.000 0.000 0.00 -4.90 0.00  1.94 0.00  97.00 0.0% | 1200.00  -40.00 HI -50.00 -50.00
2026-09-27T09:12:01.481,DEMO,DEMO,DEMO_MODE,24f8f9829bf14f26914a962224c1ad3a,F1 :    100    3 0.10 -14.44 0.54 50.00  10.0  12.0,0.00 0.00 0.00 89.38 0.54 50.00 0.10 -14.44 6 63 6 63 10.0% 12.0% 50.000 0.000 0.00 -4.90 0.00  1.94 0.00  97.00 0.0% | 1200.00  -40.00 HI -50.00 -50.00
2026-09-27T09:12:01.601,DEMO,DEMO,DEMO_MODE,24f8f9829bf14f26914a962224c1ad3a,F1 :    100    3 0.10 -14.44 0.54 50.00  10.0  12.0,0.00 0.00 0.00 89.38 0.54 50.00 0.10 -14.44 6 63 6 63 10.0% 12.0% 50.000 0.000 0.00 -4.90 0.00  1.94 0.00  97.00 0.0% | 1200.00  -40.00 HI -50.00 -50.00
2026-09-27T09:12:01.727,DEMO,DEMO,DEMO_MODE,24f8f9829bf14f26914a962224c1ad3a,F1 :    100    3 0.10 -14.44 0.54 50.00  10.0  12.0,0.00 0.00 0.00 89.38 0.54 50.00 0.10 -14.44 6 63 6 63 10.0% 12.0% 50.000 0.000 0.00 -4.90 0.00  1.94 0.00  97.00 0.0% | 1200.00  -40.00 HI -50.00 -50.00
2026-09-27T09:12:01.847,DEMO,DEMO,DEMO_MODE,24f8f9829bf14f26914a962224c1ad3a,F1 :    100    3 0.10 -14.44 0.54 50.00  10.0  12.0,0.00 0.00 0.00 89.38 0.54 50.00 0.10 -14.44 6 63 6 63 10.0% 12.0% 50.000 0.000 0.00 -4.90 0.00  1.94 0.00  97.00 0.0% | 1200.00  -40.00 HI -50.00 -50.00
2026-09-27T09:12:01.973,DEMO,DEMO,DEMO_MODE,24f8f9829bf14f26914a962224c1ad3a,F1 :    100    3 0.10 -14.44 0.54 50.00  10.0  12.0,0.00 0.00 0.00 89.38 0.54 50.00 0.10 -14.44 6 63 6 63 10.0% 12.0% 50.000 0.000 0.00 -4.90 0.00  1.94 0.00  97.00 0.0% | 1200.00  -40.00 HI -50.00 -50.00
2026-09-27T09:12:02.094,DEMO,DEMO,DEMO_MODE,24f8f9829bf14f26914a962224c1ad3a,F1 :    100    4 0.10 -14.44 0.54 50.00  10.0  12.0,0.00 0.00 0.00 89.38 0.54 50.00 0.10 -14.44 6 63 6 63 10.0% 12.0% 50.000 0.000 0.00 -4.90 0.00  1.92 0.00  96.00 0.0% | 1200.00  -40.00 HI -50.00 -50.00
2026-09-27T09:12:02.219,DEMO,DEMO,DEMO_MODE,24f8f9829bf14f26914a962224c1ad3a,F1 :    100    4 0.10 -14.44 0.54 50.00  10.0  12.0,0.00 0.00 0.00 89.38 0.54 50.00 0.10 -14.44 6 63 6 63 10.0% 12.0% 50.000 0.000 0.00 -4.90 0.00  1.92 0.00  96.00 0.0% | 1200.00  -40.00 HI -50.00 -50.00
2026-09-27T09:12:02.340,DEMO,DEMO,DEMO_MODE,24f8f9829bf14f26914a962224c1ad3a,F1 :    100    4 0.10 -14.44 0.54 50.00  10.0  12.0,0.00 0.00 0.00 89.38 0.54 50.00 0.10 -14.44 6 63 6 63 10.0% 12.0% 50.000 0.000 0.00 -4.90 0.00  1.92 0.00  96.00 0.0% | 1200.00  -40.00 HI -50.00 -50.00
2026-09-27T09:12:02.465,DEMO,DEMO,DEMO_MODE,24f8f9829bf14f26914a962224c1ad3a,F1 :    100    4 0.10 -14.44 0.54 50.00  10.0  12.0,0.00 0.00 0.00 89.38 0.54 50.00 0.10 -14.44 6 63 6 63 10.0% 12.0% 50.000 0.000 0.00 -4.90 0.00  1.92 0.00  96.00 0.0% | 1200.00  -40.00 HI -50.00 -50.00
2026-09-27T09:12:02.603,DEMO,DEMO,DEMO_MODE,24f8f9829bf14f26914a962224c1ad3a,F1 :    100    4 0.10 -14.44 0.54 50.00  10.0  12.0,0.00 0.00 0.00 89.38 0.54 50.00 0.10 -14.44 6 63 6 63 10.0% 12.0% 50.000 0.000 0.00 -4.90 0.00  1.92 0.00  96.00 0.0% | 1200.00  -40.00 HI -50.00 -50.00
2026-09-27T09:12:02.729,DEMO,DEMO,DEMO_MODE,24f8f9829bf14f26914a962224c1ad3a,F1 :    100    4 0.10 -14.44 0.54 50.00  10.0  12.0,0.00 0.00 0.00 89.38 0.54 50.00 0.10 -14.44 6 63 6 63 10.0% 12.0% 50.000 0.000 0.00 -4.90 0.00  1.92 0.00  96.00 0.0% | 1200.00  -40.00 HI -50.00 -50.00
2026-09-27T09:12:02.850,DEMO,DEMO,DEMO_MODE,24f8f9829bf14f26914a962224c1ad3a,F1 :    100    4 0.10 -14.44 0.54 50.00  10.0  12.0,0.00 0.00 0.00 89.38 0.54 50.00 0.10 -14.44 6 63 6 63 10.0% 12.0% 50.000 0.000 0.00 -4.90 0.00  1.92 0.00  96.00 0.0% | 1200.00  -40.00 HI -50.00 -50.00
2026-09-27T09:12:02.978,DEMO,DEMO,DEMO_MODE,24f8f9829bf14f26914a962224c1ad3a,F1 :    100    4 0.10 -14.44 0.54 50.00  10.0  12.0,0.00 0.00 0.00 89.38 0.54 50.00 0.10 -14.44 6 63 6 63 10.0% 12.0% 50.000 0.000 0.00 -4.90 0.00  1.92 0.00  96.00 0.0% | 1200.00  -40.00 HI -50.00 -50.00
2026-09-27T09:12:03.099,DEMO,DEMO,DEMO_MODE,24f8f9829bf14f26914a962224c1ad3a,F1 :    100    4 0.10 -14.44 0.54 50.00  10.0  12.0,0.00 0.00 0.00 89.38 0.54 50.00 0.10 -14.44 6 63 6 63 10.0% 12.0% 50.000 0.000 0.00 -4.90 0.00  1.92 0.00  96.00 0.0% | 1200.00  -40.00 HI -50.00 -50.00
2026-09-27T09:12:03.225,DEMO,DEMO,DEMO_MODE,24f8f9829bf14f26914a962224c1ad3a,F1 :    100    4 0.10 -14.44 0.54 50.00  10.0  12.0,0.00 0.00 0.00 89.38 0.54 50.00 0.10 -14.44 6 63 6 63 10.0% 12.0% 50.000 0.000 0.00 -4.90 0.00  1.92 0.00  96.00 0.0% | 1200.00  -40.00 HI -50.00 -50.00
2026-09-27T09:12:03.346,DEMO,DEMO,DEMO_MODE,24f8f9829bf14f26914a962224c1ad3a,F1 :    100    4 0.10 -14.44 0.54 50.00  10.0  12.0,0.00 0.00 0.00 89.38 0.54 50.00 0.10 -14.44 6 63 6 63 10.0% 12.0% 50.000 0.000 0.00 -4.90 0.00  1.92 0.00  96.00 0.0% | 1200.00  -40.00 HI -50.00 -50.00
2026-09-27T09:12:03.472,DEMO,DEMO,DEMO_MODE,24f8f9829bf14f26914a962224c1ad3a,F1 :    100    4 0.10 -14.44 0.54 50.00  10.0  12.0,0.00 0.00 0.00 89.38 0.54 50.00 0.10 -14.44 6 63 6 63 10.0% 12.0% 50.000 0.000 0.00 -4.90 0.00  1.92 0.00  96.00 0.0% | 1200.00  -40.00 HI -50.00 -50.00
2026-09-27T09:12:03.598,DEMO,DEMO,DEMO_MODE,24f8f9829bf14f26914a962224c1ad3a,F1 :    100    4 0.10 -14.44 0.54 50.00  10.0  12.0,0.00 0.00 0.00 89.38 0.54 50.00 0.10 -14.44 6 63 6 63 10.0% 12.0% 50.000 0.000 0.00 -4.90 0.00  1.92 0.00  96.00 0.0% | 1200.00  -40.00 HI -50.00 -50.00
2026-09-27T09:12:03.724,DEMO,DEMO,DEMO_MODE,24f8f9829bf14f26914a962224c1ad3a,F1 :    100    4 0.10 -14.44 0.54 50.00  10.0  12.0,0.00 0.00 0.00 89.38 0.54 50.00 0.10 -14.44 6 63 6 63 10.0% 12.0% 50.000 0.000 0.00 -4.90 0.00  1.92 0.00  96.00 0.0% | 1200.00  -40.00 HI -50.00 -50.00
2026-09-27T09:12:03.844,DEMO,DEMO,DEMO_MODE,24f8f9829bf14f26914a962224c1ad3a,F1 :    100    4 0.10 -14.44 0.54 50.00  10.0  12.0,0.00 0.00 0.00 89.38 0.54 50.00 0.10 -14.44 6 63 6 63 10.0% 12.0% 50.000 0.000 0.00 -4.90 0.00  1.92 0.00  96.00 0.0% | 1200.00  -40.00 HI -50.00 -50.00
2026-09-27T09:12:03.970,DEMO,DEMO,DEMO_MODE,24f8f9829bf14f26914a962224c1ad3a,F1 :    100    4 0.10 -14.44 0.54 50.00  10.0  12.0,0.00 0.00 0.00 89.38 0.54 50.00 0.10 -14.44 6 63 6 63 10.0% 12.0% 50.000 0.000 0.00 -4.90 0.00  1.92 0.00  96.00 0.0% | 1200.00  -40.00 HI -50.00 -50.00
2026-09-27T09:12:04.091,DEMO,DEMO,DEMO_MODE,24f8f9829bf14f26914a962224c1ad3a,F1 :    100    4 0.10 -14.44 0.54 50.00  10.0  12.0,0.00 0.00 0.00 89.38 0.54 50.00 0.10 -14.44 6 63 6 63 10.0% 12.0% 50.000 0.000 0.00 -4.90 0.00  1.92 0.00  96.00 0.0% | 1200.00  -40.00 HI -50.00 -50.00
2026-09-27T09:12:04.218,DEMO,DEMO,DEMO_MODE,24f8f9829bf14f26914a962224c1ad3a,F1 :    100    4 0.10 -14.44 0.54 50.00  10.0  12.0,0.00 0.00 0.00 89.38 0.54 50.00 0.10 -14.44 6 63 6 63 10.0% 12.0% 50.000 0.000 0.00 -4.90 0.00  1.92 0.00  96.00 0.0% | 1200.00  -40.00 HI -50.00 -50.00
2026-09-27T09:12:04.338,DEMO,DEMO,DEMO_MODE,24f8f9829bf14f26914a962224c1ad3a,F1 :    100    4 0.10 -14.44 0.54 50.00  10.0  12.0,0.00 0.00 0.00 89.38 0.54 50.00 0.10 -14.44 6 63 6 63 10.0% 12.0% 50.000 0.000 0.00 -4.90 0.00  1.92 0.00  96.00 0.0% | 1200.00  -40.00 HI -50.00 -50.00
2026-09-27T09:12:04.464,DEMO,DEMO,DEMO_MODE,24f8f9829bf14f26914a962224c1ad3a,F1 :    100    4 0.10 -14.44 0.54 50.00  10.0  12.0,0.00 0.00 0.00 89.38 0.54 50.00 0.10 -14.44 6 63 6 63 10.0% 12.0% 50.000 0.000 0.00 -4.90 0.00  1.92 0.00  96.00 0.0% | 1200.00  -40.00 HI -50.00 -50.00
2026-09-27T09:12:04.585,DEMO,DEMO,DEMO_MODE,24f8f9829bf14f26914a962224c1ad3a,F1 :    100    4 0.10 -14.44 0.54 50.00  10.0  12.0,0.00 0.00 0.00 89.38 0.54 50.00 0.10 -14.44 6 63 6 63 10.0% 12.0% 50.000 0.000 0.00 -4.90 0.00  1.92 0.00  96.00 0.0% | 1200.00  -40.00 HI -50.00 -50.00
2026-09-27T09:12:04.710,DEMO,DEMO,DEMO_MODE,24f8f9829bf14f26914a962224c1ad3a,F1 :    100    4 0.10 -14.44 0.54 50.00  10.0  12.0,0.00 0.00 0.00 89.38 0.54 50.00 0.10 -14.44 6 63 6 63 10.0% 12.0% 50.000 0.000 0.00 -4.90 0.00  1.92 0.00  96.00 0.0% | 1200.00  -40.00 HI -50.00 -50.00
2026-09-27T09:12:04.831,DEMO,DEMO,DEMO_MODE,24f8f9829bf14f26914a962224c1ad3a,F1 :    100    4 0.10 -14.44 0.54 50.00  10.0  12.0,0.00 0.00 0.00 89.38 0.54 50.00 0.10 -14.44 6 63 6 63 10.0% 12.0% 50.000 0.000 0.00 -4.90 0.00  1.92 0.00  96.00 0.0% | 1200.00  -40.00 HI -50.00 -50.00
2026-09-27T09:12:04.957,DEMO,DEMO,DEMO_MODE,24f8f9829bf14f26914a962224c1ad3a,F1 :    100    4 0.10 -14.44 0.54 50.00  10.0  12.0,0.00 0.00 0.00 89.38 0.54 50.00 0.10 -14.44 6 63 6 63 10.0% 12.0% 50.000 0.000 0.00 -4.90 0.00  1.92 0.00  96.00 0.0% | 1200.00  -40.00 HI -50.00 -50.00
2026-09-27T09:12:05.077,DEMO,DEMO,DEMO_MODE,24f8f9829bf14f26914a962224c1ad3a,F1 :    100    4 0.10 -14.44 0.54 50.00  10.0  12.0,0.00 0.00 0.00 89.38 0.54 50.00 0.10 -14.44 6 63 6 63 10.0% 12.0% 50.000 0.000 0.00 -4.90 0.00  1.92 0.00  96.00 0.0% | 1200.00  -40.00 HI -50.00 -50.00
2026-09-27T09:12:05.204,DEMO,DEMO,DEMO_MODE,24f8f9829bf14f26914a962224c1ad3a,F1 :    100    4 0.10 -14.44 0.54 50.00  10.0  12.0,0.00 0.00 0.00 89.38 0.54 50.00 0.10 -14.44 6 63 6 63 10.0% 12.0% 50.000 0.000 0.00 -4.90 0.00  1.92 0.00  96.00 0.0% | 1200.00  -40.00 HI -50.00 -50.00
2026-09-27T09:12:05.330,DEMO,DEMO,DEMO_MODE,24f8f9829bf14f26914a962224c1ad3a,F1 :    100    4 0.10 -14.44 0.54 50.00  10.0  12.0,0.00 0.00 0.00 89.38 0.54 50.00 0.10 -14.44 6 63 6 63 10.0% 12.0% 50.000 0.000 0.00 -4.90 0.00  1.92 0.00  96.00 0.0% | 1200.00  -40.00 HI -50.00 -50.00
2026-09-27T09:12:05.456,DEMO,DEMO,DEMO_MODE,24f8f9829bf14f26914a962224c1ad3a,F1 :    100    4 0.10 -14.44 0.54 50.00  10.0  12.0,0.00 0.00 0.00 89.38 0.54 50.00 0.10 -14.44 6 63 6 63 10.0% 12.0% 50.000 0.000 0.00 -4.90 0.00  1.92 0.00  96.00 0.0% | 1200.00  -40.00 HI -50.00 -50.00
2026-09-27T09:12:05.577,DEMO,DEMO,DEMO_MODE,24f8f9829bf14f26914a962224c1ad3a,F1 :    100    4 0.10 -14.44 0.54 50.00  10.0  12.0,0.00 0.00 0.00 89.38 0.54 50.00 0.10 -14.44 6 63 6 63 10.0% 12.0% 50.000 0.000 0.00 -4.90 0.00  1.92 0.00  96.00 0.0% | 1200.00  -40.00 HI -50.00 -50.00
2026-09-27T09:12:05.704,DEMO,DEMO,DEMO_MODE,24f8f9829bf14f26914a962224c1ad3a,F1 :    100    4 0.10 -14.44 0.54 50.00  10.0  12.0,0.00 0.00 0.00 89.38 0.54 50.00 0.10 -14.44 6 63 6 63 10.0% 12.0% 50.000 0.000 0.00 -4.90 0.00  1.92 0.00  96.00 0.0% | 1200.00  -40.00 HI -50.00 -50.00
2026-09-27T09:12:05.824,DEMO,DEMO,DEMO_MODE,24f8f9829bf14f26914a962224c1ad3a,F1 :    100    4 0.10 -14.44 0.54 50.00  10.0  12.0,0.00 0.00 0.00 89.38 0.54 50.00 0.10 -14.44 6 63 6 63 10.0% 12.0% 50.000 0.000 0.00 -4.90 0.00  1.92 0.00  96.00 0.0% | 1200.00  -40.00 HI -50.00 -50.00
2026-09-27T09:12:05.952,DEMO,DEMO,DEMO_MODE,24f8f9829bf14f26914a962224c1ad3a,F1 :    100    4 0.10 -14.44 0.54 50.00  10.0  12.0,0.00 0.00 0.00 89.38 0.54 50.00 0.10 -14.44 6 63 6 63 10.0% 12.0% 50.000 0.000 0.00 -4.90 0.00  1.92 0.00  96.00 0.0% | 1200.00  -40.00 HI -50.00 -50.00
2026-09-27T09:12:06.083,DEMO,DEMO,DEMO_MODE,24f8f9829bf14f26914a962224c1ad3a,F1 :    100    4 0.10 -14.44 0.54 50.00  10.0  12.0,0.00 0.00 0.00 89.38 0.54 50.00 0.10 -14.44 6 63 6 63 10.0% 12.0% 50.000 0.000 0.00 -4.90 0.00  1.92 0.00  96.00 0.0% | 1200.00  -40.00 HI -50.00 -50.00
2026-09-27T09:12:06.209,DEMO,DEMO,DEMO_MODE,24f8f9829bf14f26914a962224c1ad3a,F1 :    100    4 0.10 -14.44 0.54 50.00  10.0  12.0,0.00 0.00 0.00 89.38 0.54 50.00 0.10 -14.44 6 63 6 63 10.0% 12.0% 50.000 0.000 0.00 -4.90 0.00  1.92 0.00  96.00 0.0% | 1200.00  -40.00 HI -50.00 -50.00
2026-09-27T09:12:06.329,DEMO,DEMO,DEMO_MODE,24f8f9829bf14f26914a962224c1ad3a,F1 :    200    4 0.10 -14.44 0.54 50.00  20.0  16.0,0.00 0.00 0.00 89.38 0.54 50.00 0.10 -14.44 6 63 6 63 20.0% 16.0% 100.000 0.000 0.00 -4.90 0.00  1.96 0.00 196.00 0.0% | 1200.00  -30.00 HI -50.00 -50.00
2026-09-27T09:12:06.455,DEMO,DEMO,DEMO_MODE,24f8f9829bf14f26914a962224c1ad3a,F1 :    200    4 0.10 -14.44 0.54 50.00  20.0  16.0,0.00 0.00 0.00 89.38 0.54 50.00 0.10 -14.44 6 63 6 63 20.0% 16.0% 100.000 0.000 0.00 -4.90 0.00  1.96 0.00 196.00 0.0% | 1200.00  -30.00 HI -50.00 -50.00
2026-09-27T09:12:06.586,DEMO,DEMO,DEMO_MODE,24f8f9829bf14f26914a962224c1ad3a,F1 :    200    4 0.10 -14.44 0.54 50.00  20.0  16.0,0.00 0.00 0.00 89.38 0.54 50.00 0.10 -14.44 6 63 6 63 20.0% 16.0% 100.000 0.000 0.00 -4.90 0.00  1.96 0.00 196.00 0.0% | 1200.00  -30.00 HI -50.00 -50.00
2026-09-27T09:12:06.712,DEMO,DEMO,DEMO_MODE,24f8f9829bf14f26914a962224c1ad3a,F1 :    200    4 0.10 -14.44 0.54 50.00  20.0  16.0,0.00 0.00 0.00 89.38 0.54 50.00 0.10 -14.44 6 63 6 63 20.0% 16.0% 100.000 0.000 0.00 -4.90 0.00  1.96 0.00 196.00 0.0% | 1200.00  -30.00 HI -50.00 -50.00
2026-09-27T09:12:06.833,DEMO,DEMO,DEMO_MODE,24f8f9829bf14f26914a962224c1ad3a,F1 :    200    4 0.10 -14.44 0.54 50.00  20.0  16.0,0.00 0.00 0.00 89.38 0.54 50.00 0.10 -14.44 6 63 6 63 20.0% 16.0% 100.000 0.000 0.00 -4.90 0.00  1.96 0.00 196.00 0.0% | 1200.00  -30.00 HI -50.00 -50.00
2026-09-27T09:12:06.958,DEMO,DEMO,DEMO_MODE,24f8f9829bf14f26914a962224c1ad3a,F1 :    200    4 0.10 -14.44 0.54 50.00  20.0  16.0,0.00 0.00 0.00 89.38 0.54 50.00 0.10 -14.44 6 63 6 63 20.0% 16.0% 100.000 0.000 0.00 -4.90 0.00  1.96 0.00 196.00 0.0% | 1200.00  -30.00 HI -50.00 -50.00
2026-09-27T09:12:07.079,DEMO,DEMO,DEMO_MODE,24f8f9829bf14f26914a962224c1ad3a,F1 :    200    4 0.10 -14.44 0.54 50.00  20.0  16.0,0.00 0.00 0.00 89.38 0.54 50.00 0.10 -14.44 6 63 6 63 20.0% 16.0% 100.000 0.000 0.00 -4.90 0.00  1.96 0.00 196.00 0.0% | 1200.00  -30.00 HI -50.00 -50.00
2026-09-27T09:12:07.205,DEMO,DEMO,DEMO_MODE,24f8f9829bf14f26914a962224c1ad3a,F1 :    200    4 0.10 -14.44 0.54 50.00  20.0  16.0,0.00 0.00 0.00 89.38 0.54 50.00 0.10 -14.44 6 63 6 63 20.0% 16.0% 100.000 0.000 0.00 -4.90 0.00  1.96 0.00 196.00 0.0% | 1200.00  -30.00 HI -50.00 -50.00
2026-09-27T09:12:07.326,DEMO,DEMO,DEMO_MODE,24f8f9829bf14f26914a962224c1ad3a,F1 :    200    4 0.10 -14.44 0.54 50.00  20.0  16.0,0.00 0.00 0.00 89.38 0.54 50.00 0.10 -14.44 6 63 6 63 20.0% 16.0% 100.000 0.000 0.00 -4.90 0.00  1.96 0.00 196.00 0.0% | 1200.00  -30.00 HI -50.00 -50.00
2026-09-27T09:12:07.451,DEMO,DEMO,DEMO_MODE,24f8f9829bf14f26914a962224c1ad3a,F1 :    200    4 0.10 -14.44 0.54 50.00  20.0  16.0,0.00 0.00 0.00 89.38 0.54 50.00 0.10 -14.44 6 63 6 63 20.0% 16.0% 100.000 0.000 0.00 -4.90 0.00  1.96 0.00 196.00 0.0% | 1200.00  -30.00 HI -50.00 -50.00
2026-09-27T09:12:07.577,DEMO,DEMO,DEMO_MODE,24f8f9829bf14f26914a962224c1ad3a,F1 :    200    4 0.10 -14.44 0.54 50.00  20.0  16.0,0.00 0.00 0.00 89.38 0.54 50.00 0.10 -14.44 6 63 6 63 20.0% 16.0% 100.000 0.000 0.00 -4.90 0.00  1.96 0.00 196.00 0.0% | 1200.00  -30.00 HI -50.00 -50.00
2026-09-27T09:12:07.703,DEMO,DEMO,DEMO_MODE,24f8f9829bf14f26914a962224c1ad3a,F1 :    200    4 0.10 -14.44 0.54 50.00  20.0  16.0,0.00 0.00 0.00 89.38 0.54 50.00 0.10 -14.44 6 63 6 63 20.0% 16.0% 100.000 0.000 0.00 -4.90 0.00  1.96 0.00 196.00 0.0% | 1200.00  -30.00 HI -50.00 -50.00
2026-09-27T09:12:07.823,DEMO,DEMO,DEMO_MODE,24f8f9829bf14f26914a962224c1ad3a,F1 :    200    4 0.10 -14.44 0.54 50.00  20.0  16.0,0.00 0.00 0.00 89.38 0.54 50.00 0.10 -14.44 6 63 6 63 20.0% 16.0% 100.000 0.000 0.00 -4.90 0.00  1.96 0.00 196.00 0.0% | 1200.00  -30.00 HI -50.00 -50.00
2026-09-27T09:12:07.949,DEMO,DEMO,DEMO_MODE,24f8f9829bf14f26914a962224c1ad3a,F1 :    200    4 0.10 -14.44 0.54 50.00  20.0  16.0,0.00 0.00 0.00 89.38 0.54 50.00 0.10 -14.44 6 63 6 63 20.0% 16.0% 100.000 0.000 0.00 -4.90 0.00  1.96 0.00 196.00 0.0% | 1200.00  -30.00 HI -50.00 -50.00
2026-09-27T09:12:08.070,DEMO,DEMO,DEMO_MODE,24f8f9829bf14f26914a962224c1ad3a,F1 :    200    4 0.10 -14.44 0.54 50.00  20.0  16.0,0.00 0.00 0.00 89.38 0.54 50.00 0.10 -14.44 6 63 6 63 20.0% 16.0% 100.000 0.000 0.00 -4.90 0.00  1.96 0.00 196.00 0.0% | 1200.00  -30.00 HI -50.00 -50.00
2026-09-27T09:12:08.197,DEMO,DEMO,DEMO_MODE,24f8f9829bf14f26914a962224c1ad3a,F1 :    200    4 0.10 -14.44 0.54 50.00  20.0  16.0,0.00 0.00 0.00 89.38 0.54 50.00 0.10 -14.44 6 63 6 63 20.0% 16.0% 100.000 0.000 0.00 -4.90 0.00  1.96 0.00 196.00 0.0% | 1200.00  -30.00 HI -50.00 -50.00
2026-09-27T09:12:08.318,DEMO,DEMO,DEMO_MODE,24f8f9829bf14f26914a962224c1ad3a,F1 :    200    4 0.10 -14.44 0.54 50.00  20.0  16.0,0.00 0.00 0.00 89.38 0.54 50.00 0.10 -14.44 6 63 6 63 20.0% 16.0% 100.000 0.000 0.00 -4.90 0.00  1.96 0.00 196.00 0.0% | 1200.00  -30.00 HI -50.00 -50.00
2026-09-27T09:12:08.445,DEMO,DEMO,DEMO_MODE,24f8f9829bf14f26914a962224c1ad3a,F1 :    200    4 0.10 -14.44 0.54 50.00  20.0  16.0,0.00 0.00 0.00 89.38 0.54 50.00 0.10 -14.44 6 63 6 63 20.0% 16.0% 100.000 0.000 0.00 -4.90 0.00  1.96 0.00 196.00 0.0% | 1200.00  -30.00 HI -50.00 -50.00
2026-09-27T09:12:08.565,DEMO,DEMO,DEMO_MODE,24f8f9829bf14f26914a962224c1ad3a,F1 :    200    4 0.10 -14.44 0.54 50.00  20.0  16.0,0.00 0.00 0.00 89.38 0.54 50.00 0.10 -14.44 6 63 6 63 20.0% 16.0% 100.000 0.000 0.00 -4.90 0.00  1.96 0.00 196.00 0.0% | 1200.00  -30.00 HI -50.00 -50.00
2026-09-27T09:12:08.691,DEMO,DEMO,DEMO_MODE,24f8f9829bf14f26914a962224c1ad3a,F1 :    200    4 0.10 -14.44 0.54 50.00  20.0  16.0,0.00 0.00 0.00 89.38 0.54 50.00 0.10 -14.44 6 63 6 63 20.0% 16.0% 100.000 0.000 0.00 -4.90 0.00  1.96 0.00 196.00 0.0% | 1200.00  -30.00 HI -50.00 -50.00
2026-09-27T09:12:08.812,DEMO,DEMO,DEMO_MODE,24f8f9829bf14f26914a962224c1ad3a,F1 :    200    4 0.10 -14.44 0.54 50.00  20.0  16.0,0.00 0.00 0.00 89.38 0.54 50.00 0.10 -14.44 6 63 6 63 20.0% 16.0% 100.000 0.000 0.00 -4.90 0.00  1.96 0.00 196.00 0.0% | 1200.00  -30.00 HI -50.00 -50.00
2026-09-27T09:12:08.938,DEMO,DEMO,DEMO_MODE,24f8f9829bf14f26914a962224c1ad3a,F1 :    200    4 0.10 -14.44 0.54 50.00  20.0  16.0,0.00 0.00 0.00 89.38 0.54 50.00 0.10 -14.44 6 63 6 63 20.0% 16.0% 100.000 0.000 0.00 -4.90 0.00  1.96 0.00 196.00 0.0% | 1200.00  -30.00 HI -50.00 -50.00
2026-09-27T09:12:09.059,DEMO,DEMO,DEMO_MODE,24f8f9829bf14f26914a962224c1ad3a,F1 :    200    4 0.10 -14.44 0.54 50.00  20.0  16.0,0.00 0.00 0.00 89.38 0.54 50.00 0.10 -14.44 6 63 6 63 20.0% 16.0% 100.000 0.000 0.00 -4.90 0.00  1.96 0.00 196.00 0.0% | 1200.00  -30.00 HI -50.00 -50.00
2026-09-27T09:12:09.185,DEMO,DEMO,DEMO_MODE,24f8f9829bf14f26914a962224c1ad3a,F1 :    200    4 0.10 -14.44 0.54 50.00  20.0  16.0,0.00 0.00 0.00 89.38 0.54 50.00 0.10 -14.44 6 63 6 63 20.0% 16.0% 100.000 0.000 0.00 -4.90 0.00  1.96 0.00 196.00 0.0% | 1200.00  -30.00 HI -50.00 -50.00
2026-09-27T09:12:09.305,DEMO,DEMO,DEMO_MODE,24f8f9829bf14f26914a962224c1ad3a,F1 :    200    4 0.10 -14.44 0.54 50.00  20.0  16.0,0.00 0.00 0.00 89.38 0.54 50.00 0.10 -14.44 6 63 6 63 20.0% 16.0% 100.000 0.000 0.00 -4.90 0.00  1.96 0.00 196.00 0.0% | 1200.00  -30.00 HI -50.00 -50.00
2026-09-27T09:12:09.431,DEMO,DEMO,DEMO_MODE,24f8f9829bf14f26914a962224c1ad3a,F1 :    200    4 0.10 -14.44 0.54 50.00  20.0  16.0,0.00 0.00 0.00 89.38 0.54 50.00 0.10 -14.44 6 63 6 63 20.0% 16.0% 100.000 0.000 0.00 -4.90 0.00  1.96 0.00 196.00 0.0% | 1200.00  -30.00 HI -50.00 -50.00
2026-09-27T09:12:09.552,DEMO,DEMO,DEMO_MODE,24f8f9829bf14f26914a962224c1ad3a,F1 :    200    4 0.10 -14.44 0.54 50.00  20.0  16.0,0.00 0.00 0.00 89.38 0.54 50.00 0.10 -14.44 6 63 6 63 20.0% 16.0% 100.000 0.000 0.00 -4.90 0.00  1.96 0.00 196.00 0.0% | 1200.00  -30.00 HI -50.00 -50.00
2026-09-27T09:12:09.678,DEMO,DEMO,DEMO_MODE,24f8f9829bf14f26914a962224c1ad3a,F1 :    200    4 0.10 -14.44 0.54 50.00  20.0  16.0,0.00 0.00 0.00 89.38 0.54 50.00 0.10 -14.44 6 63 6 63 20.0% 16.0% 100.000 0.000 0.00 -4.90 0.00  1.96 0.00 196.00 0.0% | 1200.00  -30.00 HI -50.00 -50.00
2026-09-27T09:12:09.799,DEMO,DEMO,DEMO_MODE,24f8f9829bf14f26914a962224c1ad3a,F1 :    200    4 0.10 -14.44 0.54 50.00  20.0  16.0,0.00 0.00 0.00 89.38 0.54 50.00 0.10 -14.44 6 63 6 63 20.0% 16.0% 100.000 0.000 0.00 -4.90 0.00  1.96 0.00 196.00 0.0% | 1200.00  -30.00 HI -50.00 -50.00
2026-09-27T09:12:09.925,DEMO,DEMO,DEMO_MODE,24f8f9829bf14f26914a962224c1ad3a,F1 :    200    4 0.10 -14.44 0.54 50.00  20.0  16.0,0.00 0.00 0.00 89.38 0.54 50.00 0.10 -14.44 6 63 6 63 20.0% 16.0% 100.000 0.000 0.00 -4.90 0.00  1.96 0.00 196.00 0.0% | 1200.00  -30.00 HI -50.00 -50.00
2026-09-27T09:12:10.045,DEMO,DEMO,DEMO_MODE,24f8f9829bf14f26914a962224c1ad3a,F1 :    200    4 0.10 -14.44 0.54 50.00  20.0  16.0,0.00 0.00 0.00 89.38 0.54 50.00 0.10 -14.44 6 63 6 63 20.0% 16.0% 100.000 0.000 0.00 -4.90 0.00  1.96 0.00 196.00 0.0% | 1200.00  -30.00 HI -50.00 -50.00
2026-09-27T09:12:10.172,DEMO,DEMO,DEMO_MODE,24f8f9829bf14f26914a962224c1ad3a,F1 :    200    4 0.10 -14.44 0.54 50.00  20.0  16.0,0.00 0.00 0.00 89.38 0.54 50.00 0.10 -14.44 6 63 6 63 20.0% 16.0% 100.000 0.000 0.00 -4.90 0.00  1.96 0.00 196.00 0.0% | 1200.00  -30.00 HI -50.00 -50.00
2026-09-27T09:12:10.293,DEMO,DEMO,DEMO_MODE,24f8f9829bf14f26914a962224c1ad3a,F1 :    200    4 0.10 -14.44 0.54 50.00  20.0  16.0,0.00 0.00 0.00 89.38 0.54 50.00 0.10 -14.44 6 63 6 63 20.0% 16.0% 100.000 0.000 0.00 -4.90 0.00  1.96 0.00 196.00 0.0% | 1200.00  -30.00 HI -50.00 -50.00
2026-09-27T09:12:10.413,DEMO,DEMO,DEMO_MODE,24f8f9829bf14f26914a962224c1ad3a,F1 :    200    4 0.10 -14.44 0.54 50.00  20.0  16.0,0.00 0.00 0.00 89.38 0.54 50.00 0.10 -14.44 6 63 6 63 20.0% 16.0% 100.000 0.000 0.00 -4.90 0.00  1.96 0.00 196.00 0.0% | 1200.00  -30.00 HI -50.00 -50.00
2026-09-27T09:12:10.534,DEMO,DEMO,DEMO_MODE,24f8f9829bf14f26914a962224c1ad3a,F1 :    200    4 0.10 -14.44 0.54 50.00  20.0  16.0,0.00 0.00 0.00 89.38 0.54 50.00 0.10 -14.44 6 63 6 63 20.0% 16.0% 100.000 0.000 0.00 -4.90 0.00  1.96 0.00 196.00 0.0% | 1200.00  -30.00 HI -50.00 -50.00
2026-09-27T09:12:10.655,DEMO,DEMO,DEMO_MODE,24f8f9829bf14f26914a962224c1ad3a,F1 :    200    4 0.10 -14.44 0.54 50.00  20.0  16.0,0.00 0.00 0.00 89.38 0.54 50.00 0.10 -14.44 6 63 6 63 20.0% 16.0% 100.000 0.000 0.00 -4.90 0.00  1.96 0.00 196.00 0.0% | 1200.00  -30.00 HI -50.00 -50.00
2026-09-27T09:12:10.776,DEMO,DEMO,DEMO_MODE,24f8f9829bf14f26914a962224c1ad3a,F1 :    200    4 0.10 -14.44 0.54 50.00  20.0  16.0,0.00 0.00 0.00 89.38 0.54 50.00 0.10 -14.44 6 63 6 63 20.0% 16.0% 100.000 0.000 0.00 -4.90 0.00  1.96 0.00 196.00 0.0% | 1200.00  -30.00 HI -50.00 -50.00
2026-09-27T09:12:10.897,DEMO,DEMO,DEMO_MODE,24f8f9829bf14f26914a962224c1ad3a,F1 :    200    4 0.10 -14.44 0.54 50.00  20.0  16.0,0.00 0.00 0.00 89.38 0.54 50.00 0.10 -14.44 6 63 6 63 20.0% 16.0% 100.000 0.000 0.00 -4.90 0.00  1.96 0.00 196.00 0.0% | 1200.00  -30.00 HI -50.00 -50.00
2026-09-27T09:12:11.017,DEMO,DEMO,DEMO_MODE,24f8f9829bf14f26914a962224c1ad3a,F1 :    200    4 0.10 -14.44 0.54 50.00  20.0  16.0,0.00 0.00 0.00 89.38 0.54 50.00 0.10 -14.44 6 63 6 63 20.0% 16.0% 100.000 0.000 0.00 -4.90 0.00  1.96 0.00 196.00 0.0% | 1200.00  -30.00 HI -50.00 -50.00
2026-09-27T09:12:11.137,DEMO,DEMO,DEMO_MODE,24f8f9829bf14f26914a962224c1ad3a,F1 :    200    4 0.10 -14.44 0.54 50.00  20.0  16.0,0.00 0.00 0.00 89.38 0.54 50.00 0.10 -14.44 6 63 6 63 20.0% 16.0% 100.000 0.000 0.00 -4.90 0.00  1.96 0.00 196.00 0.0% | 1200.00  -30.00 HI -50.00 -50.00
2026-09-27T09:12:11.258,DEMO,DEMO,DEMO_MODE,24f8f9829bf14f26914a962224c1ad3a,F1 :    200    4 0.10 -14.44 0.54 50.00  20.0  16.0,0.00 0.00 0.00 89.38 0.54 50.00 0.10 -14.44 6 63 6 63 20.0% 16.0% 100.000 0.000 0.00 -4.90 0.00  1.96 0.00 196.00 0.0% | 1200.00  -30.00 HI -50.00 -50.00
2026-09-27T09:12:11.379,DEMO,DEMO,DEMO_MODE,24f8f9829bf14f26914a962224c1ad3a,F1 :    200    0 0.10 -14.44 0.54 50.00  20.0  20.0,0.00 0.00 0.00 89.38 0.54 50.00 0.10 -14.44 6 63 6 63 20.0% 20.0% 100.000 0.000 0.00 -4.90 0.00  2.00 0.00 200.00 0.0% | 1200.00  -30.00 HI -50.00 -50.00
2026-09-27T09:12:11.499,DEMO,DEMO,DEMO_MODE,24f8f9829bf14f26914a962224c1ad3a,F1 :    200    0 0.10 -14.44 0.54 50.00  20.0  20.0,0.00 0.00 0.00 89.38 0.54 50.00 0.10 -14.44 6 63 6 63 20.0% 20.0% 100.000 0.000 0.00 -4.90 0.00  2.00 0.00 200.00 0.0% | 1200.00  -30.00 HI -50.00 -50.00
2026-09-27T09:12:11.619,DEMO,DEMO,DEMO_MODE,24f8f9829bf14f26914a962224c1ad3a,F1 :    200    0 0.10 -14.44 0.54 50.00  20.0  20.0,0.00 0.00 0.00 89.38 0.54 50.00 0.10 -14.44 6 63 6 63 20.0% 20.0% 100.000 0.000 0.00 -4.90 0.00  2.00 0.00 200.00 0.0% | 1200.00  -30.00 HI -50.00 -50.00
2026-09-27T09:12:11.740,DEMO,DEMO,DEMO_MODE,24f8f9829bf14f26914a962224c1ad3a,F1 :    200    0 0.10 -14.44 0.54 50.00  20.0  20.0,0.00 0.00 0.00 89.38 0.54 50.00 0.10 -14.44 6 63 6 63 20.0% 20.0% 100.000 0.000 0.00 -4.90 0.00  2.00 0.00 200.00 0.0% | 1200.00  -30.00 HI -50.00 -50.00
2026-09-27T09:12:11.861,DEMO,DEMO,DEMO_MODE,24f8f9829bf14f26914a962224c1ad3a,F1 :    200    0 0.10 -14.44 0.54 50.00  20.0  20.0,0.00 0.00 0.00 89.38 0.54 50.00 0.10 -14.44 6 63 6 63 20.0% 20.0% 100.000 0.000 0.00 -4.90 0.00  2.00 0.00 200.00 0.0% | 1200.00  -30.00 HI -50.00 -50.00
2026-09-27T09:12:11.985,DEMO,DEMO,DEMO_MODE,24f8f9829bf14f26914a962224c1ad3a,F1 :    200    0 0.10 -14.44 0.54 50.00  20.0  20.0,0.00 0.00 0.00 89.38 0.54 50.00 0.10 -14.44 6 63 6 63 20.0% 20.0% 100.000 0.000 0.00 -4.90 0.00  2.00 0.00 200.00 0.0% | 1200.00  -30.00 HI -50.00 -50.00
2026-09-27T09:12:12.105,DEMO,DEMO,DEMO_MODE,24f8f9829bf14f26914a962224c1ad3a,F1 :    200    0 0.10 -14.44 0.54 50.00  20.0  20.0,0.00 0.00 0.00 89.38 0.54 50.00 0.10 -14.44 6 63 6 63 20.0% 20.0% 100.000 0.000 0.00 -4.90 0.00  2.00 0.00 200.00 0.0% | 1200.00  -30.00 HI -50.00 -50.00
2026-09-27T09:12:12.232,DEMO,DEMO,DEMO_MODE,24f8f9829bf14f26914a962224c1ad3a,F1 :    200    0 0.10 -14.44 0.54 50.00  20.0  20.0,0.00 0.00 0.00 89.38 0.54 50.00 0.10 -14.44 6 63 6 63 20.0% 20.0% 100.000 0.000 0.00 -4.90 0.00  2.00 0.00 200.00 0.0% | 1200.00  -30.00 HI -50.00 -50.00
2026-09-27T09:12:12.353,DEMO,DEMO,DEMO_MODE,24f8f9829bf14f26914a962224c1ad3a,F1 :    200    0 0.10 -14.44 0.54 50.00  20.0  20.0,0.00 0.00 0.00 89.38 0.54 50.00 0.10 -14.44 6 63 6 63 20.0% 20.0% 100.000 0.000 0.00 -4.90 0.00  2.00 0.00 200.00 0.0% | 1200.00  -30.00 HI -50.00 -50.00
2026-09-27T09:12:12.478,DEMO,DEMO,DEMO_MODE,24f8f9829bf14f26914a962224c1ad3a,F1 :    200    0 0.10 -14.44 0.54 50.00  20.0  20.0,0.00 0.00 0.00 89.38 0.54 50.00 0.10 -14.44 6 63 6 63 20.0% 20.0% 100.000 0.000 0.00 -4.90 0.00  2.00 0.00 200.00 0.0% | 1200.00  -30.00 HI -50.00 -50.00
2026-09-27T09:12:12.598,DEMO,DEMO,DEMO_MODE,24f8f9829bf14f26914a962224c1ad3a,F1 :    200    0 0.10 -14.44 0.54 50.00  20.0  20.0,0.00 0.00 0.00 89.38 0.54 50.00 0.10 -14.44 6 63 6 63 20.0% 20.0% 100.000 0.000 0.00 -4.90 0.00  2.00 0.00 200.00 0.0% | 1200.00  -30.00 HI -50.00 -50.00
2026-09-27T09:12:12.724,DEMO,DEMO,DEMO_MODE,24f8f9829bf14f26914a962224c1ad3a,F1 :    200    0 0.10 -14.44 0.54 50.00  20.0  20.0,0.00 0.00 0.00 89.38 0.54 50.00 0.10 -14.44 6 63 6 63 20.0% 20.0% 100.000 0.000 0.00 -4.90 0.00  2.00 0.00 200.00 0.0% | 1200.00  -30.00 HI -50.00 -50.00
2026-09-27T09:12:12.844,DEMO,DEMO,DEMO_MODE,24f8f9829bf14f26914a962224c1ad3a,F1 :    200    0 0.10 -14.44 0.54 50.00  20.0  20.0,0.00 0.00 0.00 89.38 0.54 50.00 0.10 -14.44 6 63 6 63 20.0% 20.0% 100.000 0.000 0.00 -4.90 0.00  2.00 0.00 200.00 0.0% | 1200.00  -30.00 HI -50.00 -50.00
2026-09-27T09:12:12.970,DEMO,DEMO,DEMO_MODE,24f8f9829bf14f26914a962224c1ad3a,F1 :    200    0 0.10 -14.44 0.54 50.00  20.0  20.0,0.00 0.00 0.00 89.38 0.54 50.00 0.10 -14.44 6 63 6 63 20.0% 20.0% 100.000 0.000 0.00 -4.90 0.00  2.00 0.00 200.00 0.0% | 1200.00  -30.00 HI -50.00 -50.00
2026-09-27T09:12:13.091,DEMO,DEMO,DEMO_MODE,24f8f9829bf14f26914a962224c1ad3a,F1 :    200    0 0.10 -14.44 0.54 50.00  20.0  20.0,0.00 0.00 0.00 89.38 0.54 50.00 0.10 -14.44 6 63 6 63 20.0% 20.0% 100.000 0.000 0.00 -4.90 0.00  2.00 0.00 200.00 0.0% | 1200.00  -30.00 HI -50.00 -50.00
2026-09-27T09:12:13.217,DEMO,DEMO,DEMO_MODE,24f8f9829bf14f26914a962224c1ad3a,F1 :    200    0 0.10 -14.44 0.54 50.00  20.0  20.0,0.00 0.00 0.00 89.38 0.54 50.00 0.10 -14.44 6 63 6 63 20.0% 20.0% 100.000 0.000 0.00 -4.90 0.00  2.00 0.00 200.00 0.0% | 1200.00  -30.00 HI -50.00 -50.00
2026-09-27T09:12:13.338,DEMO,DEMO,DEMO_MODE,24f8f9829bf14f26914a962224c1ad3a,F1 :    200    0 0.10 -14.44 0.54 50.00  20.0  20.0,0.00 0.00 0.00 89.38 0.54 50.00 0.10 -14.44 6 63 6 63 20.0% 20.0% 100.000 0.000 0.00 -4.90 0.00  2.00 0.00 200.00 0.0% | 1200.00  -30.00 HI -50.00 -50.00
2026-09-27T09:12:13.463,DEMO,DEMO,DEMO_MODE,24f8f9829bf14f26914a962224c1ad3a,F1 :    200    0 0.10 -14.44 0.54 50.00  20.0  20.0,0.00 0.00 0.00 89.38 0.54 50.00 0.10 -14.44 6 63 6 63 20.0% 20.0% 100.000 0.000 0.00 -4.90 0.00  2.00 0.00 200.00 0.0% | 1200.00  -30.00 HI -50.00 -50.00
2026-09-27T09:12:13.584,DEMO,DEMO,DEMO_MODE,24f8f9829bf14f26914a962224c1ad3a,F1 :    200    0 0.10 -14.44 0.54 50.00  20.0  20.0,0.00 0.00 0.00 89.38 0.54 50.00 0.10 -14.44 6 63 6 63 20.0% 20.0% 100.000 0.000 0.00 -4.90 0.00  2.00 0.00 200.00 0.0% | 1200.00  -30.00 HI -50.00 -50.00
2026-09-27T09:12:13.711,DEMO,DEMO,DEMO_MODE,24f8f9829bf14f26914a962224c1ad3a,F1 :    200    0 0.10 -14.44 0.54 50.00  20.0  20.0,0.00 0.00 0.00 89.38 0.54 50.00 0.10 -14.44 6 63 6 63 20.0% 20.0% 100.000 0.000 0.00 -4.90 0.00  2.00 0.00 200.00 0.0% | 1200.00  -30.00 HI -50.00 -50.00
2026-09-27T09:12:13.831,DEMO,DEMO,DEMO_MODE,24f8f9829bf14f26914a962224c1ad3a,F1 :    200    0 0.10 -14.44 0.54 50.00  20.0  20.0,0.00 0.00 0.00 89.38 0.54 50.00 0.10 -14.44 6 63 6 63 20.0% 20.0% 100.000 0.000 0.00 -4.90 0.00  2.00 0.00 200.00 0.0% | 1200.00  -30.00 HI -50.00 -50.00
2026-09-27T09:12:13.958,DEMO,DEMO,DEMO_MODE,24f8f9829bf14f26914a962224c1ad3a,F1 :    200    0 0.10 -14.44 0.54 50.00  20.0  20.0,0.00 0.00 0.00 89.38 0.54 50.00 0.10 -14.44 6 63 6 63 20.0% 20.0% 100.000 0.000 0.00 -4.90 0.00  2.00 0.00 200.00 0.0% | 1200.00  -30.00 HI -50.00 -50.00
2026-09-27T09:12:14.079,DEMO,DEMO,DEMO_MODE,24f8f9829bf14f26914a962224c1ad3a,F1 :    200    0 0.10 -14.44 0.54 50.00  20.0  20.0,0.00 0.00 0.00 89.38 0.54 50.00 0.10 -14.44 6 63 6 63 20.0% 20.0% 100.000 0.000 0.00 -4.90 0.00  2.00 0.00 200.00 0.0% | 1200.00  -30.00 HI -50.00 -50.00
2026-09-27T09:12:14.205,DEMO,DEMO,DEMO_MODE,24f8f9829bf14f26914a962224c1ad3a,F1 :    200    0 0.10 -14.44 0.54 50.00  20.0  20.0,0.00 0.00 0.00 89.38 0.54 50.00 0.10 -14.44 6 63 6 63 20.0% 20.0% 100.000 0.000 0.00 -4.90 0.00  2.00 0.00 200.00 0.0% | 1200.00  -30.00 HI -50.00 -50.00
2026-09-27T09:12:14.326,DEMO,DEMO,DEMO_MODE,24f8f9829bf14f26914a962224c1ad3a,F1 :    200    0 0.10 -14.44 0.54 50.00  20.0  20.0,0.00 0.00 0.00 89.38 0.54 50.00 0.10 -14.44 6 63 6 63 20.0% 20.0% 100.000 0.000 0.00 -4.90 0.00  2.00 0.00 200.00 0.0% | 1200.00  -30.00 HI -50.00 -50.00
2026-09-27T09:12:14.453,DEMO,DEMO,DEMO_MODE,24f8f9829bf14f26914a962224c1ad3a,F1 :    200    0 0.10 -14.44 0.54 50.00  20.0  20.0,0.00 0.00 0.00 89.38 0.54 50.00 0.10 -14.44 6 63 6 63 20.0% 20.0% 100.000 0.000 0.00 -4.90 0.00  2.00 0.00 200.00 0.0% | 1200.00  -30.00 HI -50.00 -50.00
2026-09-27T09:12:14.574,DEMO,DEMO,DEMO_MODE,24f8f9829bf14f26914a962224c1ad3a,F1 :    200    0 0.10 -14.44 0.54 50.00  20.0  20.0,0.00 0.00 0.00 89.38 0.54 50.00 0.10 -14.44 6 63 6 63 20.0% 20.0% 100.000 0.000 0.00 -4.90 0.00  2.00 0.00 200.00 0.0% | 1200.00  -30.00 HI -50.00 -50.00
2026-09-27T09:12:14.700,DEMO,DEMO,DEMO_MODE,24f8f9829bf14f26914a962224c1ad3a,F1 :    200    0 0.10 -14.44 0.54 50.00  20.0  20.0,0.00 0.00 0.00 89.38 0.54 50.00 0.10 -14.44 6 63 6 63 20.0% 20.0% 100.000 0.000 0.00 -4.90 0.00  2.00 0.00 200.00 0.0% | 1200.00  -30.00 HI -50.00 -50.00
2026-09-27T09:12:14.821,DEMO,DEMO,DEMO_MODE,24f8f9829bf14f26914a962224c1ad3a,F1 :    200    0 0.10 -14.44 0.54 50.00  20.0  20.0,0.00 0.00 0.00 89.38 0.54 50.00 0.10 -14.44 6 63 6 63 20.0% 20.0% 100.000 0.000 0.00 -4.90 0.00  2.00 0.00 200.00 0.0% | 1200.00  -30.00 HI -50.00 -50.00
2026-09-27T09:12:14.946,DEMO,DEMO,DEMO_MODE,24f8f9829bf14f26914a962224c1ad3a,F1 :    200    0 0.10 -14.44 0.54 50.00  20.0  20.0,0.00 0.00 0.00 89.38 0.54 50.00 0.10 -14.44 6 63 6 63 20.0% 20.0% 100.000 0.000 0.00 -4.90 0.00  2.00 0.00 200.00 0.0% | 1200.00  -30.00 HI -50.00 -50.00
2026-09-27T09:12:15.067,DEMO,DEMO,DEMO_MODE,24f8f9829bf14f26914a962224c1ad3a,F1 :    200    0 0.10 -14.44 0.54 50.00  20.0  20.0,0.00 0.00 0.00 89.38 0.54 50.00 0.10 -14.44 6 63 6 63 20.0% 20.0% 100.000 0.000 0.00 -4.90 0.00  2.00 0.00 200.00 0.0% | 1200.00  -30.00 HI -50.00 -50.00
2026-09-27T09:12:15.192,DEMO,DEMO,DEMO_MODE,24f8f9829bf14f26914a962224c1ad3a,F1 :    200    0 0.10 -14.44 0.54 50.00  20.0  20.0,0.00 0.00 0.00 89.38 0.54 50.00 0.10 -14.44 6 63 6 63 20.0% 20.0% 100.000 0.000 0.00 -4.90 0.00  2.00 0.00 200.00 0.0% | 1200.00  -30.00 HI -50.00 -50.00
2026-09-27T09:12:15.329,DEMO,DEMO,DEMO_MODE,24f8f9829bf14f26914a962224c1ad3a,F1 :    200    0 0.10 -14.44 0.54 50.00  20.0  20.0,0.00 0.00 0.00 89.38 0.54 50.00 0.10 -14.44 6 63 6 63 20.0% 20.0% 100.000 0.000 0.00 -4.90 0.00  2.00 0.00 200.00 0.0% | 1200.00  -30.00 HI -50.00 -50.00
2026-09-27T09:12:15.454,DEMO,DEMO,DEMO_MODE,24f8f9829bf14f26914a962224c1ad3a,F1 :    200    0 0.10 -14.44 0.54 50.00  20.0  20.0,0.00 0.00 0.00 89.38 0.54 50.00 0.10 -14.44 6 63 6 63 20.0% 20.0% 100.000 0.000 0.00 -4.90 0.00  2.00 0.00 200.00 0.0% | 1200.00  -30.00 HI -50.00 -50.00
2026-09-27T09:12:15.581,DEMO,DEMO,DEMO_MODE,24f8f9829bf14f26914a962224c1ad3a,F1 :    200    0 0.10 -14.44 0.54 50.00  20.0  20.0,0.00 0.00 0.00 89.38 0.54 50.00 0.10 -14.44 6 63 6 63 20.0% 20.0% 100.000 0.000 0.00 -4.90 0.00  2.00 0.00 200.00 0.0% | 1200.00  -30.00 HI -50.00 -50.00
2026-09-27T09:12:15.707,DEMO,DEMO,DEMO_MODE,24f8f9829bf14f26914a962224c1ad3a,F1 :    200    0 0.10 -14.44 0.54 50.00  20.0  20.0,0.00 0.00 0.00 89.38 0.54 50.00 0.10 -14.44 6 63 6 63 20.0% 20.0% 100.000 0.000 0.00 -4.90 0.00  2.00 0.00 200.00 0.0% | 1200.00  -30.00 HI -50.00 -50.00
2026-09-27T09:12:15.828,DEMO,DEMO,DEMO_MODE,24f8f9829bf14f26914a962224c1ad3a,F1 :    200    0 0.10 -14.44 0.54 50.00  20.0  20.0,0.00 0.00 0.00 89.38 0.54 50.00 0.10 -14.44 6 63 6 63 20.0% 20.0% 100.000 0.000 0.00 -4.90 0.00  2.00 0.00 200.00 0.0% | 1200.00  -30.00 HI -50.00 -50.00
2026-09-27T09:12:15.955,DEMO,DEMO,DEMO_MODE,24f8f9829bf14f26914a962224c1ad3a,F1 :    200    0 0.10 -14.44 0.54 50.00  20.0  20.0,0.00 0.00 0.00 89.38 0.54 50.00 0.10 -14.44 6 63 6 63 20.0% 20.0% 100.000 0.000 0.00 -4.90 0.00  2.00 0.00 200.00 0.0% | 1200.00  -30.00 HI -50.00 -50.00
2026-09-27T09:12:16.076,DEMO,DEMO,DEMO_MODE,24f8f9829bf14f26914a962224c1ad3a,F1 :    200    0 0.10 -14.44 0.54 50.00  20.0  20.0,0.00 0.00 0.00 89.38 0.54 50.00 0.10 -14.44 6 63 6 63 20.0% 20.0% 100.000 0.000 0.00 -4.90 0.00  2.00 0.00 200.00 0.0% | 1200.00  -30.00 HI -50.00 -50.00
2026-09-27T09:12:16.201,DEMO,DEMO,DEMO_MODE,24f8f9829bf14f26914a962224c1ad3a,F1 :    200    0 0.10 -14.44 0.54 50.00  20.0  20.0,0.00 0.00 0.00 89.38 0.54 50.00 0.10 -14.44 6 63 6 63 20.0% 20.0% 100.000 0.000 0.00 -4.90 0.00  2.00 0.00 200.00 0.0% | 1200.00  -30.00 HI -50.00 -50.00
2026-09-27T09:12:16.322,DEMO,DEMO,DEMO_MODE,24f8f9829bf14f26914a962224c1ad3a,F1 :    200    0 0.10 -14.44 0.54 50.00  20.0  20.0,0.00 0.00 0.00 89.38 0.54 50.00 0.10 -14.44 6 63 6 63 20.0% 20.0% 100.000 0.000 0.00 -4.90 0.00  2.00 0.00 200.00 0.0% | 1200.00  -30.00 HI -50.00 -50.00
2026-09-27T09:12:16.448,DEMO,DEMO,DEMO_MODE,24f8f9829bf14f26914a962224c1ad3a,F1 :    200    0 0.10 -14.44 0.54 50.00  20.0  20.0,0.00 0.00 0.00 89.38 0.54 50.00 0.10 -14.44 6 63 6 63 20.0% 20.0% 100.000 0.000 0.00 -4.90 0.00  2.00 0.00 200.00 0.0% | 1200.00  -30.00 HI -50.00 -50.00
2026-09-27T09:12:16.569,DEMO,DEMO,DEMO_MODE,24f8f9829bf14f26914a962224c1ad3a,F1 :    300    0 0.10 -14.44 0.54 50.00  30.0  24.0,0.00 0.00 0.00 89.38 0.54 50.00 0.10 -14.44 6 63 6 63 30.0% 24.0% 150.000 0.000 0.00 -4.90 0.00  2.00 0.00 300.00 0.0% | 1200.00  -20.00 HI -50.00 -50.00
2026-09-27T09:12:16.694,DEMO,DEMO,DEMO_MODE,24f8f9829bf14f26914a962224c1ad3a,F1 :    300    0 0.10 -14.44 0.54 50.00  30.0  24.0,0.00 0.00 0.00 89.38 0.54 50.00 0.10 -14.44 6 63 6 63 30.0% 24.0% 150.000 0.000 0.00 -4.90 0.00  2.00 0.00 300.00 0.0% | 1200.00  -20.00 HI -50.00 -50.00
2026-09-27T09:12:16.815,DEMO,DEMO,DEMO_MODE,24f8f9829bf14f26914a962224c1ad3a,F1 :    300    0 0.10 -14.44 0.54 50.00  30.0  24.0,0.00 0.00 0.00 89.38 0.54 50.00 0.10 -14.44 6 63 6 63 30.0% 24.0% 150.000 0.000 0.00 -4.90 0.00  2.00 0.00 300.00 0.0% | 1200.00  -20.00 HI -50.00 -50.00
2026-09-27T09:12:16.940,DEMO,DEMO,DEMO_MODE,24f8f9829bf14f26914a962224c1ad3a,F1 :    300    0 0.10 -14.44 0.54 50.00  30.0  24.0,0.00 0.00 0.00 89.38 0.54 50.00 0.10 -14.44 6 63 6 63 30.0% 24.0% 150.000 0.000 0.00 -4.90 0.00  2.00 0.00 300.00 0.0% | 1200.00  -20.00 HI -50.00 -50.00
2026-09-27T09:12:17.061,DEMO,DEMO,DEMO_MODE,24f8f9829bf14f26914a962224c1ad3a,F1 :    300    0 0.10 -14.44 0.54 50.00  30.0  24.0,0.00 0.00 0.00 89.38 0.54 50.00 0.10 -14.44 6 63 6 63 30.0% 24.0% 150.000 0.000 0.00 -4.90 0.00  2.00 0.00 300.00 0.0% | 1200.00  -20.00 HI -50.00 -50.00
2026-09-27T09:12:17.187,DEMO,DEMO,DEMO_MODE,24f8f9829bf14f26914a962224c1ad3a,F1 :    300    0 0.10 -14.44 0.54 50.00  30.0  24.0,0.00 0.00 0.00 89.38 0.54 50.00 0.10 -14.44 6 63 6 63 30.0% 24.0% 150.000 0.000 0.00 -4.90 0.00  2.00 0.00 300.00 0.0% | 1200.00  -20.00 HI -50.00 -50.00
2026-09-27T09:12:17.308,DEMO,DEMO,DEMO_MODE,24f8f9829bf14f26914a962224c1ad3a,F1 :    300    0 0.10 -14.44 0.54 50.00  30.0  24.0,0.00 0.00 0.00 89.38 0.54 50.00 0.10 -14.44 6 63 6 63 30.0% 24.0% 150.000 0.000 0.00 -4.90 0.00  2.00 0.00 300.00 0.0% | 1200.00  -20.00 HI -50.00 -50.00
2026-09-27T09:12:17.434,DEMO,DEMO,DEMO_MODE,24f8f9829bf14f26914a962224c1ad3a,F1 :    300    0 0.10 -14.44 0.54 50.00  30.0  24.0,0.00 0.00 0.00 89.38 0.54 50.00 0.10 -14.44 6 63 6 63 30.0% 24.0% 150.000 0.000 0.00 -4.90 0.00  2.00 0.00 300.00 0.0% | 1200.00  -20.00 HI -50.00 -50.00
2026-09-27T09:12:17.554,DEMO,DEMO,DEMO_MODE,24f8f9829bf14f26914a962224c1ad3a,F1 :    300    0 0.10 -14.44 0.54 50.00  30.0  24.0,0.00 0.00 0.00 89.38 0.54 50.00 0.10 -14.44 6 63 6 63 30.0% 24.0% 150.000 0.000 0.00 -4.90 0.00  2.00 0.00 300.00 0.0% | 1200.00  -20.00 HI -50.00 -50.00
2026-09-27T09:12:17.681,DEMO,DEMO,DEMO_MODE,24f8f9829bf14f26914a962224c1ad3a,F1 :    300    0 0.10 -14.44 0.54 50.00  30.0  24.0,0.00 0.00 0.00 89.38 0.54 50.00 0.10 -14.44 6 63 6 63 30.0% 24.0% 150.000 0.000 0.00 -4.90 0.00  2.00 0.00 300.00 0.0% | 1200.00  -20.00 HI -50.00 -50.00
2026-09-27T09:12:17.801,DEMO,DEMO,DEMO_MODE,24f8f9829bf14f26914a962224c1ad3a,F1 :    300    0 0.10 -14.44 0.54 50.00  30.0  24.0,0.00 0.00 0.00 89.38 0.54 50.00 0.10 -14.44 6 63 6 63 30.0% 24.0% 150.000 0.000 0.00 -4.90 0.00  2.00 0.00 300.00 0.0% | 1200.00  -20.00 HI -50.00 -50.00
2026-09-27T09:12:17.928,DEMO,DEMO,DEMO_MODE,24f8f9829bf14f26914a962224c1ad3a,F1 :    300    0 0.10 -14.44 0.54 50.00  30.0  24.0,0.00 0.00 0.00 89.38 0.54 50.00 0.10 -14.44 6 63 6 63 30.0% 24.0% 150.000 0.000 0.00 -4.90 0.00  2.00 0.00 300.00 0.0% | 1200.00  -20.00 HI -50.00 -50.00
2026-09-27T09:12:18.048,DEMO,DEMO,DEMO_MODE,24f8f9829bf14f26914a962224c1ad3a,F1 :    300    0 0.10 -14.44 0.54 50.00  30.0  24.0,0.00 0.00 0.00 89.38 0.54 50.00 0.10 -14.44 6 63 6 63 30.0% 24.0% 150.000 0.000 0.00 -4.90 0.00  2.00 0.00 300.00 0.0% | 1200.00  -20.00 HI -50.00 -50.00
2026-09-27T09:12:18.174,DEMO,DEMO,DEMO_MODE,24f8f9829bf14f26914a962224c1ad3a,F1 :    300    0 0.10 -14.44 0.54 50.00  30.0  24.0,0.00 0.00 0.00 89.38 0.54 50.00 0.10 -14.44 6 63 6 63 30.0% 24.0% 150.000 0.000 0.00 -4.90 0.00  2.00 0.00 300.00 0.0% | 1200.00  -20.00 HI -50.00 -50.00
2026-09-27T09:12:18.299,DEMO,DEMO,DEMO_MODE,24f8f9829bf14f26914a962224c1ad3a,F1 :    300    0 0.10 -14.44 0.54 50.00  30.0  24.0,0.00 0.00 0.00 89.38 0.54 50.00 0.10 -14.44 6 63 6 63 30.0% 24.0% 150.000 0.000 0.00 -4.90 0.00  2.00 0.00 300.00 0.0% | 1200.00  -20.00 HI -50.00 -50.00
2026-09-27T09:12:18.425,DEMO,DEMO,DEMO_MODE,24f8f9829bf14f26914a962224c1ad3a,F1 :    300    0 0.10 -14.44 0.54 50.00  30.0  24.0,0.00 0.00 0.00 89.38 0.54 50.00 0.10 -14.44 6 63 6 63 30.0% 24.0% 150.000 0.000 0.00 -4.90 0.00  2.00 0.00 300.00 0.0% | 1200.00  -20.00 HI -50.00 -50.00
2026-09-27T09:12:18.545,DEMO,DEMO,DEMO_MODE,24f8f9829bf14f26914a962224c1ad3a,F1 :    300    0 0.10 -14.44 0.54 50.00  30.0  24.0,0.00 0.00 0.00 89.38 0.54 50.00 0.10 -14.44 6 63 6 63 30.0% 24.0% 150.000 0.000 0.00 -4.90 0.00  2.00 0.00 300.00 0.0% | 1200.00  -20.00 HI -50.00 -50.00
2026-09-27T09:12:18.672,DEMO,DEMO,DEMO_MODE,24f8f9829bf14f26914a962224c1ad3a,F1 :    300    0 0.10 -14.44 0.54 50.00  30.0  24.0,0.00 0.00 0.00 89.38 0.54 50.00 0.10 -14.44 6 63 6 63 30.0% 24.0% 150.000 0.000 0.00 -4.90 0.00  2.00 0.00 300.00 0.0% | 1200.00  -20.00 HI -50.00 -50.00
2026-09-27T09:12:18.792,DEMO,DEMO,DEMO_MODE,24f8f9829bf14f26914a962224c1ad3a,F1 :    300    0 0.10 -14.44 0.54 50.00  30.0  24.0,0.00 0.00 0.00 89.38 0.54 50.00 0.10 -14.44 6 63 6 63 30.0% 24.0% 150.000 0.000 0.00 -4.90 0.00  2.00 0.00 300.00 0.0% | 1200.00  -20.00 HI -50.00 -50.00
2026-09-27T09:12:18.918,DEMO,DEMO,DEMO_MODE,24f8f9829bf14f26914a962224c1ad3a,F1 :    300    0 0.10 -14.44 0.54 50.00  30.0  24.0,0.00 0.00 0.00 89.38 0.54 50.00 0.10 -14.44 6 63 6 63 30.0% 24.0% 150.000 0.000 0.00 -4.90 0.00  2.00 0.00 300.00 0.0% | 1200.00  -20.00 HI -50.00 -50.00
2026-09-27T09:12:19.049,DEMO,DEMO,DEMO_MODE,24f8f9829bf14f26914a962224c1ad3a,F1 :    300    0 0.10 -14.44 0.54 50.00  30.0  24.0,0.00 0.00 0.00 89.38 0.54 50.00 0.10 -14.44 6 63 6 63 30.0% 24.0% 150.000 0.000 0.00 -4.90 0.00  2.00 0.00 300.00 0.0% | 1200.00  -20.00 HI -50.00 -50.00
2026-09-27T09:12:19.175,DEMO,DEMO,DEMO_MODE,24f8f9829bf14f26914a962224c1ad3a,F1 :    300    0 0.10 -14.44 0.54 50.00  30.0  24.0,0.00 0.00 0.00 89.38 0.54 50.00 0.10 -14.44 6 63 6 63 30.0% 24.0% 150.000 0.000 0.00 -4.90 0.00  2.00 0.00 300.00 0.0% | 1200.00  -20.00 HI -50.00 -50.00
2026-09-27T09:12:19.301,DEMO,DEMO,DEMO_MODE,24f8f9829bf14f26914a962224c1ad3a,F1 :    300    0 0.10 -14.44 0.54 50.00  30.0  24.0,0.00 0.00 0.00 89.38 0.54 50.00 0.10 -14.44 6 63 6 63 30.0% 24.0% 150.000 0.000 0.00 -4.90 0.00  2.00 0.00 300.00 0.0% | 1200.00  -20.00 HI -50.00 -50.00
2026-09-27T09:12:19.427,DEMO,DEMO,DEMO_MODE,24f8f9829bf14f26914a962224c1ad3a,F1 :    300    0 0.10 -14.44 0.54 50.00  30.0  24.0,0.00 0.00 0.00 89.38 0.54 50.00 0.10 -14.44 6 63 6 63 30.0% 24.0% 150.000 0.000 0.00 -4.90 0.00  2.00 0.00 300.00 0.0% | 1200.00  -20.00 HI -50.00 -50.00
2026-09-27T09:12:19.549,DEMO,DEMO,DEMO_MODE,24f8f9829bf14f26914a962224c1ad3a,F1 :    300    0 0.10 -14.44 0.54 50.00  30.0  24.0,0.00 0.00 0.00 89.38 0.54 50.00 0.10 -14.44 6 63 6 63 30.0% 24.0% 150.000 0.000 0.00 -4.90 0.00  2.00 0.00 300.00 0.0% | 1200.00  -20.00 HI -50.00 -50.00
2026-09-27T09:12:19.675,DEMO,DEMO,DEMO_MODE,24f8f9829bf14f26914a962224c1ad3a,F1 :    300    0 0.10 -14.44 0.54 50.00  30.0  24.0,0.00 0.00 0.00 89.38 0.54 50.00 0.10 -14.44 6 63 6 63 30.0% 24.0% 150.000 0.000 0.00 -4.90 0.00  2.00 0.00 300.00 0.0% | 1200.00  -20.00 HI -50.00 -50.00
2026-09-27T09:12:19.795,DEMO,DEMO,DEMO_MODE,24f8f9829bf14f26914a962224c1ad3a,F1 :    300    0 0.10 -14.44 0.54 50.00  30.0  24.0,0.00 0.00 0.00 89.38 0.54 50.00 0.10 -14.44 6 63 6 63 30.0% 24.0% 150.000 0.000 0.00 -4.90 0.00  2.00 0.00 300.00 0.0% | 1200.00  -20.00 HI -50.00 -50.00
2026-09-27T09:12:19.922,DEMO,DEMO,DEMO_MODE,24f8f9829bf14f26914a962224c1ad3a,F1 :    300    0 0.10 -14.44 0.54 50.00  30.0  24.0,0.00 0.00 0.00 89.38 0.54 50.00 0.10 -14.44 6 63 6 63 30.0% 24.0% 150.000 0.000 0.00 -4.90 0.00  2.00 0.00 300.00 0.0% | 1200.00  -20.00 HI -50.00 -50.00
2026-09-27T09:12:20.043,DEMO,DEMO,DEMO_MODE,24f8f9829bf14f26914a962224c1ad3a,F1 :    300    0 0.10 -14.44 0.54 50.00  30.0  24.0,0.00 0.00 0.00 89.38 0.54 50.00 0.10 -14.44 6 63 6 63 30.0% 24.0% 150.000 0.000 0.00 -4.90 0.00  2.00 0.00 300.00 0.0% | 1200.00  -20.00 HI -50.00 -50.00
2026-09-27T09:12:20.169,DEMO,DEMO,DEMO_MODE,24f8f9829bf14f26914a962224c1ad3a,F1 :    300    0 0.10 -14.44 0.54 50.00  30.0  24.0,0.00 0.00 0.00 89.38 0.54 50.00 0.10 -14.44 6 63 6 63 30.0% 24.0% 150.000 0.000 0.00 -4.90 0.00  2.00 0.00 300.00 0.0% | 1200.00  -20.00 HI -50.00 -50.00
2026-09-27T09:12:20.290,DEMO,DEMO,DEMO_MODE,24f8f9829bf14f26914a962224c1ad3a,F1 :    300    0 0.10 -14.44 0.54 50.00  30.0  24.0,0.00 0.00 0.00 89.38 0.54 50.00 0.10 -14.44 6 63 6 63 30.0% 24.0% 150.000 0.000 0.00 -4.90 0.00  2.00 0.00 300.00 0.0% | 1200.00  -20.00 HI -50.00 -50.00
2026-09-27T09:12:20.410,DEMO,DEMO,DEMO_MODE,24f8f9829bf14f26914a962224c1ad3a,F1 :    300    0 0.10 -14.44 0.54 50.00  30.0  24.0,0.00 0.00 0.00 89.38 0.54 50.00 0.10 -14.44 6 63 6 63 30.0% 24.0% 150.000 0.000 0.00 -4.90 0.00  2.00 0.00 300.00 0.0% | 1200.00  -20.00 HI -50.00 -50.00
2026-09-27T09:12:20.531,DEMO,DEMO,DEMO_MODE,24f8f9829bf14f26914a962224c1ad3a,F1 :    300    0 0.10 -14.44 0.54 50.00  30.0  24.0,0.00 0.00 0.00 89.38 0.54 50.00 0.10 -14.44 6 63 6 63 30.0% 24.0% 150.000 0.000 0.00 -4.90 0.00  2.00 0.00 300.00 0.0% | 1200.00  -20.00 HI -50.00 -50.00
2026-09-27T09:12:20.652,DEMO,DEMO,DEMO_MODE,24f8f9829bf14f26914a962224c1ad3a,F1 :    300    1 0.10 -14.44 0.54 50.00  30.0  24.0,0.00 0.00 0.00 89.38 0.54 50.00 0.10 -14.44 6 63 6 63 30.0% 24.0% 150.000 0.000 0.00 -4.90 0.00  1.99 0.00 299.00 0.0% | 1200.00  -20.00 HI -50.00 -50.00
2026-09-27T09:12:20.772,DEMO,DEMO,DEMO_MODE,24f8f9829bf14f26914a962224c1ad3a,F1 :    300    1 0.10 -14.44 0.54 50.00  30.0  24.0,0.00 0.00 0.00 89.38 0.54 50.00 0.10 -14.44 6 63 6 63 30.0% 24.0% 150.000 0.000 0.00 -4.90 0.00  1.99 0.00 299.00 0.0% | 1200.00  -20.00 HI -50.00 -50.00
2026-09-27T09:12:20.893,DEMO,DEMO,DEMO_MODE,24f8f9829bf14f26914a962224c1ad3a,F1 :    300    1 0.10 -14.44 0.54 50.00  30.0  24.0,0.00 0.00 0.00 89.38 0.54 50.00 0.10 -14.44 6 63 6 63 30.0% 24.0% 150.000 0.000 0.00 -4.90 0.00  1.99 0.00 299.00 0.0% | 1200.00  -20.00 HI -50.00 -50.00
2026-09-27T09:12:21.014,DEMO,DEMO,DEMO_MODE,24f8f9829bf14f26914a962224c1ad3a,F1 :    300    1 0.10 -14.44 0.54 50.00  30.0  24.0,0.00 0.00 0.00 89.38 0.54 50.00 0.10 -14.44 6 63 6 63 30.0% 24.0% 150.000 0.000 0.00 -4.90 0.00  1.99 0.00 299.00 0.0% | 1200.00  -20.00 HI -50.00 -50.00
2026-09-27T09:12:21.134,DEMO,DEMO,DEMO_MODE,24f8f9829bf14f26914a962224c1ad3a,F1 :    300    1 0.10 -14.44 0.54 50.00  30.0  24.0,0.00 0.00 0.00 89.38 0.54 50.00 0.10 -14.44 6 63 6 63 30.0% 24.0% 150.000 0.000 0.00 -4.90 0.00  1.99 0.00 299.00 0.0% | 1200.00  -20.00 HI -50.00 -50.00
2026-09-27T09:12:21.255,DEMO,DEMO,DEMO_MODE,24f8f9829bf14f26914a962224c1ad3a,F1 :    300    1 0.10 -14.44 0.54 50.00  30.0  24.0,0.00 0.00 0.00 89.38 0.54 50.00 0.10 -14.44 6 63 6 63 30.0% 24.0% 150.000 0.000 0.00 -4.90 0.00  1.99 0.00 299.00 0.0% | 1200.00  -20.00 HI -50.00 -50.00
2026-09-27T09:12:21.376,DEMO,DEMO,DEMO_MODE,24f8f9829bf14f26914a962224c1ad3a,F1 :    300    1 0.10 -14.44 0.54 50.00  30.0  24.0,0.00 0.00 0.00 89.38 0.54 50.00 0.10 -14.44 6 63 6 63 30.0% 24.0% 150.000 0.000 0.00 -4.90 0.00  1.99 0.00 299.00 0.0% | 1200.00  -20.00 HI -50.00 -50.00
2026-09-27T09:12:21.496,DEMO,DEMO,DEMO_MODE,24f8f9829bf14f26914a962224c1ad3a,F1 :    300    1 0.10 -14.44 0.54 50.00  30.0  24.0,0.00 0.00 0.00 89.38 0.54 50.00 0.10 -14.44 6 63 6 63 30.0% 24.0% 150.000 0.000 0.00 -4.90 0.00  1.99 0.00 299.00 0.0% | 1200.00  -20.00 HI -50.00 -50.00
2026-09-27T09:12:21.617,DEMO,DEMO,DEMO_MODE,24f8f9829bf14f26914a962224c1ad3a,F1 :    300    1 0.10 -14.44 0.54 50.00  30.0  24.0,0.00 0.00 0.00 89.38 0.54 50.00 0.10 -14.44 6 63 6 63 30.0% 24.0% 150.000 0.000 0.00 -4.90 0.00  1.99 0.00 299.00 0.0% | 1200.00  -20.00 HI -50.00 -50.00
2026-09-27T09:12:21.738,DEMO,DEMO,DEMO_MODE,24f8f9829bf14f26914a962224c1ad3a,F1 :    300    1 0.10 -14.44 0.54 50.00  30.0  28.0,0.00 0.00 0.00 89.38 0.54 50.00 0.10 -14.44 6 63 6 63 30.0% 28.0% 150.000 0.000 0.00 -4.90 0.00  1.99 0.00 299.00 0.0% | 1200.00  -20.00 HI -50.00 -50.00
2026-09-27T09:12:21.859,DEMO,DEMO,DEMO_MODE,24f8f9829bf14f26914a962224c1ad3a,F1 :    300    1 0.10 -14.44 0.54 50.00  30.0  28.0,0.00 0.00 0.00 89.38 0.54 50.00 0.10 -14.44 6 63 6 63 30.0% 28.0% 150.000 0.000 0.00 -4.90 0.00  1.99 0.00 299.00 0.0% | 1200.00  -20.00 HI -50.00 -50.00
2026-09-27T09:12:21.981,DEMO,DEMO,DEMO_MODE,24f8f9829bf14f26914a962224c1ad3a,F1 :    300    1 0.10 -14.44 0.54 50.00  30.0  28.0,0.00 0.00 0.00 89.38 0.54 50.00 0.10 -14.44 6 63 6 63 30.0% 28.0% 150.000 0.000 0.00 -4.90 0.00  1.99 0.00 299.00 0.0% | 1200.00  -20.00 HI -50.00 -50.00
2026-09-27T09:12:22.101,DEMO,DEMO,DEMO_MODE,24f8f9829bf14f26914a962224c1ad3a,F1 :    300    1 0.10 -14.44 0.54 50.00  30.0  28.0,0.00 0.00 0.00 89.38 0.54 50.00 0.10 -14.44 6 63 6 63 30.0% 28.0% 150.000 0.000 0.00 -4.90 0.00  1.99 0.00 299.00 0.0% | 1200.00  -20.00 HI -50.00 -50.00
2026-09-27T09:12:22.228,DEMO,DEMO,DEMO_MODE,24f8f9829bf14f26914a962224c1ad3a,F1 :    300    1 0.10 -14.44 0.54 50.00  30.0  28.0,0.00 0.00 0.00 89.38 0.54 50.00 0.10 -14.44 6 63 6 63 30.0% 28.0% 150.000 0.000 0.00 -4.90 0.00  1.99 0.00 299.00 0.0% | 1200.00  -20.00 HI -50.00 -50.00
2026-09-27T09:12:22.348,DEMO,DEMO,DEMO_MODE,24f8f9829bf14f26914a962224c1ad3a,F1 :    300    1 0.10 -14.44 0.54 50.00  30.0  28.0,0.00 0.00 0.00 89.38 0.54 50.00 0.10 -14.44 6 63 6 63 30.0% 28.0% 150.000 0.000 0.00 -4.90 0.00  1.99 0.00 299.00 0.0% | 1200.00  -20.00 HI -50.00 -50.00
2026-09-27T09:12:22.475,DEMO,DEMO,DEMO_MODE,24f8f9829bf14f26914a962224c1ad3a,F1 :    300    1 0.10 -14.44 0.54 50.00  30.0  28.0,0.00 0.00 0.00 89.38 0.54 50.00 0.10 -14.44 6 63 6 63 30.0% 28.0% 150.000 0.000 0.00 -4.90 0.00  1.99 0.00 299.00 0.0% | 1200.00  -20.00 HI -50.00 -50.00
2026-09-27T09:12:22.596,DEMO,DEMO,DEMO_MODE,24f8f9829bf14f26914a962224c1ad3a,F1 :    300    1 0.10 -14.44 0.54 50.00  30.0  28.0,0.00 0.00 0.00 89.38 0.54 50.00 0.10 -14.44 6 63 6 63 30.0% 28.0% 150.000 0.000 0.00 -4.90 0.00  1.99 0.00 299.00 0.0% | 1200.00  -20.00 HI -50.00 -50.00
2026-09-27T09:12:22.722,DEMO,DEMO,DEMO_MODE,24f8f9829bf14f26914a962224c1ad3a,F1 :    300    1 0.10 -14.44 0.54 50.00  30.0  28.0,0.00 0.00 0.00 89.38 0.54 50.00 0.10 -14.44 6 63 6 63 30.0% 28.0% 150.000 0.000 0.00 -4.90 0.00  1.99 0.00 299.00 0.0% | 1200.00  -20.00 HI -50.00 -50.00
2026-09-27T09:12:22.842,DEMO,DEMO,DEMO_MODE,24f8f9829bf14f26914a962224c1ad3a,F1 :    300    1 0.10 -14.44 0.54 50.00  30.0  28.0,0.00 0.00 0.00 89.38 0.54 50.00 0.10 -14.44 6 63 6 63 30.0% 28.0% 150.000 0.000 0.00 -4.90 0.00  1.99 0.00 299.00 0.0% | 1200.00  -20.00 HI -50.00 -50.00
2026-09-27T09:12:22.968,DEMO,DEMO,DEMO_MODE,24f8f9829bf14f26914a962224c1ad3a,F1 :    300    1 0.10 -14.44 0.54 50.00  30.0  28.0,0.00 0.00 0.00 89.38 0.54 50.00 0.10 -14.44 6 63 6 63 30.0% 28.0% 150.000 0.000 0.00 -4.90 0.00  1.99 0.00 299.00 0.0% | 1200.00  -20.00 HI -50.00 -50.00
2026-09-27T09:12:23.089,DEMO,DEMO,DEMO_MODE,24f8f9829bf14f26914a962224c1ad3a,F1 :    300    1 0.10 -14.44 0.54 50.00  30.0  28.0,0.00 0.00 0.00 89.38 0.54 50.00 0.10 -14.44 6 63 6 63 30.0% 28.0% 150.000 0.000 0.00 -4.90 0.00  1.99 0.00 299.00 0.0% | 1200.00  -20.00 HI -50.00 -50.00
2026-09-27T09:12:23.215,DEMO,DEMO,DEMO_MODE,24f8f9829bf14f26914a962224c1ad3a,F1 :    300    1 0.10 -14.44 0.54 50.00  30.0  28.0,0.00 0.00 0.00 89.38 0.54 50.00 0.10 -14.44 6 63 6 63 30.0% 28.0% 150.000 0.000 0.00 -4.90 0.00  1.99 0.00 299.00 0.0% | 1200.00  -20.00 HI -50.00 -50.00
2026-09-27T09:12:23.342,DEMO,DEMO,DEMO_MODE,24f8f9829bf14f26914a962224c1ad3a,F1 :    300    1 0.10 -14.44 0.54 50.00  30.0  28.0,0.00 0.00 0.00 89.38 0.54 50.00 0.10 -14.44 6 63 6 63 30.0% 28.0% 150.000 0.000 0.00 -4.90 0.00  1.99 0.00 299.00 0.0% | 1200.00  -20.00 HI -50.00 -50.00
2026-09-27T09:12:23.468,DEMO,DEMO,DEMO_MODE,24f8f9829bf14f26914a962224c1ad3a,F1 :    300    1 0.10 -14.44 0.54 50.00  30.0  28.0,0.00 0.00 0.00 89.38 0.54 50.00 0.10 -14.44 6 63 6 63 30.0% 28.0% 150.000 0.000 0.00 -4.90 0.00  1.99 0.00 299.00 0.0% | 1200.00  -20.00 HI -50.00 -50.00
2026-09-27T09:12:23.589,DEMO,DEMO,DEMO_MODE,24f8f9829bf14f26914a962224c1ad3a,F1 :    300    1 0.10 -14.44 0.54 50.00  30.0  28.0,0.00 0.00 0.00 89.38 0.54 50.00 0.10 -14.44 6 63 6 63 30.0% 28.0% 150.000 0.000 0.00 -4.90 0.00  1.99 0.00 299.00 0.0% | 1200.00  -20.00 HI -50.00 -50.00
2026-09-27T09:12:23.715,DEMO,DEMO,DEMO_MODE,24f8f9829bf14f26914a962224c1ad3a,F1 :    300    1 0.10 -14.44 0.54 50.00  30.0  28.0,0.00 0.00 0.00 89.38 0.54 50.00 0.10 -14.44 6 63 6 63 30.0% 28.0% 150.000 0.000 0.00 -4.90 0.00  1.99 0.00 299.00 0.0% | 1200.00  -20.00 HI -50.00 -50.00
2026-09-27T09:12:23.837,DEMO,DEMO,DEMO_MODE,24f8f9829bf14f26914a962224c1ad3a,F1 :    300    1 0.10 -14.44 0.54 50.00  30.0  28.0,0.00 0.00 0.00 89.38 0.54 50.00 0.10 -14.44 6 63 6 63 30.0% 28.0% 150.000 0.000 0.00 -4.90 0.00  1.99 0.00 299.00 0.0% | 1200.00  -20.00 HI -50.00 -50.00
2026-09-27T09:12:23.963,DEMO,DEMO,DEMO_MODE,24f8f9829bf14f26914a962224c1ad3a,F1 :    300    1 0.10 -14.44 0.54 50.00  30.0  28.0,0.00 0.00 0.00 89.38 0.54 50.00 0.10 -14.44 6 63 6 63 30.0% 28.0% 150.000 0.000 0.00 -4.90 0.00  1.99 0.00 299.00 0.0% | 1200.00  -20.00 HI -50.00 -50.00
2026-09-27T09:12:24.083,DEMO,DEMO,DEMO_MODE,24f8f9829bf14f26914a962224c1ad3a,F1 :    300    1 0.10 -14.44 0.54 50.00  30.0  28.0,0.00 0.00 0.00 89.38 0.54 50.00 0.10 -14.44 6 63 6 63 30.0% 28.0% 150.000 0.000 0.00 -4.90 0.00  1.99 0.00 299.00 0.0% | 1200.00  -20.00 HI -50.00 -50.00
2026-09-27T09:12:24.209,DEMO,DEMO,DEMO_MODE,24f8f9829bf14f26914a962224c1ad3a,F1 :    300    1 0.10 -14.44 0.54 50.00  30.0  28.0,0.00 0.00 0.00 89.38 0.54 50.00 0.10 -14.44 6 63 6 63 30.0% 28.0% 150.000 0.000 0.00 -4.90 0.00  1.99 0.00 299.00 0.0% | 1200.00  -20.00 HI -50.00 -50.00
2026-09-27T09:12:24.329,DEMO,DEMO,DEMO_MODE,24f8f9829bf14f26914a962224c1ad3a,F1 :    300    1 0.10 -14.44 0.54 50.00  30.0  28.0,0.00 0.00 0.00 89.38 0.54 50.00 0.10 -14.44 6 63 6 63 30.0% 28.0% 150.000 0.000 0.00 -4.90 0.00  1.99 0.00 299.00 0.0% | 1200.00  -20.00 HI -50.00 -50.00
2026-09-27T09:12:24.455,DEMO,DEMO,DEMO_MODE,24f8f9829bf14f26914a962224c1ad3a,F1 :    300    1 0.10 -14.44 0.54 50.00  30.0  28.0,0.00 0.00 0.00 89.38 0.54 50.00 0.10 -14.44 6 63 6 63 30.0% 28.0% 150.000 0.000 0.00 -4.90 0.00  1.99 0.00 299.00 0.0% | 1200.00  -20.00 HI -50.00 -50.00
2026-09-27T09:12:24.575,DEMO,DEMO,DEMO_MODE,24f8f9829bf14f26914a962224c1ad3a,F1 :    300    1 0.10 -14.44 0.54 50.00  30.0  28.0,0.00 0.00 0.00 89.38 0.54 50.00 0.10 -14.44 6 63 6 63 30.0% 28.0% 150.000 0.000 0.00 -4.90 0.00  1.99 0.00 299.00 0.0% | 1200.00  -20.00 HI -50.00 -50.00
2026-09-27T09:12:24.701,DEMO,DEMO,DEMO_MODE,24f8f9829bf14f26914a962224c1ad3a,F1 :    300    1 0.10 -14.44 0.54 50.00  30.0  28.0,0.00 0.00 0.00 89.38 0.54 50.00 0.10 -14.44 6 63 6 63 30.0% 28.0% 150.000 0.000 0.00 -4.90 0.00  1.99 0.00 299.00 0.0% | 1200.00  -20.00 HI -50.00 -50.00
2026-09-27T09:12:24.822,DEMO,DEMO,DEMO_MODE,24f8f9829bf14f26914a962224c1ad3a,F1 :    300    1 0.10 -14.44 0.54 50.00  30.0  28.0,0.00 0.00 0.00 89.38 0.54 50.00 0.10 -14.44 6 63 6 63 30.0% 28.0% 150.000 0.000 0.00 -4.90 0.00  1.99 0.00 299.00 0.0% | 1200.00  -20.00 HI -50.00 -50.00
2026-09-27T09:12:24.948,DEMO,DEMO,DEMO_MODE,24f8f9829bf14f26914a962224c1ad3a,F1 :    300    1 0.10 -14.44 0.54 50.00  30.0  28.0,0.00 0.00 0.00 89.38 0.54 50.00 0.10 -14.44 6 63 6 63 30.0% 28.0% 150.000 0.000 0.00 -4.90 0.00  1.99 0.00 299.00 0.0% | 1200.00  -20.00 HI -50.00 -50.00
2026-09-27T09:12:25.069,DEMO,DEMO,DEMO_MODE,24f8f9829bf14f26914a962224c1ad3a,F1 :    300    1 0.10 -14.44 0.54 50.00  30.0  28.0,0.00 0.00 0.00 89.38 0.54 50.00 0.10 -14.44 6 63 6 63 30.0% 28.0% 150.000 0.000 0.00 -4.90 0.00  1.99 0.00 299.00 0.0% | 1200.00  -20.00 HI -50.00 -50.00
2026-09-27T09:12:25.195,DEMO,DEMO,DEMO_MODE,24f8f9829bf14f26914a962224c1ad3a,F1 :    300    1 0.10 -14.44 0.54 50.00  30.0  28.0,0.00 0.00 0.00 89.38 0.54 50.00 0.10 -14.44 6 63 6 63 30.0% 28.0% 150.000 0.000 0.00 -4.90 0.00  1.99 0.00 299.00 0.0% | 1200.00  -20.00 HI -50.00 -50.00
2026-09-27T09:12:25.315,DEMO,DEMO,DEMO_MODE,24f8f9829bf14f26914a962224c1ad3a,F1 :    300    1 0.10 -14.44 0.54 50.00  30.0  28.0,0.00 0.00 0.00 89.38 0.54 50.00 0.10 -14.44 6 63 6 63 30.0% 28.0% 150.000 0.000 0.00 -4.90 0.00  1.99 0.00 299.00 0.0% | 1200.00  -20.00 HI -50.00 -50.00
2026-09-27T09:12:25.441,DEMO,DEMO,DEMO_MODE,24f8f9829bf14f26914a962224c1ad3a,F1 :    300    1 0.10 -14.44 0.54 50.00  30.0  28.0,0.00 0.00 0.00 89.38 0.54 50.00 0.10 -14.44 6 63 6 63 30.0% 28.0% 150.000 0.000 0.00 -4.90 0.00  1.99 0.00 299.00 0.0% | 1200.00  -20.00 HI -50.00 -50.00
2026-09-27T09:12:25.562,DEMO,DEMO,DEMO_MODE,24f8f9829bf14f26914a962224c1ad3a,F1 :    300    1 0.10 -14.44 0.54 50.00  30.0  28.0,0.00 0.00 0.00 89.38 0.54 50.00 0.10 -14.44 6 63 6 63 30.0% 28.0% 150.000 0.000 0.00 -4.90 0.00  1.99 0.00 299.00 0.0% | 1200.00  -20.00 HI -50.00 -50.00
2026-09-27T09:12:25.687,DEMO,DEMO,DEMO_MODE,24f8f9829bf14f26914a962224c1ad3a,F1 :    300    1 0.10 -14.44 0.54 50.00  30.0  28.0,0.00 0.00 0.00 89.38 0.54 50.00 0.10 -14.44 6 63 6 63 30.0% 28.0% 150.000 0.000 0.00 -4.90 0.00  1.99 0.00 299.00 0.0% | 1200.00  -20.00 HI -50.00 -50.00
2026-09-27T09:12:25.808,DEMO,DEMO,DEMO_MODE,24f8f9829bf14f26914a962224c1ad3a,F1 :    300    1 0.10 -14.44 0.54 50.00  30.0  28.0,0.00 0.00 0.00 89.38 0.54 50.00 0.10 -14.44 6 63 6 63 30.0% 28.0% 150.000 0.000 0.00 -4.90 0.00  1.99 0.00 299.00 0.0% | 1200.00  -20.00 HI -50.00 -50.00
2026-09-27T09:12:25.934,DEMO,DEMO,DEMO_MODE,24f8f9829bf14f26914a962224c1ad3a,F1 :    300    1 0.10 -14.44 0.54 50.00  30.0  28.0,0.00 0.00 0.00 89.38 0.54 50.00 0.10 -14.44 6 63 6 63 30.0% 28.0% 150.000 0.000 0.00 -4.90 0.00  1.99 0.00 299.00 0.0% | 1200.00  -20.00 HI -50.00 -50.00
2026-09-27T09:12:26.055,DEMO,DEMO,DEMO_MODE,24f8f9829bf14f26914a962224c1ad3a,F1 :    300    1 0.10 -14.44 0.54 50.00  30.0  28.0,0.00 0.00 0.00 89.38 0.54 50.00 0.10 -14.44 6 63 6 63 30.0% 28.0% 150.000 0.000 0.00 -4.90 0.00  1.99 0.00 299.00 0.0% | 1200.00  -20.00 HI -50.00 -50.00
2026-09-27T09:12:26.181,DEMO,DEMO,DEMO_MODE,24f8f9829bf14f26914a962224c1ad3a,F1 :    300    1 0.10 -14.44 0.54 50.00  30.0  28.0,0.00 0.00 0.00 89.38 0.54 50.00 0.10 -14.44 6 63 6 63 30.0% 28.0% 150.000 0.000 0.00 -4.90 0.00  1.99 0.00 299.00 0.0% | 1200.00  -20.00 HI -50.00 -50.00
2026-09-27T09:12:26.302,DEMO,DEMO,DEMO_MODE,24f8f9829bf14f26914a962224c1ad3a,F1 :    300    1 0.10 -14.44 0.54 50.00  30.0  28.0,0.00 0.00 0.00 89.38 0.54 50.00 0.10 -14.44 6 63 6 63 30.0% 28.0% 150.000 0.000 0.00 -4.90 0.00  1.99 0.00 299.00 0.0% | 1200.00  -20.00 HI -50.00 -50.00
2026-09-27T09:12:26.428,DEMO,DEMO,DEMO_MODE,24f8f9829bf14f26914a962224c1ad3a,F1 :    300    1 0.10 -14.44 0.54 50.00  30.0  28.0,0.00 0.00 0.00 89.38 0.54 50.00 0.10 -14.44 6 63 6 63 30.0% 28.0% 150.000 0.000 0.00 -4.90 0.00  1.99 0.00 299.00 0.0% | 1200.00  -20.00 HI -50.00 -50.00
2026-09-27T09:12:26.548,DEMO,DEMO,DEMO_MODE,24f8f9829bf14f26914a962224c1ad3a,F1 :    300    1 0.10 -14.44 0.54 50.00  30.0  28.0,0.00 0.00 0.00 89.38 0.54 50.00 0.10 -14.44 6 63 6 63 30.0% 28.0% 150.000 0.000 0.00 -4.90 0.00  1.99 0.00 299.00 0.0% | 1200.00  -20.00 HI -50.00 -50.00
2026-09-27T09:12:26.674,DEMO,DEMO,DEMO_MODE,24f8f9829bf14f26914a962224c1ad3a,F1 :    300    1 0.10 -14.44 0.54 50.00  30.0  28.0,0.00 0.00 0.00 89.38 0.54 50.00 0.10 -14.44 6 63 6 63 30.0% 28.0% 150.000 0.000 0.00 -4.90 0.00  1.99 0.00 299.00 0.0% | 1200.00  -20.00 HI -50.00 -50.00
2026-09-27T09:12:26.794,DEMO,DEMO,DEMO_MODE,24f8f9829bf14f26914a962224c1ad3a,F1 :    400    1 0.10 -14.44 0.54 50.00  40.0  32.0,0.00 0.00 0.00 89.38 0.54 50.00 0.10 -14.44 6 63 6 63 40.0% 32.0% 200.000 0.000 0.00 -4.90 0.00  2.00 0.00 399.00 0.0% | 1200.00  -10.00 HI -50.00 -50.00
2026-09-27T09:12:26.921,DEMO,DEMO,DEMO_MODE,24f8f9829bf14f26914a962224c1ad3a,F1 :    400    1 0.10 -14.44 0.54 50.00  40.0  32.0,0.00 0.00 0.00 89.38 0.54 50.00 0.10 -14.44 6 63 6 63 40.0% 32.0% 200.000 0.000 0.00 -4.90 0.00  2.00 0.00 399.00 0.0% | 1200.00  -10.00 HI -50.00 -50.00
2026-09-27T09:12:27.042,DEMO,DEMO,DEMO_MODE,24f8f9829bf14f26914a962224c1ad3a,F1 :    400    1 0.10 -14.44 0.54 50.00  40.0  32.0,0.00 0.00 0.00 89.38 0.54 50.00 0.10 -14.44 6 63 6 63 40.0% 32.0% 200.000 0.000 0.00 -4.90 0.00  2.00 0.00 399.00 0.0% | 1200.00  -10.00 HI -50.00 -50.00
2026-09-27T09:12:27.168,DEMO,DEMO,DEMO_MODE,24f8f9829bf14f26914a962224c1ad3a,F1 :    400    1 0.10 -14.44 0.54 50.00  40.0  32.0,0.00 0.00 0.00 89.38 0.54 50.00 0.10 -14.44 6 63 6 63 40.0% 32.0% 200.000 0.000 0.00 -4.90 0.00  2.00 0.00 399.00 0.0% | 1200.00  -10.00 HI -50.00 -50.00
2026-09-27T09:12:27.288,DEMO,DEMO,DEMO_MODE,24f8f9829bf14f26914a962224c1ad3a,F1 :    400    1 0.10 -14.44 0.54 50.00  40.0  32.0,0.00 0.00 0.00 89.38 0.54 50.00 0.10 -14.44 6 63 6 63 40.0% 32.0% 200.000 0.000 0.00 -4.90 0.00  2.00 0.00 399.00 0.0% | 1200.00  -10.00 HI -50.00 -50.00
2026-09-27T09:12:27.414,DEMO,DEMO,DEMO_MODE,24f8f9829bf14f26914a962224c1ad3a,F1 :    400    1 0.10 -14.44 0.54 50.00  40.0  32.0,0.00 0.00 0.00 89.38 0.54 50.00 0.10 -14.44 6 63 6 63 40.0% 32.0% 200.000 0.000 0.00 -4.90 0.00  2.00 0.00 399.00 0.0% | 1200.00  -10.00 HI -50.00 -50.00
2026-09-27T09:12:27.535,DEMO,DEMO,DEMO_MODE,24f8f9829bf14f26914a962224c1ad3a,F1 :    400    1 0.10 -14.44 0.54 50.00  40.0  32.0,0.00 0.00 0.00 89.38 0.54 50.00 0.10 -14.44 6 63 6 63 40.0% 32.0% 200.000 0.000 0.00 -4.90 0.00  2.00 0.00 399.00 0.0% | 1200.00  -10.00 HI -50.00 -50.00
2026-09-27T09:12:27.655,DEMO,DEMO,DEMO_MODE,24f8f9829bf14f26914a962224c1ad3a,F1 :    400    1 0.10 -14.44 0.54 50.00  40.0  32.0,0.00 0.00 0.00 89.38 0.54 50.00 0.10 -14.44 6 63 6 63 40.0% 32.0% 200.000 0.000 0.00 -4.90 0.00  2.00 0.00 399.00 0.0% | 1200.00  -10.00 HI -50.00 -50.00
2026-09-27T09:12:27.776,DEMO,DEMO,DEMO_MODE,24f8f9829bf14f26914a962224c1ad3a,F1 :    400    1 0.10 -14.44 0.54 50.00  40.0  32.0,0.00 0.00 0.00 89.38 0.54 50.00 0.10 -14.44 6 63 6 63 40.0% 32.0% 200.000 0.000 0.00 -4.90 0.00  2.00 0.00 399.00 0.0% | 1200.00  -10.00 HI -50.00 -50.00
2026-09-27T09:12:27.897,DEMO,DEMO,DEMO_MODE,24f8f9829bf14f26914a962224c1ad3a,F1 :    400    1 0.10 -14.44 0.54 50.00  40.0  32.0,0.00 0.00 0.00 89.38 0.54 50.00 0.10 -14.44 6 63 6 63 40.0% 32.0% 200.000 0.000 0.00 -4.90 0.00  2.00 0.00 399.00 0.0% | 1200.00  -10.00 HI -50.00 -50.00
2026-09-27T09:12:28.017,DEMO,DEMO,DEMO_MODE,24f8f9829bf14f26914a962224c1ad3a,F1 :    400    1 0.10 -14.44 0.54 50.00  40.0  32.0,0.00 0.00 0.00 89.38 0.54 50.00 0.10 -14.44 6 63 6 63 40.0% 32.0% 200.000 0.000 0.00 -4.90 0.00  2.00 0.00 399.00 0.0% | 1200.00  -10.00 HI -50.00 -50.00
2026-09-27T09:12:28.138,DEMO,DEMO,DEMO_MODE,24f8f9829bf14f26914a962224c1ad3a,F1 :    400    1 0.10 -14.44 0.54 50.00  40.0  32.0,0.00 0.00 0.00 89.38 0.54 50.00 0.10 -14.44 6 63 6 63 40.0% 32.0% 200.000 0.000 0.00 -4.90 0.00  2.00 0.00 399.00 0.0% | 1200.00  -10.00 HI -50.00 -50.00
2026-09-27T09:12:28.259,DEMO,DEMO,DEMO_MODE,24f8f9829bf14f26914a962224c1ad3a,F1 :    400    1 0.10 -14.44 0.54 50.00  40.0  32.0,0.00 0.00 0.00 89.38 0.54 50.00 0.10 -14.44 6 63 6 63 40.0% 32.0% 200.000 0.000 0.00 -4.90 0.00  2.00 0.00 399.00 0.0% | 1200.00  -10.00 HI -50.00 -50.00
2026-09-27T09:12:28.380,DEMO,DEMO,DEMO_MODE,24f8f9829bf14f26914a962224c1ad3a,F1 :    400    1 0.10 -14.44 0.54 50.00  40.0  32.0,0.00 0.00 0.00 89.38 0.54 50.00 0.10 -14.44 6 63 6 63 40.0% 32.0% 200.000 0.000 0.00 -4.90 0.00  2.00 0.00 399.00 0.0% | 1200.00  -10.00 HI -50.00 -50.00
2026-09-27T09:12:28.501,DEMO,DEMO,DEMO_MODE,24f8f9829bf14f26914a962224c1ad3a,F1 :    400    1 0.10 -14.44 0.54 50.00  40.0  32.0,0.00 0.00 0.00 89.38 0.54 50.00 0.10 -14.44 6 63 6 63 40.0% 32.0% 200.000 0.000 0.00 -4.90 0.00  2.00 0.00 399.00 0.0% | 1200.00  -10.00 HI -50.00 -50.00
2026-09-27T09:12:28.622,DEMO,DEMO,DEMO_MODE,24f8f9829bf14f26914a962224c1ad3a,F1 :    400    1 0.10 -14.44 0.54 50.00  40.0  32.0,0.00 0.00 0.00 89.38 0.54 50.00 0.10 -14.44 6 63 6 63 40.0% 32.0% 200.000 0.000 0.00 -4.90 0.00  2.00 0.00 399.00 0.0% | 1200.00  -10.00 HI -50.00 -50.00
2026-09-27T09:12:28.744,DEMO,DEMO,DEMO_MODE,24f8f9829bf14f26914a962224c1ad3a,F1 :    400    1 0.10 -14.44 0.54 50.00  40.0  32.0,0.00 0.00 0.00 89.38 0.54 50.00 0.10 -14.44 6 63 6 63 40.0% 32.0% 200.000 0.000 0.00 -4.90 0.00  2.00 0.00 399.00 0.0% | 1200.00  -10.00 HI -50.00 -50.00
2026-09-27T09:12:28.865,DEMO,DEMO,DEMO_MODE,24f8f9829bf14f26914a962224c1ad3a,F1 :    400    1 0.10 -14.44 0.54 50.00  40.0  32.0,0.00 0.00 0.00 89.38 0.54 50.00 0.10 -14.44 6 63 6 63 40.0% 32.0% 200.000 0.000 0.00 -4.90 0.00  2.00 0.00 399.00 0.0% | 1200.00  -10.00 HI -50.00 -50.00
2026-09-27T09:12:28.985,DEMO,DEMO,DEMO_MODE,24f8f9829bf14f26914a962224c1ad3a,F1 :    400    1 0.10 -14.44 0.54 50.00  40.0  32.0,0.00 0.00 0.00 89.38 0.54 50.00 0.10 -14.44 6 63 6 63 40.0% 32.0% 200.000 0.000 0.00 -4.90 0.00  2.00 0.00 399.00 0.0% | 1200.00  -10.00 HI -50.00 -50.00
2026-09-27T09:12:29.106,DEMO,DEMO,DEMO_MODE,24f8f9829bf14f26914a962224c1ad3a,F1 :    400    1 0.10 -14.44 0.54 50.00  40.0  32.0,0.00 0.00 0.00 89.38 0.54 50.00 0.10 -14.44 6 63 6 63 40.0% 32.0% 200.000 0.000 0.00 -4.90 0.00  2.00 0.00 399.00 0.0% | 1200.00  -10.00 HI -50.00 -50.00
2026-09-27T09:12:29.232,DEMO,DEMO,DEMO_MODE,24f8f9829bf14f26914a962224c1ad3a,F1 :    400    1 0.10 -14.44 0.54 50.00  40.0  32.0,0.00 0.00 0.00 89.38 0.54 50.00 0.10 -14.44 6 63 6 63 40.0% 32.0% 200.000 0.000 0.00 -4.90 0.00  2.00 0.00 399.00 0.0% | 1200.00  -10.00 HI -50.00 -50.00
2026-09-27T09:12:29.353,DEMO,DEMO,DEMO_MODE,24f8f9829bf14f26914a962224c1ad3a,F1 :    400    1 0.10 -14.44 0.54 50.00  40.0  32.0,0.00 0.00 0.00 89.38 0.54 50.00 0.10 -14.44 6 63 6 63 40.0% 32.0% 200.000 0.000 0.00 -4.90 0.00  2.00 0.00 399.00 0.0% | 1200.00  -10.00 HI -50.00 -50.00
2026-09-27T09:12:29.479,DEMO,DEMO,DEMO_MODE,24f8f9829bf14f26914a962224c1ad3a,F1 :    400    1 0.10 -14.44 0.54 50.00  40.0  32.0,0.00 0.00 0.00 89.38 0.54 50.00 0.10 -14.44 6 63 6 63 40.0% 32.0% 200.000 0.000 0.00 -4.90 0.00  2.00 0.00 399.00 0.0% | 1200.00  -10.00 HI -50.00 -50.00
2026-09-27T09:12:29.599,DEMO,DEMO,DEMO_MODE,24f8f9829bf14f26914a962224c1ad3a,F1 :    400    1 0.10 -14.44 0.54 50.00  40.0  32.0,0.00 0.00 0.00 89.38 0.54 50.00 0.10 -14.44 6 63 6 63 40.0% 32.0% 200.000 0.000 0.00 -4.90 0.00  2.00 0.00 399.00 0.0% | 1200.00  -10.00 HI -50.00 -50.00
2026-09-27T09:12:29.726,DEMO,DEMO,DEMO_MODE,24f8f9829bf14f26914a962224c1ad3a,F1 :    400    1 0.10 -14.44 0.54 50.00  40.0  32.0,0.00 0.00 0.00 89.38 0.54 50.00 0.10 -14.44 6 63 6 63 40.0% 32.0% 200.000 0.000 0.00 -4.90 0.00  2.00 0.00 399.00 0.0% | 1200.00  -10.00 HI -50.00 -50.00
2026-09-27T09:12:29.847,DEMO,DEMO,DEMO_MODE,24f8f9829bf14f26914a962224c1ad3a,F1 :    400    2 0.10 -14.44 0.54 50.00  40.0  32.0,0.00 0.00 0.00 89.38 0.54 50.00 0.10 -14.44 6 63 6 63 40.0% 32.0% 200.000 0.000 0.00 -4.90 0.00  1.99 0.00 398.00 0.0% | 1200.00  -10.00 HI -50.00 -50.00
2026-09-27T09:12:29.974,DEMO,DEMO,DEMO_MODE,24f8f9829bf14f26914a962224c1ad3a,F1 :    400    2 0.10 -14.44 0.54 50.00  40.0  32.0,0.00 0.00 0.00 89.38 0.54 50.00 0.10 -14.44 6 63 6 63 40.0% 32.0% 200.000 0.000 0.00 -4.90 0.00  1.99 0.00 398.00 0.0% | 1200.00  -10.00 HI -50.00 -50.00
2026-09-27T09:12:30.094,DEMO,DEMO,DEMO_MODE,24f8f9829bf14f26914a962224c1ad3a,F1 :    400    2 0.10 -14.44 0.54 50.00  40.0  32.0,0.00 0.00 0.00 89.38 0.54 50.00 0.10 -14.44 6 63 6 63 40.0% 32.0% 200.000 0.000 0.00 -4.90 0.00  1.99 0.00 398.00 0.0% | 1200.00  -10.00 HI -50.00 -50.00
2026-09-27T09:12:30.221,DEMO,DEMO,DEMO_MODE,24f8f9829bf14f26914a962224c1ad3a,F1 :    400    2 0.10 -14.44 0.54 50.00  40.0  32.0,0.00 0.00 0.00 89.38 0.54 50.00 0.10 -14.44 6 63 6 63 40.0% 32.0% 200.000 0.000 0.00 -4.90 0.00  1.99 0.00 398.00 0.0% | 1200.00  -10.00 HI -50.00 -50.00
2026-09-27T09:12:30.342,DEMO,DEMO,DEMO_MODE,24f8f9829bf14f26914a962224c1ad3a,F1 :    400    2 0.10 -14.44 0.54 50.00  40.0  32.0,0.00 0.00 0.00 89.38 0.54 50.00 0.10 -14.44 6 63 6 63 40.0% 32.0% 200.000 0.000 0.00 -4.90 0.00  1.99 0.00 398.00 0.0% | 1200.00  -10.00 HI -50.00 -50.00
2026-09-27T09:12:30.469,DEMO,DEMO,DEMO_MODE,24f8f9829bf14f26914a962224c1ad3a,F1 :    400    2 0.10 -14.44 0.54 50.00  40.0  32.0,0.00 0.00 0.00 89.38 0.54 50.00 0.10 -14.44 6 63 6 63 40.0% 32.0% 200.000 0.000 0.00 -4.90 0.00  1.99 0.00 398.00 0.0% | 1200.00  -10.00 HI -50.00 -50.00
2026-09-27T09:12:30.590,DEMO,DEMO,DEMO_MODE,24f8f9829bf14f26914a962224c1ad3a,F1 :    400    2 0.10 -14.44 0.54 50.00  40.0  32.0,0.00 0.00 0.00 89.38 0.54 50.00 0.10 -14.44 6 63 6 63 40.0% 32.0% 200.000 0.000 0.00 -4.90 0.00  1.99 0.00 398.00 0.0% | 1200.00  -10.00 HI -50.00 -50.00
2026-09-27T09:12:30.716,DEMO,DEMO,DEMO_MODE,24f8f9829bf14f26914a962224c1ad3a,F1 :    400    2 0.10 -14.44 0.54 50.00  40.0  32.0,0.00 0.00 0.00 89.38 0.54 50.00 0.10 -14.44 6 63 6 63 40.0% 32.0% 200.000 0.000 0.00 -4.90 0.00  1.99 0.00 398.00 0.0% | 1200.00  -10.00 HI -50.00 -50.00
2026-09-27T09:12:30.841,DEMO,DEMO,DEMO_MODE,24f8f9829bf14f26914a962224c1ad3a,F1 :    400    2 0.10 -14.44 0.54 50.00  40.0  32.0,0.00 0.00 0.00 89.38 0.54 50.00 0.10 -14.44 6 63 6 63 40.0% 32.0% 200.000 0.000 0.00 -4.90 0.00  1.99 0.00 398.00 0.0% | 1200.00  -10.00 HI -50.00 -50.00
2026-09-27T09:12:30.968,DEMO,DEMO,DEMO_MODE,24f8f9829bf14f26914a962224c1ad3a,F1 :    400    2 0.10 -14.44 0.54 50.00  40.0  32.0,0.00 0.00 0.00 89.38 0.54 50.00 0.10 -14.44 6 63 6 63 40.0% 32.0% 200.000 0.000 0.00 -4.90 0.00  1.99 0.00 398.00 0.0% | 1200.00  -10.00 HI -50.00 -50.00
2026-09-27T09:12:31.099,DEMO,DEMO,DEMO_MODE,24f8f9829bf14f26914a962224c1ad3a,F1 :    400    2 0.10 -14.44 0.54 50.00  40.0  32.0,0.00 0.00 0.00 89.38 0.54 50.00 0.10 -14.44 6 63 6 63 40.0% 32.0% 200.000 0.000 0.00 -4.90 0.00  1.99 0.00 398.00 0.0% | 1200.00  -10.00 HI -50.00 -50.00
2026-09-27T09:12:31.225,DEMO,DEMO,DEMO_MODE,24f8f9829bf14f26914a962224c1ad3a,F1 :    400    2 0.10 -14.44 0.54 50.00  40.0  32.0,0.00 0.00 0.00 89.38 0.54 50.00 0.10 -14.44 6 63 6 63 40.0% 32.0% 200.000 0.000 0.00 -4.90 0.00  1.99 0.00 398.00 0.0% | 1200.00  -10.00 HI -50.00 -50.00
2026-09-27T09:12:31.351,DEMO,DEMO,DEMO_MODE,24f8f9829bf14f26914a962224c1ad3a,F1 :    400    2 0.10 -14.44 0.54 50.00  40.0  32.0,0.00 0.00 0.00 89.38 0.54 50.00 0.10 -14.44 6 63 6 63 40.0% 32.0% 200.000 0.000 0.00 -4.90 0.00  1.99 0.00 398.00 0.0% | 1200.00  -10.00 HI -50.00 -50.00
2026-09-27T09:12:31.477,DEMO,DEMO,DEMO_MODE,24f8f9829bf14f26914a962224c1ad3a,F1 :    400    2 0.10 -14.44 0.54 50.00  40.0  32.0,0.00 0.00 0.00 89.38 0.54 50.00 0.10 -14.44 6 63 6 63 40.0% 32.0% 200.000 0.000 0.00 -4.90 0.00  1.99 0.00 398.00 0.0% | 1200.00  -10.00 HI -50.00 -50.00
2026-09-27T09:12:31.597,DEMO,DEMO,DEMO_MODE,24f8f9829bf14f26914a962224c1ad3a,F1 :    400    2 0.10 -14.44 0.54 50.00  40.0  32.0,0.00 0.00 0.00 89.38 0.54 50.00 0.10 -14.44 6 63 6 63 40.0% 32.0% 200.000 0.000 0.00 -4.90 0.00  1.99 0.00 398.00 0.0% | 1200.00  -10.00 HI -50.00 -50.00
2026-09-27T09:12:31.724,DEMO,DEMO,DEMO_MODE,24f8f9829bf14f26914a962224c1ad3a,F1 :    400    2 0.10 -14.44 0.54 50.00  40.0  32.0,0.00 0.00 0.00 89.38 0.54 50.00 0.10 -14.44 6 63 6 63 40.0% 32.0% 200.000 0.000 0.00 -4.90 0.00  1.99 0.00 398.00 0.0% | 1200.00  -10.00 HI -50.00 -50.00
2026-09-27T09:12:31.845,DEMO,DEMO,DEMO_MODE,24f8f9829bf14f26914a962224c1ad3a,F1 :    400    2 0.10 -14.44 0.54 50.00  40.0  32.0,0.00 0.00 0.00 89.38 0.54 50.00 0.10 -14.44 6 63 6 63 40.0% 32.0% 200.000 0.000 0.00 -4.90 0.00  1.99 0.00 398.00 0.0% | 1200.00  -10.00 HI -50.00 -50.00
2026-09-27T09:12:31.971,DEMO,DEMO,DEMO_MODE,24f8f9829bf14f26914a962224c1ad3a,F1 :    400    2 0.10 -14.44 0.54 50.00  40.0  36.0,0.00 0.00 0.00 89.38 0.54 50.00 0.10 -14.44 6 63 6 63 40.0% 36.0% 200.000 0.000 0.00 -4.90 0.00  1.99 0.00 398.00 0.0% | 1200.00  -10.00 HI -50.00 -50.00
2026-09-27T09:12:32.092,DEMO,DEMO,DEMO_MODE,24f8f9829bf14f26914a962224c1ad3a,F1 :    400    2 0.10 -14.44 0.54 50.00  40.0  36.0,0.00 0.00 0.00 89.38 0.54 50.00 0.10 -14.44 6 63 6 63 40.0% 36.0% 200.000 0.000 0.00 -4.90 0.00  1.99 0.00 398.00 0.0% | 1200.00  -10.00 HI -50.00 -50.00
2026-09-27T09:12:32.218,DEMO,DEMO,DEMO_MODE,24f8f9829bf14f26914a962224c1ad3a,F1 :    400    2 0.10 -14.44 0.54 50.00  40.0  36.0,0.00 0.00 0.00 89.38 0.54 50.00 0.10 -14.44 6 63 6 63 40.0% 36.0% 200.000 0.000 0.00 -4.90 0.00  1.99 0.00 398.00 0.0% | 1200.00  -10.00 HI -50.00 -50.00
2026-09-27T09:12:32.338,DEMO,DEMO,DEMO_MODE,24f8f9829bf14f26914a962224c1ad3a,F1 :    400    2 0.10 -14.44 0.54 50.00  40.0  36.0,0.00 0.00 0.00 89.38 0.54 50.00 0.10 -14.44 6 63 6 63 40.0% 36.0% 200.000 0.000 0.00 -4.90 0.00  1.99 0.00 398.00 0.0% | 1200.00  -10.00 HI -50.00 -50.00
2026-09-27T09:12:32.464,DEMO,DEMO,DEMO_MODE,24f8f9829bf14f26914a962224c1ad3a,F1 :    400    2 0.10 -14.44 0.54 50.00  40.0  36.0,0.00 0.00 0.00 89.38 0.54 50.00 0.10 -14.44 6 63 6 63 40.0% 36.0% 200.000 0.000 0.00 -4.90 0.00  1.99 0.00 398.00 0.0% | 1200.00  -10.00 HI -50.00 -50.00
2026-09-27T09:12:32.584,DEMO,DEMO,DEMO_MODE,24f8f9829bf14f26914a962224c1ad3a,F1 :    400    2 0.10 -14.44 0.54 50.00  40.0  36.0,0.00 0.00 0.00 89.38 0.54 50.00 0.10 -14.44 6 63 6 63 40.0% 36.0% 200.000 0.000 0.00 -4.90 0.00  1.99 0.00 398.00 0.0% | 1200.00  -10.00 HI -50.00 -50.00
2026-09-27T09:12:32.710,DEMO,DEMO,DEMO_MODE,24f8f9829bf14f26914a962224c1ad3a,F1 :    400    2 0.10 -14.44 0.54 50.00  40.0  36.0,0.00 0.00 0.00 89.38 0.54 50.00 0.10 -14.44 6 63 6 63 40.0% 36.0% 200.000 0.000 0.00 -4.90 0.00  1.99 0.00 398.00 0.0% | 1200.00  -10.00 HI -50.00 -50.00
2026-09-27T09:12:32.832,DEMO,DEMO,DEMO_MODE,24f8f9829bf14f26914a962224c1ad3a,F1 :    400    2 0.10 -14.44 0.54 50.00  40.0  36.0,0.00 0.00 0.00 89.38 0.54 50.00 0.10 -14.44 6 63 6 63 40.0% 36.0% 200.000 0.000 0.00 -4.90 0.00  1.99 0.00 398.00 0.0% | 1200.00  -10.00 HI -50.00 -50.00
2026-09-27T09:12:32.959,DEMO,DEMO,DEMO_MODE,24f8f9829bf14f26914a962224c1ad3a,F1 :    400    2 0.10 -14.44 0.54 50.00  40.0  36.0,0.00 0.00 0.00 89.38 0.54 50.00 0.10 -14.44 6 63 6 63 40.0% 36.0% 200.000 0.000 0.00 -4.90 0.00  1.99 0.00 398.00 0.0% | 1200.00  -10.00 HI -50.00 -50.00
2026-09-27T09:12:33.079,DEMO,DEMO,DEMO_MODE,24f8f9829bf14f26914a962224c1ad3a,F1 :    400    2 0.10 -14.44 0.54 50.00  40.0  36.0,0.00 0.00 0.00 89.38 0.54 50.00 0.10 -14.44 6 63 6 63 40.0% 36.0% 200.000 0.000 0.00 -4.90 0.00  1.99 0.00 398.00 0.0% | 1200.00  -10.00 HI -50.00 -50.00
2026-09-27T09:12:33.205,DEMO,DEMO,DEMO_MODE,24f8f9829bf14f26914a962224c1ad3a,F1 :    400    2 0.10 -14.44 0.54 50.00  40.0  36.0,0.00 0.00 0.00 89.38 0.54 50.00 0.10 -14.44 6 63 6 63 40.0% 36.0% 200.000 0.000 0.00 -4.90 0.00  1.99 0.00 398.00 0.0% | 1200.00  -10.00 HI -50.00 -50.00
2026-09-27T09:12:33.326,DEMO,DEMO,DEMO_MODE,24f8f9829bf14f26914a962224c1ad3a,F1 :    400    2 0.10 -14.44 0.54 50.00  40.0  36.0,0.00 0.00 0.00 89.38 0.54 50.00 0.10 -14.44 6 63 6 63 40.0% 36.0% 200.000 0.000 0.00 -4.90 0.00  1.99 0.00 398.00 0.0% | 1200.00  -10.00 HI -50.00 -50.00
2026-09-27T09:12:33.452,DEMO,DEMO,DEMO_MODE,24f8f9829bf14f26914a962224c1ad3a,F1 :    400    2 0.10 -14.44 0.54 50.00  40.0  36.0,0.00 0.00 0.00 89.38 0.54 50.00 0.10 -14.44 6 63 6 63 40.0% 36.0% 200.000 0.000 0.00 -4.90 0.00  1.99 0.00 398.00 0.0% | 1200.00  -10.00 HI -50.00 -50.00
2026-09-27T09:12:33.572,DEMO,DEMO,DEMO_MODE,24f8f9829bf14f26914a962224c1ad3a,F1 :    400    2 0.10 -14.44 0.54 50.00  40.0  36.0,0.00 0.00 0.00 89.38 0.54 50.00 0.10 -14.44 6 63 6 63 40.0% 36.0% 200.000 0.000 0.00 -4.90 0.00  1.99 0.00 398.00 0.0% | 1200.00  -10.00 HI -50.00 -50.00
2026-09-27T09:12:33.699,DEMO,DEMO,DEMO_MODE,24f8f9829bf14f26914a962224c1ad3a,F1 :    400    2 0.10 -14.44 0.54 50.00  40.0  36.0,0.00 0.00 0.00 89.38 0.54 50.00 0.10 -14.44 6 63 6 63 40.0% 36.0% 200.000 0.000 0.00 -4.90 0.00  1.99 0.00 398.00 0.0% | 1200.00  -10.00 HI -50.00 -50.00
2026-09-27T09:12:33.820,DEMO,DEMO,DEMO_MODE,24f8f9829bf14f26914a962224c1ad3a,F1 :    400    2 0.10 -14.44 0.54 50.00  40.0  36.0,0.00 0.00 0.00 89.38 0.54 50.00 0.10 -14.44 6 63 6 63 40.0% 36.0% 200.000 0.000 0.00 -4.90 0.00  1.99 0.00 398.00 0.0% | 1200.00  -10.00 HI -50.00 -50.00
2026-09-27T09:12:33.946,DEMO,DEMO,DEMO_MODE,24f8f9829bf14f26914a962224c1ad3a,F1 :    400    2 0.10 -14.44 0.54 50.00  40.0  36.0,0.00 0.00 0.00 89.38 0.54 50.00 0.10 -14.44 6 63 6 63 40.0% 36.0% 200.000 0.000 0.00 -4.90 0.00  1.99 0.00 398.00 0.0% | 1200.00  -10.00 HI -50.00 -50.00
2026-09-27T09:12:34.077,DEMO,DEMO,DEMO_MODE,24f8f9829bf14f26914a962224c1ad3a,F1 :    400    2 0.10 -14.44 0.54 50.00  40.0  36.0,0.00 0.00 0.00 89.38 0.54 50.00 0.10 -14.44 6 63 6 63 40.0% 36.0% 200.000 0.000 0.00 -4.90 0.00  1.99 0.00 398.00 0.0% | 1200.00  -10.00 HI -50.00 -50.00
2026-09-27T09:12:34.202,DEMO,DEMO,DEMO_MODE,24f8f9829bf14f26914a962224c1ad3a,F1 :    400    2 0.10 -14.44 0.54 50.00  40.0  36.0,0.00 0.00 0.00 89.38 0.54 50.00 0.10 -14.44 6 63 6 63 40.0% 36.0% 200.000 0.000 0.00 -4.90 0.00  1.99 0.00 398.00 0.0% | 1200.00  -10.00 HI -50.00 -50.00
2026-09-27T09:12:34.323,DEMO,DEMO,DEMO_MODE,24f8f9829bf14f26914a962224c1ad3a,F1 :    400    2 0.10 -14.44 0.54 50.00  40.0  36.0,0.00 0.00 0.00 89.38 0.54 50.00 0.10 -14.44 6 63 6 63 40.0% 36.0% 200.000 0.000 0.00 -4.90 0.00  1.99 0.00 398.00 0.0% | 1200.00  -10.00 HI -50.00 -50.00
2026-09-27T09:12:34.448,DEMO,DEMO,DEMO_MODE,24f8f9829bf14f26914a962224c1ad3a,F1 :    400    2 0.10 -14.44 0.54 50.00  40.0  36.0,0.00 0.00 0.00 89.38 0.54 50.00 0.10 -14.44 6 63 6 63 40.0% 36.0% 200.000 0.000 0.00 -4.90 0.00  1.99 0.00 398.00 0.0% | 1200.00  -10.00 HI -50.00 -50.00
2026-09-27T09:12:34.575,DEMO,DEMO,DEMO_MODE,24f8f9829bf14f26914a962224c1ad3a,F1 :    400    2 0.10 -14.44 0.54 50.00  40.0  36.0,0.00 0.00 0.00 89.38 0.54 50.00 0.10 -14.44 6 63 6 63 40.0% 36.0% 200.000 0.000 0.00 -4.90 0.00  1.99 0.00 398.00 0.0% | 1200.00  -10.00 HI -50.00 -50.00
2026-09-27T09:12:34.701,DEMO,DEMO,DEMO_MODE,24f8f9829bf14f26914a962224c1ad3a,F1 :    400    2 0.10 -14.44 0.54 50.00  40.0  36.0,0.00 0.00 0.00 89.38 0.54 50.00 0.10 -14.44 6 63 6 63 40.0% 36.0% 200.000 0.000 0.00 -4.90 0.00  1.99 0.00 398.00 0.0% | 1200.00  -10.00 HI -50.00 -50.00
2026-09-27T09:12:34.822,DEMO,DEMO,DEMO_MODE,24f8f9829bf14f26914a962224c1ad3a,F1 :    400    2 0.10 -14.44 0.54 50.00  40.0  36.0,0.00 0.00 0.00 89.38 0.54 50.00 0.10 -14.44 6 63 6 63 40.0% 36.0% 200.000 0.000 0.00 -4.90 0.00  1.99 0.00 398.00 0.0% | 1200.00  -10.00 HI -50.00 -50.00
2026-09-27T09:12:34.948,DEMO,DEMO,DEMO_MODE,24f8f9829bf14f26914a962224c1ad3a,F1 :    400    2 0.10 -14.44 0.54 50.00  40.0  36.0,0.00 0.00 0.00 89.38 0.54 50.00 0.10 -14.44 6 63 6 63 40.0% 36.0% 200.000 0.000 0.00 -4.90 0.00  1.99 0.00 398.00 0.0% | 1200.00  -10.00 HI -50.00 -50.00
2026-09-27T09:12:35.069,DEMO,DEMO,DEMO_MODE,24f8f9829bf14f26914a962224c1ad3a,F1 :    400    2 0.10 -14.44 0.54 50.00  40.0  36.0,0.00 0.00 0.00 89.38 0.54 50.00 0.10 -14.44 6 63 6 63 40.0% 36.0% 200.000 0.000 0.00 -4.90 0.00  1.99 0.00 398.00 0.0% | 1200.00  -10.00 HI -50.00 -50.00
2026-09-27T09:12:35.196,DEMO,DEMO,DEMO_MODE,24f8f9829bf14f26914a962224c1ad3a,F1 :    400    2 0.10 -14.44 0.54 50.00  40.0  36.0,0.00 0.00 0.00 89.38 0.54 50.00 0.10 -14.44 6 63 6 63 40.0% 36.0% 200.000 0.000 0.00 -4.90 0.00  1.99 0.00 398.00 0.0% | 1200.00  -10.00 HI -50.00 -50.00
2026-09-27T09:12:35.322,DEMO,DEMO,DEMO_MODE,24f8f9829bf14f26914a962224c1ad3a,F1 :    400    2 0.10 -14.44 0.54 50.00  40.0  36.0,0.00 0.00 0.00 89.38 0.54 50.00 0.10 -14.44 6 63 6 63 40.0% 36.0% 200.000 0.000 0.00 -4.90 0.00  1.99 0.00 398.00 0.0% | 1200.00  -10.00 HI -50.00 -50.00
2026-09-27T09:12:35.448,DEMO,DEMO,DEMO_MODE,24f8f9829bf14f26914a962224c1ad3a,F1 :    400    2 0.10 -14.44 0.54 50.00  40.0  36.0,0.00 0.00 0.00 89.38 0.54 50.00 0.10 -14.44 6 63 6 63 40.0% 36.0% 200.000 0.000 0.00 -4.90 0.00  1.99 0.00 398.00 0.0% | 1200.00  -10.00 HI -50.00 -50.00
2026-09-27T09:12:35.568,DEMO,DEMO,DEMO_MODE,24f8f9829bf14f26914a962224c1ad3a,F1 :    400    2 0.10 -14.44 0.54 50.00  40.0  36.0,0.00 0.00 0.00 89.38 0.54 50.00 0.10 -14.44 6 63 6 63 40.0% 36.0% 200.000 0.000 0.00 -4.90 0.00  1.99 0.00 398.00 0.0% | 1200.00  -10.00 HI -50.00 -50.00
2026-09-27T09:12:35.694,DEMO,DEMO,DEMO_MODE,24f8f9829bf14f26914a962224c1ad3a,F1 :    400    2 0.10 -14.44 0.54 50.00  40.0  36.0,0.00 0.00 0.00 89.38 0.54 50.00 0.10 -14.44 6 63 6 63 40.0% 36.0% 200.000 0.000 0.00 -4.90 0.00  1.99 0.00 398.00 0.0% | 1200.00  -10.00 HI -50.00 -50.00
2026-09-27T09:12:35.815,DEMO,DEMO,DEMO_MODE,24f8f9829bf14f26914a962224c1ad3a,F1 :    400    2 0.10 -14.44 0.54 50.00  40.0  36.0,0.00 0.00 0.00 89.38 0.54 50.00 0.10 -14.44 6 63 6 63 40.0% 36.0% 200.000 0.000 0.00 -4.90 0.00  1.99 0.00 398.00 0.0% | 1200.00  -10.00 HI -50.00 -50.00
2026-09-27T09:12:35.941,DEMO,DEMO,DEMO_MODE,24f8f9829bf14f26914a962224c1ad3a,F1 :    400    2 0.10 -14.44 0.54 50.00  40.0  36.0,0.00 0.00 0.00 89.38 0.54 50.00 0.10 -14.44 6 63 6 63 40.0% 36.0% 200.000 0.000 0.00 -4.90 0.00  1.99 0.00 398.00 0.0% | 1200.00  -10.00 HI -50.00 -50.00
2026-09-27T09:12:36.073,DEMO,DEMO,DEMO_MODE,24f8f9829bf14f26914a962224c1ad3a,F1 :    400    2 0.10 -14.44 0.54 50.00  40.0  36.0,0.00 0.00 0.00 89.38 0.54 50.00 0.10 -14.44 6 63 6 63 40.0% 36.0% 200.000 0.000 0.00 -4.90 0.00  1.99 0.00 398.00 0.0% | 1200.00  -10.00 HI -50.00 -50.00
2026-09-27T09:12:36.198,DEMO,DEMO,DEMO_MODE,24f8f9829bf14f26914a962224c1ad3a,F1 :    400    2 0.10 -14.44 0.54 50.00  40.0  36.0,0.00 0.00 0.00 89.38 0.54 50.00 0.10 -14.44 6 63 6 63 40.0% 36.0% 200.000 0.000 0.00 -4.90 0.00  1.99 0.00 398.00 0.0% | 1200.00  -10.00 HI -50.00 -50.00
2026-09-27T09:12:36.319,DEMO,DEMO,DEMO_MODE,24f8f9829bf14f26914a962224c1ad3a,F1 :    400    2 0.10 -14.44 0.54 50.00  40.0  36.0,0.00 0.00 0.00 89.38 0.54 50.00 0.10 -14.44 6 63 6 63 40.0% 36.0% 200.000 0.000 0.00 -4.90 0.00  1.99 0.00 398.00 0.0% | 1200.00  -10.00 HI -50.00 -50.00
2026-09-27T09:12:36.445,DEMO,DEMO,DEMO_MODE,24f8f9829bf14f26914a962224c1ad3a,F1 :    400    2 0.10 -14.44 0.54 50.00  40.0  36.0,0.00 0.00 0.00 89.38 0.54 50.00 0.10 -14.44 6 63 6 63 40.0% 36.0% 200.000 0.000 0.00 -4.90 0.00  1.99 0.00 398.00 0.0% | 1200.00  -10.00 HI -50.00 -50.00
2026-09-27T09:12:36.565,DEMO,DEMO,DEMO_MODE,24f8f9829bf14f26914a962224c1ad3a,F1 :    400    2 0.10 -14.44 0.54 50.00  40.0  36.0,0.00 0.00 0.00 89.38 0.54 50.00 0.10 -14.44 6 63 6 63 40.0% 36.0% 200.000 0.000 0.00 -4.90 0.00  1.99 0.00 398.00 0.0% | 1200.00  -10.00 HI -50.00 -50.00
2026-09-27T09:12:36.691,DEMO,DEMO,DEMO_MODE,24f8f9829bf14f26914a962224c1ad3a,F1 :    400    2 0.10 -14.44 0.54 50.00  40.0  36.0,0.00 0.00 0.00 89.38 0.54 50.00 0.10 -14.44 6 63 6 63 40.0% 36.0% 200.000 0.000 0.00 -4.90 0.00  1.99 0.00 398.00 0.0% | 1200.00  -10.00 HI -50.00 -50.00
2026-09-27T09:12:36.812,DEMO,DEMO,DEMO_MODE,24f8f9829bf14f26914a962224c1ad3a,F1 :    400    2 0.10 -14.44 0.54 50.00  40.0  36.0,0.00 0.00 0.00 89.38 0.54 50.00 0.10 -14.44 6 63 6 63 40.0% 36.0% 200.000 0.000 0.00 -4.90 0.00  1.99 0.00 398.00 0.0% | 1200.00  -10.00 HI -50.00 -50.00
2026-09-27T09:12:36.938,DEMO,DEMO,DEMO_MODE,24f8f9829bf14f26914a962224c1ad3a,F1 :    400    2 0.10 -14.44 0.54 50.00  40.0  36.0,0.00 0.00 0.00 89.38 0.54 50.00 0.10 -14.44 6 63 6 63 40.0% 36.0% 200.000 0.000 0.00 -4.90 0.00  1.99 0.00 398.00 0.0% | 1200.00  -10.00 HI -50.00 -50.00
2026-09-27T09:12:37.059,DEMO,DEMO,DEMO_MODE,24f8f9829bf14f26914a962224c1ad3a,F1 :    400    2 0.10 -14.44 0.54 50.00  40.0  36.0,0.00 0.00 0.00 89.38 0.54 50.00 0.10 -14.44 6 63 6 63 40.0% 36.0% 200.000 0.000 0.00 -4.90 0.00  1.99 0.00 398.00 0.0% | 1200.00  -10.00 HI -50.00 -50.00
2026-09-27T09:12:37.184,DEMO,DEMO,DEMO_MODE,24f8f9829bf14f26914a962224c1ad3a,F1 :    500    2 0.10 -14.44 0.54 50.00  50.0  40.0,0.00 0.00 0.00 89.38 0.54 50.00 0.10 -14.44 6 63 6 63 50.0% 40.0% 250.000 0.000 0.00 -4.90 0.00  1.99 0.00 498.00 0.0% | 1200.00    0.00 HI -50.00 -50.00
2026-09-27T09:12:37.305,DEMO,DEMO,DEMO_MODE,24f8f9829bf14f26914a962224c1ad3a,F1 :    500    2 0.10 -14.44 0.54 50.00  50.0  40.0,0.00 0.00 0.00 89.38 0.54 50.00 0.10 -14.44 6 63 6 63 50.0% 40.0% 250.000 0.000 0.00 -4.90 0.00  1.99 0.00 498.00 0.0% | 1200.00    0.00 HI -50.00 -50.00
2026-09-27T09:12:37.431,DEMO,DEMO,DEMO_MODE,24f8f9829bf14f26914a962224c1ad3a,F1 :    500    2 0.10 -14.44 0.54 50.00  50.0  40.0,0.00 0.00 0.00 89.38 0.54 50.00 0.10 -14.44 6 63 6 63 50.0% 40.0% 250.000 0.000 0.00 -4.90 0.00  1.99 0.00 498.00 0.0% | 1200.00    0.00 HI -50.00 -50.00
2026-09-27T09:12:37.552,DEMO,DEMO,DEMO_MODE,24f8f9829bf14f26914a962224c1ad3a,F1 :    500    2 0.10 -14.44 0.54 50.00  50.0  40.0,0.00 0.00 0.00 89.38 0.54 50.00 0.10 -14.44 6 63 6 63 50.0% 40.0% 250.000 0.000 0.00 -4.90 0.00  1.99 0.00 498.00 0.0% | 1200.00    0.00 HI -50.00 -50.00
2026-09-27T09:12:37.678,DEMO,DEMO,DEMO_MODE,24f8f9829bf14f26914a962224c1ad3a,F1 :    500    2 0.10 -14.44 0.54 50.00  50.0  40.0,0.00 0.00 0.00 89.38 0.54 50.00 0.10 -14.44 6 63 6 63 50.0% 40.0% 250.000 0.000 0.00 -4.90 0.00  1.99 0.00 498.00 0.0% | 1200.00    0.00 HI -50.00 -50.00
2026-09-27T09:12:37.799,DEMO,DEMO,DEMO_MODE,24f8f9829bf14f26914a962224c1ad3a,F1 :    500    2 0.10 -14.44 0.54 50.00  50.0  40.0,0.00 0.00 0.00 89.38 0.54 50.00 0.10 -14.44 6 63 6 63 50.0% 40.0% 250.000 0.000 0.00 -4.90 0.00  1.99 0.00 498.00 0.0% | 1200.00    0.00 HI -50.00 -50.00
2026-09-27T09:12:37.925,DEMO,DEMO,DEMO_MODE,24f8f9829bf14f26914a962224c1ad3a,F1 :    500    2 0.10 -14.44 0.54 50.00  50.0  40.0,0.00 0.00 0.00 89.38 0.54 50.00 0.10 -14.44 6 63 6 63 50.0% 40.0% 250.000 0.000 0.00 -4.90 0.00  1.99 0.00 498.00 0.0% | 1200.00    0.00 HI -50.00 -50.00
2026-09-27T09:12:38.045,DEMO,DEMO,DEMO_MODE,24f8f9829bf14f26914a962224c1ad3a,F1 :    500    2 0.10 -14.44 0.54 50.00  50.0  40.0,0.00 0.00 0.00 89.38 0.54 50.00 0.10 -14.44 6 63 6 63 50.0% 40.0% 250.000 0.000 0.00 -4.90 0.00  1.99 0.00 498.00 0.0% | 1200.00    0.00 HI -50.00 -50.00
2026-09-27T09:12:38.172,DEMO,DEMO,DEMO_MODE,24f8f9829bf14f26914a962224c1ad3a,F1 :    500    2 0.10 -14.44 0.54 50.00  50.0  40.0,0.00 0.00 0.00 89.38 0.54 50.00 0.10 -14.44 6 63 6 63 50.0% 40.0% 250.000 0.000 0.00 -4.90 0.00  1.99 0.00 498.00 0.0% | 1200.00    0.00 HI -50.00 -50.00
2026-09-27T09:12:38.293,DEMO,DEMO,DEMO_MODE,24f8f9829bf14f26914a962224c1ad3a,F1 :    500    2 0.10 -14.44 0.54 50.00  50.0  40.0,0.00 0.00 0.00 89.38 0.54 50.00 0.10 -14.44 6 63 6 63 50.0% 40.0% 250.000 0.000 0.00 -4.90 0.00  1.99 0.00 498.00 0.0% | 1200.00    0.00 HI -50.00 -50.00
2026-09-27T09:12:38.413,DEMO,DEMO,DEMO_MODE,24f8f9829bf14f26914a962224c1ad3a,F1 :    500    2 0.10 -14.44 0.54 50.00  50.0  40.0,0.00 0.00 0.00 89.38 0.54 50.00 0.10 -14.44 6 63 6 63 50.0% 40.0% 250.000 0.000 0.00 -4.90 0.00  1.99 0.00 498.00 0.0% | 1200.00    0.00 HI -50.00 -50.00
2026-09-27T09:12:38.534,DEMO,DEMO,DEMO_MODE,24f8f9829bf14f26914a962224c1ad3a,F1 :    500    2 0.10 -14.44 0.54 50.00  50.0  40.0,0.00 0.00 0.00 89.38 0.54 50.00 0.10 -14.44 6 63 6 63 50.0% 40.0% 250.000 0.000 0.00 -4.90 0.00  1.99 0.00 498.00 0.0% | 1200.00    0.00 HI -50.00 -50.00
2026-09-27T09:12:38.655,DEMO,DEMO,DEMO_MODE,24f8f9829bf14f26914a962224c1ad3a,F1 :    500    2 0.10 -14.44 0.54 50.00  50.0  40.0,0.00 0.00 0.00 89.38 0.54 50.00 0.10 -14.44 6 63 6 63 50.0% 40.0% 250.000 0.000 0.00 -4.90 0.00  1.99 0.00 498.00 0.0% | 1200.00    0.00 HI -50.00 -50.00
2026-09-27T09:12:38.775,DEMO,DEMO,DEMO_MODE,24f8f9829bf14f26914a962224c1ad3a,F1 :    500    2 0.10 -14.44 0.54 50.00  50.0  40.0,0.00 0.00 0.00 89.38 0.54 50.00 0.10 -14.44 6 63 6 63 50.0% 40.0% 250.000 0.000 0.00 -4.90 0.00  1.99 0.00 498.00 0.0% | 1200.00    0.00 HI -50.00 -50.00
2026-09-27T09:12:38.896,DEMO,DEMO,DEMO_MODE,24f8f9829bf14f26914a962224c1ad3a,F1 :    500    2 0.10 -14.44 0.54 50.00  50.0  40.0,0.00 0.00 0.00 89.38 0.54 50.00 0.10 -14.44 6 63 6 63 50.0% 40.0% 250.000 0.000 0.00 -4.90 0.00  1.99 0.00 498.00 0.0% | 1200.00    0.00 HI -50.00 -50.00
2026-09-27T09:12:39.017,DEMO,DEMO,DEMO_MODE,24f8f9829bf14f26914a962224c1ad3a,F1 :    500    2 0.10 -14.44 0.54 50.00  50.0  40.0,0.00 0.00 0.00 89.38 0.54 50.00 0.10 -14.44 6 63 6 63 50.0% 40.0% 250.000 0.000 0.00 -4.90 0.00  1.99 0.00 498.00 0.0% | 1200.00    0.00 HI -50.00 -50.00
2026-09-27T09:12:39.137,DEMO,DEMO,DEMO_MODE,24f8f9829bf14f26914a962224c1ad3a,F1 :    500    3 0.10 -14.44 0.54 50.00  50.0  40.0,0.00 0.00 0.00 89.38 0.54 50.00 0.10 -14.44 6 63 6 63 50.0% 40.0% 250.000 0.000 0.00 -4.90 0.00  1.99 0.00 497.00 0.0% | 1200.00    0.00 HI -50.00 -50.00
2026-09-27T09:12:39.259,DEMO,DEMO,DEMO_MODE,24f8f9829bf14f26914a962224c1ad3a,F1 :    500    3 0.10 -14.44 0.54 50.00  50.0  40.0,0.00 0.00 0.00 89.38 0.54 50.00 0.10 -14.44 6 63 6 63 50.0% 40.0% 250.000 0.000 0.00 -4.90 0.00  1.99 0.00 497.00 0.0% | 1200.00    0.00 HI -50.00 -50.00
2026-09-27T09:12:39.380,DEMO,DEMO,DEMO_MODE,24f8f9829bf14f26914a962224c1ad3a,F1 :    500    3 0.10 -14.44 0.54 50.00  50.0  40.0,0.00 0.00 0.00 89.38 0.54 50.00 0.10 -14.44 6 63 6 63 50.0% 40.0% 250.000 0.000 0.00 -4.90 0.00  1.99 0.00 497.00 0.0% | 1200.00    0.00 HI -50.00 -50.00
2026-09-27T09:12:39.500,DEMO,DEMO,DEMO_MODE,24f8f9829bf14f26914a962224c1ad3a,F1 :    500    3 0.10 -14.44 0.54 50.00  50.0  40.0,0.00 0.00 0.00 89.38 0.54 50.00 0.10 -14.44 6 63 6 63 50.0% 40.0% 250.000 0.000 0.00 -4.90 0.00  1.99 0.00 497.00 0.0% | 1200.00    0.00 HI -50.00 -50.00
2026-09-27T09:12:39.621,DEMO,DEMO,DEMO_MODE,24f8f9829bf14f26914a962224c1ad3a,F1 :    500    3 0.10 -14.44 0.54 50.00  50.0  40.0,0.00 0.00 0.00 89.38 0.54 50.00 0.10 -14.44 6 63 6 63 50.0% 40.0% 250.000 0.000 0.00 -4.90 0.00  1.99 0.00 497.00 0.0% | 1200.00    0.00 HI -50.00 -50.00
2026-09-27T09:12:39.742,DEMO,DEMO,DEMO_MODE,24f8f9829bf14f26914a962224c1ad3a,F1 :    500    3 0.10 -14.44 0.54 50.00  50.0  40.0,0.00 0.00 0.00 89.38 0.54 50.00 0.10 -14.44 6 63 6 63 50.0% 40.0% 250.000 0.000 0.00 -4.90 0.00  1.99 0.00 497.00 0.0% | 1200.00    0.00 HI -50.00 -50.00
2026-09-27T09:12:39.862,DEMO,DEMO,DEMO_MODE,24f8f9829bf14f26914a962224c1ad3a,F1 :    500    3 0.10 -14.44 0.54 50.00  50.0  40.0,0.00 0.00 0.00 89.38 0.54 50.00 0.10 -14.44 6 63 6 63 50.0% 40.0% 250.000 0.000 0.00 -4.90 0.00  1.99 0.00 497.00 0.0% | 1200.00    0.00 HI -50.00 -50.00
2026-09-27T09:12:39.984,DEMO,DEMO,DEMO_MODE,24f8f9829bf14f26914a962224c1ad3a,F1 :    500    3 0.10 -14.44 0.54 50.00  50.0  40.0,0.00 0.00 0.00 89.38 0.54 50.00 0.10 -14.44 6 63 6 63 50.0% 40.0% 250.000 0.000 0.00 -4.90 0.00  1.99 0.00 497.00 0.0% | 1200.00    0.00 HI -50.00 -50.00
2026-09-27T09:12:40.104,DEMO,DEMO,DEMO_MODE,24f8f9829bf14f26914a962224c1ad3a,F1 :    500    3 0.10 -14.44 0.54 50.00  50.0  40.0,0.00 0.00 0.00 89.38 0.54 50.00 0.10 -14.44 6 63 6 63 50.0% 40.0% 250.000 0.000 0.00 -4.90 0.00  1.99 0.00 497.00 0.0% | 1200.00    0.00 HI -50.00 -50.00
2026-09-27T09:12:40.230,DEMO,DEMO,DEMO_MODE,24f8f9829bf14f26914a962224c1ad3a,F1 :    500    3 0.10 -14.44 0.54 50.00  50.0  40.0,0.00 0.00 0.00 89.38 0.54 50.00 0.10 -14.44 6 63 6 63 50.0% 40.0% 250.000 0.000 0.00 -4.90 0.00  1.99 0.00 497.00 0.0% | 1200.00    0.00 HI -50.00 -50.00
2026-09-27T09:12:40.351,DEMO,DEMO,DEMO_MODE,24f8f9829bf14f26914a962224c1ad3a,F1 :    500    3 0.10 -14.44 0.54 50.00  50.0  40.0,0.00 0.00 0.00 89.38 0.54 50.00 0.10 -14.44 6 63 6 63 50.0% 40.0% 250.000 0.000 0.00 -4.90 0.00  1.99 0.00 497.00 0.0% | 1200.00    0.00 HI -50.00 -50.00
2026-09-27T09:12:40.477,DEMO,DEMO,DEMO_MODE,24f8f9829bf14f26914a962224c1ad3a,F1 :    500    3 0.10 -14.44 0.54 50.00  50.0  40.0,0.00 0.00 0.00 89.38 0.54 50.00 0.10 -14.44 6 63 6 63 50.0% 40.0% 250.000 0.000 0.00 -4.90 0.00  1.99 0.00 497.00 0.0% | 1200.00    0.00 HI -50.00 -50.00
2026-09-27T09:12:40.598,DEMO,DEMO,DEMO_MODE,24f8f9829bf14f26914a962224c1ad3a,F1 :    500    3 0.10 -14.44 0.54 50.00  50.0  40.0,0.00 0.00 0.00 89.38 0.54 50.00 0.10 -14.44 6 63 6 63 50.0% 40.0% 250.000 0.000 0.00 -4.90 0.00  1.99 0.00 497.00 0.0% | 1200.00    0.00 HI -50.00 -50.00
2026-09-27T09:12:40.724,DEMO,DEMO,DEMO_MODE,24f8f9829bf14f26914a962224c1ad3a,F1 :    500    3 0.10 -14.44 0.54 50.00  50.0  40.0,0.00 0.00 0.00 89.38 0.54 50.00 0.10 -14.44 6 63 6 63 50.0% 40.0% 250.000 0.000 0.00 -4.90 0.00  1.99 0.00 497.00 0.0% | 1200.00    0.00 HI -50.00 -50.00
2026-09-27T09:12:40.845,DEMO,DEMO,DEMO_MODE,24f8f9829bf14f26914a962224c1ad3a,F1 :    500    3 0.10 -14.44 0.54 50.00  50.0  40.0,0.00 0.00 0.00 89.38 0.54 50.00 0.10 -14.44 6 63 6 63 50.0% 40.0% 250.000 0.000 0.00 -4.90 0.00  1.99 0.00 497.00 0.0% | 1200.00    0.00 HI -50.00 -50.00
2026-09-27T09:12:40.971,DEMO,DEMO,DEMO_MODE,24f8f9829bf14f26914a962224c1ad3a,F1 :    500    3 0.10 -14.44 0.54 50.00  50.0  40.0,0.00 0.00 0.00 89.38 0.54 50.00 0.10 -14.44 6 63 6 63 50.0% 40.0% 250.000 0.000 0.00 -4.90 0.00  1.99 0.00 497.00 0.0% | 1200.00    0.00 HI -50.00 -50.00
2026-09-27T09:12:41.091,DEMO,DEMO,DEMO_MODE,24f8f9829bf14f26914a962224c1ad3a,F1 :    500    3 0.10 -14.44 0.54 50.00  50.0  40.0,0.00 0.00 0.00 89.38 0.54 50.00 0.10 -14.44 6 63 6 63 50.0% 40.0% 250.000 0.000 0.00 -4.90 0.00  1.99 0.00 497.00 0.0% | 1200.00    0.00 HI -50.00 -50.00
2026-09-27T09:12:41.217,DEMO,DEMO,DEMO_MODE,24f8f9829bf14f26914a962224c1ad3a,F1 :    500    3 0.10 -14.44 0.54 50.00  50.0  40.0,0.00 0.00 0.00 89.38 0.54 50.00 0.10 -14.44 6 63 6 63 50.0% 40.0% 250.000 0.000 0.00 -4.90 0.00  1.99 0.00 497.00 0.0% | 1200.00    0.00 HI -50.00 -50.00
2026-09-27T09:12:41.338,DEMO,DEMO,DEMO_MODE,24f8f9829bf14f26914a962224c1ad3a,F1 :    500    3 0.10 -14.44 0.54 50.00  50.0  40.0,0.00 0.00 0.00 89.38 0.54 50.00 0.10 -14.44 6 63 6 63 50.0% 40.0% 250.000 0.000 0.00 -4.90 0.00  1.99 0.00 497.00 0.0% | 1200.00    0.00 HI -50.00 -50.00
2026-09-27T09:12:41.466,DEMO,DEMO,DEMO_MODE,24f8f9829bf14f26914a962224c1ad3a,F1 :    500    3 0.10 -14.44 0.54 50.00  50.0  40.0,0.00 0.00 0.00 89.38 0.54 50.00 0.10 -14.44 6 63 6 63 50.0% 40.0% 250.000 0.000 0.00 -4.90 0.00  1.99 0.00 497.00 0.0% | 1200.00    0.00 HI -50.00 -50.00
2026-09-27T09:12:41.587,DEMO,DEMO,DEMO_MODE,24f8f9829bf14f26914a962224c1ad3a,F1 :    500    3 0.10 -14.44 0.54 50.00  50.0  40.0,0.00 0.00 0.00 89.38 0.54 50.00 0.10 -14.44 6 63 6 63 50.0% 40.0% 250.000 0.000 0.00 -4.90 0.00  1.99 0.00 497.00 0.0% | 1200.00    0.00 HI -50.00 -50.00
2026-09-27T09:12:41.713,DEMO,DEMO,DEMO_MODE,24f8f9829bf14f26914a962224c1ad3a,F1 :    500    3 0.10 -14.44 0.54 50.00  50.0  40.0,0.00 0.00 0.00 89.38 0.54 50.00 0.10 -14.44 6 63 6 63 50.0% 40.0% 250.000 0.000 0.00 -4.90 0.00  1.99 0.00 497.00 0.0% | 1200.00    0.00 HI -50.00 -50.00
2026-09-27T09:12:41.834,DEMO,DEMO,DEMO_MODE,24f8f9829bf14f26914a962224c1ad3a,F1 :    500    3 0.10 -14.44 0.54 50.00  50.0  40.0,0.00 0.00 0.00 89.38 0.54 50.00 0.10 -14.44 6 63 6 63 50.0% 40.0% 250.000 0.000 0.00 -4.90 0.00  1.99 0.00 497.00 0.0% | 1200.00    0.00 HI -50.00 -50.00
2026-09-27T09:12:41.961,DEMO,DEMO,DEMO_MODE,24f8f9829bf14f26914a962224c1ad3a,F1 :    500    3 0.10 -14.44 0.54 50.00  50.0  40.0,0.00 0.00 0.00 89.38 0.54 50.00 0.10 -14.44 6 63 6 63 50.0% 40.0% 250.000 0.000 0.00 -4.90 0.00  1.99 0.00 497.00 0.0% | 1200.00    0.00 HI -50.00 -50.00
2026-09-27T09:12:42.082,DEMO,DEMO,DEMO_MODE,24f8f9829bf14f26914a962224c1ad3a,F1 :    500    3 0.10 -14.44 0.54 50.00  50.0  40.0,0.00 0.00 0.00 89.38 0.54 50.00 0.10 -14.44 6 63 6 63 50.0% 40.0% 250.000 0.000 0.00 -4.90 0.00  1.99 0.00 497.00 0.0% | 1200.00    0.00 HI -50.00 -50.00
2026-09-27T09:12:42.208,DEMO,DEMO,DEMO_MODE,24f8f9829bf14f26914a962224c1ad3a,F1 :    500    3 0.10 -14.44 0.54 50.00  50.0  44.0,0.00 0.00 0.00 89.38 0.54 50.00 0.10 -14.44 6 63 6 63 50.0% 44.0% 250.000 0.000 0.00 -4.90 0.00  1.99 0.00 497.00 0.0% | 1200.00    0.00 HI -50.00 -50.00
2026-09-27T09:12:42.329,DEMO,DEMO,DEMO_MODE,24f8f9829bf14f26914a962224c1ad3a,F1 :    500    3 0.10 -14.44 0.54 50.00  50.0  44.0,0.00 0.00 0.00 89.38 0.54 50.00 0.10 -14.44 6 63 6 63 50.0% 44.0% 250.000 0.000 0.00 -4.90 0.00  1.99 0.00 497.00 0.0% | 1200.00    0.00 HI -50.00 -50.00
2026-09-27T09:12:42.455,DEMO,DEMO,DEMO_MODE,24f8f9829bf14f26914a962224c1ad3a,F1 :    500    3 0.10 -14.44 0.54 50.00  50.0  44.0,0.00 0.00 0.00 89.38 0.54 50.00 0.10 -14.44 6 63 6 63 50.0% 44.0% 250.000 0.000 0.00 -4.90 0.00  1.99 0.00 497.00 0.0% | 1200.00    0.00 HI -50.00 -50.00
2026-09-27T09:12:42.576,DEMO,DEMO,DEMO_MODE,24f8f9829bf14f26914a962224c1ad3a,F1 :    500    3 0.10 -14.44 0.54 50.00  50.0  44.0,0.00 0.00 0.00 89.38 0.54 50.00 0.10 -14.44 6 63 6 63 50.0% 44.0% 250.000 0.000 0.00 -4.90 0.00  1.99 0.00 497.00 0.0% | 1200.00    0.00 HI -50.00 -50.00
2026-09-27T09:12:42.701,DEMO,DEMO,DEMO_MODE,24f8f9829bf14f26914a962224c1ad3a,F1 :    500    3 0.10 -14.44 0.54 50.00  50.0  44.0,0.00 0.00 0.00 89.38 0.54 50.00 0.10 -14.44 6 63 6 63 50.0% 44.0% 250.000 0.000 0.00 -4.90 0.00  1.99 0.00 497.00 0.0% | 1200.00    0.00 HI -50.00 -50.00
2026-09-27T09:12:42.822,DEMO,DEMO,DEMO_MODE,24f8f9829bf14f26914a962224c1ad3a,F1 :    500    3 0.10 -14.44 0.54 50.00  50.0  44.0,0.00 0.00 0.00 89.38 0.54 50.00 0.10 -14.44 6 63 6 63 50.0% 44.0% 250.000 0.000 0.00 -4.90 0.00  1.99 0.00 497.00 0.0% | 1200.00    0.00 HI -50.00 -50.00
2026-09-27T09:12:42.947,DEMO,DEMO,DEMO_MODE,24f8f9829bf14f26914a962224c1ad3a,F1 :    500    3 0.10 -14.44 0.54 50.00  50.0  44.0,0.00 0.00 0.00 89.38 0.54 50.00 0.10 -14.44 6 63 6 63 50.0% 44.0% 250.000 0.000 0.00 -4.90 0.00  1.99 0.00 497.00 0.0% | 1200.00    0.00 HI -50.00 -50.00
2026-09-27T09:12:43.073,DEMO,DEMO,DEMO_MODE,24f8f9829bf14f26914a962224c1ad3a,F1 :    500    3 0.10 -14.44 0.54 50.00  50.0  44.0,0.00 0.00 0.00 89.38 0.54 50.00 0.10 -14.44 6 63 6 63 50.0% 44.0% 250.000 0.000 0.00 -4.90 0.00  1.99 0.00 497.00 0.0% | 1200.00    0.00 HI -50.00 -50.00
2026-09-27T09:12:43.198,DEMO,DEMO,DEMO_MODE,24f8f9829bf14f26914a962224c1ad3a,F1 :    500    3 0.10 -14.44 0.54 50.00  50.0  44.0,0.00 0.00 0.00 89.38 0.54 50.00 0.10 -14.44 6 63 6 63 50.0% 44.0% 250.000 0.000 0.00 -4.90 0.00  1.99 0.00 497.00 0.0% | 1200.00    0.00 HI -50.00 -50.00
2026-09-27T09:12:43.319,DEMO,DEMO,DEMO_MODE,24f8f9829bf14f26914a962224c1ad3a,F1 :    500    3 0.10 -14.44 0.54 50.00  50.0  44.0,0.00 0.00 0.00 89.38 0.54 50.00 0.10 -14.44 6 63 6 63 50.0% 44.0% 250.000 0.000 0.00 -4.90 0.00  1.99 0.00 497.00 0.0% | 1200.00    0.00 HI -50.00 -50.00
2026-09-27T09:12:43.445,DEMO,DEMO,DEMO_MODE,24f8f9829bf14f26914a962224c1ad3a,F1 :    500    3 0.10 -14.44 0.54 50.00  50.0  44.0,0.00 0.00 0.00 89.38 0.54 50.00 0.10 -14.44 6 63 6 63 50.0% 44.0% 250.000 0.000 0.00 -4.90 0.00  1.99 0.00 497.00 0.0% | 1200.00    0.00 HI -50.00 -50.00
2026-09-27T09:12:43.566,DEMO,DEMO,DEMO_MODE,24f8f9829bf14f26914a962224c1ad3a,F1 :    500    3 0.10 -14.44 0.54 50.00  50.0  44.0,0.00 0.00 0.00 89.38 0.54 50.00 0.10 -14.44 6 63 6 63 50.0% 44.0% 250.000 0.000 0.00 -4.90 0.00  1.99 0.00 497.00 0.0% | 1200.00    0.00 HI -50.00 -50.00
2026-09-27T09:12:43.691,DEMO,DEMO,DEMO_MODE,24f8f9829bf14f26914a962224c1ad3a,F1 :    500    3 0.10 -14.44 0.54 50.00  50.0  44.0,0.00 0.00 0.00 89.38 0.54 50.00 0.10 -14.44 6 63 6 63 50.0% 44.0% 250.000 0.000 0.00 -4.90 0.00  1.99 0.00 497.00 0.0% | 1200.00    0.00 HI -50.00 -50.00
2026-09-27T09:12:43.812,DEMO,DEMO,DEMO_MODE,24f8f9829bf14f26914a962224c1ad3a,F1 :    500    3 0.10 -14.44 0.54 50.00  50.0  44.0,0.00 0.00 0.00 89.38 0.54 50.00 0.10 -14.44 6 63 6 63 50.0% 44.0% 250.000 0.000 0.00 -4.90 0.00  1.99 0.00 497.00 0.0% | 1200.00    0.00 HI -50.00 -50.00
2026-09-27T09:12:43.938,DEMO,DEMO,DEMO_MODE,24f8f9829bf14f26914a962224c1ad3a,F1 :    500    3 0.10 -14.44 0.54 50.00  50.0  44.0,0.00 0.00 0.00 89.38 0.54 50.00 0.10 -14.44 6 63 6 63 50.0% 44.0% 250.000 0.000 0.00 -4.90 0.00  1.99 0.00 497.00 0.0% | 1200.00    0.00 HI -50.00 -50.00
2026-09-27T09:12:44.059,DEMO,DEMO,DEMO_MODE,24f8f9829bf14f26914a962224c1ad3a,F1 :    500    3 0.10 -14.44 0.54 50.00  50.0  44.0,0.00 0.00 0.00 89.38 0.54 50.00 0.10 -14.44 6 63 6 63 50.0% 44.0% 250.000 0.000 0.00 -4.90 0.00  1.99 0.00 497.00 0.0% | 1200.00    0.00 HI -50.00 -50.00
2026-09-27T09:12:44.185,DEMO,DEMO,DEMO_MODE,24f8f9829bf14f26914a962224c1ad3a,F1 :    500    3 0.10 -14.44 0.54 50.00  50.0  44.0,0.00 0.00 0.00 89.38 0.54 50.00 0.10 -14.44 6 63 6 63 50.0% 44.0% 250.000 0.000 0.00 -4.90 0.00  1.99 0.00 497.00 0.0% | 1200.00    0.00 HI -50.00 -50.00
2026-09-27T09:12:44.306,DEMO,DEMO,DEMO_MODE,24f8f9829bf14f26914a962224c1ad3a,F1 :    500    3 0.10 -14.44 0.54 50.00  50.0  44.0,0.00 0.00 0.00 89.38 0.54 50.00 0.10 -14.44 6 63 6 63 50.0% 44.0% 250.000 0.000 0.00 -4.90 0.00  1.99 0.00 497.00 0.0% | 1200.00    0.00 HI -50.00 -50.00
2026-09-27T09:12:44.431,DEMO,DEMO,DEMO_MODE,24f8f9829bf14f26914a962224c1ad3a,F1 :    500    3 0.10 -14.44 0.54 50.00  50.0  44.0,0.00 0.00 0.00 89.38 0.54 50.00 0.10 -14.44 6 63 6 63 50.0% 44.0% 250.000 0.000 0.00 -4.90 0.00  1.99 0.00 497.00 0.0% | 1200.00    0.00 HI -50.00 -50.00
2026-09-27T09:12:44.552,DEMO,DEMO,DEMO_MODE,24f8f9829bf14f26914a962224c1ad3a,F1 :    500    3 0.10 -14.44 0.54 50.00  50.0  44.0,0.00 0.00 0.00 89.38 0.54 50.00 0.10 -14.44 6 63 6 63 50.0% 44.0% 250.000 0.000 0.00 -4.90 0.00  1.99 0.00 497.00 0.0% | 1200.00    0.00 HI -50.00 -50.00
2026-09-27T09:12:44.678,DEMO,DEMO,DEMO_MODE,24f8f9829bf14f26914a962224c1ad3a,F1 :    500    3 0.10 -14.44 0.54 50.00  50.0  44.0,0.00 0.00 0.00 89.38 0.54 50.00 0.10 -14.44 6 63 6 63 50.0% 44.0% 250.000 0.000 0.00 -4.90 0.00  1.99 0.00 497.00 0.0% | 1200.00    0.00 HI -50.00 -50.00
2026-09-27T09:12:44.798,DEMO,DEMO,DEMO_MODE,24f8f9829bf14f26914a962224c1ad3a,F1 :    500    3 0.10 -14.44 0.54 50.00  50.0  44.0,0.00 0.00 0.00 89.38 0.54 50.00 0.10 -14.44 6 63 6 63 50.0% 44.0% 250.000 0.000 0.00 -4.90 0.00  1.99 0.00 497.00 0.0% | 1200.00    0.00 HI -50.00 -50.00
2026-09-27T09:12:44.924,DEMO,DEMO,DEMO_MODE,24f8f9829bf14f26914a962224c1ad3a,F1 :    500    3 0.10 -14.44 0.54 50.00  50.0  44.0,0.00 0.00 0.00 89.38 0.54 50.00 0.10 -14.44 6 63 6 63 50.0% 44.0% 250.000 0.000 0.00 -4.90 0.00  1.99 0.00 497.00 0.0% | 1200.00    0.00 HI -50.00 -50.00
2026-09-27T09:12:45.045,DEMO,DEMO,DEMO_MODE,24f8f9829bf14f26914a962224c1ad3a,F1 :    500    3 0.10 -14.44 0.54 50.00  50.0  44.0,0.00 0.00 0.00 89.38 0.54 50.00 0.10 -14.44 6 63 6 63 50.0% 44.0% 250.000 0.000 0.00 -4.90 0.00  1.99 0.00 497.00 0.0% | 1200.00    0.00 HI -50.00 -50.00
2026-09-27T09:12:45.171,DEMO,DEMO,DEMO_MODE,24f8f9829bf14f26914a962224c1ad3a,F1 :    500    3 0.10 -14.44 0.54 50.00  50.0  44.0,0.00 0.00 0.00 89.38 0.54 50.00 0.10 -14.44 6 63 6 63 50.0% 44.0% 250.000 0.000 0.00 -4.90 0.00  1.99 0.00 497.00 0.0% | 1200.00    0.00 HI -50.00 -50.00
2026-09-27T09:12:45.292,DEMO,DEMO,DEMO_MODE,24f8f9829bf14f26914a962224c1ad3a,F1 :    500    3 0.10 -14.44 0.54 50.00  50.0  44.0,0.00 0.00 0.00 89.38 0.54 50.00 0.10 -14.44 6 63 6 63 50.0% 44.0% 250.000 0.000 0.00 -4.90 0.00  1.99 0.00 497.00 0.0% | 1200.00    0.00 HI -50.00 -50.00
2026-09-27T09:12:45.418,DEMO,DEMO,DEMO_MODE,24f8f9829bf14f26914a962224c1ad3a,F1 :    500    3 0.10 -14.44 0.54 50.00  50.0  44.0,0.00 0.00 0.00 89.38 0.54 50.00 0.10 -14.44 6 63 6 63 50.0% 44.0% 250.000 0.000 0.00 -4.90 0.00  1.99 0.00 497.00 0.0% | 1200.00    0.00 HI -50.00 -50.00
2026-09-27T09:12:45.538,DEMO,DEMO,DEMO_MODE,24f8f9829bf14f26914a962224c1ad3a,F1 :    500    3 0.10 -14.44 0.54 50.00  50.0  44.0,0.00 0.00 0.00 89.38 0.54 50.00 0.10 -14.44 6 63 6 63 50.0% 44.0% 250.000 0.000 0.00 -4.90 0.00  1.99 0.00 497.00 0.0% | 1200.00    0.00 HI -50.00 -50.00
2026-09-27T09:12:45.659,DEMO,DEMO,DEMO_MODE,24f8f9829bf14f26914a962224c1ad3a,F1 :    500    3 0.10 -14.44 0.54 50.00  50.0  44.0,0.00 0.00 0.00 89.38 0.54 50.00 0.10 -14.44 6 63 6 63 50.0% 44.0% 250.000 0.000 0.00 -4.90 0.00  1.99 0.00 497.00 0.0% | 1200.00    0.00 HI -50.00 -50.00
2026-09-27T09:12:45.779,DEMO,DEMO,DEMO_MODE,24f8f9829bf14f26914a962224c1ad3a,F1 :    500    3 0.10 -14.44 0.54 50.00  50.0  44.0,0.00 0.00 0.00 89.38 0.54 50.00 0.10 -14.44 6 63 6 63 50.0% 44.0% 250.000 0.000 0.00 -4.90 0.00  1.99 0.00 497.00 0.0% | 1200.00    0.00 HI -50.00 -50.00
2026-09-27T09:12:45.901,DEMO,DEMO,DEMO_MODE,24f8f9829bf14f26914a962224c1ad3a,F1 :    500    3 0.10 -14.44 0.54 50.00  50.0  44.0,0.00 0.00 0.00 89.38 0.54 50.00 0.10 -14.44 6 63 6 63 50.0% 44.0% 250.000 0.000 0.00 -4.90 0.00  1.99 0.00 497.00 0.0% | 1200.00    0.00 HI -50.00 -50.00
2026-09-27T09:12:46.021,DEMO,DEMO,DEMO_MODE,24f8f9829bf14f26914a962224c1ad3a,F1 :    500    3 0.10 -14.44 0.54 50.00  50.0  44.0,0.00 0.00 0.00 89.38 0.54 50.00 0.10 -14.44 6 63 6 63 50.0% 44.0% 250.000 0.000 0.00 -4.90 0.00  1.99 0.00 497.00 0.0% | 1200.00    0.00 HI -50.00 -50.00
2026-09-27T09:12:46.142,DEMO,DEMO,DEMO_MODE,24f8f9829bf14f26914a962224c1ad3a,F1 :    500    3 0.10 -14.44 0.54 50.00  50.0  44.0,0.00 0.00 0.00 89.38 0.54 50.00 0.10 -14.44 6 63 6 63 50.0% 44.0% 250.000 0.000 0.00 -4.90 0.00  1.99 0.00 497.00 0.0% | 1200.00    0.00 HI -50.00 -50.00
2026-09-27T09:12:46.263,DEMO,DEMO,DEMO_MODE,24f8f9829bf14f26914a962224c1ad3a,F1 :    500    3 0.10 -14.44 0.54 50.00  50.0  44.0,0.00 0.00 0.00 89.38 0.54 50.00 0.10 -14.44 6 63 6 63 50.0% 44.0% 250.000 0.000 0.00 -4.90 0.00  1.99 0.00 497.00 0.0% | 1200.00    0.00 HI -50.00 -50.00
2026-09-27T09:12:46.384,DEMO,DEMO,DEMO_MODE,24f8f9829bf14f26914a962224c1ad3a,F1 :    500    3 0.10 -14.44 0.54 50.00  50.0  44.0,0.00 0.00 0.00 89.38 0.54 50.00 0.10 -14.44 6 63 6 63 50.0% 44.0% 250.000 0.000 0.00 -4.90 0.00  1.99 0.00 497.00 0.0% | 1200.00    0.00 HI -50.00 -50.00
2026-09-27T09:12:46.505,DEMO,DEMO,DEMO_MODE,24f8f9829bf14f26914a962224c1ad3a,F1 :    500    3 0.10 -14.44 0.54 50.00  50.0  44.0,0.00 0.00 0.00 89.38 0.54 50.00 0.10 -14.44 6 63 6 63 50.0% 44.0% 250.000 0.000 0.00 -4.90 0.00  1.99 0.00 497.00 0.0% | 1200.00    0.00 HI -50.00 -50.00
2026-09-27T09:12:46.626,DEMO,DEMO,DEMO_MODE,24f8f9829bf14f26914a962224c1ad3a,F1 :    500    3 0.10 -14.44 0.54 50.00  50.0  44.0,0.00 0.00 0.00 89.38 0.54 50.00 0.10 -14.44 6 63 6 63 50.0% 44.0% 250.000 0.000 0.00 -4.90 0.00  1.99 0.00 497.00 0.0% | 1200.00    0.00 HI -50.00 -50.00
2026-09-27T09:12:46.746,DEMO,DEMO,DEMO_MODE,24f8f9829bf14f26914a962224c1ad3a,F1 :    500    3 0.10 -14.44 0.54 50.00  50.0  44.0,0.00 0.00 0.00 89.38 0.54 50.00 0.10 -14.44 6 63 6 63 50.0% 44.0% 250.000 0.000 0.00 -4.90 0.00  1.99 0.00 497.00 0.0% | 1200.00    0.00 HI -50.00 -50.00
2026-09-27T09:12:46.867,DEMO,DEMO,DEMO_MODE,24f8f9829bf14f26914a962224c1ad3a,F1 :    500    3 0.10 -14.44 0.54 50.00  50.0  44.0,0.00 0.00 0.00 89.38 0.54 50.00 0.10 -14.44 6 63 6 63 50.0% 44.0% 250.000 0.000 0.00 -4.90 0.00  1.99 0.00 497.00 0.0% | 1200.00    0.00 HI -50.00 -50.00
2026-09-27T09:12:46.987,DEMO,DEMO,DEMO_MODE,24f8f9829bf14f26914a962224c1ad3a,F1 :    500    3 0.10 -14.44 0.54 50.00  50.0  44.0,0.00 0.00 0.00 89.38 0.54 50.00 0.10 -14.44 6 63 6 63 50.0% 44.0% 250.000 0.000 0.00 -4.90 0.00  1.99 0.00 497.00 0.0% | 1200.00    0.00 HI -50.00 -50.00
2026-09-27T09:12:47.108,DEMO,DEMO,DEMO_MODE,24f8f9829bf14f26914a962224c1ad3a,F1 :    500    3 0.10 -14.44 0.54 50.00  50.0  44.0,0.00 0.00 0.00 89.38 0.54 50.00 0.10 -14.44 6 63 6 63 50.0% 44.0% 250.000 0.000 0.00 -4.90 0.00  1.99 0.00 497.00 0.0% | 1200.00    0.00 HI -50.00 -50.00
2026-09-27T09:12:47.229,DEMO,DEMO,DEMO_MODE,24f8f9829bf14f26914a962224c1ad3a,F1 :    500    3 0.10 -14.44 0.54 50.00  50.0  44.0,0.00 0.00 0.00 89.38 0.54 50.00 0.10 -14.44 6 63 6 63 50.0% 44.0% 250.000 0.000 0.00 -4.90 0.00  1.99 0.00 497.00 0.0% | 1200.00    0.00 HI -50.00 -50.00
2026-09-27T09:12:47.350,DEMO,DEMO,DEMO_MODE,24f8f9829bf14f26914a962224c1ad3a,F1 :    600    3 0.10 -14.44 0.54 50.00  60.0  48.0,0.00 0.00 0.00 89.38 0.54 50.00 0.10 -14.44 6 63 6 63 60.0% 48.0% 300.000 0.000 0.00 -4.90 0.00  1.99 0.00 597.00 0.0% | 1200.00   10.00 HI -50.00 -50.00
2026-09-27T09:12:47.475,DEMO,DEMO,DEMO_MODE,24f8f9829bf14f26914a962224c1ad3a,F1 :    600    3 0.10 -14.44 0.54 50.00  60.0  48.0,0.00 0.00 0.00 89.38 0.54 50.00 0.10 -14.44 6 63 6 63 60.0% 48.0% 300.000 0.000 0.00 -4.90 0.00  1.99 0.00 597.00 0.0% | 1200.00   10.00 HI -50.00 -50.00
2026-09-27T09:12:47.596,DEMO,DEMO,DEMO_MODE,24f8f9829bf14f26914a962224c1ad3a,F1 :    600    3 0.10 -14.44 0.54 50.00  60.0  48.0,0.00 0.00 0.00 89.38 0.54 50.00 0.10 -14.44 6 63 6 63 60.0% 48.0% 300.000 0.000 0.00 -4.90 0.00  1.99 0.00 597.00 0.0% | 1200.00   10.00 HI -50.00 -50.00
2026-09-27T09:12:47.722,DEMO,DEMO,DEMO_MODE,24f8f9829bf14f26914a962224c1ad3a,F1 :    600    3 0.10 -14.44 0.54 50.00  60.0  48.0,0.00 0.00 0.00 89.38 0.54 50.00 0.10 -14.44 6 63 6 63 60.0% 48.0% 300.000 0.000 0.00 -4.90 0.00  1.99 0.00 597.00 0.0% | 1200.00   10.00 HI -50.00 -50.00
2026-09-27T09:12:47.843,DEMO,DEMO,DEMO_MODE,24f8f9829bf14f26914a962224c1ad3a,F1 :    600    3 0.10 -14.44 0.54 50.00  60.0  48.0,0.00 0.00 0.00 89.38 0.54 50.00 0.10 -14.44 6 63 6 63 60.0% 48.0% 300.000 0.000 0.00 -4.90 0.00  1.99 0.00 597.00 0.0% | 1200.00   10.00 HI -50.00 -50.00
2026-09-27T09:12:47.969,DEMO,DEMO,DEMO_MODE,24f8f9829bf14f26914a962224c1ad3a,F1 :    600    3 0.10 -14.44 0.54 50.00  60.0  48.0,0.00 0.00 0.00 89.38 0.54 50.00 0.10 -14.44 6 63 6 63 60.0% 48.0% 300.000 0.000 0.00 -4.90 0.00  1.99 0.00 597.00 0.0% | 1200.00   10.00 HI -50.00 -50.00
2026-09-27T09:12:48.089,DEMO,DEMO,DEMO_MODE,24f8f9829bf14f26914a962224c1ad3a,F1 :    600    3 0.10 -14.44 0.54 50.00  60.0  48.0,0.00 0.00 0.00 89.38 0.54 50.00 0.10 -14.44 6 63 6 63 60.0% 48.0% 300.000 0.000 0.00 -4.90 0.00  1.99 0.00 597.00 0.0% | 1200.00   10.00 HI -50.00 -50.00
2026-09-27T09:12:48.216,DEMO,DEMO,DEMO_MODE,24f8f9829bf14f26914a962224c1ad3a,F1 :    600    3 0.10 -14.44 0.54 50.00  60.0  48.0,0.00 0.00 0.00 89.38 0.54 50.00 0.10 -14.44 6 63 6 63 60.0% 48.0% 300.000 0.000 0.00 -4.90 0.00  1.99 0.00 597.00 0.0% | 1200.00   10.00 HI -50.00 -50.00
2026-09-27T09:12:48.336,DEMO,DEMO,DEMO_MODE,24f8f9829bf14f26914a962224c1ad3a,F1 :    600    4 0.10 -14.44 0.54 50.00  60.0  48.0,0.00 0.00 0.00 89.38 0.54 50.00 0.10 -14.44 6 63 6 63 60.0% 48.0% 300.000 0.000 0.00 -4.90 0.00  1.99 0.00 596.00 0.0% | 1200.00   10.00 HI -50.00 -50.00
2026-09-27T09:12:48.463,DEMO,DEMO,DEMO_MODE,24f8f9829bf14f26914a962224c1ad3a,F1 :    600    4 0.10 -14.44 0.54 50.00  60.0  48.0,0.00 0.00 0.00 89.38 0.54 50.00 0.10 -14.44 6 63 6 63 60.0% 48.0% 300.000 0.000 0.00 -4.90 0.00  1.99 0.00 596.00 0.0% | 1200.00   10.00 HI -50.00 -50.00
2026-09-27T09:12:48.583,DEMO,DEMO,DEMO_MODE,24f8f9829bf14f26914a962224c1ad3a,F1 :    600    4 0.10 -14.44 0.54 50.00  60.0  48.0,0.00 0.00 0.00 89.38 0.54 50.00 0.10 -14.44 6 63 6 63 60.0% 48.0% 300.000 0.000 0.00 -4.90 0.00  1.99 0.00 596.00 0.0% | 1200.00   10.00 HI -50.00 -50.00
2026-09-27T09:12:48.709,DEMO,DEMO,DEMO_MODE,24f8f9829bf14f26914a962224c1ad3a,F1 :    600    4 0.10 -14.44 0.54 50.00  60.0  48.0,0.00 0.00 0.00 89.38 0.54 50.00 0.10 -14.44 6 63 6 63 60.0% 48.0% 300.000 0.000 0.00 -4.90 0.00  1.99 0.00 596.00 0.0% | 1200.00   10.00 HI -50.00 -50.00
2026-09-27T09:12:48.830,DEMO,DEMO,DEMO_MODE,24f8f9829bf14f26914a962224c1ad3a,F1 :    600    4 0.10 -14.44 0.54 50.00  60.0  48.0,0.00 0.00 0.00 89.38 0.54 50.00 0.10 -14.44 6 63 6 63 60.0% 48.0% 300.000 0.000 0.00 -4.90 0.00  1.99 0.00 596.00 0.0% | 1200.00   10.00 HI -50.00 -50.00
2026-09-27T09:12:48.956,DEMO,DEMO,DEMO_MODE,24f8f9829bf14f26914a962224c1ad3a,F1 :    600    4 0.10 -14.44 0.54 50.00  60.0  48.0,0.00 0.00 0.00 89.38 0.54 50.00 0.10 -14.44 6 63 6 63 60.0% 48.0% 300.000 0.000 0.00 -4.90 0.00  1.99 0.00 596.00 0.0% | 1200.00   10.00 HI -50.00 -50.00
2026-09-27T09:12:49.077,DEMO,DEMO,DEMO_MODE,24f8f9829bf14f26914a962224c1ad3a,F1 :    600    4 0.10 -14.44 0.54 50.00  60.0  48.0,0.00 0.00 0.00 89.38 0.54 50.00 0.10 -14.44 6 63 6 63 60.0% 48.0% 300.000 0.000 0.00 -4.90 0.00  1.99 0.00 596.00 0.0% | 1200.00   10.00 HI -50.00 -50.00
2026-09-27T09:12:49.203,DEMO,DEMO,DEMO_MODE,24f8f9829bf14f26914a962224c1ad3a,F1 :    600    4 0.10 -14.44 0.54 50.00  60.0  48.0,0.00 0.00 0.00 89.38 0.54 50.00 0.10 -14.44 6 63 6 63 60.0% 48.0% 300.000 0.000 0.00 -4.90 0.00  1.99 0.00 596.00 0.0% | 1200.00   10.00 HI -50.00 -50.00
2026-09-27T09:12:49.324,DEMO,DEMO,DEMO_MODE,24f8f9829bf14f26914a962224c1ad3a,F1 :    600    4 0.10 -14.44 0.54 50.00  60.0  48.0,0.00 0.00 0.00 89.38 0.54 50.00 0.10 -14.44 6 63 6 63 60.0% 48.0% 300.000 0.000 0.00 -4.90 0.00  1.99 0.00 596.00 0.0% | 1200.00   10.00 HI -50.00 -50.00
2026-09-27T09:12:49.450,DEMO,DEMO,DEMO_MODE,24f8f9829bf14f26914a962224c1ad3a,F1 :    600    4 0.10 -14.44 0.54 50.00  60.0  48.0,0.00 0.00 0.00 89.38 0.54 50.00 0.10 -14.44 6 63 6 63 60.0% 48.0% 300.000 0.000 0.00 -4.90 0.00  1.99 0.00 596.00 0.0% | 1200.00   10.00 HI -50.00 -50.00
2026-09-27T09:12:49.576,DEMO,DEMO,DEMO_MODE,24f8f9829bf14f26914a962224c1ad3a,F1 :    600    4 0.10 -14.44 0.54 50.00  60.0  48.0,0.00 0.00 0.00 89.38 0.54 50.00 0.10 -14.44 6 63 6 63 60.0% 48.0% 300.000 0.000 0.00 -4.90 0.00  1.99 0.00 596.00 0.0% | 1200.00   10.00 HI -50.00 -50.00
2026-09-27T09:12:49.703,DEMO,DEMO,DEMO_MODE,24f8f9829bf14f26914a962224c1ad3a,F1 :    600    4 0.10 -14.44 0.54 50.00  60.0  48.0,0.00 0.00 0.00 89.38 0.54 50.00 0.10 -14.44 6 63 6 63 60.0% 48.0% 300.000 0.000 0.00 -4.90 0.00  1.99 0.00 596.00 0.0% | 1200.00   10.00 HI -50.00 -50.00
2026-09-27T09:12:49.835,DEMO,DEMO,DEMO_MODE,24f8f9829bf14f26914a962224c1ad3a,F1 :    600    4 0.10 -14.44 0.54 50.00  60.0  48.0,0.00 0.00 0.00 89.38 0.54 50.00 0.10 -14.44 6 63 6 63 60.0% 48.0% 300.000 0.000 0.00 -4.90 0.00  1.99 0.00 596.00 0.0% | 1200.00   10.00 HI -50.00 -50.00
2026-09-27T09:12:49.961,DEMO,DEMO,DEMO_MODE,24f8f9829bf14f26914a962224c1ad3a,F1 :    600    4 0.10 -14.44 0.54 50.00  60.0  48.0,0.00 0.00 0.00 89.38 0.54 50.00 0.10 -14.44 6 63 6 63 60.0% 48.0% 300.000 0.000 0.00 -4.90 0.00  1.99 0.00 596.00 0.0% | 1200.00   10.00 HI -50.00 -50.00
2026-09-27T09:12:50.093,DEMO,DEMO,DEMO_MODE,24f8f9829bf14f26914a962224c1ad3a,F1 :    600    4 0.10 -14.44 0.54 50.00  60.0  48.0,0.00 0.00 0.00 89.38 0.54 50.00 0.10 -14.44 6 63 6 63 60.0% 48.0% 300.000 0.000 0.00 -4.90 0.00  1.99 0.00 596.00 0.0% | 1200.00   10.00 HI -50.00 -50.00
2026-09-27T09:12:50.219,DEMO,DEMO,DEMO_MODE,24f8f9829bf14f26914a962224c1ad3a,F1 :    600    4 0.10 -14.44 0.54 50.00  60.0  48.0,0.00 0.00 0.00 89.38 0.54 50.00 0.10 -14.44 6 63 6 63 60.0% 48.0% 300.000 0.000 0.00 -4.90 0.00  1.99 0.00 596.00 0.0% | 1200.00   10.00 HI -50.00 -50.00
2026-09-27T09:12:50.340,DEMO,DEMO,DEMO_MODE,24f8f9829bf14f26914a962224c1ad3a,F1 :    600    4 0.10 -14.44 0.54 50.00  60.0  48.0,0.00 0.00 0.00 89.38 0.54 50.00 0.10 -14.44 6 63 6 63 60.0% 48.0% 300.000 0.000 0.00 -4.90 0.00  1.99 0.00 596.00 0.0% | 1200.00   10.00 HI -50.00 -50.00
2026-09-27T09:12:50.467,DEMO,DEMO,DEMO_MODE,24f8f9829bf14f26914a962224c1ad3a,F1 :    600    4 0.10 -14.44 0.54 50.00  60.0  48.0,0.00 0.00 0.00 89.38 0.54 50.00 0.10 -14.44 6 63 6 63 60.0% 48.0% 300.000 0.000 0.00 -4.90 0.00  1.99 0.00 596.00 0.0% | 1200.00   10.00 HI -50.00 -50.00
2026-09-27T09:12:50.588,DEMO,DEMO,DEMO_MODE,24f8f9829bf14f26914a962224c1ad3a,F1 :    600    4 0.10 -14.44 0.54 50.00  60.0  48.0,0.00 0.00 0.00 89.38 0.54 50.00 0.10 -14.44 6 63 6 63 60.0% 48.0% 300.000 0.000 0.00 -4.90 0.00  1.99 0.00 596.00 0.0% | 1200.00   10.00 HI -50.00 -50.00
2026-09-27T09:12:50.714,DEMO,DEMO,DEMO_MODE,24f8f9829bf14f26914a962224c1ad3a,F1 :    600    4 0.10 -14.44 0.54 50.00  60.0  48.0,0.00 0.00 0.00 89.38 0.54 50.00 0.10 -14.44 6 63 6 63 60.0% 48.0% 300.000 0.000 0.00 -4.90 0.00  1.99 0.00 596.00 0.0% | 1200.00   10.00 HI -50.00 -50.00
2026-09-27T09:12:50.835,DEMO,DEMO,DEMO_MODE,24f8f9829bf14f26914a962224c1ad3a,F1 :    600    4 0.10 -14.44 0.54 50.00  60.0  48.0,0.00 0.00 0.00 89.38 0.54 50.00 0.10 -14.44 6 63 6 63 60.0% 48.0% 300.000 0.000 0.00 -4.90 0.00  1.99 0.00 596.00 0.0% | 1200.00   10.00 HI -50.00 -50.00
2026-09-27T09:12:50.962,DEMO,DEMO,DEMO_MODE,24f8f9829bf14f26914a962224c1ad3a,F1 :    600    4 0.10 -14.44 0.54 50.00  60.0  48.0,0.00 0.00 0.00 89.38 0.54 50.00 0.10 -14.44 6 63 6 63 60.0% 48.0% 300.000 0.000 0.00 -4.90 0.00  1.99 0.00 596.00 0.0% | 1200.00   10.00 HI -50.00 -50.00
2026-09-27T09:12:51.083,DEMO,DEMO,DEMO_MODE,24f8f9829bf14f26914a962224c1ad3a,F1 :    600    4 0.10 -14.44 0.54 50.00  60.0  48.0,0.00 0.00 0.00 89.38 0.54 50.00 0.10 -14.44 6 63 6 63 60.0% 48.0% 300.000 0.000 0.00 -4.90 0.00  1.99 0.00 596.00 0.0% | 1200.00   10.00 HI -50.00 -50.00
2026-09-27T09:12:51.209,DEMO,DEMO,DEMO_MODE,24f8f9829bf14f26914a962224c1ad3a,F1 :    600    4 0.10 -14.44 0.54 50.00  60.0  48.0,0.00 0.00 0.00 89.38 0.54 50.00 0.10 -14.44 6 63 6 63 60.0% 48.0% 300.000 0.000 0.00 -4.90 0.00  1.99 0.00 596.00 0.0% | 1200.00   10.00 HI -50.00 -50.00
2026-09-27T09:12:51.330,DEMO,DEMO,DEMO_MODE,24f8f9829bf14f26914a962224c1ad3a,F1 :    600    4 0.10 -14.44 0.54 50.00  60.0  48.0,0.00 0.00 0.00 89.38 0.54 50.00 0.10 -14.44 6 63 6 63 60.0% 48.0% 300.000 0.000 0.00 -4.90 0.00  1.99 0.00 596.00 0.0% | 1200.00   10.00 HI -50.00 -50.00
2026-09-27T09:12:51.456,DEMO,DEMO,DEMO_MODE,24f8f9829bf14f26914a962224c1ad3a,F1 :    600    4 0.10 -14.44 0.54 50.00  60.0  48.0,0.00 0.00 0.00 89.38 0.54 50.00 0.10 -14.44 6 63 6 63 60.0% 48.0% 300.000 0.000 0.00 -4.90 0.00  1.99 0.00 596.00 0.0% | 1200.00   10.00 HI -50.00 -50.00
2026-09-27T09:12:51.577,DEMO,DEMO,DEMO_MODE,24f8f9829bf14f26914a962224c1ad3a,F1 :    600    4 0.10 -14.44 0.54 50.00  60.0  48.0,0.00 0.00 0.00 89.38 0.54 50.00 0.10 -14.44 6 63 6 63 60.0% 48.0% 300.000 0.000 0.00 -4.90 0.00  1.99 0.00 596.00 0.0% | 1200.00   10.00 HI -50.00 -50.00
2026-09-27T09:12:51.704,DEMO,DEMO,DEMO_MODE,24f8f9829bf14f26914a962224c1ad3a,F1 :    600    4 0.10 -14.44 0.54 50.00  60.0  48.0,0.00 0.00 0.00 89.38 0.54 50.00 0.10 -14.44 6 63 6 63 60.0% 48.0% 300.000 0.000 0.00 -4.90 0.00  1.99 0.00 596.00 0.0% | 1200.00   10.00 HI -50.00 -50.00
2026-09-27T09:12:51.825,DEMO,DEMO,DEMO_MODE,24f8f9829bf14f26914a962224c1ad3a,F1 :    600    4 0.10 -14.44 0.54 50.00  60.0  48.0,0.00 0.00 0.00 89.38 0.54 50.00 0.10 -14.44 6 63 6 63 60.0% 48.0% 300.000 0.000 0.00 -4.90 0.00  1.99 0.00 596.00 0.0% | 1200.00   10.00 HI -50.00 -50.00
2026-09-27T09:12:51.950,DEMO,DEMO,DEMO_MODE,24f8f9829bf14f26914a962224c1ad3a,F1 :    600    4 0.10 -14.44 0.54 50.00  60.0  48.0,0.00 0.00 0.00 89.38 0.54 50.00 0.10 -14.44 6 63 6 63 60.0% 48.0% 300.000 0.000 0.00 -4.90 0.00  1.99 0.00 596.00 0.0% | 1200.00   10.00 HI -50.00 -50.00
2026-09-27T09:12:52.071,DEMO,DEMO,DEMO_MODE,24f8f9829bf14f26914a962224c1ad3a,F1 :    600    4 0.10 -14.44 0.54 50.00  60.0  48.0,0.00 0.00 0.00 89.38 0.54 50.00 0.10 -14.44 6 63 6 63 60.0% 48.0% 300.000 0.000 0.00 -4.90 0.00  1.99 0.00 596.00 0.0% | 1200.00   10.00 HI -50.00 -50.00
2026-09-27T09:12:52.197,DEMO,DEMO,DEMO_MODE,24f8f9829bf14f26914a962224c1ad3a,F1 :    600    4 0.10 -14.44 0.54 50.00  60.0  48.0,0.00 0.00 0.00 89.38 0.54 50.00 0.10 -14.44 6 63 6 63 60.0% 48.0% 300.000 0.000 0.00 -4.90 0.00  1.99 0.00 596.00 0.0% | 1200.00   10.00 HI -50.00 -50.00
2026-09-27T09:12:52.318,DEMO,DEMO,DEMO_MODE,24f8f9829bf14f26914a962224c1ad3a,F1 :    600    4 0.10 -14.44 0.54 50.00  60.0  48.0,0.00 0.00 0.00 89.38 0.54 50.00 0.10 -14.44 6 63 6 63 60.0% 48.0% 300.000 0.000 0.00 -4.90 0.00  1.99 0.00 596.00 0.0% | 1200.00   10.00 HI -50.00 -50.00
2026-09-27T09:12:52.444,DEMO,DEMO,DEMO_MODE,24f8f9829bf14f26914a962224c1ad3a,F1 :    600    4 0.10 -14.44 0.54 50.00  60.0  48.0,0.00 0.00 0.00 89.38 0.54 50.00 0.10 -14.44 6 63 6 63 60.0% 48.0% 300.000 0.000 0.00 -4.90 0.00  1.99 0.00 596.00 0.0% | 1200.00   10.00 HI -50.00 -50.00
2026-09-27T09:12:52.570,DEMO,DEMO,DEMO_MODE,24f8f9829bf14f26914a962224c1ad3a,F1 :    600    4 0.10 -14.44 0.54 50.00  60.0  52.0,0.00 0.00 0.00 89.38 0.54 50.00 0.10 -14.44 6 63 6 63 60.0% 52.0% 300.000 0.000 0.00 -4.90 0.00  1.99 0.00 596.00 0.0% | 1200.00   10.00 HI -50.00 -50.00
2026-09-27T09:12:52.695,DEMO,DEMO,DEMO_MODE,24f8f9829bf14f26914a962224c1ad3a,F1 :    600    4 0.10 -14.44 0.54 50.00  60.0  52.0,0.00 0.00 0.00 89.38 0.54 50.00 0.10 -14.44 6 63 6 63 60.0% 52.0% 300.000 0.000 0.00 -4.90 0.00  1.99 0.00 596.00 0.0% | 1200.00   10.00 HI -50.00 -50.00
2026-09-27T09:12:52.816,DEMO,DEMO,DEMO_MODE,24f8f9829bf14f26914a962224c1ad3a,F1 :    600    4 0.10 -14.44 0.54 50.00  60.0  52.0,0.00 0.00 0.00 89.38 0.54 50.00 0.10 -14.44 6 63 6 63 60.0% 52.0% 300.000 0.000 0.00 -4.90 0.00  1.99 0.00 596.00 0.0% | 1200.00   10.00 HI -50.00 -50.00
2026-09-27T09:12:52.942,DEMO,DEMO,DEMO_MODE,24f8f9829bf14f26914a962224c1ad3a,F1 :    600    4 0.10 -14.44 0.54 50.00  60.0  52.0,0.00 0.00 0.00 89.38 0.54 50.00 0.10 -14.44 6 63 6 63 60.0% 52.0% 300.000 0.000 0.00 -4.90 0.00  1.99 0.00 596.00 0.0% | 1200.00   10.00 HI -50.00 -50.00
2026-09-27T09:12:53.063,DEMO,DEMO,DEMO_MODE,24f8f9829bf14f26914a962224c1ad3a,F1 :    600    4 0.10 -14.44 0.54 50.00  60.0  52.0,0.00 0.00 0.00 89.38 0.54 50.00 0.10 -14.44 6 63 6 63 60.0% 52.0% 300.000 0.000 0.00 -4.90 0.00  1.99 0.00 596.00 0.0% | 1200.00   10.00 HI -50.00 -50.00
2026-09-27T09:12:53.188,DEMO,DEMO,DEMO_MODE,24f8f9829bf14f26914a962224c1ad3a,F1 :    600    4 0.10 -14.44 0.54 50.00  60.0  52.0,0.00 0.00 0.00 89.38 0.54 50.00 0.10 -14.44 6 63 6 63 60.0% 52.0% 300.000 0.000 0.00 -4.90 0.00  1.99 0.00 596.00 0.0% | 1200.00   10.00 HI -50.00 -50.00
2026-09-27T09:12:53.320,DEMO,DEMO,DEMO_MODE,24f8f9829bf14f26914a962224c1ad3a,F1 :    600    4 0.10 -14.44 0.54 50.00  60.0  52.0,0.00 0.00 0.00 89.38 0.54 50.00 0.10 -14.44 6 63 6 63 60.0% 52.0% 300.000 0.000 0.00 -4.90 0.00  1.99 0.00 596.00 0.0% | 1200.00   10.00 HI -50.00 -50.00
2026-09-27T09:12:53.446,DEMO,DEMO,DEMO_MODE,24f8f9829bf14f26914a962224c1ad3a,F1 :    600    4 0.10 -14.44 0.54 50.00  60.0  52.0,0.00 0.00 0.00 89.38 0.54 50.00 0.10 -14.44 6 63 6 63 60.0% 52.0% 300.000 0.000 0.00 -4.90 0.00  1.99 0.00 596.00 0.0% | 1200.00   10.00 HI -50.00 -50.00
2026-09-27T09:12:53.566,DEMO,DEMO,DEMO_MODE,24f8f9829bf14f26914a962224c1ad3a,F1 :    600    4 0.10 -14.44 0.54 50.00  60.0  52.0,0.00 0.00 0.00 89.38 0.54 50.00 0.10 -14.44 6 63 6 63 60.0% 52.0% 300.000 0.000 0.00 -4.90 0.00  1.99 0.00 596.00 0.0% | 1200.00   10.00 HI -50.00 -50.00
2026-09-27T09:12:53.692,DEMO,DEMO,DEMO_MODE,24f8f9829bf14f26914a962224c1ad3a,F1 :    600    4 0.10 -14.44 0.54 50.00  60.0  52.0,0.00 0.00 0.00 89.38 0.54 50.00 0.10 -14.44 6 63 6 63 60.0% 52.0% 300.000 0.000 0.00 -4.90 0.00  1.99 0.00 596.00 0.0% | 1200.00   10.00 HI -50.00 -50.00
2026-09-27T09:12:53.813,DEMO,DEMO,DEMO_MODE,24f8f9829bf14f26914a962224c1ad3a,F1 :    600    4 0.10 -14.44 0.54 50.00  60.0  52.0,0.00 0.00 0.00 89.38 0.54 50.00 0.10 -14.44 6 63 6 63 60.0% 52.0% 300.000 0.000 0.00 -4.90 0.00  1.99 0.00 596.00 0.0% | 1200.00   10.00 HI -50.00 -50.00
2026-09-27T09:12:53.939,DEMO,DEMO,DEMO_MODE,24f8f9829bf14f26914a962224c1ad3a,F1 :    600    4 0.10 -14.44 0.54 50.00  60.0  52.0,0.00 0.00 0.00 89.38 0.54 50.00 0.10 -14.44 6 63 6 63 60.0% 52.0% 300.000 0.000 0.00 -4.90 0.00  1.99 0.00 596.00 0.0% | 1200.00   10.00 HI -50.00 -50.00
2026-09-27T09:12:54.060,DEMO,DEMO,DEMO_MODE,24f8f9829bf14f26914a962224c1ad3a,F1 :    600    4 0.10 -14.44 0.54 50.00  60.0  52.0,0.00 0.00 0.00 89.38 0.54 50.00 0.10 -14.44 6 63 6 63 60.0% 52.0% 300.000 0.000 0.00 -4.90 0.00  1.99 0.00 596.00 0.0% | 1200.00   10.00 HI -50.00 -50.00
2026-09-27T09:12:54.185,DEMO,DEMO,DEMO_MODE,24f8f9829bf14f26914a962224c1ad3a,F1 :    600    4 0.10 -14.44 0.54 50.00  60.0  52.0,0.00 0.00 0.00 89.38 0.54 50.00 0.10 -14.44 6 63 6 63 60.0% 52.0% 300.000 0.000 0.00 -4.90 0.00  1.99 0.00 596.00 0.0% | 1200.00   10.00 HI -50.00 -50.00
2026-09-27T09:12:54.306,DEMO,DEMO,DEMO_MODE,24f8f9829bf14f26914a962224c1ad3a,F1 :    600    4 0.10 -14.44 0.54 50.00  60.0  52.0,0.00 0.00 0.00 89.38 0.54 50.00 0.10 -14.44 6 63 6 63 60.0% 52.0% 300.000 0.000 0.00 -4.90 0.00  1.99 0.00 596.00 0.0% | 1200.00   10.00 HI -50.00 -50.00
2026-09-27T09:12:54.431,DEMO,DEMO,DEMO_MODE,24f8f9829bf14f26914a962224c1ad3a,F1 :    600    4 0.10 -14.44 0.54 50.00  60.0  52.0,0.00 0.00 0.00 89.38 0.54 50.00 0.10 -14.44 6 63 6 63 60.0% 52.0% 300.000 0.000 0.00 -4.90 0.00  1.99 0.00 596.00 0.0% | 1200.00   10.00 HI -50.00 -50.00
2026-09-27T09:12:54.558,DEMO,DEMO,DEMO_MODE,24f8f9829bf14f26914a962224c1ad3a,F1 :    600    4 0.10 -14.44 0.54 50.00  60.0  52.0,0.00 0.00 0.00 89.38 0.54 50.00 0.10 -14.44 6 63 6 63 60.0% 52.0% 300.000 0.000 0.00 -4.90 0.00  1.99 0.00 596.00 0.0% | 1200.00   10.00 HI -50.00 -50.00
2026-09-27T09:12:54.685,DEMO,DEMO,DEMO_MODE,24f8f9829bf14f26914a962224c1ad3a,F1 :    600    4 0.10 -14.44 0.54 50.00  60.0  52.0,0.00 0.00 0.00 89.38 0.54 50.00 0.10 -14.44 6 63 6 63 60.0% 52.0% 300.000 0.000 0.00 -4.90 0.00  1.99 0.00 596.00 0.0% | 1200.00   10.00 HI -50.00 -50.00
2026-09-27T09:12:54.806,DEMO,DEMO,DEMO_MODE,24f8f9829bf14f26914a962224c1ad3a,F1 :    600    4 0.10 -14.44 0.54 50.00  60.0  52.0,0.00 0.00 0.00 89.38 0.54 50.00 0.10 -14.44 6 63 6 63 60.0% 52.0% 300.000 0.000 0.00 -4.90 0.00  1.99 0.00 596.00 0.0% | 1200.00   10.00 HI -50.00 -50.00
2026-09-27T09:12:54.932,DEMO,DEMO,DEMO_MODE,24f8f9829bf14f26914a962224c1ad3a,F1 :    600    4 0.10 -14.44 0.54 50.00  60.0  52.0,0.00 0.00 0.00 89.38 0.54 50.00 0.10 -14.44 6 63 6 63 60.0% 52.0% 300.000 0.000 0.00 -4.90 0.00  1.99 0.00 596.00 0.0% | 1200.00   10.00 HI -50.00 -50.00
2026-09-27T09:12:55.053,DEMO,DEMO,DEMO_MODE,24f8f9829bf14f26914a962224c1ad3a,F1 :    600    4 0.10 -14.44 0.54 50.00  60.0  52.0,0.00 0.00 0.00 89.38 0.54 50.00 0.10 -14.44 6 63 6 63 60.0% 52.0% 300.000 0.000 0.00 -4.90 0.00  1.99 0.00 596.00 0.0% | 1200.00   10.00 HI -50.00 -50.00
2026-09-27T09:12:55.180,DEMO,DEMO,DEMO_MODE,24f8f9829bf14f26914a962224c1ad3a,F1 :    600    4 0.10 -14.44 0.54 50.00  60.0  52.0,0.00 0.00 0.00 89.38 0.54 50.00 0.10 -14.44 6 63 6 63 60.0% 52.0% 300.000 0.000 0.00 -4.90 0.00  1.99 0.00 596.00 0.0% | 1200.00   10.00 HI -50.00 -50.00
2026-09-27T09:12:55.300,DEMO,DEMO,DEMO_MODE,24f8f9829bf14f26914a962224c1ad3a,F1 :    600    4 0.10 -14.44 0.54 50.00  60.0  52.0,0.00 0.00 0.00 89.38 0.54 50.00 0.10 -14.44 6 63 6 63 60.0% 52.0% 300.000 0.000 0.00 -4.90 0.00  1.99 0.00 596.00 0.0% | 1200.00   10.00 HI -50.00 -50.00
2026-09-27T09:12:55.426,DEMO,DEMO,DEMO_MODE,24f8f9829bf14f26914a962224c1ad3a,F1 :    600    4 0.10 -14.44 0.54 50.00  60.0  52.0,0.00 0.00 0.00 89.38 0.54 50.00 0.10 -14.44 6 63 6 63 60.0% 52.0% 300.000 0.000 0.00 -4.90 0.00  1.99 0.00 596.00 0.0% | 1200.00   10.00 HI -50.00 -50.00
2026-09-27T09:12:55.546,DEMO,DEMO,DEMO_MODE,24f8f9829bf14f26914a962224c1ad3a,F1 :    600    4 0.10 -14.44 0.54 50.00  60.0  52.0,0.00 0.00 0.00 89.38 0.54 50.00 0.10 -14.44 6 63 6 63 60.0% 52.0% 300.000 0.000 0.00 -4.90 0.00  1.99 0.00 596.00 0.0% | 1200.00   10.00 HI -50.00 -50.00
2026-09-27T09:12:55.673,DEMO,DEMO,DEMO_MODE,24f8f9829bf14f26914a962224c1ad3a,F1 :    600    4 0.10 -14.44 0.54 50.00  60.0  52.0,0.00 0.00 0.00 89.38 0.54 50.00 0.10 -14.44 6 63 6 63 60.0% 52.0% 300.000 0.000 0.00 -4.90 0.00  1.99 0.00 596.00 0.0% | 1200.00   10.00 HI -50.00 -50.00
2026-09-27T09:12:55.793,DEMO,DEMO,DEMO_MODE,24f8f9829bf14f26914a962224c1ad3a,F1 :    600    4 0.10 -14.44 0.54 50.00  60.0  52.0,0.00 0.00 0.00 89.38 0.54 50.00 0.10 -14.44 6 63 6 63 60.0% 52.0% 300.000 0.000 0.00 -4.90 0.00  1.99 0.00 596.00 0.0% | 1200.00   10.00 HI -50.00 -50.00
2026-09-27T09:12:55.921,DEMO,DEMO,DEMO_MODE,24f8f9829bf14f26914a962224c1ad3a,F1 :    600    4 0.10 -14.44 0.54 50.00  60.0  52.0,0.00 0.00 0.00 89.38 0.54 50.00 0.10 -14.44 6 63 6 63 60.0% 52.0% 300.000 0.000 0.00 -4.90 0.00  1.99 0.00 596.00 0.0% | 1200.00   10.00 HI -50.00 -50.00
2026-09-27T09:12:56.041,DEMO,DEMO,DEMO_MODE,24f8f9829bf14f26914a962224c1ad3a,F1 :    600    4 0.10 -14.44 0.54 50.00  60.0  52.0,0.00 0.00 0.00 89.38 0.54 50.00 0.10 -14.44 6 63 6 63 60.0% 52.0% 300.000 0.000 0.00 -4.90 0.00  1.99 0.00 596.00 0.0% | 1200.00   10.00 HI -50.00 -50.00
2026-09-27T09:12:56.168,DEMO,DEMO,DEMO_MODE,24f8f9829bf14f26914a962224c1ad3a,F1 :    600    4 0.10 -14.44 0.54 50.00  60.0  52.0,0.00 0.00 0.00 89.38 0.54 50.00 0.10 -14.44 6 63 6 63 60.0% 52.0% 300.000 0.000 0.00 -4.90 0.00  1.99 0.00 596.00 0.0% | 1200.00   10.00 HI -50.00 -50.00
2026-09-27T09:12:56.288,DEMO,DEMO,DEMO_MODE,24f8f9829bf14f26914a962224c1ad3a,F1 :    600    4 0.10 -14.44 0.54 50.00  60.0  52.0,0.00 0.00 0.00 89.38 0.54 50.00 0.10 -14.44 6 63 6 63 60.0% 52.0% 300.000 0.000 0.00 -4.90 0.00  1.99 0.00 596.00 0.0% | 1200.00   10.00 HI -50.00 -50.00
2026-09-27T09:12:56.409,DEMO,DEMO,DEMO_MODE,24f8f9829bf14f26914a962224c1ad3a,F1 :    600    4 0.10 -14.44 0.54 50.00  60.0  52.0,0.00 0.00 0.00 89.38 0.54 50.00 0.10 -14.44 6 63 6 63 60.0% 52.0% 300.000 0.000 0.00 -4.90 0.00  1.99 0.00 596.00 0.0% | 1200.00   10.00 HI -50.00 -50.00
2026-09-27T09:12:56.530,DEMO,DEMO,DEMO_MODE,24f8f9829bf14f26914a962224c1ad3a,F1 :    600    4 0.10 -14.44 0.54 50.00  60.0  52.0,0.00 0.00 0.00 89.38 0.54 50.00 0.10 -14.44 6 63 6 63 60.0% 52.0% 300.000 0.000 0.00 -4.90 0.00  1.99 0.00 596.00 0.0% | 1200.00   10.00 HI -50.00 -50.00
2026-09-27T09:12:56.651,DEMO,DEMO,DEMO_MODE,24f8f9829bf14f26914a962224c1ad3a,F1 :    600    4 0.10 -14.44 0.54 50.00  60.0  52.0,0.00 0.00 0.00 89.38 0.54 50.00 0.10 -14.44 6 63 6 63 60.0% 52.0% 300.000 0.000 0.00 -4.90 0.00  1.99 0.00 596.00 0.0% | 1200.00   10.00 HI -50.00 -50.00
2026-09-27T09:12:56.772,DEMO,DEMO,DEMO_MODE,24f8f9829bf14f26914a962224c1ad3a,F1 :    600    4 0.10 -14.44 0.54 50.00  60.0  52.0,0.00 0.00 0.00 89.38 0.54 50.00 0.10 -14.44 6 63 6 63 60.0% 52.0% 300.000 0.000 0.00 -4.90 0.00  1.99 0.00 596.00 0.0% | 1200.00   10.00 HI -50.00 -50.00
2026-09-27T09:12:56.892,DEMO,DEMO,DEMO_MODE,24f8f9829bf14f26914a962224c1ad3a,F1 :    600    4 0.10 -14.44 0.54 50.00  60.0  52.0,0.00 0.00 0.00 89.38 0.54 50.00 0.10 -14.44 6 63 6 63 60.0% 52.0% 300.000 0.000 0.00 -4.90 0.00  1.99 0.00 596.00 0.0% | 1200.00   10.00 HI -50.00 -50.00
2026-09-27T09:12:57.013,DEMO,DEMO,DEMO_MODE,24f8f9829bf14f26914a962224c1ad3a,F1 :    600    4 0.10 -14.44 0.54 50.00  60.0  52.0,0.00 0.00 0.00 89.38 0.54 50.00 0.10 -14.44 6 63 6 63 60.0% 52.0% 300.000 0.000 0.00 -4.90 0.00  1.99 0.00 596.00 0.0% | 1200.00   10.00 HI -50.00 -50.00
2026-09-27T09:12:57.134,DEMO,DEMO,DEMO_MODE,24f8f9829bf14f26914a962224c1ad3a,F1 :    600    4 0.10 -14.44 0.54 50.00  60.0  52.0,0.00 0.00 0.00 89.38 0.54 50.00 0.10 -14.44 6 63 6 63 60.0% 52.0% 300.000 0.000 0.00 -4.90 0.00  1.99 0.00 596.00 0.0% | 1200.00   10.00 HI -50.00 -50.00
2026-09-27T09:12:57.254,DEMO,DEMO,DEMO_MODE,24f8f9829bf14f26914a962224c1ad3a,F1 :    600    4 0.10 -14.44 0.54 50.00  60.0  52.0,0.00 0.00 0.00 89.38 0.54 50.00 0.10 -14.44 6 63 6 63 60.0% 52.0% 300.000 0.000 0.00 -4.90 0.00  1.99 0.00 596.00 0.0% | 1200.00   10.00 HI -50.00 -50.00
2026-09-27T09:12:57.375,DEMO,DEMO,DEMO_MODE,24f8f9829bf14f26914a962224c1ad3a,F1 :    600    4 0.10 -14.44 0.54 50.00  60.0  52.0,0.00 0.00 0.00 89.38 0.54 50.00 0.10 -14.44 6 63 6 63 60.0% 52.0% 300.000 0.000 0.00 -4.90 0.00  1.99 0.00 596.00 0.0% | 1200.00   10.00 HI -50.00 -50.00
2026-09-27T09:12:57.496,DEMO,DEMO,DEMO_MODE,24f8f9829bf14f26914a962224c1ad3a,F1 :    600    4 0.10 -14.44 0.54 50.00  60.0  52.0,0.00 0.00 0.00 89.38 0.54 50.00 0.10 -14.44 6 63 6 63 60.0% 52.0% 300.000 0.000 0.00 -4.90 0.00  1.99 0.00 596.00 0.0% | 1200.00   10.00 HI -50.00 -50.00
2026-09-27T09:12:57.616,DEMO,DEMO,DEMO_MODE,24f8f9829bf14f26914a962224c1ad3a,F1 :    700    0 0.10 -14.44 0.54 50.00  70.0  56.0,0.00 0.00 0.00 89.38 0.54 50.00 0.10 -14.44 6 63 6 63 70.0% 56.0% 350.000 0.000 0.00 -4.90 0.00  2.00 0.00 700.00 0.0% | 1200.00   20.00 HI -50.00 -50.00
2026-09-27T09:12:57.741,DEMO,DEMO,DEMO_MODE,24f8f9829bf14f26914a962224c1ad3a,F1 :    700    0 0.10 -14.44 0.54 50.00  70.0  56.0,0.00 0.00 0.00 89.38 0.54 50.00 0.10 -14.44 6 63 6 63 70.0% 56.0% 350.000 0.000 0.00 -4.90 0.00  2.00 0.00 700.00 0.0% | 1200.00   20.00 HI -50.00 -50.00
2026-09-27T09:12:57.862,DEMO,DEMO,DEMO_MODE,24f8f9829bf14f26914a962224c1ad3a,F1 :    700    0 0.10 -14.44 0.54 50.00  70.0  56.0,0.00 0.00 0.00 89.38 0.54 50.00 0.10 -14.44 6 63 6 63 70.0% 56.0% 350.000 0.000 0.00 -4.90 0.00  2.00 0.00 700.00 0.0% | 1200.00   20.00 HI -50.00 -50.00
2026-09-27T09:12:57.986,DEMO,DEMO,DEMO_MODE,24f8f9829bf14f26914a962224c1ad3a,F1 :    700    0 0.10 -14.44 0.54 50.00  70.0  56.0,0.00 0.00 0.00 89.38 0.54 50.00 0.10 -14.44 6 63 6 63 70.0% 56.0% 350.000 0.000 0.00 -4.90 0.00  2.00 0.00 700.00 0.0% | 1200.00   20.00 HI -50.00 -50.00
2026-09-27T09:12:58.107,DEMO,DEMO,DEMO_MODE,24f8f9829bf14f26914a962224c1ad3a,F1 :    700    0 0.10 -14.44 0.54 50.00  70.0  56.0,0.00 0.00 0.00 89.38 0.54 50.00 0.10 -14.44 6 63 6 63 70.0% 56.0% 350.000 0.000 0.00 -4.90 0.00  2.00 0.00 700.00 0.0% | 1200.00   20.00 HI -50.00 -50.00
2026-09-27T09:12:58.233,DEMO,DEMO,DEMO_MODE,24f8f9829bf14f26914a962224c1ad3a,F1 :    700    0 0.10 -14.44 0.54 50.00  70.0  56.0,0.00 0.00 0.00 89.38 0.54 50.00 0.10 -14.44 6 63 6 63 70.0% 56.0% 350.000 0.000 0.00 -4.90 0.00  2.00 0.00 700.00 0.0% | 1200.00   20.00 HI -50.00 -50.00
2026-09-27T09:12:58.354,DEMO,DEMO,DEMO_MODE,24f8f9829bf14f26914a962224c1ad3a,F1 :    700    0 0.10 -14.44 0.54 50.00  70.0  56.0,0.00 0.00 0.00 89.38 0.54 50.00 0.10 -14.44 6 63 6 63 70.0% 56.0% 350.000 0.000 0.00 -4.90 0.00  2.00 0.00 700.00 0.0% | 1200.00   20.00 HI -50.00 -50.00
2026-09-27T09:12:58.480,DEMO,DEMO,DEMO_MODE,24f8f9829bf14f26914a962224c1ad3a,F1 :    700    0 0.10 -14.44 0.54 50.00  70.0  56.0,0.00 0.00 0.00 89.38 0.54 50.00 0.10 -14.44 6 63 6 63 70.0% 56.0% 350.000 0.000 0.00 -4.90 0.00  2.00 0.00 700.00 0.0% | 1200.00   20.00 HI -50.00 -50.00
2026-09-27T09:12:58.600,DEMO,DEMO,DEMO_MODE,24f8f9829bf14f26914a962224c1ad3a,F1 :    700    0 0.10 -14.44 0.54 50.00  70.0  56.0,0.00 0.00 0.00 89.38 0.54 50.00 0.10 -14.44 6 63 6 63 70.0% 56.0% 350.000 0.000 0.00 -4.90 0.00  2.00 0.00 700.00 0.0% | 1200.00   20.00 HI -50.00 -50.00
2026-09-27T09:12:58.727,DEMO,DEMO,DEMO_MODE,24f8f9829bf14f26914a962224c1ad3a,F1 :    700    0 0.10 -14.44 0.54 50.00  70.0  56.0,0.00 0.00 0.00 89.38 0.54 50.00 0.10 -14.44 6 63 6 63 70.0% 56.0% 350.000 0.000 0.00 -4.90 0.00  2.00 0.00 700.00 0.0% | 1200.00   20.00 HI -50.00 -50.00
2026-09-27T09:12:58.847,DEMO,DEMO,DEMO_MODE,24f8f9829bf14f26914a962224c1ad3a,F1 :    700    0 0.10 -14.44 0.54 50.00  70.0  56.0,0.00 0.00 0.00 89.38 0.54 50.00 0.10 -14.44 6 63 6 63 70.0% 56.0% 350.000 0.000 0.00 -4.90 0.00  2.00 0.00 700.00 0.0% | 1200.00   20.00 HI -50.00 -50.00
2026-09-27T09:12:58.973,DEMO,DEMO,DEMO_MODE,24f8f9829bf14f26914a962224c1ad3a,F1 :    700    0 0.10 -14.44 0.54 50.00  70.0  56.0,0.00 0.00 0.00 89.38 0.54 50.00 0.10 -14.44 6 63 6 63 70.0% 56.0% 350.000 0.000 0.00 -4.90 0.00  2.00 0.00 700.00 0.0% | 1200.00   20.00 HI -50.00 -50.00
2026-09-27T09:12:59.094,DEMO,DEMO,DEMO_MODE,24f8f9829bf14f26914a962224c1ad3a,F1 :    700    0 0.10 -14.44 0.54 50.00  70.0  56.0,0.00 0.00 0.00 89.38 0.54 50.00 0.10 -14.44 6 63 6 63 70.0% 56.0% 350.000 0.000 0.00 -4.90 0.00  2.00 0.00 700.00 0.0% | 1200.00   20.00 HI -50.00 -50.00
2026-09-27T09:12:59.220,DEMO,DEMO,DEMO_MODE,24f8f9829bf14f26914a962224c1ad3a,F1 :    700    0 0.10 -14.44 0.54 50.00  70.0  56.0,0.00 0.00 0.00 89.38 0.54 50.00 0.10 -14.44 6 63 6 63 70.0% 56.0% 350.000 0.000 0.00 -4.90 0.00  2.00 0.00 700.00 0.0% | 1200.00   20.00 HI -50.00 -50.00
2026-09-27T09:12:59.347,DEMO,DEMO,DEMO_MODE,24f8f9829bf14f26914a962224c1ad3a,F1 :    700    0 0.10 -14.44 0.54 50.00  70.0  56.0,0.00 0.00 0.00 89.38 0.54 50.00 0.10 -14.44 6 63 6 63 70.0% 56.0% 350.000 0.000 0.00 -4.90 0.00  2.00 0.00 700.00 0.0% | 1200.00   20.00 HI -50.00 -50.00
2026-09-27T09:12:59.473,DEMO,DEMO,DEMO_MODE,24f8f9829bf14f26914a962224c1ad3a,F1 :    700    0 0.10 -14.44 0.54 50.00  70.0  56.0,0.00 0.00 0.00 89.38 0.54 50.00 0.10 -14.44 6 63 6 63 70.0% 56.0% 350.000 0.000 0.00 -4.90 0.00  2.00 0.00 700.00 0.0% | 1200.00   20.00 HI -50.00 -50.00
2026-09-27T09:12:59.594,DEMO,DEMO,DEMO_MODE,24f8f9829bf14f26914a962224c1ad3a,F1 :    700    0 0.10 -14.44 0.54 50.00  70.0  56.0,0.00 0.00 0.00 89.38 0.54 50.00 0.10 -14.44 6 63 6 63 70.0% 56.0% 350.000 0.000 0.00 -4.90 0.00  2.00 0.00 700.00 0.0% | 1200.00   20.00 HI -50.00 -50.00
2026-09-27T09:12:59.721,DEMO,DEMO,DEMO_MODE,24f8f9829bf14f26914a962224c1ad3a,F1 :    700    0 0.10 -14.44 0.54 50.00  70.0  56.0,0.00 0.00 0.00 89.38 0.54 50.00 0.10 -14.44 6 63 6 63 70.0% 56.0% 350.000 0.000 0.00 -4.90 0.00  2.00 0.00 700.00 0.0% | 1200.00   20.00 HI -50.00 -50.00
2026-09-27T09:12:59.842,DEMO,DEMO,DEMO_MODE,24f8f9829bf14f26914a962224c1ad3a,F1 :    700    0 0.10 -14.44 0.54 50.00  70.0  56.0,0.00 0.00 0.00 89.38 0.54 50.00 0.10 -14.44 6 63 6 63 70.0% 56.0% 350.000 0.000 0.00 -4.90 0.00  2.00 0.00 700.00 0.0% | 1200.00   20.00 HI -50.00 -50.00
2026-09-27T09:12:59.967,DEMO,DEMO,DEMO_MODE,24f8f9829bf14f26914a962224c1ad3a,F1 :    700    0 0.10 -14.44 0.54 50.00  70.0  56.0,0.00 0.00 0.00 89.38 0.54 50.00 0.10 -14.44 6 63 6 63 70.0% 56.0% 350.000 0.000 0.00 -4.90 0.00  2.00 0.00 700.00 0.0% | 1200.00   20.00 HI -50.00 -50.00
2026-09-27T09:13:00.087,DEMO,DEMO,DEMO_MODE,24f8f9829bf14f26914a962224c1ad3a,F1 :    700    0 0.10 -14.44 0.54 50.00  70.0  56.0,0.00 0.00 0.00 89.38 0.54 50.00 0.10 -14.44 6 63 6 63 70.0% 56.0% 350.000 0.000 0.00 -4.90 0.00  2.00 0.00 700.00 0.0% | 1200.00   20.00 HI -50.00 -50.00
2026-09-27T09:13:00.213,DEMO,DEMO,DEMO_MODE,24f8f9829bf14f26914a962224c1ad3a,F1 :    700    0 0.10 -14.44 0.54 50.00  70.0  56.0,0.00 0.00 0.00 89.38 0.54 50.00 0.10 -14.44 6 63 6 63 70.0% 56.0% 350.000 0.000 0.00 -4.90 0.00  2.00 0.00 700.00 0.0% | 1200.00   20.00 HI -50.00 -50.00
2026-09-27T09:13:00.334,DEMO,DEMO,DEMO_MODE,24f8f9829bf14f26914a962224c1ad3a,F1 :    700    0 0.10 -14.44 0.54 50.00  70.0  56.0,0.00 0.00 0.00 89.38 0.54 50.00 0.10 -14.44 6 63 6 63 70.0% 56.0% 350.000 0.000 0.00 -4.90 0.00  2.00 0.00 700.00 0.0% | 1200.00   20.00 HI -50.00 -50.00
2026-09-27T09:13:00.460,DEMO,DEMO,DEMO_MODE,24f8f9829bf14f26914a962224c1ad3a,F1 :    700    0 0.10 -14.44 0.54 50.00  70.0  56.0,0.00 0.00 0.00 89.38 0.54 50.00 0.10 -14.44 6 63 6 63 70.0% 56.0% 350.000 0.000 0.00 -4.90 0.00  2.00 0.00 700.00 0.0% | 1200.00   20.00 HI -50.00 -50.00
2026-09-27T09:13:00.581,DEMO,DEMO,DEMO_MODE,24f8f9829bf14f26914a962224c1ad3a,F1 :    700    0 0.10 -14.44 0.54 50.00  70.0  56.0,0.00 0.00 0.00 89.38 0.54 50.00 0.10 -14.44 6 63 6 63 70.0% 56.0% 350.000 0.000 0.00 -4.90 0.00  2.00 0.00 700.00 0.0% | 1200.00   20.00 HI -50.00 -50.00
2026-09-27T09:13:00.707,DEMO,DEMO,DEMO_MODE,24f8f9829bf14f26914a962224c1ad3a,F1 :    700    0 0.10 -14.44 0.54 50.00  70.0  56.0,0.00 0.00 0.00 89.38 0.54 50.00 0.10 -14.44 6 63 6 63 70.0% 56.0% 350.000 0.000 0.00 -4.90 0.00  2.00 0.00 700.00 0.0% | 1200.00   20.00 HI -50.00 -50.00
2026-09-27T09:13:00.827,DEMO,DEMO,DEMO_MODE,24f8f9829bf14f26914a962224c1ad3a,F1 :    700    0 0.10 -14.44 0.54 50.00  70.0  56.0,0.00 0.00 0.00 89.38 0.54 50.00 0.10 -14.44 6 63 6 63 70.0% 56.0% 350.000 0.000 0.00 -4.90 0.00  2.00 0.00 700.00 0.0% | 1200.00   20.00 HI -50.00 -50.00
2026-09-27T09:13:00.954,DEMO,DEMO,DEMO_MODE,24f8f9829bf14f26914a962224c1ad3a,F1 :    700    0 0.10 -14.44 0.54 50.00  70.0  56.0,0.00 0.00 0.00 89.38 0.54 50.00 0.10 -14.44 6 63 6 63 70.0% 56.0% 350.000 0.000 0.00 -4.90 0.00  2.00 0.00 700.00 0.0% | 1200.00   20.00 HI -50.00 -50.00
2026-09-27T09:13:01.075,DEMO,DEMO,DEMO_MODE,24f8f9829bf14f26914a962224c1ad3a,F1 :    700    0 0.10 -14.44 0.54 50.00  70.0  56.0,0.00 0.00 0.00 89.38 0.54 50.00 0.10 -14.44 6 63 6 63 70.0% 56.0% 350.000 0.000 0.00 -4.90 0.00  2.00 0.00 700.00 0.0% | 1200.00   20.00 HI -50.00 -50.00
2026-09-27T09:13:01.201,DEMO,DEMO,DEMO_MODE,24f8f9829bf14f26914a962224c1ad3a,F1 :    700    0 0.10 -14.44 0.54 50.00  70.0  56.0,0.00 0.00 0.00 89.38 0.54 50.00 0.10 -14.44 6 63 6 63 70.0% 56.0% 350.000 0.000 0.00 -4.90 0.00  2.00 0.00 700.00 0.0% | 1200.00   20.00 HI -50.00 -50.00
2026-09-27T09:13:01.332,DEMO,DEMO,DEMO_MODE,24f8f9829bf14f26914a962224c1ad3a,F1 :    700    0 0.10 -14.44 0.54 50.00  70.0  56.0,0.00 0.00 0.00 89.38 0.54 50.00 0.10 -14.44 6 63 6 63 70.0% 56.0% 350.000 0.000 0.00 -4.90 0.00  2.00 0.00 700.00 0.0% | 1200.00   20.00 HI -50.00 -50.00
2026-09-27T09:13:01.458,DEMO,DEMO,DEMO_MODE,24f8f9829bf14f26914a962224c1ad3a,F1 :    700    0 0.10 -14.44 0.54 50.00  70.0  56.0,0.00 0.00 0.00 89.38 0.54 50.00 0.10 -14.44 6 63 6 63 70.0% 56.0% 350.000 0.000 0.00 -4.90 0.00  2.00 0.00 700.00 0.0% | 1200.00   20.00 HI -50.00 -50.00
2026-09-27T09:13:01.578,DEMO,DEMO,DEMO_MODE,24f8f9829bf14f26914a962224c1ad3a,F1 :    700    0 0.10 -14.44 0.54 50.00  70.0  56.0,0.00 0.00 0.00 89.38 0.54 50.00 0.10 -14.44 6 63 6 63 70.0% 56.0% 350.000 0.000 0.00 -4.90 0.00  2.00 0.00 700.00 0.0% | 1200.00   20.00 HI -50.00 -50.00
2026-09-27T09:13:01.705,DEMO,DEMO,DEMO_MODE,24f8f9829bf14f26914a962224c1ad3a,F1 :    700    0 0.10 -14.44 0.54 50.00  70.0  56.0,0.00 0.00 0.00 89.38 0.54 50.00 0.10 -14.44 6 63 6 63 70.0% 56.0% 350.000 0.000 0.00 -4.90 0.00  2.00 0.00 700.00 0.0% | 1200.00   20.00 HI -50.00 -50.00
2026-09-27T09:13:01.825,DEMO,DEMO,DEMO_MODE,24f8f9829bf14f26914a962224c1ad3a,F1 :    700    0 0.10 -14.44 0.54 50.00  70.0  56.0,0.00 0.00 0.00 89.38 0.54 50.00 0.10 -14.44 6 63 6 63 70.0% 56.0% 350.000 0.000 0.00 -4.90 0.00  2.00 0.00 700.00 0.0% | 1200.00   20.00 HI -50.00 -50.00
2026-09-27T09:13:01.952,DEMO,DEMO,DEMO_MODE,24f8f9829bf14f26914a962224c1ad3a,F1 :    700    0 0.10 -14.44 0.54 50.00  70.0  56.0,0.00 0.00 0.00 89.38 0.54 50.00 0.10 -14.44 6 63 6 63 70.0% 56.0% 350.000 0.000 0.00 -4.90 0.00  2.00 0.00 700.00 0.0% | 1200.00   20.00 HI -50.00 -50.00
2026-09-27T09:13:02.074,DEMO,DEMO,DEMO_MODE,24f8f9829bf14f26914a962224c1ad3a,F1 :    700    0 0.10 -14.44 0.54 50.00  70.0  56.0,0.00 0.00 0.00 89.38 0.54 50.00 0.10 -14.44 6 63 6 63 70.0% 56.0% 350.000 0.000 0.00 -4.90 0.00  2.00 0.00 700.00 0.0% | 1200.00   20.00 HI -50.00 -50.00
2026-09-27T09:13:02.201,DEMO,DEMO,DEMO_MODE,24f8f9829bf14f26914a962224c1ad3a,F1 :    700    0 0.10 -14.44 0.54 50.00  70.0  56.0,0.00 0.00 0.00 89.38 0.54 50.00 0.10 -14.44 6 63 6 63 70.0% 56.0% 350.000 0.000 0.00 -4.90 0.00  2.00 0.00 700.00 0.0% | 1200.00   20.00 HI -50.00 -50.00
2026-09-27T09:13:02.321,DEMO,DEMO,DEMO_MODE,24f8f9829bf14f26914a962224c1ad3a,F1 :    700    0 0.10 -14.44 0.54 50.00  70.0  56.0,0.00 0.00 0.00 89.38 0.54 50.00 0.10 -14.44 6 63 6 63 70.0% 56.0% 350.000 0.000 0.00 -4.90 0.00  2.00 0.00 700.00 0.0% | 1200.00   20.00 HI -50.00 -50.00
2026-09-27T09:13:02.447,DEMO,DEMO,DEMO_MODE,24f8f9829bf14f26914a962224c1ad3a,F1 :    700    0 0.10 -14.44 0.54 50.00  70.0  56.0,0.00 0.00 0.00 89.38 0.54 50.00 0.10 -14.44 6 63 6 63 70.0% 56.0% 350.000 0.000 0.00 -4.90 0.00  2.00 0.00 700.00 0.0% | 1200.00   20.00 HI -50.00 -50.00
2026-09-27T09:13:02.568,DEMO,DEMO,DEMO_MODE,24f8f9829bf14f26914a962224c1ad3a,F1 :    700    0 0.10 -14.44 0.54 50.00  70.0  56.0,0.00 0.00 0.00 89.38 0.54 50.00 0.10 -14.44 6 63 6 63 70.0% 56.0% 350.000 0.000 0.00 -4.90 0.00  2.00 0.00 700.00 0.0% | 1200.00   20.00 HI -50.00 -50.00
2026-09-27T09:13:02.695,DEMO,DEMO,DEMO_MODE,24f8f9829bf14f26914a962224c1ad3a,F1 :    700    0 0.10 -14.44 0.54 50.00  70.0  56.0,0.00 0.00 0.00 89.38 0.54 50.00 0.10 -14.44 6 63 6 63 70.0% 56.0% 350.000 0.000 0.00 -4.90 0.00  2.00 0.00 700.00 0.0% | 1200.00   20.00 HI -50.00 -50.00
2026-09-27T09:13:02.816,DEMO,DEMO,DEMO_MODE,24f8f9829bf14f26914a962224c1ad3a,F1 :    700    0 0.10 -14.44 0.54 50.00  70.0  60.0,0.00 0.00 0.00 89.38 0.54 50.00 0.10 -14.44 6 63 6 63 70.0% 60.0% 350.000 0.000 0.00 -4.90 0.00  2.00 0.00 700.00 0.0% | 1200.00   20.00 HI -50.00 -50.00
2026-09-27T09:13:02.942,DEMO,DEMO,DEMO_MODE,24f8f9829bf14f26914a962224c1ad3a,F1 :    700    0 0.10 -14.44 0.54 50.00  70.0  60.0,0.00 0.00 0.00 89.38 0.54 50.00 0.10 -14.44 6 63 6 63 70.0% 60.0% 350.000 0.000 0.00 -4.90 0.00  2.00 0.00 700.00 0.0% | 1200.00   20.00 HI -50.00 -50.00
2026-09-27T09:13:03.062,DEMO,DEMO,DEMO_MODE,24f8f9829bf14f26914a962224c1ad3a,F1 :    700    0 0.10 -14.44 0.54 50.00  70.0  60.0,0.00 0.00 0.00 89.38 0.54 50.00 0.10 -14.44 6 63 6 63 70.0% 60.0% 350.000 0.000 0.00 -4.90 0.00  2.00 0.00 700.00 0.0% | 1200.00   20.00 HI -50.00 -50.00
2026-09-27T09:13:03.188,DEMO,DEMO,DEMO_MODE,24f8f9829bf14f26914a962224c1ad3a,F1 :    700    0 0.10 -14.44 0.54 50.00  70.0  60.0,0.00 0.00 0.00 89.38 0.54 50.00 0.10 -14.44 6 63 6 63 70.0% 60.0% 350.000 0.000 0.00 -4.90 0.00  2.00 0.00 700.00 0.0% | 1200.00   20.00 HI -50.00 -50.00
2026-09-27T09:13:03.309,DEMO,DEMO,DEMO_MODE,24f8f9829bf14f26914a962224c1ad3a,F1 :    700    0 0.10 -14.44 0.54 50.00  70.0  60.0,0.00 0.00 0.00 89.38 0.54 50.00 0.10 -14.44 6 63 6 63 70.0% 60.0% 350.000 0.000 0.00 -4.90 0.00  2.00 0.00 700.00 0.0% | 1200.00   20.00 HI -50.00 -50.00
2026-09-27T09:13:03.435,DEMO,DEMO,DEMO_MODE,24f8f9829bf14f26914a962224c1ad3a,F1 :    700    0 0.10 -14.44 0.54 50.00  70.0  60.0,0.00 0.00 0.00 89.38 0.54 50.00 0.10 -14.44 6 63 6 63 70.0% 60.0% 350.000 0.000 0.00 -4.90 0.00  2.00 0.00 700.00 0.0% | 1200.00   20.00 HI -50.00 -50.00
2026-09-27T09:13:03.555,DEMO,DEMO,DEMO_MODE,24f8f9829bf14f26914a962224c1ad3a,F1 :    700    0 0.10 -14.44 0.54 50.00  70.0  60.0,0.00 0.00 0.00 89.38 0.54 50.00 0.10 -14.44 6 63 6 63 70.0% 60.0% 350.000 0.000 0.00 -4.90 0.00  2.00 0.00 700.00 0.0% | 1200.00   20.00 HI -50.00 -50.00
2026-09-27T09:13:03.681,DEMO,DEMO,DEMO_MODE,24f8f9829bf14f26914a962224c1ad3a,F1 :    700    0 0.10 -14.44 0.54 50.00  70.0  60.0,0.00 0.00 0.00 89.38 0.54 50.00 0.10 -14.44 6 63 6 63 70.0% 60.0% 350.000 0.000 0.00 -4.90 0.00  2.00 0.00 700.00 0.0% | 1200.00   20.00 HI -50.00 -50.00
2026-09-27T09:13:03.802,DEMO,DEMO,DEMO_MODE,24f8f9829bf14f26914a962224c1ad3a,F1 :    700    0 0.10 -14.44 0.54 50.00  70.0  60.0,0.00 0.00 0.00 89.38 0.54 50.00 0.10 -14.44 6 63 6 63 70.0% 60.0% 350.000 0.000 0.00 -4.90 0.00  2.00 0.00 700.00 0.0% | 1200.00   20.00 HI -50.00 -50.00
2026-09-27T09:13:03.929,DEMO,DEMO,DEMO_MODE,24f8f9829bf14f26914a962224c1ad3a,F1 :    700    0 0.10 -14.44 0.54 50.00  70.0  60.0,0.00 0.00 0.00 89.38 0.54 50.00 0.10 -14.44 6 63 6 63 70.0% 60.0% 350.000 0.000 0.00 -4.90 0.00  2.00 0.00 700.00 0.0% | 1200.00   20.00 HI -50.00 -50.00
2026-09-27T09:13:04.049,DEMO,DEMO,DEMO_MODE,24f8f9829bf14f26914a962224c1ad3a,F1 :    700    0 0.10 -14.44 0.54 50.00  70.0  60.0,0.00 0.00 0.00 89.38 0.54 50.00 0.10 -14.44 6 63 6 63 70.0% 60.0% 350.000 0.000 0.00 -4.90 0.00  2.00 0.00 700.00 0.0% | 1200.00   20.00 HI -50.00 -50.00
2026-09-27T09:13:04.175,DEMO,DEMO,DEMO_MODE,24f8f9829bf14f26914a962224c1ad3a,F1 :    700    0 0.10 -14.44 0.54 50.00  70.0  60.0,0.00 0.00 0.00 89.38 0.54 50.00 0.10 -14.44 6 63 6 63 70.0% 60.0% 350.000 0.000 0.00 -4.90 0.00  2.00 0.00 700.00 0.0% | 1200.00   20.00 HI -50.00 -50.00
2026-09-27T09:13:04.296,DEMO,DEMO,DEMO_MODE,24f8f9829bf14f26914a962224c1ad3a,F1 :    700    0 0.10 -14.44 0.54 50.00  70.0  60.0,0.00 0.00 0.00 89.38 0.54 50.00 0.10 -14.44 6 63 6 63 70.0% 60.0% 350.000 0.000 0.00 -4.90 0.00  2.00 0.00 700.00 0.0% | 1200.00   20.00 HI -50.00 -50.00
2026-09-27T09:13:04.416,DEMO,DEMO,DEMO_MODE,24f8f9829bf14f26914a962224c1ad3a,F1 :    700    0 0.10 -14.44 0.54 50.00  70.0  60.0,0.00 0.00 0.00 89.38 0.54 50.00 0.10 -14.44 6 63 6 63 70.0% 60.0% 350.000 0.000 0.00 -4.90 0.00  2.00 0.00 700.00 0.0% | 1200.00   20.00 HI -50.00 -50.00
2026-09-27T09:13:04.537,DEMO,DEMO,DEMO_MODE,24f8f9829bf14f26914a962224c1ad3a,F1 :    700    0 0.10 -14.44 0.54 50.00  70.0  60.0,0.00 0.00 0.00 89.38 0.54 50.00 0.10 -14.44 6 63 6 63 70.0% 60.0% 350.000 0.000 0.00 -4.90 0.00  2.00 0.00 700.00 0.0% | 1200.00   20.00 HI -50.00 -50.00
2026-09-27T09:13:04.658,DEMO,DEMO,DEMO_MODE,24f8f9829bf14f26914a962224c1ad3a,F1 :    700    0 0.10 -14.44 0.54 50.00  70.0  60.0,0.00 0.00 0.00 89.38 0.54 50.00 0.10 -14.44 6 63 6 63 70.0% 60.0% 350.000 0.000 0.00 -4.90 0.00  2.00 0.00 700.00 0.0% | 1200.00   20.00 HI -50.00 -50.00
2026-09-27T09:13:04.779,DEMO,DEMO,DEMO_MODE,24f8f9829bf14f26914a962224c1ad3a,F1 :    700    0 0.10 -14.44 0.54 50.00  70.0  60.0,0.00 0.00 0.00 89.38 0.54 50.00 0.10 -14.44 6 63 6 63 70.0% 60.0% 350.000 0.000 0.00 -4.90 0.00  2.00 0.00 700.00 0.0% | 1200.00   20.00 HI -50.00 -50.00
2026-09-27T09:13:04.899,DEMO,DEMO,DEMO_MODE,24f8f9829bf14f26914a962224c1ad3a,F1 :    700    0 0.10 -14.44 0.54 50.00  70.0  60.0,0.00 0.00 0.00 89.38 0.54 50.00 0.10 -14.44 6 63 6 63 70.0% 60.0% 350.000 0.000 0.00 -4.90 0.00  2.00 0.00 700.00 0.0% | 1200.00   20.00 HI -50.00 -50.00
2026-09-27T09:13:05.020,DEMO,DEMO,DEMO_MODE,24f8f9829bf14f26914a962224c1ad3a,F1 :    700    0 0.10 -14.44 0.54 50.00  70.0  60.0,0.00 0.00 0.00 89.38 0.54 50.00 0.10 -14.44 6 63 6 63 70.0% 60.0% 350.000 0.000 0.00 -4.90 0.00  2.00 0.00 700.00 0.0% | 1200.00   20.00 HI -50.00 -50.00
2026-09-27T09:13:05.140,DEMO,DEMO,DEMO_MODE,24f8f9829bf14f26914a962224c1ad3a,F1 :    700    0 0.10 -14.44 0.54 50.00  70.0  60.0,0.00 0.00 0.00 89.38 0.54 50.00 0.10 -14.44 6 63 6 63 70.0% 60.0% 350.000 0.000 0.00 -4.90 0.00  2.00 0.00 700.00 0.0% | 1200.00   20.00 HI -50.00 -50.00
2026-09-27T09:13:05.261,DEMO,DEMO,DEMO_MODE,24f8f9829bf14f26914a962224c1ad3a,F1 :    700    0 0.10 -14.44 0.54 50.00  70.0  60.0,0.00 0.00 0.00 89.38 0.54 50.00 0.10 -14.44 6 63 6 63 70.0% 60.0% 350.000 0.000 0.00 -4.90 0.00  2.00 0.00 700.00 0.0% | 1200.00   20.00 HI -50.00 -50.00
2026-09-27T09:13:05.382,DEMO,DEMO,DEMO_MODE,24f8f9829bf14f26914a962224c1ad3a,F1 :    700    0 0.10 -14.44 0.54 50.00  70.0  60.0,0.00 0.00 0.00 89.38 0.54 50.00 0.10 -14.44 6 63 6 63 70.0% 60.0% 350.000 0.000 0.00 -4.90 0.00  2.00 0.00 700.00 0.0% | 1200.00   20.00 HI -50.00 -50.00
2026-09-27T09:13:05.503,DEMO,DEMO,DEMO_MODE,24f8f9829bf14f26914a962224c1ad3a,F1 :    700    0 0.10 -14.44 0.54 50.00  70.0  60.0,0.00 0.00 0.00 89.38 0.54 50.00 0.10 -14.44 6 63 6 63 70.0% 60.0% 350.000 0.000 0.00 -4.90 0.00  2.00 0.00 700.00 0.0% | 1200.00   20.00 HI -50.00 -50.00
2026-09-27T09:13:05.624,DEMO,DEMO,DEMO_MODE,24f8f9829bf14f26914a962224c1ad3a,F1 :    700    0 0.10 -14.44 0.54 50.00  70.0  60.0,0.00 0.00 0.00 89.38 0.54 50.00 0.10 -14.44 6 63 6 63 70.0% 60.0% 350.000 0.000 0.00 -4.90 0.00  2.00 0.00 700.00 0.0% | 1200.00   20.00 HI -50.00 -50.00
2026-09-27T09:13:05.745,DEMO,DEMO,DEMO_MODE,24f8f9829bf14f26914a962224c1ad3a,F1 :    700    0 0.10 -14.44 0.54 50.00  70.0  60.0,0.00 0.00 0.00 89.38 0.54 50.00 0.10 -14.44 6 63 6 63 70.0% 60.0% 350.000 0.000 0.00 -4.90 0.00  2.00 0.00 700.00 0.0% | 1200.00   20.00 HI -50.00 -50.00
2026-09-27T09:13:05.866,DEMO,DEMO,DEMO_MODE,24f8f9829bf14f26914a962224c1ad3a,F1 :    700    0 0.10 -14.44 0.54 50.00  70.0  60.0,0.00 0.00 0.00 89.38 0.54 50.00 0.10 -14.44 6 63 6 63 70.0% 60.0% 350.000 0.000 0.00 -4.90 0.00  2.00 0.00 700.00 0.0% | 1200.00   20.00 HI -50.00 -50.00
2026-09-27T09:13:05.986,DEMO,DEMO,DEMO_MODE,24f8f9829bf14f26914a962224c1ad3a,F1 :    700    0 0.10 -14.44 0.54 50.00  70.0  60.0,0.00 0.00 0.00 89.38 0.54 50.00 0.10 -14.44 6 63 6 63 70.0% 60.0% 350.000 0.000 0.00 -4.90 0.00  2.00 0.00 700.00 0.0% | 1200.00   20.00 HI -50.00 -50.00
2026-09-27T09:13:06.107,DEMO,DEMO,DEMO_MODE,24f8f9829bf14f26914a962224c1ad3a,F1 :    700    0 0.10 -14.44 0.54 50.00  70.0  60.0,0.00 0.00 0.00 89.38 0.54 50.00 0.10 -14.44 6 63 6 63 70.0% 60.0% 350.000 0.000 0.00 -4.90 0.00  2.00 0.00 700.00 0.0% | 1200.00   20.00 HI -50.00 -50.00
2026-09-27T09:13:06.234,DEMO,DEMO,DEMO_MODE,24f8f9829bf14f26914a962224c1ad3a,F1 :    700    0 0.10 -14.44 0.54 50.00  70.0  60.0,0.00 0.00 0.00 89.38 0.54 50.00 0.10 -14.44 6 63 6 63 70.0% 60.0% 350.000 0.000 0.00 -4.90 0.00  2.00 0.00 700.00 0.0% | 1200.00   20.00 HI -50.00 -50.00
2026-09-27T09:13:06.355,DEMO,DEMO,DEMO_MODE,24f8f9829bf14f26914a962224c1ad3a,F1 :    700    0 0.10 -14.44 0.54 50.00  70.0  60.0,0.00 0.00 0.00 89.38 0.54 50.00 0.10 -14.44 6 63 6 63 70.0% 60.0% 350.000 0.000 0.00 -4.90 0.00  2.00 0.00 700.00 0.0% | 1200.00   20.00 HI -50.00 -50.00
2026-09-27T09:13:06.480,DEMO,DEMO,DEMO_MODE,24f8f9829bf14f26914a962224c1ad3a,F1 :    700    0 0.10 -14.44 0.54 50.00  70.0  60.0,0.00 0.00 0.00 89.38 0.54 50.00 0.10 -14.44 6 63 6 63 70.0% 60.0% 350.000 0.000 0.00 -4.90 0.00  2.00 0.00 700.00 0.0% | 1200.00   20.00 HI -50.00 -50.00
2026-09-27T09:13:06.601,DEMO,DEMO,DEMO_MODE,24f8f9829bf14f26914a962224c1ad3a,F1 :    700    0 0.10 -14.44 0.54 50.00  70.0  60.0,0.00 0.00 0.00 89.38 0.54 50.00 0.10 -14.44 6 63 6 63 70.0% 60.0% 350.000 0.000 0.00 -4.90 0.00  2.00 0.00 700.00 0.0% | 1200.00   20.00 HI -50.00 -50.00
2026-09-27T09:13:06.728,DEMO,DEMO,DEMO_MODE,24f8f9829bf14f26914a962224c1ad3a,F1 :    700    0 0.10 -14.44 0.54 50.00  70.0  60.0,0.00 0.00 0.00 89.38 0.54 50.00 0.10 -14.44 6 63 6 63 70.0% 60.0% 350.000 0.000 0.00 -4.90 0.00  2.00 0.00 700.00 0.0% | 1200.00   20.00 HI -50.00 -50.00
2026-09-27T09:13:06.848,DEMO,DEMO,DEMO_MODE,24f8f9829bf14f26914a962224c1ad3a,F1 :    700    1 0.10 -14.44 0.54 50.00  70.0  60.0,0.00 0.00 0.00 89.38 0.54 50.00 0.10 -14.44 6 63 6 63 70.0% 60.0% 350.000 0.000 0.00 -4.90 0.00  2.00 0.00 699.00 0.0% | 1200.00   20.00 HI -50.00 -50.00
2026-09-27T09:13:06.974,DEMO,DEMO,DEMO_MODE,24f8f9829bf14f26914a962224c1ad3a,F1 :    700    1 0.10 -14.44 0.54 50.00  70.0  60.0,0.00 0.00 0.00 89.38 0.54 50.00 0.10 -14.44 6 63 6 63 70.0% 60.0% 350.000 0.000 0.00 -4.90 0.00  2.00 0.00 699.00 0.0% | 1200.00   20.00 HI -50.00 -50.00
2026-09-27T09:13:07.095,DEMO,DEMO,DEMO_MODE,24f8f9829bf14f26914a962224c1ad3a,F1 :    700    1 0.10 -14.44 0.54 50.00  70.0  60.0,0.00 0.00 0.00 89.38 0.54 50.00 0.10 -14.44 6 63 6 63 70.0% 60.0% 350.000 0.000 0.00 -4.90 0.00  2.00 0.00 699.00 0.0% | 1200.00   20.00 HI -50.00 -50.00
2026-09-27T09:13:07.221,DEMO,DEMO,DEMO_MODE,24f8f9829bf14f26914a962224c1ad3a,F1 :    700    1 0.10 -14.44 0.54 50.00  70.0  60.0,0.00 0.00 0.00 89.38 0.54 50.00 0.10 -14.44 6 63 6 63 70.0% 60.0% 350.000 0.000 0.00 -4.90 0.00  2.00 0.00 699.00 0.0% | 1200.00   20.00 HI -50.00 -50.00
2026-09-27T09:13:07.341,DEMO,DEMO,DEMO_MODE,24f8f9829bf14f26914a962224c1ad3a,F1 :    700    1 0.10 -14.44 0.54 50.00  70.0  60.0,0.00 0.00 0.00 89.38 0.54 50.00 0.10 -14.44 6 63 6 63 70.0% 60.0% 350.000 0.000 0.00 -4.90 0.00  2.00 0.00 699.00 0.0% | 1200.00   20.00 HI -50.00 -50.00
2026-09-27T09:13:07.468,DEMO,DEMO,DEMO_MODE,24f8f9829bf14f26914a962224c1ad3a,F1 :    700    1 0.10 -14.44 0.54 50.00  70.0  60.0,0.00 0.00 0.00 89.38 0.54 50.00 0.10 -14.44 6 63 6 63 70.0% 60.0% 350.000 0.000 0.00 -4.90 0.00  2.00 0.00 699.00 0.0% | 1200.00   20.00 HI -50.00 -50.00
2026-09-27T09:13:07.589,DEMO,DEMO,DEMO_MODE,24f8f9829bf14f26914a962224c1ad3a,F1 :    700    1 0.10 -14.44 0.54 50.00  70.0  60.0,0.00 0.00 0.00 89.38 0.54 50.00 0.10 -14.44 6 63 6 63 70.0% 60.0% 350.000 0.000 0.00 -4.90 0.00  2.00 0.00 699.00 0.0% | 1200.00   20.00 HI -50.00 -50.00
2026-09-27T09:13:07.715,DEMO,DEMO,DEMO_MODE,24f8f9829bf14f26914a962224c1ad3a,F1 :    700    1 0.10 -14.44 0.54 50.00  70.0  60.0,0.00 0.00 0.00 89.38 0.54 50.00 0.10 -14.44 6 63 6 63 70.0% 60.0% 350.000 0.000 0.00 -4.90 0.00  2.00 0.00 699.00 0.0% | 1200.00   20.00 HI -50.00 -50.00
2026-09-27T09:13:07.836,DEMO,DEMO,DEMO_MODE,24f8f9829bf14f26914a962224c1ad3a,F1 :    700    1 0.10 -14.44 0.54 50.00  70.0  60.0,0.00 0.00 0.00 89.38 0.54 50.00 0.10 -14.44 6 63 6 63 70.0% 60.0% 350.000 0.000 0.00 -4.90 0.00  2.00 0.00 699.00 0.0% | 1200.00   20.00 HI -50.00 -50.00
2026-09-27T09:13:07.961,DEMO,DEMO,DEMO_MODE,24f8f9829bf14f26914a962224c1ad3a,F1 :    800    1 0.10 -14.44 0.54 50.00  80.0  64.0,0.00 0.00 0.00 89.38 0.54 50.00 0.10 -14.44 6 63 6 63 80.0% 64.0% 400.000 0.000 0.00 -4.90 0.00  2.00 0.00 799.00 0.0% | 1200.00   30.00 HI -50.00 -50.00
2026-09-27T09:13:08.098,DEMO,DEMO,DEMO_MODE,24f8f9829bf14f26914a962224c1ad3a,F1 :    800    1 0.10 -14.44 0.54 50.00  80.0  64.0,0.00 0.00 0.00 89.38 0.54 50.00 0.10 -14.44 6 63 6 63 80.0% 64.0% 400.000 0.000 0.00 -4.90 0.00  2.00 0.00 799.00 0.0% | 1200.00   30.00 HI -50.00 -50.00
2026-09-27T09:13:08.223,DEMO,DEMO,DEMO_MODE,24f8f9829bf14f26914a962224c1ad3a,F1 :    800    1 0.10 -14.44 0.54 50.00  80.0  64.0,0.00 0.00 0.00 89.38 0.54 50.00 0.10 -14.44 6 63 6 63 80.0% 64.0% 400.000 0.000 0.00 -4.90 0.00  2.00 0.00 799.00 0.0% | 1200.00   30.00 HI -50.00 -50.00
2026-09-27T09:13:08.350,DEMO,DEMO,DEMO_MODE,24f8f9829bf14f26914a962224c1ad3a,F1 :    800    1 0.10 -14.44 0.54 50.00  80.0  64.0,0.00 0.00 0.00 89.38 0.54 50.00 0.10 -14.44 6 63 6 63 80.0% 64.0% 400.000 0.000 0.00 -4.90 0.00  2.00 0.00 799.00 0.0% | 1200.00   30.00 HI -50.00 -50.00
2026-09-27T09:13:08.476,DEMO,DEMO,DEMO_MODE,24f8f9829bf14f26914a962224c1ad3a,F1 :    800    1 0.10 -14.44 0.54 50.00  80.0  64.0,0.00 0.00 0.00 89.38 0.54 50.00 0.10 -14.44 6 63 6 63 80.0% 64.0% 400.000 0.000 0.00 -4.90 0.00  2.00 0.00 799.00 0.0% | 1200.00   30.00 HI -50.00 -50.00
2026-09-27T09:13:08.603,DEMO,DEMO,DEMO_MODE,24f8f9829bf14f26914a962224c1ad3a,F1 :    800    1 0.10 -14.44 0.54 50.00  80.0  64.0,0.00 0.00 0.00 89.38 0.54 50.00 0.10 -14.44 6 63 6 63 80.0% 64.0% 400.000 0.000 0.00 -4.90 0.00  2.00 0.00 799.00 0.0% | 1200.00   30.00 HI -50.00 -50.00
2026-09-27T09:13:08.729,DEMO,DEMO,DEMO_MODE,24f8f9829bf14f26914a962224c1ad3a,F1 :    800    1 0.10 -14.44 0.54 50.00  80.0  64.0,0.00 0.00 0.00 89.38 0.54 50.00 0.10 -14.44 6 63 6 63 80.0% 64.0% 400.000 0.000 0.00 -4.90 0.00  2.00 0.00 799.00 0.0% | 1200.00   30.00 HI -50.00 -50.00
2026-09-27T09:13:08.849,DEMO,DEMO,DEMO_MODE,24f8f9829bf14f26914a962224c1ad3a,F1 :    800    1 0.10 -14.44 0.54 50.00  80.0  64.0,0.00 0.00 0.00 89.38 0.54 50.00 0.10 -14.44 6 63 6 63 80.0% 64.0% 400.000 0.000 0.00 -4.90 0.00  2.00 0.00 799.00 0.0% | 1200.00   30.00 HI -50.00 -50.00
2026-09-27T09:13:08.975,DEMO,DEMO,DEMO_MODE,24f8f9829bf14f26914a962224c1ad3a,F1 :    800    1 0.10 -14.44 0.54 50.00  80.0  64.0,0.00 0.00 0.00 89.38 0.54 50.00 0.10 -14.44 6 63 6 63 80.0% 64.0% 400.000 0.000 0.00 -4.90 0.00  2.00 0.00 799.00 0.0% | 1200.00   30.00 HI -50.00 -50.00
2026-09-27T09:13:09.096,DEMO,DEMO,DEMO_MODE,24f8f9829bf14f26914a962224c1ad3a,F1 :    800    1 0.10 -14.44 0.54 50.00  80.0  64.0,0.00 0.00 0.00 89.38 0.54 50.00 0.10 -14.44 6 63 6 63 80.0% 64.0% 400.000 0.000 0.00 -4.90 0.00  2.00 0.00 799.00 0.0% | 1200.00   30.00 HI -50.00 -50.00
2026-09-27T09:13:09.222,DEMO,DEMO,DEMO_MODE,24f8f9829bf14f26914a962224c1ad3a,F1 :    800    1 0.10 -14.44 0.54 50.00  80.0  64.0,0.00 0.00 0.00 89.38 0.54 50.00 0.10 -14.44 6 63 6 63 80.0% 64.0% 400.000 0.000 0.00 -4.90 0.00  2.00 0.00 799.00 0.0% | 1200.00   30.00 HI -50.00 -50.00
2026-09-27T09:13:09.343,DEMO,DEMO,DEMO_MODE,24f8f9829bf14f26914a962224c1ad3a,F1 :    800    1 0.10 -14.44 0.54 50.00  80.0  64.0,0.00 0.00 0.00 89.38 0.54 50.00 0.10 -14.44 6 63 6 63 80.0% 64.0% 400.000 0.000 0.00 -4.90 0.00  2.00 0.00 799.00 0.0% | 1200.00   30.00 HI -50.00 -50.00
2026-09-27T09:13:09.469,DEMO,DEMO,DEMO_MODE,24f8f9829bf14f26914a962224c1ad3a,F1 :    800    1 0.10 -14.44 0.54 50.00  80.0  64.0,0.00 0.00 0.00 89.38 0.54 50.00 0.10 -14.44 6 63 6 63 80.0% 64.0% 400.000 0.000 0.00 -4.90 0.00  2.00 0.00 799.00 0.0% | 1200.00   30.00 HI -50.00 -50.00
2026-09-27T09:13:09.589,DEMO,DEMO,DEMO_MODE,24f8f9829bf14f26914a962224c1ad3a,F1 :    800    1 0.10 -14.44 0.54 50.00  80.0  64.0,0.00 0.00 0.00 89.38 0.54 50.00 0.10 -14.44 6 63 6 63 80.0% 64.0% 400.000 0.000 0.00 -4.90 0.00  2.00 0.00 799.00 0.0% | 1200.00   30.00 HI -50.00 -50.00
2026-09-27T09:13:09.715,DEMO,DEMO,DEMO_MODE,24f8f9829bf14f26914a962224c1ad3a,F1 :    800    1 0.10 -14.44 0.54 50.00  80.0  64.0,0.00 0.00 0.00 89.38 0.54 50.00 0.10 -14.44 6 63 6 63 80.0% 64.0% 400.000 0.000 0.00 -4.90 0.00  2.00 0.00 799.00 0.0% | 1200.00   30.00 HI -50.00 -50.00
2026-09-27T09:13:09.836,DEMO,DEMO,DEMO_MODE,24f8f9829bf14f26914a962224c1ad3a,F1 :    800    1 0.10 -14.44 0.54 50.00  80.0  64.0,0.00 0.00 0.00 89.38 0.54 50.00 0.10 -14.44 6 63 6 63 80.0% 64.0% 400.000 0.000 0.00 -4.90 0.00  2.00 0.00 799.00 0.0% | 1200.00   30.00 HI -50.00 -50.00
2026-09-27T09:13:09.963,DEMO,DEMO,DEMO_MODE,24f8f9829bf14f26914a962224c1ad3a,F1 :    800    1 0.10 -14.44 0.54 50.00  80.0  64.0,0.00 0.00 0.00 89.38 0.54 50.00 0.10 -14.44 6 63 6 63 80.0% 64.0% 400.000 0.000 0.00 -4.90 0.00  2.00 0.00 799.00 0.0% | 1200.00   30.00 HI -50.00 -50.00
2026-09-27T09:13:10.084,DEMO,DEMO,DEMO_MODE,24f8f9829bf14f26914a962224c1ad3a,F1 :    800    1 0.10 -14.44 0.54 50.00  80.0  64.0,0.00 0.00 0.00 89.38 0.54 50.00 0.10 -14.44 6 63 6 63 80.0% 64.0% 400.000 0.000 0.00 -4.90 0.00  2.00 0.00 799.00 0.0% | 1200.00   30.00 HI -50.00 -50.00
2026-09-27T09:13:10.210,DEMO,DEMO,DEMO_MODE,24f8f9829bf14f26914a962224c1ad3a,F1 :    800    1 0.10 -14.44 0.54 50.00  80.0  64.0,0.00 0.00 0.00 89.38 0.54 50.00 0.10 -14.44 6 63 6 63 80.0% 64.0% 400.000 0.000 0.00 -4.90 0.00  2.00 0.00 799.00 0.0% | 1200.00   30.00 HI -50.00 -50.00
2026-09-27T09:13:10.330,DEMO,DEMO,DEMO_MODE,24f8f9829bf14f26914a962224c1ad3a,F1 :    800    1 0.10 -14.44 0.54 50.00  80.0  64.0,0.00 0.00 0.00 89.38 0.54 50.00 0.10 -14.44 6 63 6 63 80.0% 64.0% 400.000 0.000 0.00 -4.90 0.00  2.00 0.00 799.00 0.0% | 1200.00   30.00 HI -50.00 -50.00
2026-09-27T09:13:10.456,DEMO,DEMO,DEMO_MODE,24f8f9829bf14f26914a962224c1ad3a,F1 :    800    1 0.10 -14.44 0.54 50.00  80.0  64.0,0.00 0.00 0.00 89.38 0.54 50.00 0.10 -14.44 6 63 6 63 80.0% 64.0% 400.000 0.000 0.00 -4.90 0.00  2.00 0.00 799.00 0.0% | 1200.00   30.00 HI -50.00 -50.00
2026-09-27T09:13:10.577,DEMO,DEMO,DEMO_MODE,24f8f9829bf14f26914a962224c1ad3a,F1 :    800    1 0.10 -14.44 0.54 50.00  80.0  64.0,0.00 0.00 0.00 89.38 0.54 50.00 0.10 -14.44 6 63 6 63 80.0% 64.0% 400.000 0.000 0.00 -4.90 0.00  2.00 0.00 799.00 0.0% | 1200.00   30.00 HI -50.00 -50.00
2026-09-27T09:13:10.704,DEMO,DEMO,DEMO_MODE,24f8f9829bf14f26914a962224c1ad3a,F1 :    800    1 0.10 -14.44 0.54 50.00  80.0  64.0,0.00 0.00 0.00 89.38 0.54 50.00 0.10 -14.44 6 63 6 63 80.0% 64.0% 400.000 0.000 0.00 -4.90 0.00  2.00 0.00 799.00 0.0% | 1200.00   30.00 HI -50.00 -50.00
2026-09-27T09:13:10.824,DEMO,DEMO,DEMO_MODE,24f8f9829bf14f26914a962224c1ad3a,F1 :    800    1 0.10 -14.44 0.54 50.00  80.0  64.0,0.00 0.00 0.00 89.38 0.54 50.00 0.10 -14.44 6 63 6 63 80.0% 64.0% 400.000 0.000 0.00 -4.90 0.00  2.00 0.00 799.00 0.0% | 1200.00   30.00 HI -50.00 -50.00
2026-09-27T09:13:10.950,DEMO,DEMO,DEMO_MODE,24f8f9829bf14f26914a962224c1ad3a,F1 :    800    1 0.10 -14.44 0.54 50.00  80.0  64.0,0.00 0.00 0.00 89.38 0.54 50.00 0.10 -14.44 6 63 6 63 80.0% 64.0% 400.000 0.000 0.00 -4.90 0.00  2.00 0.00 799.00 0.0% | 1200.00   30.00 HI -50.00 -50.00
2026-09-27T09:13:11.071,DEMO,DEMO,DEMO_MODE,24f8f9829bf14f26914a962224c1ad3a,F1 :    800    1 0.10 -14.44 0.54 50.00  80.0  64.0,0.00 0.00 0.00 89.38 0.54 50.00 0.10 -14.44 6 63 6 63 80.0% 64.0% 400.000 0.000 0.00 -4.90 0.00  2.00 0.00 799.00 0.0% | 1200.00   30.00 HI -50.00 -50.00
2026-09-27T09:13:11.198,DEMO,DEMO,DEMO_MODE,24f8f9829bf14f26914a962224c1ad3a,F1 :    800    1 0.10 -14.44 0.54 50.00  80.0  64.0,0.00 0.00 0.00 89.38 0.54 50.00 0.10 -14.44 6 63 6 63 80.0% 64.0% 400.000 0.000 0.00 -4.90 0.00  2.00 0.00 799.00 0.0% | 1200.00   30.00 HI -50.00 -50.00
2026-09-27T09:13:11.318,DEMO,DEMO,DEMO_MODE,24f8f9829bf14f26914a962224c1ad3a,F1 :    800    1 0.10 -14.44 0.54 50.00  80.0  64.0,0.00 0.00 0.00 89.38 0.54 50.00 0.10 -14.44 6 63 6 63 80.0% 64.0% 400.000 0.000 0.00 -4.90 0.00  2.00 0.00 799.00 0.0% | 1200.00   30.00 HI -50.00 -50.00
2026-09-27T09:13:11.445,DEMO,DEMO,DEMO_MODE,24f8f9829bf14f26914a962224c1ad3a,F1 :    800    1 0.10 -14.44 0.54 50.00  80.0  64.0,0.00 0.00 0.00 89.38 0.54 50.00 0.10 -14.44 6 63 6 63 80.0% 64.0% 400.000 0.000 0.00 -4.90 0.00  2.00 0.00 799.00 0.0% | 1200.00   30.00 HI -50.00 -50.00
2026-09-27T09:13:11.566,DEMO,DEMO,DEMO_MODE,24f8f9829bf14f26914a962224c1ad3a,F1 :    800    1 0.10 -14.44 0.54 50.00  80.0  64.0,0.00 0.00 0.00 89.38 0.54 50.00 0.10 -14.44 6 63 6 63 80.0% 64.0% 400.000 0.000 0.00 -4.90 0.00  2.00 0.00 799.00 0.0% | 1200.00   30.00 HI -50.00 -50.00
2026-09-27T09:13:11.693,DEMO,DEMO,DEMO_MODE,24f8f9829bf14f26914a962224c1ad3a,F1 :    800    1 0.10 -14.44 0.54 50.00  80.0  64.0,0.00 0.00 0.00 89.38 0.54 50.00 0.10 -14.44 6 63 6 63 80.0% 64.0% 400.000 0.000 0.00 -4.90 0.00  2.00 0.00 799.00 0.0% | 1200.00   30.00 HI -50.00 -50.00
2026-09-27T09:13:11.814,DEMO,DEMO,DEMO_MODE,24f8f9829bf14f26914a962224c1ad3a,F1 :    800    1 0.10 -14.44 0.54 50.00  80.0  64.0,0.00 0.00 0.00 89.38 0.54 50.00 0.10 -14.44 6 63 6 63 80.0% 64.0% 400.000 0.000 0.00 -4.90 0.00  2.00 0.00 799.00 0.0% | 1200.00   30.00 HI -50.00 -50.00
2026-09-27T09:13:11.940,DEMO,DEMO,DEMO_MODE,24f8f9829bf14f26914a962224c1ad3a,F1 :    800    1 0.10 -14.44 0.54 50.00  80.0  64.0,0.00 0.00 0.00 89.38 0.54 50.00 0.10 -14.44 6 63 6 63 80.0% 64.0% 400.000 0.000 0.00 -4.90 0.00  2.00 0.00 799.00 0.0% | 1200.00   30.00 HI -50.00 -50.00
2026-09-27T09:13:12.061,DEMO,DEMO,DEMO_MODE,24f8f9829bf14f26914a962224c1ad3a,F1 :    800    1 0.10 -14.44 0.54 50.00  80.0  64.0,0.00 0.00 0.00 89.38 0.54 50.00 0.10 -14.44 6 63 6 63 80.0% 64.0% 400.000 0.000 0.00 -4.90 0.00  2.00 0.00 799.00 0.0% | 1200.00   30.00 HI -50.00 -50.00
2026-09-27T09:13:12.187,DEMO,DEMO,DEMO_MODE,24f8f9829bf14f26914a962224c1ad3a,F1 :    800    1 0.10 -14.44 0.54 50.00  80.0  64.0,0.00 0.00 0.00 89.38 0.54 50.00 0.10 -14.44 6 63 6 63 80.0% 64.0% 400.000 0.000 0.00 -4.90 0.00  2.00 0.00 799.00 0.0% | 1200.00   30.00 HI -50.00 -50.00
2026-09-27T09:13:12.308,DEMO,DEMO,DEMO_MODE,24f8f9829bf14f26914a962224c1ad3a,F1 :    800    1 0.10 -14.44 0.54 50.00  80.0  64.0,0.00 0.00 0.00 89.38 0.54 50.00 0.10 -14.44 6 63 6 63 80.0% 64.0% 400.000 0.000 0.00 -4.90 0.00  2.00 0.00 799.00 0.0% | 1200.00   30.00 HI -50.00 -50.00
2026-09-27T09:13:12.433,DEMO,DEMO,DEMO_MODE,24f8f9829bf14f26914a962224c1ad3a,F1 :    800    1 0.10 -14.44 0.54 50.00  80.0  64.0,0.00 0.00 0.00 89.38 0.54 50.00 0.10 -14.44 6 63 6 63 80.0% 64.0% 400.000 0.000 0.00 -4.90 0.00  2.00 0.00 799.00 0.0% | 1200.00   30.00 HI -50.00 -50.00
2026-09-27T09:13:12.553,DEMO,DEMO,DEMO_MODE,24f8f9829bf14f26914a962224c1ad3a,F1 :    800    1 0.10 -14.44 0.54 50.00  80.0  64.0,0.00 0.00 0.00 89.38 0.54 50.00 0.10 -14.44 6 63 6 63 80.0% 64.0% 400.000 0.000 0.00 -4.90 0.00  2.00 0.00 799.00 0.0% | 1200.00   30.00 HI -50.00 -50.00
2026-09-27T09:13:12.679,DEMO,DEMO,DEMO_MODE,24f8f9829bf14f26914a962224c1ad3a,F1 :    800    1 0.10 -14.44 0.54 50.00  80.0  64.0,0.00 0.00 0.00 89.38 0.54 50.00 0.10 -14.44 6 63 6 63 80.0% 64.0% 400.000 0.000 0.00 -4.90 0.00  2.00 0.00 799.00 0.0% | 1200.00   30.00 HI -50.00 -50.00
2026-09-27T09:13:12.800,DEMO,DEMO,DEMO_MODE,24f8f9829bf14f26914a962224c1ad3a,F1 :    800    1 0.10 -14.44 0.54 50.00  80.0  64.0,0.00 0.00 0.00 89.38 0.54 50.00 0.10 -14.44 6 63 6 63 80.0% 64.0% 400.000 0.000 0.00 -4.90 0.00  2.00 0.00 799.00 0.0% | 1200.00   30.00 HI -50.00 -50.00
2026-09-27T09:13:12.926,DEMO,DEMO,DEMO_MODE,24f8f9829bf14f26914a962224c1ad3a,F1 :    800    1 0.10 -14.44 0.54 50.00  80.0  64.0,0.00 0.00 0.00 89.38 0.54 50.00 0.10 -14.44 6 63 6 63 80.0% 64.0% 400.000 0.000 0.00 -4.90 0.00  2.00 0.00 799.00 0.0% | 1200.00   30.00 HI -50.00 -50.00
2026-09-27T09:13:13.047,DEMO,DEMO,DEMO_MODE,24f8f9829bf14f26914a962224c1ad3a,F1 :    800    1 0.10 -14.44 0.54 50.00  80.0  68.0,0.00 0.00 0.00 89.38 0.54 50.00 0.10 -14.44 6 63 6 63 80.0% 68.0% 400.000 0.000 0.00 -4.90 0.00  2.00 0.00 799.00 0.0% | 1200.00   30.00 HI -50.00 -50.00
2026-09-27T09:13:13.172,DEMO,DEMO,DEMO_MODE,24f8f9829bf14f26914a962224c1ad3a,F1 :    800    1 0.10 -14.44 0.54 50.00  80.0  68.0,0.00 0.00 0.00 89.38 0.54 50.00 0.10 -14.44 6 63 6 63 80.0% 68.0% 400.000 0.000 0.00 -4.90 0.00  2.00 0.00 799.00 0.0% | 1200.00   30.00 HI -50.00 -50.00
2026-09-27T09:13:13.293,DEMO,DEMO,DEMO_MODE,24f8f9829bf14f26914a962224c1ad3a,F1 :    800    1 0.10 -14.44 0.54 50.00  80.0  68.0,0.00 0.00 0.00 89.38 0.54 50.00 0.10 -14.44 6 63 6 63 80.0% 68.0% 400.000 0.000 0.00 -4.90 0.00  2.00 0.00 799.00 0.0% | 1200.00   30.00 HI -50.00 -50.00
2026-09-27T09:13:13.420,DEMO,DEMO,DEMO_MODE,24f8f9829bf14f26914a962224c1ad3a,F1 :    800    1 0.10 -14.44 0.54 50.00  80.0  68.0,0.00 0.00 0.00 89.38 0.54 50.00 0.10 -14.44 6 63 6 63 80.0% 68.0% 400.000 0.000 0.00 -4.90 0.00  2.00 0.00 799.00 0.0% | 1200.00   30.00 HI -50.00 -50.00
2026-09-27T09:13:13.546,DEMO,DEMO,DEMO_MODE,24f8f9829bf14f26914a962224c1ad3a,F1 :    800    1 0.10 -14.44 0.54 50.00  80.0  68.0,0.00 0.00 0.00 89.38 0.54 50.00 0.10 -14.44 6 63 6 63 80.0% 68.0% 400.000 0.000 0.00 -4.90 0.00  2.00 0.00 799.00 0.0% | 1200.00   30.00 HI -50.00 -50.00
2026-09-27T09:13:13.672,DEMO,DEMO,DEMO_MODE,24f8f9829bf14f26914a962224c1ad3a,F1 :    800    1 0.10 -14.44 0.54 50.00  80.0  68.0,0.00 0.00 0.00 89.38 0.54 50.00 0.10 -14.44 6 63 6 63 80.0% 68.0% 400.000 0.000 0.00 -4.90 0.00  2.00 0.00 799.00 0.0% | 1200.00   30.00 HI -50.00 -50.00
2026-09-27T09:13:13.793,DEMO,DEMO,DEMO_MODE,24f8f9829bf14f26914a962224c1ad3a,F1 :    800    1 0.10 -14.44 0.54 50.00  80.0  68.0,0.00 0.00 0.00 89.38 0.54 50.00 0.10 -14.44 6 63 6 63 80.0% 68.0% 400.000 0.000 0.00 -4.90 0.00  2.00 0.00 799.00 0.0% | 1200.00   30.00 HI -50.00 -50.00
2026-09-27T09:13:13.919,DEMO,DEMO,DEMO_MODE,24f8f9829bf14f26914a962224c1ad3a,F1 :    800    1 0.10 -14.44 0.54 50.00  80.0  68.0,0.00 0.00 0.00 89.38 0.54 50.00 0.10 -14.44 6 63 6 63 80.0% 68.0% 400.000 0.000 0.00 -4.90 0.00  2.00 0.00 799.00 0.0% | 1200.00   30.00 HI -50.00 -50.00
2026-09-27T09:13:14.040,DEMO,DEMO,DEMO_MODE,24f8f9829bf14f26914a962224c1ad3a,F1 :    800    1 0.10 -14.44 0.54 50.00  80.0  68.0,0.00 0.00 0.00 89.38 0.54 50.00 0.10 -14.44 6 63 6 63 80.0% 68.0% 400.000 0.000 0.00 -4.90 0.00  2.00 0.00 799.00 0.0% | 1200.00   30.00 HI -50.00 -50.00
2026-09-27T09:13:14.160,DEMO,DEMO,DEMO_MODE,24f8f9829bf14f26914a962224c1ad3a,F1 :    800    1 0.10 -14.44 0.54 50.00  80.0  68.0,0.00 0.00 0.00 89.38 0.54 50.00 0.10 -14.44 6 63 6 63 80.0% 68.0% 400.000 0.000 0.00 -4.90 0.00  2.00 0.00 799.00 0.0% | 1200.00   30.00 HI -50.00 -50.00
2026-09-27T09:13:14.282,DEMO,DEMO,DEMO_MODE,24f8f9829bf14f26914a962224c1ad3a,F1 :    800    1 0.10 -14.44 0.54 50.00  80.0  68.0,0.00 0.00 0.00 89.38 0.54 50.00 0.10 -14.44 6 63 6 63 80.0% 68.0% 400.000 0.000 0.00 -4.90 0.00  2.00 0.00 799.00 0.0% | 1200.00   30.00 HI -50.00 -50.00
2026-09-27T09:13:14.402,DEMO,DEMO,DEMO_MODE,24f8f9829bf14f26914a962224c1ad3a,F1 :    800    1 0.10 -14.44 0.54 50.00  80.0  68.0,0.00 0.00 0.00 89.38 0.54 50.00 0.10 -14.44 6 63 6 63 80.0% 68.0% 400.000 0.000 0.00 -4.90 0.00  2.00 0.00 799.00 0.0% | 1200.00   30.00 HI -50.00 -50.00
2026-09-27T09:13:14.523,DEMO,DEMO,DEMO_MODE,24f8f9829bf14f26914a962224c1ad3a,F1 :    800    1 0.10 -14.44 0.54 50.00  80.0  68.0,0.00 0.00 0.00 89.38 0.54 50.00 0.10 -14.44 6 63 6 63 80.0% 68.0% 400.000 0.000 0.00 -4.90 0.00  2.00 0.00 799.00 0.0% | 1200.00   30.00 HI -50.00 -50.00
2026-09-27T09:13:14.643,DEMO,DEMO,DEMO_MODE,24f8f9829bf14f26914a962224c1ad3a,F1 :    800    1 0.10 -14.44 0.54 50.00  80.0  68.0,0.00 0.00 0.00 89.38 0.54 50.00 0.10 -14.44 6 63 6 63 80.0% 68.0% 400.000 0.000 0.00 -4.90 0.00  2.00 0.00 799.00 0.0% | 1200.00   30.00 HI -50.00 -50.00
2026-09-27T09:13:14.764,DEMO,DEMO,DEMO_MODE,24f8f9829bf14f26914a962224c1ad3a,F1 :    800    1 0.10 -14.44 0.54 50.00  80.0  68.0,0.00 0.00 0.00 89.38 0.54 50.00 0.10 -14.44 6 63 6 63 80.0% 68.0% 400.000 0.000 0.00 -4.90 0.00  2.00 0.00 799.00 0.0% | 1200.00   30.00 HI -50.00 -50.00
2026-09-27T09:13:14.885,DEMO,DEMO,DEMO_MODE,24f8f9829bf14f26914a962224c1ad3a,F1 :    800    1 0.10 -14.44 0.54 50.00  80.0  68.0,0.00 0.00 0.00 89.38 0.54 50.00 0.10 -14.44 6 63 6 63 80.0% 68.0% 400.000 0.000 0.00 -4.90 0.00  2.00 0.00 799.00 0.0% | 1200.00   30.00 HI -50.00 -50.00
2026-09-27T09:13:15.006,DEMO,DEMO,DEMO_MODE,24f8f9829bf14f26914a962224c1ad3a,F1 :    800    1 0.10 -14.44 0.54 50.00  80.0  68.0,0.00 0.00 0.00 89.38 0.54 50.00 0.10 -14.44 6 63 6 63 80.0% 68.0% 400.000 0.000 0.00 -4.90 0.00  2.00 0.00 799.00 0.0% | 1200.00   30.00 HI -50.00 -50.00
2026-09-27T09:13:15.127,DEMO,DEMO,DEMO_MODE,24f8f9829bf14f26914a962224c1ad3a,F1 :    800    1 0.10 -14.44 0.54 50.00  80.0  68.0,0.00 0.00 0.00 89.38 0.54 50.00 0.10 -14.44 6 63 6 63 80.0% 68.0% 400.000 0.000 0.00 -4.90 0.00  2.00 0.00 799.00 0.0% | 1200.00   30.00 HI -50.00 -50.00
2026-09-27T09:13:15.248,DEMO,DEMO,DEMO_MODE,24f8f9829bf14f26914a962224c1ad3a,F1 :    800    1 0.10 -14.44 0.54 50.00  80.0  68.0,0.00 0.00 0.00 89.38 0.54 50.00 0.10 -14.44 6 63 6 63 80.0% 68.0% 400.000 0.000 0.00 -4.90 0.00  2.00 0.00 799.00 0.0% | 1200.00   30.00 HI -50.00 -50.00
2026-09-27T09:13:15.369,DEMO,DEMO,DEMO_MODE,24f8f9829bf14f26914a962224c1ad3a,F1 :    800    1 0.10 -14.44 0.54 50.00  80.0  68.0,0.00 0.00 0.00 89.38 0.54 50.00 0.10 -14.44 6 63 6 63 80.0% 68.0% 400.000 0.000 0.00 -4.90 0.00  2.00 0.00 799.00 0.0% | 1200.00   30.00 HI -50.00 -50.00
2026-09-27T09:13:15.490,DEMO,DEMO,DEMO_MODE,24f8f9829bf14f26914a962224c1ad3a,F1 :    800    1 0.10 -14.44 0.54 50.00  80.0  68.0,0.00 0.00 0.00 89.38 0.54 50.00 0.10 -14.44 6 63 6 63 80.0% 68.0% 400.000 0.000 0.00 -4.90 0.00  2.00 0.00 799.00 0.0% | 1200.00   30.00 HI -50.00 -50.00
2026-09-27T09:13:15.611,DEMO,DEMO,DEMO_MODE,24f8f9829bf14f26914a962224c1ad3a,F1 :    800    1 0.10 -14.44 0.54 50.00  80.0  68.0,0.00 0.00 0.00 89.38 0.54 50.00 0.10 -14.44 6 63 6 63 80.0% 68.0% 400.000 0.000 0.00 -4.90 0.00  2.00 0.00 799.00 0.0% | 1200.00   30.00 HI -50.00 -50.00
2026-09-27T09:13:15.737,DEMO,DEMO,DEMO_MODE,24f8f9829bf14f26914a962224c1ad3a,F1 :    800    1 0.10 -14.44 0.54 50.00  80.0  68.0,0.00 0.00 0.00 89.38 0.54 50.00 0.10 -14.44 6 63 6 63 80.0% 68.0% 400.000 0.000 0.00 -4.90 0.00  2.00 0.00 799.00 0.0% | 1200.00   30.00 HI -50.00 -50.00
2026-09-27T09:13:15.858,DEMO,DEMO,DEMO_MODE,24f8f9829bf14f26914a962224c1ad3a,F1 :    800    1 0.10 -14.44 0.54 50.00  80.0  68.0,0.00 0.00 0.00 89.38 0.54 50.00 0.10 -14.44 6 63 6 63 80.0% 68.0% 400.000 0.000 0.00 -4.90 0.00  2.00 0.00 799.00 0.0% | 1200.00   30.00 HI -50.00 -50.00
2026-09-27T09:13:15.984,DEMO,DEMO,DEMO_MODE,24f8f9829bf14f26914a962224c1ad3a,F1 :    800    1 0.10 -14.44 0.54 50.00  80.0  68.0,0.00 0.00 0.00 89.38 0.54 50.00 0.10 -14.44 6 63 6 63 80.0% 68.0% 400.000 0.000 0.00 -4.90 0.00  2.00 0.00 799.00 0.0% | 1200.00   30.00 HI -50.00 -50.00
2026-09-27T09:13:16.105,DEMO,DEMO,DEMO_MODE,24f8f9829bf14f26914a962224c1ad3a,F1 :    800    2 0.10 -14.44 0.54 50.00  80.0  68.0,0.00 0.00 0.00 89.38 0.54 50.00 0.10 -14.44 6 63 6 63 80.0% 68.0% 400.000 0.000 0.00 -4.90 0.00  2.00 0.00 798.00 0.0% | 1200.00   30.00 HI -50.00 -50.00
2026-09-27T09:13:16.231,DEMO,DEMO,DEMO_MODE,24f8f9829bf14f26914a962224c1ad3a,F1 :    800    2 0.10 -14.44 0.54 50.00  80.0  68.0,0.00 0.00 0.00 89.38 0.54 50.00 0.10 -14.44 6 63 6 63 80.0% 68.0% 400.000 0.000 0.00 -4.90 0.00  2.00 0.00 798.00 0.0% | 1200.00   30.00 HI -50.00 -50.00
2026-09-27T09:13:16.357,DEMO,DEMO,DEMO_MODE,24f8f9829bf14f26914a962224c1ad3a,F1 :    800    2 0.10 -14.44 0.54 50.00  80.0  68.0,0.00 0.00 0.00 89.38 0.54 50.00 0.10 -14.44 6 63 6 63 80.0% 68.0% 400.000 0.000 0.00 -4.90 0.00  2.00 0.00 798.00 0.0% | 1200.00   30.00 HI -50.00 -50.00
2026-09-27T09:13:16.483,DEMO,DEMO,DEMO_MODE,24f8f9829bf14f26914a962224c1ad3a,F1 :    800    2 0.10 -14.44 0.54 50.00  80.0  68.0,0.00 0.00 0.00 89.38 0.54 50.00 0.10 -14.44 6 63 6 63 80.0% 68.0% 400.000 0.000 0.00 -4.90 0.00  2.00 0.00 798.00 0.0% | 1200.00   30.00 HI -50.00 -50.00
2026-09-27T09:13:16.604,DEMO,DEMO,DEMO_MODE,24f8f9829bf14f26914a962224c1ad3a,F1 :    800    2 0.10 -14.44 0.54 50.00  80.0  68.0,0.00 0.00 0.00 89.38 0.54 50.00 0.10 -14.44 6 63 6 63 80.0% 68.0% 400.000 0.000 0.00 -4.90 0.00  2.00 0.00 798.00 0.0% | 1200.00   30.00 HI -50.00 -50.00
2026-09-27T09:13:16.730,DEMO,DEMO,DEMO_MODE,24f8f9829bf14f26914a962224c1ad3a,F1 :    800    2 0.10 -14.44 0.54 50.00  80.0  68.0,0.00 0.00 0.00 89.38 0.54 50.00 0.10 -14.44 6 63 6 63 80.0% 68.0% 400.000 0.000 0.00 -4.90 0.00  2.00 0.00 798.00 0.0% | 1200.00   30.00 HI -50.00 -50.00
2026-09-27T09:13:16.851,DEMO,DEMO,DEMO_MODE,24f8f9829bf14f26914a962224c1ad3a,F1 :    800    2 0.10 -14.44 0.54 50.00  80.0  68.0,0.00 0.00 0.00 89.38 0.54 50.00 0.10 -14.44 6 63 6 63 80.0% 68.0% 400.000 0.000 0.00 -4.90 0.00  2.00 0.00 798.00 0.0% | 1200.00   30.00 HI -50.00 -50.00
2026-09-27T09:13:16.977,DEMO,DEMO,DEMO_MODE,24f8f9829bf14f26914a962224c1ad3a,F1 :    800    2 0.10 -14.44 0.54 50.00  80.0  68.0,0.00 0.00 0.00 89.38 0.54 50.00 0.10 -14.44 6 63 6 63 80.0% 68.0% 400.000 0.000 0.00 -4.90 0.00  2.00 0.00 798.00 0.0% | 1200.00   30.00 HI -50.00 -50.00
2026-09-27T09:13:17.098,DEMO,DEMO,DEMO_MODE,24f8f9829bf14f26914a962224c1ad3a,F1 :    800    2 0.10 -14.44 0.54 50.00  80.0  68.0,0.00 0.00 0.00 89.38 0.54 50.00 0.10 -14.44 6 63 6 63 80.0% 68.0% 400.000 0.000 0.00 -4.90 0.00  2.00 0.00 798.00 0.0% | 1200.00   30.00 HI -50.00 -50.00
2026-09-27T09:13:17.225,DEMO,DEMO,DEMO_MODE,24f8f9829bf14f26914a962224c1ad3a,F1 :    800    2 0.10 -14.44 0.54 50.00  80.0  68.0,0.00 0.00 0.00 89.38 0.54 50.00 0.10 -14.44 6 63 6 63 80.0% 68.0% 400.000 0.000 0.00 -4.90 0.00  2.00 0.00 798.00 0.0% | 1200.00   30.00 HI -50.00 -50.00
2026-09-27T09:13:17.345,DEMO,DEMO,DEMO_MODE,24f8f9829bf14f26914a962224c1ad3a,F1 :    800    2 0.10 -14.44 0.54 50.00  80.0  68.0,0.00 0.00 0.00 89.38 0.54 50.00 0.10 -14.44 6 63 6 63 80.0% 68.0% 400.000 0.000 0.00 -4.90 0.00  2.00 0.00 798.00 0.0% | 1200.00   30.00 HI -50.00 -50.00
2026-09-27T09:13:17.471,DEMO,DEMO,DEMO_MODE,24f8f9829bf14f26914a962224c1ad3a,F1 :    800    2 0.10 -14.44 0.54 50.00  80.0  68.0,0.00 0.00 0.00 89.38 0.54 50.00 0.10 -14.44 6 63 6 63 80.0% 68.0% 400.000 0.000 0.00 -4.90 0.00  2.00 0.00 798.00 0.0% | 1200.00   30.00 HI -50.00 -50.00
2026-09-27T09:13:17.592,DEMO,DEMO,DEMO_MODE,24f8f9829bf14f26914a962224c1ad3a,F1 :    800    2 0.10 -14.44 0.54 50.00  80.0  68.0,0.00 0.00 0.00 89.38 0.54 50.00 0.10 -14.44 6 63 6 63 80.0% 68.0% 400.000 0.000 0.00 -4.90 0.00  2.00 0.00 798.00 0.0% | 1200.00   30.00 HI -50.00 -50.00
2026-09-27T09:13:17.718,DEMO,DEMO,DEMO_MODE,24f8f9829bf14f26914a962224c1ad3a,F1 :    800    2 0.10 -14.44 0.54 50.00  80.0  68.0,0.00 0.00 0.00 89.38 0.54 50.00 0.10 -14.44 6 63 6 63 80.0% 68.0% 400.000 0.000 0.00 -4.90 0.00  2.00 0.00 798.00 0.0% | 1200.00   30.00 HI -50.00 -50.00
2026-09-27T09:13:17.849,DEMO,DEMO,DEMO_MODE,24f8f9829bf14f26914a962224c1ad3a,F1 :    800    2 0.10 -14.44 0.54 50.00  80.0  68.0,0.00 0.00 0.00 89.38 0.54 50.00 0.10 -14.44 6 63 6 63 80.0% 68.0% 400.000 0.000 0.00 -4.90 0.00  2.00 0.00 798.00 0.0% | 1200.00   30.00 HI -50.00 -50.00
2026-09-27T09:13:17.976,DEMO,DEMO,DEMO_MODE,24f8f9829bf14f26914a962224c1ad3a,F1 :    800    2 0.10 -14.44 0.54 50.00  80.0  68.0,0.00 0.00 0.00 89.38 0.54 50.00 0.10 -14.44 6 63 6 63 80.0% 68.0% 400.000 0.000 0.00 -4.90 0.00  2.00 0.00 798.00 0.0% | 1200.00   30.00 HI -50.00 -50.00
2026-09-27T09:13:18.096,DEMO,DEMO,DEMO_MODE,24f8f9829bf14f26914a962224c1ad3a,F1 :    800    2 0.10 -14.44 0.54 50.00  80.0  68.0,0.00 0.00 0.00 89.38 0.54 50.00 0.10 -14.44 6 63 6 63 80.0% 68.0% 400.000 0.000 0.00 -4.90 0.00  2.00 0.00 798.00 0.0% | 1200.00   30.00 HI -50.00 -50.00
2026-09-27T09:13:18.223,DEMO,DEMO,DEMO_MODE,24f8f9829bf14f26914a962224c1ad3a,F1 :    900    2 0.10 -14.44 0.54 50.00  90.0  72.0,0.00 0.00 0.00 89.38 0.54 50.00 0.10 -14.44 6 63 6 63 90.0% 72.0% 450.000 0.000 0.00 -4.90 0.00  2.00 0.00 898.00 0.0% | 1200.00   40.00 HI -50.00 -50.00
2026-09-27T09:13:18.344,DEMO,DEMO,DEMO_MODE,24f8f9829bf14f26914a962224c1ad3a,F1 :    900    2 0.10 -14.44 0.54 50.00  90.0  72.0,0.00 0.00 0.00 89.38 0.54 50.00 0.10 -14.44 6 63 6 63 90.0% 72.0% 450.000 0.000 0.00 -4.90 0.00  2.00 0.00 898.00 0.0% | 1200.00   40.00 HI -50.00 -50.00
2026-09-27T09:13:18.470,DEMO,DEMO,DEMO_MODE,24f8f9829bf14f26914a962224c1ad3a,F1 :    900    2 0.10 -14.44 0.54 50.00  90.0  72.0,0.00 0.00 0.00 89.38 0.54 50.00 0.10 -14.44 6 63 6 63 90.0% 72.0% 450.000 0.000 0.00 -4.90 0.00  2.00 0.00 898.00 0.0% | 1200.00   40.00 HI -50.00 -50.00
2026-09-27T09:13:18.590,DEMO,DEMO,DEMO_MODE,24f8f9829bf14f26914a962224c1ad3a,F1 :    900    2 0.10 -14.44 0.54 50.00  90.0  72.0,0.00 0.00 0.00 89.38 0.54 50.00 0.10 -14.44 6 63 6 63 90.0% 72.0% 450.000 0.000 0.00 -4.90 0.00  2.00 0.00 898.00 0.0% | 1200.00   40.00 HI -50.00 -50.00
2026-09-27T09:13:18.716,DEMO,DEMO,DEMO_MODE,24f8f9829bf14f26914a962224c1ad3a,F1 :    900    2 0.10 -14.44 0.54 50.00  90.0  72.0,0.00 0.00 0.00 89.38 0.54 50.00 0.10 -14.44 6 63 6 63 90.0% 72.0% 450.000 0.000 0.00 -4.90 0.00  2.00 0.00 898.00 0.0% | 1200.00   40.00 HI -50.00 -50.00
2026-09-27T09:13:18.837,DEMO,DEMO,DEMO_MODE,24f8f9829bf14f26914a962224c1ad3a,F1 :    900    2 0.10 -14.44 0.54 50.00  90.0  72.0,0.00 0.00 0.00 89.38 0.54 50.00 0.10 -14.44 6 63 6 63 90.0% 72.0% 450.000 0.000 0.00 -4.90 0.00  2.00 0.00 898.00 0.0% | 1200.00   40.00 HI -50.00 -50.00
2026-09-27T09:13:18.964,DEMO,DEMO,DEMO_MODE,24f8f9829bf14f26914a962224c1ad3a,F1 :    900    2 0.10 -14.44 0.54 50.00  90.0  72.0,0.00 0.00 0.00 89.38 0.54 50.00 0.10 -14.44 6 63 6 63 90.0% 72.0% 450.000 0.000 0.00 -4.90 0.00  2.00 0.00 898.00 0.0% | 1200.00   40.00 HI -50.00 -50.00
2026-09-27T09:13:19.084,DEMO,DEMO,DEMO_MODE,24f8f9829bf14f26914a962224c1ad3a,F1 :    900    2 0.10 -14.44 0.54 50.00  90.0  72.0,0.00 0.00 0.00 89.38 0.54 50.00 0.10 -14.44 6 63 6 63 90.0% 72.0% 450.000 0.000 0.00 -4.90 0.00  2.00 0.00 898.00 0.0% | 1200.00   40.00 HI -50.00 -50.00
2026-09-27T09:13:19.210,DEMO,DEMO,DEMO_MODE,24f8f9829bf14f26914a962224c1ad3a,F1 :    900    2 0.10 -14.44 0.54 50.00  90.0  72.0,0.00 0.00 0.00 89.38 0.54 50.00 0.10 -14.44 6 63 6 63 90.0% 72.0% 450.000 0.000 0.00 -4.90 0.00  2.00 0.00 898.00 0.0% | 1200.00   40.00 HI -50.00 -50.00
2026-09-27T09:13:19.331,DEMO,DEMO,DEMO_MODE,24f8f9829bf14f26914a962224c1ad3a,F1 :    900    2 0.10 -14.44 0.54 50.00  90.0  72.0,0.00 0.00 0.00 89.38 0.54 50.00 0.10 -14.44 6 63 6 63 90.0% 72.0% 450.000 0.000 0.00 -4.90 0.00  2.00 0.00 898.00 0.0% | 1200.00   40.00 HI -50.00 -50.00
2026-09-27T09:13:19.457,DEMO,DEMO,DEMO_MODE,24f8f9829bf14f26914a962224c1ad3a,F1 :    900    2 0.10 -14.44 0.54 50.00  90.0  72.0,0.00 0.00 0.00 89.38 0.54 50.00 0.10 -14.44 6 63 6 63 90.0% 72.0% 450.000 0.000 0.00 -4.90 0.00  2.00 0.00 898.00 0.0% | 1200.00   40.00 HI -50.00 -50.00
2026-09-27T09:13:19.578,DEMO,DEMO,DEMO_MODE,24f8f9829bf14f26914a962224c1ad3a,F1 :    900    2 0.10 -14.44 0.54 50.00  90.0  72.0,0.00 0.00 0.00 89.38 0.54 50.00 0.10 -14.44 6 63 6 63 90.0% 72.0% 450.000 0.000 0.00 -4.90 0.00  2.00 0.00 898.00 0.0% | 1200.00   40.00 HI -50.00 -50.00
2026-09-27T09:13:19.704,DEMO,DEMO,DEMO_MODE,24f8f9829bf14f26914a962224c1ad3a,F1 :    900    2 0.10 -14.44 0.54 50.00  90.0  72.0,0.00 0.00 0.00 89.38 0.54 50.00 0.10 -14.44 6 63 6 63 90.0% 72.0% 450.000 0.000 0.00 -4.90 0.00  2.00 0.00 898.00 0.0% | 1200.00   40.00 HI -50.00 -50.00
2026-09-27T09:13:19.825,DEMO,DEMO,DEMO_MODE,24f8f9829bf14f26914a962224c1ad3a,F1 :    900    2 0.10 -14.44 0.54 50.00  90.0  72.0,0.00 0.00 0.00 89.38 0.54 50.00 0.10 -14.44 6 63 6 63 90.0% 72.0% 450.000 0.000 0.00 -4.90 0.00  2.00 0.00 898.00 0.0% | 1200.00   40.00 HI -50.00 -50.00
2026-09-27T09:13:19.951,DEMO,DEMO,DEMO_MODE,24f8f9829bf14f26914a962224c1ad3a,F1 :    900    2 0.10 -14.44 0.54 50.00  90.0  72.0,0.00 0.00 0.00 89.38 0.54 50.00 0.10 -14.44 6 63 6 63 90.0% 72.0% 450.000 0.000 0.00 -4.90 0.00  2.00 0.00 898.00 0.0% | 1200.00   40.00 HI -50.00 -50.00
2026-09-27T09:13:20.071,DEMO,DEMO,DEMO_MODE,24f8f9829bf14f26914a962224c1ad3a,F1 :    900    2 0.10 -14.44 0.54 50.00  90.0  72.0,0.00 0.00 0.00 89.38 0.54 50.00 0.10 -14.44 6 63 6 63 90.0% 72.0% 450.000 0.000 0.00 -4.90 0.00  2.00 0.00 898.00 0.0% | 1200.00   40.00 HI -50.00 -50.00
2026-09-27T09:13:20.197,DEMO,DEMO,DEMO_MODE,24f8f9829bf14f26914a962224c1ad3a,F1 :    900    2 0.10 -14.44 0.54 50.00  90.0  72.0,0.00 0.00 0.00 89.38 0.54 50.00 0.10 -14.44 6 63 6 63 90.0% 72.0% 450.000 0.000 0.00 -4.90 0.00  2.00 0.00 898.00 0.0% | 1200.00   40.00 HI -50.00 -50.00
2026-09-27T09:13:20.318,DEMO,DEMO,DEMO_MODE,24f8f9829bf14f26914a962224c1ad3a,F1 :    900    2 0.10 -14.44 0.54 50.00  90.0  72.0,0.00 0.00 0.00 89.38 0.54 50.00 0.10 -14.44 6 63 6 63 90.0% 72.0% 450.000 0.000 0.00 -4.90 0.00  2.00 0.00 898.00 0.0% | 1200.00   40.00 HI -50.00 -50.00
2026-09-27T09:13:20.444,DEMO,DEMO,DEMO_MODE,24f8f9829bf14f26914a962224c1ad3a,F1 :    900    2 0.10 -14.44 0.54 50.00  90.0  72.0,0.00 0.00 0.00 89.38 0.54 50.00 0.10 -14.44 6 63 6 63 90.0% 72.0% 450.000 0.000 0.00 -4.90 0.00  2.00 0.00 898.00 0.0% | 1200.00   40.00 HI -50.00 -50.00
2026-09-27T09:13:20.564,DEMO,DEMO,DEMO_MODE,24f8f9829bf14f26914a962224c1ad3a,F1 :    900    2 0.10 -14.44 0.54 50.00  90.0  72.0,0.00 0.00 0.00 89.38 0.54 50.00 0.10 -14.44 6 63 6 63 90.0% 72.0% 450.000 0.000 0.00 -4.90 0.00  2.00 0.00 898.00 0.0% | 1200.00   40.00 HI -50.00 -50.00
2026-09-27T09:13:20.691,DEMO,DEMO,DEMO_MODE,24f8f9829bf14f26914a962224c1ad3a,F1 :    900    2 0.10 -14.44 0.54 50.00  90.0  72.0,0.00 0.00 0.00 89.38 0.54 50.00 0.10 -14.44 6 63 6 63 90.0% 72.0% 450.000 0.000 0.00 -4.90 0.00  2.00 0.00 898.00 0.0% | 1200.00   40.00 HI -50.00 -50.00
2026-09-27T09:13:20.827,DEMO,DEMO,DEMO_MODE,24f8f9829bf14f26914a962224c1ad3a,F1 :    900    2 0.10 -14.44 0.54 50.00  90.0  72.0,0.00 0.00 0.00 89.38 0.54 50.00 0.10 -14.44 6 63 6 63 90.0% 72.0% 450.000 0.000 0.00 -4.90 0.00  2.00 0.00 898.00 0.0% | 1200.00   40.00 HI -50.00 -50.00
2026-09-27T09:13:20.954,DEMO,DEMO,DEMO_MODE,24f8f9829bf14f26914a962224c1ad3a,F1 :    900    2 0.10 -14.44 0.54 50.00  90.0  72.0,0.00 0.00 0.00 89.38 0.54 50.00 0.10 -14.44 6 63 6 63 90.0% 72.0% 450.000 0.000 0.00 -4.90 0.00  2.00 0.00 898.00 0.0% | 1200.00   40.00 HI -50.00 -50.00
2026-09-27T09:13:21.079,DEMO,DEMO,DEMO_MODE,24f8f9829bf14f26914a962224c1ad3a,F1 :    900    2 0.10 -14.44 0.54 50.00  90.0  72.0,0.00 0.00 0.00 89.38 0.54 50.00 0.10 -14.44 6 63 6 63 90.0% 72.0% 450.000 0.000 0.00 -4.90 0.00  2.00 0.00 898.00 0.0% | 1200.00   40.00 HI -50.00 -50.00
2026-09-27T09:13:21.205,DEMO,DEMO,DEMO_MODE,24f8f9829bf14f26914a962224c1ad3a,F1 :    900    2 0.10 -14.44 0.54 50.00  90.0  72.0,0.00 0.00 0.00 89.38 0.54 50.00 0.10 -14.44 6 63 6 63 90.0% 72.0% 450.000 0.000 0.00 -4.90 0.00  2.00 0.00 898.00 0.0% | 1200.00   40.00 HI -50.00 -50.00
2026-09-27T09:13:21.331,DEMO,DEMO,DEMO_MODE,24f8f9829bf14f26914a962224c1ad3a,F1 :    900    2 0.10 -14.44 0.54 50.00  90.0  72.0,0.00 0.00 0.00 89.38 0.54 50.00 0.10 -14.44 6 63 6 63 90.0% 72.0% 450.000 0.000 0.00 -4.90 0.00  2.00 0.00 898.00 0.0% | 1200.00   40.00 HI -50.00 -50.00
2026-09-27T09:13:21.457,DEMO,DEMO,DEMO_MODE,24f8f9829bf14f26914a962224c1ad3a,F1 :    900    2 0.10 -14.44 0.54 50.00  90.0  72.0,0.00 0.00 0.00 89.38 0.54 50.00 0.10 -14.44 6 63 6 63 90.0% 72.0% 450.000 0.000 0.00 -4.90 0.00  2.00 0.00 898.00 0.0% | 1200.00   40.00 HI -50.00 -50.00
2026-09-27T09:13:21.578,DEMO,DEMO,DEMO_MODE,24f8f9829bf14f26914a962224c1ad3a,F1 :    900    2 0.10 -14.44 0.54 50.00  90.0  72.0,0.00 0.00 0.00 89.38 0.54 50.00 0.10 -14.44 6 63 6 63 90.0% 72.0% 450.000 0.000 0.00 -4.90 0.00  2.00 0.00 898.00 0.0% | 1200.00   40.00 HI -50.00 -50.00
2026-09-27T09:13:21.703,DEMO,DEMO,DEMO_MODE,24f8f9829bf14f26914a962224c1ad3a,F1 :    900    2 0.10 -14.44 0.54 50.00  90.0  72.0,0.00 0.00 0.00 89.38 0.54 50.00 0.10 -14.44 6 63 6 63 90.0% 72.0% 450.000 0.000 0.00 -4.90 0.00  2.00 0.00 898.00 0.0% | 1200.00   40.00 HI -50.00 -50.00
2026-09-27T09:13:21.824,DEMO,DEMO,DEMO_MODE,24f8f9829bf14f26914a962224c1ad3a,F1 :    900    2 0.10 -14.44 0.54 50.00  90.0  72.0,0.00 0.00 0.00 89.38 0.54 50.00 0.10 -14.44 6 63 6 63 90.0% 72.0% 450.000 0.000 0.00 -4.90 0.00  2.00 0.00 898.00 0.0% | 1200.00   40.00 HI -50.00 -50.00
2026-09-27T09:13:21.951,DEMO,DEMO,DEMO_MODE,24f8f9829bf14f26914a962224c1ad3a,F1 :    900    2 0.10 -14.44 0.54 50.00  90.0  72.0,0.00 0.00 0.00 89.38 0.54 50.00 0.10 -14.44 6 63 6 63 90.0% 72.0% 450.000 0.000 0.00 -4.90 0.00  2.00 0.00 898.00 0.0% | 1200.00   40.00 HI -50.00 -50.00
2026-09-27T09:13:22.072,DEMO,DEMO,DEMO_MODE,24f8f9829bf14f26914a962224c1ad3a,F1 :    900    2 0.10 -14.44 0.54 50.00  90.0  72.0,0.00 0.00 0.00 89.38 0.54 50.00 0.10 -14.44 6 63 6 63 90.0% 72.0% 450.000 0.000 0.00 -4.90 0.00  2.00 0.00 898.00 0.0% | 1200.00   40.00 HI -50.00 -50.00
2026-09-27T09:13:22.198,DEMO,DEMO,DEMO_MODE,24f8f9829bf14f26914a962224c1ad3a,F1 :    900    2 0.10 -14.44 0.54 50.00  90.0  72.0,0.00 0.00 0.00 89.38 0.54 50.00 0.10 -14.44 6 63 6 63 90.0% 72.0% 450.000 0.000 0.00 -4.90 0.00  2.00 0.00 898.00 0.0% | 1200.00   40.00 HI -50.00 -50.00
2026-09-27T09:13:22.325,DEMO,DEMO,DEMO_MODE,24f8f9829bf14f26914a962224c1ad3a,F1 :    900    2 0.10 -14.44 0.54 50.00  90.0  72.0,0.00 0.00 0.00 89.38 0.54 50.00 0.10 -14.44 6 63 6 63 90.0% 72.0% 450.000 0.000 0.00 -4.90 0.00  2.00 0.00 898.00 0.0% | 1200.00   40.00 HI -50.00 -50.00
2026-09-27T09:13:22.450,DEMO,DEMO,DEMO_MODE,24f8f9829bf14f26914a962224c1ad3a,F1 :    900    2 0.10 -14.44 0.54 50.00  90.0  72.0,0.00 0.00 0.00 89.38 0.54 50.00 0.10 -14.44 6 63 6 63 90.0% 72.0% 450.000 0.000 0.00 -4.90 0.00  2.00 0.00 898.00 0.0% | 1200.00   40.00 HI -50.00 -50.00
2026-09-27T09:13:22.571,DEMO,DEMO,DEMO_MODE,24f8f9829bf14f26914a962224c1ad3a,F1 :    900    2 0.10 -14.44 0.54 50.00  90.0  72.0,0.00 0.00 0.00 89.38 0.54 50.00 0.10 -14.44 6 63 6 63 90.0% 72.0% 450.000 0.000 0.00 -4.90 0.00  2.00 0.00 898.00 0.0% | 1200.00   40.00 HI -50.00 -50.00
2026-09-27T09:13:22.697,DEMO,DEMO,DEMO_MODE,24f8f9829bf14f26914a962224c1ad3a,F1 :    900    2 0.10 -14.44 0.54 50.00  90.0  72.0,0.00 0.00 0.00 89.38 0.54 50.00 0.10 -14.44 6 63 6 63 90.0% 72.0% 450.000 0.000 0.00 -4.90 0.00  2.00 0.00 898.00 0.0% | 1200.00   40.00 HI -50.00 -50.00
2026-09-27T09:13:22.818,DEMO,DEMO,DEMO_MODE,24f8f9829bf14f26914a962224c1ad3a,F1 :    900    2 0.10 -14.44 0.54 50.00  90.0  72.0,0.00 0.00 0.00 89.38 0.54 50.00 0.10 -14.44 6 63 6 63 90.0% 72.0% 450.000 0.000 0.00 -4.90 0.00  2.00 0.00 898.00 0.0% | 1200.00   40.00 HI -50.00 -50.00
2026-09-27T09:13:22.945,DEMO,DEMO,DEMO_MODE,24f8f9829bf14f26914a962224c1ad3a,F1 :    900    2 0.10 -14.44 0.54 50.00  90.0  72.0,0.00 0.00 0.00 89.38 0.54 50.00 0.10 -14.44 6 63 6 63 90.0% 72.0% 450.000 0.000 0.00 -4.90 0.00  2.00 0.00 898.00 0.0% | 1200.00   40.00 HI -50.00 -50.00
2026-09-27T09:13:23.066,DEMO,DEMO,DEMO_MODE,24f8f9829bf14f26914a962224c1ad3a,F1 :    900    2 0.10 -14.44 0.54 50.00  90.0  72.0,0.00 0.00 0.00 89.38 0.54 50.00 0.10 -14.44 6 63 6 63 90.0% 72.0% 450.000 0.000 0.00 -4.90 0.00  2.00 0.00 898.00 0.0% | 1200.00   40.00 HI -50.00 -50.00
2026-09-27T09:13:23.192,DEMO,DEMO,DEMO_MODE,24f8f9829bf14f26914a962224c1ad3a,F1 :    900    2 0.10 -14.44 0.54 50.00  90.0  72.0,0.00 0.00 0.00 89.38 0.54 50.00 0.10 -14.44 6 63 6 63 90.0% 72.0% 450.000 0.000 0.00 -4.90 0.00  2.00 0.00 898.00 0.0% | 1200.00   40.00 HI -50.00 -50.00
2026-09-27T09:13:23.312,DEMO,DEMO,DEMO_MODE,24f8f9829bf14f26914a962224c1ad3a,F1 :    900    2 0.10 -14.44 0.54 50.00  90.0  72.0,0.00 0.00 0.00 89.38 0.54 50.00 0.10 -14.44 6 63 6 63 90.0% 72.0% 450.000 0.000 0.00 -4.90 0.00  2.00 0.00 898.00 0.0% | 1200.00   40.00 HI -50.00 -50.00
2026-09-27T09:13:23.438,DEMO,DEMO,DEMO_MODE,24f8f9829bf14f26914a962224c1ad3a,F1 :    900    2 0.10 -14.44 0.54 50.00  90.0  76.0,0.00 0.00 0.00 89.38 0.54 50.00 0.10 -14.44 6 63 6 63 90.0% 76.0% 450.000 0.000 0.00 -4.90 0.00  2.00 0.00 898.00 0.0% | 1200.00   40.00 HI -50.00 -50.00
2026-09-27T09:13:23.559,DEMO,DEMO,DEMO_MODE,24f8f9829bf14f26914a962224c1ad3a,F1 :    900    2 0.10 -14.44 0.54 50.00  90.0  76.0,0.00 0.00 0.00 89.38 0.54 50.00 0.10 -14.44 6 63 6 63 90.0% 76.0% 450.000 0.000 0.00 -4.90 0.00  2.00 0.00 898.00 0.0% | 1200.00   40.00 HI -50.00 -50.00
2026-09-27T09:13:23.685,DEMO,DEMO,DEMO_MODE,24f8f9829bf14f26914a962224c1ad3a,F1 :    900    2 0.10 -14.44 0.54 50.00  90.0  76.0,0.00 0.00 0.00 89.38 0.54 50.00 0.10 -14.44 6 63 6 63 90.0% 76.0% 450.000 0.000 0.00 -4.90 0.00  2.00 0.00 898.00 0.0% | 1200.00   40.00 HI -50.00 -50.00
2026-09-27T09:13:23.806,DEMO,DEMO,DEMO_MODE,24f8f9829bf14f26914a962224c1ad3a,F1 :    900    2 0.10 -14.44 0.54 50.00  90.0  76.0,0.00 0.00 0.00 89.38 0.54 50.00 0.10 -14.44 6 63 6 63 90.0% 76.0% 450.000 0.000 0.00 -4.90 0.00  2.00 0.00 898.00 0.0% | 1200.00   40.00 HI -50.00 -50.00
2026-09-27T09:13:23.932,DEMO,DEMO,DEMO_MODE,24f8f9829bf14f26914a962224c1ad3a,F1 :    900    2 0.10 -14.44 0.54 50.00  90.0  76.0,0.00 0.00 0.00 89.38 0.54 50.00 0.10 -14.44 6 63 6 63 90.0% 76.0% 450.000 0.000 0.00 -4.90 0.00  2.00 0.00 898.00 0.0% | 1200.00   40.00 HI -50.00 -50.00
2026-09-27T09:13:24.059,DEMO,DEMO,DEMO_MODE,24f8f9829bf14f26914a962224c1ad3a,F1 :    900    2 0.10 -14.44 0.54 50.00  90.0  76.0,0.00 0.00 0.00 89.38 0.54 50.00 0.10 -14.44 6 63 6 63 90.0% 76.0% 450.000 0.000 0.00 -4.90 0.00  2.00 0.00 898.00 0.0% | 1200.00   40.00 HI -50.00 -50.00
2026-09-27T09:13:24.185,DEMO,DEMO,DEMO_MODE,24f8f9829bf14f26914a962224c1ad3a,F1 :    900    2 0.10 -14.44 0.54 50.00  90.0  76.0,0.00 0.00 0.00 89.38 0.54 50.00 0.10 -14.44 6 63 6 63 90.0% 76.0% 450.000 0.000 0.00 -4.90 0.00  2.00 0.00 898.00 0.0% | 1200.00   40.00 HI -50.00 -50.00
2026-09-27T09:13:24.305,DEMO,DEMO,DEMO_MODE,24f8f9829bf14f26914a962224c1ad3a,F1 :    900    2 0.10 -14.44 0.54 50.00  90.0  76.0,0.00 0.00 0.00 89.38 0.54 50.00 0.10 -14.44 6 63 6 63 90.0% 76.0% 450.000 0.000 0.00 -4.90 0.00  2.00 0.00 898.00 0.0% | 1200.00   40.00 HI -50.00 -50.00
2026-09-27T09:13:24.432,DEMO,DEMO,DEMO_MODE,24f8f9829bf14f26914a962224c1ad3a,F1 :    900    2 0.10 -14.44 0.54 50.00  90.0  76.0,0.00 0.00 0.00 89.38 0.54 50.00 0.10 -14.44 6 63 6 63 90.0% 76.0% 450.000 0.000 0.00 -4.90 0.00  2.00 0.00 898.00 0.0% | 1200.00   40.00 HI -50.00 -50.00
2026-09-27T09:13:24.553,DEMO,DEMO,DEMO_MODE,24f8f9829bf14f26914a962224c1ad3a,F1 :    900    2 0.10 -14.44 0.54 50.00  90.0  76.0,0.00 0.00 0.00 89.38 0.54 50.00 0.10 -14.44 6 63 6 63 90.0% 76.0% 450.000 0.000 0.00 -4.90 0.00  2.00 0.00 898.00 0.0% | 1200.00   40.00 HI -50.00 -50.00
2026-09-27T09:13:24.679,DEMO,DEMO,DEMO_MODE,24f8f9829bf14f26914a962224c1ad3a,F1 :    900    2 0.10 -14.44 0.54 50.00  90.0  76.0,0.00 0.00 0.00 89.38 0.54 50.00 0.10 -14.44 6 63 6 63 90.0% 76.0% 450.000 0.000 0.00 -4.90 0.00  2.00 0.00 898.00 0.0% | 1200.00   40.00 HI -50.00 -50.00
2026-09-27T09:13:24.799,DEMO,DEMO,DEMO_MODE,24f8f9829bf14f26914a962224c1ad3a,F1 :    900    2 0.10 -14.44 0.54 50.00  90.0  76.0,0.00 0.00 0.00 89.38 0.54 50.00 0.10 -14.44 6 63 6 63 90.0% 76.0% 450.000 0.000 0.00 -4.90 0.00  2.00 0.00 898.00 0.0% | 1200.00   40.00 HI -50.00 -50.00
2026-09-27T09:13:24.925,DEMO,DEMO,DEMO_MODE,24f8f9829bf14f26914a962224c1ad3a,F1 :    900    2 0.10 -14.44 0.54 50.00  90.0  76.0,0.00 0.00 0.00 89.38 0.54 50.00 0.10 -14.44 6 63 6 63 90.0% 76.0% 450.000 0.000 0.00 -4.90 0.00  2.00 0.00 898.00 0.0% | 1200.00   40.00 HI -50.00 -50.00
2026-09-27T09:13:25.046,DEMO,DEMO,DEMO_MODE,24f8f9829bf14f26914a962224c1ad3a,F1 :    900    2 0.10 -14.44 0.54 50.00  90.0  76.0,0.00 0.00 0.00 89.38 0.54 50.00 0.10 -14.44 6 63 6 63 90.0% 76.0% 450.000 0.000 0.00 -4.90 0.00  2.00 0.00 898.00 0.0% | 1200.00   40.00 HI -50.00 -50.00
2026-09-27T09:13:25.172,DEMO,DEMO,DEMO_MODE,24f8f9829bf14f26914a962224c1ad3a,F1 :    900    2 0.10 -14.44 0.54 50.00  90.0  76.0,0.00 0.00 0.00 89.38 0.54 50.00 0.10 -14.44 6 63 6 63 90.0% 76.0% 450.000 0.000 0.00 -4.90 0.00  2.00 0.00 898.00 0.0% | 1200.00   40.00 HI -50.00 -50.00
2026-09-27T09:13:25.302,DEMO,DEMO,DEMO_MODE,24f8f9829bf14f26914a962224c1ad3a,F1 :    900    2 0.10 -14.44 0.54 50.00  90.0  76.0,0.00 0.00 0.00 89.38 0.54 50.00 0.10 -14.44 6 63 6 63 90.0% 76.0% 450.000 0.000 0.00 -4.90 0.00  2.00 0.00 898.00 0.0% | 1200.00   40.00 HI -50.00 -50.00
2026-09-27T09:13:25.428,DEMO,DEMO,DEMO_MODE,24f8f9829bf14f26914a962224c1ad3a,F1 :    900    3 0.10 -14.44 0.54 50.00  90.0  76.0,0.00 0.00 0.00 89.38 0.54 50.00 0.10 -14.44 6 63 6 63 90.0% 76.0% 450.000 0.000 0.00 -4.90 0.00  1.99 0.00 897.00 0.0% | 1200.00   40.00 HI -50.00 -50.00
2026-09-27T09:13:25.549,DEMO,DEMO,DEMO_MODE,24f8f9829bf14f26914a962224c1ad3a,F1 :    900    3 0.10 -14.44 0.54 50.00  90.0  76.0,0.00 0.00 0.00 89.38 0.54 50.00 0.10 -14.44 6 63 6 63 90.0% 76.0% 450.000 0.000 0.00 -4.90 0.00  1.99 0.00 897.00 0.0% | 1200.00   40.00 HI -50.00 -50.00
2026-09-27T09:13:25.674,DEMO,DEMO,DEMO_MODE,24f8f9829bf14f26914a962224c1ad3a,F1 :    900    3 0.10 -14.44 0.54 50.00  90.0  76.0,0.00 0.00 0.00 89.38 0.54 50.00 0.10 -14.44 6 63 6 63 90.0% 76.0% 450.000 0.000 0.00 -4.90 0.00  1.99 0.00 897.00 0.0% | 1200.00   40.00 HI -50.00 -50.00
2026-09-27T09:13:25.795,DEMO,DEMO,DEMO_MODE,24f8f9829bf14f26914a962224c1ad3a,F1 :    900    3 0.10 -14.44 0.54 50.00  90.0  76.0,0.00 0.00 0.00 89.38 0.54 50.00 0.10 -14.44 6 63 6 63 90.0% 76.0% 450.000 0.000 0.00 -4.90 0.00  1.99 0.00 897.00 0.0% | 1200.00   40.00 HI -50.00 -50.00
2026-09-27T09:13:25.922,DEMO,DEMO,DEMO_MODE,24f8f9829bf14f26914a962224c1ad3a,F1 :    900    3 0.10 -14.44 0.54 50.00  90.0  76.0,0.00 0.00 0.00 89.38 0.54 50.00 0.10 -14.44 6 63 6 63 90.0% 76.0% 450.000 0.000 0.00 -4.90 0.00  1.99 0.00 897.00 0.0% | 1200.00   40.00 HI -50.00 -50.00
2026-09-27T09:13:26.052,DEMO,DEMO,DEMO_MODE,24f8f9829bf14f26914a962224c1ad3a,F1 :    900    3 0.10 -14.44 0.54 50.00  90.0  76.0,0.00 0.00 0.00 89.38 0.54 50.00 0.10 -14.44 6 63 6 63 90.0% 76.0% 450.000 0.000 0.00 -4.90 0.00  1.99 0.00 897.00 0.0% | 1200.00   40.00 HI -50.00 -50.00
2026-09-27T09:13:26.179,DEMO,DEMO,DEMO_MODE,24f8f9829bf14f26914a962224c1ad3a,F1 :    900    3 0.10 -14.44 0.54 50.00  90.0  76.0,0.00 0.00 0.00 89.38 0.54 50.00 0.10 -14.44 6 63 6 63 90.0% 76.0% 450.000 0.000 0.00 -4.90 0.00  1.99 0.00 897.00 0.0% | 1200.00   40.00 HI -50.00 -50.00
2026-09-27T09:13:26.299,DEMO,DEMO,DEMO_MODE,24f8f9829bf14f26914a962224c1ad3a,F1 :    900    3 0.10 -14.44 0.54 50.00  90.0  76.0,0.00 0.00 0.00 89.38 0.54 50.00 0.10 -14.44 6 63 6 63 90.0% 76.0% 450.000 0.000 0.00 -4.90 0.00  1.99 0.00 897.00 0.0% | 1200.00   40.00 HI -50.00 -50.00
2026-09-27T09:13:26.425,DEMO,DEMO,DEMO_MODE,24f8f9829bf14f26914a962224c1ad3a,F1 :    900    3 0.10 -14.44 0.54 50.00  90.0  76.0,0.00 0.00 0.00 89.38 0.54 50.00 0.10 -14.44 6 63 6 63 90.0% 76.0% 450.000 0.000 0.00 -4.90 0.00  1.99 0.00 897.00 0.0% | 1200.00   40.00 HI -50.00 -50.00
2026-09-27T09:13:26.557,DEMO,DEMO,DEMO_MODE,24f8f9829bf14f26914a962224c1ad3a,F1 :    900    3 0.10 -14.44 0.54 50.00  90.0  76.0,0.00 0.00 0.00 89.38 0.54 50.00 0.10 -14.44 6 63 6 63 90.0% 76.0% 450.000 0.000 0.00 -4.90 0.00  1.99 0.00 897.00 0.0% | 1200.00   40.00 HI -50.00 -50.00
2026-09-27T09:13:26.682,DEMO,DEMO,DEMO_MODE,24f8f9829bf14f26914a962224c1ad3a,F1 :    900    3 0.10 -14.44 0.54 50.00  90.0  76.0,0.00 0.00 0.00 89.38 0.54 50.00 0.10 -14.44 6 63 6 63 90.0% 76.0% 450.000 0.000 0.00 -4.90 0.00  1.99 0.00 897.00 0.0% | 1200.00   40.00 HI -50.00 -50.00
2026-09-27T09:13:26.802,DEMO,DEMO,DEMO_MODE,24f8f9829bf14f26914a962224c1ad3a,F1 :    900    3 0.10 -14.44 0.54 50.00  90.0  76.0,0.00 0.00 0.00 89.38 0.54 50.00 0.10 -14.44 6 63 6 63 90.0% 76.0% 450.000 0.000 0.00 -4.90 0.00  1.99 0.00 897.00 0.0% | 1200.00   40.00 HI -50.00 -50.00
2026-09-27T09:13:26.929,DEMO,DEMO,DEMO_MODE,24f8f9829bf14f26914a962224c1ad3a,F1 :    900    3 0.10 -14.44 0.54 50.00  90.0  76.0,0.00 0.00 0.00 89.38 0.54 50.00 0.10 -14.44 6 63 6 63 90.0% 76.0% 450.000 0.000 0.00 -4.90 0.00  1.99 0.00 897.00 0.0% | 1200.00   40.00 HI -50.00 -50.00
2026-09-27T09:13:27.049,DEMO,DEMO,DEMO_MODE,24f8f9829bf14f26914a962224c1ad3a,F1 :    900    3 0.10 -14.44 0.54 50.00  90.0  76.0,0.00 0.00 0.00 89.38 0.54 50.00 0.10 -14.44 6 63 6 63 90.0% 76.0% 450.000 0.000 0.00 -4.90 0.00  1.99 0.00 897.00 0.0% | 1200.00   40.00 HI -50.00 -50.00
2026-09-27T09:13:27.175,DEMO,DEMO,DEMO_MODE,24f8f9829bf14f26914a962224c1ad3a,F1 :    900    3 0.10 -14.44 0.54 50.00  90.0  76.0,0.00 0.00 0.00 89.38 0.54 50.00 0.10 -14.44 6 63 6 63 90.0% 76.0% 450.000 0.000 0.00 -4.90 0.00  1.99 0.00 897.00 0.0% | 1200.00   40.00 HI -50.00 -50.00
2026-09-27T09:13:27.296,DEMO,DEMO,DEMO_MODE,24f8f9829bf14f26914a962224c1ad3a,F1 :    900    3 0.10 -14.44 0.54 50.00  90.0  76.0,0.00 0.00 0.00 89.38 0.54 50.00 0.10 -14.44 6 63 6 63 90.0% 76.0% 450.000 0.000 0.00 -4.90 0.00  1.99 0.00 897.00 0.0% | 1200.00   40.00 HI -50.00 -50.00
2026-09-27T09:13:27.422,DEMO,DEMO,DEMO_MODE,24f8f9829bf14f26914a962224c1ad3a,F1 :    900    3 0.10 -14.44 0.54 50.00  90.0  76.0,0.00 0.00 0.00 89.38 0.54 50.00 0.10 -14.44 6 63 6 63 90.0% 76.0% 450.000 0.000 0.00 -4.90 0.00  1.99 0.00 897.00 0.0% | 1200.00   40.00 HI -50.00 -50.00
2026-09-27T09:13:27.555,DEMO,DEMO,DEMO_MODE,24f8f9829bf14f26914a962224c1ad3a,F1 :    900    3 0.10 -14.44 0.54 50.00  90.0  76.0,0.00 0.00 0.00 89.38 0.54 50.00 0.10 -14.44 6 63 6 63 90.0% 76.0% 450.000 0.000 0.00 -4.90 0.00  1.99 0.00 897.00 0.0% | 1200.00   40.00 HI -50.00 -50.00
2026-09-27T09:13:27.682,DEMO,DEMO,DEMO_MODE,24f8f9829bf14f26914a962224c1ad3a,F1 :    900    3 0.10 -14.44 0.54 50.00  90.0  76.0,0.00 0.00 0.00 89.38 0.54 50.00 0.10 -14.44 6 63 6 63 90.0% 76.0% 450.000 0.000 0.00 -4.90 0.00  1.99 0.00 897.00 0.0% | 1200.00   40.00 HI -50.00 -50.00
2026-09-27T09:13:27.802,DEMO,DEMO,DEMO_MODE,24f8f9829bf14f26914a962224c1ad3a,F1 :    900    3 0.10 -14.44 0.54 50.00  90.0  76.0,0.00 0.00 0.00 89.38 0.54 50.00 0.10 -14.44 6 63 6 63 90.0% 76.0% 450.000 0.000 0.00 -4.90 0.00  1.99 0.00 897.00 0.0% | 1200.00   40.00 HI -50.00 -50.00
2026-09-27T09:13:27.929,DEMO,DEMO,DEMO_MODE,24f8f9829bf14f26914a962224c1ad3a,F1 :    900    3 0.10 -14.44 0.54 50.00  90.0  76.0,0.00 0.00 0.00 89.38 0.54 50.00 0.10 -14.44 6 63 6 63 90.0% 76.0% 450.000 0.000 0.00 -4.90 0.00  1.99 0.00 897.00 0.0% | 1200.00   40.00 HI -50.00 -50.00
2026-09-27T09:13:28.049,DEMO,DEMO,DEMO_MODE,24f8f9829bf14f26914a962224c1ad3a,F1 :    900    3 0.10 -14.44 0.54 50.00  90.0  76.0,0.00 0.00 0.00 89.38 0.54 50.00 0.10 -14.44 6 63 6 63 90.0% 76.0% 450.000 0.000 0.00 -4.90 0.00  1.99 0.00 897.00 0.0% | 1200.00   40.00 HI -50.00 -50.00
2026-09-27T09:13:28.176,DEMO,DEMO,DEMO_MODE,24f8f9829bf14f26914a962224c1ad3a,F1 :    900    3 0.10 -14.44 0.54 50.00  90.0  76.0,0.00 0.00 0.00 89.38 0.54 50.00 0.10 -14.44 6 63 6 63 90.0% 76.0% 450.000 0.000 0.00 -4.90 0.00  1.99 0.00 897.00 0.0% | 1200.00   40.00 HI -50.00 -50.00
2026-09-27T09:13:28.297,DEMO,DEMO,DEMO_MODE,24f8f9829bf14f26914a962224c1ad3a,F1 :    900    3 0.10 -14.44 0.54 50.00  90.0  76.0,0.00 0.00 0.00 89.38 0.54 50.00 0.10 -14.44 6 63 6 63 90.0% 76.0% 450.000 0.000 0.00 -4.90 0.00  1.99 0.00 897.00 0.0% | 1200.00   40.00 HI -50.00 -50.00
2026-09-27T09:13:28.423,DEMO,DEMO,DEMO_MODE,24f8f9829bf14f26914a962224c1ad3a,F1 :    900    3 0.10 -14.44 0.54 50.00  90.0  76.0,0.00 0.00 0.00 89.38 0.54 50.00 0.10 -14.44 6 63 6 63 90.0% 76.0% 450.000 0.000 0.00 -4.90 0.00  1.99 0.00 897.00 0.0% | 1200.00   40.00 HI -50.00 -50.00
2026-09-27T09:13:28.544,DEMO,DEMO,DEMO_MODE,24f8f9829bf14f26914a962224c1ad3a,F1 :      0    3 0.10 -14.44 0.54 50.00   0.0   0.0,0.00 0.00 0.00 89.38 0.54 50.00 0.10 -14.44 6 63 6 63  0.0%  0.0%  0.000 0.000 0.00 -4.90 0.00  0.00 0.00   0.00 0.0% | 1200.00  -50.00 HI -50.00 -50.00
2026-09-27T09:13:28.669,DEMO,DEMO,DEMO_MODE,24f8f9829bf14f26914a962224c1ad3a,F1 :      0    3 0.10 -14.44 0.54 50.00   0.0   0.0,0.00 0.00 0.00 89.38 0.54 50.00 0.10 -14.44 6 63 6 63  0.0%  0.0%  0.000 0.000 0.00 -4.90 0.00  0.00 0.00   0.00 0.0% | 1200.00  -50.00 HI -50.00 -50.00
2026-09-27T09:13:28.790,DEMO,DEMO,DEMO_MODE,24f8f9829bf14f26914a962224c1ad3a,F1 :      0    3 0.10 -14.44 0.54 50.00   0.0   0.0,0.00 0.00 0.00 89.38 0.54 50.00 0.10 -14.44 6 63 6 63  0.0%  0.0%  0.000 0.000 0.00 -4.90 0.00  0.00 0.00   0.00 0.0% | 1200.00  -50.00 HI -50.00 -50.00
2026-09-27T09:13:28.911,DEMO,DEMO,DEMO_MODE,24f8f9829bf14f26914a962224c1ad3a,F1 :      0    3 0.10 -14.44 0.54 50.00   0.0   0.0,0.00 0.00 0.00 89.38 0.54 50.00 0.10 -14.44 6 63 6 63  0.0%  0.0%  0.000 0.000 0.00 -4.90 0.00  0.00 0.00   0.00 0.0% | 1200.00  -50.00 HI -50.00 -50.00
2026-09-27T09:13:29.032,DEMO,DEMO,DEMO_MODE,24f8f9829bf14f26914a962224c1ad3a,F1 :      0    3 0.10 -14.44 0.54 50.00   0.0   0.0,0.00 0.00 0.00 89.38 0.54 50.00 0.10 -14.44 6 63 6 63  0.0%  0.0%  0.000 0.000 0.00 -4.90 0.00  0.00 0.00   0.00 0.0% | 1200.00  -50.00 HI -50.00 -50.00
2026-09-27T09:13:29.152,DEMO,DEMO,DEMO_MODE,24f8f9829bf14f26914a962224c1ad3a,F1 :      0    3 0.10 -14.44 0.54 50.00   0.0   0.0,0.00 0.00 0.00 89.38 0.54 50.00 0.10 -14.44 6 63 6 63  0.0%  0.0%  0.000 0.000 0.00 -4.90 0.00  0.00 0.00   0.00 0.0% | 1200.00  -50.00 HI -50.00 -50.00
2026-09-27T09:13:29.272,DEMO,DEMO,DEMO_MODE,24f8f9829bf14f26914a962224c1ad3a,F1 :      0    3 0.10 -14.44 0.54 50.00   0.0   0.0,0.00 0.00 0.00 89.38 0.54 50.00 0.10 -14.44 6 63 6 63  0.0%  0.0%  0.000 0.000 0.00 -4.90 0.00  0.00 0.00   0.00 0.0% | 1200.00  -50.00 HI -50.00 -50.00
2026-09-27T09:13:29.393,DEMO,DEMO,DEMO_MODE,24f8f9829bf14f26914a962224c1ad3a,F1 :      0    3 0.10 -14.44 0.54 50.00   0.0   0.0,0.00 0.00 0.00 89.38 0.54 50.00 0.10 -14.44 6 63 6 63  0.0%  0.0%  0.000 0.000 0.00 -4.90 0.00  0.00 0.00   0.00 0.0% | 1200.00  -50.00 HI -50.00 -50.00
2026-09-27T09:13:29.514,DEMO,DEMO,DEMO_MODE,24f8f9829bf14f26914a962224c1ad3a,F1 :      0    3 0.10 -14.44 0.54 50.00   0.0   0.0,0.00 0.00 0.00 89.38 0.54 50.00 0.10 -14.44 6 63 6 63  0.0%  0.0%  0.000 0.000 0.00 -4.90 0.00  0.00 0.00   0.00 0.0% | 1200.00  -50.00 HI -50.00 -50.00
2026-09-27T09:13:29.635,DEMO,DEMO,DEMO_MODE,24f8f9829bf14f26914a962224c1ad3a,F1 :      0    3 0.10 -14.44 0.54 50.00   0.0   0.0,0.00 0.00 0.00 89.38 0.54 50.00 0.10 -14.44 6 63 6 63  0.0%  0.0%  0.000 0.000 0.00 -4.90 0.00  0.00 0.00   0.00 0.0% | 1200.00  -50.00 HI -50.00 -50.00
2026-09-27T09:13:29.755,DEMO,DEMO,DEMO_MODE,24f8f9829bf14f26914a962224c1ad3a,F1 :      0    3 0.10 -14.44 0.54 50.00   0.0   0.0,0.00 0.00 0.00 89.38 0.54 50.00 0.10 -14.44 6 63 6 63  0.0%  0.0%  0.000 0.000 0.00 -4.90 0.00  0.00 0.00   0.00 0.0% | 1200.00  -50.00 HI -50.00 -50.00
2026-09-27T09:13:29.876,DEMO,DEMO,DEMO_MODE,24f8f9829bf14f26914a962224c1ad3a,F1 :      0    3 0.10 -14.44 0.54 50.00   0.0   0.0,0.00 0.00 0.00 89.38 0.54 50.00 0.10 -14.44 6 63 6 63  0.0%  0.0%  0.000 0.000 0.00 -4.90 0.00  0.00 0.00   0.00 0.0% | 1200.00  -50.00 HI -50.00 -50.00
2026-09-27T09:13:29.996,DEMO,DEMO,DEMO_MODE,24f8f9829bf14f26914a962224c1ad3a,F1 :      0    3 0.10 -14.44 0.54 50.00   0.0   0.0,0.00 0.00 0.00 89.38 0.54 50.00 0.10 -14.44 6 63 6 63  0.0%  0.0%  0.000 0.000 0.00 -4.90 0.00  0.00 0.00   0.00 0.0% | 1200.00  -50.00 HI -50.00 -50.00
2026-09-27T09:13:30.117,DEMO,DEMO,DEMO_MODE,24f8f9829bf14f26914a962224c1ad3a,F1 :      0    3 0.10 -14.44 0.54 50.00   0.0   0.0,0.00 0.00 0.00 89.38 0.54 50.00 0.10 -14.44 6 63 6 63  0.0%  0.0%  0.000 0.000 0.00 -4.90 0.00  0.00 0.00   0.00 0.0% | 1200.00  -50.00 HI -50.00 -50.00
2026-09-27T09:13:30.238,DEMO,DEMO,DEMO_MODE,24f8f9829bf14f26914a962224c1ad3a,F1 :      0    3 0.10 -14.44 0.54 50.00   0.0   0.0,0.00 0.00 0.00 89.38 0.54 50.00 0.10 -14.44 6 63 6 63  0.0%  0.0%  0.000 0.000 0.00 -4.90 0.00  0.00 0.00   0.00 0.0% | 1200.00  -50.00 HI -50.00 -50.00
2026-09-27T09:13:30.359,DEMO,DEMO,DEMO_MODE,24f8f9829bf14f26914a962224c1ad3a,F1 :      0    3 0.10 -14.44 0.54 50.00   0.0   0.0,0.00 0.00 0.00 89.38 0.54 50.00 0.10 -14.44 6 63 6 63  0.0%  0.0%  0.000 0.000 0.00 -4.90 0.00  0.00 0.00   0.00 0.0% | 1200.00  -50.00 HI -50.00 -50.00
2026-09-27T09:13:30.486,DEMO,DEMO,DEMO_MODE,24f8f9829bf14f26914a962224c1ad3a,F1 :      0    3 0.10 -14.44 0.54 50.00   0.0   0.0,0.00 0.00 0.00 89.38 0.54 50.00 0.10 -14.44 6 63 6 63  0.0%  0.0%  0.000 0.000 0.00 -4.90 0.00  0.00 0.00   0.00 0.0% | 1200.00  -50.00 HI -50.00 -50.00
2026-09-27T09:13:30.607,DEMO,DEMO,DEMO_MODE,24f8f9829bf14f26914a962224c1ad3a,F1 :      0    3 0.10 -14.44 0.54 50.00   0.0   0.0,0.00 0.00 0.00 89.38 0.54 50.00 0.10 -14.44 6 63 6 63  0.0%  0.0%  0.000 0.000 0.00 -4.90 0.00  0.00 0.00   0.00 0.0% | 1200.00  -50.00 HI -50.00 -50.00
2026-09-27T09:13:30.733,DEMO,DEMO,DEMO_MODE,24f8f9829bf14f26914a962224c1ad3a,F1 :      0    3 0.10 -14.44 0.54 50.00   0.0   0.0,0.00 0.00 0.00 89.38 0.54 50.00 0.10 -14.44 6 63 6 63  0.0%  0.0%  0.000 0.000 0.00 -4.90 0.00  0.00 0.00   0.00 0.0% | 1200.00  -50.00 HI -50.00 -50.00
2026-09-27T09:13:30.853,DEMO,DEMO,DEMO_MODE,24f8f9829bf14f26914a962224c1ad3a,F1 :      0    3 0.10 -14.44 0.54 50.00   0.0   0.0,0.00 0.00 0.00 89.38 0.54 50.00 0.10 -14.44 6 63 6 63  0.0%  0.0%  0.000 0.000 0.00 -4.90 0.00  0.00 0.00   0.00 0.0% | 1200.00  -50.00 HI -50.00 -50.00
2026-09-27T09:13:30.979,DEMO,DEMO,DEMO_MODE,24f8f9829bf14f26914a962224c1ad3a,F1 :      0    3 0.10 -14.44 0.54 50.00   0.0   0.0,0.00 0.00 0.00 89.38 0.54 50.00 0.10 -14.44 6 63 6 63  0.0%  0.0%  0.000 0.000 0.00 -4.90 0.00  0.00 0.00   0.00 0.0% | 1200.00  -50.00 HI -50.00 -50.00
2026-09-27T09:13:31.100,DEMO,DEMO,DEMO_MODE,24f8f9829bf14f26914a962224c1ad3a,F1 :      0    3 0.10 -14.44 0.54 50.00   0.0   0.0,0.00 0.00 0.00 89.38 0.54 50.00 0.10 -14.44 6 63 6 63  0.0%  0.0%  0.000 0.000 0.00 -4.90 0.00  0.00 0.00   0.00 0.0% | 1200.00  -50.00 HI -50.00 -50.00
2026-09-27T09:13:31.226,DEMO,DEMO,DEMO_MODE,24f8f9829bf14f26914a962224c1ad3a,F1 :      0    3 0.10 -14.44 0.54 50.00   0.0   0.0,0.00 0.00 0.00 89.38 0.54 50.00 0.10 -14.44 6 63 6 63  0.0%  0.0%  0.000 0.000 0.00 -4.90 0.00  0.00 0.00   0.00 0.0% | 1200.00  -50.00 HI -50.00 -50.00
2026-09-27T09:13:31.353,DEMO,DEMO,DEMO_MODE,24f8f9829bf14f26914a962224c1ad3a,F1 :      0    3 0.10 -14.44 0.54 50.00   0.0   0.0,0.00 0.00 0.00 89.38 0.54 50.00 0.10 -14.44 6 63 6 63  0.0%  0.0%  0.000 0.000 0.00 -4.90 0.00  0.00 0.00   0.00 0.0% | 1200.00  -50.00 HI -50.00 -50.00
2026-09-27T09:13:31.479,DEMO,DEMO,DEMO_MODE,24f8f9829bf14f26914a962224c1ad3a,F1 :      0    3 0.10 -14.44 0.54 50.00   0.0   0.0,0.00 0.00 0.00 89.38 0.54 50.00 0.10 -14.44 6 63 6 63  0.0%  0.0%  0.000 0.000 0.00 -4.90 0.00  0.00 0.00   0.00 0.0% | 1200.00  -50.00 HI -50.00 -50.00
2026-09-27T09:13:31.599,DEMO,DEMO,DEMO_MODE,24f8f9829bf14f26914a962224c1ad3a,F1 :      0    3 0.10 -14.44 0.54 50.00   0.0   0.0,0.00 0.00 0.00 89.38 0.54 50.00 0.10 -14.44 6 63 6 63  0.0%  0.0%  0.000 0.000 0.00 -4.90 0.00  0.00 0.00   0.00 0.0% | 1200.00  -50.00 HI -50.00 -50.00
2026-09-27T09:13:31.726,DEMO,DEMO,DEMO_MODE,24f8f9829bf14f26914a962224c1ad3a,F1 :      0    3 0.10 -14.44 0.54 50.00   0.0   0.0,0.00 0.00 0.00 89.38 0.54 50.00 0.10 -14.44 6 63 6 63  0.0%  0.0%  0.000 0.000 0.00 -4.90 0.00  0.00 0.00   0.00 0.0% | 1200.00  -50.00 HI -50.00 -50.00
2026-09-27T09:13:31.847,DEMO,DEMO,DEMO_MODE,24f8f9829bf14f26914a962224c1ad3a,F1 :      0    3 0.10 -14.44 0.54 50.00   0.0   0.0,0.00 0.00 0.00 89.38 0.54 50.00 0.10 -14.44 6 63 6 63  0.0%  0.0%  0.000 0.000 0.00 -4.90 0.00  0.00 0.00   0.00 0.0% | 1200.00  -50.00 HI -50.00 -50.00
2026-09-27T09:13:31.973,DEMO,DEMO,DEMO_MODE,24f8f9829bf14f26914a962224c1ad3a,F1 :      0    3 0.10 -14.44 0.54 50.00   0.0   0.0,0.00 0.00 0.00 89.38 0.54 50.00 0.10 -14.44 6 63 6 63  0.0%  0.0%  0.000 0.000 0.00 -4.90 0.00  0.00 0.00   0.00 0.0% | 1200.00  -50.00 HI -50.00 -50.00
2026-09-27T09:13:32.094,DEMO,DEMO,DEMO_MODE,24f8f9829bf14f26914a962224c1ad3a,F1 :      0    3 0.10 -14.44 0.54 50.00   0.0   0.0,0.00 0.00 0.00 89.38 0.54 50.00 0.10 -14.44 6 63 6 63  0.0%  0.0%  0.000 0.000 0.00 -4.90 0.00  0.00 0.00   0.00 0.0% | 1200.00  -50.00 HI -50.00 -50.00
2026-09-27T09:13:32.221,DEMO,DEMO,DEMO_MODE,24f8f9829bf14f26914a962224c1ad3a,F1 :      0    3 0.10 -14.44 0.54 50.00   0.0   0.0,0.00 0.00 0.00 89.38 0.54 50.00 0.10 -14.44 6 63 6 63  0.0%  0.0%  0.000 0.000 0.00 -4.90 0.00  0.00 0.00   0.00 0.0% | 1200.00  -50.00 HI -50.00 -50.00
2026-09-27T09:13:32.341,DEMO,DEMO,DEMO_MODE,24f8f9829bf14f26914a962224c1ad3a,F1 :      0    3 0.10 -14.44 0.54 50.00   0.0   0.0,0.00 0.00 0.00 89.38 0.54 50.00 0.10 -14.44 6 63 6 63  0.0%  0.0%  0.000 0.000 0.00 -4.90 0.00  0.00 0.00   0.00 0.0% | 1200.00  -50.00 HI -50.00 -50.00
2026-09-27T09:13:32.467,DEMO,DEMO,DEMO_MODE,24f8f9829bf14f26914a962224c1ad3a,F1 :      0    3 0.10 -14.44 0.54 50.00   0.0   0.0,0.00 0.00 0.00 89.38 0.54 50.00 0.10 -14.44 6 63 6 63  0.0%  0.0%  0.000 0.000 0.00 -4.90 0.00  0.00 0.00   0.00 0.0% | 1200.00  -50.00 HI -50.00 -50.00
2026-09-27T09:13:32.588,DEMO,DEMO,DEMO_MODE,24f8f9829bf14f26914a962224c1ad3a,F1 :      0    3 0.10 -14.44 0.54 50.00   0.0   0.0,0.00 0.00 0.00 89.38 0.54 50.00 0.10 -14.44 6 63 6 63  0.0%  0.0%  0.000 0.000 0.00 -4.90 0.00  0.00 0.00   0.00 0.0% | 1200.00  -50.00 HI -50.00 -50.00
2026-09-27T09:13:32.714,DEMO,DEMO,DEMO_MODE,24f8f9829bf14f26914a962224c1ad3a,F1 :      0    3 0.10 -14.44 0.54 50.00   0.0   0.0,0.00 0.00 0.00 89.38 0.54 50.00 0.10 -14.44 6 63 6 63  0.0%  0.0%  0.000 0.000 0.00 -4.90 0.00  0.00 0.00   0.00 0.0% | 1200.00  -50.00 HI -50.00 -50.00
2026-09-27T09:13:32.840,DEMO,DEMO,DEMO_MODE,24f8f9829bf14f26914a962224c1ad3a,F1 :      0    3 0.10 -14.44 0.54 50.00   0.0   0.0,0.00 0.00 0.00 89.38 0.54 50.00 0.10 -14.44 6 63 6 63  0.0%  0.0%  0.000 0.000 0.00 -4.90 0.00  0.00 0.00   0.00 0.0% | 1200.00  -50.00 HI -50.00 -50.00
2026-09-27T09:13:32.968,DEMO,DEMO,DEMO_MODE,24f8f9829bf14f26914a962224c1ad3a,F1 :      0    3 0.10 -14.44 0.54 50.00   0.0   0.0,0.00 0.00 0.00 89.38 0.54 50.00 0.10 -14.44 6 63 6 63  0.0%  0.0%  0.000 0.000 0.00 -4.90 0.00  0.00 0.00   0.00 0.0% | 1200.00  -50.00 HI -50.00 -50.00
2026-09-27T09:13:33.088,DEMO,DEMO,DEMO_MODE,24f8f9829bf14f26914a962224c1ad3a,F1 :      0    3 0.10 -14.44 0.54 50.00   0.0   0.0,0.00 0.00 0.00 89.38 0.54 50.00 0.10 -14.44 6 63 6 63  0.0%  0.0%  0.000 0.000 0.00 -4.90 0.00  0.00 0.00   0.00 0.0% | 1200.00  -50.00 HI -50.00 -50.00
2026-09-27T09:13:33.214,DEMO,DEMO,DEMO_MODE,24f8f9829bf14f26914a962224c1ad3a,F1 :      0    3 0.10 -14.44 0.54 50.00   0.0   0.0,0.00 0.00 0.00 89.38 0.54 50.00 0.10 -14.44 6 63 6 63  0.0%  0.0%  0.000 0.000 0.00 -4.90 0.00  0.00 0.00   0.00 0.0% | 1200.00  -50.00 HI -50.00 -50.00
2026-09-27T09:13:33.335,DEMO,DEMO,DEMO_MODE,24f8f9829bf14f26914a962224c1ad3a,F1 :      0    3 0.10 -14.44 0.54 50.00   0.0   0.0,0.00 0.00 0.00 89.38 0.54 50.00 0.10 -14.44 6 63 6 63  0.0%  0.0%  0.000 0.000 0.00 -4.90 0.00  0.00 0.00   0.00 0.0% | 1200.00  -50.00 HI -50.00 -50.00
2026-09-27T09:13:33.461,DEMO,DEMO,DEMO_MODE,24f8f9829bf14f26914a962224c1ad3a,F1 :      0    3 0.10 -14.44 0.54 50.00   0.0   0.0,0.00 0.00 0.00 89.38 0.54 50.00 0.10 -14.44 6 63 6 63  0.0%  0.0%  0.000 0.000 0.00 -4.90 0.00  0.00 0.00   0.00 0.0% | 1200.00  -50.00 HI -50.00 -50.00
2026-09-27T09:13:33.581,DEMO,DEMO,DEMO_MODE,24f8f9829bf14f26914a962224c1ad3a,F1 :      0    3 0.10 -14.44 0.54 50.00   0.0   0.0,0.00 0.00 0.00 89.38 0.54 50.00 0.10 -14.44 6 63 6 63  0.0%  0.0%  0.000 0.000 0.00 -4.90 0.00  0.00 0.00   0.00 0.0% | 1200.00  -50.00 HI -50.00 -50.00
2026-09-27T09:13:33.707,DEMO,DEMO,DEMO_MODE,24f8f9829bf14f26914a962224c1ad3a,F1 :      0    3 0.10 -14.44 0.54 50.00   0.0   4.0,0.00 0.00 0.00 89.38 0.54 50.00 0.10 -14.44 6 63 6 63  0.0%  4.0%  0.000 0.000 0.00 -4.90 0.00  0.00 0.00   0.00 0.0% | 1200.00  -50.00 HI -50.00 -50.00
2026-09-27T09:13:33.828,DEMO,DEMO,DEMO_MODE,24f8f9829bf14f26914a962224c1ad3a,F1 :      0    3 0.10 -14.44 0.54 50.00   0.0   4.0,0.00 0.00 0.00 89.38 0.54 50.00 0.10 -14.44 6 63 6 63  0.0%  4.0%  0.000 0.000 0.00 -4.90 0.00  0.00 0.00   0.00 0.0% | 1200.00  -50.00 HI -50.00 -50.00
2026-09-27T09:13:33.955,DEMO,DEMO,DEMO_MODE,24f8f9829bf14f26914a962224c1ad3a,F1 :      0    3 0.10 -14.44 0.54 50.00   0.0   4.0,0.00 0.00 0.00 89.38 0.54 50.00 0.10 -14.44 6 63 6 63  0.0%  4.0%  0.000 0.000 0.00 -4.90 0.00  0.00 0.00   0.00 0.0% | 1200.00  -50.00 HI -50.00 -50.00
2026-09-27T09:13:34.075,DEMO,DEMO,DEMO_MODE,24f8f9829bf14f26914a962224c1ad3a,F1 :      0    3 0.10 -14.44 0.54 50.00   0.0   4.0,0.00 0.00 0.00 89.38 0.54 50.00 0.10 -14.44 6 63 6 63  0.0%  4.0%  0.000 0.000 0.00 -4.90 0.00  0.00 0.00   0.00 0.0% | 1200.00  -50.00 HI -50.00 -50.00
2026-09-27T09:13:34.201,DEMO,DEMO,DEMO_MODE,24f8f9829bf14f26914a962224c1ad3a,F1 :      0    3 0.10 -14.44 0.54 50.00   0.0   4.0,0.00 0.00 0.00 89.38 0.54 50.00 0.10 -14.44 6 63 6 63  0.0%  4.0%  0.000 0.000 0.00 -4.90 0.00  0.00 0.00   0.00 0.0% | 1200.00  -50.00 HI -50.00 -50.00
2026-09-27T09:13:34.322,DEMO,DEMO,DEMO_MODE,24f8f9829bf14f26914a962224c1ad3a,F1 :      0    3 0.10 -14.44 0.54 50.00   0.0   4.0,0.00 0.00 0.00 89.38 0.54 50.00 0.10 -14.44 6 63 6 63  0.0%  4.0%  0.000 0.000 0.00 -4.90 0.00  0.00 0.00   0.00 0.0% | 1200.00  -50.00 HI -50.00 -50.00
2026-09-27T09:13:34.447,DEMO,DEMO,DEMO_MODE,24f8f9829bf14f26914a962224c1ad3a,F1 :      0    3 0.10 -14.44 0.54 50.00   0.0   4.0,0.00 0.00 0.00 89.38 0.54 50.00 0.10 -14.44 6 63 6 63  0.0%  4.0%  0.000 0.000 0.00 -4.90 0.00  0.00 0.00   0.00 0.0% | 1200.00  -50.00 HI -50.00 -50.00
2026-09-27T09:13:34.568,DEMO,DEMO,DEMO_MODE,24f8f9829bf14f26914a962224c1ad3a,F1 :      0    3 0.10 -14.44 0.54 50.00   0.0   4.0,0.00 0.00 0.00 89.38 0.54 50.00 0.10 -14.44 6 63 6 63  0.0%  4.0%  0.000 0.000 0.00 -4.90 0.00  0.00 0.00   0.00 0.0% | 1200.00  -50.00 HI -50.00 -50.00
2026-09-27T09:13:34.693,DEMO,DEMO,DEMO_MODE,24f8f9829bf14f26914a962224c1ad3a,F1 :      0    4 0.10 -14.44 0.54 50.00   0.0   4.0,0.00 0.00 0.00 89.38 0.54 50.00 0.10 -14.44 6 63 6 63  0.0%  4.0%  0.000 0.000 0.00 -4.90 0.00  0.00 0.00   0.00 0.0% | 1200.00  -50.00 HI -50.00 -50.00
2026-09-27T09:13:34.814,DEMO,DEMO,DEMO_MODE,24f8f9829bf14f26914a962224c1ad3a,F1 :      0    4 0.10 -14.44 0.54 50.00   0.0   4.0,0.00 0.00 0.00 89.38 0.54 50.00 0.10 -14.44 6 63 6 63  0.0%  4.0%  0.000 0.000 0.00 -4.90 0.00  0.00 0.00   0.00 0.0% | 1200.00  -50.00 HI -50.00 -50.00
2026-09-27T09:13:34.940,DEMO,DEMO,DEMO_MODE,24f8f9829bf14f26914a962224c1ad3a,F1 :      0    4 0.10 -14.44 0.54 50.00   0.0   4.0,0.00 0.00 0.00 89.38 0.54 50.00 0.10 -14.44 6 63 6 63  0.0%  4.0%  0.000 0.000 0.00 -4.90 0.00  0.00 0.00   0.00 0.0% | 1200.00  -50.00 HI -50.00 -50.00
2026-09-27T09:13:35.061,DEMO,DEMO,DEMO_MODE,24f8f9829bf14f26914a962224c1ad3a,F1 :      0    4 0.10 -14.44 0.54 50.00   0.0   4.0,0.00 0.00 0.00 89.38 0.54 50.00 0.10 -14.44 6 63 6 63  0.0%  4.0%  0.000 0.000 0.00 -4.90 0.00  0.00 0.00   0.00 0.0% | 1200.00  -50.00 HI -50.00 -50.00
2026-09-27T09:13:35.187,DEMO,DEMO,DEMO_MODE,24f8f9829bf14f26914a962224c1ad3a,F1 :      0    4 0.10 -14.44 0.54 50.00   0.0   4.0,0.00 0.00 0.00 89.38 0.54 50.00 0.10 -14.44 6 63 6 63  0.0%  4.0%  0.000 0.000 0.00 -4.90 0.00  0.00 0.00   0.00 0.0% | 1200.00  -50.00 HI -50.00 -50.00
2026-09-27T09:13:35.308,DEMO,DEMO,DEMO_MODE,24f8f9829bf14f26914a962224c1ad3a,F1 :      0    4 0.10 -14.44 0.54 50.00   0.0   4.0,0.00 0.00 0.00 89.38 0.54 50.00 0.10 -14.44 6 63 6 63  0.0%  4.0%  0.000 0.000 0.00 -4.90 0.00  0.00 0.00   0.00 0.0% | 1200.00  -50.00 HI -50.00 -50.00
2026-09-27T09:13:35.434,DEMO,DEMO,DEMO_MODE,24f8f9829bf14f26914a962224c1ad3a,F1 :      0    4 0.10 -14.44 0.54 50.00   0.0   4.0,0.00 0.00 0.00 89.38 0.54 50.00 0.10 -14.44 6 63 6 63  0.0%  4.0%  0.000 0.000 0.00 -4.90 0.00  0.00 0.00   0.00 0.0% | 1200.00  -50.00 HI -50.00 -50.00
2026-09-27T09:13:35.555,DEMO,DEMO,DEMO_MODE,24f8f9829bf14f26914a962224c1ad3a,F1 :      0    4 0.10 -14.44 0.54 50.00   0.0   4.0,0.00 0.00 0.00 89.38 0.54 50.00 0.10 -14.44 6 63 6 63  0.0%  4.0%  0.000 0.000 0.00 -4.90 0.00  0.00 0.00   0.00 0.0% | 1200.00  -50.00 HI -50.00 -50.00
2026-09-27T09:13:35.682,DEMO,DEMO,DEMO_MODE,24f8f9829bf14f26914a962224c1ad3a,F1 :      0    4 0.10 -14.44 0.54 50.00   0.0   4.0,0.00 0.00 0.00 89.38 0.54 50.00 0.10 -14.44 6 63 6 63  0.0%  4.0%  0.000 0.000 0.00 -4.90 0.00  0.00 0.00   0.00 0.0% | 1200.00  -50.00 HI -50.00 -50.00
2026-09-27T09:13:35.808,DEMO,DEMO,DEMO_MODE,24f8f9829bf14f26914a962224c1ad3a,F1 :      0    4 0.10 -14.44 0.54 50.00   0.0   4.0,0.00 0.00 0.00 89.38 0.54 50.00 0.10 -14.44 6 63 6 63  0.0%  4.0%  0.000 0.000 0.00 -4.90 0.00  0.00 0.00   0.00 0.0% | 1200.00  -50.00 HI -50.00 -50.00
2026-09-27T09:13:35.934,DEMO,DEMO,DEMO_MODE,24f8f9829bf14f26914a962224c1ad3a,F1 :      0    4 0.10 -14.44 0.54 50.00   0.0   4.0,0.00 0.00 0.00 89.38 0.54 50.00 0.10 -14.44 6 63 6 63  0.0%  4.0%  0.000 0.000 0.00 -4.90 0.00  0.00 0.00   0.00 0.0% | 1200.00  -50.00 HI -50.00 -50.00
2026-09-27T09:13:36.054,DEMO,DEMO,DEMO_MODE,24f8f9829bf14f26914a962224c1ad3a,F1 :      0    4 0.10 -14.44 0.54 50.00   0.0   4.0,0.00 0.00 0.00 89.38 0.54 50.00 0.10 -14.44 6 63 6 63  0.0%  4.0%  0.000 0.000 0.00 -4.90 0.00  0.00 0.00   0.00 0.0% | 1200.00  -50.00 HI -50.00 -50.00
2026-09-27T09:13:36.180,DEMO,DEMO,DEMO_MODE,24f8f9829bf14f26914a962224c1ad3a,F1 :      0    4 0.10 -14.44 0.54 50.00   0.0   4.0,0.00 0.00 0.00 89.38 0.54 50.00 0.10 -14.44 6 63 6 63  0.0%  4.0%  0.000 0.000 0.00 -4.90 0.00  0.00 0.00   0.00 0.0% | 1200.00  -50.00 HI -50.00 -50.00
2026-09-27T09:13:36.301,DEMO,DEMO,DEMO_MODE,24f8f9829bf14f26914a962224c1ad3a,F1 :      0    4 0.10 -14.44 0.54 50.00   0.0   4.0,0.00 0.00 0.00 89.38 0.54 50.00 0.10 -14.44 6 63 6 63  0.0%  4.0%  0.000 0.000 0.00 -4.90 0.00  0.00 0.00   0.00 0.0% | 1200.00  -50.00 HI -50.00 -50.00
2026-09-27T09:13:36.426,DEMO,DEMO,DEMO_MODE,24f8f9829bf14f26914a962224c1ad3a,F1 :      0    4 0.10 -14.44 0.54 50.00   0.0   4.0,0.00 0.00 0.00 89.38 0.54 50.00 0.10 -14.44 6 63 6 63  0.0%  4.0%  0.000 0.000 0.00 -4.90 0.00  0.00 0.00   0.00 0.0% | 1200.00  -50.00 HI -50.00 -50.00
2026-09-27T09:13:36.547,DEMO,DEMO,DEMO_MODE,24f8f9829bf14f26914a962224c1ad3a,F1 :      0    4 0.10 -14.44 0.54 50.00   0.0   4.0,0.00 0.00 0.00 89.38 0.54 50.00 0.10 -14.44 6 63 6 63  0.0%  4.0%  0.000 0.000 0.00 -4.90 0.00  0.00 0.00   0.00 0.0% | 1200.00  -50.00 HI -50.00 -50.00
2026-09-27T09:13:36.672,DEMO,DEMO,DEMO_MODE,24f8f9829bf14f26914a962224c1ad3a,F1 :      0    4 0.10 -14.44 0.54 50.00   0.0   4.0,0.00 0.00 0.00 89.38 0.54 50.00 0.10 -14.44 6 63 6 63  0.0%  4.0%  0.000 0.000 0.00 -4.90 0.00  0.00 0.00   0.00 0.0% | 1200.00  -50.00 HI -50.00 -50.00
2026-09-27T09:13:36.793,DEMO,DEMO,DEMO_MODE,24f8f9829bf14f26914a962224c1ad3a,F1 :      0    4 0.10 -14.44 0.54 50.00   0.0   4.0,0.00 0.00 0.00 89.38 0.54 50.00 0.10 -14.44 6 63 6 63  0.0%  4.0%  0.000 0.000 0.00 -4.90 0.00  0.00 0.00   0.00 0.0% | 1200.00  -50.00 HI -50.00 -50.00
2026-09-27T09:13:36.919,DEMO,DEMO,DEMO_MODE,24f8f9829bf14f26914a962224c1ad3a,F1 :      0    4 0.10 -14.44 0.54 50.00   0.0   4.0,0.00 0.00 0.00 89.38 0.54 50.00 0.10 -14.44 6 63 6 63  0.0%  4.0%  0.000 0.000 0.00 -4.90 0.00  0.00 0.00   0.00 0.0% | 1200.00  -50.00 HI -50.00 -50.00
2026-09-27T09:13:37.040,DEMO,DEMO,DEMO_MODE,24f8f9829bf14f26914a962224c1ad3a,F1 :      0    4 0.10 -14.44 0.54 50.00   0.0   4.0,0.00 0.00 0.00 89.38 0.54 50.00 0.10 -14.44 6 63 6 63  0.0%  4.0%  0.000 0.000 0.00 -4.90 0.00  0.00 0.00   0.00 0.0% | 1200.00  -50.00 HI -50.00 -50.00
2026-09-27T09:13:37.166,DEMO,DEMO,DEMO_MODE,24f8f9829bf14f26914a962224c1ad3a,F1 :      0    4 0.10 -14.44 0.54 50.00   0.0   4.0,0.00 0.00 0.00 89.38 0.54 50.00 0.10 -14.44 6 63 6 63  0.0%  4.0%  0.000 0.000 0.00 -4.90 0.00  0.00 0.00   0.00 0.0% | 1200.00  -50.00 HI -50.00 -50.00
2026-09-27T09:13:37.292,DEMO,DEMO,DEMO_MODE,24f8f9829bf14f26914a962224c1ad3a,F1 :      0    4 0.10 -14.44 0.54 50.00   0.0   4.0,0.00 0.00 0.00 89.38 0.54 50.00 0.10 -14.44 6 63 6 63  0.0%  4.0%  0.000 0.000 0.00 -4.90 0.00  0.00 0.00   0.00 0.0% | 1200.00  -50.00 HI -50.00 -50.00
2026-09-27T09:13:37.418,DEMO,DEMO,DEMO_MODE,24f8f9829bf14f26914a962224c1ad3a,F1 :      0    4 0.10 -14.44 0.54 50.00   0.0   4.0,0.00 0.00 0.00 89.38 0.54 50.00 0.10 -14.44 6 63 6 63  0.0%  4.0%  0.000 0.000 0.00 -4.90 0.00  0.00 0.00   0.00 0.0% | 1200.00  -50.00 HI -50.00 -50.00
2026-09-27T09:13:37.549,DEMO,DEMO,DEMO_MODE,24f8f9829bf14f26914a962224c1ad3a,F1 :      0    4 0.10 -14.44 0.54 50.00   0.0   4.0,0.00 0.00 0.00 89.38 0.54 50.00 0.10 -14.44 6 63 6 63  0.0%  4.0%  0.000 0.000 0.00 -4.90 0.00  0.00 0.00   0.00 0.0% | 1200.00  -50.00 HI -50.00 -50.00
2026-09-27T09:13:37.676,DEMO,DEMO,DEMO_MODE,24f8f9829bf14f26914a962224c1ad3a,F1 :      0    4 0.10 -14.44 0.54 50.00   0.0   4.0,0.00 0.00 0.00 89.38 0.54 50.00 0.10 -14.44 6 63 6 63  0.0%  4.0%  0.000 0.000 0.00 -4.90 0.00  0.00 0.00   0.00 0.0% | 1200.00  -50.00 HI -50.00 -50.00
2026-09-27T09:13:37.802,DEMO,DEMO,DEMO_MODE,24f8f9829bf14f26914a962224c1ad3a,F1 :      0    4 0.10 -14.44 0.54 50.00   0.0   4.0,0.00 0.00 0.00 89.38 0.54 50.00 0.10 -14.44 6 63 6 63  0.0%  4.0%  0.000 0.000 0.00 -4.90 0.00  0.00 0.00   0.00 0.0% | 1200.00  -50.00 HI -50.00 -50.00
2026-09-27T09:13:37.927,DEMO,DEMO,DEMO_MODE,24f8f9829bf14f26914a962224c1ad3a,F1 :      0    4 0.10 -14.44 0.54 50.00   0.0   4.0,0.00 0.00 0.00 89.38 0.54 50.00 0.10 -14.44 6 63 6 63  0.0%  4.0%  0.000 0.000 0.00 -4.90 0.00  0.00 0.00   0.00 0.0% | 1200.00  -50.00 HI -50.00 -50.00
2026-09-27T09:13:38.048,DEMO,DEMO,DEMO_MODE,24f8f9829bf14f26914a962224c1ad3a,F1 :      0    4 0.10 -14.44 0.54 50.00   0.0   4.0,0.00 0.00 0.00 89.38 0.54 50.00 0.10 -14.44 6 63 6 63  0.0%  4.0%  0.000 0.000 0.00 -4.90 0.00  0.00 0.00   0.00 0.0% | 1200.00  -50.00 HI -50.00 -50.00
2026-09-27T09:13:38.174,DEMO,DEMO,DEMO_MODE,24f8f9829bf14f26914a962224c1ad3a,F1 :      0    4 0.10 -14.44 0.54 50.00   0.0   4.0,0.00 0.00 0.00 89.38 0.54 50.00 0.10 -14.44 6 63 6 63  0.0%  4.0%  0.000 0.000 0.00 -4.90 0.00  0.00 0.00   0.00 0.0% | 1200.00  -50.00 HI -50.00 -50.00
2026-09-27T09:13:38.295,DEMO,DEMO,DEMO_MODE,24f8f9829bf14f26914a962224c1ad3a,F1 :      0    4 0.10 -14.44 0.54 50.00   0.0   4.0,0.00 0.00 0.00 89.38 0.54 50.00 0.10 -14.44 6 63 6 63  0.0%  4.0%  0.000 0.000 0.00 -4.90 0.00  0.00 0.00   0.00 0.0% | 1200.00  -50.00 HI -50.00 -50.00
2026-09-27T09:13:38.416,DEMO,DEMO,DEMO_MODE,24f8f9829bf14f26914a962224c1ad3a,F1 :      0    4 0.10 -14.44 0.54 50.00   0.0   4.0,0.00 0.00 0.00 89.38 0.54 50.00 0.10 -14.44 6 63 6 63  0.0%  4.0%  0.000 0.000 0.00 -4.90 0.00  0.00 0.00   0.00 0.0% | 1200.00  -50.00 HI -50.00 -50.00
2026-09-27T09:13:38.537,DEMO,DEMO,DEMO_MODE,24f8f9829bf14f26914a962224c1ad3a,F1 :      0    4 0.10 -14.44 0.54 50.00   0.0   4.0,0.00 0.00 0.00 89.38 0.54 50.00 0.10 -14.44 6 63 6 63  0.0%  4.0%  0.000 0.000 0.00 -4.90 0.00  0.00 0.00   0.00 0.0% | 1200.00  -50.00 HI -50.00 -50.00
2026-09-27T09:13:38.658,DEMO,DEMO,DEMO_MODE,24f8f9829bf14f26914a962224c1ad3a,F1 :      0    4 0.10 -14.44 0.54 50.00   0.0   4.0,0.00 0.00 0.00 89.38 0.54 50.00 0.10 -14.44 6 63 6 63  0.0%  4.0%  0.000 0.000 0.00 -4.90 0.00  0.00 0.00   0.00 0.0% | 1200.00  -50.00 HI -50.00 -50.00
2026-09-27T09:13:38.778,DEMO,DEMO,DEMO_MODE,24f8f9829bf14f26914a962224c1ad3a,F1 :      0    4 0.10 -14.44 0.54 50.00   0.0   4.0,0.00 0.00 0.00 89.38 0.54 50.00 0.10 -14.44 6 63 6 63  0.0%  4.0%  0.000 0.000 0.00 -4.90 0.00  0.00 0.00   0.00 0.0% | 1200.00  -50.00 HI -50.00 -50.00
2026-09-27T09:13:38.899,DEMO,DEMO,DEMO_MODE,24f8f9829bf14f26914a962224c1ad3a,F1 :    100    4 0.10 -14.44 0.54 50.00  10.0   8.0,0.00 0.00 0.00 89.38 0.54 50.00 0.10 -14.44 6 63 6 63 10.0%  8.0% 50.000 0.000 0.00 -4.90 0.00  1.92 0.00  96.00 0.0% | 1200.00  -40.00 HI -50.00 -50.00
2026-09-27T09:13:39.019,DEMO,DEMO,DEMO_MODE,24f8f9829bf14f26914a962224c1ad3a,F1 :    100    4 0.10 -14.44 0.54 50.00  10.0   8.0,0.00 0.00 0.00 89.38 0.54 50.00 0.10 -14.44 6 63 6 63 10.0%  8.0% 50.000 0.000 0.00 -4.90 0.00  1.92 0.00  96.00 0.0% | 1200.00  -40.00 HI -50.00 -50.00
2026-09-27T09:13:39.140,DEMO,DEMO,DEMO_MODE,24f8f9829bf14f26914a962224c1ad3a,F1 :    100    4 0.10 -14.44 0.54 50.00  10.0   8.0,0.00 0.00 0.00 89.38 0.54 50.00 0.10 -14.44 6 63 6 63 10.0%  8.0% 50.000 0.000 0.00 -4.90 0.00  1.92 0.00  96.00 0.0% | 1200.00  -40.00 HI -50.00 -50.00
2026-09-27T09:13:39.261,DEMO,DEMO,DEMO_MODE,24f8f9829bf14f26914a962224c1ad3a,F1 :    100    4 0.10 -14.44 0.54 50.00  10.0   8.0,0.00 0.00 0.00 89.38 0.54 50.00 0.10 -14.44 6 63 6 63 10.0%  8.0% 50.000 0.000 0.00 -4.90 0.00  1.92 0.00  96.00 0.0% | 1200.00  -40.00 HI -50.00 -50.00
2026-09-27T09:13:39.381,DEMO,DEMO,DEMO_MODE,24f8f9829bf14f26914a962224c1ad3a,F1 :    100    4 0.10 -14.44 0.54 50.00  10.0   8.0,0.00 0.00 0.00 89.38 0.54 50.00 0.10 -14.44 6 63 6 63 10.0%  8.0% 50.000 0.000 0.00 -4.90 0.00  1.92 0.00  96.00 0.0% | 1200.00  -40.00 HI -50.00 -50.00
2026-09-27T09:13:39.502,DEMO,DEMO,DEMO_MODE,24f8f9829bf14f26914a962224c1ad3a,F1 :    100    4 0.10 -14.44 0.54 50.00  10.0   8.0,0.00 0.00 0.00 89.38 0.54 50.00 0.10 -14.44 6 63 6 63 10.0%  8.0% 50.000 0.000 0.00 -4.90 0.00  1.92 0.00  96.00 0.0% | 1200.00  -40.00 HI -50.00 -50.00
2026-09-27T09:13:39.623,DEMO,DEMO,DEMO_MODE,24f8f9829bf14f26914a962224c1ad3a,F1 :    100    4 0.10 -14.44 0.54 50.00  10.0   8.0,0.00 0.00 0.00 89.38 0.54 50.00 0.10 -14.44 6 63 6 63 10.0%  8.0% 50.000 0.000 0.00 -4.90 0.00  1.92 0.00  96.00 0.0% | 1200.00  -40.00 HI -50.00 -50.00
2026-09-27T09:13:39.744,DEMO,DEMO,DEMO_MODE,24f8f9829bf14f26914a962224c1ad3a,F1 :    100    4 0.10 -14.44 0.54 50.00  10.0   8.0,0.00 0.00 0.00 89.38 0.54 50.00 0.10 -14.44 6 63 6 63 10.0%  8.0% 50.000 0.000 0.00 -4.90 0.00  1.92 0.00  96.00 0.0% | 1200.00  -40.00 HI -50.00 -50.00
2026-09-27T09:13:39.865,DEMO,DEMO,DEMO_MODE,24f8f9829bf14f26914a962224c1ad3a,F1 :    100    4 0.10 -14.44 0.54 50.00  10.0   8.0,0.00 0.00 0.00 89.38 0.54 50.00 0.10 -14.44 6 63 6 63 10.0%  8.0% 50.000 0.000 0.00 -4.90 0.00  1.92 0.00  96.00 0.0% | 1200.00  -40.00 HI -50.00 -50.00
2026-09-27T09:13:39.985,DEMO,DEMO,DEMO_MODE,24f8f9829bf14f26914a962224c1ad3a,F1 :    100    4 0.10 -14.44 0.54 50.00  10.0   8.0,0.00 0.00 0.00 89.38 0.54 50.00 0.10 -14.44 6 63 6 63 10.0%  8.0% 50.000 0.000 0.00 -4.90 0.00  1.92 0.00  96.00 0.0% | 1200.00  -40.00 HI -50.00 -50.00
2026-09-27T09:13:40.107,DEMO,DEMO,DEMO_MODE,24f8f9829bf14f26914a962224c1ad3a,F1 :    100    4 0.10 -14.44 0.54 50.00  10.0   8.0,0.00 0.00 0.00 89.38 0.54 50.00 0.10 -14.44 6 63 6 63 10.0%  8.0% 50.000 0.000 0.00 -4.90 0.00  1.92 0.00  96.00 0.0% | 1200.00  -40.00 HI -50.00 -50.00
2026-09-27T09:13:40.233,DEMO,DEMO,DEMO_MODE,24f8f9829bf14f26914a962224c1ad3a,F1 :    100    4 0.10 -14.44 0.54 50.00  10.0   8.0,0.00 0.00 0.00 89.38 0.54 50.00 0.10 -14.44 6 63 6 63 10.0%  8.0% 50.000 0.000 0.00 -4.90 0.00  1.92 0.00  96.00 0.0% | 1200.00  -40.00 HI -50.00 -50.00
2026-09-27T09:13:40.353,DEMO,DEMO,DEMO_MODE,24f8f9829bf14f26914a962224c1ad3a,F1 :    100    4 0.10 -14.44 0.54 50.00  10.0   8.0,0.00 0.00 0.00 89.38 0.54 50.00 0.10 -14.44 6 63 6 63 10.0%  8.0% 50.000 0.000 0.00 -4.90 0.00  1.92 0.00  96.00 0.0% | 1200.00  -40.00 HI -50.00 -50.00
2026-09-27T09:13:40.478,DEMO,DEMO,DEMO_MODE,24f8f9829bf14f26914a962224c1ad3a,F1 :    100    4 0.10 -14.44 0.54 50.00  10.0   8.0,0.00 0.00 0.00 89.38 0.54 50.00 0.10 -14.44 6 63 6 63 10.0%  8.0% 50.000 0.000 0.00 -4.90 0.00  1.92 0.00  96.00 0.0% | 1200.00  -40.00 HI -50.00 -50.00
2026-09-27T09:13:40.599,DEMO,DEMO,DEMO_MODE,24f8f9829bf14f26914a962224c1ad3a,F1 :    100    4 0.10 -14.44 0.54 50.00  10.0   8.0,0.00 0.00 0.00 89.38 0.54 50.00 0.10 -14.44 6 63 6 63 10.0%  8.0% 50.000 0.000 0.00 -4.90 0.00  1.92 0.00  96.00 0.0% | 1200.00  -40.00 HI -50.00 -50.00
2026-09-27T09:13:40.725,DEMO,DEMO,DEMO_MODE,24f8f9829bf14f26914a962224c1ad3a,F1 :    100    4 0.10 -14.44 0.54 50.00  10.0   8.0,0.00 0.00 0.00 89.38 0.54 50.00 0.10 -14.44 6 63 6 63 10.0%  8.0% 50.000 0.000 0.00 -4.90 0.00  1.92 0.00  96.00 0.0% | 1200.00  -40.00 HI -50.00 -50.00
2026-09-27T09:13:40.846,DEMO,DEMO,DEMO_MODE,24f8f9829bf14f26914a962224c1ad3a,F1 :    100    4 0.10 -14.44 0.54 50.00  10.0   8.0,0.00 0.00 0.00 89.38 0.54 50.00 0.10 -14.44 6 63 6 63 10.0%  8.0% 50.000 0.000 0.00 -4.90 0.00  1.92 0.00  96.00 0.0% | 1200.00  -40.00 HI -50.00 -50.00
2026-09-27T09:13:40.973,DEMO,DEMO,DEMO_MODE,24f8f9829bf14f26914a962224c1ad3a,F1 :    100    4 0.10 -14.44 0.54 50.00  10.0   8.0,0.00 0.00 0.00 89.38 0.54 50.00 0.10 -14.44 6 63 6 63 10.0%  8.0% 50.000 0.000 0.00 -4.90 0.00  1.92 0.00  96.00 0.0% | 1200.00  -40.00 HI -50.00 -50.00
2026-09-27T09:13:41.093,DEMO,DEMO,DEMO_MODE,24f8f9829bf14f26914a962224c1ad3a,F1 :    100    4 0.10 -14.44 0.54 50.00  10.0   8.0,0.00 0.00 0.00 89.38 0.54 50.00 0.10 -14.44 6 63 6 63 10.0%  8.0% 50.000 0.000 0.00 -4.90 0.00  1.92 0.00  96.00 0.0% | 1200.00  -40.00 HI -50.00 -50.00
2026-09-27T09:13:41.219,DEMO,DEMO,DEMO_MODE,24f8f9829bf14f26914a962224c1ad3a,F1 :    100    4 0.10 -14.44 0.54 50.00  10.0   8.0,0.00 0.00 0.00 89.38 0.54 50.00 0.10 -14.44 6 63 6 63 10.0%  8.0% 50.000 0.000 0.00 -4.90 0.00  1.92 0.00  96.00 0.0% | 1200.00  -40.00 HI -50.00 -50.00
2026-09-27T09:13:41.340,DEMO,DEMO,DEMO_MODE,24f8f9829bf14f26914a962224c1ad3a,F1 :    100    4 0.10 -14.44 0.54 50.00  10.0   8.0,0.00 0.00 0.00 89.38 0.54 50.00 0.10 -14.44 6 63 6 63 10.0%  8.0% 50.000 0.000 0.00 -4.90 0.00  1.92 0.00  96.00 0.0% | 1200.00  -40.00 HI -50.00 -50.00
2026-09-27T09:13:41.467,DEMO,DEMO,DEMO_MODE,24f8f9829bf14f26914a962224c1ad3a,F1 :    100    4 0.10 -14.44 0.54 50.00  10.0   8.0,0.00 0.00 0.00 89.38 0.54 50.00 0.10 -14.44 6 63 6 63 10.0%  8.0% 50.000 0.000 0.00 -4.90 0.00  1.92 0.00  96.00 0.0% | 1200.00  -40.00 HI -50.00 -50.00
2026-09-27T09:13:41.587,DEMO,DEMO,DEMO_MODE,24f8f9829bf14f26914a962224c1ad3a,F1 :    100    4 0.10 -14.44 0.54 50.00  10.0   8.0,0.00 0.00 0.00 89.38 0.54 50.00 0.10 -14.44 6 63 6 63 10.0%  8.0% 50.000 0.000 0.00 -4.90 0.00  1.92 0.00  96.00 0.0% | 1200.00  -40.00 HI -50.00 -50.00
2026-09-27T09:13:41.712,DEMO,DEMO,DEMO_MODE,24f8f9829bf14f26914a962224c1ad3a,F1 :    100    4 0.10 -14.44 0.54 50.00  10.0   8.0,0.00 0.00 0.00 89.38 0.54 50.00 0.10 -14.44 6 63 6 63 10.0%  8.0% 50.000 0.000 0.00 -4.90 0.00  1.92 0.00  96.00 0.0% | 1200.00  -40.00 HI -50.00 -50.00
2026-09-27T09:13:41.834,DEMO,DEMO,DEMO_MODE,24f8f9829bf14f26914a962224c1ad3a,F1 :    100    4 0.10 -14.44 0.54 50.00  10.0   8.0,0.00 0.00 0.00 89.38 0.54 50.00 0.10 -14.44 6 63 6 63 10.0%  8.0% 50.000 0.000 0.00 -4.90 0.00  1.92 0.00  96.00 0.0% | 1200.00  -40.00 HI -50.00 -50.00
2026-09-27T09:13:41.961,DEMO,DEMO,DEMO_MODE,24f8f9829bf14f26914a962224c1ad3a,F1 :    100    4 0.10 -14.44 0.54 50.00  10.0   8.0,0.00 0.00 0.00 89.38 0.54 50.00 0.10 -14.44 6 63 6 63 10.0%  8.0% 50.000 0.000 0.00 -4.90 0.00  1.92 0.00  96.00 0.0% | 1200.00  -40.00 HI -50.00 -50.00
2026-09-27T09:13:42.081,DEMO,DEMO,DEMO_MODE,24f8f9829bf14f26914a962224c1ad3a,F1 :    100    4 0.10 -14.44 0.54 50.00  10.0   8.0,0.00 0.00 0.00 89.38 0.54 50.00 0.10 -14.44 6 63 6 63 10.0%  8.0% 50.000 0.000 0.00 -4.90 0.00  1.92 0.00  96.00 0.0% | 1200.00  -40.00 HI -50.00 -50.00
2026-09-27T09:13:42.208,DEMO,DEMO,DEMO_MODE,24f8f9829bf14f26914a962224c1ad3a,F1 :    100    4 0.10 -14.44 0.54 50.00  10.0   8.0,0.00 0.00 0.00 89.38 0.54 50.00 0.10 -14.44 6 63 6 63 10.0%  8.0% 50.000 0.000 0.00 -4.90 0.00  1.92 0.00  96.00 0.0% | 1200.00  -40.00 HI -50.00 -50.00
2026-09-27T09:13:42.329,DEMO,DEMO,DEMO_MODE,24f8f9829bf14f26914a962224c1ad3a,F1 :    100    4 0.10 -14.44 0.54 50.00  10.0   8.0,0.00 0.00 0.00 89.38 0.54 50.00 0.10 -14.44 6 63 6 63 10.0%  8.0% 50.000 0.000 0.00 -4.90 0.00  1.92 0.00  96.00 0.0% | 1200.00  -40.00 HI -50.00 -50.00
2026-09-27T09:13:42.455,DEMO,DEMO,DEMO_MODE,24f8f9829bf14f26914a962224c1ad3a,F1 :    100    4 0.10 -14.44 0.54 50.00  10.0   8.0,0.00 0.00 0.00 89.38 0.54 50.00 0.10 -14.44 6 63 6 63 10.0%  8.0% 50.000 0.000 0.00 -4.90 0.00  1.92 0.00  96.00 0.0% | 1200.00  -40.00 HI -50.00 -50.00
2026-09-27T09:13:42.575,DEMO,DEMO,DEMO_MODE,24f8f9829bf14f26914a962224c1ad3a,F1 :    100    4 0.10 -14.44 0.54 50.00  10.0   8.0,0.00 0.00 0.00 89.38 0.54 50.00 0.10 -14.44 6 63 6 63 10.0%  8.0% 50.000 0.000 0.00 -4.90 0.00  1.92 0.00  96.00 0.0% | 1200.00  -40.00 HI -50.00 -50.00
2026-09-27T09:13:42.702,DEMO,DEMO,DEMO_MODE,24f8f9829bf14f26914a962224c1ad3a,F1 :    100    4 0.10 -14.44 0.54 50.00  10.0   8.0,0.00 0.00 0.00 89.38 0.54 50.00 0.10 -14.44 6 63 6 63 10.0%  8.0% 50.000 0.000 0.00 -4.90 0.00  1.92 0.00  96.00 0.0% | 1200.00  -40.00 HI -50.00 -50.00
2026-09-27T09:13:42.823,DEMO,DEMO,DEMO_MODE,24f8f9829bf14f26914a962224c1ad3a,F1 :    100    4 0.10 -14.44 0.54 50.00  10.0   8.0,0.00 0.00 0.00 89.38 0.54 50.00 0.10 -14.44 6 63 6 63 10.0%  8.0% 50.000 0.000 0.00 -4.90 0.00  1.92 0.00  96.00 0.0% | 1200.00  -40.00 HI -50.00 -50.00
2026-09-27T09:13:42.948,DEMO,DEMO,DEMO_MODE,24f8f9829bf14f26914a962224c1ad3a,F1 :    100    4 0.10 -14.44 0.54 50.00  10.0   8.0,0.00 0.00 0.00 89.38 0.54 50.00 0.10 -14.44 6 63 6 63 10.0%  8.0% 50.000 0.000 0.00 -4.90 0.00  1.92 0.00  96.00 0.0% | 1200.00  -40.00 HI -50.00 -50.00
2026-09-27T09:13:43.069,DEMO,DEMO,DEMO_MODE,24f8f9829bf14f26914a962224c1ad3a,F1 :    100    4 0.10 -14.44 0.54 50.00  10.0   8.0,0.00 0.00 0.00 89.38 0.54 50.00 0.10 -14.44 6 63 6 63 10.0%  8.0% 50.000 0.000 0.00 -4.90 0.00  1.92 0.00  96.00 0.0% | 1200.00  -40.00 HI -50.00 -50.00
2026-09-27T09:13:43.196,DEMO,DEMO,DEMO_MODE,24f8f9829bf14f26914a962224c1ad3a,F1 :    100    4 0.10 -14.44 0.54 50.00  10.0   8.0,0.00 0.00 0.00 89.38 0.54 50.00 0.10 -14.44 6 63 6 63 10.0%  8.0% 50.000 0.000 0.00 -4.90 0.00  1.92 0.00  96.00 0.0% | 1200.00  -40.00 HI -50.00 -50.00
2026-09-27T09:13:43.317,DEMO,DEMO,DEMO_MODE,24f8f9829bf14f26914a962224c1ad3a,F1 :    100    4 0.10 -14.44 0.54 50.00  10.0   8.0,0.00 0.00 0.00 89.38 0.54 50.00 0.10 -14.44 6 63 6 63 10.0%  8.0% 50.000 0.000 0.00 -4.90 0.00  1.92 0.00  96.00 0.0% | 1200.00  -40.00 HI -50.00 -50.00
2026-09-27T09:13:43.443,DEMO,DEMO,DEMO_MODE,24f8f9829bf14f26914a962224c1ad3a,F1 :    100    4 0.10 -14.44 0.54 50.00  10.0   8.0,0.00 0.00 0.00 89.38 0.54 50.00 0.10 -14.44 6 63 6 63 10.0%  8.0% 50.000 0.000 0.00 -4.90 0.00  1.92 0.00  96.00 0.0% | 1200.00  -40.00 HI -50.00 -50.00
2026-09-27T09:13:43.563,DEMO,DEMO,DEMO_MODE,24f8f9829bf14f26914a962224c1ad3a,F1 :    100    4 0.10 -14.44 0.54 50.00  10.0   8.0,0.00 0.00 0.00 89.38 0.54 50.00 0.10 -14.44 6 63 6 63 10.0%  8.0% 50.000 0.000 0.00 -4.90 0.00  1.92 0.00  96.00 0.0% | 1200.00  -40.00 HI -50.00 -50.00
2026-09-27T09:13:43.689,DEMO,DEMO,DEMO_MODE,24f8f9829bf14f26914a962224c1ad3a,F1 :    100    4 0.10 -14.44 0.54 50.00  10.0   8.0,0.00 0.00 0.00 89.38 0.54 50.00 0.10 -14.44 6 63 6 63 10.0%  8.0% 50.000 0.000 0.00 -4.90 0.00  1.92 0.00  96.00 0.0% | 1200.00  -40.00 HI -50.00 -50.00
2026-09-27T09:13:43.810,DEMO,DEMO,DEMO_MODE,24f8f9829bf14f26914a962224c1ad3a,F1 :    100    4 0.10 -14.44 0.54 50.00  10.0   8.0,0.00 0.00 0.00 89.38 0.54 50.00 0.10 -14.44 6 63 6 63 10.0%  8.0% 50.000 0.000 0.00 -4.90 0.00  1.92 0.00  96.00 0.0% | 1200.00  -40.00 HI -50.00 -50.00
2026-09-27T09:13:43.936,DEMO,DEMO,DEMO_MODE,24f8f9829bf14f26914a962224c1ad3a,F1 :    100    0 0.10 -14.44 0.54 50.00  10.0  12.0,0.00 0.00 0.00 89.38 0.54 50.00 0.10 -14.44 6 63 6 63 10.0% 12.0% 50.000 0.000 0.00 -4.90 0.00  2.00 0.00 100.00 0.0% | 1200.00  -40.00 HI -50.00 -50.00
2026-09-27T09:13:44.073,DEMO,DEMO,DEMO_MODE,24f8f9829bf14f26914a962224c1ad3a,F1 :    100    0 0.10 -14.44 0.54 50.00  10.0  12.0,0.00 0.00 0.00 89.38 0.54 50.00 0.10 -14.44 6 63 6 63 10.0% 12.0% 50.000 0.000 0.00 -4.90 0.00  2.00 0.00 100.00 0.0% | 1200.00  -40.00 HI -50.00 -50.00
2026-09-27T09:13:44.199,DEMO,DEMO,DEMO_MODE,24f8f9829bf14f26914a962224c1ad3a,F1 :    100    0 0.10 -14.44 0.54 50.00  10.0  12.0,0.00 0.00 0.00 89.38 0.54 50.00 0.10 -14.44 6 63 6 63 10.0% 12.0% 50.000 0.000 0.00 -4.90 0.00  2.00 0.00 100.00 0.0% | 1200.00  -40.00 HI -50.00 -50.00
2026-09-27T09:13:44.320,DEMO,DEMO,DEMO_MODE,24f8f9829bf14f26914a962224c1ad3a,F1 :    100    0 0.10 -14.44 0.54 50.00  10.0  12.0,0.00 0.00 0.00 89.38 0.54 50.00 0.10 -14.44 6 63 6 63 10.0% 12.0% 50.000 0.000 0.00 -4.90 0.00  2.00 0.00 100.00 0.0% | 1200.00  -40.00 HI -50.00 -50.00
2026-09-27T09:13:44.446,DEMO,DEMO,DEMO_MODE,24f8f9829bf14f26914a962224c1ad3a,F1 :    100    0 0.10 -14.44 0.54 50.00  10.0  12.0,0.00 0.00 0.00 89.38 0.54 50.00 0.10 -14.44 6 63 6 63 10.0% 12.0% 50.000 0.000 0.00 -4.90 0.00  2.00 0.00 100.00 0.0% | 1200.00  -40.00 HI -50.00 -50.00
2026-09-27T09:13:44.566,DEMO,DEMO,DEMO_MODE,24f8f9829bf14f26914a962224c1ad3a,F1 :    100    0 0.10 -14.44 0.54 50.00  10.0  12.0,0.00 0.00 0.00 89.38 0.54 50.00 0.10 -14.44 6 63 6 63 10.0% 12.0% 50.000 0.000 0.00 -4.90 0.00  2.00 0.00 100.00 0.0% | 1200.00  -40.00 HI -50.00 -50.00
2026-09-27T09:13:44.693,DEMO,DEMO,DEMO_MODE,24f8f9829bf14f26914a962224c1ad3a,F1 :    100    0 0.10 -14.44 0.54 50.00  10.0  12.0,0.00 0.00 0.00 89.38 0.54 50.00 0.10 -14.44 6 63 6 63 10.0% 12.0% 50.000 0.000 0.00 -4.90 0.00  2.00 0.00 100.00 0.0% | 1200.00  -40.00 HI -50.00 -50.00
2026-09-27T09:13:44.813,DEMO,DEMO,DEMO_MODE,24f8f9829bf14f26914a962224c1ad3a,F1 :    100    0 0.10 -14.44 0.54 50.00  10.0  12.0,0.00 0.00 0.00 89.38 0.54 50.00 0.10 -14.44 6 63 6 63 10.0% 12.0% 50.000 0.000 0.00 -4.90 0.00  2.00 0.00 100.00 0.0% | 1200.00  -40.00 HI -50.00 -50.00
2026-09-27T09:13:44.940,DEMO,DEMO,DEMO_MODE,24f8f9829bf14f26914a962224c1ad3a,F1 :    100    0 0.10 -14.44 0.54 50.00  10.0  12.0,0.00 0.00 0.00 89.38 0.54 50.00 0.10 -14.44 6 63 6 63 10.0% 12.0% 50.000 0.000 0.00 -4.90 0.00  2.00 0.00 100.00 0.0% | 1200.00  -40.00 HI -50.00 -50.00
2026-09-27T09:13:45.061,DEMO,DEMO,DEMO_MODE,24f8f9829bf14f26914a962224c1ad3a,F1 :    100    0 0.10 -14.44 0.54 50.00  10.0  12.0,0.00 0.00 0.00 89.38 0.54 50.00 0.10 -14.44 6 63 6 63 10.0% 12.0% 50.000 0.000 0.00 -4.90 0.00  2.00 0.00 100.00 0.0% | 1200.00  -40.00 HI -50.00 -50.00
2026-09-27T09:13:45.188,DEMO,DEMO,DEMO_MODE,24f8f9829bf14f26914a962224c1ad3a,F1 :    100    0 0.10 -14.44 0.54 50.00  10.0  12.0,0.00 0.00 0.00 89.38 0.54 50.00 0.10 -14.44 6 63 6 63 10.0% 12.0% 50.000 0.000 0.00 -4.90 0.00  2.00 0.00 100.00 0.0% | 1200.00  -40.00 HI -50.00 -50.00
2026-09-27T09:13:45.308,DEMO,DEMO,DEMO_MODE,24f8f9829bf14f26914a962224c1ad3a,F1 :    100    0 0.10 -14.44 0.54 50.00  10.0  12.0,0.00 0.00 0.00 89.38 0.54 50.00 0.10 -14.44 6 63 6 63 10.0% 12.0% 50.000 0.000 0.00 -4.90 0.00  2.00 0.00 100.00 0.0% | 1200.00  -40.00 HI -50.00 -50.00
2026-09-27T09:13:45.434,DEMO,DEMO,DEMO_MODE,24f8f9829bf14f26914a962224c1ad3a,F1 :    100    0 0.10 -14.44 0.54 50.00  10.0  12.0,0.00 0.00 0.00 89.38 0.54 50.00 0.10 -14.44 6 63 6 63 10.0% 12.0% 50.000 0.000 0.00 -4.90 0.00  2.00 0.00 100.00 0.0% | 1200.00  -40.00 HI -50.00 -50.00
2026-09-27T09:13:45.565,DEMO,DEMO,DEMO_MODE,24f8f9829bf14f26914a962224c1ad3a,F1 :    100    0 0.10 -14.44 0.54 50.00  10.0  12.0,0.00 0.00 0.00 89.38 0.54 50.00 0.10 -14.44 6 63 6 63 10.0% 12.0% 50.000 0.000 0.00 -4.90 0.00  2.00 0.00 100.00 0.0% | 1200.00  -40.00 HI -50.00 -50.00
2026-09-27T09:13:45.690,DEMO,DEMO,DEMO_MODE,24f8f9829bf14f26914a962224c1ad3a,F1 :    100    0 0.10 -14.44 0.54 50.00  10.0  12.0,0.00 0.00 0.00 89.38 0.54 50.00 0.10 -14.44 6 63 6 63 10.0% 12.0% 50.000 0.000 0.00 -4.90 0.00  2.00 0.00 100.00 0.0% | 1200.00  -40.00 HI -50.00 -50.00
2026-09-27T09:13:45.811,DEMO,DEMO,DEMO_MODE,24f8f9829bf14f26914a962224c1ad3a,F1 :    100    0 0.10 -14.44 0.54 50.00  10.0  12.0,0.00 0.00 0.00 89.38 0.54 50.00 0.10 -14.44 6 63 6 63 10.0% 12.0% 50.000 0.000 0.00 -4.90 0.00  2.00 0.00 100.00 0.0% | 1200.00  -40.00 HI -50.00 -50.00
2026-09-27T09:13:45.938,DEMO,DEMO,DEMO_MODE,24f8f9829bf14f26914a962224c1ad3a,F1 :    100    0 0.10 -14.44 0.54 50.00  10.0  12.0,0.00 0.00 0.00 89.38 0.54 50.00 0.10 -14.44 6 63 6 63 10.0% 12.0% 50.000 0.000 0.00 -4.90 0.00  2.00 0.00 100.00 0.0% | 1200.00  -40.00 HI -50.00 -50.00
2026-09-27T09:13:46.058,DEMO,DEMO,DEMO_MODE,24f8f9829bf14f26914a962224c1ad3a,F1 :    100    0 0.10 -14.44 0.54 50.00  10.0  12.0,0.00 0.00 0.00 89.38 0.54 50.00 0.10 -14.44 6 63 6 63 10.0% 12.0% 50.000 0.000 0.00 -4.90 0.00  2.00 0.00 100.00 0.0% | 1200.00  -40.00 HI -50.00 -50.00
2026-09-27T09:13:46.184,DEMO,DEMO,DEMO_MODE,24f8f9829bf14f26914a962224c1ad3a,F1 :    100    0 0.10 -14.44 0.54 50.00  10.0  12.0,0.00 0.00 0.00 89.38 0.54 50.00 0.10 -14.44 6 63 6 63 10.0% 12.0% 50.000 0.000 0.00 -4.90 0.00  2.00 0.00 100.00 0.0% | 1200.00  -40.00 HI -50.00 -50.00
2026-09-27T09:13:46.314,DEMO,DEMO,DEMO_MODE,24f8f9829bf14f26914a962224c1ad3a,F1 :    100    0 0.10 -14.44 0.54 50.00  10.0  12.0,0.00 0.00 0.00 89.38 0.54 50.00 0.10 -14.44 6 63 6 63 10.0% 12.0% 50.000 0.000 0.00 -4.90 0.00  2.00 0.00 100.00 0.0% | 1200.00  -40.00 HI -50.00 -50.00
2026-09-27T09:13:46.440,DEMO,DEMO,DEMO_MODE,24f8f9829bf14f26914a962224c1ad3a,F1 :    100    0 0.10 -14.44 0.54 50.00  10.0  12.0,0.00 0.00 0.00 89.38 0.54 50.00 0.10 -14.44 6 63 6 63 10.0% 12.0% 50.000 0.000 0.00 -4.90 0.00  2.00 0.00 100.00 0.0% | 1200.00  -40.00 HI -50.00 -50.00
2026-09-27T09:13:46.577,DEMO,DEMO,DEMO_MODE,24f8f9829bf14f26914a962224c1ad3a,F1 :    100    0 0.10 -14.44 0.54 50.00  10.0  12.0,0.00 0.00 0.00 89.38 0.54 50.00 0.10 -14.44 6 63 6 63 10.0% 12.0% 50.000 0.000 0.00 -4.90 0.00  2.00 0.00 100.00 0.0% | 1200.00  -40.00 HI -50.00 -50.00
2026-09-27T09:13:46.702,DEMO,DEMO,DEMO_MODE,24f8f9829bf14f26914a962224c1ad3a,F1 :    100    0 0.10 -14.44 0.54 50.00  10.0  12.0,0.00 0.00 0.00 89.38 0.54 50.00 0.10 -14.44 6 63 6 63 10.0% 12.0% 50.000 0.000 0.00 -4.90 0.00  2.00 0.00 100.00 0.0% | 1200.00  -40.00 HI -50.00 -50.00
2026-09-27T09:13:46.823,DEMO,DEMO,DEMO_MODE,24f8f9829bf14f26914a962224c1ad3a,F1 :    100    0 0.10 -14.44 0.54 50.00  10.0  12.0,0.00 0.00 0.00 89.38 0.54 50.00 0.10 -14.44 6 63 6 63 10.0% 12.0% 50.000 0.000 0.00 -4.90 0.00  2.00 0.00 100.00 0.0% | 1200.00  -40.00 HI -50.00 -50.00
2026-09-27T09:13:46.949,DEMO,DEMO,DEMO_MODE,24f8f9829bf14f26914a962224c1ad3a,F1 :    100    0 0.10 -14.44 0.54 50.00  10.0  12.0,0.00 0.00 0.00 89.38 0.54 50.00 0.10 -14.44 6 63 6 63 10.0% 12.0% 50.000 0.000 0.00 -4.90 0.00  2.00 0.00 100.00 0.0% | 1200.00  -40.00 HI -50.00 -50.00
2026-09-27T09:13:47.070,DEMO,DEMO,DEMO_MODE,24f8f9829bf14f26914a962224c1ad3a,F1 :    100    0 0.10 -14.44 0.54 50.00  10.0  12.0,0.00 0.00 0.00 89.38 0.54 50.00 0.10 -14.44 6 63 6 63 10.0% 12.0% 50.000 0.000 0.00 -4.90 0.00  2.00 0.00 100.00 0.0% | 1200.00  -40.00 HI -50.00 -50.00
2026-09-27T09:13:47.197,DEMO,DEMO,DEMO_MODE,24f8f9829bf14f26914a962224c1ad3a,F1 :    100    0 0.10 -14.44 0.54 50.00  10.0  12.0,0.00 0.00 0.00 89.38 0.54 50.00 0.10 -14.44 6 63 6 63 10.0% 12.0% 50.000 0.000 0.00 -4.90 0.00  2.00 0.00 100.00 0.0% | 1200.00  -40.00 HI -50.00 -50.00
2026-09-27T09:13:47.317,DEMO,DEMO,DEMO_MODE,24f8f9829bf14f26914a962224c1ad3a,F1 :    100    0 0.10 -14.44 0.54 50.00  10.0  12.0,0.00 0.00 0.00 89.38 0.54 50.00 0.10 -14.44 6 63 6 63 10.0% 12.0% 50.000 0.000 0.00 -4.90 0.00  2.00 0.00 100.00 0.0% | 1200.00  -40.00 HI -50.00 -50.00
2026-09-27T09:13:47.442,DEMO,DEMO,DEMO_MODE,24f8f9829bf14f26914a962224c1ad3a,F1 :    100    0 0.10 -14.44 0.54 50.00  10.0  12.0,0.00 0.00 0.00 89.38 0.54 50.00 0.10 -14.44 6 63 6 63 10.0% 12.0% 50.000 0.000 0.00 -4.90 0.00  2.00 0.00 100.00 0.0% | 1200.00  -40.00 HI -50.00 -50.00
2026-09-27T09:13:47.563,DEMO,DEMO,DEMO_MODE,24f8f9829bf14f26914a962224c1ad3a,F1 :    100    0 0.10 -14.44 0.54 50.00  10.0  12.0,0.00 0.00 0.00 89.38 0.54 50.00 0.10 -14.44 6 63 6 63 10.0% 12.0% 50.000 0.000 0.00 -4.90 0.00  2.00 0.00 100.00 0.0% | 1200.00  -40.00 HI -50.00 -50.00
2026-09-27T09:13:47.690,DEMO,DEMO,DEMO_MODE,24f8f9829bf14f26914a962224c1ad3a,F1 :    100    0 0.10 -14.44 0.54 50.00  10.0  12.0,0.00 0.00 0.00 89.38 0.54 50.00 0.10 -14.44 6 63 6 63 10.0% 12.0% 50.000 0.000 0.00 -4.90 0.00  2.00 0.00 100.00 0.0% | 1200.00  -40.00 HI -50.00 -50.00
2026-09-27T09:13:47.810,DEMO,DEMO,DEMO_MODE,24f8f9829bf14f26914a962224c1ad3a,F1 :    100    0 0.10 -14.44 0.54 50.00  10.0  12.0,0.00 0.00 0.00 89.38 0.54 50.00 0.10 -14.44 6 63 6 63 10.0% 12.0% 50.000 0.000 0.00 -4.90 0.00  2.00 0.00 100.00 0.0% | 1200.00  -40.00 HI -50.00 -50.00
2026-09-27T09:13:47.936,DEMO,DEMO,DEMO_MODE,24f8f9829bf14f26914a962224c1ad3a,F1 :    100    0 0.10 -14.44 0.54 50.00  10.0  12.0,0.00 0.00 0.00 89.38 0.54 50.00 0.10 -14.44 6 63 6 63 10.0% 12.0% 50.000 0.000 0.00 -4.90 0.00  2.00 0.00 100.00 0.0% | 1200.00  -40.00 HI -50.00 -50.00
2026-09-27T09:13:48.057,DEMO,DEMO,DEMO_MODE,24f8f9829bf14f26914a962224c1ad3a,F1 :    100    0 0.10 -14.44 0.54 50.00  10.0  12.0,0.00 0.00 0.00 89.38 0.54 50.00 0.10 -14.44 6 63 6 63 10.0% 12.0% 50.000 0.000 0.00 -4.90 0.00  2.00 0.00 100.00 0.0% | 1200.00  -40.00 HI -50.00 -50.00
2026-09-27T09:13:48.183,DEMO,DEMO,DEMO_MODE,24f8f9829bf14f26914a962224c1ad3a,F1 :    100    0 0.10 -14.44 0.54 50.00  10.0  12.0,0.00 0.00 0.00 89.38 0.54 50.00 0.10 -14.44 6 63 6 63 10.0% 12.0% 50.000 0.000 0.00 -4.90 0.00  2.00 0.00 100.00 0.0% | 1200.00  -40.00 HI -50.00 -50.00
2026-09-27T09:13:48.303,DEMO,DEMO,DEMO_MODE,24f8f9829bf14f26914a962224c1ad3a,F1 :    100    0 0.10 -14.44 0.54 50.00  10.0  12.0,0.00 0.00 0.00 89.38 0.54 50.00 0.10 -14.44 6 63 6 63 10.0% 12.0% 50.000 0.000 0.00 -4.90 0.00  2.00 0.00 100.00 0.0% | 1200.00  -40.00 HI -50.00 -50.00
2026-09-27T09:13:48.430,DEMO,DEMO,DEMO_MODE,24f8f9829bf14f26914a962224c1ad3a,F1 :    100    0 0.10 -14.44 0.54 50.00  10.0  12.0,0.00 0.00 0.00 89.38 0.54 50.00 0.10 -14.44 6 63 6 63 10.0% 12.0% 50.000 0.000 0.00 -4.90 0.00  2.00 0.00 100.00 0.0% | 1200.00  -40.00 HI -50.00 -50.00
2026-09-27T09:13:48.550,DEMO,DEMO,DEMO_MODE,24f8f9829bf14f26914a962224c1ad3a,F1 :    100    0 0.10 -14.44 0.54 50.00  10.0  12.0,0.00 0.00 0.00 89.38 0.54 50.00 0.10 -14.44 6 63 6 63 10.0% 12.0% 50.000 0.000 0.00 -4.90 0.00  2.00 0.00 100.00 0.0% | 1200.00  -40.00 HI -50.00 -50.00
2026-09-27T09:13:48.677,DEMO,DEMO,DEMO_MODE,24f8f9829bf14f26914a962224c1ad3a,F1 :    100    0 0.10 -14.44 0.54 50.00  10.0  12.0,0.00 0.00 0.00 89.38 0.54 50.00 0.10 -14.44 6 63 6 63 10.0% 12.0% 50.000 0.000 0.00 -4.90 0.00  2.00 0.00 100.00 0.0% | 1200.00  -40.00 HI -50.00 -50.00
2026-09-27T09:13:48.798,DEMO,DEMO,DEMO_MODE,24f8f9829bf14f26914a962224c1ad3a,F1 :    100    0 0.10 -14.44 0.54 50.00  10.0  12.0,0.00 0.00 0.00 89.38 0.54 50.00 0.10 -14.44 6 63 6 63 10.0% 12.0% 50.000 0.000 0.00 -4.90 0.00  2.00 0.00 100.00 0.0% | 1200.00  -40.00 HI -50.00 -50.00
2026-09-27T09:13:48.923,DEMO,DEMO,DEMO_MODE,24f8f9829bf14f26914a962224c1ad3a,F1 :    100    0 0.10 -14.44 0.54 50.00  10.0  12.0,0.00 0.00 0.00 89.38 0.54 50.00 0.10 -14.44 6 63 6 63 10.0% 12.0% 50.000 0.000 0.00 -4.90 0.00  2.00 0.00 100.00 0.0% | 1200.00  -40.00 HI -50.00 -50.00
2026-09-27T09:13:49.044,DEMO,DEMO,DEMO_MODE,24f8f9829bf14f26914a962224c1ad3a,F1 :    100    0 0.10 -14.44 0.54 50.00  10.0  12.0,0.00 0.00 0.00 89.38 0.54 50.00 0.10 -14.44 6 63 6 63 10.0% 12.0% 50.000 0.000 0.00 -4.90 0.00  2.00 0.00 100.00 0.0% | 1200.00  -40.00 HI -50.00 -50.00
2026-09-27T09:13:49.171,DEMO,DEMO,DEMO_MODE,24f8f9829bf14f26914a962224c1ad3a,F1 :    200    0 0.10 -14.44 0.54 50.00  20.0  16.0,0.00 0.00 0.00 89.38 0.54 50.00 0.10 -14.44 6 63 6 63 20.0% 16.0% 100.000 0.000 0.00 -4.90 0.00  2.00 0.00 200.00 0.0% | 1200.00  -30.00 HI -50.00 -50.00
2026-09-27T09:13:49.291,DEMO,DEMO,DEMO_MODE,24f8f9829bf14f26914a962224c1ad3a,F1 :    200    0 0.10 -14.44 0.54 50.00  20.0  16.0,0.00 0.00 0.00 89.38 0.54 50.00 0.10 -14.44 6 63 6 63 20.0% 16.0% 100.000 0.000 0.00 -4.90 0.00  2.00 0.00 200.00 0.0% | 1200.00  -30.00 HI -50.00 -50.00
2026-09-27T09:13:49.417,DEMO,DEMO,DEMO_MODE,24f8f9829bf14f26914a962224c1ad3a,F1 :    200    0 0.10 -14.44 0.54 50.00  20.0  16.0,0.00 0.00 0.00 89.38 0.54 50.00 0.10 -14.44 6 63 6 63 20.0% 16.0% 100.000 0.000 0.00 -4.90 0.00  2.00 0.00 200.00 0.0% | 1200.00  -30.00 HI -50.00 -50.00
2026-09-27T09:13:49.538,DEMO,DEMO,DEMO_MODE,24f8f9829bf14f26914a962224c1ad3a,F1 :    200    0 0.10 -14.44 0.54 50.00  20.0  16.0,0.00 0.00 0.00 89.38 0.54 50.00 0.10 -14.44 6 63 6 63 20.0% 16.0% 100.000 0.000 0.00 -4.90 0.00  2.00 0.00 200.00 0.0% | 1200.00  -30.00 HI -50.00 -50.00
2026-09-27T09:13:49.659,DEMO,DEMO,DEMO_MODE,24f8f9829bf14f26914a962224c1ad3a,F1 :    200    0 0.10 -14.44 0.54 50.00  20.0  16.0,0.00 0.00 0.00 89.38 0.54 50.00 0.10 -14.44 6 63 6 63 20.0% 16.0% 100.000 0.000 0.00 -4.90 0.00  2.00 0.00 200.00 0.0% | 1200.00  -30.00 HI -50.00 -50.00
2026-09-27T09:13:49.780,DEMO,DEMO,DEMO_MODE,24f8f9829bf14f26914a962224c1ad3a,F1 :    200    0 0.10 -14.44 0.54 50.00  20.0  16.0,0.00 0.00 0.00 89.38 0.54 50.00 0.10 -14.44 6 63 6 63 20.0% 16.0% 100.000 0.000 0.00 -4.90 0.00  2.00 0.00 200.00 0.0% | 1200.00  -30.00 HI -50.00 -50.00
2026-09-27T09:13:49.901,DEMO,DEMO,DEMO_MODE,24f8f9829bf14f26914a962224c1ad3a,F1 :    200    0 0.10 -14.44 0.54 50.00  20.0  16.0,0.00 0.00 0.00 89.38 0.54 50.00 0.10 -14.44 6 63 6 63 20.0% 16.0% 100.000 0.000 0.00 -4.90 0.00  2.00 0.00 200.00 0.0% | 1200.00  -30.00 HI -50.00 -50.00
2026-09-27T09:13:50.022,DEMO,DEMO,DEMO_MODE,24f8f9829bf14f26914a962224c1ad3a,F1 :    200    0 0.10 -14.44 0.54 50.00  20.0  16.0,0.00 0.00 0.00 89.38 0.54 50.00 0.10 -14.44 6 63 6 63 20.0% 16.0% 100.000 0.000 0.00 -4.90 0.00  2.00 0.00 200.00 0.0% | 1200.00  -30.00 HI -50.00 -50.00
2026-09-27T09:13:50.143,DEMO,DEMO,DEMO_MODE,24f8f9829bf14f26914a962224c1ad3a,F1 :    200    0 0.10 -14.44 0.54 50.00  20.0  16.0,0.00 0.00 0.00 89.38 0.54 50.00 0.10 -14.44 6 63 6 63 20.0% 16.0% 100.000 0.000 0.00 -4.90 0.00  2.00 0.00 200.00 0.0% | 1200.00  -30.00 HI -50.00 -50.00
2026-09-27T09:13:50.263,DEMO,DEMO,DEMO_MODE,24f8f9829bf14f26914a962224c1ad3a,F1 :    200    0 0.10 -14.44 0.54 50.00  20.0  16.0,0.00 0.00 0.00 89.38 0.54 50.00 0.10 -14.44 6 63 6 63 20.0% 16.0% 100.000 0.000 0.00 -4.90 0.00  2.00 0.00 200.00 0.0% | 1200.00  -30.00 HI -50.00 -50.00
2026-09-27T09:13:50.384,DEMO,DEMO,DEMO_MODE,24f8f9829bf14f26914a962224c1ad3a,F1 :    200    0 0.10 -14.44 0.54 50.00  20.0  16.0,0.00 0.00 0.00 89.38 0.54 50.00 0.10 -14.44 6 63 6 63 20.0% 16.0% 100.000 0.000 0.00 -4.90 0.00  2.00 0.00 200.00 0.0% | 1200.00  -30.00 HI -50.00 -50.00
2026-09-27T09:13:50.505,DEMO,DEMO,DEMO_MODE,24f8f9829bf14f26914a962224c1ad3a,F1 :    200    0 0.10 -14.44 0.54 50.00  20.0  16.0,0.00 0.00 0.00 89.38 0.54 50.00 0.10 -14.44 6 63 6 63 20.0% 16.0% 100.000 0.000 0.00 -4.90 0.00  2.00 0.00 200.00 0.0% | 1200.00  -30.00 HI -50.00 -50.00
2026-09-27T09:13:50.625,DEMO,DEMO,DEMO_MODE,24f8f9829bf14f26914a962224c1ad3a,F1 :    200    0 0.10 -14.44 0.54 50.00  20.0  16.0,0.00 0.00 0.00 89.38 0.54 50.00 0.10 -14.44 6 63 6 63 20.0% 16.0% 100.000 0.000 0.00 -4.90 0.00  2.00 0.00 200.00 0.0% | 1200.00  -30.00 HI -50.00 -50.00
2026-09-27T09:13:50.746,DEMO,DEMO,DEMO_MODE,24f8f9829bf14f26914a962224c1ad3a,F1 :    200    0 0.10 -14.44 0.54 50.00  20.0  16.0,0.00 0.00 0.00 89.38 0.54 50.00 0.10 -14.44 6 63 6 63 20.0% 16.0% 100.000 0.000 0.00 -4.90 0.00  2.00 0.00 200.00 0.0% | 1200.00  -30.00 HI -50.00 -50.00
2026-09-27T09:13:50.867,DEMO,DEMO,DEMO_MODE,24f8f9829bf14f26914a962224c1ad3a,F1 :    200    0 0.10 -14.44 0.54 50.00  20.0  16.0,0.00 0.00 0.00 89.38 0.54 50.00 0.10 -14.44 6 63 6 63 20.0% 16.0% 100.000 0.000 0.00 -4.90 0.00  2.00 0.00 200.00 0.0% | 1200.00  -30.00 HI -50.00 -50.00
2026-09-27T09:13:50.988,DEMO,DEMO,DEMO_MODE,24f8f9829bf14f26914a962224c1ad3a,F1 :    200    0 0.10 -14.44 0.54 50.00  20.0  16.0,0.00 0.00 0.00 89.38 0.54 50.00 0.10 -14.44 6 63 6 63 20.0% 16.0% 100.000 0.000 0.00 -4.90 0.00  2.00 0.00 200.00 0.0% | 1200.00  -30.00 HI -50.00 -50.00
2026-09-27T09:13:51.109,DEMO,DEMO,DEMO_MODE,24f8f9829bf14f26914a962224c1ad3a,F1 :    200    0 0.10 -14.44 0.54 50.00  20.0  16.0,0.00 0.00 0.00 89.38 0.54 50.00 0.10 -14.44 6 63 6 63 20.0% 16.0% 100.000 0.000 0.00 -4.90 0.00  2.00 0.00 200.00 0.0% | 1200.00  -30.00 HI -50.00 -50.00
2026-09-27T09:13:51.231,DEMO,DEMO,DEMO_MODE,24f8f9829bf14f26914a962224c1ad3a,F1 :    200    0 0.10 -14.44 0.54 50.00  20.0  16.0,0.00 0.00 0.00 89.38 0.54 50.00 0.10 -14.44 6 63 6 63 20.0% 16.0% 100.000 0.000 0.00 -4.90 0.00  2.00 0.00 200.00 0.0% | 1200.00  -30.00 HI -50.00 -50.00
2026-09-27T09:13:51.352,DEMO,DEMO,DEMO_MODE,24f8f9829bf14f26914a962224c1ad3a,F1 :    200    0 0.10 -14.44 0.54 50.00  20.0  16.0,0.00 0.00 0.00 89.38 0.54 50.00 0.10 -14.44 6 63 6 63 20.0% 16.0% 100.000 0.000 0.00 -4.90 0.00  2.00 0.00 200.00 0.0% | 1200.00  -30.00 HI -50.00 -50.00
2026-09-27T09:13:51.477,DEMO,DEMO,DEMO_MODE,24f8f9829bf14f26914a962224c1ad3a,F1 :    200    0 0.10 -14.44 0.54 50.00  20.0  16.0,0.00 0.00 0.00 89.38 0.54 50.00 0.10 -14.44 6 63 6 63 20.0% 16.0% 100.000 0.000 0.00 -4.90 0.00  2.00 0.00 200.00 0.0% | 1200.00  -30.00 HI -50.00 -50.00
2026-09-27T09:13:51.598,DEMO,DEMO,DEMO_MODE,24f8f9829bf14f26914a962224c1ad3a,F1 :    200    0 0.10 -14.44 0.54 50.00  20.0  16.0,0.00 0.00 0.00 89.38 0.54 50.00 0.10 -14.44 6 63 6 63 20.0% 16.0% 100.000 0.000 0.00 -4.90 0.00  2.00 0.00 200.00 0.0% | 1200.00  -30.00 HI -50.00 -50.00
2026-09-27T09:13:51.725,DEMO,DEMO,DEMO_MODE,24f8f9829bf14f26914a962224c1ad3a,F1 :    200    0 0.10 -14.44 0.54 50.00  20.0  16.0,0.00 0.00 0.00 89.38 0.54 50.00 0.10 -14.44 6 63 6 63 20.0% 16.0% 100.000 0.000 0.00 -4.90 0.00  2.00 0.00 200.00 0.0% | 1200.00  -30.00 HI -50.00 -50.00
2026-09-27T09:13:51.845,DEMO,DEMO,DEMO_MODE,24f8f9829bf14f26914a962224c1ad3a,F1 :    200    0 0.10 -14.44 0.54 50.00  20.0  16.0,0.00 0.00 0.00 89.38 0.54 50.00 0.10 -14.44 6 63 6 63 20.0% 16.0% 100.000 0.000 0.00 -4.90 0.00  2.00 0.00 200.00 0.0% | 1200.00  -30.00 HI -50.00 -50.00
2026-09-27T09:13:51.972,DEMO,DEMO,DEMO_MODE,24f8f9829bf14f26914a962224c1ad3a,F1 :    200    0 0.10 -14.44 0.54 50.00  20.0  16.0,0.00 0.00 0.00 89.38 0.54 50.00 0.10 -14.44 6 63 6 63 20.0% 16.0% 100.000 0.000 0.00 -4.90 0.00  2.00 0.00 200.00 0.0% | 1200.00  -30.00 HI -50.00 -50.00
2026-09-27T09:13:52.098,DEMO,DEMO,DEMO_MODE,24f8f9829bf14f26914a962224c1ad3a,F1 :    200    0 0.10 -14.44 0.54 50.00  20.0  16.0,0.00 0.00 0.00 89.38 0.54 50.00 0.10 -14.44 6 63 6 63 20.0% 16.0% 100.000 0.000 0.00 -4.90 0.00  2.00 0.00 200.00 0.0% | 1200.00  -30.00 HI -50.00 -50.00
2026-09-27T09:13:52.223,DEMO,DEMO,DEMO_MODE,24f8f9829bf14f26914a962224c1ad3a,F1 :    200    0 0.10 -14.44 0.54 50.00  20.0  16.0,0.00 0.00 0.00 89.38 0.54 50.00 0.10 -14.44 6 63 6 63 20.0% 16.0% 100.000 0.000 0.00 -4.90 0.00  2.00 0.00 200.00 0.0% | 1200.00  -30.00 HI -50.00 -50.00
2026-09-27T09:13:52.344,DEMO,DEMO,DEMO_MODE,24f8f9829bf14f26914a962224c1ad3a,F1 :    200    0 0.10 -14.44 0.54 50.00  20.0  16.0,0.00 0.00 0.00 89.38 0.54 50.00 0.10 -14.44 6 63 6 63 20.0% 16.0% 100.000 0.000 0.00 -4.90 0.00  2.00 0.00 200.00 0.0% | 1200.00  -30.00 HI -50.00 -50.00
2026-09-27T09:13:52.471,DEMO,DEMO,DEMO_MODE,24f8f9829bf14f26914a962224c1ad3a,F1 :    200    0 0.10 -14.44 0.54 50.00  20.0  16.0,0.00 0.00 0.00 89.38 0.54 50.00 0.10 -14.44 6 63 6 63 20.0% 16.0% 100.000 0.000 0.00 -4.90 0.00  2.00 0.00 200.00 0.0% | 1200.00  -30.00 HI -50.00 -50.00
2026-09-27T09:13:52.592,DEMO,DEMO,DEMO_MODE,24f8f9829bf14f26914a962224c1ad3a,F1 :    200    0 0.10 -14.44 0.54 50.00  20.0  16.0,0.00 0.00 0.00 89.38 0.54 50.00 0.10 -14.44 6 63 6 63 20.0% 16.0% 100.000 0.000 0.00 -4.90 0.00  2.00 0.00 200.00 0.0% | 1200.00  -30.00 HI -50.00 -50.00
2026-09-27T09:13:52.719,DEMO,DEMO,DEMO_MODE,24f8f9829bf14f26914a962224c1ad3a,F1 :    200    0 0.10 -14.44 0.54 50.00  20.0  16.0,0.00 0.00 0.00 89.38 0.54 50.00 0.10 -14.44 6 63 6 63 20.0% 16.0% 100.000 0.000 0.00 -4.90 0.00  2.00 0.00 200.00 0.0% | 1200.00  -30.00 HI -50.00 -50.00
2026-09-27T09:13:52.845,DEMO,DEMO,DEMO_MODE,24f8f9829bf14f26914a962224c1ad3a,F1 :    200    0 0.10 -14.44 0.54 50.00  20.0  16.0,0.00 0.00 0.00 89.38 0.54 50.00 0.10 -14.44 6 63 6 63 20.0% 16.0% 100.000 0.000 0.00 -4.90 0.00  2.00 0.00 200.00 0.0% | 1200.00  -30.00 HI -50.00 -50.00
2026-09-27T09:13:52.971,DEMO,DEMO,DEMO_MODE,24f8f9829bf14f26914a962224c1ad3a,F1 :    200    0 0.10 -14.44 0.54 50.00  20.0  16.0,0.00 0.00 0.00 89.38 0.54 50.00 0.10 -14.44 6 63 6 63 20.0% 16.0% 100.000 0.000 0.00 -4.90 0.00  2.00 0.00 200.00 0.0% | 1200.00  -30.00 HI -50.00 -50.00
2026-09-27T09:13:53.102,DEMO,DEMO,DEMO_MODE,24f8f9829bf14f26914a962224c1ad3a,F1 :    200    0 0.10 -14.44 0.54 50.00  20.0  16.0,0.00 0.00 0.00 89.38 0.54 50.00 0.10 -14.44 6 63 6 63 20.0% 16.0% 100.000 0.000 0.00 -4.90 0.00  2.00 0.00 200.00 0.0% | 1200.00  -30.00 HI -50.00 -50.00
2026-09-27T09:13:53.229,DEMO,DEMO,DEMO_MODE,24f8f9829bf14f26914a962224c1ad3a,F1 :    200    1 0.10 -14.44 0.54 50.00  20.0  16.0,0.00 0.00 0.00 89.38 0.54 50.00 0.10 -14.44 6 63 6 63 20.0% 16.0% 100.000 0.000 0.00 -4.90 0.00  1.99 0.00 199.00 0.0% | 1200.00  -30.00 HI -50.00 -50.00
2026-09-27T09:13:53.349,DEMO,DEMO,DEMO_MODE,24f8f9829bf14f26914a962224c1ad3a,F1 :    200    1 0.10 -14.44 0.54 50.00  20.0  16.0,0.00 0.00 0.00 89.38 0.54 50.00 0.10 -14.44 6 63 6 63 20.0% 16.0% 100.000 0.000 0.00 -4.90 0.00  1.99 0.00 199.00 0.0% | 1200.00  -30.00 HI -50.00 -50.00
2026-09-27T09:13:53.475,DEMO,DEMO,DEMO_MODE,24f8f9829bf14f26914a962224c1ad3a,F1 :    200    1 0.10 -14.44 0.54 50.00  20.0  16.0,0.00 0.00 0.00 89.38 0.54 50.00 0.10 -14.44 6 63 6 63 20.0% 16.0% 100.000 0.000 0.00 -4.90 0.00  1.99 0.00 199.00 0.0% | 1200.00  -30.00 HI -50.00 -50.00
2026-09-27T09:13:53.595,DEMO,DEMO,DEMO_MODE,24f8f9829bf14f26914a962224c1ad3a,F1 :    200    1 0.10 -14.44 0.54 50.00  20.0  16.0,0.00 0.00 0.00 89.38 0.54 50.00 0.10 -14.44 6 63 6 63 20.0% 16.0% 100.000 0.000 0.00 -4.90 0.00  1.99 0.00 199.00 0.0% | 1200.00  -30.00 HI -50.00 -50.00
2026-09-27T09:13:53.722,DEMO,DEMO,DEMO_MODE,24f8f9829bf14f26914a962224c1ad3a,F1 :    200    1 0.10 -14.44 0.54 50.00  20.0  16.0,0.00 0.00 0.00 89.38 0.54 50.00 0.10 -14.44 6 63 6 63 20.0% 16.0% 100.000 0.000 0.00 -4.90 0.00  1.99 0.00 199.00 0.0% | 1200.00  -30.00 HI -50.00 -50.00
2026-09-27T09:13:53.842,DEMO,DEMO,DEMO_MODE,24f8f9829bf14f26914a962224c1ad3a,F1 :    200    1 0.10 -14.44 0.54 50.00  20.0  16.0,0.00 0.00 0.00 89.38 0.54 50.00 0.10 -14.44 6 63 6 63 20.0% 16.0% 100.000 0.000 0.00 -4.90 0.00  1.99 0.00 199.00 0.0% | 1200.00  -30.00 HI -50.00 -50.00
2026-09-27T09:13:53.968,DEMO,DEMO,DEMO_MODE,24f8f9829bf14f26914a962224c1ad3a,F1 :    200    1 0.10 -14.44 0.54 50.00  20.0  16.0,0.00 0.00 0.00 89.38 0.54 50.00 0.10 -14.44 6 63 6 63 20.0% 16.0% 100.000 0.000 0.00 -4.90 0.00  1.99 0.00 199.00 0.0% | 1200.00  -30.00 HI -50.00 -50.00
2026-09-27T09:13:54.089,DEMO,DEMO,DEMO_MODE,24f8f9829bf14f26914a962224c1ad3a,F1 :    200    1 0.10 -14.44 0.54 50.00  20.0  16.0,0.00 0.00 0.00 89.38 0.54 50.00 0.10 -14.44 6 63 6 63 20.0% 16.0% 100.000 0.000 0.00 -4.90 0.00  1.99 0.00 199.00 0.0% | 1200.00  -30.00 HI -50.00 -50.00
2026-09-27T09:13:54.215,DEMO,DEMO,DEMO_MODE,24f8f9829bf14f26914a962224c1ad3a,F1 :    200    1 0.10 -14.44 0.54 50.00  20.0  16.0,0.00 0.00 0.00 89.38 0.54 50.00 0.10 -14.44 6 63 6 63 20.0% 16.0% 100.000 0.000 0.00 -4.90 0.00  1.99 0.00 199.00 0.0% | 1200.00  -30.00 HI -50.00 -50.00
2026-09-27T09:13:54.336,DEMO,DEMO,DEMO_MODE,24f8f9829bf14f26914a962224c1ad3a,F1 :    200    1 0.10 -14.44 0.54 50.00  20.0  20.0,0.00 0.00 0.00 89.38 0.54 50.00 0.10 -14.44 6 63 6 63 20.0% 20.0% 100.000 0.000 0.00 -4.90 0.00  1.99 0.00 199.00 0.0% | 1200.00  -30.00 HI -50.00 -50.00
2026-09-27T09:13:54.462,DEMO,DEMO,DEMO_MODE,24f8f9829bf14f26914a962224c1ad3a,F1 :    200    1 0.10 -14.44 0.54 50.00  20.0  20.0,0.00 0.00 0.00 89.38 0.54 50.00 0.10 -14.44 6 63 6 63 20.0% 20.0% 100.000 0.000 0.00 -4.90 0.00  1.99 0.00 199.00 0.0% | 1200.00  -30.00 HI -50.00 -50.00
2026-09-27T09:13:54.583,DEMO,DEMO,DEMO_MODE,24f8f9829bf14f26914a962224c1ad3a,F1 :    200    1 0.10 -14.44 0.54 50.00  20.0  20.0,0.00 0.00 0.00 89.38 0.54 50.00 0.10 -14.44 6 63 6 63 20.0% 20.0% 100.000 0.000 0.00 -4.90 0.00  1.99 0.00 199.00 0.0% | 1200.00  -30.00 HI -50.00 -50.00
2026-09-27T09:13:54.709,DEMO,DEMO,DEMO_MODE,24f8f9829bf14f26914a962224c1ad3a,F1 :    200    1 0.10 -14.44 0.54 50.00  20.0  20.0,0.00 0.00 0.00 89.38 0.54 50.00 0.10 -14.44 6 63 6 63 20.0% 20.0% 100.000 0.000 0.00 -4.90 0.00  1.99 0.00 199.00 0.0% | 1200.00  -30.00 HI -50.00 -50.00
2026-09-27T09:13:54.829,DEMO,DEMO,DEMO_MODE,24f8f9829bf14f26914a962224c1ad3a,F1 :    200    1 0.10 -14.44 0.54 50.00  20.0  20.0,0.00 0.00 0.00 89.38 0.54 50.00 0.10 -14.44 6 63 6 63 20.0% 20.0% 100.000 0.000 0.00 -4.90 0.00  1.99 0.00 199.00 0.0% | 1200.00  -30.00 HI -50.00 -50.00
2026-09-27T09:13:54.954,DEMO,DEMO,DEMO_MODE,24f8f9829bf14f26914a962224c1ad3a,F1 :    200    1 0.10 -14.44 0.54 50.00  20.0  20.0,0.00 0.00 0.00 89.38 0.54 50.00 0.10 -14.44 6 63 6 63 20.0% 20.0% 100.000 0.000 0.00 -4.90 0.00  1.99 0.00 199.00 0.0% | 1200.00  -30.00 HI -50.00 -50.00
2026-09-27T09:13:55.075,DEMO,DEMO,DEMO_MODE,24f8f9829bf14f26914a962224c1ad3a,F1 :    200    1 0.10 -14.44 0.54 50.00  20.0  20.0,0.00 0.00 0.00 89.38 0.54 50.00 0.10 -14.44 6 63 6 63 20.0% 20.0% 100.000 0.000 0.00 -4.90 0.00  1.99 0.00 199.00 0.0% | 1200.00  -30.00 HI -50.00 -50.00
2026-09-27T09:13:55.201,DEMO,DEMO,DEMO_MODE,24f8f9829bf14f26914a962224c1ad3a,F1 :    200    1 0.10 -14.44 0.54 50.00  20.0  20.0,0.00 0.00 0.00 89.38 0.54 50.00 0.10 -14.44 6 63 6 63 20.0% 20.0% 100.000 0.000 0.00 -4.90 0.00  1.99 0.00 199.00 0.0% | 1200.00  -30.00 HI -50.00 -50.00
2026-09-27T09:13:55.322,DEMO,DEMO,DEMO_MODE,24f8f9829bf14f26914a962224c1ad3a,F1 :    200    1 0.10 -14.44 0.54 50.00  20.0  20.0,0.00 0.00 0.00 89.38 0.54 50.00 0.10 -14.44 6 63 6 63 20.0% 20.0% 100.000 0.000 0.00 -4.90 0.00  1.99 0.00 199.00 0.0% | 1200.00  -30.00 HI -50.00 -50.00
2026-09-27T09:13:55.448,DEMO,DEMO,DEMO_MODE,24f8f9829bf14f26914a962224c1ad3a,F1 :    200    1 0.10 -14.44 0.54 50.00  20.0  20.0,0.00 0.00 0.00 89.38 0.54 50.00 0.10 -14.44 6 63 6 63 20.0% 20.0% 100.000 0.000 0.00 -4.90 0.00  1.99 0.00 199.00 0.0% | 1200.00  -30.00 HI -50.00 -50.00
2026-09-27T09:13:55.569,DEMO,DEMO,DEMO_MODE,24f8f9829bf14f26914a962224c1ad3a,F1 :    200    1 0.10 -14.44 0.54 50.00  20.0  20.0,0.00 0.00 0.00 89.38 0.54 50.00 0.10 -14.44 6 63 6 63 20.0% 20.0% 100.000 0.000 0.00 -4.90 0.00  1.99 0.00 199.00 0.0% | 1200.00  -30.00 HI -50.00 -50.00
2026-09-27T09:13:55.695,DEMO,DEMO,DEMO_MODE,24f8f9829bf14f26914a962224c1ad3a,F1 :    200    1 0.10 -14.44 0.54 50.00  20.0  20.0,0.00 0.00 0.00 89.38 0.54 50.00 0.10 -14.44 6 63 6 63 20.0% 20.0% 100.000 0.000 0.00 -4.90 0.00  1.99 0.00 199.00 0.0% | 1200.00  -30.00 HI -50.00 -50.00
2026-09-27T09:13:55.816,DEMO,DEMO,DEMO_MODE,24f8f9829bf14f26914a962224c1ad3a,F1 :    200    1 0.10 -14.44 0.54 50.00  20.0  20.0,0.00 0.00 0.00 89.38 0.54 50.00 0.10 -14.44 6 63 6 63 20.0% 20.0% 100.000 0.000 0.00 -4.90 0.00  1.99 0.00 199.00 0.0% | 1200.00  -30.00 HI -50.00 -50.00
2026-09-27T09:13:55.943,DEMO,DEMO,DEMO_MODE,24f8f9829bf14f26914a962224c1ad3a,F1 :    200    1 0.10 -14.44 0.54 50.00  20.0  20.0,0.00 0.00 0.00 89.38 0.54 50.00 0.10 -14.44 6 63 6 63 20.0% 20.0% 100.000 0.000 0.00 -4.90 0.00  1.99 0.00 199.00 0.0% | 1200.00  -30.00 HI -50.00 -50.00
2026-09-27T09:13:56.063,DEMO,DEMO,DEMO_MODE,24f8f9829bf14f26914a962224c1ad3a,F1 :    200    1 0.10 -14.44 0.54 50.00  20.0  20.0,0.00 0.00 0.00 89.38 0.54 50.00 0.10 -14.44 6 63 6 63 20.0% 20.0% 100.000 0.000 0.00 -4.90 0.00  1.99 0.00 199.00 0.0% | 1200.00  -30.00 HI -50.00 -50.00
2026-09-27T09:13:56.189,DEMO,DEMO,DEMO_MODE,24f8f9829bf14f26914a962224c1ad3a,F1 :    200    1 0.10 -14.44 0.54 50.00  20.0  20.0,0.00 0.00 0.00 89.38 0.54 50.00 0.10 -14.44 6 63 6 63 20.0% 20.0% 100.000 0.000 0.00 -4.90 0.00  1.99 0.00 199.00 0.0% | 1200.00  -30.00 HI -50.00 -50.00
2026-09-27T09:13:56.310,DEMO,DEMO,DEMO_MODE,24f8f9829bf14f26914a962224c1ad3a,F1 :    200    1 0.10 -14.44 0.54 50.00  20.0  20.0,0.00 0.00 0.00 89.38 0.54 50.00 0.10 -14.44 6 63 6 63 20.0% 20.0% 100.000 0.000 0.00 -4.90 0.00  1.99 0.00 199.00 0.0% | 1200.00  -30.00 HI -50.00 -50.00
2026-09-27T09:13:56.436,DEMO,DEMO,DEMO_MODE,24f8f9829bf14f26914a962224c1ad3a,F1 :    200    1 0.10 -14.44 0.54 50.00  20.0  20.0,0.00 0.00 0.00 89.38 0.54 50.00 0.10 -14.44 6 63 6 63 20.0% 20.0% 100.000 0.000 0.00 -4.90 0.00  1.99 0.00 199.00 0.0% | 1200.00  -30.00 HI -50.00 -50.00
2026-09-27T09:13:56.557,DEMO,DEMO,DEMO_MODE,24f8f9829bf14f26914a962224c1ad3a,F1 :    200    1 0.10 -14.44 0.54 50.00  20.0  20.0,0.00 0.00 0.00 89.38 0.54 50.00 0.10 -14.44 6 63 6 63 20.0% 20.0% 100.000 0.000 0.00 -4.90 0.00  1.99 0.00 199.00 0.0% | 1200.00  -30.00 HI -50.00 -50.00
2026-09-27T09:13:56.683,DEMO,DEMO,DEMO_MODE,24f8f9829bf14f26914a962224c1ad3a,F1 :    200    1 0.10 -14.44 0.54 50.00  20.0  20.0,0.00 0.00 0.00 89.38 0.54 50.00 0.10 -14.44 6 63 6 63 20.0% 20.0% 100.000 0.000 0.00 -4.90 0.00  1.99 0.00 199.00 0.0% | 1200.00  -30.00 HI -50.00 -50.00
2026-09-27T09:13:56.804,DEMO,DEMO,DEMO_MODE,24f8f9829bf14f26914a962224c1ad3a,F1 :    200    1 0.10 -14.44 0.54 50.00  20.0  20.0,0.00 0.00 0.00 89.38 0.54 50.00 0.10 -14.44 6 63 6 63 20.0% 20.0% 100.000 0.000 0.00 -4.90 0.00  1.99 0.00 199.00 0.0% | 1200.00  -30.00 HI -50.00 -50.00
2026-09-27T09:13:56.931,DEMO,DEMO,DEMO_MODE,24f8f9829bf14f26914a962224c1ad3a,F1 :    200    1 0.10 -14.44 0.54 50.00  20.0  20.0,0.00 0.00 0.00 89.38 0.54 50.00 0.10 -14.44 6 63 6 63 20.0% 20.0% 100.000 0.000 0.00 -4.90 0.00  1.99 0.00 199.00 0.0% | 1200.00  -30.00 HI -50.00 -50.00
2026-09-27T09:13:57.051,DEMO,DEMO,DEMO_MODE,24f8f9829bf14f26914a962224c1ad3a,F1 :    200    1 0.10 -14.44 0.54 50.00  20.0  20.0,0.00 0.00 0.00 89.38 0.54 50.00 0.10 -14.44 6 63 6 63 20.0% 20.0% 100.000 0.000 0.00 -4.90 0.00  1.99 0.00 199.00 0.0% | 1200.00  -30.00 HI -50.00 -50.00
2026-09-27T09:13:57.177,DEMO,DEMO,DEMO_MODE,24f8f9829bf14f26914a962224c1ad3a,F1 :    200    1 0.10 -14.44 0.54 50.00  20.0  20.0,0.00 0.00 0.00 89.38 0.54 50.00 0.10 -14.44 6 63 6 63 20.0% 20.0% 100.000 0.000 0.00 -4.90 0.00  1.99 0.00 199.00 0.0% | 1200.00  -30.00 HI -50.00 -50.00
2026-09-27T09:13:57.298,DEMO,DEMO,DEMO_MODE,24f8f9829bf14f26914a962224c1ad3a,F1 :    200    1 0.10 -14.44 0.54 50.00  20.0  20.0,0.00 0.00 0.00 89.38 0.54 50.00 0.10 -14.44 6 63 6 63 20.0% 20.0% 100.000 0.000 0.00 -4.90 0.00  1.99 0.00 199.00 0.0% | 1200.00  -30.00 HI -50.00 -50.00
2026-09-27T09:13:57.423,DEMO,DEMO,DEMO_MODE,24f8f9829bf14f26914a962224c1ad3a,F1 :    200    1 0.10 -14.44 0.54 50.00  20.0  20.0,0.00 0.00 0.00 89.38 0.54 50.00 0.10 -14.44 6 63 6 63 20.0% 20.0% 100.000 0.000 0.00 -4.90 0.00  1.99 0.00 199.00 0.0% | 1200.00  -30.00 HI -50.00 -50.00
2026-09-27T09:13:57.555,DEMO,DEMO,DEMO_MODE,24f8f9829bf14f26914a962224c1ad3a,F1 :    200    1 0.10 -14.44 0.54 50.00  20.0  20.0,0.00 0.00 0.00 89.38 0.54 50.00 0.10 -14.44 6 63 6 63 20.0% 20.0% 100.000 0.000 0.00 -4.90 0.00  1.99 0.00 199.00 0.0% | 1200.00  -30.00 HI -50.00 -50.00
2026-09-27T09:13:57.681,DEMO,DEMO,DEMO_MODE,24f8f9829bf14f26914a962224c1ad3a,F1 :    200    1 0.10 -14.44 0.54 50.00  20.0  20.0,0.00 0.00 0.00 89.38 0.54 50.00 0.10 -14.44 6 63 6 63 20.0% 20.0% 100.000 0.000 0.00 -4.90 0.00  1.99 0.00 199.00 0.0% | 1200.00  -30.00 HI -50.00 -50.00
2026-09-27T09:13:57.801,DEMO,DEMO,DEMO_MODE,24f8f9829bf14f26914a962224c1ad3a,F1 :    200    1 0.10 -14.44 0.54 50.00  20.0  20.0,0.00 0.00 0.00 89.38 0.54 50.00 0.10 -14.44 6 63 6 63 20.0% 20.0% 100.000 0.000 0.00 -4.90 0.00  1.99 0.00 199.00 0.0% | 1200.00  -30.00 HI -50.00 -50.00
2026-09-27T09:13:57.927,DEMO,DEMO,DEMO_MODE,24f8f9829bf14f26914a962224c1ad3a,F1 :    200    1 0.10 -14.44 0.54 50.00  20.0  20.0,0.00 0.00 0.00 89.38 0.54 50.00 0.10 -14.44 6 63 6 63 20.0% 20.0% 100.000 0.000 0.00 -4.90 0.00  1.99 0.00 199.00 0.0% | 1200.00  -30.00 HI -50.00 -50.00
2026-09-27T09:13:58.047,DEMO,DEMO,DEMO_MODE,24f8f9829bf14f26914a962224c1ad3a,F1 :    200    1 0.10 -14.44 0.54 50.00  20.0  20.0,0.00 0.00 0.00 89.38 0.54 50.00 0.10 -14.44 6 63 6 63 20.0% 20.0% 100.000 0.000 0.00 -4.90 0.00  1.99 0.00 199.00 0.0% | 1200.00  -30.00 HI -50.00 -50.00
2026-09-27T09:13:58.174,DEMO,DEMO,DEMO_MODE,24f8f9829bf14f26914a962224c1ad3a,F1 :    200    1 0.10 -14.44 0.54 50.00  20.0  20.0,0.00 0.00 0.00 89.38 0.54 50.00 0.10 -14.44 6 63 6 63 20.0% 20.0% 100.000 0.000 0.00 -4.90 0.00  1.99 0.00 199.00 0.0% | 1200.00  -30.00 HI -50.00 -50.00
2026-09-27T09:13:58.294,DEMO,DEMO,DEMO_MODE,24f8f9829bf14f26914a962224c1ad3a,F1 :    200    1 0.10 -14.44 0.54 50.00  20.0  20.0,0.00 0.00 0.00 89.38 0.54 50.00 0.10 -14.44 6 63 6 63 20.0% 20.0% 100.000 0.000 0.00 -4.90 0.00  1.99 0.00 199.00 0.0% | 1200.00  -30.00 HI -50.00 -50.00
2026-09-27T09:13:58.414,DEMO,DEMO,DEMO_MODE,24f8f9829bf14f26914a962224c1ad3a,F1 :    200    1 0.10 -14.44 0.54 50.00  20.0  20.0,0.00 0.00 0.00 89.38 0.54 50.00 0.10 -14.44 6 63 6 63 20.0% 20.0% 100.000 0.000 0.00 -4.90 0.00  1.99 0.00 199.00 0.0% | 1200.00  -30.00 HI -50.00 -50.00
2026-09-27T09:13:58.535,DEMO,DEMO,DEMO_MODE,24f8f9829bf14f26914a962224c1ad3a,F1 :    200    1 0.10 -14.44 0.54 50.00  20.0  20.0,0.00 0.00 0.00 89.38 0.54 50.00 0.10 -14.44 6 63 6 63 20.0% 20.0% 100.000 0.000 0.00 -4.90 0.00  1.99 0.00 199.00 0.0% | 1200.00  -30.00 HI -50.00 -50.00
2026-09-27T09:13:58.656,DEMO,DEMO,DEMO_MODE,24f8f9829bf14f26914a962224c1ad3a,F1 :    200    1 0.10 -14.44 0.54 50.00  20.0  20.0,0.00 0.00 0.00 89.38 0.54 50.00 0.10 -14.44 6 63 6 63 20.0% 20.0% 100.000 0.000 0.00 -4.90 0.00  1.99 0.00 199.00 0.0% | 1200.00  -30.00 HI -50.00 -50.00
2026-09-27T09:13:58.777,DEMO,DEMO,DEMO_MODE,24f8f9829bf14f26914a962224c1ad3a,F1 :    200    1 0.10 -14.44 0.54 50.00  20.0  20.0,0.00 0.00 0.00 89.38 0.54 50.00 0.10 -14.44 6 63 6 63 20.0% 20.0% 100.000 0.000 0.00 -4.90 0.00  1.99 0.00 199.00 0.0% | 1200.00  -30.00 HI -50.00 -50.00
2026-09-27T09:13:58.898,DEMO,DEMO,DEMO_MODE,24f8f9829bf14f26914a962224c1ad3a,F1 :    200    1 0.10 -14.44 0.54 50.00  20.0  20.0,0.00 0.00 0.00 89.38 0.54 50.00 0.10 -14.44 6 63 6 63 20.0% 20.0% 100.000 0.000 0.00 -4.90 0.00  1.99 0.00 199.00 0.0% | 1200.00  -30.00 HI -50.00 -50.00
2026-09-27T09:13:59.018,DEMO,DEMO,DEMO_MODE,24f8f9829bf14f26914a962224c1ad3a,F1 :    200    1 0.10 -14.44 0.54 50.00  20.0  20.0,0.00 0.00 0.00 89.38 0.54 50.00 0.10 -14.44 6 63 6 63 20.0% 20.0% 100.000 0.000 0.00 -4.90 0.00  1.99 0.00 199.00 0.0% | 1200.00  -30.00 HI -50.00 -50.00
2026-09-27T09:13:59.139,DEMO,DEMO,DEMO_MODE,24f8f9829bf14f26914a962224c1ad3a,F1 :    200    1 0.10 -14.44 0.54 50.00  20.0  20.0,0.00 0.00 0.00 89.38 0.54 50.00 0.10 -14.44 6 63 6 63 20.0% 20.0% 100.000 0.000 0.00 -4.90 0.00  1.99 0.00 199.00 0.0% | 1200.00  -30.00 HI -50.00 -50.00
2026-09-27T09:13:59.259,DEMO,DEMO,DEMO_MODE,24f8f9829bf14f26914a962224c1ad3a,F1 :    200    1 0.10 -14.44 0.54 50.00  20.0  20.0,0.00 0.00 0.00 89.38 0.54 50.00 0.10 -14.44 6 63 6 63 20.0% 20.0% 100.000 0.000 0.00 -4.90 0.00  1.99 0.00 199.00 0.0% | 1200.00  -30.00 HI -50.00 -50.00
2026-09-27T09:13:59.380,DEMO,DEMO,DEMO_MODE,24f8f9829bf14f26914a962224c1ad3a,F1 :    300    1 0.10 -14.44 0.54 50.00  30.0  24.0,0.00 0.00 0.00 89.38 0.54 50.00 0.10 -14.44 6 63 6 63 30.0% 24.0% 150.000 0.000 0.00 -4.90 0.00  1.99 0.00 299.00 0.0% | 1200.00  -20.00 HI -50.00 -50.00
2026-09-27T09:13:59.501,DEMO,DEMO,DEMO_MODE,24f8f9829bf14f26914a962224c1ad3a,F1 :    300    1 0.10 -14.44 0.54 50.00  30.0  24.0,0.00 0.00 0.00 89.38 0.54 50.00 0.10 -14.44 6 63 6 63 30.0% 24.0% 150.000 0.000 0.00 -4.90 0.00  1.99 0.00 299.00 0.0% | 1200.00  -20.00 HI -50.00 -50.00
2026-09-27T09:13:59.621,DEMO,DEMO,DEMO_MODE,24f8f9829bf14f26914a962224c1ad3a,F1 :    300    1 0.10 -14.44 0.54 50.00  30.0  24.0,0.00 0.00 0.00 89.38 0.54 50.00 0.10 -14.44 6 63 6 63 30.0% 24.0% 150.000 0.000 0.00 -4.90 0.00  1.99 0.00 299.00 0.0% | 1200.00  -20.00 HI -50.00 -50.00
2026-09-27T09:13:59.742,DEMO,DEMO,DEMO_MODE,24f8f9829bf14f26914a962224c1ad3a,F1 :    300    1 0.10 -14.44 0.54 50.00  30.0  24.0,0.00 0.00 0.00 89.38 0.54 50.00 0.10 -14.44 6 63 6 63 30.0% 24.0% 150.000 0.000 0.00 -4.90 0.00  1.99 0.00 299.00 0.0% | 1200.00  -20.00 HI -50.00 -50.00
2026-09-27T09:13:59.863,DEMO,DEMO,DEMO_MODE,24f8f9829bf14f26914a962224c1ad3a,F1 :    300    1 0.10 -14.44 0.54 50.00  30.0  24.0,0.00 0.00 0.00 89.38 0.54 50.00 0.10 -14.44 6 63 6 63 30.0% 24.0% 150.000 0.000 0.00 -4.90 0.00  1.99 0.00 299.00 0.0% | 1200.00  -20.00 HI -50.00 -50.00
2026-09-27T09:13:59.984,DEMO,DEMO,DEMO_MODE,24f8f9829bf14f26914a962224c1ad3a,F1 :    300    1 0.10 -14.44 0.54 50.00  30.0  24.0,0.00 0.00 0.00 89.38 0.54 50.00 0.10 -14.44 6 63 6 63 30.0% 24.0% 150.000 0.000 0.00 -4.90 0.00  1.99 0.00 299.00 0.0% | 1200.00  -20.00 HI -50.00 -50.00
2026-09-27T09:14:00.105,DEMO,DEMO,DEMO_MODE,24f8f9829bf14f26914a962224c1ad3a,F1 :    300    1 0.10 -14.44 0.54 50.00  30.0  24.0,0.00 0.00 0.00 89.38 0.54 50.00 0.10 -14.44 6 63 6 63 30.0% 24.0% 150.000 0.000 0.00 -4.90 0.00  1.99 0.00 299.00 0.0% | 1200.00  -20.00 HI -50.00 -50.00
2026-09-27T09:14:00.231,DEMO,DEMO,DEMO_MODE,24f8f9829bf14f26914a962224c1ad3a,F1 :    300    1 0.10 -14.44 0.54 50.00  30.0  24.0,0.00 0.00 0.00 89.38 0.54 50.00 0.10 -14.44 6 63 6 63 30.0% 24.0% 150.000 0.000 0.00 -4.90 0.00  1.99 0.00 299.00 0.0% | 1200.00  -20.00 HI -50.00 -50.00
2026-09-27T09:14:00.354,DEMO,DEMO,DEMO_MODE,24f8f9829bf14f26914a962224c1ad3a,F1 :    300    1 0.10 -14.44 0.54 50.00  30.0  24.0,0.00 0.00 0.00 89.38 0.54 50.00 0.10 -14.44 6 63 6 63 30.0% 24.0% 150.000 0.000 0.00 -4.90 0.00  1.99 0.00 299.00 0.0% | 1200.00  -20.00 HI -50.00 -50.00
2026-09-27T09:14:00.479,DEMO,DEMO,DEMO_MODE,24f8f9829bf14f26914a962224c1ad3a,F1 :    300    1 0.10 -14.44 0.54 50.00  30.0  24.0,0.00 0.00 0.00 89.38 0.54 50.00 0.10 -14.44 6 63 6 63 30.0% 24.0% 150.000 0.000 0.00 -4.90 0.00  1.99 0.00 299.00 0.0% | 1200.00  -20.00 HI -50.00 -50.00
2026-09-27T09:14:00.600,DEMO,DEMO,DEMO_MODE,24f8f9829bf14f26914a962224c1ad3a,F1 :    300    1 0.10 -14.44 0.54 50.00  30.0  24.0,0.00 0.00 0.00 89.38 0.54 50.00 0.10 -14.44 6 63 6 63 30.0% 24.0% 150.000 0.000 0.00 -4.90 0.00  1.99 0.00 299.00 0.0% | 1200.00  -20.00 HI -50.00 -50.00
2026-09-27T09:14:00.726,DEMO,DEMO,DEMO_MODE,24f8f9829bf14f26914a962224c1ad3a,F1 :    300    1 0.10 -14.44 0.54 50.00  30.0  24.0,0.00 0.00 0.00 89.38 0.54 50.00 0.10 -14.44 6 63 6 63 30.0% 24.0% 150.000 0.000 0.00 -4.90 0.00  1.99 0.00 299.00 0.0% | 1200.00  -20.00 HI -50.00 -50.00
2026-09-27T09:14:00.851,DEMO,DEMO,DEMO_MODE,24f8f9829bf14f26914a962224c1ad3a,F1 :    300    1 0.10 -14.44 0.54 50.00  30.0  24.0,0.00 0.00 0.00 89.38 0.54 50.00 0.10 -14.44 6 63 6 63 30.0% 24.0% 150.000 0.000 0.00 -4.90 0.00  1.99 0.00 299.00 0.0% | 1200.00  -20.00 HI -50.00 -50.00
2026-09-27T09:14:00.977,DEMO,DEMO,DEMO_MODE,24f8f9829bf14f26914a962224c1ad3a,F1 :    300    1 0.10 -14.44 0.54 50.00  30.0  24.0,0.00 0.00 0.00 89.38 0.54 50.00 0.10 -14.44 6 63 6 63 30.0% 24.0% 150.000 0.000 0.00 -4.90 0.00  1.99 0.00 299.00 0.0% | 1200.00  -20.00 HI -50.00 -50.00
2026-09-27T09:14:01.109,DEMO,DEMO,DEMO_MODE,24f8f9829bf14f26914a962224c1ad3a,F1 :    300    1 0.10 -14.44 0.54 50.00  30.0  24.0,0.00 0.00 0.00 89.38 0.54 50.00 0.10 -14.44 6 63 6 63 30.0% 24.0% 150.000 0.000 0.00 -4.90 0.00  1.99 0.00 299.00 0.0% | 1200.00  -20.00 HI -50.00 -50.00
2026-09-27T09:14:01.233,DEMO,DEMO,DEMO_MODE,24f8f9829bf14f26914a962224c1ad3a,F1 :    300    1 0.10 -14.44 0.54 50.00  30.0  24.0,0.00 0.00 0.00 89.38 0.54 50.00 0.10 -14.44 6 63 6 63 30.0% 24.0% 150.000 0.000 0.00 -4.90 0.00  1.99 0.00 299.00 0.0% | 1200.00  -20.00 HI -50.00 -50.00
2026-09-27T09:14:01.354,DEMO,DEMO,DEMO_MODE,24f8f9829bf14f26914a962224c1ad3a,F1 :    300    1 0.10 -14.44 0.54 50.00  30.0  24.0,0.00 0.00 0.00 89.38 0.54 50.00 0.10 -14.44 6 63 6 63 30.0% 24.0% 150.000 0.000 0.00 -4.90 0.00  1.99 0.00 299.00 0.0% | 1200.00  -20.00 HI -50.00 -50.00
2026-09-27T09:14:01.479,DEMO,DEMO,DEMO_MODE,24f8f9829bf14f26914a962224c1ad3a,F1 :    300    1 0.10 -14.44 0.54 50.00  30.0  24.0,0.00 0.00 0.00 89.38 0.54 50.00 0.10 -14.44 6 63 6 63 30.0% 24.0% 150.000 0.000 0.00 -4.90 0.00  1.99 0.00 299.00 0.0% | 1200.00  -20.00 HI -50.00 -50.00
2026-09-27T09:14:01.600,DEMO,DEMO,DEMO_MODE,24f8f9829bf14f26914a962224c1ad3a,F1 :    300    1 0.10 -14.44 0.54 50.00  30.0  24.0,0.00 0.00 0.00 89.38 0.54 50.00 0.10 -14.44 6 63 6 63 30.0% 24.0% 150.000 0.000 0.00 -4.90 0.00  1.99 0.00 299.00 0.0% | 1200.00  -20.00 HI -50.00 -50.00
2026-09-27T09:14:01.726,DEMO,DEMO,DEMO_MODE,24f8f9829bf14f26914a962224c1ad3a,F1 :    300    1 0.10 -14.44 0.54 50.00  30.0  24.0,0.00 0.00 0.00 89.38 0.54 50.00 0.10 -14.44 6 63 6 63 30.0% 24.0% 150.000 0.000 0.00 -4.90 0.00  1.99 0.00 299.00 0.0% | 1200.00  -20.00 HI -50.00 -50.00
2026-09-27T09:14:01.847,DEMO,DEMO,DEMO_MODE,24f8f9829bf14f26914a962224c1ad3a,F1 :    300    1 0.10 -14.44 0.54 50.00  30.0  24.0,0.00 0.00 0.00 89.38 0.54 50.00 0.10 -14.44 6 63 6 63 30.0% 24.0% 150.000 0.000 0.00 -4.90 0.00  1.99 0.00 299.00 0.0% | 1200.00  -20.00 HI -50.00 -50.00
2026-09-27T09:14:01.973,DEMO,DEMO,DEMO_MODE,24f8f9829bf14f26914a962224c1ad3a,F1 :    300    1 0.10 -14.44 0.54 50.00  30.0  24.0,0.00 0.00 0.00 89.38 0.54 50.00 0.10 -14.44 6 63 6 63 30.0% 24.0% 150.000 0.000 0.00 -4.90 0.00  1.99 0.00 299.00 0.0% | 1200.00  -20.00 HI -50.00 -50.00
2026-09-27T09:14:02.094,DEMO,DEMO,DEMO_MODE,24f8f9829bf14f26914a962224c1ad3a,F1 :    300    1 0.10 -14.44 0.54 50.00  30.0  24.0,0.00 0.00 0.00 89.38 0.54 50.00 0.10 -14.44 6 63 6 63 30.0% 24.0% 150.000 0.000 0.00 -4.90 0.00  1.99 0.00 299.00 0.0% | 1200.00  -20.00 HI -50.00 -50.00
2026-09-27T09:14:02.220,DEMO,DEMO,DEMO_MODE,24f8f9829bf14f26914a962224c1ad3a,F1 :    300    1 0.10 -14.44 0.54 50.00  30.0  24.0,0.00 0.00 0.00 89.38 0.54 50.00 0.10 -14.44 6 63 6 63 30.0% 24.0% 150.000 0.000 0.00 -4.90 0.00  1.99 0.00 299.00 0.0% | 1200.00  -20.00 HI -50.00 -50.00
2026-09-27T09:14:02.341,DEMO,DEMO,DEMO_MODE,24f8f9829bf14f26914a962224c1ad3a,F1 :    300    1 0.10 -14.44 0.54 50.00  30.0  24.0,0.00 0.00 0.00 89.38 0.54 50.00 0.10 -14.44 6 63 6 63 30.0% 24.0% 150.000 0.000 0.00 -4.90 0.00  1.99 0.00 299.00 0.0% | 1200.00  -20.00 HI -50.00 -50.00
2026-09-27T09:14:02.468,DEMO,DEMO,DEMO_MODE,24f8f9829bf14f26914a962224c1ad3a,F1 :    300    2 0.10 -14.44 0.54 50.00  30.0  24.0,0.00 0.00 0.00 89.38 0.54 50.00 0.10 -14.44 6 63 6 63 30.0% 24.0% 150.000 0.000 0.00 -4.90 0.00  1.99 0.00 298.00 0.0% | 1200.00  -20.00 HI -50.00 -50.00
2026-09-27T09:14:02.588,DEMO,DEMO,DEMO_MODE,24f8f9829bf14f26914a962224c1ad3a,F1 :    300    2 0.10 -14.44 0.54 50.00  30.0  24.0,0.00 0.00 0.00 89.38 0.54 50.00 0.10 -14.44 6 63 6 63 30.0% 24.0% 150.000 0.000 0.00 -4.90 0.00  1.99 0.00 298.00 0.0% | 1200.00  -20.00 HI -50.00 -50.00
2026-09-27T09:14:02.714,DEMO,DEMO,DEMO_MODE,24f8f9829bf14f26914a962224c1ad3a,F1 :    300    2 0.10 -14.44 0.54 50.00  30.0  24.0,0.00 0.00 0.00 89.38 0.54 50.00 0.10 -14.44 6 63 6 63 30.0% 24.0% 150.000 0.000 0.00 -4.90 0.00  1.99 0.00 298.00 0.0% | 1200.00  -20.00 HI -50.00 -50.00
2026-09-27T09:14:02.835,DEMO,DEMO,DEMO_MODE,24f8f9829bf14f26914a962224c1ad3a,F1 :    300    2 0.10 -14.44 0.54 50.00  30.0  24.0,0.00 0.00 0.00 89.38 0.54 50.00 0.10 -14.44 6 63 6 63 30.0% 24.0% 150.000 0.000 0.00 -4.90 0.00  1.99 0.00 298.00 0.0% | 1200.00  -20.00 HI -50.00 -50.00
2026-09-27T09:14:02.960,DEMO,DEMO,DEMO_MODE,24f8f9829bf14f26914a962224c1ad3a,F1 :    300    2 0.10 -14.44 0.54 50.00  30.0  24.0,0.00 0.00 0.00 89.38 0.54 50.00 0.10 -14.44 6 63 6 63 30.0% 24.0% 150.000 0.000 0.00 -4.90 0.00  1.99 0.00 298.00 0.0% | 1200.00  -20.00 HI -50.00 -50.00
2026-09-27T09:14:03.081,DEMO,DEMO,DEMO_MODE,24f8f9829bf14f26914a962224c1ad3a,F1 :    300    2 0.10 -14.44 0.54 50.00  30.0  24.0,0.00 0.00 0.00 89.38 0.54 50.00 0.10 -14.44 6 63 6 63 30.0% 24.0% 150.000 0.000 0.00 -4.90 0.00  1.99 0.00 298.00 0.0% | 1200.00  -20.00 HI -50.00 -50.00
2026-09-27T09:14:03.206,DEMO,DEMO,DEMO_MODE,24f8f9829bf14f26914a962224c1ad3a,F1 :    300    2 0.10 -14.44 0.54 50.00  30.0  24.0,0.00 0.00 0.00 89.38 0.54 50.00 0.10 -14.44 6 63 6 63 30.0% 24.0% 150.000 0.000 0.00 -4.90 0.00  1.99 0.00 298.00 0.0% | 1200.00  -20.00 HI -50.00 -50.00
2026-09-27T09:14:03.327,DEMO,DEMO,DEMO_MODE,24f8f9829bf14f26914a962224c1ad3a,F1 :    300    2 0.10 -14.44 0.54 50.00  30.0  24.0,0.00 0.00 0.00 89.38 0.54 50.00 0.10 -14.44 6 63 6 63 30.0% 24.0% 150.000 0.000 0.00 -4.90 0.00  1.99 0.00 298.00 0.0% | 1200.00  -20.00 HI -50.00 -50.00
2026-09-27T09:14:03.454,DEMO,DEMO,DEMO_MODE,24f8f9829bf14f26914a962224c1ad3a,F1 :    300    2 0.10 -14.44 0.54 50.00  30.0  24.0,0.00 0.00 0.00 89.38 0.54 50.00 0.10 -14.44 6 63 6 63 30.0% 24.0% 150.000 0.000 0.00 -4.90 0.00  1.99 0.00 298.00 0.0% | 1200.00  -20.00 HI -50.00 -50.00
2026-09-27T09:14:03.574,DEMO,DEMO,DEMO_MODE,24f8f9829bf14f26914a962224c1ad3a,F1 :    300    2 0.10 -14.44 0.54 50.00  30.0  24.0,0.00 0.00 0.00 89.38 0.54 50.00 0.10 -14.44 6 63 6 63 30.0% 24.0% 150.000 0.000 0.00 -4.90 0.00  1.99 0.00 298.00 0.0% | 1200.00  -20.00 HI -50.00 -50.00
2026-09-27T09:14:03.700,DEMO,DEMO,DEMO_MODE,24f8f9829bf14f26914a962224c1ad3a,F1 :    300    2 0.10 -14.44 0.54 50.00  30.0  24.0,0.00 0.00 0.00 89.38 0.54 50.00 0.10 -14.44 6 63 6 63 30.0% 24.0% 150.000 0.000 0.00 -4.90 0.00  1.99 0.00 298.00 0.0% | 1200.00  -20.00 HI -50.00 -50.00
2026-09-27T09:14:03.826,DEMO,DEMO,DEMO_MODE,24f8f9829bf14f26914a962224c1ad3a,F1 :    300    2 0.10 -14.44 0.54 50.00  30.0  24.0,0.00 0.00 0.00 89.38 0.54 50.00 0.10 -14.44 6 63 6 63 30.0% 24.0% 150.000 0.000 0.00 -4.90 0.00  1.99 0.00 298.00 0.0% | 1200.00  -20.00 HI -50.00 -50.00
2026-09-27T09:14:03.953,DEMO,DEMO,DEMO_MODE,24f8f9829bf14f26914a962224c1ad3a,F1 :    300    2 0.10 -14.44 0.54 50.00  30.0  24.0,0.00 0.00 0.00 89.38 0.54 50.00 0.10 -14.44 6 63 6 63 30.0% 24.0% 150.000 0.000 0.00 -4.90 0.00  1.99 0.00 298.00 0.0% | 1200.00  -20.00 HI -50.00 -50.00
2026-09-27T09:14:04.073,DEMO,DEMO,DEMO_MODE,24f8f9829bf14f26914a962224c1ad3a,F1 :    300    2 0.10 -14.44 0.54 50.00  30.0  24.0,0.00 0.00 0.00 89.38 0.54 50.00 0.10 -14.44 6 63 6 63 30.0% 24.0% 150.000 0.000 0.00 -4.90 0.00  1.99 0.00 298.00 0.0% | 1200.00  -20.00 HI -50.00 -50.00
2026-09-27T09:14:04.199,DEMO,DEMO,DEMO_MODE,24f8f9829bf14f26914a962224c1ad3a,F1 :    300    2 0.10 -14.44 0.54 50.00  30.0  24.0,0.00 0.00 0.00 89.38 0.54 50.00 0.10 -14.44 6 63 6 63 30.0% 24.0% 150.000 0.000 0.00 -4.90 0.00  1.99 0.00 298.00 0.0% | 1200.00  -20.00 HI -50.00 -50.00
2026-09-27T09:14:04.320,DEMO,DEMO,DEMO_MODE,24f8f9829bf14f26914a962224c1ad3a,F1 :    300    2 0.10 -14.44 0.54 50.00  30.0  24.0,0.00 0.00 0.00 89.38 0.54 50.00 0.10 -14.44 6 63 6 63 30.0% 24.0% 150.000 0.000 0.00 -4.90 0.00  1.99 0.00 298.00 0.0% | 1200.00  -20.00 HI -50.00 -50.00
2026-09-27T09:14:04.447,DEMO,DEMO,DEMO_MODE,24f8f9829bf14f26914a962224c1ad3a,F1 :    300    2 0.10 -14.44 0.54 50.00  30.0  24.0,0.00 0.00 0.00 89.38 0.54 50.00 0.10 -14.44 6 63 6 63 30.0% 24.0% 150.000 0.000 0.00 -4.90 0.00  1.99 0.00 298.00 0.0% | 1200.00  -20.00 HI -50.00 -50.00
2026-09-27T09:14:04.568,DEMO,DEMO,DEMO_MODE,24f8f9829bf14f26914a962224c1ad3a,F1 :    300    2 0.10 -14.44 0.54 50.00  30.0  28.0,0.00 0.00 0.00 89.38 0.54 50.00 0.10 -14.44 6 63 6 63 30.0% 28.0% 150.000 0.000 0.00 -4.90 0.00  1.99 0.00 298.00 0.0% | 1200.00  -20.00 HI -50.00 -50.00
2026-09-27T09:14:04.693,DEMO,DEMO,DEMO_MODE,24f8f9829bf14f26914a962224c1ad3a,F1 :    300    2 0.10 -14.44 0.54 50.00  30.0  28.0,0.00 0.00 0.00 89.38 0.54 50.00 0.10 -14.44 6 63 6 63 30.0% 28.0% 150.000 0.000 0.00 -4.90 0.00  1.99 0.00 298.00 0.0% | 1200.00  -20.00 HI -50.00 -50.00
2026-09-27T09:14:04.813,DEMO,DEMO,DEMO_MODE,24f8f9829bf14f26914a962224c1ad3a,F1 :    300    2 0.10 -14.44 0.54 50.00  30.0  28.0,0.00 0.00 0.00 89.38 0.54 50.00 0.10 -14.44 6 63 6 63 30.0% 28.0% 150.000 0.000 0.00 -4.90 0.00  1.99 0.00 298.00 0.0% | 1200.00  -20.00 HI -50.00 -50.00
2026-09-27T09:14:04.940,DEMO,DEMO,DEMO_MODE,24f8f9829bf14f26914a962224c1ad3a,F1 :    300    2 0.10 -14.44 0.54 50.00  30.0  28.0,0.00 0.00 0.00 89.38 0.54 50.00 0.10 -14.44 6 63 6 63 30.0% 28.0% 150.000 0.000 0.00 -4.90 0.00  1.99 0.00 298.00 0.0% | 1200.00  -20.00 HI -50.00 -50.00
2026-09-27T09:14:05.061,DEMO,DEMO,DEMO_MODE,24f8f9829bf14f26914a962224c1ad3a,F1 :    300    2 0.10 -14.44 0.54 50.00  30.0  28.0,0.00 0.00 0.00 89.38 0.54 50.00 0.10 -14.44 6 63 6 63 30.0% 28.0% 150.000 0.000 0.00 -4.90 0.00  1.99 0.00 298.00 0.0% | 1200.00  -20.00 HI -50.00 -50.00
2026-09-27T09:14:05.188,DEMO,DEMO,DEMO_MODE,24f8f9829bf14f26914a962224c1ad3a,F1 :    300    2 0.10 -14.44 0.54 50.00  30.0  28.0,0.00 0.00 0.00 89.38 0.54 50.00 0.10 -14.44 6 63 6 63 30.0% 28.0% 150.000 0.000 0.00 -4.90 0.00  1.99 0.00 298.00 0.0% | 1200.00  -20.00 HI -50.00 -50.00
2026-09-27T09:14:05.308,DEMO,DEMO,DEMO_MODE,24f8f9829bf14f26914a962224c1ad3a,F1 :    300    2 0.10 -14.44 0.54 50.00  30.0  28.0,0.00 0.00 0.00 89.38 0.54 50.00 0.10 -14.44 6 63 6 63 30.0% 28.0% 150.000 0.000 0.00 -4.90 0.00  1.99 0.00 298.00 0.0% | 1200.00  -20.00 HI -50.00 -50.00
2026-09-27T09:14:05.434,DEMO,DEMO,DEMO_MODE,24f8f9829bf14f26914a962224c1ad3a,F1 :    300    2 0.10 -14.44 0.54 50.00  30.0  28.0,0.00 0.00 0.00 89.38 0.54 50.00 0.10 -14.44 6 63 6 63 30.0% 28.0% 150.000 0.000 0.00 -4.90 0.00  1.99 0.00 298.00 0.0% | 1200.00  -20.00 HI -50.00 -50.00
2026-09-27T09:14:05.554,DEMO,DEMO,DEMO_MODE,24f8f9829bf14f26914a962224c1ad3a,F1 :    300    2 0.10 -14.44 0.54 50.00  30.0  28.0,0.00 0.00 0.00 89.38 0.54 50.00 0.10 -14.44 6 63 6 63 30.0% 28.0% 150.000 0.000 0.00 -4.90 0.00  1.99 0.00 298.00 0.0% | 1200.00  -20.00 HI -50.00 -50.00
2026-09-27T09:14:05.681,DEMO,DEMO,DEMO_MODE,24f8f9829bf14f26914a962224c1ad3a,F1 :    300    2 0.10 -14.44 0.54 50.00  30.0  28.0,0.00 0.00 0.00 89.38 0.54 50.00 0.10 -14.44 6 63 6 63 30.0% 28.0% 150.000 0.000 0.00 -4.90 0.00  1.99 0.00 298.00 0.0% | 1200.00  -20.00 HI -50.00 -50.00
2026-09-27T09:14:05.801,DEMO,DEMO,DEMO_MODE,24f8f9829bf14f26914a962224c1ad3a,F1 :    300    2 0.10 -14.44 0.54 50.00  30.0  28.0,0.00 0.00 0.00 89.38 0.54 50.00 0.10 -14.44 6 63 6 63 30.0% 28.0% 150.000 0.000 0.00 -4.90 0.00  1.99 0.00 298.00 0.0% | 1200.00  -20.00 HI -50.00 -50.00
2026-09-27T09:14:05.927,DEMO,DEMO,DEMO_MODE,24f8f9829bf14f26914a962224c1ad3a,F1 :    300    2 0.10 -14.44 0.54 50.00  30.0  28.0,0.00 0.00 0.00 89.38 0.54 50.00 0.10 -14.44 6 63 6 63 30.0% 28.0% 150.000 0.000 0.00 -4.90 0.00  1.99 0.00 298.00 0.0% | 1200.00  -20.00 HI -50.00 -50.00
2026-09-27T09:14:06.047,DEMO,DEMO,DEMO_MODE,24f8f9829bf14f26914a962224c1ad3a,F1 :    300    2 0.10 -14.44 0.54 50.00  30.0  28.0,0.00 0.00 0.00 89.38 0.54 50.00 0.10 -14.44 6 63 6 63 30.0% 28.0% 150.000 0.000 0.00 -4.90 0.00  1.99 0.00 298.00 0.0% | 1200.00  -20.00 HI -50.00 -50.00
2026-09-27T09:14:06.173,DEMO,DEMO,DEMO_MODE,24f8f9829bf14f26914a962224c1ad3a,F1 :    300    2 0.10 -14.44 0.54 50.00  30.0  28.0,0.00 0.00 0.00 89.38 0.54 50.00 0.10 -14.44 6 63 6 63 30.0% 28.0% 150.000 0.000 0.00 -4.90 0.00  1.99 0.00 298.00 0.0% | 1200.00  -20.00 HI -50.00 -50.00
2026-09-27T09:14:06.299,DEMO,DEMO,DEMO_MODE,24f8f9829bf14f26914a962224c1ad3a,F1 :    300    2 0.10 -14.44 0.54 50.00  30.0  28.0,0.00 0.00 0.00 89.38 0.54 50.00 0.10 -14.44 6 63 6 63 30.0% 28.0% 150.000 0.000 0.00 -4.90 0.00  1.99 0.00 298.00 0.0% | 1200.00  -20.00 HI -50.00 -50.00
2026-09-27T09:14:06.426,DEMO,DEMO,DEMO_MODE,24f8f9829bf14f26914a962224c1ad3a,F1 :    300    2 0.10 -14.44 0.54 50.00  30.0  28.0,0.00 0.00 0.00 89.38 0.54 50.00 0.10 -14.44 6 63 6 63 30.0% 28.0% 150.000 0.000 0.00 -4.90 0.00  1.99 0.00 298.00 0.0% | 1200.00  -20.00 HI -50.00 -50.00
2026-09-27T09:14:06.547,DEMO,DEMO,DEMO_MODE,24f8f9829bf14f26914a962224c1ad3a,F1 :    300    2 0.10 -14.44 0.54 50.00  30.0  28.0,0.00 0.00 0.00 89.38 0.54 50.00 0.10 -14.44 6 63 6 63 30.0% 28.0% 150.000 0.000 0.00 -4.90 0.00  1.99 0.00 298.00 0.0% | 1200.00  -20.00 HI -50.00 -50.00
2026-09-27T09:14:06.672,DEMO,DEMO,DEMO_MODE,24f8f9829bf14f26914a962224c1ad3a,F1 :    300    2 0.10 -14.44 0.54 50.00  30.0  28.0,0.00 0.00 0.00 89.38 0.54 50.00 0.10 -14.44 6 63 6 63 30.0% 28.0% 150.000 0.000 0.00 -4.90 0.00  1.99 0.00 298.00 0.0% | 1200.00  -20.00 HI -50.00 -50.00
2026-09-27T09:14:06.793,DEMO,DEMO,DEMO_MODE,24f8f9829bf14f26914a962224c1ad3a,F1 :    300    2 0.10 -14.44 0.54 50.00  30.0  28.0,0.00 0.00 0.00 89.38 0.54 50.00 0.10 -14.44 6 63 6 63 30.0% 28.0% 150.000 0.000 0.00 -4.90 0.00  1.99 0.00 298.00 0.0% | 1200.00  -20.00 HI -50.00 -50.00
2026-09-27T09:14:06.919,DEMO,DEMO,DEMO_MODE,24f8f9829bf14f26914a962224c1ad3a,F1 :    300    2 0.10 -14.44 0.54 50.00  30.0  28.0,0.00 0.00 0.00 89.38 0.54 50.00 0.10 -14.44 6 63 6 63 30.0% 28.0% 150.000 0.000 0.00 -4.90 0.00  1.99 0.00 298.00 0.0% | 1200.00  -20.00 HI -50.00 -50.00
2026-09-27T09:14:07.040,DEMO,DEMO,DEMO_MODE,24f8f9829bf14f26914a962224c1ad3a,F1 :    300    2 0.10 -14.44 0.54 50.00  30.0  28.0,0.00 0.00 0.00 89.38 0.54 50.00 0.10 -14.44 6 63 6 63 30.0% 28.0% 150.000 0.000 0.00 -4.90 0.00  1.99 0.00 298.00 0.0% | 1200.00  -20.00 HI -50.00 -50.00
2026-09-27T09:14:07.165,DEMO,DEMO,DEMO_MODE,24f8f9829bf14f26914a962224c1ad3a,F1 :    300    2 0.10 -14.44 0.54 50.00  30.0  28.0,0.00 0.00 0.00 89.38 0.54 50.00 0.10 -14.44 6 63 6 63 30.0% 28.0% 150.000 0.000 0.00 -4.90 0.00  1.99 0.00 298.00 0.0% | 1200.00  -20.00 HI -50.00 -50.00
2026-09-27T09:14:07.285,DEMO,DEMO,DEMO_MODE,24f8f9829bf14f26914a962224c1ad3a,F1 :    300    2 0.10 -14.44 0.54 50.00  30.0  28.0,0.00 0.00 0.00 89.38 0.54 50.00 0.10 -14.44 6 63 6 63 30.0% 28.0% 150.000 0.000 0.00 -4.90 0.00  1.99 0.00 298.00 0.0% | 1200.00  -20.00 HI -50.00 -50.00
2026-09-27T09:14:07.406,DEMO,DEMO,DEMO_MODE,24f8f9829bf14f26914a962224c1ad3a,F1 :    300    2 0.10 -14.44 0.54 50.00  30.0  28.0,0.00 0.00 0.00 89.38 0.54 50.00 0.10 -14.44 6 63 6 63 30.0% 28.0% 150.000 0.000 0.00 -4.90 0.00  1.99 0.00 298.00 0.0% | 1200.00  -20.00 HI -50.00 -50.00
2026-09-27T09:14:07.527,DEMO,DEMO,DEMO_MODE,24f8f9829bf14f26914a962224c1ad3a,F1 :    300    2 0.10 -14.44 0.54 50.00  30.0  28.0,0.00 0.00 0.00 89.38 0.54 50.00 0.10 -14.44 6 63 6 63 30.0% 28.0% 150.000 0.000 0.00 -4.90 0.00  1.99 0.00 298.00 0.0% | 1200.00  -20.00 HI -50.00 -50.00
2026-09-27T09:14:07.647,DEMO,DEMO,DEMO_MODE,24f8f9829bf14f26914a962224c1ad3a,F1 :    300    2 0.10 -14.44 0.54 50.00  30.0  28.0,0.00 0.00 0.00 89.38 0.54 50.00 0.10 -14.44 6 63 6 63 30.0% 28.0% 150.000 0.000 0.00 -4.90 0.00  1.99 0.00 298.00 0.0% | 1200.00  -20.00 HI -50.00 -50.00
2026-09-27T09:14:07.768,DEMO,DEMO,DEMO_MODE,24f8f9829bf14f26914a962224c1ad3a,F1 :    300    2 0.10 -14.44 0.54 50.00  30.0  28.0,0.00 0.00 0.00 89.38 0.54 50.00 0.10 -14.44 6 63 6 63 30.0% 28.0% 150.000 0.000 0.00 -4.90 0.00  1.99 0.00 298.00 0.0% | 1200.00  -20.00 HI -50.00 -50.00
2026-09-27T09:14:07.888,DEMO,DEMO,DEMO_MODE,24f8f9829bf14f26914a962224c1ad3a,F1 :    300    2 0.10 -14.44 0.54 50.00  30.0  28.0,0.00 0.00 0.00 89.38 0.54 50.00 0.10 -14.44 6 63 6 63 30.0% 28.0% 150.000 0.000 0.00 -4.90 0.00  1.99 0.00 298.00 0.0% | 1200.00  -20.00 HI -50.00 -50.00
2026-09-27T09:14:08.009,DEMO,DEMO,DEMO_MODE,24f8f9829bf14f26914a962224c1ad3a,F1 :    300    2 0.10 -14.44 0.54 50.00  30.0  28.0,0.00 0.00 0.00 89.38 0.54 50.00 0.10 -14.44 6 63 6 63 30.0% 28.0% 150.000 0.000 0.00 -4.90 0.00  1.99 0.00 298.00 0.0% | 1200.00  -20.00 HI -50.00 -50.00
2026-09-27T09:14:08.129,DEMO,DEMO,DEMO_MODE,24f8f9829bf14f26914a962224c1ad3a,F1 :    300    2 0.10 -14.44 0.54 50.00  30.0  28.0,0.00 0.00 0.00 89.38 0.54 50.00 0.10 -14.44 6 63 6 63 30.0% 28.0% 150.000 0.000 0.00 -4.90 0.00  1.99 0.00 298.00 0.0% | 1200.00  -20.00 HI -50.00 -50.00
2026-09-27T09:14:08.250,DEMO,DEMO,DEMO_MODE,24f8f9829bf14f26914a962224c1ad3a,F1 :    300    2 0.10 -14.44 0.54 50.00  30.0  28.0,0.00 0.00 0.00 89.38 0.54 50.00 0.10 -14.44 6 63 6 63 30.0% 28.0% 150.000 0.000 0.00 -4.90 0.00  1.99 0.00 298.00 0.0% | 1200.00  -20.00 HI -50.00 -50.00
2026-09-27T09:14:08.370,DEMO,DEMO,DEMO_MODE,24f8f9829bf14f26914a962224c1ad3a,F1 :    300    2 0.10 -14.44 0.54 50.00  30.0  28.0,0.00 0.00 0.00 89.38 0.54 50.00 0.10 -14.44 6 63 6 63 30.0% 28.0% 150.000 0.000 0.00 -4.90 0.00  1.99 0.00 298.00 0.0% | 1200.00  -20.00 HI -50.00 -50.00
2026-09-27T09:14:08.492,DEMO,DEMO,DEMO_MODE,24f8f9829bf14f26914a962224c1ad3a,F1 :    300    2 0.10 -14.44 0.54 50.00  30.0  28.0,0.00 0.00 0.00 89.38 0.54 50.00 0.10 -14.44 6 63 6 63 30.0% 28.0% 150.000 0.000 0.00 -4.90 0.00  1.99 0.00 298.00 0.0% | 1200.00  -20.00 HI -50.00 -50.00
2026-09-27T09:14:08.613,DEMO,DEMO,DEMO_MODE,24f8f9829bf14f26914a962224c1ad3a,F1 :    300    2 0.10 -14.44 0.54 50.00  30.0  28.0,0.00 0.00 0.00 89.38 0.54 50.00 0.10 -14.44 6 63 6 63 30.0% 28.0% 150.000 0.000 0.00 -4.90 0.00  1.99 0.00 298.00 0.0% | 1200.00  -20.00 HI -50.00 -50.00
2026-09-27T09:14:08.733,DEMO,DEMO,DEMO_MODE,24f8f9829bf14f26914a962224c1ad3a,F1 :    300    2 0.10 -14.44 0.54 50.00  30.0  28.0,0.00 0.00 0.00 89.38 0.54 50.00 0.10 -14.44 6 63 6 63 30.0% 28.0% 150.000 0.000 0.00 -4.90 0.00  1.99 0.00 298.00 0.0% | 1200.00  -20.00 HI -50.00 -50.00
2026-09-27T09:14:08.854,DEMO,DEMO,DEMO_MODE,24f8f9829bf14f26914a962224c1ad3a,F1 :    300    2 0.10 -14.44 0.54 50.00  30.0  28.0,0.00 0.00 0.00 89.38 0.54 50.00 0.10 -14.44 6 63 6 63 30.0% 28.0% 150.000 0.000 0.00 -4.90 0.00  1.99 0.00 298.00 0.0% | 1200.00  -20.00 HI -50.00 -50.00
2026-09-27T09:14:08.980,DEMO,DEMO,DEMO_MODE,24f8f9829bf14f26914a962224c1ad3a,F1 :    300    2 0.10 -14.44 0.54 50.00  30.0  28.0,0.00 0.00 0.00 89.38 0.54 50.00 0.10 -14.44 6 63 6 63 30.0% 28.0% 150.000 0.000 0.00 -4.90 0.00  1.99 0.00 298.00 0.0% | 1200.00  -20.00 HI -50.00 -50.00
2026-09-27T09:14:09.106,DEMO,DEMO,DEMO_MODE,24f8f9829bf14f26914a962224c1ad3a,F1 :    300    2 0.10 -14.44 0.54 50.00  30.0  28.0,0.00 0.00 0.00 89.38 0.54 50.00 0.10 -14.44 6 63 6 63 30.0% 28.0% 150.000 0.000 0.00 -4.90 0.00  1.99 0.00 298.00 0.0% | 1200.00  -20.00 HI -50.00 -50.00
2026-09-27T09:14:09.232,DEMO,DEMO,DEMO_MODE,24f8f9829bf14f26914a962224c1ad3a,F1 :    300    2 0.10 -14.44 0.54 50.00  30.0  28.0,0.00 0.00 0.00 89.38 0.54 50.00 0.10 -14.44 6 63 6 63 30.0% 28.0% 150.000 0.000 0.00 -4.90 0.00  1.99 0.00 298.00 0.0% | 1200.00  -20.00 HI -50.00 -50.00
2026-09-27T09:14:09.354,DEMO,DEMO,DEMO_MODE,24f8f9829bf14f26914a962224c1ad3a,F1 :    300    2 0.10 -14.44 0.54 50.00  30.0  28.0,0.00 0.00 0.00 89.38 0.54 50.00 0.10 -14.44 6 63 6 63 30.0% 28.0% 150.000 0.000 0.00 -4.90 0.00  1.99 0.00 298.00 0.0% | 1200.00  -20.00 HI -50.00 -50.00
2026-09-27T09:14:09.480,DEMO,DEMO,DEMO_MODE,24f8f9829bf14f26914a962224c1ad3a,F1 :    300    2 0.10 -14.44 0.54 50.00  30.0  28.0,0.00 0.00 0.00 89.38 0.54 50.00 0.10 -14.44 6 63 6 63 30.0% 28.0% 150.000 0.000 0.00 -4.90 0.00  1.99 0.00 298.00 0.0% | 1200.00  -20.00 HI -50.00 -50.00
2026-09-27T09:14:09.606,DEMO,DEMO,DEMO_MODE,24f8f9829bf14f26914a962224c1ad3a,F1 :    300    2 0.10 -14.44 0.54 50.00  30.0  28.0,0.00 0.00 0.00 89.38 0.54 50.00 0.10 -14.44 6 63 6 63 30.0% 28.0% 150.000 0.000 0.00 -4.90 0.00  1.99 0.00 298.00 0.0% | 1200.00  -20.00 HI -50.00 -50.00
2026-09-27T09:14:09.732,DEMO,DEMO,DEMO_MODE,24f8f9829bf14f26914a962224c1ad3a,F1 :    400    2 0.10 -14.44 0.54 50.00  40.0  32.0,0.00 0.00 0.00 89.38 0.54 50.00 0.10 -14.44 6 63 6 63 40.0% 32.0% 200.000 0.000 0.00 -4.90 0.00  1.99 0.00 398.00 0.0% | 1200.00  -10.00 HI -50.00 -50.00
2026-09-27T09:14:09.853,DEMO,DEMO,DEMO_MODE,24f8f9829bf14f26914a962224c1ad3a,F1 :    400    2 0.10 -14.44 0.54 50.00  40.0  32.0,0.00 0.00 0.00 89.38 0.54 50.00 0.10 -14.44 6 63 6 63 40.0% 32.0% 200.000 0.000 0.00 -4.90 0.00  1.99 0.00 398.00 0.0% | 1200.00  -10.00 HI -50.00 -50.00
2026-09-27T09:14:09.979,DEMO,DEMO,DEMO_MODE,24f8f9829bf14f26914a962224c1ad3a,F1 :    400    2 0.10 -14.44 0.54 50.00  40.0  32.0,0.00 0.00 0.00 89.38 0.54 50.00 0.10 -14.44 6 63 6 63 40.0% 32.0% 200.000 0.000 0.00 -4.90 0.00  1.99 0.00 398.00 0.0% | 1200.00  -10.00 HI -50.00 -50.00
2026-09-27T09:14:10.105,DEMO,DEMO,DEMO_MODE,24f8f9829bf14f26914a962224c1ad3a,F1 :    400    2 0.10 -14.44 0.54 50.00  40.0  32.0,0.00 0.00 0.00 89.38 0.54 50.00 0.10 -14.44 6 63 6 63 40.0% 32.0% 200.000 0.000 0.00 -4.90 0.00  1.99 0.00 398.00 0.0% | 1200.00  -10.00 HI -50.00 -50.00
2026-09-27T09:14:10.231,DEMO,DEMO,DEMO_MODE,24f8f9829bf14f26914a962224c1ad3a,F1 :    400    2 0.10 -14.44 0.54 50.00  40.0  32.0,0.00 0.00 0.00 89.38 0.54 50.00 0.10 -14.44 6 63 6 63 40.0% 32.0% 200.000 0.000 0.00 -4.90 0.00  1.99 0.00 398.00 0.0% | 1200.00  -10.00 HI -50.00 -50.00
2026-09-27T09:14:10.352,DEMO,DEMO,DEMO_MODE,24f8f9829bf14f26914a962224c1ad3a,F1 :    400    2 0.10 -14.44 0.54 50.00  40.0  32.0,0.00 0.00 0.00 89.38 0.54 50.00 0.10 -14.44 6 63 6 63 40.0% 32.0% 200.000 0.000 0.00 -4.90 0.00  1.99 0.00 398.00 0.0% | 1200.00  -10.00 HI -50.00 -50.00
2026-09-27T09:14:10.479,DEMO,DEMO,DEMO_MODE,24f8f9829bf14f26914a962224c1ad3a,F1 :    400    2 0.10 -14.44 0.54 50.00  40.0  32.0,0.00 0.00 0.00 89.38 0.54 50.00 0.10 -14.44 6 63 6 63 40.0% 32.0% 200.000 0.000 0.00 -4.90 0.00  1.99 0.00 398.00 0.0% | 1200.00  -10.00 HI -50.00 -50.00
2026-09-27T09:14:10.601,DEMO,DEMO,DEMO_MODE,24f8f9829bf14f26914a962224c1ad3a,F1 :    400    2 0.10 -14.44 0.54 50.00  40.0  32.0,0.00 0.00 0.00 89.38 0.54 50.00 0.10 -14.44 6 63 6 63 40.0% 32.0% 200.000 0.000 0.00 -4.90 0.00  1.99 0.00 398.00 0.0% | 1200.00  -10.00 HI -50.00 -50.00
2026-09-27T09:14:10.726,DEMO,DEMO,DEMO_MODE,24f8f9829bf14f26914a962224c1ad3a,F1 :    400    2 0.10 -14.44 0.54 50.00  40.0  32.0,0.00 0.00 0.00 89.38 0.54 50.00 0.10 -14.44 6 63 6 63 40.0% 32.0% 200.000 0.000 0.00 -4.90 0.00  1.99 0.00 398.00 0.0% | 1200.00  -10.00 HI -50.00 -50.00
2026-09-27T09:14:10.852,DEMO,DEMO,DEMO_MODE,24f8f9829bf14f26914a962224c1ad3a,F1 :    400    2 0.10 -14.44 0.54 50.00  40.0  32.0,0.00 0.00 0.00 89.38 0.54 50.00 0.10 -14.44 6 63 6 63 40.0% 32.0% 200.000 0.000 0.00 -4.90 0.00  1.99 0.00 398.00 0.0% | 1200.00  -10.00 HI -50.00 -50.00
2026-09-27T09:14:10.979,DEMO,DEMO,DEMO_MODE,24f8f9829bf14f26914a962224c1ad3a,F1 :    400    2 0.10 -14.44 0.54 50.00  40.0  32.0,0.00 0.00 0.00 89.38 0.54 50.00 0.10 -14.44 6 63 6 63 40.0% 32.0% 200.000 0.000 0.00 -4.90 0.00  1.99 0.00 398.00 0.0% | 1200.00  -10.00 HI -50.00 -50.00
2026-09-27T09:14:11.105,DEMO,DEMO,DEMO_MODE,24f8f9829bf14f26914a962224c1ad3a,F1 :    400    2 0.10 -14.44 0.54 50.00  40.0  32.0,0.00 0.00 0.00 89.38 0.54 50.00 0.10 -14.44 6 63 6 63 40.0% 32.0% 200.000 0.000 0.00 -4.90 0.00  1.99 0.00 398.00 0.0% | 1200.00  -10.00 HI -50.00 -50.00
2026-09-27T09:14:11.229,DEMO,DEMO,DEMO_MODE,24f8f9829bf14f26914a962224c1ad3a,F1 :    400    2 0.10 -14.44 0.54 50.00  40.0  32.0,0.00 0.00 0.00 89.38 0.54 50.00 0.10 -14.44 6 63 6 63 40.0% 32.0% 200.000 0.000 0.00 -4.90 0.00  1.99 0.00 398.00 0.0% | 1200.00  -10.00 HI -50.00 -50.00
2026-09-27T09:14:11.350,DEMO,DEMO,DEMO_MODE,24f8f9829bf14f26914a962224c1ad3a,F1 :    400    2 0.10 -14.44 0.54 50.00  40.0  32.0,0.00 0.00 0.00 89.38 0.54 50.00 0.10 -14.44 6 63 6 63 40.0% 32.0% 200.000 0.000 0.00 -4.90 0.00  1.99 0.00 398.00 0.0% | 1200.00  -10.00 HI -50.00 -50.00
2026-09-27T09:14:11.477,DEMO,DEMO,DEMO_MODE,24f8f9829bf14f26914a962224c1ad3a,F1 :    400    2 0.10 -14.44 0.54 50.00  40.0  32.0,0.00 0.00 0.00 89.38 0.54 50.00 0.10 -14.44 6 63 6 63 40.0% 32.0% 200.000 0.000 0.00 -4.90 0.00  1.99 0.00 398.00 0.0% | 1200.00  -10.00 HI -50.00 -50.00
2026-09-27T09:14:11.598,DEMO,DEMO,DEMO_MODE,24f8f9829bf14f26914a962224c1ad3a,F1 :    400    2 0.10 -14.44 0.54 50.00  40.0  32.0,0.00 0.00 0.00 89.38 0.54 50.00 0.10 -14.44 6 63 6 63 40.0% 32.0% 200.000 0.000 0.00 -4.90 0.00  1.99 0.00 398.00 0.0% | 1200.00  -10.00 HI -50.00 -50.00
2026-09-27T09:14:11.724,DEMO,DEMO,DEMO_MODE,24f8f9829bf14f26914a962224c1ad3a,F1 :    400    3 0.10 -14.44 0.54 50.00  40.0  32.0,0.00 0.00 0.00 89.38 0.54 50.00 0.10 -14.44 6 63 6 63 40.0% 32.0% 200.000 0.000 0.00 -4.90 0.00  1.99 0.00 397.00 0.0% | 1200.00  -10.00 HI -50.00 -50.00
2026-09-27T09:14:11.844,DEMO,DEMO,DEMO_MODE,24f8f9829bf14f26914a962224c1ad3a,F1 :    400    3 0.10 -14.44 0.54 50.00  40.0  32.0,0.00 0.00 0.00 89.38 0.54 50.00 0.10 -14.44 6 63 6 63 40.0% 32.0% 200.000 0.000 0.00 -4.90 0.00  1.99 0.00 397.00 0.0% | 1200.00  -10.00 HI -50.00 -50.00
2026-09-27T09:14:11.970,DEMO,DEMO,DEMO_MODE,24f8f9829bf14f26914a962224c1ad3a,F1 :    400    3 0.10 -14.44 0.54 50.00  40.0  32.0,0.00 0.00 0.00 89.38 0.54 50.00 0.10 -14.44 6 63 6 63 40.0% 32.0% 200.000 0.000 0.00 -4.90 0.00  1.99 0.00 397.00 0.0% | 1200.00  -10.00 HI -50.00 -50.00
2026-09-27T09:14:12.091,DEMO,DEMO,DEMO_MODE,24f8f9829bf14f26914a962224c1ad3a,F1 :    400    3 0.10 -14.44 0.54 50.00  40.0  32.0,0.00 0.00 0.00 89.38 0.54 50.00 0.10 -14.44 6 63 6 63 40.0% 32.0% 200.000 0.000 0.00 -4.90 0.00  1.99 0.00 397.00 0.0% | 1200.00  -10.00 HI -50.00 -50.00
2026-09-27T09:14:12.217,DEMO,DEMO,DEMO_MODE,24f8f9829bf14f26914a962224c1ad3a,F1 :    400    3 0.10 -14.44 0.54 50.00  40.0  32.0,0.00 0.00 0.00 89.38 0.54 50.00 0.10 -14.44 6 63 6 63 40.0% 32.0% 200.000 0.000 0.00 -4.90 0.00  1.99 0.00 397.00 0.0% | 1200.00  -10.00 HI -50.00 -50.00
2026-09-27T09:14:12.338,DEMO,DEMO,DEMO_MODE,24f8f9829bf14f26914a962224c1ad3a,F1 :    400    3 0.10 -14.44 0.54 50.00  40.0  32.0,0.00 0.00 0.00 89.38 0.54 50.00 0.10 -14.44 6 63 6 63 40.0% 32.0% 200.000 0.000 0.00 -4.90 0.00  1.99 0.00 397.00 0.0% | 1200.00  -10.00 HI -50.00 -50.00
2026-09-27T09:14:12.464,DEMO,DEMO,DEMO_MODE,24f8f9829bf14f26914a962224c1ad3a,F1 :    400    3 0.10 -14.44 0.54 50.00  40.0  32.0,0.00 0.00 0.00 89.38 0.54 50.00 0.10 -14.44 6 63 6 63 40.0% 32.0% 200.000 0.000 0.00 -4.90 0.00  1.99 0.00 397.00 0.0% | 1200.00  -10.00 HI -50.00 -50.00
2026-09-27T09:14:12.589,DEMO,DEMO,DEMO_MODE,24f8f9829bf14f26914a962224c1ad3a,F1 :    400    3 0.10 -14.44 0.54 50.00  40.0  32.0,0.00 0.00 0.00 89.38 0.54 50.00 0.10 -14.44 6 63 6 63 40.0% 32.0% 200.000 0.000 0.00 -4.90 0.00  1.99 0.00 397.00 0.0% | 1200.00  -10.00 HI -50.00 -50.00
2026-09-27T09:14:12.715,DEMO,DEMO,DEMO_MODE,24f8f9829bf14f26914a962224c1ad3a,F1 :    400    3 0.10 -14.44 0.54 50.00  40.0  32.0,0.00 0.00 0.00 89.38 0.54 50.00 0.10 -14.44 6 63 6 63 40.0% 32.0% 200.000 0.000 0.00 -4.90 0.00  1.99 0.00 397.00 0.0% | 1200.00  -10.00 HI -50.00 -50.00
2026-09-27T09:14:12.836,DEMO,DEMO,DEMO_MODE,24f8f9829bf14f26914a962224c1ad3a,F1 :    400    3 0.10 -14.44 0.54 50.00  40.0  32.0,0.00 0.00 0.00 89.38 0.54 50.00 0.10 -14.44 6 63 6 63 40.0% 32.0% 200.000 0.000 0.00 -4.90 0.00  1.99 0.00 397.00 0.0% | 1200.00  -10.00 HI -50.00 -50.00
2026-09-27T09:14:12.962,DEMO,DEMO,DEMO_MODE,24f8f9829bf14f26914a962224c1ad3a,F1 :    400    3 0.10 -14.44 0.54 50.00  40.0  32.0,0.00 0.00 0.00 89.38 0.54 50.00 0.10 -14.44 6 63 6 63 40.0% 32.0% 200.000 0.000 0.00 -4.90 0.00  1.99 0.00 397.00 0.0% | 1200.00  -10.00 HI -50.00 -50.00
2026-09-27T09:14:13.083,DEMO,DEMO,DEMO_MODE,24f8f9829bf14f26914a962224c1ad3a,F1 :    400    3 0.10 -14.44 0.54 50.00  40.0  32.0,0.00 0.00 0.00 89.38 0.54 50.00 0.10 -14.44 6 63 6 63 40.0% 32.0% 200.000 0.000 0.00 -4.90 0.00  1.99 0.00 397.00 0.0% | 1200.00  -10.00 HI -50.00 -50.00
2026-09-27T09:14:13.208,DEMO,DEMO,DEMO_MODE,24f8f9829bf14f26914a962224c1ad3a,F1 :    400    3 0.10 -14.44 0.54 50.00  40.0  32.0,0.00 0.00 0.00 89.38 0.54 50.00 0.10 -14.44 6 63 6 63 40.0% 32.0% 200.000 0.000 0.00 -4.90 0.00  1.99 0.00 397.00 0.0% | 1200.00  -10.00 HI -50.00 -50.00
2026-09-27T09:14:13.329,DEMO,DEMO,DEMO_MODE,24f8f9829bf14f26914a962224c1ad3a,F1 :    400    3 0.10 -14.44 0.54 50.00  40.0  32.0,0.00 0.00 0.00 89.38 0.54 50.00 0.10 -14.44 6 63 6 63 40.0% 32.0% 200.000 0.000 0.00 -4.90 0.00  1.99 0.00 397.00 0.0% | 1200.00  -10.00 HI -50.00 -50.00
2026-09-27T09:14:13.455,DEMO,DEMO,DEMO_MODE,24f8f9829bf14f26914a962224c1ad3a,F1 :    400    3 0.10 -14.44 0.54 50.00  40.0  32.0,0.00 0.00 0.00 89.38 0.54 50.00 0.10 -14.44 6 63 6 63 40.0% 32.0% 200.000 0.000 0.00 -4.90 0.00  1.99 0.00 397.00 0.0% | 1200.00  -10.00 HI -50.00 -50.00
2026-09-27T09:14:13.576,DEMO,DEMO,DEMO_MODE,24f8f9829bf14f26914a962224c1ad3a,F1 :    400    3 0.10 -14.44 0.54 50.00  40.0  32.0,0.00 0.00 0.00 89.38 0.54 50.00 0.10 -14.44 6 63 6 63 40.0% 32.0% 200.000 0.000 0.00 -4.90 0.00  1.99 0.00 397.00 0.0% | 1200.00  -10.00 HI -50.00 -50.00
2026-09-27T09:14:13.702,DEMO,DEMO,DEMO_MODE,24f8f9829bf14f26914a962224c1ad3a,F1 :    400    3 0.10 -14.44 0.54 50.00  40.0  32.0,0.00 0.00 0.00 89.38 0.54 50.00 0.10 -14.44 6 63 6 63 40.0% 32.0% 200.000 0.000 0.00 -4.90 0.00  1.99 0.00 397.00 0.0% | 1200.00  -10.00 HI -50.00 -50.00
2026-09-27T09:14:13.823,DEMO,DEMO,DEMO_MODE,24f8f9829bf14f26914a962224c1ad3a,F1 :    400    3 0.10 -14.44 0.54 50.00  40.0  32.0,0.00 0.00 0.00 89.38 0.54 50.00 0.10 -14.44 6 63 6 63 40.0% 32.0% 200.000 0.000 0.00 -4.90 0.00  1.99 0.00 397.00 0.0% | 1200.00  -10.00 HI -50.00 -50.00
2026-09-27T09:14:13.949,DEMO,DEMO,DEMO_MODE,24f8f9829bf14f26914a962224c1ad3a,F1 :    400    3 0.10 -14.44 0.54 50.00  40.0  32.0,0.00 0.00 0.00 89.38 0.54 50.00 0.10 -14.44 6 63 6 63 40.0% 32.0% 200.000 0.000 0.00 -4.90 0.00  1.99 0.00 397.00 0.0% | 1200.00  -10.00 HI -50.00 -50.00
2026-09-27T09:14:14.069,DEMO,DEMO,DEMO_MODE,24f8f9829bf14f26914a962224c1ad3a,F1 :    400    3 0.10 -14.44 0.54 50.00  40.0  32.0,0.00 0.00 0.00 89.38 0.54 50.00 0.10 -14.44 6 63 6 63 40.0% 32.0% 200.000 0.000 0.00 -4.90 0.00  1.99 0.00 397.00 0.0% | 1200.00  -10.00 HI -50.00 -50.00
2026-09-27T09:14:14.195,DEMO,DEMO,DEMO_MODE,24f8f9829bf14f26914a962224c1ad3a,F1 :    400    3 0.10 -14.44 0.54 50.00  40.0  32.0,0.00 0.00 0.00 89.38 0.54 50.00 0.10 -14.44 6 63 6 63 40.0% 32.0% 200.000 0.000 0.00 -4.90 0.00  1.99 0.00 397.00 0.0% | 1200.00  -10.00 HI -50.00 -50.00
2026-09-27T09:14:14.316,DEMO,DEMO,DEMO_MODE,24f8f9829bf14f26914a962224c1ad3a,F1 :    400    3 0.10 -14.44 0.54 50.00  40.0  32.0,0.00 0.00 0.00 89.38 0.54 50.00 0.10 -14.44 6 63 6 63 40.0% 32.0% 200.000 0.000 0.00 -4.90 0.00  1.99 0.00 397.00 0.0% | 1200.00  -10.00 HI -50.00 -50.00
2026-09-27T09:14:14.441,DEMO,DEMO,DEMO_MODE,24f8f9829bf14f26914a962224c1ad3a,F1 :    400    3 0.10 -14.44 0.54 50.00  40.0  32.0,0.00 0.00 0.00 89.38 0.54 50.00 0.10 -14.44 6 63 6 63 40.0% 32.0% 200.000 0.000 0.00 -4.90 0.00  1.99 0.00 397.00 0.0% | 1200.00  -10.00 HI -50.00 -50.00
2026-09-27T09:14:14.561,DEMO,DEMO,DEMO_MODE,24f8f9829bf14f26914a962224c1ad3a,F1 :    400    3 0.10 -14.44 0.54 50.00  40.0  32.0,0.00 0.00 0.00 89.38 0.54 50.00 0.10 -14.44 6 63 6 63 40.0% 32.0% 200.000 0.000 0.00 -4.90 0.00  1.99 0.00 397.00 0.0% | 1200.00  -10.00 HI -50.00 -50.00
2026-09-27T09:14:14.688,DEMO,DEMO,DEMO_MODE,24f8f9829bf14f26914a962224c1ad3a,F1 :    400    3 0.10 -14.44 0.54 50.00  40.0  32.0,0.00 0.00 0.00 89.38 0.54 50.00 0.10 -14.44 6 63 6 63 40.0% 32.0% 200.000 0.000 0.00 -4.90 0.00  1.99 0.00 397.00 0.0% | 1200.00  -10.00 HI -50.00 -50.00
2026-09-27T09:14:14.809,DEMO,DEMO,DEMO_MODE,24f8f9829bf14f26914a962224c1ad3a,F1 :    400    3 0.10 -14.44 0.54 50.00  40.0  36.0,0.00 0.00 0.00 89.38 0.54 50.00 0.10 -14.44 6 63 6 63 40.0% 36.0% 200.000 0.000 0.00 -4.90 0.00  1.99 0.00 397.00 0.0% | 1200.00  -10.00 HI -50.00 -50.00
2026-09-27T09:14:14.935,DEMO,DEMO,DEMO_MODE,24f8f9829bf14f26914a962224c1ad3a,F1 :    400    3 0.10 -14.44 0.54 50.00  40.0  36.0,0.00 0.00 0.00 89.38 0.54 50.00 0.10 -14.44 6 63 6 63 40.0% 36.0% 200.000 0.000 0.00 -4.90 0.00  1.99 0.00 397.00 0.0% | 1200.00  -10.00 HI -50.00 -50.00
2026-09-27T09:14:15.057,DEMO,DEMO,DEMO_MODE,24f8f9829bf14f26914a962224c1ad3a,F1 :    400    3 0.10 -14.44 0.54 50.00  40.0  36.0,0.00 0.00 0.00 89.38 0.54 50.00 0.10 -14.44 6 63 6 63 40.0% 36.0% 200.000 0.000 0.00 -4.90 0.00  1.99 0.00 397.00 0.0% | 1200.00  -10.00 HI -50.00 -50.00
2026-09-27T09:14:15.182,DEMO,DEMO,DEMO_MODE,24f8f9829bf14f26914a962224c1ad3a,F1 :    400    3 0.10 -14.44 0.54 50.00  40.0  36.0,0.00 0.00 0.00 89.38 0.54 50.00 0.10 -14.44 6 63 6 63 40.0% 36.0% 200.000 0.000 0.00 -4.90 0.00  1.99 0.00 397.00 0.0% | 1200.00  -10.00 HI -50.00 -50.00
2026-09-27T09:14:15.303,DEMO,DEMO,DEMO_MODE,24f8f9829bf14f26914a962224c1ad3a,F1 :    400    3 0.10 -14.44 0.54 50.00  40.0  36.0,0.00 0.00 0.00 89.38 0.54 50.00 0.10 -14.44 6 63 6 63 40.0% 36.0% 200.000 0.000 0.00 -4.90 0.00  1.99 0.00 397.00 0.0% | 1200.00  -10.00 HI -50.00 -50.00
2026-09-27T09:14:15.430,DEMO,DEMO,DEMO_MODE,24f8f9829bf14f26914a962224c1ad3a,F1 :    400    3 0.10 -14.44 0.54 50.00  40.0  36.0,0.00 0.00 0.00 89.38 0.54 50.00 0.10 -14.44 6 63 6 63 40.0% 36.0% 200.000 0.000 0.00 -4.90 0.00  1.99 0.00 397.00 0.0% | 1200.00  -10.00 HI -50.00 -50.00
2026-09-27T09:14:15.560,DEMO,DEMO,DEMO_MODE,24f8f9829bf14f26914a962224c1ad3a,F1 :    400    3 0.10 -14.44 0.54 50.00  40.0  36.0,0.00 0.00 0.00 89.38 0.54 50.00 0.10 -14.44 6 63 6 63 40.0% 36.0% 200.000 0.000 0.00 -4.90 0.00  1.99 0.00 397.00 0.0% | 1200.00  -10.00 HI -50.00 -50.00
2026-09-27T09:14:15.686,DEMO,DEMO,DEMO_MODE,24f8f9829bf14f26914a962224c1ad3a,F1 :    400    3 0.10 -14.44 0.54 50.00  40.0  36.0,0.00 0.00 0.00 89.38 0.54 50.00 0.10 -14.44 6 63 6 63 40.0% 36.0% 200.000 0.000 0.00 -4.90 0.00  1.99 0.00 397.00 0.0% | 1200.00  -10.00 HI -50.00 -50.00
2026-09-27T09:14:15.807,DEMO,DEMO,DEMO_MODE,24f8f9829bf14f26914a962224c1ad3a,F1 :    400    3 0.10 -14.44 0.54 50.00  40.0  36.0,0.00 0.00 0.00 89.38 0.54 50.00 0.10 -14.44 6 63 6 63 40.0% 36.0% 200.000 0.000 0.00 -4.90 0.00  1.99 0.00 397.00 0.0% | 1200.00  -10.00 HI -50.00 -50.00
2026-09-27T09:14:15.933,DEMO,DEMO,DEMO_MODE,24f8f9829bf14f26914a962224c1ad3a,F1 :    400    3 0.10 -14.44 0.54 50.00  40.0  36.0,0.00 0.00 0.00 89.38 0.54 50.00 0.10 -14.44 6 63 6 63 40.0% 36.0% 200.000 0.000 0.00 -4.90 0.00  1.99 0.00 397.00 0.0% | 1200.00  -10.00 HI -50.00 -50.00
2026-09-27T09:14:16.053,DEMO,DEMO,DEMO_MODE,24f8f9829bf14f26914a962224c1ad3a,F1 :    400    3 0.10 -14.44 0.54 50.00  40.0  36.0,0.00 0.00 0.00 89.38 0.54 50.00 0.10 -14.44 6 63 6 63 40.0% 36.0% 200.000 0.000 0.00 -4.90 0.00  1.99 0.00 397.00 0.0% | 1200.00  -10.00 HI -50.00 -50.00
2026-09-27T09:14:16.179,DEMO,DEMO,DEMO_MODE,24f8f9829bf14f26914a962224c1ad3a,F1 :    400    3 0.10 -14.44 0.54 50.00  40.0  36.0,0.00 0.00 0.00 89.38 0.54 50.00 0.10 -14.44 6 63 6 63 40.0% 36.0% 200.000 0.000 0.00 -4.90 0.00  1.99 0.00 397.00 0.0% | 1200.00  -10.00 HI -50.00 -50.00
2026-09-27T09:14:16.299,DEMO,DEMO,DEMO_MODE,24f8f9829bf14f26914a962224c1ad3a,F1 :    400    3 0.10 -14.44 0.54 50.00  40.0  36.0,0.00 0.00 0.00 89.38 0.54 50.00 0.10 -14.44 6 63 6 63 40.0% 36.0% 200.000 0.000 0.00 -4.90 0.00  1.99 0.00 397.00 0.0% | 1200.00  -10.00 HI -50.00 -50.00
2026-09-27T09:14:16.425,DEMO,DEMO,DEMO_MODE,24f8f9829bf14f26914a962224c1ad3a,F1 :    400    3 0.10 -14.44 0.54 50.00  40.0  36.0,0.00 0.00 0.00 89.38 0.54 50.00 0.10 -14.44 6 63 6 63 40.0% 36.0% 200.000 0.000 0.00 -4.90 0.00  1.99 0.00 397.00 0.0% | 1200.00  -10.00 HI -50.00 -50.00
2026-09-27T09:14:16.546,DEMO,DEMO,DEMO_MODE,24f8f9829bf14f26914a962224c1ad3a,F1 :    400    3 0.10 -14.44 0.54 50.00  40.0  36.0,0.00 0.00 0.00 89.38 0.54 50.00 0.10 -14.44 6 63 6 63 40.0% 36.0% 200.000 0.000 0.00 -4.90 0.00  1.99 0.00 397.00 0.0% | 1200.00  -10.00 HI -50.00 -50.00
2026-09-27T09:14:16.673,DEMO,DEMO,DEMO_MODE,24f8f9829bf14f26914a962224c1ad3a,F1 :    400    3 0.10 -14.44 0.54 50.00  40.0  36.0,0.00 0.00 0.00 89.38 0.54 50.00 0.10 -14.44 6 63 6 63 40.0% 36.0% 200.000 0.000 0.00 -4.90 0.00  1.99 0.00 397.00 0.0% | 1200.00  -10.00 HI -50.00 -50.00
2026-09-27T09:14:16.794,DEMO,DEMO,DEMO_MODE,24f8f9829bf14f26914a962224c1ad3a,F1 :    400    3 0.10 -14.44 0.54 50.00  40.0  36.0,0.00 0.00 0.00 89.38 0.54 50.00 0.10 -14.44 6 63 6 63 40.0% 36.0% 200.000 0.000 0.00 -4.90 0.00  1.99 0.00 397.00 0.0% | 1200.00  -10.00 HI -50.00 -50.00
2026-09-27T09:14:16.920,DEMO,DEMO,DEMO_MODE,24f8f9829bf14f26914a962224c1ad3a,F1 :    400    3 0.10 -14.44 0.54 50.00  40.0  36.0,0.00 0.00 0.00 89.38 0.54 50.00 0.10 -14.44 6 63 6 63 40.0% 36.0% 200.000 0.000 0.00 -4.90 0.00  1.99 0.00 397.00 0.0% | 1200.00  -10.00 HI -50.00 -50.00
2026-09-27T09:14:17.055,DEMO,DEMO,DEMO_MODE,24f8f9829bf14f26914a962224c1ad3a,F1 :    400    3 0.10 -14.44 0.54 50.00  40.0  36.0,0.00 0.00 0.00 89.38 0.54 50.00 0.10 -14.44 6 63 6 63 40.0% 36.0% 200.000 0.000 0.00 -4.90 0.00  1.99 0.00 397.00 0.0% | 1200.00  -10.00 HI -50.00 -50.00
2026-09-27T09:14:17.181,DEMO,DEMO,DEMO_MODE,24f8f9829bf14f26914a962224c1ad3a,F1 :    400    3 0.10 -14.44 0.54 50.00  40.0  36.0,0.00 0.00 0.00 89.38 0.54 50.00 0.10 -14.44 6 63 6 63 40.0% 36.0% 200.000 0.000 0.00 -4.90 0.00  1.99 0.00 397.00 0.0% | 1200.00  -10.00 HI -50.00 -50.00
2026-09-27T09:14:17.313,DEMO,DEMO,DEMO_MODE,24f8f9829bf14f26914a962224c1ad3a,F1 :    400    3 0.10 -14.44 0.54 50.00  40.0  36.0,0.00 0.00 0.00 89.38 0.54 50.00 0.10 -14.44 6 63 6 63 40.0% 36.0% 200.000 0.000 0.00 -4.90 0.00  1.99 0.00 397.00 0.0% | 1200.00  -10.00 HI -50.00 -50.00
2026-09-27T09:14:17.439,DEMO,DEMO,DEMO_MODE,24f8f9829bf14f26914a962224c1ad3a,F1 :    400    3 0.10 -14.44 0.54 50.00  40.0  36.0,0.00 0.00 0.00 89.38 0.54 50.00 0.10 -14.44 6 63 6 63 40.0% 36.0% 200.000 0.000 0.00 -4.90 0.00  1.99 0.00 397.00 0.0% | 1200.00  -10.00 HI -50.00 -50.00
2026-09-27T09:14:17.561,DEMO,DEMO,DEMO_MODE,24f8f9829bf14f26914a962224c1ad3a,F1 :    400    3 0.10 -14.44 0.54 50.00  40.0  36.0,0.00 0.00 0.00 89.38 0.54 50.00 0.10 -14.44 6 63 6 63 40.0% 36.0% 200.000 0.000 0.00 -4.90 0.00  1.99 0.00 397.00 0.0% | 1200.00  -10.00 HI -50.00 -50.00
2026-09-27T09:14:17.687,DEMO,DEMO,DEMO_MODE,24f8f9829bf14f26914a962224c1ad3a,F1 :    400    3 0.10 -14.44 0.54 50.00  40.0  36.0,0.00 0.00 0.00 89.38 0.54 50.00 0.10 -14.44 6 63 6 63 40.0% 36.0% 200.000 0.000 0.00 -4.90 0.00  1.99 0.00 397.00 0.0% | 1200.00  -10.00 HI -50.00 -50.00
2026-09-27T09:14:17.808,DEMO,DEMO,DEMO_MODE,24f8f9829bf14f26914a962224c1ad3a,F1 :    400    3 0.10 -14.44 0.54 50.00  40.0  36.0,0.00 0.00 0.00 89.38 0.54 50.00 0.10 -14.44 6 63 6 63 40.0% 36.0% 200.000 0.000 0.00 -4.90 0.00  1.99 0.00 397.00 0.0% | 1200.00  -10.00 HI -50.00 -50.00
2026-09-27T09:14:17.935,DEMO,DEMO,DEMO_MODE,24f8f9829bf14f26914a962224c1ad3a,F1 :    400    3 0.10 -14.44 0.54 50.00  40.0  36.0,0.00 0.00 0.00 89.38 0.54 50.00 0.10 -14.44 6 63 6 63 40.0% 36.0% 200.000 0.000 0.00 -4.90 0.00  1.99 0.00 397.00 0.0% | 1200.00  -10.00 HI -50.00 -50.00
2026-09-27T09:14:18.055,DEMO,DEMO,DEMO_MODE,24f8f9829bf14f26914a962224c1ad3a,F1 :    400    3 0.10 -14.44 0.54 50.00  40.0  36.0,0.00 0.00 0.00 89.38 0.54 50.00 0.10 -14.44 6 63 6 63 40.0% 36.0% 200.000 0.000 0.00 -4.90 0.00  1.99 0.00 397.00 0.0% | 1200.00  -10.00 HI -50.00 -50.00
2026-09-27T09:14:18.181,DEMO,DEMO,DEMO_MODE,24f8f9829bf14f26914a962224c1ad3a,F1 :    400    3 0.10 -14.44 0.54 50.00  40.0  36.0,0.00 0.00 0.00 89.38 0.54 50.00 0.10 -14.44 6 63 6 63 40.0% 36.0% 200.000 0.000 0.00 -4.90 0.00  1.99 0.00 397.00 0.0% | 1200.00  -10.00 HI -50.00 -50.00
2026-09-27T09:14:18.302,DEMO,DEMO,DEMO_MODE,24f8f9829bf14f26914a962224c1ad3a,F1 :    400    3 0.10 -14.44 0.54 50.00  40.0  36.0,0.00 0.00 0.00 89.38 0.54 50.00 0.10 -14.44 6 63 6 63 40.0% 36.0% 200.000 0.000 0.00 -4.90 0.00  1.99 0.00 397.00 0.0% | 1200.00  -10.00 HI -50.00 -50.00
2026-09-27T09:14:18.427,DEMO,DEMO,DEMO_MODE,24f8f9829bf14f26914a962224c1ad3a,F1 :    400    3 0.10 -14.44 0.54 50.00  40.0  36.0,0.00 0.00 0.00 89.38 0.54 50.00 0.10 -14.44 6 63 6 63 40.0% 36.0% 200.000 0.000 0.00 -4.90 0.00  1.99 0.00 397.00 0.0% | 1200.00  -10.00 HI -50.00 -50.00
2026-09-27T09:14:18.548,DEMO,DEMO,DEMO_MODE,24f8f9829bf14f26914a962224c1ad3a,F1 :    400    3 0.10 -14.44 0.54 50.00  40.0  36.0,0.00 0.00 0.00 89.38 0.54 50.00 0.10 -14.44 6 63 6 63 40.0% 36.0% 200.000 0.000 0.00 -4.90 0.00  1.99 0.00 397.00 0.0% | 1200.00  -10.00 HI -50.00 -50.00
2026-09-27T09:14:18.676,DEMO,DEMO,DEMO_MODE,24f8f9829bf14f26914a962224c1ad3a,F1 :    400    3 0.10 -14.44 0.54 50.00  40.0  36.0,0.00 0.00 0.00 89.38 0.54 50.00 0.10 -14.44 6 63 6 63 40.0% 36.0% 200.000 0.000 0.00 -4.90 0.00  1.99 0.00 397.00 0.0% | 1200.00  -10.00 HI -50.00 -50.00
2026-09-27T09:14:18.802,DEMO,DEMO,DEMO_MODE,24f8f9829bf14f26914a962224c1ad3a,F1 :    400    3 0.10 -14.44 0.54 50.00  40.0  36.0,0.00 0.00 0.00 89.38 0.54 50.00 0.10 -14.44 6 63 6 63 40.0% 36.0% 200.000 0.000 0.00 -4.90 0.00  1.99 0.00 397.00 0.0% | 1200.00  -10.00 HI -50.00 -50.00
2026-09-27T09:14:18.929,DEMO,DEMO,DEMO_MODE,24f8f9829bf14f26914a962224c1ad3a,F1 :    400    3 0.10 -14.44 0.54 50.00  40.0  36.0,0.00 0.00 0.00 89.38 0.54 50.00 0.10 -14.44 6 63 6 63 40.0% 36.0% 200.000 0.000 0.00 -4.90 0.00  1.99 0.00 397.00 0.0% | 1200.00  -10.00 HI -50.00 -50.00
2026-09-27T09:14:19.050,DEMO,DEMO,DEMO_MODE,24f8f9829bf14f26914a962224c1ad3a,F1 :    400    3 0.10 -14.44 0.54 50.00  40.0  36.0,0.00 0.00 0.00 89.38 0.54 50.00 0.10 -14.44 6 63 6 63 40.0% 36.0% 200.000 0.000 0.00 -4.90 0.00  1.99 0.00 397.00 0.0% | 1200.00  -10.00 HI -50.00 -50.00
2026-09-27T09:14:19.175,DEMO,DEMO,DEMO_MODE,24f8f9829bf14f26914a962224c1ad3a,F1 :    400    3 0.10 -14.44 0.54 50.00  40.0  36.0,0.00 0.00 0.00 89.38 0.54 50.00 0.10 -14.44 6 63 6 63 40.0% 36.0% 200.000 0.000 0.00 -4.90 0.00  1.99 0.00 397.00 0.0% | 1200.00  -10.00 HI -50.00 -50.00
2026-09-27T09:14:19.296,DEMO,DEMO,DEMO_MODE,24f8f9829bf14f26914a962224c1ad3a,F1 :    400    3 0.10 -14.44 0.54 50.00  40.0  36.0,0.00 0.00 0.00 89.38 0.54 50.00 0.10 -14.44 6 63 6 63 40.0% 36.0% 200.000 0.000 0.00 -4.90 0.00  1.99 0.00 397.00 0.0% | 1200.00  -10.00 HI -50.00 -50.00
2026-09-27T09:14:19.422,DEMO,DEMO,DEMO_MODE,24f8f9829bf14f26914a962224c1ad3a,F1 :    400    3 0.10 -14.44 0.54 50.00  40.0  36.0,0.00 0.00 0.00 89.38 0.54 50.00 0.10 -14.44 6 63 6 63 40.0% 36.0% 200.000 0.000 0.00 -4.90 0.00  1.99 0.00 397.00 0.0% | 1200.00  -10.00 HI -50.00 -50.00
2026-09-27T09:14:19.559,DEMO,DEMO,DEMO_MODE,24f8f9829bf14f26914a962224c1ad3a,F1 :    400    3 0.10 -14.44 0.54 50.00  40.0  36.0,0.00 0.00 0.00 89.38 0.54 50.00 0.10 -14.44 6 63 6 63 40.0% 36.0% 200.000 0.000 0.00 -4.90 0.00  1.99 0.00 397.00 0.0% | 1200.00  -10.00 HI -50.00 -50.00
2026-09-27T09:14:19.685,DEMO,DEMO,DEMO_MODE,24f8f9829bf14f26914a962224c1ad3a,F1 :    400    3 0.10 -14.44 0.54 50.00  40.0  36.0,0.00 0.00 0.00 89.38 0.54 50.00 0.10 -14.44 6 63 6 63 40.0% 36.0% 200.000 0.000 0.00 -4.90 0.00  1.99 0.00 397.00 0.0% | 1200.00  -10.00 HI -50.00 -50.00
2026-09-27T09:14:19.805,DEMO,DEMO,DEMO_MODE,24f8f9829bf14f26914a962224c1ad3a,F1 :    400    3 0.10 -14.44 0.54 50.00  40.0  36.0,0.00 0.00 0.00 89.38 0.54 50.00 0.10 -14.44 6 63 6 63 40.0% 36.0% 200.000 0.000 0.00 -4.90 0.00  1.99 0.00 397.00 0.0% | 1200.00  -10.00 HI -50.00 -50.00
2026-09-27T09:14:19.932,DEMO,DEMO,DEMO_MODE,24f8f9829bf14f26914a962224c1ad3a,F1 :    400    3 0.10 -14.44 0.54 50.00  40.0  36.0,0.00 0.00 0.00 89.38 0.54 50.00 0.10 -14.44 6 63 6 63 40.0% 36.0% 200.000 0.000 0.00 -4.90 0.00  1.99 0.00 397.00 0.0% | 1200.00  -10.00 HI -50.00 -50.00
2026-09-27T09:14:20.053,DEMO,DEMO,DEMO_MODE,24f8f9829bf14f26914a962224c1ad3a,F1 :    500    3 0.10 -14.44 0.54 50.00  50.0  40.0,0.00 0.00 0.00 89.38 0.54 50.00 0.10 -14.44 6 63 6 63 50.0% 40.0% 250.000 0.000 0.00 -4.90 0.00  1.99 0.00 497.00 0.0% | 1200.00    0.00 HI -50.00 -50.00
2026-09-27T09:14:20.179,DEMO,DEMO,DEMO_MODE,24f8f9829bf14f26914a962224c1ad3a,F1 :    500    3 0.10 -14.44 0.54 50.00  50.0  40.0,0.00 0.00 0.00 89.38 0.54 50.00 0.10 -14.44 6 63 6 63 50.0% 40.0% 250.000 0.000 0.00 -4.90 0.00  1.99 0.00 497.00 0.0% | 1200.00    0.00 HI -50.00 -50.00
2026-09-27T09:14:20.299,DEMO,DEMO,DEMO_MODE,24f8f9829bf14f26914a962224c1ad3a,F1 :    500    3 0.10 -14.44 0.54 50.00  50.0  40.0,0.00 0.00 0.00 89.38 0.54 50.00 0.10 -14.44 6 63 6 63 50.0% 40.0% 250.000 0.000 0.00 -4.90 0.00  1.99 0.00 497.00 0.0% | 1200.00    0.00 HI -50.00 -50.00
2026-09-27T09:14:20.426,DEMO,DEMO,DEMO_MODE,24f8f9829bf14f26914a962224c1ad3a,F1 :    500    3 0.10 -14.44 0.54 50.00  50.0  40.0,0.00 0.00 0.00 89.38 0.54 50.00 0.10 -14.44 6 63 6 63 50.0% 40.0% 250.000 0.000 0.00 -4.90 0.00  1.99 0.00 497.00 0.0% | 1200.00    0.00 HI -50.00 -50.00
2026-09-27T09:14:20.547,DEMO,DEMO,DEMO_MODE,24f8f9829bf14f26914a962224c1ad3a,F1 :    500    3 0.10 -14.44 0.54 50.00  50.0  40.0,0.00 0.00 0.00 89.38 0.54 50.00 0.10 -14.44 6 63 6 63 50.0% 40.0% 250.000 0.000 0.00 -4.90 0.00  1.99 0.00 497.00 0.0% | 1200.00    0.00 HI -50.00 -50.00
2026-09-27T09:14:20.673,DEMO,DEMO,DEMO_MODE,24f8f9829bf14f26914a962224c1ad3a,F1 :    500    3 0.10 -14.44 0.54 50.00  50.0  40.0,0.00 0.00 0.00 89.38 0.54 50.00 0.10 -14.44 6 63 6 63 50.0% 40.0% 250.000 0.000 0.00 -4.90 0.00  1.99 0.00 497.00 0.0% | 1200.00    0.00 HI -50.00 -50.00
2026-09-27T09:14:20.793,DEMO,DEMO,DEMO_MODE,24f8f9829bf14f26914a962224c1ad3a,F1 :    500    3 0.10 -14.44 0.54 50.00  50.0  40.0,0.00 0.00 0.00 89.38 0.54 50.00 0.10 -14.44 6 63 6 63 50.0% 40.0% 250.000 0.000 0.00 -4.90 0.00  1.99 0.00 497.00 0.0% | 1200.00    0.00 HI -50.00 -50.00
2026-09-27T09:14:20.920,DEMO,DEMO,DEMO_MODE,24f8f9829bf14f26914a962224c1ad3a,F1 :    500    3 0.10 -14.44 0.54 50.00  50.0  40.0,0.00 0.00 0.00 89.38 0.54 50.00 0.10 -14.44 6 63 6 63 50.0% 40.0% 250.000 0.000 0.00 -4.90 0.00  1.99 0.00 497.00 0.0% | 1200.00    0.00 HI -50.00 -50.00
2026-09-27T09:14:21.051,DEMO,DEMO,DEMO_MODE,24f8f9829bf14f26914a962224c1ad3a,F1 :    500    4 0.10 -14.44 0.54 50.00  50.0  40.0,0.00 0.00 0.00 89.38 0.54 50.00 0.10 -14.44 6 63 6 63 50.0% 40.0% 250.000 0.000 0.00 -4.90 0.00  1.98 0.00 496.00 0.0% | 1200.00    0.00 HI -50.00 -50.00
2026-09-27T09:14:21.177,DEMO,DEMO,DEMO_MODE,24f8f9829bf14f26914a962224c1ad3a,F1 :    500    4 0.10 -14.44 0.54 50.00  50.0  40.0,0.00 0.00 0.00 89.38 0.54 50.00 0.10 -14.44 6 63 6 63 50.0% 40.0% 250.000 0.000 0.00 -4.90 0.00  1.98 0.00 496.00 0.0% | 1200.00    0.00 HI -50.00 -50.00
2026-09-27T09:14:21.298,DEMO,DEMO,DEMO_MODE,24f8f9829bf14f26914a962224c1ad3a,F1 :    500    4 0.10 -14.44 0.54 50.00  50.0  40.0,0.00 0.00 0.00 89.38 0.54 50.00 0.10 -14.44 6 63 6 63 50.0% 40.0% 250.000 0.000 0.00 -4.90 0.00  1.98 0.00 496.00 0.0% | 1200.00    0.00 HI -50.00 -50.00
2026-09-27T09:14:21.418,DEMO,DEMO,DEMO_MODE,24f8f9829bf14f26914a962224c1ad3a,F1 :    500    4 0.10 -14.44 0.54 50.00  50.0  40.0,0.00 0.00 0.00 89.38 0.54 50.00 0.10 -14.44 6 63 6 63 50.0% 40.0% 250.000 0.000 0.00 -4.90 0.00  1.98 0.00 496.00 0.0% | 1200.00    0.00 HI -50.00 -50.00
2026-09-27T09:14:21.539,DEMO,DEMO,DEMO_MODE,24f8f9829bf14f26914a962224c1ad3a,F1 :    500    4 0.10 -14.44 0.54 50.00  50.0  40.0,0.00 0.00 0.00 89.38 0.54 50.00 0.10 -14.44 6 63 6 63 50.0% 40.0% 250.000 0.000 0.00 -4.90 0.00  1.98 0.00 496.00 0.0% | 1200.00    0.00 HI -50.00 -50.00
2026-09-27T09:14:21.659,DEMO,DEMO,DEMO_MODE,24f8f9829bf14f26914a962224c1ad3a,F1 :    500    4 0.10 -14.44 0.54 50.00  50.0  40.0,0.00 0.00 0.00 89.38 0.54 50.00 0.10 -14.44 6 63 6 63 50.0% 40.0% 250.000 0.000 0.00 -4.90 0.00  1.98 0.00 496.00 0.0% | 1200.00    0.00 HI -50.00 -50.00
2026-09-27T09:14:21.780,DEMO,DEMO,DEMO_MODE,24f8f9829bf14f26914a962224c1ad3a,F1 :    500    4 0.10 -14.44 0.54 50.00  50.0  40.0,0.00 0.00 0.00 89.38 0.54 50.00 0.10 -14.44 6 63 6 63 50.0% 40.0% 250.000 0.000 0.00 -4.90 0.00  1.98 0.00 496.00 0.0% | 1200.00    0.00 HI -50.00 -50.00
2026-09-27T09:14:21.901,DEMO,DEMO,DEMO_MODE,24f8f9829bf14f26914a962224c1ad3a,F1 :    500    4 0.10 -14.44 0.54 50.00  50.0  40.0,0.00 0.00 0.00 89.38 0.54 50.00 0.10 -14.44 6 63 6 63 50.0% 40.0% 250.000 0.000 0.00 -4.90 0.00  1.98 0.00 496.00 0.0% | 1200.00    0.00 HI -50.00 -50.00
2026-09-27T09:14:22.022,DEMO,DEMO,DEMO_MODE,24f8f9829bf14f26914a962224c1ad3a,F1 :    500    4 0.10 -14.44 0.54 50.00  50.0  40.0,0.00 0.00 0.00 89.38 0.54 50.00 0.10 -14.44 6 63 6 63 50.0% 40.0% 250.000 0.000 0.00 -4.90 0.00  1.98 0.00 496.00 0.0% | 1200.00    0.00 HI -50.00 -50.00
2026-09-27T09:14:22.143,DEMO,DEMO,DEMO_MODE,24f8f9829bf14f26914a962224c1ad3a,F1 :    500    4 0.10 -14.44 0.54 50.00  50.0  40.0,0.00 0.00 0.00 89.38 0.54 50.00 0.10 -14.44 6 63 6 63 50.0% 40.0% 250.000 0.000 0.00 -4.90 0.00  1.98 0.00 496.00 0.0% | 1200.00    0.00 HI -50.00 -50.00
2026-09-27T09:14:22.263,DEMO,DEMO,DEMO_MODE,24f8f9829bf14f26914a962224c1ad3a,F1 :    500    4 0.10 -14.44 0.54 50.00  50.0  40.0,0.00 0.00 0.00 89.38 0.54 50.00 0.10 -14.44 6 63 6 63 50.0% 40.0% 250.000 0.000 0.00 -4.90 0.00  1.98 0.00 496.00 0.0% | 1200.00    0.00 HI -50.00 -50.00
2026-09-27T09:14:22.384,DEMO,DEMO,DEMO_MODE,24f8f9829bf14f26914a962224c1ad3a,F1 :    500    4 0.10 -14.44 0.54 50.00  50.0  40.0,0.00 0.00 0.00 89.38 0.54 50.00 0.10 -14.44 6 63 6 63 50.0% 40.0% 250.000 0.000 0.00 -4.90 0.00  1.98 0.00 496.00 0.0% | 1200.00    0.00 HI -50.00 -50.00
2026-09-27T09:14:22.505,DEMO,DEMO,DEMO_MODE,24f8f9829bf14f26914a962224c1ad3a,F1 :    500    4 0.10 -14.44 0.54 50.00  50.0  40.0,0.00 0.00 0.00 89.38 0.54 50.00 0.10 -14.44 6 63 6 63 50.0% 40.0% 250.000 0.000 0.00 -4.90 0.00  1.98 0.00 496.00 0.0% | 1200.00    0.00 HI -50.00 -50.00
2026-09-27T09:14:22.626,DEMO,DEMO,DEMO_MODE,24f8f9829bf14f26914a962224c1ad3a,F1 :    500    4 0.10 -14.44 0.54 50.00  50.0  40.0,0.00 0.00 0.00 89.38 0.54 50.00 0.10 -14.44 6 63 6 63 50.0% 40.0% 250.000 0.000 0.00 -4.90 0.00  1.98 0.00 496.00 0.0% | 1200.00    0.00 HI -50.00 -50.00
2026-09-27T09:14:22.747,DEMO,DEMO,DEMO_MODE,24f8f9829bf14f26914a962224c1ad3a,F1 :    500    4 0.10 -14.44 0.54 50.00  50.0  40.0,0.00 0.00 0.00 89.38 0.54 50.00 0.10 -14.44 6 63 6 63 50.0% 40.0% 250.000 0.000 0.00 -4.90 0.00  1.98 0.00 496.00 0.0% | 1200.00    0.00 HI -50.00 -50.00
2026-09-27T09:14:22.868,DEMO,DEMO,DEMO_MODE,24f8f9829bf14f26914a962224c1ad3a,F1 :    500    4 0.10 -14.44 0.54 50.00  50.0  40.0,0.00 0.00 0.00 89.38 0.54 50.00 0.10 -14.44 6 63 6 63 50.0% 40.0% 250.000 0.000 0.00 -4.90 0.00  1.98 0.00 496.00 0.0% | 1200.00    0.00 HI -50.00 -50.00
2026-09-27T09:14:22.988,DEMO,DEMO,DEMO_MODE,24f8f9829bf14f26914a962224c1ad3a,F1 :    500    4 0.10 -14.44 0.54 50.00  50.0  40.0,0.00 0.00 0.00 89.38 0.54 50.00 0.10 -14.44 6 63 6 63 50.0% 40.0% 250.000 0.000 0.00 -4.90 0.00  1.98 0.00 496.00 0.0% | 1200.00    0.00 HI -50.00 -50.00
2026-09-27T09:14:23.108,DEMO,DEMO,DEMO_MODE,24f8f9829bf14f26914a962224c1ad3a,F1 :    500    4 0.10 -14.44 0.54 50.00  50.0  40.0,0.00 0.00 0.00 89.38 0.54 50.00 0.10 -14.44 6 63 6 63 50.0% 40.0% 250.000 0.000 0.00 -4.90 0.00  1.98 0.00 496.00 0.0% | 1200.00    0.00 HI -50.00 -50.00
2026-09-27T09:14:23.231,DEMO,DEMO,DEMO_MODE,24f8f9829bf14f26914a962224c1ad3a,F1 :    500    4 0.10 -14.44 0.54 50.00  50.0  40.0,0.00 0.00 0.00 89.38 0.54 50.00 0.10 -14.44 6 63 6 63 50.0% 40.0% 250.000 0.000 0.00 -4.90 0.00  1.98 0.00 496.00 0.0% | 1200.00    0.00 HI -50.00 -50.00
2026-09-27T09:14:23.352,DEMO,DEMO,DEMO_MODE,24f8f9829bf14f26914a962224c1ad3a,F1 :    500    4 0.10 -14.44 0.54 50.00  50.0  40.0,0.00 0.00 0.00 89.38 0.54 50.00 0.10 -14.44 6 63 6 63 50.0% 40.0% 250.000 0.000 0.00 -4.90 0.00  1.98 0.00 496.00 0.0% | 1200.00    0.00 HI -50.00 -50.00
2026-09-27T09:14:23.478,DEMO,DEMO,DEMO_MODE,24f8f9829bf14f26914a962224c1ad3a,F1 :    500    4 0.10 -14.44 0.54 50.00  50.0  40.0,0.00 0.00 0.00 89.38 0.54 50.00 0.10 -14.44 6 63 6 63 50.0% 40.0% 250.000 0.000 0.00 -4.90 0.00  1.98 0.00 496.00 0.0% | 1200.00    0.00 HI -50.00 -50.00
2026-09-27T09:14:23.599,DEMO,DEMO,DEMO_MODE,24f8f9829bf14f26914a962224c1ad3a,F1 :    500    4 0.10 -14.44 0.54 50.00  50.0  40.0,0.00 0.00 0.00 89.38 0.54 50.00 0.10 -14.44 6 63 6 63 50.0% 40.0% 250.000 0.000 0.00 -4.90 0.00  1.98 0.00 496.00 0.0% | 1200.00    0.00 HI -50.00 -50.00
2026-09-27T09:14:23.726,DEMO,DEMO,DEMO_MODE,24f8f9829bf14f26914a962224c1ad3a,F1 :    500    4 0.10 -14.44 0.54 50.00  50.0  40.0,0.00 0.00 0.00 89.38 0.54 50.00 0.10 -14.44 6 63 6 63 50.0% 40.0% 250.000 0.000 0.00 -4.90 0.00  1.98 0.00 496.00 0.0% | 1200.00    0.00 HI -50.00 -50.00
2026-09-27T09:14:23.847,DEMO,DEMO,DEMO_MODE,24f8f9829bf14f26914a962224c1ad3a,F1 :    500    4 0.10 -14.44 0.54 50.00  50.0  40.0,0.00 0.00 0.00 89.38 0.54 50.00 0.10 -14.44 6 63 6 63 50.0% 40.0% 250.000 0.000 0.00 -4.90 0.00  1.98 0.00 496.00 0.0% | 1200.00    0.00 HI -50.00 -50.00
2026-09-27T09:14:23.973,DEMO,DEMO,DEMO_MODE,24f8f9829bf14f26914a962224c1ad3a,F1 :    500    4 0.10 -14.44 0.54 50.00  50.0  40.0,0.00 0.00 0.00 89.38 0.54 50.00 0.10 -14.44 6 63 6 63 50.0% 40.0% 250.000 0.000 0.00 -4.90 0.00  1.98 0.00 496.00 0.0% | 1200.00    0.00 HI -50.00 -50.00
2026-09-27T09:14:24.094,DEMO,DEMO,DEMO_MODE,24f8f9829bf14f26914a962224c1ad3a,F1 :    500    4 0.10 -14.44 0.54 50.00  50.0  40.0,0.00 0.00 0.00 89.38 0.54 50.00 0.10 -14.44 6 63 6 63 50.0% 40.0% 250.000 0.000 0.00 -4.90 0.00  1.98 0.00 496.00 0.0% | 1200.00    0.00 HI -50.00 -50.00
2026-09-27T09:14:24.220,DEMO,DEMO,DEMO_MODE,24f8f9829bf14f26914a962224c1ad3a,F1 :    500    4 0.10 -14.44 0.54 50.00  50.0  40.0,0.00 0.00 0.00 89.38 0.54 50.00 0.10 -14.44 6 63 6 63 50.0% 40.0% 250.000 0.000 0.00 -4.90 0.00  1.98 0.00 496.00 0.0% | 1200.00    0.00 HI -50.00 -50.00
2026-09-27T09:14:24.341,DEMO,DEMO,DEMO_MODE,24f8f9829bf14f26914a962224c1ad3a,F1 :    500    4 0.10 -14.44 0.54 50.00  50.0  40.0,0.00 0.00 0.00 89.38 0.54 50.00 0.10 -14.44 6 63 6 63 50.0% 40.0% 250.000 0.000 0.00 -4.90 0.00  1.98 0.00 496.00 0.0% | 1200.00    0.00 HI -50.00 -50.00
2026-09-27T09:14:24.466,DEMO,DEMO,DEMO_MODE,24f8f9829bf14f26914a962224c1ad3a,F1 :    500    4 0.10 -14.44 0.54 50.00  50.0  40.0,0.00 0.00 0.00 89.38 0.54 50.00 0.10 -14.44 6 63 6 63 50.0% 40.0% 250.000 0.000 0.00 -4.90 0.00  1.98 0.00 496.00 0.0% | 1200.00    0.00 HI -50.00 -50.00
2026-09-27T09:14:24.587,DEMO,DEMO,DEMO_MODE,24f8f9829bf14f26914a962224c1ad3a,F1 :    500    4 0.10 -14.44 0.54 50.00  50.0  40.0,0.00 0.00 0.00 89.38 0.54 50.00 0.10 -14.44 6 63 6 63 50.0% 40.0% 250.000 0.000 0.00 -4.90 0.00  1.98 0.00 496.00 0.0% | 1200.00    0.00 HI -50.00 -50.00
2026-09-27T09:14:24.714,DEMO,DEMO,DEMO_MODE,24f8f9829bf14f26914a962224c1ad3a,F1 :    500    4 0.10 -14.44 0.54 50.00  50.0  40.0,0.00 0.00 0.00 89.38 0.54 50.00 0.10 -14.44 6 63 6 63 50.0% 40.0% 250.000 0.000 0.00 -4.90 0.00  1.98 0.00 496.00 0.0% | 1200.00    0.00 HI -50.00 -50.00
2026-09-27T09:14:24.834,DEMO,DEMO,DEMO_MODE,24f8f9829bf14f26914a962224c1ad3a,F1 :    500    4 0.10 -14.44 0.54 50.00  50.0  40.0,0.00 0.00 0.00 89.38 0.54 50.00 0.10 -14.44 6 63 6 63 50.0% 40.0% 250.000 0.000 0.00 -4.90 0.00  1.98 0.00 496.00 0.0% | 1200.00    0.00 HI -50.00 -50.00
2026-09-27T09:14:24.960,DEMO,DEMO,DEMO_MODE,24f8f9829bf14f26914a962224c1ad3a,F1 :    500    4 0.10 -14.44 0.54 50.00  50.0  40.0,0.00 0.00 0.00 89.38 0.54 50.00 0.10 -14.44 6 63 6 63 50.0% 40.0% 250.000 0.000 0.00 -4.90 0.00  1.98 0.00 496.00 0.0% | 1200.00    0.00 HI -50.00 -50.00
2026-09-27T09:14:25.081,DEMO,DEMO,DEMO_MODE,24f8f9829bf14f26914a962224c1ad3a,F1 :    500    4 0.10 -14.44 0.54 50.00  50.0  40.0,0.00 0.00 0.00 89.38 0.54 50.00 0.10 -14.44 6 63 6 63 50.0% 40.0% 250.000 0.000 0.00 -4.90 0.00  1.98 0.00 496.00 0.0% | 1200.00    0.00 HI -50.00 -50.00
2026-09-27T09:14:25.207,DEMO,DEMO,DEMO_MODE,24f8f9829bf14f26914a962224c1ad3a,F1 :    500    4 0.10 -14.44 0.54 50.00  50.0  44.0,0.00 0.00 0.00 89.38 0.54 50.00 0.10 -14.44 6 63 6 63 50.0% 44.0% 250.000 0.000 0.00 -4.90 0.00  1.98 0.00 496.00 0.0% | 1200.00    0.00 HI -50.00 -50.00
2026-09-27T09:14:25.328,DEMO,DEMO,DEMO_MODE,24f8f9829bf14f26914a962224c1ad3a,F1 :    500    4 0.10 -14.44 0.54 50.00  50.0  44.0,0.00 0.00 0.00 89.38 0.54 50.00 0.10 -14.44 6 63 6 63 50.0% 44.0% 250.000 0.000 0.00 -4.90 0.00  1.98 0.00 496.00 0.0% | 1200.00    0.00 HI -50.00 -50.00
2026-09-27T09:14:25.454,DEMO,DEMO,DEMO_MODE,24f8f9829bf14f26914a962224c1ad3a,F1 :    500    4 0.10 -14.44 0.54 50.00  50.0  44.0,0.00 0.00 0.00 89.38 0.54 50.00 0.10 -14.44 6 63 6 63 50.0% 44.0% 250.000 0.000 0.00 -4.90 0.00  1.98 0.00 496.00 0.0% | 1200.00    0.00 HI -50.00 -50.00
2026-09-27T09:14:25.575,DEMO,DEMO,DEMO_MODE,24f8f9829bf14f26914a962224c1ad3a,F1 :    500    4 0.10 -14.44 0.54 50.00  50.0  44.0,0.00 0.00 0.00 89.38 0.54 50.00 0.10 -14.44 6 63 6 63 50.0% 44.0% 250.000 0.000 0.00 -4.90 0.00  1.98 0.00 496.00 0.0% | 1200.00    0.00 HI -50.00 -50.00
2026-09-27T09:14:25.701,DEMO,DEMO,DEMO_MODE,24f8f9829bf14f26914a962224c1ad3a,F1 :    500    4 0.10 -14.44 0.54 50.00  50.0  44.0,0.00 0.00 0.00 89.38 0.54 50.00 0.10 -14.44 6 63 6 63 50.0% 44.0% 250.000 0.000 0.00 -4.90 0.00  1.98 0.00 496.00 0.0% | 1200.00    0.00 HI -50.00 -50.00
2026-09-27T09:14:25.822,DEMO,DEMO,DEMO_MODE,24f8f9829bf14f26914a962224c1ad3a,F1 :    500    4 0.10 -14.44 0.54 50.00  50.0  44.0,0.00 0.00 0.00 89.38 0.54 50.00 0.10 -14.44 6 63 6 63 50.0% 44.0% 250.000 0.000 0.00 -4.90 0.00  1.98 0.00 496.00 0.0% | 1200.00    0.00 HI -50.00 -50.00
2026-09-27T09:14:25.948,DEMO,DEMO,DEMO_MODE,24f8f9829bf14f26914a962224c1ad3a,F1 :    500    4 0.10 -14.44 0.54 50.00  50.0  44.0,0.00 0.00 0.00 89.38 0.54 50.00 0.10 -14.44 6 63 6 63 50.0% 44.0% 250.000 0.000 0.00 -4.90 0.00  1.98 0.00 496.00 0.0% | 1200.00    0.00 HI -50.00 -50.00
2026-09-27T09:14:26.075,DEMO,DEMO,DEMO_MODE,24f8f9829bf14f26914a962224c1ad3a,F1 :    500    4 0.10 -14.44 0.54 50.00  50.0  44.0,0.00 0.00 0.00 89.38 0.54 50.00 0.10 -14.44 6 63 6 63 50.0% 44.0% 250.000 0.000 0.00 -4.90 0.00  1.98 0.00 496.00 0.0% | 1200.00    0.00 HI -50.00 -50.00
2026-09-27T09:14:26.200,DEMO,DEMO,DEMO_MODE,24f8f9829bf14f26914a962224c1ad3a,F1 :    500    4 0.10 -14.44 0.54 50.00  50.0  44.0,0.00 0.00 0.00 89.38 0.54 50.00 0.10 -14.44 6 63 6 63 50.0% 44.0% 250.000 0.000 0.00 -4.90 0.00  1.98 0.00 496.00 0.0% | 1200.00    0.00 HI -50.00 -50.00
2026-09-27T09:14:26.327,DEMO,DEMO,DEMO_MODE,24f8f9829bf14f26914a962224c1ad3a,F1 :    500    4 0.10 -14.44 0.54 50.00  50.0  44.0,0.00 0.00 0.00 89.38 0.54 50.00 0.10 -14.44 6 63 6 63 50.0% 44.0% 250.000 0.000 0.00 -4.90 0.00  1.98 0.00 496.00 0.0% | 1200.00    0.00 HI -50.00 -50.00
2026-09-27T09:14:26.454,DEMO,DEMO,DEMO_MODE,24f8f9829bf14f26914a962224c1ad3a,F1 :    500    4 0.10 -14.44 0.54 50.00  50.0  44.0,0.00 0.00 0.00 89.38 0.54 50.00 0.10 -14.44 6 63 6 63 50.0% 44.0% 250.000 0.000 0.00 -4.90 0.00  1.98 0.00 496.00 0.0% | 1200.00    0.00 HI -50.00 -50.00
2026-09-27T09:14:26.575,DEMO,DEMO,DEMO_MODE,24f8f9829bf14f26914a962224c1ad3a,F1 :    500    4 0.10 -14.44 0.54 50.00  50.0  44.0,0.00 0.00 0.00 89.38 0.54 50.00 0.10 -14.44 6 63 6 63 50.0% 44.0% 250.000 0.000 0.00 -4.90 0.00  1.98 0.00 496.00 0.0% | 1200.00    0.00 HI -50.00 -50.00
2026-09-27T09:14:26.701,DEMO,DEMO,DEMO_MODE,24f8f9829bf14f26914a962224c1ad3a,F1 :    500    4 0.10 -14.44 0.54 50.00  50.0  44.0,0.00 0.00 0.00 89.38 0.54 50.00 0.10 -14.44 6 63 6 63 50.0% 44.0% 250.000 0.000 0.00 -4.90 0.00  1.98 0.00 496.00 0.0% | 1200.00    0.00 HI -50.00 -50.00
2026-09-27T09:14:26.822,DEMO,DEMO,DEMO_MODE,24f8f9829bf14f26914a962224c1ad3a,F1 :    500    4 0.10 -14.44 0.54 50.00  50.0  44.0,0.00 0.00 0.00 89.38 0.54 50.00 0.10 -14.44 6 63 6 63 50.0% 44.0% 250.000 0.000 0.00 -4.90 0.00  1.98 0.00 496.00 0.0% | 1200.00    0.00 HI -50.00 -50.00
2026-09-27T09:14:26.949,DEMO,DEMO,DEMO_MODE,24f8f9829bf14f26914a962224c1ad3a,F1 :    500    4 0.10 -14.44 0.54 50.00  50.0  44.0,0.00 0.00 0.00 89.38 0.54 50.00 0.10 -14.44 6 63 6 63 50.0% 44.0% 250.000 0.000 0.00 -4.90 0.00  1.98 0.00 496.00 0.0% | 1200.00    0.00 HI -50.00 -50.00
2026-09-27T09:14:27.069,DEMO,DEMO,DEMO_MODE,24f8f9829bf14f26914a962224c1ad3a,F1 :    500    4 0.10 -14.44 0.54 50.00  50.0  44.0,0.00 0.00 0.00 89.38 0.54 50.00 0.10 -14.44 6 63 6 63 50.0% 44.0% 250.000 0.000 0.00 -4.90 0.00  1.98 0.00 496.00 0.0% | 1200.00    0.00 HI -50.00 -50.00
2026-09-27T09:14:27.195,DEMO,DEMO,DEMO_MODE,24f8f9829bf14f26914a962224c1ad3a,F1 :    500    4 0.10 -14.44 0.54 50.00  50.0  44.0,0.00 0.00 0.00 89.38 0.54 50.00 0.10 -14.44 6 63 6 63 50.0% 44.0% 250.000 0.000 0.00 -4.90 0.00  1.98 0.00 496.00 0.0% | 1200.00    0.00 HI -50.00 -50.00
2026-09-27T09:14:27.315,DEMO,DEMO,DEMO_MODE,24f8f9829bf14f26914a962224c1ad3a,F1 :    500    4 0.10 -14.44 0.54 50.00  50.0  44.0,0.00 0.00 0.00 89.38 0.54 50.00 0.10 -14.44 6 63 6 63 50.0% 44.0% 250.000 0.000 0.00 -4.90 0.00  1.98 0.00 496.00 0.0% | 1200.00    0.00 HI -50.00 -50.00
2026-09-27T09:14:27.442,DEMO,DEMO,DEMO_MODE,24f8f9829bf14f26914a962224c1ad3a,F1 :    500    4 0.10 -14.44 0.54 50.00  50.0  44.0,0.00 0.00 0.00 89.38 0.54 50.00 0.10 -14.44 6 63 6 63 50.0% 44.0% 250.000 0.000 0.00 -4.90 0.00  1.98 0.00 496.00 0.0% | 1200.00    0.00 HI -50.00 -50.00
2026-09-27T09:14:27.568,DEMO,DEMO,DEMO_MODE,24f8f9829bf14f26914a962224c1ad3a,F1 :    500    4 0.10 -14.44 0.54 50.00  50.0  44.0,0.00 0.00 0.00 89.38 0.54 50.00 0.10 -14.44 6 63 6 63 50.0% 44.0% 250.000 0.000 0.00 -4.90 0.00  1.98 0.00 496.00 0.0% | 1200.00    0.00 HI -50.00 -50.00
2026-09-27T09:14:27.694,DEMO,DEMO,DEMO_MODE,24f8f9829bf14f26914a962224c1ad3a,F1 :    500    4 0.10 -14.44 0.54 50.00  50.0  44.0,0.00 0.00 0.00 89.38 0.54 50.00 0.10 -14.44 6 63 6 63 50.0% 44.0% 250.000 0.000 0.00 -4.90 0.00  1.98 0.00 496.00 0.0% | 1200.00    0.00 HI -50.00 -50.00
2026-09-27T09:14:27.814,DEMO,DEMO,DEMO_MODE,24f8f9829bf14f26914a962224c1ad3a,F1 :    500    4 0.10 -14.44 0.54 50.00  50.0  44.0,0.00 0.00 0.00 89.38 0.54 50.00 0.10 -14.44 6 63 6 63 50.0% 44.0% 250.000 0.000 0.00 -4.90 0.00  1.98 0.00 496.00 0.0% | 1200.00    0.00 HI -50.00 -50.00
2026-09-27T09:14:27.939,DEMO,DEMO,DEMO_MODE,24f8f9829bf14f26914a962224c1ad3a,F1 :    500    4 0.10 -14.44 0.54 50.00  50.0  44.0,0.00 0.00 0.00 89.38 0.54 50.00 0.10 -14.44 6 63 6 63 50.0% 44.0% 250.000 0.000 0.00 -4.90 0.00  1.98 0.00 496.00 0.0% | 1200.00    0.00 HI -50.00 -50.00
2026-09-27T09:14:28.060,DEMO,DEMO,DEMO_MODE,24f8f9829bf14f26914a962224c1ad3a,F1 :    500    4 0.10 -14.44 0.54 50.00  50.0  44.0,0.00 0.00 0.00 89.38 0.54 50.00 0.10 -14.44 6 63 6 63 50.0% 44.0% 250.000 0.000 0.00 -4.90 0.00  1.98 0.00 496.00 0.0% | 1200.00    0.00 HI -50.00 -50.00
2026-09-27T09:14:28.185,DEMO,DEMO,DEMO_MODE,24f8f9829bf14f26914a962224c1ad3a,F1 :    500    4 0.10 -14.44 0.54 50.00  50.0  44.0,0.00 0.00 0.00 89.38 0.54 50.00 0.10 -14.44 6 63 6 63 50.0% 44.0% 250.000 0.000 0.00 -4.90 0.00  1.98 0.00 496.00 0.0% | 1200.00    0.00 HI -50.00 -50.00
2026-09-27T09:14:28.305,DEMO,DEMO,DEMO_MODE,24f8f9829bf14f26914a962224c1ad3a,F1 :    500    4 0.10 -14.44 0.54 50.00  50.0  44.0,0.00 0.00 0.00 89.38 0.54 50.00 0.10 -14.44 6 63 6 63 50.0% 44.0% 250.000 0.000 0.00 -4.90 0.00  1.98 0.00 496.00 0.0% | 1200.00    0.00 HI -50.00 -50.00
2026-09-27T09:14:28.430,DEMO,DEMO,DEMO_MODE,24f8f9829bf14f26914a962224c1ad3a,F1 :    500    4 0.10 -14.44 0.54 50.00  50.0  44.0,0.00 0.00 0.00 89.38 0.54 50.00 0.10 -14.44 6 63 6 63 50.0% 44.0% 250.000 0.000 0.00 -4.90 0.00  1.98 0.00 496.00 0.0% | 1200.00    0.00 HI -50.00 -50.00
2026-09-27T09:14:28.556,DEMO,DEMO,DEMO_MODE,24f8f9829bf14f26914a962224c1ad3a,F1 :    500    4 0.10 -14.44 0.54 50.00  50.0  44.0,0.00 0.00 0.00 89.38 0.54 50.00 0.10 -14.44 6 63 6 63 50.0% 44.0% 250.000 0.000 0.00 -4.90 0.00  1.98 0.00 496.00 0.0% | 1200.00    0.00 HI -50.00 -50.00
2026-09-27T09:14:28.681,DEMO,DEMO,DEMO_MODE,24f8f9829bf14f26914a962224c1ad3a,F1 :    500    4 0.10 -14.44 0.54 50.00  50.0  44.0,0.00 0.00 0.00 89.38 0.54 50.00 0.10 -14.44 6 63 6 63 50.0% 44.0% 250.000 0.000 0.00 -4.90 0.00  1.98 0.00 496.00 0.0% | 1200.00    0.00 HI -50.00 -50.00
2026-09-27T09:14:28.802,DEMO,DEMO,DEMO_MODE,24f8f9829bf14f26914a962224c1ad3a,F1 :    500    4 0.10 -14.44 0.54 50.00  50.0  44.0,0.00 0.00 0.00 89.38 0.54 50.00 0.10 -14.44 6 63 6 63 50.0% 44.0% 250.000 0.000 0.00 -4.90 0.00  1.98 0.00 496.00 0.0% | 1200.00    0.00 HI -50.00 -50.00
2026-09-27T09:14:28.929,DEMO,DEMO,DEMO_MODE,24f8f9829bf14f26914a962224c1ad3a,F1 :    500    4 0.10 -14.44 0.54 50.00  50.0  44.0,0.00 0.00 0.00 89.38 0.54 50.00 0.10 -14.44 6 63 6 63 50.0% 44.0% 250.000 0.000 0.00 -4.90 0.00  1.98 0.00 496.00 0.0% | 1200.00    0.00 HI -50.00 -50.00
2026-09-27T09:14:29.060,DEMO,DEMO,DEMO_MODE,24f8f9829bf14f26914a962224c1ad3a,F1 :    500    4 0.10 -14.44 0.54 50.00  50.0  44.0,0.00 0.00 0.00 89.38 0.54 50.00 0.10 -14.44 6 63 6 63 50.0% 44.0% 250.000 0.000 0.00 -4.90 0.00  1.98 0.00 496.00 0.0% | 1200.00    0.00 HI -50.00 -50.00
2026-09-27T09:14:29.187,DEMO,DEMO,DEMO_MODE,24f8f9829bf14f26914a962224c1ad3a,F1 :    500    4 0.10 -14.44 0.54 50.00  50.0  44.0,0.00 0.00 0.00 89.38 0.54 50.00 0.10 -14.44 6 63 6 63 50.0% 44.0% 250.000 0.000 0.00 -4.90 0.00  1.98 0.00 496.00 0.0% | 1200.00    0.00 HI -50.00 -50.00
2026-09-27T09:14:29.308,DEMO,DEMO,DEMO_MODE,24f8f9829bf14f26914a962224c1ad3a,F1 :    500    4 0.10 -14.44 0.54 50.00  50.0  44.0,0.00 0.00 0.00 89.38 0.54 50.00 0.10 -14.44 6 63 6 63 50.0% 44.0% 250.000 0.000 0.00 -4.90 0.00  1.98 0.00 496.00 0.0% | 1200.00    0.00 HI -50.00 -50.00
2026-09-27T09:14:29.433,DEMO,DEMO,DEMO_MODE,24f8f9829bf14f26914a962224c1ad3a,F1 :    500    4 0.10 -14.44 0.54 50.00  50.0  44.0,0.00 0.00 0.00 89.38 0.54 50.00 0.10 -14.44 6 63 6 63 50.0% 44.0% 250.000 0.000 0.00 -4.90 0.00  1.98 0.00 496.00 0.0% | 1200.00    0.00 HI -50.00 -50.00
2026-09-27T09:14:29.554,DEMO,DEMO,DEMO_MODE,24f8f9829bf14f26914a962224c1ad3a,F1 :    500    4 0.10 -14.44 0.54 50.00  50.0  44.0,0.00 0.00 0.00 89.38 0.54 50.00 0.10 -14.44 6 63 6 63 50.0% 44.0% 250.000 0.000 0.00 -4.90 0.00  1.98 0.00 496.00 0.0% | 1200.00    0.00 HI -50.00 -50.00
2026-09-27T09:14:29.681,DEMO,DEMO,DEMO_MODE,24f8f9829bf14f26914a962224c1ad3a,F1 :    500    4 0.10 -14.44 0.54 50.00  50.0  44.0,0.00 0.00 0.00 89.38 0.54 50.00 0.10 -14.44 6 63 6 63 50.0% 44.0% 250.000 0.000 0.00 -4.90 0.00  1.98 0.00 496.00 0.0% | 1200.00    0.00 HI -50.00 -50.00
2026-09-27T09:14:29.801,DEMO,DEMO,DEMO_MODE,24f8f9829bf14f26914a962224c1ad3a,F1 :    500    4 0.10 -14.44 0.54 50.00  50.0  44.0,0.00 0.00 0.00 89.38 0.54 50.00 0.10 -14.44 6 63 6 63 50.0% 44.0% 250.000 0.000 0.00 -4.90 0.00  1.98 0.00 496.00 0.0% | 1200.00    0.00 HI -50.00 -50.00
2026-09-27T09:14:29.928,DEMO,DEMO,DEMO_MODE,24f8f9829bf14f26914a962224c1ad3a,F1 :    500    4 0.10 -14.44 0.54 50.00  50.0  44.0,0.00 0.00 0.00 89.38 0.54 50.00 0.10 -14.44 6 63 6 63 50.0% 44.0% 250.000 0.000 0.00 -4.90 0.00  1.98 0.00 496.00 0.0% | 1200.00    0.00 HI -50.00 -50.00
2026-09-27T09:14:30.055,DEMO,DEMO,DEMO_MODE,24f8f9829bf14f26914a962224c1ad3a,F1 :    500    4 0.10 -14.44 0.54 50.00  50.0  44.0,0.00 0.00 0.00 89.38 0.54 50.00 0.10 -14.44 6 63 6 63 50.0% 44.0% 250.000 0.000 0.00 -4.90 0.00  1.98 0.00 496.00 0.0% | 1200.00    0.00 HI -50.00 -50.00
2026-09-27T09:14:30.181,DEMO,DEMO,DEMO_MODE,24f8f9829bf14f26914a962224c1ad3a,F1 :    500    4 0.10 -14.44 0.54 50.00  50.0  44.0,0.00 0.00 0.00 89.38 0.54 50.00 0.10 -14.44 6 63 6 63 50.0% 44.0% 250.000 0.000 0.00 -4.90 0.00  1.98 0.00 496.00 0.0% | 1200.00    0.00 HI -50.00 -50.00
2026-09-27T09:14:30.302,DEMO,DEMO,DEMO_MODE,24f8f9829bf14f26914a962224c1ad3a,F1 :    600    0 0.10 -14.44 0.54 50.00  60.0  48.0,0.00 0.00 0.00 89.38 0.54 50.00 0.10 -14.44 6 63 6 63 60.0% 48.0% 300.000 0.000 0.00 -4.90 0.00  2.00 0.00 600.00 0.0% | 1200.00   10.00 HI -50.00 -50.00
2026-09-27T09:14:30.428,DEMO,DEMO,DEMO_MODE,24f8f9829bf14f26914a962224c1ad3a,F1 :    600    0 0.10 -14.44 0.54 50.00  60.0  48.0,0.00 0.00 0.00 89.38 0.54 50.00 0.10 -14.44 6 63 6 63 60.0% 48.0% 300.000 0.000 0.00 -4.90 0.00  2.00 0.00 600.00 0.0% | 1200.00   10.00 HI -50.00 -50.00
2026-09-27T09:14:30.549,DEMO,DEMO,DEMO_MODE,24f8f9829bf14f26914a962224c1ad3a,F1 :    600    0 0.10 -14.44 0.54 50.00  60.0  48.0,0.00 0.00 0.00 89.38 0.54 50.00 0.10 -14.44 6 63 6 63 60.0% 48.0% 300.000 0.000 0.00 -4.90 0.00  2.00 0.00 600.00 0.0% | 1200.00   10.00 HI -50.00 -50.00
2026-09-27T09:14:30.675,DEMO,DEMO,DEMO_MODE,24f8f9829bf14f26914a962224c1ad3a,F1 :    600    0 0.10 -14.44 0.54 50.00  60.0  48.0,0.00 0.00 0.00 89.38 0.54 50.00 0.10 -14.44 6 63 6 63 60.0% 48.0% 300.000 0.000 0.00 -4.90 0.00  2.00 0.00 600.00 0.0% | 1200.00   10.00 HI -50.00 -50.00
2026-09-27T09:14:30.795,DEMO,DEMO,DEMO_MODE,24f8f9829bf14f26914a962224c1ad3a,F1 :    600    0 0.10 -14.44 0.54 50.00  60.0  48.0,0.00 0.00 0.00 89.38 0.54 50.00 0.10 -14.44 6 63 6 63 60.0% 48.0% 300.000 0.000 0.00 -4.90 0.00  2.00 0.00 600.00 0.0% | 1200.00   10.00 HI -50.00 -50.00
2026-09-27T09:14:30.921,DEMO,DEMO,DEMO_MODE,24f8f9829bf14f26914a962224c1ad3a,F1 :    600    0 0.10 -14.44 0.54 50.00  60.0  48.0,0.00 0.00 0.00 89.38 0.54 50.00 0.10 -14.44 6 63 6 63 60.0% 48.0% 300.000 0.000 0.00 -4.90 0.00  2.00 0.00 600.00 0.0% | 1200.00   10.00 HI -50.00 -50.00
2026-09-27T09:14:31.042,DEMO,DEMO,DEMO_MODE,24f8f9829bf14f26914a962224c1ad3a,F1 :    600    0 0.10 -14.44 0.54 50.00  60.0  48.0,0.00 0.00 0.00 89.38 0.54 50.00 0.10 -14.44 6 63 6 63 60.0% 48.0% 300.000 0.000 0.00 -4.90 0.00  2.00 0.00 600.00 0.0% | 1200.00   10.00 HI -50.00 -50.00
2026-09-27T09:14:31.169,DEMO,DEMO,DEMO_MODE,24f8f9829bf14f26914a962224c1ad3a,F1 :    600    0 0.10 -14.44 0.54 50.00  60.0  48.0,0.00 0.00 0.00 89.38 0.54 50.00 0.10 -14.44 6 63 6 63 60.0% 48.0% 300.000 0.000 0.00 -4.90 0.00  2.00 0.00 600.00 0.0% | 1200.00   10.00 HI -50.00 -50.00
2026-09-27T09:14:31.289,DEMO,DEMO,DEMO_MODE,24f8f9829bf14f26914a962224c1ad3a,F1 :    600    0 0.10 -14.44 0.54 50.00  60.0  48.0,0.00 0.00 0.00 89.38 0.54 50.00 0.10 -14.44 6 63 6 63 60.0% 48.0% 300.000 0.000 0.00 -4.90 0.00  2.00 0.00 600.00 0.0% | 1200.00   10.00 HI -50.00 -50.00
2026-09-27T09:14:31.416,DEMO,DEMO,DEMO_MODE,24f8f9829bf14f26914a962224c1ad3a,F1 :    600    0 0.10 -14.44 0.54 50.00  60.0  48.0,0.00 0.00 0.00 89.38 0.54 50.00 0.10 -14.44 6 63 6 63 60.0% 48.0% 300.000 0.000 0.00 -4.90 0.00  2.00 0.00 600.00 0.0% | 1200.00   10.00 HI -50.00 -50.00
2026-09-27T09:14:31.537,DEMO,DEMO,DEMO_MODE,24f8f9829bf14f26914a962224c1ad3a,F1 :    600    0 0.10 -14.44 0.54 50.00  60.0  48.0,0.00 0.00 0.00 89.38 0.54 50.00 0.10 -14.44 6 63 6 63 60.0% 48.0% 300.000 0.000 0.00 -4.90 0.00  2.00 0.00 600.00 0.0% | 1200.00   10.00 HI -50.00 -50.00
2026-09-27T09:14:31.658,DEMO,DEMO,DEMO_MODE,24f8f9829bf14f26914a962224c1ad3a,F1 :    600    0 0.10 -14.44 0.54 50.00  60.0  48.0,0.00 0.00 0.00 89.38 0.54 50.00 0.10 -14.44 6 63 6 63 60.0% 48.0% 300.000 0.000 0.00 -4.90 0.00  2.00 0.00 600.00 0.0% | 1200.00   10.00 HI -50.00 -50.00
2026-09-27T09:14:31.778,DEMO,DEMO,DEMO_MODE,24f8f9829bf14f26914a962224c1ad3a,F1 :    600    0 0.10 -14.44 0.54 50.00  60.0  48.0,0.00 0.00 0.00 89.38 0.54 50.00 0.10 -14.44 6 63 6 63 60.0% 48.0% 300.000 0.000 0.00 -4.90 0.00  2.00 0.00 600.00 0.0% | 1200.00   10.00 HI -50.00 -50.00
2026-09-27T09:14:31.899,DEMO,DEMO,DEMO_MODE,24f8f9829bf14f26914a962224c1ad3a,F1 :    600    0 0.10 -14.44 0.54 50.00  60.0  48.0,0.00 0.00 0.00 89.38 0.54 50.00 0.10 -14.44 6 63 6 63 60.0% 48.0% 300.000 0.000 0.00 -4.90 0.00  2.00 0.00 600.00 0.0% | 1200.00   10.00 HI -50.00 -50.00
2026-09-27T09:14:32.020,DEMO,DEMO,DEMO_MODE,24f8f9829bf14f26914a962224c1ad3a,F1 :    600    0 0.10 -14.44 0.54 50.00  60.0  48.0,0.00 0.00 0.00 89.38 0.54 50.00 0.10 -14.44 6 63 6 63 60.0% 48.0% 300.000 0.000 0.00 -4.90 0.00  2.00 0.00 600.00 0.0% | 1200.00   10.00 HI -50.00 -50.00
2026-09-27T09:14:32.141,DEMO,DEMO,DEMO_MODE,24f8f9829bf14f26914a962224c1ad3a,F1 :    600    0 0.10 -14.44 0.54 50.00  60.0  48.0,0.00 0.00 0.00 89.38 0.54 50.00 0.10 -14.44 6 63 6 63 60.0% 48.0% 300.000 0.000 0.00 -4.90 0.00  2.00 0.00 600.00 0.0% | 1200.00   10.00 HI -50.00 -50.00
2026-09-27T09:14:32.262,DEMO,DEMO,DEMO_MODE,24f8f9829bf14f26914a962224c1ad3a,F1 :    600    0 0.10 -14.44 0.54 50.00  60.0  48.0,0.00 0.00 0.00 89.38 0.54 50.00 0.10 -14.44 6 63 6 63 60.0% 48.0% 300.000 0.000 0.00 -4.90 0.00  2.00 0.00 600.00 0.0% | 1200.00   10.00 HI -50.00 -50.00
2026-09-27T09:14:32.383,DEMO,DEMO,DEMO_MODE,24f8f9829bf14f26914a962224c1ad3a,F1 :    600    0 0.10 -14.44 0.54 50.00  60.0  48.0,0.00 0.00 0.00 89.38 0.54 50.00 0.10 -14.44 6 63 6 63 60.0% 48.0% 300.000 0.000 0.00 -4.90 0.00  2.00 0.00 600.00 0.0% | 1200.00   10.00 HI -50.00 -50.00
2026-09-27T09:14:32.503,DEMO,DEMO,DEMO_MODE,24f8f9829bf14f26914a962224c1ad3a,F1 :    600    0 0.10 -14.44 0.54 50.00  60.0  48.0,0.00 0.00 0.00 89.38 0.54 50.00 0.10 -14.44 6 63 6 63 60.0% 48.0% 300.000 0.000 0.00 -4.90 0.00  2.00 0.00 600.00 0.0% | 1200.00   10.00 HI -50.00 -50.00
2026-09-27T09:14:32.624,DEMO,DEMO,DEMO_MODE,24f8f9829bf14f26914a962224c1ad3a,F1 :    600    0 0.10 -14.44 0.54 50.00  60.0  48.0,0.00 0.00 0.00 89.38 0.54 50.00 0.10 -14.44 6 63 6 63 60.0% 48.0% 300.000 0.000 0.00 -4.90 0.00  2.00 0.00 600.00 0.0% | 1200.00   10.00 HI -50.00 -50.00
2026-09-27T09:14:32.745,DEMO,DEMO,DEMO_MODE,24f8f9829bf14f26914a962224c1ad3a,F1 :    600    0 0.10 -14.44 0.54 50.00  60.0  48.0,0.00 0.00 0.00 89.38 0.54 50.00 0.10 -14.44 6 63 6 63 60.0% 48.0% 300.000 0.000 0.00 -4.90 0.00  2.00 0.00 600.00 0.0% | 1200.00   10.00 HI -50.00 -50.00
2026-09-27T09:14:32.866,DEMO,DEMO,DEMO_MODE,24f8f9829bf14f26914a962224c1ad3a,F1 :    600    0 0.10 -14.44 0.54 50.00  60.0  48.0,0.00 0.00 0.00 89.38 0.54 50.00 0.10 -14.44 6 63 6 63 60.0% 48.0% 300.000 0.000 0.00 -4.90 0.00  2.00 0.00 600.00 0.0% | 1200.00   10.00 HI -50.00 -50.00
2026-09-27T09:14:32.986,DEMO,DEMO,DEMO_MODE,24f8f9829bf14f26914a962224c1ad3a,F1 :    600    0 0.10 -14.44 0.54 50.00  60.0  48.0,0.00 0.00 0.00 89.38 0.54 50.00 0.10 -14.44 6 63 6 63 60.0% 48.0% 300.000 0.000 0.00 -4.90 0.00  2.00 0.00 600.00 0.0% | 1200.00   10.00 HI -50.00 -50.00
2026-09-27T09:14:33.107,DEMO,DEMO,DEMO_MODE,24f8f9829bf14f26914a962224c1ad3a,F1 :    600    0 0.10 -14.44 0.54 50.00  60.0  48.0,0.00 0.00 0.00 89.38 0.54 50.00 0.10 -14.44 6 63 6 63 60.0% 48.0% 300.000 0.000 0.00 -4.90 0.00  2.00 0.00 600.00 0.0% | 1200.00   10.00 HI -50.00 -50.00
2026-09-27T09:14:33.233,DEMO,DEMO,DEMO_MODE,24f8f9829bf14f26914a962224c1ad3a,F1 :    600    0 0.10 -14.44 0.54 50.00  60.0  48.0,0.00 0.00 0.00 89.38 0.54 50.00 0.10 -14.44 6 63 6 63 60.0% 48.0% 300.000 0.000 0.00 -4.90 0.00  2.00 0.00 600.00 0.0% | 1200.00   10.00 HI -50.00 -50.00
2026-09-27T09:14:33.354,DEMO,DEMO,DEMO_MODE,24f8f9829bf14f26914a962224c1ad3a,F1 :    600    0 0.10 -14.44 0.54 50.00  60.0  48.0,0.00 0.00 0.00 89.38 0.54 50.00 0.10 -14.44 6 63 6 63 60.0% 48.0% 300.000 0.000 0.00 -4.90 0.00  2.00 0.00 600.00 0.0% | 1200.00   10.00 HI -50.00 -50.00
2026-09-27T09:14:33.479,DEMO,DEMO,DEMO_MODE,24f8f9829bf14f26914a962224c1ad3a,F1 :    600    0 0.10 -14.44 0.54 50.00  60.0  48.0,0.00 0.00 0.00 89.38 0.54 50.00 0.10 -14.44 6 63 6 63 60.0% 48.0% 300.000 0.000 0.00 -4.90 0.00  2.00 0.00 600.00 0.0% | 1200.00   10.00 HI -50.00 -50.00
2026-09-27T09:14:33.600,DEMO,DEMO,DEMO_MODE,24f8f9829bf14f26914a962224c1ad3a,F1 :    600    0 0.10 -14.44 0.54 50.00  60.0  48.0,0.00 0.00 0.00 89.38 0.54 50.00 0.10 -14.44 6 63 6 63 60.0% 48.0% 300.000 0.000 0.00 -4.90 0.00  2.00 0.00 600.00 0.0% | 1200.00   10.00 HI -50.00 -50.00
2026-09-27T09:14:33.726,DEMO,DEMO,DEMO_MODE,24f8f9829bf14f26914a962224c1ad3a,F1 :    600    0 0.10 -14.44 0.54 50.00  60.0  48.0,0.00 0.00 0.00 89.38 0.54 50.00 0.10 -14.44 6 63 6 63 60.0% 48.0% 300.000 0.000 0.00 -4.90 0.00  2.00 0.00 600.00 0.0% | 1200.00   10.00 HI -50.00 -50.00
2026-09-27T09:14:33.846,DEMO,DEMO,DEMO_MODE,24f8f9829bf14f26914a962224c1ad3a,F1 :    600    0 0.10 -14.44 0.54 50.00  60.0  48.0,0.00 0.00 0.00 89.38 0.54 50.00 0.10 -14.44 6 63 6 63 60.0% 48.0% 300.000 0.000 0.00 -4.90 0.00  2.00 0.00 600.00 0.0% | 1200.00   10.00 HI -50.00 -50.00
2026-09-27T09:14:33.972,DEMO,DEMO,DEMO_MODE,24f8f9829bf14f26914a962224c1ad3a,F1 :    600    0 0.10 -14.44 0.54 50.00  60.0  48.0,0.00 0.00 0.00 89.38 0.54 50.00 0.10 -14.44 6 63 6 63 60.0% 48.0% 300.000 0.000 0.00 -4.90 0.00  2.00 0.00 600.00 0.0% | 1200.00   10.00 HI -50.00 -50.00
2026-09-27T09:14:34.093,DEMO,DEMO,DEMO_MODE,24f8f9829bf14f26914a962224c1ad3a,F1 :    600    0 0.10 -14.44 0.54 50.00  60.0  48.0,0.00 0.00 0.00 89.38 0.54 50.00 0.10 -14.44 6 63 6 63 60.0% 48.0% 300.000 0.000 0.00 -4.90 0.00  2.00 0.00 600.00 0.0% | 1200.00   10.00 HI -50.00 -50.00
2026-09-27T09:14:34.219,DEMO,DEMO,DEMO_MODE,24f8f9829bf14f26914a962224c1ad3a,F1 :    600    0 0.10 -14.44 0.54 50.00  60.0  48.0,0.00 0.00 0.00 89.38 0.54 50.00 0.10 -14.44 6 63 6 63 60.0% 48.0% 300.000 0.000 0.00 -4.90 0.00  2.00 0.00 600.00 0.0% | 1200.00   10.00 HI -50.00 -50.00
2026-09-27T09:14:34.340,DEMO,DEMO,DEMO_MODE,24f8f9829bf14f26914a962224c1ad3a,F1 :    600    0 0.10 -14.44 0.54 50.00  60.0  48.0,0.00 0.00 0.00 89.38 0.54 50.00 0.10 -14.44 6 63 6 63 60.0% 48.0% 300.000 0.000 0.00 -4.90 0.00  2.00 0.00 600.00 0.0% | 1200.00   10.00 HI -50.00 -50.00
2026-09-27T09:14:34.467,DEMO,DEMO,DEMO_MODE,24f8f9829bf14f26914a962224c1ad3a,F1 :    600    0 0.10 -14.44 0.54 50.00  60.0  48.0,0.00 0.00 0.00 89.38 0.54 50.00 0.10 -14.44 6 63 6 63 60.0% 48.0% 300.000 0.000 0.00 -4.90 0.00  2.00 0.00 600.00 0.0% | 1200.00   10.00 HI -50.00 -50.00
2026-09-27T09:14:34.587,DEMO,DEMO,DEMO_MODE,24f8f9829bf14f26914a962224c1ad3a,F1 :    600    0 0.10 -14.44 0.54 50.00  60.0  48.0,0.00 0.00 0.00 89.38 0.54 50.00 0.10 -14.44 6 63 6 63 60.0% 48.0% 300.000 0.000 0.00 -4.90 0.00  2.00 0.00 600.00 0.0% | 1200.00   10.00 HI -50.00 -50.00
2026-09-27T09:14:34.714,DEMO,DEMO,DEMO_MODE,24f8f9829bf14f26914a962224c1ad3a,F1 :    600    0 0.10 -14.44 0.54 50.00  60.0  48.0,0.00 0.00 0.00 89.38 0.54 50.00 0.10 -14.44 6 63 6 63 60.0% 48.0% 300.000 0.000 0.00 -4.90 0.00  2.00 0.00 600.00 0.0% | 1200.00   10.00 HI -50.00 -50.00
2026-09-27T09:14:34.839,DEMO,DEMO,DEMO_MODE,24f8f9829bf14f26914a962224c1ad3a,F1 :    600    0 0.10 -14.44 0.54 50.00  60.0  48.0,0.00 0.00 0.00 89.38 0.54 50.00 0.10 -14.44 6 63 6 63 60.0% 48.0% 300.000 0.000 0.00 -4.90 0.00  2.00 0.00 600.00 0.0% | 1200.00   10.00 HI -50.00 -50.00
2026-09-27T09:14:34.966,DEMO,DEMO,DEMO_MODE,24f8f9829bf14f26914a962224c1ad3a,F1 :    600    0 0.10 -14.44 0.54 50.00  60.0  48.0,0.00 0.00 0.00 89.38 0.54 50.00 0.10 -14.44 6 63 6 63 60.0% 48.0% 300.000 0.000 0.00 -4.90 0.00  2.00 0.00 600.00 0.0% | 1200.00   10.00 HI -50.00 -50.00
2026-09-27T09:14:35.087,DEMO,DEMO,DEMO_MODE,24f8f9829bf14f26914a962224c1ad3a,F1 :    600    0 0.10 -14.44 0.54 50.00  60.0  48.0,0.00 0.00 0.00 89.38 0.54 50.00 0.10 -14.44 6 63 6 63 60.0% 48.0% 300.000 0.000 0.00 -4.90 0.00  2.00 0.00 600.00 0.0% | 1200.00   10.00 HI -50.00 -50.00
2026-09-27T09:14:35.214,DEMO,DEMO,DEMO_MODE,24f8f9829bf14f26914a962224c1ad3a,F1 :    600    0 0.10 -14.44 0.54 50.00  60.0  48.0,0.00 0.00 0.00 89.38 0.54 50.00 0.10 -14.44 6 63 6 63 60.0% 48.0% 300.000 0.000 0.00 -4.90 0.00  2.00 0.00 600.00 0.0% | 1200.00   10.00 HI -50.00 -50.00
2026-09-27T09:14:35.334,DEMO,DEMO,DEMO_MODE,24f8f9829bf14f26914a962224c1ad3a,F1 :    600    0 0.10 -14.44 0.54 50.00  60.0  48.0,0.00 0.00 0.00 89.38 0.54 50.00 0.10 -14.44 6 63 6 63 60.0% 48.0% 300.000 0.000 0.00 -4.90 0.00  2.00 0.00 600.00 0.0% | 1200.00   10.00 HI -50.00 -50.00
2026-09-27T09:14:35.461,DEMO,DEMO,DEMO_MODE,24f8f9829bf14f26914a962224c1ad3a,F1 :    600    0 0.10 -14.44 0.54 50.00  60.0  52.0,0.00 0.00 0.00 89.38 0.54 50.00 0.10 -14.44 6 63 6 63 60.0% 52.0% 300.000 0.000 0.00 -4.90 0.00  2.00 0.00 600.00 0.0% | 1200.00   10.00 HI -50.00 -50.00
2026-09-27T09:14:35.582,DEMO,DEMO,DEMO_MODE,24f8f9829bf14f26914a962224c1ad3a,F1 :    600    0 0.10 -14.44 0.54 50.00  60.0  52.0,0.00 0.00 0.00 89.38 0.54 50.00 0.10 -14.44 6 63 6 63 60.0% 52.0% 300.000 0.000 0.00 -4.90 0.00  2.00 0.00 600.00 0.0% | 1200.00   10.00 HI -50.00 -50.00
2026-09-27T09:14:35.708,DEMO,DEMO,DEMO_MODE,24f8f9829bf14f26914a962224c1ad3a,F1 :    600    0 0.10 -14.44 0.54 50.00  60.0  52.0,0.00 0.00 0.00 89.38 0.54 50.00 0.10 -14.44 6 63 6 63 60.0% 52.0% 300.000 0.000 0.00 -4.90 0.00  2.00 0.00 600.00 0.0% | 1200.00   10.00 HI -50.00 -50.00
2026-09-27T09:14:35.829,DEMO,DEMO,DEMO_MODE,24f8f9829bf14f26914a962224c1ad3a,F1 :    600    0 0.10 -14.44 0.54 50.00  60.0  52.0,0.00 0.00 0.00 89.38 0.54 50.00 0.10 -14.44 6 63 6 63 60.0% 52.0% 300.000 0.000 0.00 -4.90 0.00  2.00 0.00 600.00 0.0% | 1200.00   10.00 HI -50.00 -50.00
2026-09-27T09:14:35.956,DEMO,DEMO,DEMO_MODE,24f8f9829bf14f26914a962224c1ad3a,F1 :    600    0 0.10 -14.44 0.54 50.00  60.0  52.0,0.00 0.00 0.00 89.38 0.54 50.00 0.10 -14.44 6 63 6 63 60.0% 52.0% 300.000 0.000 0.00 -4.90 0.00  2.00 0.00 600.00 0.0% | 1200.00   10.00 HI -50.00 -50.00
2026-09-27T09:14:36.076,DEMO,DEMO,DEMO_MODE,24f8f9829bf14f26914a962224c1ad3a,F1 :    600    0 0.10 -14.44 0.54 50.00  60.0  52.0,0.00 0.00 0.00 89.38 0.54 50.00 0.10 -14.44 6 63 6 63 60.0% 52.0% 300.000 0.000 0.00 -4.90 0.00  2.00 0.00 600.00 0.0% | 1200.00   10.00 HI -50.00 -50.00
2026-09-27T09:14:36.202,DEMO,DEMO,DEMO_MODE,24f8f9829bf14f26914a962224c1ad3a,F1 :    600    0 0.10 -14.44 0.54 50.00  60.0  52.0,0.00 0.00 0.00 89.38 0.54 50.00 0.10 -14.44 6 63 6 63 60.0% 52.0% 300.000 0.000 0.00 -4.90 0.00  2.00 0.00 600.00 0.0% | 1200.00   10.00 HI -50.00 -50.00
2026-09-27T09:14:36.324,DEMO,DEMO,DEMO_MODE,24f8f9829bf14f26914a962224c1ad3a,F1 :    600    0 0.10 -14.44 0.54 50.00  60.0  52.0,0.00 0.00 0.00 89.38 0.54 50.00 0.10 -14.44 6 63 6 63 60.0% 52.0% 300.000 0.000 0.00 -4.90 0.00  2.00 0.00 600.00 0.0% | 1200.00   10.00 HI -50.00 -50.00
2026-09-27T09:14:36.450,DEMO,DEMO,DEMO_MODE,24f8f9829bf14f26914a962224c1ad3a,F1 :    600    0 0.10 -14.44 0.54 50.00  60.0  52.0,0.00 0.00 0.00 89.38 0.54 50.00 0.10 -14.44 6 63 6 63 60.0% 52.0% 300.000 0.000 0.00 -4.90 0.00  2.00 0.00 600.00 0.0% | 1200.00   10.00 HI -50.00 -50.00
2026-09-27T09:14:36.571,DEMO,DEMO,DEMO_MODE,24f8f9829bf14f26914a962224c1ad3a,F1 :    600    0 0.10 -14.44 0.54 50.00  60.0  52.0,0.00 0.00 0.00 89.38 0.54 50.00 0.10 -14.44 6 63 6 63 60.0% 52.0% 300.000 0.000 0.00 -4.90 0.00  2.00 0.00 600.00 0.0% | 1200.00   10.00 HI -50.00 -50.00
2026-09-27T09:14:36.697,DEMO,DEMO,DEMO_MODE,24f8f9829bf14f26914a962224c1ad3a,F1 :    600    0 0.10 -14.44 0.54 50.00  60.0  52.0,0.00 0.00 0.00 89.38 0.54 50.00 0.10 -14.44 6 63 6 63 60.0% 52.0% 300.000 0.000 0.00 -4.90 0.00  2.00 0.00 600.00 0.0% | 1200.00   10.00 HI -50.00 -50.00
2026-09-27T09:14:36.817,DEMO,DEMO,DEMO_MODE,24f8f9829bf14f26914a962224c1ad3a,F1 :    600    0 0.10 -14.44 0.54 50.00  60.0  52.0,0.00 0.00 0.00 89.38 0.54 50.00 0.10 -14.44 6 63 6 63 60.0% 52.0% 300.000 0.000 0.00 -4.90 0.00  2.00 0.00 600.00 0.0% | 1200.00   10.00 HI -50.00 -50.00
2026-09-27T09:14:36.944,DEMO,DEMO,DEMO_MODE,24f8f9829bf14f26914a962224c1ad3a,F1 :    600    0 0.10 -14.44 0.54 50.00  60.0  52.0,0.00 0.00 0.00 89.38 0.54 50.00 0.10 -14.44 6 63 6 63 60.0% 52.0% 300.000 0.000 0.00 -4.90 0.00  2.00 0.00 600.00 0.0% | 1200.00   10.00 HI -50.00 -50.00
2026-09-27T09:14:37.065,DEMO,DEMO,DEMO_MODE,24f8f9829bf14f26914a962224c1ad3a,F1 :    600    0 0.10 -14.44 0.54 50.00  60.0  52.0,0.00 0.00 0.00 89.38 0.54 50.00 0.10 -14.44 6 63 6 63 60.0% 52.0% 300.000 0.000 0.00 -4.90 0.00  2.00 0.00 600.00 0.0% | 1200.00   10.00 HI -50.00 -50.00
2026-09-27T09:14:37.190,DEMO,DEMO,DEMO_MODE,24f8f9829bf14f26914a962224c1ad3a,F1 :    600    0 0.10 -14.44 0.54 50.00  60.0  52.0,0.00 0.00 0.00 89.38 0.54 50.00 0.10 -14.44 6 63 6 63 60.0% 52.0% 300.000 0.000 0.00 -4.90 0.00  2.00 0.00 600.00 0.0% | 1200.00   10.00 HI -50.00 -50.00
2026-09-27T09:14:37.317,DEMO,DEMO,DEMO_MODE,24f8f9829bf14f26914a962224c1ad3a,F1 :    600    0 0.10 -14.44 0.54 50.00  60.0  52.0,0.00 0.00 0.00 89.38 0.54 50.00 0.10 -14.44 6 63 6 63 60.0% 52.0% 300.000 0.000 0.00 -4.90 0.00  2.00 0.00 600.00 0.0% | 1200.00   10.00 HI -50.00 -50.00
2026-09-27T09:14:37.442,DEMO,DEMO,DEMO_MODE,24f8f9829bf14f26914a962224c1ad3a,F1 :    600    0 0.10 -14.44 0.54 50.00  60.0  52.0,0.00 0.00 0.00 89.38 0.54 50.00 0.10 -14.44 6 63 6 63 60.0% 52.0% 300.000 0.000 0.00 -4.90 0.00  2.00 0.00 600.00 0.0% | 1200.00   10.00 HI -50.00 -50.00
2026-09-27T09:14:37.563,DEMO,DEMO,DEMO_MODE,24f8f9829bf14f26914a962224c1ad3a,F1 :    600    0 0.10 -14.44 0.54 50.00  60.0  52.0,0.00 0.00 0.00 89.38 0.54 50.00 0.10 -14.44 6 63 6 63 60.0% 52.0% 300.000 0.000 0.00 -4.90 0.00  2.00 0.00 600.00 0.0% | 1200.00   10.00 HI -50.00 -50.00
2026-09-27T09:14:37.689,DEMO,DEMO,DEMO_MODE,24f8f9829bf14f26914a962224c1ad3a,F1 :    600    0 0.10 -14.44 0.54 50.00  60.0  52.0,0.00 0.00 0.00 89.38 0.54 50.00 0.10 -14.44 6 63 6 63 60.0% 52.0% 300.000 0.000 0.00 -4.90 0.00  2.00 0.00 600.00 0.0% | 1200.00   10.00 HI -50.00 -50.00
2026-09-27T09:14:37.809,DEMO,DEMO,DEMO_MODE,24f8f9829bf14f26914a962224c1ad3a,F1 :    600    0 0.10 -14.44 0.54 50.00  60.0  52.0,0.00 0.00 0.00 89.38 0.54 50.00 0.10 -14.44 6 63 6 63 60.0% 52.0% 300.000 0.000 0.00 -4.90 0.00  2.00 0.00 600.00 0.0% | 1200.00   10.00 HI -50.00 -50.00
2026-09-27T09:14:37.936,DEMO,DEMO,DEMO_MODE,24f8f9829bf14f26914a962224c1ad3a,F1 :    600    0 0.10 -14.44 0.54 50.00  60.0  52.0,0.00 0.00 0.00 89.38 0.54 50.00 0.10 -14.44 6 63 6 63 60.0% 52.0% 300.000 0.000 0.00 -4.90 0.00  2.00 0.00 600.00 0.0% | 1200.00   10.00 HI -50.00 -50.00
2026-09-27T09:14:38.057,DEMO,DEMO,DEMO_MODE,24f8f9829bf14f26914a962224c1ad3a,F1 :    600    0 0.10 -14.44 0.54 50.00  60.0  52.0,0.00 0.00 0.00 89.38 0.54 50.00 0.10 -14.44 6 63 6 63 60.0% 52.0% 300.000 0.000 0.00 -4.90 0.00  2.00 0.00 600.00 0.0% | 1200.00   10.00 HI -50.00 -50.00
2026-09-27T09:14:38.183,DEMO,DEMO,DEMO_MODE,24f8f9829bf14f26914a962224c1ad3a,F1 :    600    0 0.10 -14.44 0.54 50.00  60.0  52.0,0.00 0.00 0.00 89.38 0.54 50.00 0.10 -14.44 6 63 6 63 60.0% 52.0% 300.000 0.000 0.00 -4.90 0.00  2.00 0.00 600.00 0.0% | 1200.00   10.00 HI -50.00 -50.00
2026-09-27T09:14:38.304,DEMO,DEMO,DEMO_MODE,24f8f9829bf14f26914a962224c1ad3a,F1 :    600    0 0.10 -14.44 0.54 50.00  60.0  52.0,0.00 0.00 0.00 89.38 0.54 50.00 0.10 -14.44 6 63 6 63 60.0% 52.0% 300.000 0.000 0.00 -4.90 0.00  2.00 0.00 600.00 0.0% | 1200.00   10.00 HI -50.00 -50.00
2026-09-27T09:14:38.431,DEMO,DEMO,DEMO_MODE,24f8f9829bf14f26914a962224c1ad3a,F1 :    600    0 0.10 -14.44 0.54 50.00  60.0  52.0,0.00 0.00 0.00 89.38 0.54 50.00 0.10 -14.44 6 63 6 63 60.0% 52.0% 300.000 0.000 0.00 -4.90 0.00  2.00 0.00 600.00 0.0% | 1200.00   10.00 HI -50.00 -50.00
2026-09-27T09:14:38.552,DEMO,DEMO,DEMO_MODE,24f8f9829bf14f26914a962224c1ad3a,F1 :    600    0 0.10 -14.44 0.54 50.00  60.0  52.0,0.00 0.00 0.00 89.38 0.54 50.00 0.10 -14.44 6 63 6 63 60.0% 52.0% 300.000 0.000 0.00 -4.90 0.00  2.00 0.00 600.00 0.0% | 1200.00   10.00 HI -50.00 -50.00
2026-09-27T09:14:38.678,DEMO,DEMO,DEMO_MODE,24f8f9829bf14f26914a962224c1ad3a,F1 :    600    0 0.10 -14.44 0.54 50.00  60.0  52.0,0.00 0.00 0.00 89.38 0.54 50.00 0.10 -14.44 6 63 6 63 60.0% 52.0% 300.000 0.000 0.00 -4.90 0.00  2.00 0.00 600.00 0.0% | 1200.00   10.00 HI -50.00 -50.00
2026-09-27T09:14:38.799,DEMO,DEMO,DEMO_MODE,24f8f9829bf14f26914a962224c1ad3a,F1 :    600    0 0.10 -14.44 0.54 50.00  60.0  52.0,0.00 0.00 0.00 89.38 0.54 50.00 0.10 -14.44 6 63 6 63 60.0% 52.0% 300.000 0.000 0.00 -4.90 0.00  2.00 0.00 600.00 0.0% | 1200.00   10.00 HI -50.00 -50.00
2026-09-27T09:14:38.924,DEMO,DEMO,DEMO_MODE,24f8f9829bf14f26914a962224c1ad3a,F1 :    600    0 0.10 -14.44 0.54 50.00  60.0  52.0,0.00 0.00 0.00 89.38 0.54 50.00 0.10 -14.44 6 63 6 63 60.0% 52.0% 300.000 0.000 0.00 -4.90 0.00  2.00 0.00 600.00 0.0% | 1200.00   10.00 HI -50.00 -50.00
2026-09-27T09:14:39.045,DEMO,DEMO,DEMO_MODE,24f8f9829bf14f26914a962224c1ad3a,F1 :    600    0 0.10 -14.44 0.54 50.00  60.0  52.0,0.00 0.00 0.00 89.38 0.54 50.00 0.10 -14.44 6 63 6 63 60.0% 52.0% 300.000 0.000 0.00 -4.90 0.00  2.00 0.00 600.00 0.0% | 1200.00   10.00 HI -50.00 -50.00
2026-09-27T09:14:39.170,DEMO,DEMO,DEMO_MODE,24f8f9829bf14f26914a962224c1ad3a,F1 :    600    0 0.10 -14.44 0.54 50.00  60.0  52.0,0.00 0.00 0.00 89.38 0.54 50.00 0.10 -14.44 6 63 6 63 60.0% 52.0% 300.000 0.000 0.00 -4.90 0.00  2.00 0.00 600.00 0.0% | 1200.00   10.00 HI -50.00 -50.00
2026-09-27T09:14:39.291,DEMO,DEMO,DEMO_MODE,24f8f9829bf14f26914a962224c1ad3a,F1 :    600    0 0.10 -14.44 0.54 50.00  60.0  52.0,0.00 0.00 0.00 89.38 0.54 50.00 0.10 -14.44 6 63 6 63 60.0% 52.0% 300.000 0.000 0.00 -4.90 0.00  2.00 0.00 600.00 0.0% | 1200.00   10.00 HI -50.00 -50.00
2026-09-27T09:14:39.417,DEMO,DEMO,DEMO_MODE,24f8f9829bf14f26914a962224c1ad3a,F1 :    600    0 0.10 -14.44 0.54 50.00  60.0  52.0,0.00 0.00 0.00 89.38 0.54 50.00 0.10 -14.44 6 63 6 63 60.0% 52.0% 300.000 0.000 0.00 -4.90 0.00  2.00 0.00 600.00 0.0% | 1200.00   10.00 HI -50.00 -50.00
2026-09-27T09:14:39.538,DEMO,DEMO,DEMO_MODE,24f8f9829bf14f26914a962224c1ad3a,F1 :    600    1 0.10 -14.44 0.54 50.00  60.0  52.0,0.00 0.00 0.00 89.38 0.54 50.00 0.10 -14.44 6 63 6 63 60.0% 52.0% 300.000 0.000 0.00 -4.90 0.00  2.00 0.00 599.00 0.0% | 1200.00   10.00 HI -50.00 -50.00
2026-09-27T09:14:39.659,DEMO,DEMO,DEMO_MODE,24f8f9829bf14f26914a962224c1ad3a,F1 :    600    1 0.10 -14.44 0.54 50.00  60.0  52.0,0.00 0.00 0.00 89.38 0.54 50.00 0.10 -14.44 6 63 6 63 60.0% 52.0% 300.000 0.000 0.00 -4.90 0.00  2.00 0.00 599.00 0.0% | 1200.00   10.00 HI -50.00 -50.00
2026-09-27T09:14:39.779,DEMO,DEMO,DEMO_MODE,24f8f9829bf14f26914a962224c1ad3a,F1 :    600    1 0.10 -14.44 0.54 50.00  60.0  52.0,0.00 0.00 0.00 89.38 0.54 50.00 0.10 -14.44 6 63 6 63 60.0% 52.0% 300.000 0.000 0.00 -4.90 0.00  2.00 0.00 599.00 0.0% | 1200.00   10.00 HI -50.00 -50.00
2026-09-27T09:14:39.900,DEMO,DEMO,DEMO_MODE,24f8f9829bf14f26914a962224c1ad3a,F1 :    600    1 0.10 -14.44 0.54 50.00  60.0  52.0,0.00 0.00 0.00 89.38 0.54 50.00 0.10 -14.44 6 63 6 63 60.0% 52.0% 300.000 0.000 0.00 -4.90 0.00  2.00 0.00 599.00 0.0% | 1200.00   10.00 HI -50.00 -50.00
2026-09-27T09:14:40.020,DEMO,DEMO,DEMO_MODE,24f8f9829bf14f26914a962224c1ad3a,F1 :    600    1 0.10 -14.44 0.54 50.00  60.0  52.0,0.00 0.00 0.00 89.38 0.54 50.00 0.10 -14.44 6 63 6 63 60.0% 52.0% 300.000 0.000 0.00 -4.90 0.00  2.00 0.00 599.00 0.0% | 1200.00   10.00 HI -50.00 -50.00
2026-09-27T09:14:40.141,DEMO,DEMO,DEMO_MODE,24f8f9829bf14f26914a962224c1ad3a,F1 :    600    1 0.10 -14.44 0.54 50.00  60.0  52.0,0.00 0.00 0.00 89.38 0.54 50.00 0.10 -14.44 6 63 6 63 60.0% 52.0% 300.000 0.000 0.00 -4.90 0.00  2.00 0.00 599.00 0.0% | 1200.00   10.00 HI -50.00 -50.00
2026-09-27T09:14:40.261,DEMO,DEMO,DEMO_MODE,24f8f9829bf14f26914a962224c1ad3a,F1 :    600    1 0.10 -14.44 0.54 50.00  60.0  52.0,0.00 0.00 0.00 89.38 0.54 50.00 0.10 -14.44 6 63 6 63 60.0% 52.0% 300.000 0.000 0.00 -4.90 0.00  2.00 0.00 599.00 0.0% | 1200.00   10.00 HI -50.00 -50.00
2026-09-27T09:14:40.382,DEMO,DEMO,DEMO_MODE,24f8f9829bf14f26914a962224c1ad3a,F1 :    600    1 0.10 -14.44 0.54 50.00  60.0  52.0,0.00 0.00 0.00 89.38 0.54 50.00 0.10 -14.44 6 63 6 63 60.0% 52.0% 300.000 0.000 0.00 -4.90 0.00  2.00 0.00 599.00 0.0% | 1200.00   10.00 HI -50.00 -50.00
2026-09-27T09:14:40.503,DEMO,DEMO,DEMO_MODE,24f8f9829bf14f26914a962224c1ad3a,F1 :    600    1 0.10 -14.44 0.54 50.00  60.0  52.0,0.00 0.00 0.00 89.38 0.54 50.00 0.10 -14.44 6 63 6 63 60.0% 52.0% 300.000 0.000 0.00 -4.90 0.00  2.00 0.00 599.00 0.0% | 1200.00   10.00 HI -50.00 -50.00
2026-09-27T09:14:40.624,DEMO,DEMO,DEMO_MODE,24f8f9829bf14f26914a962224c1ad3a,F1 :    700    1 0.10 -14.44 0.54 50.00  70.0  56.0,0.00 0.00 0.00 89.38 0.54 50.00 0.10 -14.44 6 63 6 63 70.0% 56.0% 350.000 0.000 0.00 -4.90 0.00  2.00 0.00 699.00 0.0% | 1200.00   20.00 HI -50.00 -50.00
2026-09-27T09:14:40.744,DEMO,DEMO,DEMO_MODE,24f8f9829bf14f26914a962224c1ad3a,F1 :    700    1 0.10 -14.44 0.54 50.00  70.0  56.0,0.00 0.00 0.00 89.38 0.54 50.00 0.10 -14.44 6 63 6 63 70.0% 56.0% 350.000 0.000 0.00 -4.90 0.00  2.00 0.00 699.00 0.0% | 1200.00   20.00 HI -50.00 -50.00
2026-09-27T09:14:40.865,DEMO,DEMO,DEMO_MODE,24f8f9829bf14f26914a962224c1ad3a,F1 :    700    1 0.10 -14.44 0.54 50.00  70.0  56.0,0.00 0.00 0.00 89.38 0.54 50.00 0.10 -14.44 6 63 6 63 70.0% 56.0% 350.000 0.000 0.00 -4.90 0.00  2.00 0.00 699.00 0.0% | 1200.00   20.00 HI -50.00 -50.00
2026-09-27T09:14:40.985,DEMO,DEMO,DEMO_MODE,24f8f9829bf14f26914a962224c1ad3a,F1 :    700    1 0.10 -14.44 0.54 50.00  70.0  56.0,0.00 0.00 0.00 89.38 0.54 50.00 0.10 -14.44 6 63 6 63 70.0% 56.0% 350.000 0.000 0.00 -4.90 0.00  2.00 0.00 699.00 0.0% | 1200.00   20.00 HI -50.00 -50.00
2026-09-27T09:14:41.105,DEMO,DEMO,DEMO_MODE,24f8f9829bf14f26914a962224c1ad3a,F1 :    700    1 0.10 -14.44 0.54 50.00  70.0  56.0,0.00 0.00 0.00 89.38 0.54 50.00 0.10 -14.44 6 63 6 63 70.0% 56.0% 350.000 0.000 0.00 -4.90 0.00  2.00 0.00 699.00 0.0% | 1200.00   20.00 HI -50.00 -50.00
2026-09-27T09:14:41.231,DEMO,DEMO,DEMO_MODE,24f8f9829bf14f26914a962224c1ad3a,F1 :    700    1 0.10 -14.44 0.54 50.00  70.0  56.0,0.00 0.00 0.00 89.38 0.54 50.00 0.10 -14.44 6 63 6 63 70.0% 56.0% 350.000 0.000 0.00 -4.90 0.00  2.00 0.00 699.00 0.0% | 1200.00   20.00 HI -50.00 -50.00
2026-09-27T09:14:41.352,DEMO,DEMO,DEMO_MODE,24f8f9829bf14f26914a962224c1ad3a,F1 :    700    1 0.10 -14.44 0.54 50.00  70.0  56.0,0.00 0.00 0.00 89.38 0.54 50.00 0.10 -14.44 6 63 6 63 70.0% 56.0% 350.000 0.000 0.00 -4.90 0.00  2.00 0.00 699.00 0.0% | 1200.00   20.00 HI -50.00 -50.00
2026-09-27T09:14:41.478,DEMO,DEMO,DEMO_MODE,24f8f9829bf14f26914a962224c1ad3a,F1 :    700    1 0.10 -14.44 0.54 50.00  70.0  56.0,0.00 0.00 0.00 89.38 0.54 50.00 0.10 -14.44 6 63 6 63 70.0% 56.0% 350.000 0.000 0.00 -4.90 0.00  2.00 0.00 699.00 0.0% | 1200.00   20.00 HI -50.00 -50.00
2026-09-27T09:14:41.599,DEMO,DEMO,DEMO_MODE,24f8f9829bf14f26914a962224c1ad3a,F1 :    700    1 0.10 -14.44 0.54 50.00  70.0  56.0,0.00 0.00 0.00 89.38 0.54 50.00 0.10 -14.44 6 63 6 63 70.0% 56.0% 350.000 0.000 0.00 -4.90 0.00  2.00 0.00 699.00 0.0% | 1200.00   20.00 HI -50.00 -50.00
2026-09-27T09:14:41.725,DEMO,DEMO,DEMO_MODE,24f8f9829bf14f26914a962224c1ad3a,F1 :    700    1 0.10 -14.44 0.54 50.00  70.0  56.0,0.00 0.00 0.00 89.38 0.54 50.00 0.10 -14.44 6 63 6 63 70.0% 56.0% 350.000 0.000 0.00 -4.90 0.00  2.00 0.00 699.00 0.0% | 1200.00   20.00 HI -50.00 -50.00
2026-09-27T09:14:41.846,DEMO,DEMO,DEMO_MODE,24f8f9829bf14f26914a962224c1ad3a,F1 :    700    1 0.10 -14.44 0.54 50.00  70.0  56.0,0.00 0.00 0.00 89.38 0.54 50.00 0.10 -14.44 6 63 6 63 70.0% 56.0% 350.000 0.000 0.00 -4.90 0.00  2.00 0.00 699.00 0.0% | 1200.00   20.00 HI -50.00 -50.00
2026-09-27T09:14:41.973,DEMO,DEMO,DEMO_MODE,24f8f9829bf14f26914a962224c1ad3a,F1 :    700    1 0.10 -14.44 0.54 50.00  70.0  56.0,0.00 0.00 0.00 89.38 0.54 50.00 0.10 -14.44 6 63 6 63 70.0% 56.0% 350.000 0.000 0.00 -4.90 0.00  2.00 0.00 699.00 0.0% | 1200.00   20.00 HI -50.00 -50.00
2026-09-27T09:14:42.094,DEMO,DEMO,DEMO_MODE,24f8f9829bf14f26914a962224c1ad3a,F1 :    700    1 0.10 -14.44 0.54 50.00  70.0  56.0,0.00 0.00 0.00 89.38 0.54 50.00 0.10 -14.44 6 63 6 63 70.0% 56.0% 350.000 0.000 0.00 -4.90 0.00  2.00 0.00 699.00 0.0% | 1200.00   20.00 HI -50.00 -50.00
2026-09-27T09:14:42.220,DEMO,DEMO,DEMO_MODE,24f8f9829bf14f26914a962224c1ad3a,F1 :    700    1 0.10 -14.44 0.54 50.00  70.0  56.0,0.00 0.00 0.00 89.38 0.54 50.00 0.10 -14.44 6 63 6 63 70.0% 56.0% 350.000 0.000 0.00 -4.90 0.00  2.00 0.00 699.00 0.0% | 1200.00   20.00 HI -50.00 -50.00
2026-09-27T09:14:42.341,DEMO,DEMO,DEMO_MODE,24f8f9829bf14f26914a962224c1ad3a,F1 :    700    1 0.10 -14.44 0.54 50.00  70.0  56.0,0.00 0.00 0.00 89.38 0.54 50.00 0.10 -14.44 6 63 6 63 70.0% 56.0% 350.000 0.000 0.00 -4.90 0.00  2.00 0.00 699.00 0.0% | 1200.00   20.00 HI -50.00 -50.00
2026-09-27T09:14:42.468,DEMO,DEMO,DEMO_MODE,24f8f9829bf14f26914a962224c1ad3a,F1 :    700    1 0.10 -14.44 0.54 50.00  70.0  56.0,0.00 0.00 0.00 89.38 0.54 50.00 0.10 -14.44 6 63 6 63 70.0% 56.0% 350.000 0.000 0.00 -4.90 0.00  2.00 0.00 699.00 0.0% | 1200.00   20.00 HI -50.00 -50.00
2026-09-27T09:14:42.588,DEMO,DEMO,DEMO_MODE,24f8f9829bf14f26914a962224c1ad3a,F1 :    700    1 0.10 -14.44 0.54 50.00  70.0  56.0,0.00 0.00 0.00 89.38 0.54 50.00 0.10 -14.44 6 63 6 63 70.0% 56.0% 350.000 0.000 0.00 -4.90 0.00  2.00 0.00 699.00 0.0% | 1200.00   20.00 HI -50.00 -50.00
2026-09-27T09:14:42.715,DEMO,DEMO,DEMO_MODE,24f8f9829bf14f26914a962224c1ad3a,F1 :    700    1 0.10 -14.44 0.54 50.00  70.0  56.0,0.00 0.00 0.00 89.38 0.54 50.00 0.10 -14.44 6 63 6 63 70.0% 56.0% 350.000 0.000 0.00 -4.90 0.00  2.00 0.00 699.00 0.0% | 1200.00   20.00 HI -50.00 -50.00
2026-09-27T09:14:42.836,DEMO,DEMO,DEMO_MODE,24f8f9829bf14f26914a962224c1ad3a,F1 :    700    1 0.10 -14.44 0.54 50.00  70.0  56.0,0.00 0.00 0.00 89.38 0.54 50.00 0.10 -14.44 6 63 6 63 70.0% 56.0% 350.000 0.000 0.00 -4.90 0.00  2.00 0.00 699.00 0.0% | 1200.00   20.00 HI -50.00 -50.00
2026-09-27T09:14:42.962,DEMO,DEMO,DEMO_MODE,24f8f9829bf14f26914a962224c1ad3a,F1 :    700    1 0.10 -14.44 0.54 50.00  70.0  56.0,0.00 0.00 0.00 89.38 0.54 50.00 0.10 -14.44 6 63 6 63 70.0% 56.0% 350.000 0.000 0.00 -4.90 0.00  2.00 0.00 699.00 0.0% | 1200.00   20.00 HI -50.00 -50.00
2026-09-27T09:14:43.083,DEMO,DEMO,DEMO_MODE,24f8f9829bf14f26914a962224c1ad3a,F1 :    700    1 0.10 -14.44 0.54 50.00  70.0  56.0,0.00 0.00 0.00 89.38 0.54 50.00 0.10 -14.44 6 63 6 63 70.0% 56.0% 350.000 0.000 0.00 -4.90 0.00  2.00 0.00 699.00 0.0% | 1200.00   20.00 HI -50.00 -50.00
2026-09-27T09:14:43.209,DEMO,DEMO,DEMO_MODE,24f8f9829bf14f26914a962224c1ad3a,F1 :    700    1 0.10 -14.44 0.54 50.00  70.0  56.0,0.00 0.00 0.00 89.38 0.54 50.00 0.10 -14.44 6 63 6 63 70.0% 56.0% 350.000 0.000 0.00 -4.90 0.00  2.00 0.00 699.00 0.0% | 1200.00   20.00 HI -50.00 -50.00
2026-09-27T09:14:43.330,DEMO,DEMO,DEMO_MODE,24f8f9829bf14f26914a962224c1ad3a,F1 :    700    1 0.10 -14.44 0.54 50.00  70.0  56.0,0.00 0.00 0.00 89.38 0.54 50.00 0.10 -14.44 6 63 6 63 70.0% 56.0% 350.000 0.000 0.00 -4.90 0.00  2.00 0.00 699.00 0.0% | 1200.00   20.00 HI -50.00 -50.00
2026-09-27T09:14:43.456,DEMO,DEMO,DEMO_MODE,24f8f9829bf14f26914a962224c1ad3a,F1 :    700    1 0.10 -14.44 0.54 50.00  70.0  56.0,0.00 0.00 0.00 89.38 0.54 50.00 0.10 -14.44 6 63 6 63 70.0% 56.0% 350.000 0.000 0.00 -4.90 0.00  2.00 0.00 699.00 0.0% | 1200.00   20.00 HI -50.00 -50.00
2026-09-27T09:14:43.577,DEMO,DEMO,DEMO_MODE,24f8f9829bf14f26914a962224c1ad3a,F1 :    700    1 0.10 -14.44 0.54 50.00  70.0  56.0,0.00 0.00 0.00 89.38 0.54 50.00 0.10 -14.44 6 63 6 63 70.0% 56.0% 350.000 0.000 0.00 -4.90 0.00  2.00 0.00 699.00 0.0% | 1200.00   20.00 HI -50.00 -50.00
2026-09-27T09:14:43.704,DEMO,DEMO,DEMO_MODE,24f8f9829bf14f26914a962224c1ad3a,F1 :    700    1 0.10 -14.44 0.54 50.00  70.0  56.0,0.00 0.00 0.00 89.38 0.54 50.00 0.10 -14.44 6 63 6 63 70.0% 56.0% 350.000 0.000 0.00 -4.90 0.00  2.00 0.00 699.00 0.0% | 1200.00   20.00 HI -50.00 -50.00
2026-09-27T09:14:43.825,DEMO,DEMO,DEMO_MODE,24f8f9829bf14f26914a962224c1ad3a,F1 :    700    1 0.10 -14.44 0.54 50.00  70.0  56.0,0.00 0.00 0.00 89.38 0.54 50.00 0.10 -14.44 6 63 6 63 70.0% 56.0% 350.000 0.000 0.00 -4.90 0.00  2.00 0.00 699.00 0.0% | 1200.00   20.00 HI -50.00 -50.00
2026-09-27T09:14:43.952,DEMO,DEMO,DEMO_MODE,24f8f9829bf14f26914a962224c1ad3a,F1 :    700    1 0.10 -14.44 0.54 50.00  70.0  56.0,0.00 0.00 0.00 89.38 0.54 50.00 0.10 -14.44 6 63 6 63 70.0% 56.0% 350.000 0.000 0.00 -4.90 0.00  2.00 0.00 699.00 0.0% | 1200.00   20.00 HI -50.00 -50.00
2026-09-27T09:14:44.072,DEMO,DEMO,DEMO_MODE,24f8f9829bf14f26914a962224c1ad3a,F1 :    700    1 0.10 -14.44 0.54 50.00  70.0  56.0,0.00 0.00 0.00 89.38 0.54 50.00 0.10 -14.44 6 63 6 63 70.0% 56.0% 350.000 0.000 0.00 -4.90 0.00  2.00 0.00 699.00 0.0% | 1200.00   20.00 HI -50.00 -50.00
2026-09-27T09:14:44.198,DEMO,DEMO,DEMO_MODE,24f8f9829bf14f26914a962224c1ad3a,F1 :    700    1 0.10 -14.44 0.54 50.00  70.0  56.0,0.00 0.00 0.00 89.38 0.54 50.00 0.10 -14.44 6 63 6 63 70.0% 56.0% 350.000 0.000 0.00 -4.90 0.00  2.00 0.00 699.00 0.0% | 1200.00   20.00 HI -50.00 -50.00
2026-09-27T09:14:44.319,DEMO,DEMO,DEMO_MODE,24f8f9829bf14f26914a962224c1ad3a,F1 :    700    1 0.10 -14.44 0.54 50.00  70.0  56.0,0.00 0.00 0.00 89.38 0.54 50.00 0.10 -14.44 6 63 6 63 70.0% 56.0% 350.000 0.000 0.00 -4.90 0.00  2.00 0.00 699.00 0.0% | 1200.00   20.00 HI -50.00 -50.00
2026-09-27T09:14:44.446,DEMO,DEMO,DEMO_MODE,24f8f9829bf14f26914a962224c1ad3a,F1 :    700    1 0.10 -14.44 0.54 50.00  70.0  56.0,0.00 0.00 0.00 89.38 0.54 50.00 0.10 -14.44 6 63 6 63 70.0% 56.0% 350.000 0.000 0.00 -4.90 0.00  2.00 0.00 699.00 0.0% | 1200.00   20.00 HI -50.00 -50.00
2026-09-27T09:14:44.567,DEMO,DEMO,DEMO_MODE,24f8f9829bf14f26914a962224c1ad3a,F1 :    700    1 0.10 -14.44 0.54 50.00  70.0  56.0,0.00 0.00 0.00 89.38 0.54 50.00 0.10 -14.44 6 63 6 63 70.0% 56.0% 350.000 0.000 0.00 -4.90 0.00  2.00 0.00 699.00 0.0% | 1200.00   20.00 HI -50.00 -50.00
2026-09-27T09:14:44.693,DEMO,DEMO,DEMO_MODE,24f8f9829bf14f26914a962224c1ad3a,F1 :    700    1 0.10 -14.44 0.54 50.00  70.0  56.0,0.00 0.00 0.00 89.38 0.54 50.00 0.10 -14.44 6 63 6 63 70.0% 56.0% 350.000 0.000 0.00 -4.90 0.00  2.00 0.00 699.00 0.0% | 1200.00   20.00 HI -50.00 -50.00
2026-09-27T09:14:44.814,DEMO,DEMO,DEMO_MODE,24f8f9829bf14f26914a962224c1ad3a,F1 :    700    1 0.10 -14.44 0.54 50.00  70.0  56.0,0.00 0.00 0.00 89.38 0.54 50.00 0.10 -14.44 6 63 6 63 70.0% 56.0% 350.000 0.000 0.00 -4.90 0.00  2.00 0.00 699.00 0.0% | 1200.00   20.00 HI -50.00 -50.00
2026-09-27T09:14:44.940,DEMO,DEMO,DEMO_MODE,24f8f9829bf14f26914a962224c1ad3a,F1 :    700    1 0.10 -14.44 0.54 50.00  70.0  56.0,0.00 0.00 0.00 89.38 0.54 50.00 0.10 -14.44 6 63 6 63 70.0% 56.0% 350.000 0.000 0.00 -4.90 0.00  2.00 0.00 699.00 0.0% | 1200.00   20.00 HI -50.00 -50.00
2026-09-27T09:14:45.061,DEMO,DEMO,DEMO_MODE,24f8f9829bf14f26914a962224c1ad3a,F1 :    700    1 0.10 -14.44 0.54 50.00  70.0  56.0,0.00 0.00 0.00 89.38 0.54 50.00 0.10 -14.44 6 63 6 63 70.0% 56.0% 350.000 0.000 0.00 -4.90 0.00  2.00 0.00 699.00 0.0% | 1200.00   20.00 HI -50.00 -50.00
2026-09-27T09:14:45.187,DEMO,DEMO,DEMO_MODE,24f8f9829bf14f26914a962224c1ad3a,F1 :    700    1 0.10 -14.44 0.54 50.00  70.0  56.0,0.00 0.00 0.00 89.38 0.54 50.00 0.10 -14.44 6 63 6 63 70.0% 56.0% 350.000 0.000 0.00 -4.90 0.00  2.00 0.00 699.00 0.0% | 1200.00   20.00 HI -50.00 -50.00
2026-09-27T09:14:45.314,DEMO,DEMO,DEMO_MODE,24f8f9829bf14f26914a962224c1ad3a,F1 :    700    1 0.10 -14.44 0.54 50.00  70.0  56.0,0.00 0.00 0.00 89.38 0.54 50.00 0.10 -14.44 6 63 6 63 70.0% 56.0% 350.000 0.000 0.00 -4.90 0.00  2.00 0.00 699.00 0.0% | 1200.00   20.00 HI -50.00 -50.00
2026-09-27T09:14:45.440,DEMO,DEMO,DEMO_MODE,24f8f9829bf14f26914a962224c1ad3a,F1 :    700    1 0.10 -14.44 0.54 50.00  70.0  56.0,0.00 0.00 0.00 89.38 0.54 50.00 0.10 -14.44 6 63 6 63 70.0% 56.0% 350.000 0.000 0.00 -4.90 0.00  2.00 0.00 699.00 0.0% | 1200.00   20.00 HI -50.00 -50.00
2026-09-27T09:14:45.561,DEMO,DEMO,DEMO_MODE,24f8f9829bf14f26914a962224c1ad3a,F1 :    700    1 0.10 -14.44 0.54 50.00  70.0  56.0,0.00 0.00 0.00 89.38 0.54 50.00 0.10 -14.44 6 63 6 63 70.0% 56.0% 350.000 0.000 0.00 -4.90 0.00  2.00 0.00 699.00 0.0% | 1200.00   20.00 HI -50.00 -50.00
2026-09-27T09:14:45.686,DEMO,DEMO,DEMO_MODE,24f8f9829bf14f26914a962224c1ad3a,F1 :    700    1 0.10 -14.44 0.54 50.00  70.0  60.0,0.00 0.00 0.00 89.38 0.54 50.00 0.10 -14.44 6 63 6 63 70.0% 60.0% 350.000 0.000 0.00 -4.90 0.00  2.00 0.00 699.00 0.0% | 1200.00   20.00 HI -50.00 -50.00
2026-09-27T09:14:45.807,DEMO,DEMO,DEMO_MODE,24f8f9829bf14f26914a962224c1ad3a,F1 :    700    1 0.10 -14.44 0.54 50.00  70.0  60.0,0.00 0.00 0.00 89.38 0.54 50.00 0.10 -14.44 6 63 6 63 70.0% 60.0% 350.000 0.000 0.00 -4.90 0.00  2.00 0.00 699.00 0.0% | 1200.00   20.00 HI -50.00 -50.00
2026-09-27T09:14:45.934,DEMO,DEMO,DEMO_MODE,24f8f9829bf14f26914a962224c1ad3a,F1 :    700    1 0.10 -14.44 0.54 50.00  70.0  60.0,0.00 0.00 0.00 89.38 0.54 50.00 0.10 -14.44 6 63 6 63 70.0% 60.0% 350.000 0.000 0.00 -4.90 0.00  2.00 0.00 699.00 0.0% | 1200.00   20.00 HI -50.00 -50.00
2026-09-27T09:14:46.054,DEMO,DEMO,DEMO_MODE,24f8f9829bf14f26914a962224c1ad3a,F1 :    700    1 0.10 -14.44 0.54 50.00  70.0  60.0,0.00 0.00 0.00 89.38 0.54 50.00 0.10 -14.44 6 63 6 63 70.0% 60.0% 350.000 0.000 0.00 -4.90 0.00  2.00 0.00 699.00 0.0% | 1200.00   20.00 HI -50.00 -50.00
2026-09-27T09:14:46.181,DEMO,DEMO,DEMO_MODE,24f8f9829bf14f26914a962224c1ad3a,F1 :    700    1 0.10 -14.44 0.54 50.00  70.0  60.0,0.00 0.00 0.00 89.38 0.54 50.00 0.10 -14.44 6 63 6 63 70.0% 60.0% 350.000 0.000 0.00 -4.90 0.00  2.00 0.00 699.00 0.0% | 1200.00   20.00 HI -50.00 -50.00
2026-09-27T09:14:46.301,DEMO,DEMO,DEMO_MODE,24f8f9829bf14f26914a962224c1ad3a,F1 :    700    1 0.10 -14.44 0.54 50.00  70.0  60.0,0.00 0.00 0.00 89.38 0.54 50.00 0.10 -14.44 6 63 6 63 70.0% 60.0% 350.000 0.000 0.00 -4.90 0.00  2.00 0.00 699.00 0.0% | 1200.00   20.00 HI -50.00 -50.00
2026-09-27T09:14:46.427,DEMO,DEMO,DEMO_MODE,24f8f9829bf14f26914a962224c1ad3a,F1 :    700    1 0.10 -14.44 0.54 50.00  70.0  60.0,0.00 0.00 0.00 89.38 0.54 50.00 0.10 -14.44 6 63 6 63 70.0% 60.0% 350.000 0.000 0.00 -4.90 0.00  2.00 0.00 699.00 0.0% | 1200.00   20.00 HI -50.00 -50.00
2026-09-27T09:14:46.547,DEMO,DEMO,DEMO_MODE,24f8f9829bf14f26914a962224c1ad3a,F1 :    700    1 0.10 -14.44 0.54 50.00  70.0  60.0,0.00 0.00 0.00 89.38 0.54 50.00 0.10 -14.44 6 63 6 63 70.0% 60.0% 350.000 0.000 0.00 -4.90 0.00  2.00 0.00 699.00 0.0% | 1200.00   20.00 HI -50.00 -50.00
2026-09-27T09:14:46.674,DEMO,DEMO,DEMO_MODE,24f8f9829bf14f26914a962224c1ad3a,F1 :    700    1 0.10 -14.44 0.54 50.00  70.0  60.0,0.00 0.00 0.00 89.38 0.54 50.00 0.10 -14.44 6 63 6 63 70.0% 60.0% 350.000 0.000 0.00 -4.90 0.00  2.00 0.00 699.00 0.0% | 1200.00   20.00 HI -50.00 -50.00
2026-09-27T09:14:46.801,DEMO,DEMO,DEMO_MODE,24f8f9829bf14f26914a962224c1ad3a,F1 :    700    1 0.10 -14.44 0.54 50.00  70.0  60.0,0.00 0.00 0.00 89.38 0.54 50.00 0.10 -14.44 6 63 6 63 70.0% 60.0% 350.000 0.000 0.00 -4.90 0.00  2.00 0.00 699.00 0.0% | 1200.00   20.00 HI -50.00 -50.00
2026-09-27T09:14:46.927,DEMO,DEMO,DEMO_MODE,24f8f9829bf14f26914a962224c1ad3a,F1 :    700    1 0.10 -14.44 0.54 50.00  70.0  60.0,0.00 0.00 0.00 89.38 0.54 50.00 0.10 -14.44 6 63 6 63 70.0% 60.0% 350.000 0.000 0.00 -4.90 0.00  2.00 0.00 699.00 0.0% | 1200.00   20.00 HI -50.00 -50.00
2026-09-27T09:14:47.047,DEMO,DEMO,DEMO_MODE,24f8f9829bf14f26914a962224c1ad3a,F1 :    700    1 0.10 -14.44 0.54 50.00  70.0  60.0,0.00 0.00 0.00 89.38 0.54 50.00 0.10 -14.44 6 63 6 63 70.0% 60.0% 350.000 0.000 0.00 -4.90 0.00  2.00 0.00 699.00 0.0% | 1200.00   20.00 HI -50.00 -50.00
2026-09-27T09:14:47.174,DEMO,DEMO,DEMO_MODE,24f8f9829bf14f26914a962224c1ad3a,F1 :    700    1 0.10 -14.44 0.54 50.00  70.0  60.0,0.00 0.00 0.00 89.38 0.54 50.00 0.10 -14.44 6 63 6 63 70.0% 60.0% 350.000 0.000 0.00 -4.90 0.00  2.00 0.00 699.00 0.0% | 1200.00   20.00 HI -50.00 -50.00
2026-09-27T09:14:47.295,DEMO,DEMO,DEMO_MODE,24f8f9829bf14f26914a962224c1ad3a,F1 :    700    1 0.10 -14.44 0.54 50.00  70.0  60.0,0.00 0.00 0.00 89.38 0.54 50.00 0.10 -14.44 6 63 6 63 70.0% 60.0% 350.000 0.000 0.00 -4.90 0.00  2.00 0.00 699.00 0.0% | 1200.00   20.00 HI -50.00 -50.00
2026-09-27T09:14:47.420,DEMO,DEMO,DEMO_MODE,24f8f9829bf14f26914a962224c1ad3a,F1 :    700    1 0.10 -14.44 0.54 50.00  70.0  60.0,0.00 0.00 0.00 89.38 0.54 50.00 0.10 -14.44 6 63 6 63 70.0% 60.0% 350.000 0.000 0.00 -4.90 0.00  2.00 0.00 699.00 0.0% | 1200.00   20.00 HI -50.00 -50.00
2026-09-27T09:14:47.541,DEMO,DEMO,DEMO_MODE,24f8f9829bf14f26914a962224c1ad3a,F1 :    700    1 0.10 -14.44 0.54 50.00  70.0  60.0,0.00 0.00 0.00 89.38 0.54 50.00 0.10 -14.44 6 63 6 63 70.0% 60.0% 350.000 0.000 0.00 -4.90 0.00  2.00 0.00 699.00 0.0% | 1200.00   20.00 HI -50.00 -50.00
2026-09-27T09:14:47.662,DEMO,DEMO,DEMO_MODE,24f8f9829bf14f26914a962224c1ad3a,F1 :    700    1 0.10 -14.44 0.54 50.00  70.0  60.0,0.00 0.00 0.00 89.38 0.54 50.00 0.10 -14.44 6 63 6 63 70.0% 60.0% 350.000 0.000 0.00 -4.90 0.00  2.00 0.00 699.00 0.0% | 1200.00   20.00 HI -50.00 -50.00
2026-09-27T09:14:47.782,DEMO,DEMO,DEMO_MODE,24f8f9829bf14f26914a962224c1ad3a,F1 :    700    1 0.10 -14.44 0.54 50.00  70.0  60.0,0.00 0.00 0.00 89.38 0.54 50.00 0.10 -14.44 6 63 6 63 70.0% 60.0% 350.000 0.000 0.00 -4.90 0.00  2.00 0.00 699.00 0.0% | 1200.00   20.00 HI -50.00 -50.00
2026-09-27T09:14:47.903,DEMO,DEMO,DEMO_MODE,24f8f9829bf14f26914a962224c1ad3a,F1 :    700    1 0.10 -14.44 0.54 50.00  70.0  60.0,0.00 0.00 0.00 89.38 0.54 50.00 0.10 -14.44 6 63 6 63 70.0% 60.0% 350.000 0.000 0.00 -4.90 0.00  2.00 0.00 699.00 0.0% | 1200.00   20.00 HI -50.00 -50.00
2026-09-27T09:14:48.024,DEMO,DEMO,DEMO_MODE,24f8f9829bf14f26914a962224c1ad3a,F1 :    700    1 0.10 -14.44 0.54 50.00  70.0  60.0,0.00 0.00 0.00 89.38 0.54 50.00 0.10 -14.44 6 63 6 63 70.0% 60.0% 350.000 0.000 0.00 -4.90 0.00  2.00 0.00 699.00 0.0% | 1200.00   20.00 HI -50.00 -50.00
2026-09-27T09:14:48.144,DEMO,DEMO,DEMO_MODE,24f8f9829bf14f26914a962224c1ad3a,F1 :    700    1 0.10 -14.44 0.54 50.00  70.0  60.0,0.00 0.00 0.00 89.38 0.54 50.00 0.10 -14.44 6 63 6 63 70.0% 60.0% 350.000 0.000 0.00 -4.90 0.00  2.00 0.00 699.00 0.0% | 1200.00   20.00 HI -50.00 -50.00
2026-09-27T09:14:48.266,DEMO,DEMO,DEMO_MODE,24f8f9829bf14f26914a962224c1ad3a,F1 :    700    1 0.10 -14.44 0.54 50.00  70.0  60.0,0.00 0.00 0.00 89.38 0.54 50.00 0.10 -14.44 6 63 6 63 70.0% 60.0% 350.000 0.000 0.00 -4.90 0.00  2.00 0.00 699.00 0.0% | 1200.00   20.00 HI -50.00 -50.00
2026-09-27T09:14:48.387,DEMO,DEMO,DEMO_MODE,24f8f9829bf14f26914a962224c1ad3a,F1 :    700    1 0.10 -14.44 0.54 50.00  70.0  60.0,0.00 0.00 0.00 89.38 0.54 50.00 0.10 -14.44 6 63 6 63 70.0% 60.0% 350.000 0.000 0.00 -4.90 0.00  2.00 0.00 699.00 0.0% | 1200.00   20.00 HI -50.00 -50.00
2026-09-27T09:14:48.507,DEMO,DEMO,DEMO_MODE,24f8f9829bf14f26914a962224c1ad3a,F1 :    700    1 0.10 -14.44 0.54 50.00  70.0  60.0,0.00 0.00 0.00 89.38 0.54 50.00 0.10 -14.44 6 63 6 63 70.0% 60.0% 350.000 0.000 0.00 -4.90 0.00  2.00 0.00 699.00 0.0% | 1200.00   20.00 HI -50.00 -50.00
2026-09-27T09:14:48.628,DEMO,DEMO,DEMO_MODE,24f8f9829bf14f26914a962224c1ad3a,F1 :    700    1 0.10 -14.44 0.54 50.00  70.0  60.0,0.00 0.00 0.00 89.38 0.54 50.00 0.10 -14.44 6 63 6 63 70.0% 60.0% 350.000 0.000 0.00 -4.90 0.00  2.00 0.00 699.00 0.0% | 1200.00   20.00 HI -50.00 -50.00
2026-09-27T09:14:48.749,DEMO,DEMO,DEMO_MODE,24f8f9829bf14f26914a962224c1ad3a,F1 :    700    2 0.10 -14.44 0.54 50.00  70.0  60.0,0.00 0.00 0.00 89.38 0.54 50.00 0.10 -14.44 6 63 6 63 70.0% 60.0% 350.000 0.000 0.00 -4.90 0.00  1.99 0.00 698.00 0.0% | 1200.00   20.00 HI -50.00 -50.00
2026-09-27T09:14:48.870,DEMO,DEMO,DEMO_MODE,24f8f9829bf14f26914a962224c1ad3a,F1 :    700    2 0.10 -14.44 0.54 50.00  70.0  60.0,0.00 0.00 0.00 89.38 0.54 50.00 0.10 -14.44 6 63 6 63 70.0% 60.0% 350.000 0.000 0.00 -4.90 0.00  1.99 0.00 698.00 0.0% | 1200.00   20.00 HI -50.00 -50.00
2026-09-27T09:14:48.991,DEMO,DEMO,DEMO_MODE,24f8f9829bf14f26914a962224c1ad3a,F1 :    700    2 0.10 -14.44 0.54 50.00  70.0  60.0,0.00 0.00 0.00 89.38 0.54 50.00 0.10 -14.44 6 63 6 63 70.0% 60.0% 350.000 0.000 0.00 -4.90 0.00  1.99 0.00 698.00 0.0% | 1200.00   20.00 HI -50.00 -50.00
2026-09-27T09:14:49.111,DEMO,DEMO,DEMO_MODE,24f8f9829bf14f26914a962224c1ad3a,F1 :    700    2 0.10 -14.44 0.54 50.00  70.0  60.0,0.00 0.00 0.00 89.38 0.54 50.00 0.10 -14.44 6 63 6 63 70.0% 60.0% 350.000 0.000 0.00 -4.90 0.00  1.99 0.00 698.00 0.0% | 1200.00   20.00 HI -50.00 -50.00
2026-09-27T09:14:49.232,DEMO,DEMO,DEMO_MODE,24f8f9829bf14f26914a962224c1ad3a,F1 :    700    2 0.10 -14.44 0.54 50.00  70.0  60.0,0.00 0.00 0.00 89.38 0.54 50.00 0.10 -14.44 6 63 6 63 70.0% 60.0% 350.000 0.000 0.00 -4.90 0.00  1.99 0.00 698.00 0.0% | 1200.00   20.00 HI -50.00 -50.00
2026-09-27T09:14:49.353,DEMO,DEMO,DEMO_MODE,24f8f9829bf14f26914a962224c1ad3a,F1 :    700    2 0.10 -14.44 0.54 50.00  70.0  60.0,0.00 0.00 0.00 89.38 0.54 50.00 0.10 -14.44 6 63 6 63 70.0% 60.0% 350.000 0.000 0.00 -4.90 0.00  1.99 0.00 698.00 0.0% | 1200.00   20.00 HI -50.00 -50.00
2026-09-27T09:14:49.480,DEMO,DEMO,DEMO_MODE,24f8f9829bf14f26914a962224c1ad3a,F1 :    700    2 0.10 -14.44 0.54 50.00  70.0  60.0,0.00 0.00 0.00 89.38 0.54 50.00 0.10 -14.44 6 63 6 63 70.0% 60.0% 350.000 0.000 0.00 -4.90 0.00  1.99 0.00 698.00 0.0% | 1200.00   20.00 HI -50.00 -50.00
2026-09-27T09:14:49.600,DEMO,DEMO,DEMO_MODE,24f8f9829bf14f26914a962224c1ad3a,F1 :    700    2 0.10 -14.44 0.54 50.00  70.0  60.0,0.00 0.00 0.00 89.38 0.54 50.00 0.10 -14.44 6 63 6 63 70.0% 60.0% 350.000 0.000 0.00 -4.90 0.00  1.99 0.00 698.00 0.0% | 1200.00   20.00 HI -50.00 -50.00
2026-09-27T09:14:49.727,DEMO,DEMO,DEMO_MODE,24f8f9829bf14f26914a962224c1ad3a,F1 :    700    2 0.10 -14.44 0.54 50.00  70.0  60.0,0.00 0.00 0.00 89.38 0.54 50.00 0.10 -14.44 6 63 6 63 70.0% 60.0% 350.000 0.000 0.00 -4.90 0.00  1.99 0.00 698.00 0.0% | 1200.00   20.00 HI -50.00 -50.00
2026-09-27T09:14:49.848,DEMO,DEMO,DEMO_MODE,24f8f9829bf14f26914a962224c1ad3a,F1 :    700    2 0.10 -14.44 0.54 50.00  70.0  60.0,0.00 0.00 0.00 89.38 0.54 50.00 0.10 -14.44 6 63 6 63 70.0% 60.0% 350.000 0.000 0.00 -4.90 0.00  1.99 0.00 698.00 0.0% | 1200.00   20.00 HI -50.00 -50.00
2026-09-27T09:14:49.974,DEMO,DEMO,DEMO_MODE,24f8f9829bf14f26914a962224c1ad3a,F1 :    700    2 0.10 -14.44 0.54 50.00  70.0  60.0,0.00 0.00 0.00 89.38 0.54 50.00 0.10 -14.44 6 63 6 63 70.0% 60.0% 350.000 0.000 0.00 -4.90 0.00  1.99 0.00 698.00 0.0% | 1200.00   20.00 HI -50.00 -50.00
2026-09-27T09:14:50.095,DEMO,DEMO,DEMO_MODE,24f8f9829bf14f26914a962224c1ad3a,F1 :    700    2 0.10 -14.44 0.54 50.00  70.0  60.0,0.00 0.00 0.00 89.38 0.54 50.00 0.10 -14.44 6 63 6 63 70.0% 60.0% 350.000 0.000 0.00 -4.90 0.00  1.99 0.00 698.00 0.0% | 1200.00   20.00 HI -50.00 -50.00
2026-09-27T09:14:50.221,DEMO,DEMO,DEMO_MODE,24f8f9829bf14f26914a962224c1ad3a,F1 :    700    2 0.10 -14.44 0.54 50.00  70.0  60.0,0.00 0.00 0.00 89.38 0.54 50.00 0.10 -14.44 6 63 6 63 70.0% 60.0% 350.000 0.000 0.00 -4.90 0.00  1.99 0.00 698.00 0.0% | 1200.00   20.00 HI -50.00 -50.00
2026-09-27T09:14:50.342,DEMO,DEMO,DEMO_MODE,24f8f9829bf14f26914a962224c1ad3a,F1 :    700    2 0.10 -14.44 0.54 50.00  70.0  60.0,0.00 0.00 0.00 89.38 0.54 50.00 0.10 -14.44 6 63 6 63 70.0% 60.0% 350.000 0.000 0.00 -4.90 0.00  1.99 0.00 698.00 0.0% | 1200.00   20.00 HI -50.00 -50.00
2026-09-27T09:14:50.468,DEMO,DEMO,DEMO_MODE,24f8f9829bf14f26914a962224c1ad3a,F1 :    700    2 0.10 -14.44 0.54 50.00  70.0  60.0,0.00 0.00 0.00 89.38 0.54 50.00 0.10 -14.44 6 63 6 63 70.0% 60.0% 350.000 0.000 0.00 -4.90 0.00  1.99 0.00 698.00 0.0% | 1200.00   20.00 HI -50.00 -50.00
2026-09-27T09:14:50.589,DEMO,DEMO,DEMO_MODE,24f8f9829bf14f26914a962224c1ad3a,F1 :    700    2 0.10 -14.44 0.54 50.00  70.0  60.0,0.00 0.00 0.00 89.38 0.54 50.00 0.10 -14.44 6 63 6 63 70.0% 60.0% 350.000 0.000 0.00 -4.90 0.00  1.99 0.00 698.00 0.0% | 1200.00   20.00 HI -50.00 -50.00
2026-09-27T09:14:50.717,DEMO,DEMO,DEMO_MODE,24f8f9829bf14f26914a962224c1ad3a,F1 :    700    2 0.10 -14.44 0.54 50.00  70.0  60.0,0.00 0.00 0.00 89.38 0.54 50.00 0.10 -14.44 6 63 6 63 70.0% 60.0% 350.000 0.000 0.00 -4.90 0.00  1.99 0.00 698.00 0.0% | 1200.00   20.00 HI -50.00 -50.00
2026-09-27T09:14:50.838,DEMO,DEMO,DEMO_MODE,24f8f9829bf14f26914a962224c1ad3a,F1 :    800    2 0.10 -14.44 0.54 50.00  80.0  64.0,0.00 0.00 0.00 89.38 0.54 50.00 0.10 -14.44 6 63 6 63 80.0% 64.0% 400.000 0.000 0.00 -4.90 0.00  2.00 0.00 798.00 0.0% | 1200.00   30.00 HI -50.00 -50.00
2026-09-27T09:14:50.963,DEMO,DEMO,DEMO_MODE,24f8f9829bf14f26914a962224c1ad3a,F1 :    800    2 0.10 -14.44 0.54 50.00  80.0  64.0,0.00 0.00 0.00 89.38 0.54 50.00 0.10 -14.44 6 63 6 63 80.0% 64.0% 400.000 0.000 0.00 -4.90 0.00  2.00 0.00 798.00 0.0% | 1200.00   30.00 HI -50.00 -50.00
2026-09-27T09:14:51.084,DEMO,DEMO,DEMO_MODE,24f8f9829bf14f26914a962224c1ad3a,F1 :    800    2 0.10 -14.44 0.54 50.00  80.0  64.0,0.00 0.00 0.00 89.38 0.54 50.00 0.10 -14.44 6 63 6 63 80.0% 64.0% 400.000 0.000 0.00 -4.90 0.00  2.00 0.00 798.00 0.0% | 1200.00   30.00 HI -50.00 -50.00
2026-09-27T09:14:51.209,DEMO,DEMO,DEMO_MODE,24f8f9829bf14f26914a962224c1ad3a,F1 :    800    2 0.10 -14.44 0.54 50.00  80.0  64.0,0.00 0.00 0.00 89.38 0.54 50.00 0.10 -14.44 6 63 6 63 80.0% 64.0% 400.000 0.000 0.00 -4.90 0.00  2.00 0.00 798.00 0.0% | 1200.00   30.00 HI -50.00 -50.00
2026-09-27T09:14:51.329,DEMO,DEMO,DEMO_MODE,24f8f9829bf14f26914a962224c1ad3a,F1 :    800    2 0.10 -14.44 0.54 50.00  80.0  64.0,0.00 0.00 0.00 89.38 0.54 50.00 0.10 -14.44 6 63 6 63 80.0% 64.0% 400.000 0.000 0.00 -4.90 0.00  2.00 0.00 798.00 0.0% | 1200.00   30.00 HI -50.00 -50.00
2026-09-27T09:14:51.455,DEMO,DEMO,DEMO_MODE,24f8f9829bf14f26914a962224c1ad3a,F1 :    800    2 0.10 -14.44 0.54 50.00  80.0  64.0,0.00 0.00 0.00 89.38 0.54 50.00 0.10 -14.44 6 63 6 63 80.0% 64.0% 400.000 0.000 0.00 -4.90 0.00  2.00 0.00 798.00 0.0% | 1200.00   30.00 HI -50.00 -50.00
2026-09-27T09:14:51.576,DEMO,DEMO,DEMO_MODE,24f8f9829bf14f26914a962224c1ad3a,F1 :    800    2 0.10 -14.44 0.54 50.00  80.0  64.0,0.00 0.00 0.00 89.38 0.54 50.00 0.10 -14.44 6 63 6 63 80.0% 64.0% 400.000 0.000 0.00 -4.90 0.00  2.00 0.00 798.00 0.0% | 1200.00   30.00 HI -50.00 -50.00
2026-09-27T09:14:51.702,DEMO,DEMO,DEMO_MODE,24f8f9829bf14f26914a962224c1ad3a,F1 :    800    2 0.10 -14.44 0.54 50.00  80.0  64.0,0.00 0.00 0.00 89.38 0.54 50.00 0.10 -14.44 6 63 6 63 80.0% 64.0% 400.000 0.000 0.00 -4.90 0.00  2.00 0.00 798.00 0.0% | 1200.00   30.00 HI -50.00 -50.00
2026-09-27T09:14:51.822,DEMO,DEMO,DEMO_MODE,24f8f9829bf14f26914a962224c1ad3a,F1 :    800    2 0.10 -14.44 0.54 50.00  80.0  64.0,0.00 0.00 0.00 89.38 0.54 50.00 0.10 -14.44 6 63 6 63 80.0% 64.0% 400.000 0.000 0.00 -4.90 0.00  2.00 0.00 798.00 0.0% | 1200.00   30.00 HI -50.00 -50.00
2026-09-27T09:14:51.948,DEMO,DEMO,DEMO_MODE,24f8f9829bf14f26914a962224c1ad3a,F1 :    800    2 0.10 -14.44 0.54 50.00  80.0  64.0,0.00 0.00 0.00 89.38 0.54 50.00 0.10 -14.44 6 63 6 63 80.0% 64.0% 400.000 0.000 0.00 -4.90 0.00  2.00 0.00 798.00 0.0% | 1200.00   30.00 HI -50.00 -50.00
2026-09-27T09:14:52.069,DEMO,DEMO,DEMO_MODE,24f8f9829bf14f26914a962224c1ad3a,F1 :    800    2 0.10 -14.44 0.54 50.00  80.0  64.0,0.00 0.00 0.00 89.38 0.54 50.00 0.10 -14.44 6 63 6 63 80.0% 64.0% 400.000 0.000 0.00 -4.90 0.00  2.00 0.00 798.00 0.0% | 1200.00   30.00 HI -50.00 -50.00
2026-09-27T09:14:52.196,DEMO,DEMO,DEMO_MODE,24f8f9829bf14f26914a962224c1ad3a,F1 :    800    2 0.10 -14.44 0.54 50.00  80.0  64.0,0.00 0.00 0.00 89.38 0.54 50.00 0.10 -14.44 6 63 6 63 80.0% 64.0% 400.000 0.000 0.00 -4.90 0.00  2.00 0.00 798.00 0.0% | 1200.00   30.00 HI -50.00 -50.00
2026-09-27T09:14:52.317,DEMO,DEMO,DEMO_MODE,24f8f9829bf14f26914a962224c1ad3a,F1 :    800    2 0.10 -14.44 0.54 50.00  80.0  64.0,0.00 0.00 0.00 89.38 0.54 50.00 0.10 -14.44 6 63 6 63 80.0% 64.0% 400.000 0.000 0.00 -4.90 0.00  2.00 0.00 798.00 0.0% | 1200.00   30.00 HI -50.00 -50.00
2026-09-27T09:14:52.442,DEMO,DEMO,DEMO_MODE,24f8f9829bf14f26914a962224c1ad3a,F1 :    800    2 0.10 -14.44 0.54 50.00  80.0  64.0,0.00 0.00 0.00 89.38 0.54 50.00 0.10 -14.44 6 63 6 63 80.0% 64.0% 400.000 0.000 0.00 -4.90 0.00  2.00 0.00 798.00 0.0% | 1200.00   30.00 HI -50.00 -50.00
2026-09-27T09:14:52.563,DEMO,DEMO,DEMO_MODE,24f8f9829bf14f26914a962224c1ad3a,F1 :    800    2 0.10 -14.44 0.54 50.00  80.0  64.0,0.00 0.00 0.00 89.38 0.54 50.00 0.10 -14.44 6 63 6 63 80.0% 64.0% 400.000 0.000 0.00 -4.90 0.00  2.00 0.00 798.00 0.0% | 1200.00   30.00 HI -50.00 -50.00
2026-09-27T09:14:52.689,DEMO,DEMO,DEMO_MODE,24f8f9829bf14f26914a962224c1ad3a,F1 :    800    2 0.10 -14.44 0.54 50.00  80.0  64.0,0.00 0.00 0.00 89.38 0.54 50.00 0.10 -14.44 6 63 6 63 80.0% 64.0% 400.000 0.000 0.00 -4.90 0.00  2.00 0.00 798.00 0.0% | 1200.00   30.00 HI -50.00 -50.00
2026-09-27T09:14:52.810,DEMO,DEMO,DEMO_MODE,24f8f9829bf14f26914a962224c1ad3a,F1 :    800    2 0.10 -14.44 0.54 50.00  80.0  64.0,0.00 0.00 0.00 89.38 0.54 50.00 0.10 -14.44 6 63 6 63 80.0% 64.0% 400.000 0.000 0.00 -4.90 0.00  2.00 0.00 798.00 0.0% | 1200.00   30.00 HI -50.00 -50.00
2026-09-27T09:14:52.935,DEMO,DEMO,DEMO_MODE,24f8f9829bf14f26914a962224c1ad3a,F1 :    800    2 0.10 -14.44 0.54 50.00  80.0  64.0,0.00 0.00 0.00 89.38 0.54 50.00 0.10 -14.44 6 63 6 63 80.0% 64.0% 400.000 0.000 0.00 -4.90 0.00  2.00 0.00 798.00 0.0% | 1200.00   30.00 HI -50.00 -50.00
2026-09-27T09:14:53.056,DEMO,DEMO,DEMO_MODE,24f8f9829bf14f26914a962224c1ad3a,F1 :    800    2 0.10 -14.44 0.54 50.00  80.0  64.0,0.00 0.00 0.00 89.38 0.54 50.00 0.10 -14.44 6 63 6 63 80.0% 64.0% 400.000 0.000 0.00 -4.90 0.00  2.00 0.00 798.00 0.0% | 1200.00   30.00 HI -50.00 -50.00
2026-09-27T09:14:53.182,DEMO,DEMO,DEMO_MODE,24f8f9829bf14f26914a962224c1ad3a,F1 :    800    2 0.10 -14.44 0.54 50.00  80.0  64.0,0.00 0.00 0.00 89.38 0.54 50.00 0.10 -14.44 6 63 6 63 80.0% 64.0% 400.000 0.000 0.00 -4.90 0.00  2.00 0.00 798.00 0.0% | 1200.00   30.00 HI -50.00 -50.00
2026-09-27T09:14:53.302,DEMO,DEMO,DEMO_MODE,24f8f9829bf14f26914a962224c1ad3a,F1 :    800    2 0.10 -14.44 0.54 50.00  80.0  64.0,0.00 0.00 0.00 89.38 0.54 50.00 0.10 -14.44 6 63 6 63 80.0% 64.0% 400.000 0.000 0.00 -4.90 0.00  2.00 0.00 798.00 0.0% | 1200.00   30.00 HI -50.00 -50.00
2026-09-27T09:14:53.429,DEMO,DEMO,DEMO_MODE,24f8f9829bf14f26914a962224c1ad3a,F1 :    800    2 0.10 -14.44 0.54 50.00  80.0  64.0,0.00 0.00 0.00 89.38 0.54 50.00 0.10 -14.44 6 63 6 63 80.0% 64.0% 400.000 0.000 0.00 -4.90 0.00  2.00 0.00 798.00 0.0% | 1200.00   30.00 HI -50.00 -50.00
2026-09-27T09:14:53.550,DEMO,DEMO,DEMO_MODE,24f8f9829bf14f26914a962224c1ad3a,F1 :    800    2 0.10 -14.44 0.54 50.00  80.0  64.0,0.00 0.00 0.00 89.38 0.54 50.00 0.10 -14.44 6 63 6 63 80.0% 64.0% 400.000 0.000 0.00 -4.90 0.00  2.00 0.00 798.00 0.0% | 1200.00   30.00 HI -50.00 -50.00
2026-09-27T09:14:53.676,DEMO,DEMO,DEMO_MODE,24f8f9829bf14f26914a962224c1ad3a,F1 :    800    2 0.10 -14.44 0.54 50.00  80.0  64.0,0.00 0.00 0.00 89.38 0.54 50.00 0.10 -14.44 6 63 6 63 80.0% 64.0% 400.000 0.000 0.00 -4.90 0.00  2.00 0.00 798.00 0.0% | 1200.00   30.00 HI -50.00 -50.00
2026-09-27T09:14:53.796,DEMO,DEMO,DEMO_MODE,24f8f9829bf14f26914a962224c1ad3a,F1 :    800    2 0.10 -14.44 0.54 50.00  80.0  64.0,0.00 0.00 0.00 89.38 0.54 50.00 0.10 -14.44 6 63 6 63 80.0% 64.0% 400.000 0.000 0.00 -4.90 0.00  2.00 0.00 798.00 0.0% | 1200.00   30.00 HI -50.00 -50.00
2026-09-27T09:14:53.922,DEMO,DEMO,DEMO_MODE,24f8f9829bf14f26914a962224c1ad3a,F1 :    800    2 0.10 -14.44 0.54 50.00  80.0  64.0,0.00 0.00 0.00 89.38 0.54 50.00 0.10 -14.44 6 63 6 63 80.0% 64.0% 400.000 0.000 0.00 -4.90 0.00  2.00 0.00 798.00 0.0% | 1200.00   30.00 HI -50.00 -50.00
2026-09-27T09:14:54.043,DEMO,DEMO,DEMO_MODE,24f8f9829bf14f26914a962224c1ad3a,F1 :    800    2 0.10 -14.44 0.54 50.00  80.0  64.0,0.00 0.00 0.00 89.38 0.54 50.00 0.10 -14.44 6 63 6 63 80.0% 64.0% 400.000 0.000 0.00 -4.90 0.00  2.00 0.00 798.00 0.0% | 1200.00   30.00 HI -50.00 -50.00
2026-09-27T09:14:54.169,DEMO,DEMO,DEMO_MODE,24f8f9829bf14f26914a962224c1ad3a,F1 :    800    2 0.10 -14.44 0.54 50.00  80.0  64.0,0.00 0.00 0.00 89.38 0.54 50.00 0.10 -14.44 6 63 6 63 80.0% 64.0% 400.000 0.000 0.00 -4.90 0.00  2.00 0.00 798.00 0.0% | 1200.00   30.00 HI -50.00 -50.00
2026-09-27T09:14:54.289,DEMO,DEMO,DEMO_MODE,24f8f9829bf14f26914a962224c1ad3a,F1 :    800    2 0.10 -14.44 0.54 50.00  80.0  64.0,0.00 0.00 0.00 89.38 0.54 50.00 0.10 -14.44 6 63 6 63 80.0% 64.0% 400.000 0.000 0.00 -4.90 0.00  2.00 0.00 798.00 0.0% | 1200.00   30.00 HI -50.00 -50.00
2026-09-27T09:14:54.412,DEMO,DEMO,DEMO_MODE,24f8f9829bf14f26914a962224c1ad3a,F1 :    800    2 0.10 -14.44 0.54 50.00  80.0  64.0,0.00 0.00 0.00 89.38 0.54 50.00 0.10 -14.44 6 63 6 63 80.0% 64.0% 400.000 0.000 0.00 -4.90 0.00  2.00 0.00 798.00 0.0% | 1200.00   30.00 HI -50.00 -50.00
2026-09-27T09:14:54.532,DEMO,DEMO,DEMO_MODE,24f8f9829bf14f26914a962224c1ad3a,F1 :    800    2 0.10 -14.44 0.54 50.00  80.0  64.0,0.00 0.00 0.00 89.38 0.54 50.00 0.10 -14.44 6 63 6 63 80.0% 64.0% 400.000 0.000 0.00 -4.90 0.00  2.00 0.00 798.00 0.0% | 1200.00   30.00 HI -50.00 -50.00
2026-09-27T09:14:54.653,DEMO,DEMO,DEMO_MODE,24f8f9829bf14f26914a962224c1ad3a,F1 :    800    2 0.10 -14.44 0.54 50.00  80.0  64.0,0.00 0.00 0.00 89.38 0.54 50.00 0.10 -14.44 6 63 6 63 80.0% 64.0% 400.000 0.000 0.00 -4.90 0.00  2.00 0.00 798.00 0.0% | 1200.00   30.00 HI -50.00 -50.00
2026-09-27T09:14:54.774,DEMO,DEMO,DEMO_MODE,24f8f9829bf14f26914a962224c1ad3a,F1 :    800    2 0.10 -14.44 0.54 50.00  80.0  64.0,0.00 0.00 0.00 89.38 0.54 50.00 0.10 -14.44 6 63 6 63 80.0% 64.0% 400.000 0.000 0.00 -4.90 0.00  2.00 0.00 798.00 0.0% | 1200.00   30.00 HI -50.00 -50.00
2026-09-27T09:14:54.895,DEMO,DEMO,DEMO_MODE,24f8f9829bf14f26914a962224c1ad3a,F1 :    800    2 0.10 -14.44 0.54 50.00  80.0  64.0,0.00 0.00 0.00 89.38 0.54 50.00 0.10 -14.44 6 63 6 63 80.0% 64.0% 400.000 0.000 0.00 -4.90 0.00  2.00 0.00 798.00 0.0% | 1200.00   30.00 HI -50.00 -50.00
2026-09-27T09:14:55.016,DEMO,DEMO,DEMO_MODE,24f8f9829bf14f26914a962224c1ad3a,F1 :    800    2 0.10 -14.44 0.54 50.00  80.0  64.0,0.00 0.00 0.00 89.38 0.54 50.00 0.10 -14.44 6 63 6 63 80.0% 64.0% 400.000 0.000 0.00 -4.90 0.00  2.00 0.00 798.00 0.0% | 1200.00   30.00 HI -50.00 -50.00
2026-09-27T09:14:55.136,DEMO,DEMO,DEMO_MODE,24f8f9829bf14f26914a962224c1ad3a,F1 :    800    2 0.10 -14.44 0.54 50.00  80.0  64.0,0.00 0.00 0.00 89.38 0.54 50.00 0.10 -14.44 6 63 6 63 80.0% 64.0% 400.000 0.000 0.00 -4.90 0.00  2.00 0.00 798.00 0.0% | 1200.00   30.00 HI -50.00 -50.00
2026-09-27T09:14:55.257,DEMO,DEMO,DEMO_MODE,24f8f9829bf14f26914a962224c1ad3a,F1 :    800    2 0.10 -14.44 0.54 50.00  80.0  64.0,0.00 0.00 0.00 89.38 0.54 50.00 0.10 -14.44 6 63 6 63 80.0% 64.0% 400.000 0.000 0.00 -4.90 0.00  2.00 0.00 798.00 0.0% | 1200.00   30.00 HI -50.00 -50.00
2026-09-27T09:14:55.378,DEMO,DEMO,DEMO_MODE,24f8f9829bf14f26914a962224c1ad3a,F1 :    800    2 0.10 -14.44 0.54 50.00  80.0  64.0,0.00 0.00 0.00 89.38 0.54 50.00 0.10 -14.44 6 63 6 63 80.0% 64.0% 400.000 0.000 0.00 -4.90 0.00  2.00 0.00 798.00 0.0% | 1200.00   30.00 HI -50.00 -50.00
2026-09-27T09:14:55.499,DEMO,DEMO,DEMO_MODE,24f8f9829bf14f26914a962224c1ad3a,F1 :    800    2 0.10 -14.44 0.54 50.00  80.0  64.0,0.00 0.00 0.00 89.38 0.54 50.00 0.10 -14.44 6 63 6 63 80.0% 64.0% 400.000 0.000 0.00 -4.90 0.00  2.00 0.00 798.00 0.0% | 1200.00   30.00 HI -50.00 -50.00
2026-09-27T09:14:55.619,DEMO,DEMO,DEMO_MODE,24f8f9829bf14f26914a962224c1ad3a,F1 :    800    2 0.10 -14.44 0.54 50.00  80.0  64.0,0.00 0.00 0.00 89.38 0.54 50.00 0.10 -14.44 6 63 6 63 80.0% 64.0% 400.000 0.000 0.00 -4.90 0.00  2.00 0.00 798.00 0.0% | 1200.00   30.00 HI -50.00 -50.00
2026-09-27T09:14:55.740,DEMO,DEMO,DEMO_MODE,24f8f9829bf14f26914a962224c1ad3a,F1 :    800    2 0.10 -14.44 0.54 50.00  80.0  64.0,0.00 0.00 0.00 89.38 0.54 50.00 0.10 -14.44 6 63 6 63 80.0% 64.0% 400.000 0.000 0.00 -4.90 0.00  2.00 0.00 798.00 0.0% | 1200.00   30.00 HI -50.00 -50.00
2026-09-27T09:14:55.861,DEMO,DEMO,DEMO_MODE,24f8f9829bf14f26914a962224c1ad3a,F1 :    800    2 0.10 -14.44 0.54 50.00  80.0  64.0,0.00 0.00 0.00 89.38 0.54 50.00 0.10 -14.44 6 63 6 63 80.0% 64.0% 400.000 0.000 0.00 -4.90 0.00  2.00 0.00 798.00 0.0% | 1200.00   30.00 HI -50.00 -50.00
2026-09-27T09:14:55.982,DEMO,DEMO,DEMO_MODE,24f8f9829bf14f26914a962224c1ad3a,F1 :    800    2 0.10 -14.44 0.54 50.00  80.0  68.0,0.00 0.00 0.00 89.38 0.54 50.00 0.10 -14.44 6 63 6 63 80.0% 68.0% 400.000 0.000 0.00 -4.90 0.00  2.00 0.00 798.00 0.0% | 1200.00   30.00 HI -50.00 -50.00
2026-09-27T09:14:56.102,DEMO,DEMO,DEMO_MODE,24f8f9829bf14f26914a962224c1ad3a,F1 :    800    2 0.10 -14.44 0.54 50.00  80.0  68.0,0.00 0.00 0.00 89.38 0.54 50.00 0.10 -14.44 6 63 6 63 80.0% 68.0% 400.000 0.000 0.00 -4.90 0.00  2.00 0.00 798.00 0.0% | 1200.00   30.00 HI -50.00 -50.00
2026-09-27T09:14:56.228,DEMO,DEMO,DEMO_MODE,24f8f9829bf14f26914a962224c1ad3a,F1 :    800    2 0.10 -14.44 0.54 50.00  80.0  68.0,0.00 0.00 0.00 89.38 0.54 50.00 0.10 -14.44 6 63 6 63 80.0% 68.0% 400.000 0.000 0.00 -4.90 0.00  2.00 0.00 798.00 0.0% | 1200.00   30.00 HI -50.00 -50.00
2026-09-27T09:14:56.348,DEMO,DEMO,DEMO_MODE,24f8f9829bf14f26914a962224c1ad3a,F1 :    800    2 0.10 -14.44 0.54 50.00  80.0  68.0,0.00 0.00 0.00 89.38 0.54 50.00 0.10 -14.44 6 63 6 63 80.0% 68.0% 400.000 0.000 0.00 -4.90 0.00  2.00 0.00 798.00 0.0% | 1200.00   30.00 HI -50.00 -50.00
2026-09-27T09:14:56.476,DEMO,DEMO,DEMO_MODE,24f8f9829bf14f26914a962224c1ad3a,F1 :    800    2 0.10 -14.44 0.54 50.00  80.0  68.0,0.00 0.00 0.00 89.38 0.54 50.00 0.10 -14.44 6 63 6 63 80.0% 68.0% 400.000 0.000 0.00 -4.90 0.00  2.00 0.00 798.00 0.0% | 1200.00   30.00 HI -50.00 -50.00
2026-09-27T09:14:56.596,DEMO,DEMO,DEMO_MODE,24f8f9829bf14f26914a962224c1ad3a,F1 :    800    2 0.10 -14.44 0.54 50.00  80.0  68.0,0.00 0.00 0.00 89.38 0.54 50.00 0.10 -14.44 6 63 6 63 80.0% 68.0% 400.000 0.000 0.00 -4.90 0.00  2.00 0.00 798.00 0.0% | 1200.00   30.00 HI -50.00 -50.00
2026-09-27T09:14:56.722,DEMO,DEMO,DEMO_MODE,24f8f9829bf14f26914a962224c1ad3a,F1 :    800    2 0.10 -14.44 0.54 50.00  80.0  68.0,0.00 0.00 0.00 89.38 0.54 50.00 0.10 -14.44 6 63 6 63 80.0% 68.0% 400.000 0.000 0.00 -4.90 0.00  2.00 0.00 798.00 0.0% | 1200.00   30.00 HI -50.00 -50.00
2026-09-27T09:14:56.853,DEMO,DEMO,DEMO_MODE,24f8f9829bf14f26914a962224c1ad3a,F1 :    800    2 0.10 -14.44 0.54 50.00  80.0  68.0,0.00 0.00 0.00 89.38 0.54 50.00 0.10 -14.44 6 63 6 63 80.0% 68.0% 400.000 0.000 0.00 -4.90 0.00  2.00 0.00 798.00 0.0% | 1200.00   30.00 HI -50.00 -50.00
2026-09-27T09:14:56.979,DEMO,DEMO,DEMO_MODE,24f8f9829bf14f26914a962224c1ad3a,F1 :    800    2 0.10 -14.44 0.54 50.00  80.0  68.0,0.00 0.00 0.00 89.38 0.54 50.00 0.10 -14.44 6 63 6 63 80.0% 68.0% 400.000 0.000 0.00 -4.90 0.00  2.00 0.00 798.00 0.0% | 1200.00   30.00 HI -50.00 -50.00
2026-09-27T09:14:57.099,DEMO,DEMO,DEMO_MODE,24f8f9829bf14f26914a962224c1ad3a,F1 :    800    2 0.10 -14.44 0.54 50.00  80.0  68.0,0.00 0.00 0.00 89.38 0.54 50.00 0.10 -14.44 6 63 6 63 80.0% 68.0% 400.000 0.000 0.00 -4.90 0.00  2.00 0.00 798.00 0.0% | 1200.00   30.00 HI -50.00 -50.00
2026-09-27T09:14:57.225,DEMO,DEMO,DEMO_MODE,24f8f9829bf14f26914a962224c1ad3a,F1 :    800    2 0.10 -14.44 0.54 50.00  80.0  68.0,0.00 0.00 0.00 89.38 0.54 50.00 0.10 -14.44 6 63 6 63 80.0% 68.0% 400.000 0.000 0.00 -4.90 0.00  2.00 0.00 798.00 0.0% | 1200.00   30.00 HI -50.00 -50.00
2026-09-27T09:14:57.346,DEMO,DEMO,DEMO_MODE,24f8f9829bf14f26914a962224c1ad3a,F1 :    800    2 0.10 -14.44 0.54 50.00  80.0  68.0,0.00 0.00 0.00 89.38 0.54 50.00 0.10 -14.44 6 63 6 63 80.0% 68.0% 400.000 0.000 0.00 -4.90 0.00  2.00 0.00 798.00 0.0% | 1200.00   30.00 HI -50.00 -50.00
2026-09-27T09:14:57.472,DEMO,DEMO,DEMO_MODE,24f8f9829bf14f26914a962224c1ad3a,F1 :    800    2 0.10 -14.44 0.54 50.00  80.0  68.0,0.00 0.00 0.00 89.38 0.54 50.00 0.10 -14.44 6 63 6 63 80.0% 68.0% 400.000 0.000 0.00 -4.90 0.00  2.00 0.00 798.00 0.0% | 1200.00   30.00 HI -50.00 -50.00
2026-09-27T09:14:57.592,DEMO,DEMO,DEMO_MODE,24f8f9829bf14f26914a962224c1ad3a,F1 :    800    2 0.10 -14.44 0.54 50.00  80.0  68.0,0.00 0.00 0.00 89.38 0.54 50.00 0.10 -14.44 6 63 6 63 80.0% 68.0% 400.000 0.000 0.00 -4.90 0.00  2.00 0.00 798.00 0.0% | 1200.00   30.00 HI -50.00 -50.00
2026-09-27T09:14:57.718,DEMO,DEMO,DEMO_MODE,24f8f9829bf14f26914a962224c1ad3a,F1 :    800    2 0.10 -14.44 0.54 50.00  80.0  68.0,0.00 0.00 0.00 89.38 0.54 50.00 0.10 -14.44 6 63 6 63 80.0% 68.0% 400.000 0.000 0.00 -4.90 0.00  2.00 0.00 798.00 0.0% | 1200.00   30.00 HI -50.00 -50.00
2026-09-27T09:14:57.844,DEMO,DEMO,DEMO_MODE,24f8f9829bf14f26914a962224c1ad3a,F1 :    800    2 0.10 -14.44 0.54 50.00  80.0  68.0,0.00 0.00 0.00 89.38 0.54 50.00 0.10 -14.44 6 63 6 63 80.0% 68.0% 400.000 0.000 0.00 -4.90 0.00  2.00 0.00 798.00 0.0% | 1200.00   30.00 HI -50.00 -50.00
2026-09-27T09:14:57.971,DEMO,DEMO,DEMO_MODE,24f8f9829bf14f26914a962224c1ad3a,F1 :    800    3 0.10 -14.44 0.54 50.00  80.0  68.0,0.00 0.00 0.00 89.38 0.54 50.00 0.10 -14.44 6 63 6 63 80.0% 68.0% 400.000 0.000 0.00 -4.90 0.00  1.99 0.00 797.00 0.0% | 1200.00   30.00 HI -50.00 -50.00
2026-09-27T09:14:58.091,DEMO,DEMO,DEMO_MODE,24f8f9829bf14f26914a962224c1ad3a,F1 :    800    3 0.10 -14.44 0.54 50.00  80.0  68.0,0.00 0.00 0.00 89.38 0.54 50.00 0.10 -14.44 6 63 6 63 80.0% 68.0% 400.000 0.000 0.00 -4.90 0.00  1.99 0.00 797.00 0.0% | 1200.00   30.00 HI -50.00 -50.00
2026-09-27T09:14:58.217,DEMO,DEMO,DEMO_MODE,24f8f9829bf14f26914a962224c1ad3a,F1 :    800    3 0.10 -14.44 0.54 50.00  80.0  68.0,0.00 0.00 0.00 89.38 0.54 50.00 0.10 -14.44 6 63 6 63 80.0% 68.0% 400.000 0.000 0.00 -4.90 0.00  1.99 0.00 797.00 0.0% | 1200.00   30.00 HI -50.00 -50.00
2026-09-27T09:14:58.338,DEMO,DEMO,DEMO_MODE,24f8f9829bf14f26914a962224c1ad3a,F1 :    800    3 0.10 -14.44 0.54 50.00  80.0  68.0,0.00 0.00 0.00 89.38 0.54 50.00 0.10 -14.44 6 63 6 63 80.0% 68.0% 400.000 0.000 0.00 -4.90 0.00  1.99 0.00 797.00 0.0% | 1200.00   30.00 HI -50.00 -50.00
2026-09-27T09:14:58.464,DEMO,DEMO,DEMO_MODE,24f8f9829bf14f26914a962224c1ad3a,F1 :    800    3 0.10 -14.44 0.54 50.00  80.0  68.0,0.00 0.00 0.00 89.38 0.54 50.00 0.10 -14.44 6 63 6 63 80.0% 68.0% 400.000 0.000 0.00 -4.90 0.00  1.99 0.00 797.00 0.0% | 1200.00   30.00 HI -50.00 -50.00
2026-09-27T09:14:58.590,DEMO,DEMO,DEMO_MODE,24f8f9829bf14f26914a962224c1ad3a,F1 :    800    3 0.10 -14.44 0.54 50.00  80.0  68.0,0.00 0.00 0.00 89.38 0.54 50.00 0.10 -14.44 6 63 6 63 80.0% 68.0% 400.000 0.000 0.00 -4.90 0.00  1.99 0.00 797.00 0.0% | 1200.00   30.00 HI -50.00 -50.00
2026-09-27T09:14:58.716,DEMO,DEMO,DEMO_MODE,24f8f9829bf14f26914a962224c1ad3a,F1 :    800    3 0.10 -14.44 0.54 50.00  80.0  68.0,0.00 0.00 0.00 89.38 0.54 50.00 0.10 -14.44 6 63 6 63 80.0% 68.0% 400.000 0.000 0.00 -4.90 0.00  1.99 0.00 797.00 0.0% | 1200.00   30.00 HI -50.00 -50.00
2026-09-27T09:14:58.836,DEMO,DEMO,DEMO_MODE,24f8f9829bf14f26914a962224c1ad3a,F1 :    800    3 0.10 -14.44 0.54 50.00  80.0  68.0,0.00 0.00 0.00 89.38 0.54 50.00 0.10 -14.44 6 63 6 63 80.0% 68.0% 400.000 0.000 0.00 -4.90 0.00  1.99 0.00 797.00 0.0% | 1200.00   30.00 HI -50.00 -50.00
2026-09-27T09:14:58.962,DEMO,DEMO,DEMO_MODE,24f8f9829bf14f26914a962224c1ad3a,F1 :    800    3 0.10 -14.44 0.54 50.00  80.0  68.0,0.00 0.00 0.00 89.38 0.54 50.00 0.10 -14.44 6 63 6 63 80.0% 68.0% 400.000 0.000 0.00 -4.90 0.00  1.99 0.00 797.00 0.0% | 1200.00   30.00 HI -50.00 -50.00
2026-09-27T09:14:59.083,DEMO,DEMO,DEMO_MODE,24f8f9829bf14f26914a962224c1ad3a,F1 :    800    3 0.10 -14.44 0.54 50.00  80.0  68.0,0.00 0.00 0.00 89.38 0.54 50.00 0.10 -14.44 6 63 6 63 80.0% 68.0% 400.000 0.000 0.00 -4.90 0.00  1.99 0.00 797.00 0.0% | 1200.00   30.00 HI -50.00 -50.00
2026-09-27T09:14:59.210,DEMO,DEMO,DEMO_MODE,24f8f9829bf14f26914a962224c1ad3a,F1 :    800    3 0.10 -14.44 0.54 50.00  80.0  68.0,0.00 0.00 0.00 89.38 0.54 50.00 0.10 -14.44 6 63 6 63 80.0% 68.0% 400.000 0.000 0.00 -4.90 0.00  1.99 0.00 797.00 0.0% | 1200.00   30.00 HI -50.00 -50.00
2026-09-27T09:14:59.330,DEMO,DEMO,DEMO_MODE,24f8f9829bf14f26914a962224c1ad3a,F1 :    800    3 0.10 -14.44 0.54 50.00  80.0  68.0,0.00 0.00 0.00 89.38 0.54 50.00 0.10 -14.44 6 63 6 63 80.0% 68.0% 400.000 0.000 0.00 -4.90 0.00  1.99 0.00 797.00 0.0% | 1200.00   30.00 HI -50.00 -50.00
2026-09-27T09:14:59.457,DEMO,DEMO,DEMO_MODE,24f8f9829bf14f26914a962224c1ad3a,F1 :    800    3 0.10 -14.44 0.54 50.00  80.0  68.0,0.00 0.00 0.00 89.38 0.54 50.00 0.10 -14.44 6 63 6 63 80.0% 68.0% 400.000 0.000 0.00 -4.90 0.00  1.99 0.00 797.00 0.0% | 1200.00   30.00 HI -50.00 -50.00
2026-09-27T09:14:59.578,DEMO,DEMO,DEMO_MODE,24f8f9829bf14f26914a962224c1ad3a,F1 :    800    3 0.10 -14.44 0.54 50.00  80.0  68.0,0.00 0.00 0.00 89.38 0.54 50.00 0.10 -14.44 6 63 6 63 80.0% 68.0% 400.000 0.000 0.00 -4.90 0.00  1.99 0.00 797.00 0.0% | 1200.00   30.00 HI -50.00 -50.00
2026-09-27T09:14:59.705,DEMO,DEMO,DEMO_MODE,24f8f9829bf14f26914a962224c1ad3a,F1 :    800    3 0.10 -14.44 0.54 50.00  80.0  68.0,0.00 0.00 0.00 89.38 0.54 50.00 0.10 -14.44 6 63 6 63 80.0% 68.0% 400.000 0.000 0.00 -4.90 0.00  1.99 0.00 797.00 0.0% | 1200.00   30.00 HI -50.00 -50.00
2026-09-27T09:14:59.826,DEMO,DEMO,DEMO_MODE,24f8f9829bf14f26914a962224c1ad3a,F1 :    800    3 0.10 -14.44 0.54 50.00  80.0  68.0,0.00 0.00 0.00 89.38 0.54 50.00 0.10 -14.44 6 63 6 63 80.0% 68.0% 400.000 0.000 0.00 -4.90 0.00  1.99 0.00 797.00 0.0% | 1200.00   30.00 HI -50.00 -50.00
2026-09-27T09:14:59.951,DEMO,DEMO,DEMO_MODE,24f8f9829bf14f26914a962224c1ad3a,F1 :    800    3 0.10 -14.44 0.54 50.00  80.0  68.0,0.00 0.00 0.00 89.38 0.54 50.00 0.10 -14.44 6 63 6 63 80.0% 68.0% 400.000 0.000 0.00 -4.90 0.00  1.99 0.00 797.00 0.0% | 1200.00   30.00 HI -50.00 -50.00
2026-09-27T09:15:00.072,DEMO,DEMO,DEMO_MODE,24f8f9829bf14f26914a962224c1ad3a,F1 :    800    3 0.10 -14.44 0.54 50.00  80.0  68.0,0.00 0.00 0.00 89.38 0.54 50.00 0.10 -14.44 6 63 6 63 80.0% 68.0% 400.000 0.000 0.00 -4.90 0.00  1.99 0.00 797.00 0.0% | 1200.00   30.00 HI -50.00 -50.00
2026-09-27T09:15:00.199,DEMO,DEMO,DEMO_MODE,24f8f9829bf14f26914a962224c1ad3a,F1 :    800    3 0.10 -14.44 0.54 50.00  80.0  68.0,0.00 0.00 0.00 89.38 0.54 50.00 0.10 -14.44 6 63 6 63 80.0% 68.0% 400.000 0.000 0.00 -4.90 0.00  1.99 0.00 797.00 0.0% | 1200.00   30.00 HI -50.00 -50.00
2026-09-27T09:15:00.320,DEMO,DEMO,DEMO_MODE,24f8f9829bf14f26914a962224c1ad3a,F1 :    800    3 0.10 -14.44 0.54 50.00  80.0  68.0,0.00 0.00 0.00 89.38 0.54 50.00 0.10 -14.44 6 63 6 63 80.0% 68.0% 400.000 0.000 0.00 -4.90 0.00  1.99 0.00 797.00 0.0% | 1200.00   30.00 HI -50.00 -50.00
2026-09-27T09:15:00.445,DEMO,DEMO,DEMO_MODE,24f8f9829bf14f26914a962224c1ad3a,F1 :    800    3 0.10 -14.44 0.54 50.00  80.0  68.0,0.00 0.00 0.00 89.38 0.54 50.00 0.10 -14.44 6 63 6 63 80.0% 68.0% 400.000 0.000 0.00 -4.90 0.00  1.99 0.00 797.00 0.0% | 1200.00   30.00 HI -50.00 -50.00
2026-09-27T09:15:00.565,DEMO,DEMO,DEMO_MODE,24f8f9829bf14f26914a962224c1ad3a,F1 :    800    3 0.10 -14.44 0.54 50.00  80.0  68.0,0.00 0.00 0.00 89.38 0.54 50.00 0.10 -14.44 6 63 6 63 80.0% 68.0% 400.000 0.000 0.00 -4.90 0.00  1.99 0.00 797.00 0.0% | 1200.00   30.00 HI -50.00 -50.00
2026-09-27T09:15:00.691,DEMO,DEMO,DEMO_MODE,24f8f9829bf14f26914a962224c1ad3a,F1 :    800    3 0.10 -14.44 0.54 50.00  80.0  68.0,0.00 0.00 0.00 89.38 0.54 50.00 0.10 -14.44 6 63 6 63 80.0% 68.0% 400.000 0.000 0.00 -4.90 0.00  1.99 0.00 797.00 0.0% | 1200.00   30.00 HI -50.00 -50.00
2026-09-27T09:15:00.812,DEMO,DEMO,DEMO_MODE,24f8f9829bf14f26914a962224c1ad3a,F1 :    800    3 0.10 -14.44 0.54 50.00  80.0  68.0,0.00 0.00 0.00 89.38 0.54 50.00 0.10 -14.44 6 63 6 63 80.0% 68.0% 400.000 0.000 0.00 -4.90 0.00  1.99 0.00 797.00 0.0% | 1200.00   30.00 HI -50.00 -50.00
2026-09-27T09:15:00.939,DEMO,DEMO,DEMO_MODE,24f8f9829bf14f26914a962224c1ad3a,F1 :    800    3 0.10 -14.44 0.54 50.00  80.0  68.0,0.00 0.00 0.00 89.38 0.54 50.00 0.10 -14.44 6 63 6 63 80.0% 68.0% 400.000 0.000 0.00 -4.90 0.00  1.99 0.00 797.00 0.0% | 1200.00   30.00 HI -50.00 -50.00
2026-09-27T09:15:01.060,DEMO,DEMO,DEMO_MODE,24f8f9829bf14f26914a962224c1ad3a,F1 :    900    3 0.10 -14.44 0.54 50.00  90.0  72.0,0.00 0.00 0.00 89.38 0.54 50.00 0.10 -14.44 6 63 6 63 90.0% 72.0% 450.000 0.000 0.00 -4.90 0.00  1.99 0.00 897.00 0.0% | 1200.00   40.00 HI -50.00 -50.00
2026-09-27T09:15:01.186,DEMO,DEMO,DEMO_MODE,24f8f9829bf14f26914a962224c1ad3a,F1 :    900    3 0.10 -14.44 0.54 50.00  90.0  72.0,0.00 0.00 0.00 89.38 0.54 50.00 0.10 -14.44 6 63 6 63 90.0% 72.0% 450.000 0.000 0.00 -4.90 0.00  1.99 0.00 897.00 0.0% | 1200.00   40.00 HI -50.00 -50.00
2026-09-27T09:15:01.307,DEMO,DEMO,DEMO_MODE,24f8f9829bf14f26914a962224c1ad3a,F1 :    900    3 0.10 -14.44 0.54 50.00  90.0  72.0,0.00 0.00 0.00 89.38 0.54 50.00 0.10 -14.44 6 63 6 63 90.0% 72.0% 450.000 0.000 0.00 -4.90 0.00  1.99 0.00 897.00 0.0% | 1200.00   40.00 HI -50.00 -50.00
2026-09-27T09:15:01.433,DEMO,DEMO,DEMO_MODE,24f8f9829bf14f26914a962224c1ad3a,F1 :    900    3 0.10 -14.44 0.54 50.00  90.0  72.0,0.00 0.00 0.00 89.38 0.54 50.00 0.10 -14.44 6 63 6 63 90.0% 72.0% 450.000 0.000 0.00 -4.90 0.00  1.99 0.00 897.00 0.0% | 1200.00   40.00 HI -50.00 -50.00
2026-09-27T09:15:01.554,DEMO,DEMO,DEMO_MODE,24f8f9829bf14f26914a962224c1ad3a,F1 :    900    3 0.10 -14.44 0.54 50.00  90.0  72.0,0.00 0.00 0.00 89.38 0.54 50.00 0.10 -14.44 6 63 6 63 90.0% 72.0% 450.000 0.000 0.00 -4.90 0.00  1.99 0.00 897.00 0.0% | 1200.00   40.00 HI -50.00 -50.00
2026-09-27T09:15:01.680,DEMO,DEMO,DEMO_MODE,24f8f9829bf14f26914a962224c1ad3a,F1 :    900    3 0.10 -14.44 0.54 50.00  90.0  72.0,0.00 0.00 0.00 89.38 0.54 50.00 0.10 -14.44 6 63 6 63 90.0% 72.0% 450.000 0.000 0.00 -4.90 0.00  1.99 0.00 897.00 0.0% | 1200.00   40.00 HI -50.00 -50.00
2026-09-27T09:15:01.800,DEMO,DEMO,DEMO_MODE,24f8f9829bf14f26914a962224c1ad3a,F1 :    900    3 0.10 -14.44 0.54 50.00  90.0  72.0,0.00 0.00 0.00 89.38 0.54 50.00 0.10 -14.44 6 63 6 63 90.0% 72.0% 450.000 0.000 0.00 -4.90 0.00  1.99 0.00 897.00 0.0% | 1200.00   40.00 HI -50.00 -50.00
2026-09-27T09:15:01.926,DEMO,DEMO,DEMO_MODE,24f8f9829bf14f26914a962224c1ad3a,F1 :    900    3 0.10 -14.44 0.54 50.00  90.0  72.0,0.00 0.00 0.00 89.38 0.54 50.00 0.10 -14.44 6 63 6 63 90.0% 72.0% 450.000 0.000 0.00 -4.90 0.00  1.99 0.00 897.00 0.0% | 1200.00   40.00 HI -50.00 -50.00
2026-09-27T09:15:02.046,DEMO,DEMO,DEMO_MODE,24f8f9829bf14f26914a962224c1ad3a,F1 :    900    3 0.10 -14.44 0.54 50.00  90.0  72.0,0.00 0.00 0.00 89.38 0.54 50.00 0.10 -14.44 6 63 6 63 90.0% 72.0% 450.000 0.000 0.00 -4.90 0.00  1.99 0.00 897.00 0.0% | 1200.00   40.00 HI -50.00 -50.00
2026-09-27T09:15:02.173,DEMO,DEMO,DEMO_MODE,24f8f9829bf14f26914a962224c1ad3a,F1 :    900    3 0.10 -14.44 0.54 50.00  90.0  72.0,0.00 0.00 0.00 89.38 0.54 50.00 0.10 -14.44 6 63 6 63 90.0% 72.0% 450.000 0.000 0.00 -4.90 0.00  1.99 0.00 897.00 0.0% | 1200.00   40.00 HI -50.00 -50.00
2026-09-27T09:15:02.294,DEMO,DEMO,DEMO_MODE,24f8f9829bf14f26914a962224c1ad3a,F1 :    900    3 0.10 -14.44 0.54 50.00  90.0  72.0,0.00 0.00 0.00 89.38 0.54 50.00 0.10 -14.44 6 63 6 63 90.0% 72.0% 450.000 0.000 0.00 -4.90 0.00  1.99 0.00 897.00 0.0% | 1200.00   40.00 HI -50.00 -50.00
2026-09-27T09:15:02.415,DEMO,DEMO,DEMO_MODE,24f8f9829bf14f26914a962224c1ad3a,F1 :    900    3 0.10 -14.44 0.54 50.00  90.0  72.0,0.00 0.00 0.00 89.38 0.54 50.00 0.10 -14.44 6 63 6 63 90.0% 72.0% 450.000 0.000 0.00 -4.90 0.00  1.99 0.00 897.00 0.0% | 1200.00   40.00 HI -50.00 -50.00
2026-09-27T09:15:02.535,DEMO,DEMO,DEMO_MODE,24f8f9829bf14f26914a962224c1ad3a,F1 :    900    3 0.10 -14.44 0.54 50.00  90.0  72.0,0.00 0.00 0.00 89.38 0.54 50.00 0.10 -14.44 6 63 6 63 90.0% 72.0% 450.000 0.000 0.00 -4.90 0.00  1.99 0.00 897.00 0.0% | 1200.00   40.00 HI -50.00 -50.00
2026-09-27T09:15:02.656,DEMO,DEMO,DEMO_MODE,24f8f9829bf14f26914a962224c1ad3a,F1 :    900    3 0.10 -14.44 0.54 50.00  90.0  72.0,0.00 0.00 0.00 89.38 0.54 50.00 0.10 -14.44 6 63 6 63 90.0% 72.0% 450.000 0.000 0.00 -4.90 0.00  1.99 0.00 897.00 0.0% | 1200.00   40.00 HI -50.00 -50.00
2026-09-27T09:15:02.777,DEMO,DEMO,DEMO_MODE,24f8f9829bf14f26914a962224c1ad3a,F1 :    900    3 0.10 -14.44 0.54 50.00  90.0  72.0,0.00 0.00 0.00 89.38 0.54 50.00 0.10 -14.44 6 63 6 63 90.0% 72.0% 450.000 0.000 0.00 -4.90 0.00  1.99 0.00 897.00 0.0% | 1200.00   40.00 HI -50.00 -50.00
2026-09-27T09:15:02.898,DEMO,DEMO,DEMO_MODE,24f8f9829bf14f26914a962224c1ad3a,F1 :    900    3 0.10 -14.44 0.54 50.00  90.0  72.0,0.00 0.00 0.00 89.38 0.54 50.00 0.10 -14.44 6 63 6 63 90.0% 72.0% 450.000 0.000 0.00 -4.90 0.00  1.99 0.00 897.00 0.0% | 1200.00   40.00 HI -50.00 -50.00
2026-09-27T09:15:03.019,DEMO,DEMO,DEMO_MODE,24f8f9829bf14f26914a962224c1ad3a,F1 :    900    3 0.10 -14.44 0.54 50.00  90.0  72.0,0.00 0.00 0.00 89.38 0.54 50.00 0.10 -14.44 6 63 6 63 90.0% 72.0% 450.000 0.000 0.00 -4.90 0.00  1.99 0.00 897.00 0.0% | 1200.00   40.00 HI -50.00 -50.00
2026-09-27T09:15:03.140,DEMO,DEMO,DEMO_MODE,24f8f9829bf14f26914a962224c1ad3a,F1 :    900    3 0.10 -14.44 0.54 50.00  90.0  72.0,0.00 0.00 0.00 89.38 0.54 50.00 0.10 -14.44 6 63 6 63 90.0% 72.0% 450.000 0.000 0.00 -4.90 0.00  1.99 0.00 897.00 0.0% | 1200.00   40.00 HI -50.00 -50.00
2026-09-27T09:15:03.260,DEMO,DEMO,DEMO_MODE,24f8f9829bf14f26914a962224c1ad3a,F1 :    900    3 0.10 -14.44 0.54 50.00  90.0  72.0,0.00 0.00 0.00 89.38 0.54 50.00 0.10 -14.44 6 63 6 63 90.0% 72.0% 450.000 0.000 0.00 -4.90 0.00  1.99 0.00 897.00 0.0% | 1200.00   40.00 HI -50.00 -50.00
2026-09-27T09:15:03.382,DEMO,DEMO,DEMO_MODE,24f8f9829bf14f26914a962224c1ad3a,F1 :    900    3 0.10 -14.44 0.54 50.00  90.0  72.0,0.00 0.00 0.00 89.38 0.54 50.00 0.10 -14.44 6 63 6 63 90.0% 72.0% 450.000 0.000 0.00 -4.90 0.00  1.99 0.00 897.00 0.0% | 1200.00   40.00 HI -50.00 -50.00
2026-09-27T09:15:03.502,DEMO,DEMO,DEMO_MODE,24f8f9829bf14f26914a962224c1ad3a,F1 :    900    3 0.10 -14.44 0.54 50.00  90.0  72.0,0.00 0.00 0.00 89.38 0.54 50.00 0.10 -14.44 6 63 6 63 90.0% 72.0% 450.000 0.000 0.00 -4.90 0.00  1.99 0.00 897.00 0.0% | 1200.00   40.00 HI -50.00 -50.00
2026-09-27T09:15:03.623,DEMO,DEMO,DEMO_MODE,24f8f9829bf14f26914a962224c1ad3a,F1 :    900    3 0.10 -14.44 0.54 50.00  90.0  72.0,0.00 0.00 0.00 89.38 0.54 50.00 0.10 -14.44 6 63 6 63 90.0% 72.0% 450.000 0.000 0.00 -4.90 0.00  1.99 0.00 897.00 0.0% | 1200.00   40.00 HI -50.00 -50.00
2026-09-27T09:15:03.743,DEMO,DEMO,DEMO_MODE,24f8f9829bf14f26914a962224c1ad3a,F1 :    900    3 0.10 -14.44 0.54 50.00  90.0  72.0,0.00 0.00 0.00 89.38 0.54 50.00 0.10 -14.44 6 63 6 63 90.0% 72.0% 450.000 0.000 0.00 -4.90 0.00  1.99 0.00 897.00 0.0% | 1200.00   40.00 HI -50.00 -50.00
2026-09-27T09:15:03.864,DEMO,DEMO,DEMO_MODE,24f8f9829bf14f26914a962224c1ad3a,F1 :    900    3 0.10 -14.44 0.54 50.00  90.0  72.0,0.00 0.00 0.00 89.38 0.54 50.00 0.10 -14.44 6 63 6 63 90.0% 72.0% 450.000 0.000 0.00 -4.90 0.00  1.99 0.00 897.00 0.0% | 1200.00   40.00 HI -50.00 -50.00
2026-09-27T09:15:03.985,DEMO,DEMO,DEMO_MODE,24f8f9829bf14f26914a962224c1ad3a,F1 :    900    3 0.10 -14.44 0.54 50.00  90.0  72.0,0.00 0.00 0.00 89.38 0.54 50.00 0.10 -14.44 6 63 6 63 90.0% 72.0% 450.000 0.000 0.00 -4.90 0.00  1.99 0.00 897.00 0.0% | 1200.00   40.00 HI -50.00 -50.00
2026-09-27T09:15:04.106,DEMO,DEMO,DEMO_MODE,24f8f9829bf14f26914a962224c1ad3a,F1 :    900    3 0.10 -14.44 0.54 50.00  90.0  72.0,0.00 0.00 0.00 89.38 0.54 50.00 0.10 -14.44 6 63 6 63 90.0% 72.0% 450.000 0.000 0.00 -4.90 0.00  1.99 0.00 897.00 0.0% | 1200.00   40.00 HI -50.00 -50.00
2026-09-27T09:15:04.232,DEMO,DEMO,DEMO_MODE,24f8f9829bf14f26914a962224c1ad3a,F1 :    900    3 0.10 -14.44 0.54 50.00  90.0  72.0,0.00 0.00 0.00 89.38 0.54 50.00 0.10 -14.44 6 63 6 63 90.0% 72.0% 450.000 0.000 0.00 -4.90 0.00  1.99 0.00 897.00 0.0% | 1200.00   40.00 HI -50.00 -50.00
2026-09-27T09:15:04.353,DEMO,DEMO,DEMO_MODE,24f8f9829bf14f26914a962224c1ad3a,F1 :    900    3 0.10 -14.44 0.54 50.00  90.0  72.0,0.00 0.00 0.00 89.38 0.54 50.00 0.10 -14.44 6 63 6 63 90.0% 72.0% 450.000 0.000 0.00 -4.90 0.00  1.99 0.00 897.00 0.0% | 1200.00   40.00 HI -50.00 -50.00
2026-09-27T09:15:04.480,DEMO,DEMO,DEMO_MODE,24f8f9829bf14f26914a962224c1ad3a,F1 :    900    3 0.10 -14.44 0.54 50.00  90.0  72.0,0.00 0.00 0.00 89.38 0.54 50.00 0.10 -14.44 6 63 6 63 90.0% 72.0% 450.000 0.000 0.00 -4.90 0.00  1.99 0.00 897.00 0.0% | 1200.00   40.00 HI -50.00 -50.00
2026-09-27T09:15:04.600,DEMO,DEMO,DEMO_MODE,24f8f9829bf14f26914a962224c1ad3a,F1 :    900    3 0.10 -14.44 0.54 50.00  90.0  72.0,0.00 0.00 0.00 89.38 0.54 50.00 0.10 -14.44 6 63 6 63 90.0% 72.0% 450.000 0.000 0.00 -4.90 0.00  1.99 0.00 897.00 0.0% | 1200.00   40.00 HI -50.00 -50.00
2026-09-27T09:15:04.727,DEMO,DEMO,DEMO_MODE,24f8f9829bf14f26914a962224c1ad3a,F1 :    900    3 0.10 -14.44 0.54 50.00  90.0  72.0,0.00 0.00 0.00 89.38 0.54 50.00 0.10 -14.44 6 63 6 63 90.0% 72.0% 450.000 0.000 0.00 -4.90 0.00  1.99 0.00 897.00 0.0% | 1200.00   40.00 HI -50.00 -50.00
2026-09-27T09:15:04.847,DEMO,DEMO,DEMO_MODE,24f8f9829bf14f26914a962224c1ad3a,F1 :    900    3 0.10 -14.44 0.54 50.00  90.0  72.0,0.00 0.00 0.00 89.38 0.54 50.00 0.10 -14.44 6 63 6 63 90.0% 72.0% 450.000 0.000 0.00 -4.90 0.00  1.99 0.00 897.00 0.0% | 1200.00   40.00 HI -50.00 -50.00
2026-09-27T09:15:04.974,DEMO,DEMO,DEMO_MODE,24f8f9829bf14f26914a962224c1ad3a,F1 :    900    3 0.10 -14.44 0.54 50.00  90.0  72.0,0.00 0.00 0.00 89.38 0.54 50.00 0.10 -14.44 6 63 6 63 90.0% 72.0% 450.000 0.000 0.00 -4.90 0.00  1.99 0.00 897.00 0.0% | 1200.00   40.00 HI -50.00 -50.00
2026-09-27T09:15:05.094,DEMO,DEMO,DEMO_MODE,24f8f9829bf14f26914a962224c1ad3a,F1 :    900    3 0.10 -14.44 0.54 50.00  90.0  72.0,0.00 0.00 0.00 89.38 0.54 50.00 0.10 -14.44 6 63 6 63 90.0% 72.0% 450.000 0.000 0.00 -4.90 0.00  1.99 0.00 897.00 0.0% | 1200.00   40.00 HI -50.00 -50.00
2026-09-27T09:15:05.221,DEMO,DEMO,DEMO_MODE,24f8f9829bf14f26914a962224c1ad3a,F1 :    900    3 0.10 -14.44 0.54 50.00  90.0  72.0,0.00 0.00 0.00 89.38 0.54 50.00 0.10 -14.44 6 63 6 63 90.0% 72.0% 450.000 0.000 0.00 -4.90 0.00  1.99 0.00 897.00 0.0% | 1200.00   40.00 HI -50.00 -50.00
2026-09-27T09:15:05.347,DEMO,DEMO,DEMO_MODE,24f8f9829bf14f26914a962224c1ad3a,F1 :    900    3 0.10 -14.44 0.54 50.00  90.0  72.0,0.00 0.00 0.00 89.38 0.54 50.00 0.10 -14.44 6 63 6 63 90.0% 72.0% 450.000 0.000 0.00 -4.90 0.00  1.99 0.00 897.00 0.0% | 1200.00   40.00 HI -50.00 -50.00
2026-09-27T09:15:05.473,DEMO,DEMO,DEMO_MODE,24f8f9829bf14f26914a962224c1ad3a,F1 :    900    3 0.10 -14.44 0.54 50.00  90.0  72.0,0.00 0.00 0.00 89.38 0.54 50.00 0.10 -14.44 6 63 6 63 90.0% 72.0% 450.000 0.000 0.00 -4.90 0.00  1.99 0.00 897.00 0.0% | 1200.00   40.00 HI -50.00 -50.00
2026-09-27T09:15:05.594,DEMO,DEMO,DEMO_MODE,24f8f9829bf14f26914a962224c1ad3a,F1 :    900    3 0.10 -14.44 0.54 50.00  90.0  72.0,0.00 0.00 0.00 89.38 0.54 50.00 0.10 -14.44 6 63 6 63 90.0% 72.0% 450.000 0.000 0.00 -4.90 0.00  1.99 0.00 897.00 0.0% | 1200.00   40.00 HI -50.00 -50.00
2026-09-27T09:15:05.719,DEMO,DEMO,DEMO_MODE,24f8f9829bf14f26914a962224c1ad3a,F1 :    900    3 0.10 -14.44 0.54 50.00  90.0  72.0,0.00 0.00 0.00 89.38 0.54 50.00 0.10 -14.44 6 63 6 63 90.0% 72.0% 450.000 0.000 0.00 -4.90 0.00  1.99 0.00 897.00 0.0% | 1200.00   40.00 HI -50.00 -50.00
2026-09-27T09:15:05.839,DEMO,DEMO,DEMO_MODE,24f8f9829bf14f26914a962224c1ad3a,F1 :    900    3 0.10 -14.44 0.54 50.00  90.0  72.0,0.00 0.00 0.00 89.38 0.54 50.00 0.10 -14.44 6 63 6 63 90.0% 72.0% 450.000 0.000 0.00 -4.90 0.00  1.99 0.00 897.00 0.0% | 1200.00   40.00 HI -50.00 -50.00
2026-09-27T09:15:05.966,DEMO,DEMO,DEMO_MODE,24f8f9829bf14f26914a962224c1ad3a,F1 :    900    3 0.10 -14.44 0.54 50.00  90.0  72.0,0.00 0.00 0.00 89.38 0.54 50.00 0.10 -14.44 6 63 6 63 90.0% 72.0% 450.000 0.000 0.00 -4.90 0.00  1.99 0.00 897.00 0.0% | 1200.00   40.00 HI -50.00 -50.00
2026-09-27T09:15:06.097,DEMO,DEMO,DEMO_MODE,24f8f9829bf14f26914a962224c1ad3a,F1 :    900    3 0.10 -14.44 0.54 50.00  90.0  72.0,0.00 0.00 0.00 89.38 0.54 50.00 0.10 -14.44 6 63 6 63 90.0% 72.0% 450.000 0.000 0.00 -4.90 0.00  1.99 0.00 897.00 0.0% | 1200.00   40.00 HI -50.00 -50.00
2026-09-27T09:15:06.223,DEMO,DEMO,DEMO_MODE,24f8f9829bf14f26914a962224c1ad3a,F1 :    900    3 0.10 -14.44 0.54 50.00  90.0  76.0,0.00 0.00 0.00 89.38 0.54 50.00 0.10 -14.44 6 63 6 63 90.0% 76.0% 450.000 0.000 0.00 -4.90 0.00  1.99 0.00 897.00 0.0% | 1200.00   40.00 HI -50.00 -50.00
2026-09-27T09:15:06.349,DEMO,DEMO,DEMO_MODE,24f8f9829bf14f26914a962224c1ad3a,F1 :    900    3 0.10 -14.44 0.54 50.00  90.0  76.0,0.00 0.00 0.00 89.38 0.54 50.00 0.10 -14.44 6 63 6 63 90.0% 76.0% 450.000 0.000 0.00 -4.90 0.00  1.99 0.00 897.00 0.0% | 1200.00   40.00 HI -50.00 -50.00
2026-09-27T09:15:06.475,DEMO,DEMO,DEMO_MODE,24f8f9829bf14f26914a962224c1ad3a,F1 :    900    3 0.10 -14.44 0.54 50.00  90.0  76.0,0.00 0.00 0.00 89.38 0.54 50.00 0.10 -14.44 6 63 6 63 90.0% 76.0% 450.000 0.000 0.00 -4.90 0.00  1.99 0.00 897.00 0.0% | 1200.00   40.00 HI -50.00 -50.00
2026-09-27T09:15:06.596,DEMO,DEMO,DEMO_MODE,24f8f9829bf14f26914a962224c1ad3a,F1 :    900    3 0.10 -14.44 0.54 50.00  90.0  76.0,0.00 0.00 0.00 89.38 0.54 50.00 0.10 -14.44 6 63 6 63 90.0% 76.0% 450.000 0.000 0.00 -4.90 0.00  1.99 0.00 897.00 0.0% | 1200.00   40.00 HI -50.00 -50.00
2026-09-27T09:15:06.722,DEMO,DEMO,DEMO_MODE,24f8f9829bf14f26914a962224c1ad3a,F1 :    900    3 0.10 -14.44 0.54 50.00  90.0  76.0,0.00 0.00 0.00 89.38 0.54 50.00 0.10 -14.44 6 63 6 63 90.0% 76.0% 450.000 0.000 0.00 -4.90 0.00  1.99 0.00 897.00 0.0% | 1200.00   40.00 HI -50.00 -50.00
2026-09-27T09:15:06.842,DEMO,DEMO,DEMO_MODE,24f8f9829bf14f26914a962224c1ad3a,F1 :    900    3 0.10 -14.44 0.54 50.00  90.0  76.0,0.00 0.00 0.00 89.38 0.54 50.00 0.10 -14.44 6 63 6 63 90.0% 76.0% 450.000 0.000 0.00 -4.90 0.00  1.99 0.00 897.00 0.0% | 1200.00   40.00 HI -50.00 -50.00
2026-09-27T09:15:06.969,DEMO,DEMO,DEMO_MODE,24f8f9829bf14f26914a962224c1ad3a,F1 :    900    3 0.10 -14.44 0.54 50.00  90.0  76.0,0.00 0.00 0.00 89.38 0.54 50.00 0.10 -14.44 6 63 6 63 90.0% 76.0% 450.000 0.000 0.00 -4.90 0.00  1.99 0.00 897.00 0.0% | 1200.00   40.00 HI -50.00 -50.00
2026-09-27T09:15:07.090,DEMO,DEMO,DEMO_MODE,24f8f9829bf14f26914a962224c1ad3a,F1 :    900    3 0.10 -14.44 0.54 50.00  90.0  76.0,0.00 0.00 0.00 89.38 0.54 50.00 0.10 -14.44 6 63 6 63 90.0% 76.0% 450.000 0.000 0.00 -4.90 0.00  1.99 0.00 897.00 0.0% | 1200.00   40.00 HI -50.00 -50.00
2026-09-27T09:15:07.217,DEMO,DEMO,DEMO_MODE,24f8f9829bf14f26914a962224c1ad3a,F1 :    900    4 0.10 -14.44 0.54 50.00  90.0  76.0,0.00 0.00 0.00 89.38 0.54 50.00 0.10 -14.44 6 63 6 63 90.0% 76.0% 450.000 0.000 0.00 -4.90 0.00  1.99 0.00 896.00 0.0% | 1200.00   40.00 HI -50.00 -50.00
2026-09-27T09:15:07.338,DEMO,DEMO,DEMO_MODE,24f8f9829bf14f26914a962224c1ad3a,F1 :    900    4 0.10 -14.44 0.54 50.00  90.0  76.0,0.00 0.00 0.00 89.38 0.54 50.00 0.10 -14.44 6 63 6 63 90.0% 76.0% 450.000 0.000 0.00 -4.90 0.00  1.99 0.00 896.00 0.0% | 1200.00   40.00 HI -50.00 -50.00
2026-09-27T09:15:07.464,DEMO,DEMO,DEMO_MODE,24f8f9829bf14f26914a962224c1ad3a,F1 :    900    4 0.10 -14.44 0.54 50.00  90.0  76.0,0.00 0.00 0.00 89.38 0.54 50.00 0.10 -14.44 6 63 6 63 90.0% 76.0% 450.000 0.000 0.00 -4.90 0.00  1.99 0.00 896.00 0.0% | 1200.00   40.00 HI -50.00 -50.00
2026-09-27T09:15:07.585,DEMO,DEMO,DEMO_MODE,24f8f9829bf14f26914a962224c1ad3a,F1 :    900    4 0.10 -14.44 0.54 50.00  90.0  76.0,0.00 0.00 0.00 89.38 0.54 50.00 0.10 -14.44 6 63 6 63 90.0% 76.0% 450.000 0.000 0.00 -4.90 0.00  1.99 0.00 896.00 0.0% | 1200.00   40.00 HI -50.00 -50.00
2026-09-27T09:15:07.710,DEMO,DEMO,DEMO_MODE,24f8f9829bf14f26914a962224c1ad3a,F1 :    900    4 0.10 -14.44 0.54 50.00  90.0  76.0,0.00 0.00 0.00 89.38 0.54 50.00 0.10 -14.44 6 63 6 63 90.0% 76.0% 450.000 0.000 0.00 -4.90 0.00  1.99 0.00 896.00 0.0% | 1200.00   40.00 HI -50.00 -50.00
2026-09-27T09:15:07.831,DEMO,DEMO,DEMO_MODE,24f8f9829bf14f26914a962224c1ad3a,F1 :    900    4 0.10 -14.44 0.54 50.00  90.0  76.0,0.00 0.00 0.00 89.38 0.54 50.00 0.10 -14.44 6 63 6 63 90.0% 76.0% 450.000 0.000 0.00 -4.90 0.00  1.99 0.00 896.00 0.0% | 1200.00   40.00 HI -50.00 -50.00
2026-09-27T09:15:07.956,DEMO,DEMO,DEMO_MODE,24f8f9829bf14f26914a962224c1ad3a,F1 :    900    4 0.10 -14.44 0.54 50.00  90.0  76.0,0.00 0.00 0.00 89.38 0.54 50.00 0.10 -14.44 6 63 6 63 90.0% 76.0% 450.000 0.000 0.00 -4.90 0.00  1.99 0.00 896.00 0.0% | 1200.00   40.00 HI -50.00 -50.00
2026-09-27T09:15:08.077,DEMO,DEMO,DEMO_MODE,24f8f9829bf14f26914a962224c1ad3a,F1 :    900    4 0.10 -14.44 0.54 50.00  90.0  76.0,0.00 0.00 0.00 89.38 0.54 50.00 0.10 -14.44 6 63 6 63 90.0% 76.0% 450.000 0.000 0.00 -4.90 0.00  1.99 0.00 896.00 0.0% | 1200.00   40.00 HI -50.00 -50.00
2026-09-27T09:15:08.203,DEMO,DEMO,DEMO_MODE,24f8f9829bf14f26914a962224c1ad3a,F1 :    900    4 0.10 -14.44 0.54 50.00  90.0  76.0,0.00 0.00 0.00 89.38 0.54 50.00 0.10 -14.44 6 63 6 63 90.0% 76.0% 450.000 0.000 0.00 -4.90 0.00  1.99 0.00 896.00 0.0% | 1200.00   40.00 HI -50.00 -50.00
2026-09-27T09:15:08.324,DEMO,DEMO,DEMO_MODE,24f8f9829bf14f26914a962224c1ad3a,F1 :    900    4 0.10 -14.44 0.54 50.00  90.0  76.0,0.00 0.00 0.00 89.38 0.54 50.00 0.10 -14.44 6 63 6 63 90.0% 76.0% 450.000 0.000 0.00 -4.90 0.00  1.99 0.00 896.00 0.0% | 1200.00   40.00 HI -50.00 -50.00
2026-09-27T09:15:08.451,DEMO,DEMO,DEMO_MODE,24f8f9829bf14f26914a962224c1ad3a,F1 :    900    4 0.10 -14.44 0.54 50.00  90.0  76.0,0.00 0.00 0.00 89.38 0.54 50.00 0.10 -14.44 6 63 6 63 90.0% 76.0% 450.000 0.000 0.00 -4.90 0.00  1.99 0.00 896.00 0.0% | 1200.00   40.00 HI -50.00 -50.00
2026-09-27T09:15:08.571,DEMO,DEMO,DEMO_MODE,24f8f9829bf14f26914a962224c1ad3a,F1 :    900    4 0.10 -14.44 0.54 50.00  90.0  76.0,0.00 0.00 0.00 89.38 0.54 50.00 0.10 -14.44 6 63 6 63 90.0% 76.0% 450.000 0.000 0.00 -4.90 0.00  1.99 0.00 896.00 0.0% | 1200.00   40.00 HI -50.00 -50.00
2026-09-27T09:15:08.698,DEMO,DEMO,DEMO_MODE,24f8f9829bf14f26914a962224c1ad3a,F1 :    900    4 0.10 -14.44 0.54 50.00  90.0  76.0,0.00 0.00 0.00 89.38 0.54 50.00 0.10 -14.44 6 63 6 63 90.0% 76.0% 450.000 0.000 0.00 -4.90 0.00  1.99 0.00 896.00 0.0% | 1200.00   40.00 HI -50.00 -50.00
2026-09-27T09:15:08.818,DEMO,DEMO,DEMO_MODE,24f8f9829bf14f26914a962224c1ad3a,F1 :    900    4 0.10 -14.44 0.54 50.00  90.0  76.0,0.00 0.00 0.00 89.38 0.54 50.00 0.10 -14.44 6 63 6 63 90.0% 76.0% 450.000 0.000 0.00 -4.90 0.00  1.99 0.00 896.00 0.0% | 1200.00   40.00 HI -50.00 -50.00
2026-09-27T09:15:08.944,DEMO,DEMO,DEMO_MODE,24f8f9829bf14f26914a962224c1ad3a,F1 :    900    4 0.10 -14.44 0.54 50.00  90.0  76.0,0.00 0.00 0.00 89.38 0.54 50.00 0.10 -14.44 6 63 6 63 90.0% 76.0% 450.000 0.000 0.00 -4.90 0.00  1.99 0.00 896.00 0.0% | 1200.00   40.00 HI -50.00 -50.00
2026-09-27T09:15:09.077,DEMO,DEMO,DEMO_MODE,24f8f9829bf14f26914a962224c1ad3a,F1 :    900    4 0.10 -14.44 0.54 50.00  90.0  76.0,0.00 0.00 0.00 89.38 0.54 50.00 0.10 -14.44 6 63 6 63 90.0% 76.0% 450.000 0.000 0.00 -4.90 0.00  1.99 0.00 896.00 0.0% | 1200.00   40.00 HI -50.00 -50.00
2026-09-27T09:15:09.202,DEMO,DEMO,DEMO_MODE,24f8f9829bf14f26914a962224c1ad3a,F1 :    900    4 0.10 -14.44 0.54 50.00  90.0  76.0,0.00 0.00 0.00 89.38 0.54 50.00 0.10 -14.44 6 63 6 63 90.0% 76.0% 450.000 0.000 0.00 -4.90 0.00  1.99 0.00 896.00 0.0% | 1200.00   40.00 HI -50.00 -50.00
2026-09-27T09:15:09.323,DEMO,DEMO,DEMO_MODE,24f8f9829bf14f26914a962224c1ad3a,F1 :    900    4 0.10 -14.44 0.54 50.00  90.0  76.0,0.00 0.00 0.00 89.38 0.54 50.00 0.10 -14.44 6 63 6 63 90.0% 76.0% 450.000 0.000 0.00 -4.90 0.00  1.99 0.00 896.00 0.0% | 1200.00   40.00 HI -50.00 -50.00
2026-09-27T09:15:09.450,DEMO,DEMO,DEMO_MODE,24f8f9829bf14f26914a962224c1ad3a,F1 :    900    4 0.10 -14.44 0.54 50.00  90.0  76.0,0.00 0.00 0.00 89.38 0.54 50.00 0.10 -14.44 6 63 6 63 90.0% 76.0% 450.000 0.000 0.00 -4.90 0.00  1.99 0.00 896.00 0.0% | 1200.00   40.00 HI -50.00 -50.00
2026-09-27T09:15:09.571,DEMO,DEMO,DEMO_MODE,24f8f9829bf14f26914a962224c1ad3a,F1 :    900    4 0.10 -14.44 0.54 50.00  90.0  76.0,0.00 0.00 0.00 89.38 0.54 50.00 0.10 -14.44 6 63 6 63 90.0% 76.0% 450.000 0.000 0.00 -4.90 0.00  1.99 0.00 896.00 0.0% | 1200.00   40.00 HI -50.00 -50.00
2026-09-27T09:15:09.698,DEMO,DEMO,DEMO_MODE,24f8f9829bf14f26914a962224c1ad3a,F1 :    900    4 0.10 -14.44 0.54 50.00  90.0  76.0,0.00 0.00 0.00 89.38 0.54 50.00 0.10 -14.44 6 63 6 63 90.0% 76.0% 450.000 0.000 0.00 -4.90 0.00  1.99 0.00 896.00 0.0% | 1200.00   40.00 HI -50.00 -50.00
2026-09-27T09:15:09.819,DEMO,DEMO,DEMO_MODE,24f8f9829bf14f26914a962224c1ad3a,F1 :    900    4 0.10 -14.44 0.54 50.00  90.0  76.0,0.00 0.00 0.00 89.38 0.54 50.00 0.10 -14.44 6 63 6 63 90.0% 76.0% 450.000 0.000 0.00 -4.90 0.00  1.99 0.00 896.00 0.0% | 1200.00   40.00 HI -50.00 -50.00
2026-09-27T09:15:09.945,DEMO,DEMO,DEMO_MODE,24f8f9829bf14f26914a962224c1ad3a,F1 :    900    4 0.10 -14.44 0.54 50.00  90.0  76.0,0.00 0.00 0.00 89.38 0.54 50.00 0.10 -14.44 6 63 6 63 90.0% 76.0% 450.000 0.000 0.00 -4.90 0.00  1.99 0.00 896.00 0.0% | 1200.00   40.00 HI -50.00 -50.00
2026-09-27T09:15:10.066,DEMO,DEMO,DEMO_MODE,24f8f9829bf14f26914a962224c1ad3a,F1 :    900    4 0.10 -14.44 0.54 50.00  90.0  76.0,0.00 0.00 0.00 89.38 0.54 50.00 0.10 -14.44 6 63 6 63 90.0% 76.0% 450.000 0.000 0.00 -4.90 0.00  1.99 0.00 896.00 0.0% | 1200.00   40.00 HI -50.00 -50.00
2026-09-27T09:15:10.191,DEMO,DEMO,DEMO_MODE,24f8f9829bf14f26914a962224c1ad3a,F1 :    900    4 0.10 -14.44 0.54 50.00  90.0  76.0,0.00 0.00 0.00 89.38 0.54 50.00 0.10 -14.44 6 63 6 63 90.0% 76.0% 450.000 0.000 0.00 -4.90 0.00  1.99 0.00 896.00 0.0% | 1200.00   40.00 HI -50.00 -50.00
2026-09-27T09:15:10.317,DEMO,DEMO,DEMO_MODE,24f8f9829bf14f26914a962224c1ad3a,F1 :    900    4 0.10 -14.44 0.54 50.00  90.0  76.0,0.00 0.00 0.00 89.38 0.54 50.00 0.10 -14.44 6 63 6 63 90.0% 76.0% 450.000 0.000 0.00 -4.90 0.00  1.99 0.00 896.00 0.0% | 1200.00   40.00 HI -50.00 -50.00
2026-09-27T09:15:10.444,DEMO,DEMO,DEMO_MODE,24f8f9829bf14f26914a962224c1ad3a,F1 :    900    4 0.10 -14.44 0.54 50.00  90.0  76.0,0.00 0.00 0.00 89.38 0.54 50.00 0.10 -14.44 6 63 6 63 90.0% 76.0% 450.000 0.000 0.00 -4.90 0.00  1.99 0.00 896.00 0.0% | 1200.00   40.00 HI -50.00 -50.00
2026-09-27T09:15:10.564,DEMO,DEMO,DEMO_MODE,24f8f9829bf14f26914a962224c1ad3a,F1 :    900    4 0.10 -14.44 0.54 50.00  90.0  76.0,0.00 0.00 0.00 89.38 0.54 50.00 0.10 -14.44 6 63 6 63 90.0% 76.0% 450.000 0.000 0.00 -4.90 0.00  1.99 0.00 896.00 0.0% | 1200.00   40.00 HI -50.00 -50.00
2026-09-27T09:15:10.690,DEMO,DEMO,DEMO_MODE,24f8f9829bf14f26914a962224c1ad3a,F1 :    900    4 0.10 -14.44 0.54 50.00  90.0  76.0,0.00 0.00 0.00 89.38 0.54 50.00 0.10 -14.44 6 63 6 63 90.0% 76.0% 450.000 0.000 0.00 -4.90 0.00  1.99 0.00 896.00 0.0% | 1200.00   40.00 HI -50.00 -50.00
2026-09-27T09:15:10.811,DEMO,DEMO,DEMO_MODE,24f8f9829bf14f26914a962224c1ad3a,F1 :    900    4 0.10 -14.44 0.54 50.00  90.0  76.0,0.00 0.00 0.00 89.38 0.54 50.00 0.10 -14.44 6 63 6 63 90.0% 76.0% 450.000 0.000 0.00 -4.90 0.00  1.99 0.00 896.00 0.0% | 1200.00   40.00 HI -50.00 -50.00
2026-09-27T09:15:10.938,DEMO,DEMO,DEMO_MODE,24f8f9829bf14f26914a962224c1ad3a,F1 :    900    4 0.10 -14.44 0.54 50.00  90.0  76.0,0.00 0.00 0.00 89.38 0.54 50.00 0.10 -14.44 6 63 6 63 90.0% 76.0% 450.000 0.000 0.00 -4.90 0.00  1.99 0.00 896.00 0.0% | 1200.00   40.00 HI -50.00 -50.00
2026-09-27T09:15:11.068,DEMO,DEMO,DEMO_MODE,24f8f9829bf14f26914a962224c1ad3a,F1 :    900    4 0.10 -14.44 0.54 50.00  90.0  76.0,0.00 0.00 0.00 89.38 0.54 50.00 0.10 -14.44 6 63 6 63 90.0% 76.0% 450.000 0.000 0.00 -4.90 0.00  1.99 0.00 896.00 0.0% | 1200.00   40.00 HI -50.00 -50.00
2026-09-27T09:15:11.195,DEMO,DEMO,DEMO_MODE,24f8f9829bf14f26914a962224c1ad3a,F1 :    900    4 0.10 -14.44 0.54 50.00  90.0  76.0,0.00 0.00 0.00 89.38 0.54 50.00 0.10 -14.44 6 63 6 63 90.0% 76.0% 450.000 0.000 0.00 -4.90 0.00  1.99 0.00 896.00 0.0% | 1200.00   40.00 HI -50.00 -50.00
2026-09-27T09:15:11.316,DEMO,DEMO,DEMO_MODE,24f8f9829bf14f26914a962224c1ad3a,F1 :    900    4 0.10 -14.44 0.54 50.00  90.0  76.0,0.00 0.00 0.00 89.38 0.54 50.00 0.10 -14.44 6 63 6 63 90.0% 76.0% 450.000 0.000 0.00 -4.90 0.00  1.99 0.00 896.00 0.0% | 1200.00   40.00 HI -50.00 -50.00
2026-09-27T09:15:11.442,DEMO,DEMO,DEMO_MODE,24f8f9829bf14f26914a962224c1ad3a,F1 :      0    4 0.10 -14.44 0.54 50.00   0.0   0.0,0.00 0.00 0.00 89.38 0.54 50.00 0.10 -14.44 6 63 6 63  0.0%  0.0%  0.000 0.000 0.00 -4.90 0.00  0.00 0.00   0.00 0.0% | 1200.00  -50.00 HI -50.00 -50.00
2026-09-27T09:15:11.563,DEMO,DEMO,DEMO_MODE,24f8f9829bf14f26914a962224c1ad3a,F1 :      0    4 0.10 -14.44 0.54 50.00   0.0   0.0,0.00 0.00 0.00 89.38 0.54 50.00 0.10 -14.44 6 63 6 63  0.0%  0.0%  0.000 0.000 0.00 -4.90 0.00  0.00 0.00   0.00 0.0% | 1200.00  -50.00 HI -50.00 -50.00
2026-09-27T09:15:11.689,DEMO,DEMO,DEMO_MODE,24f8f9829bf14f26914a962224c1ad3a,F1 :      0    4 0.10 -14.44 0.54 50.00   0.0   0.0,0.00 0.00 0.00 89.38 0.54 50.00 0.10 -14.44 6 63 6 63  0.0%  0.0%  0.000 0.000 0.00 -4.90 0.00  0.00 0.00   0.00 0.0% | 1200.00  -50.00 HI -50.00 -50.00
2026-09-27T09:15:11.810,DEMO,DEMO,DEMO_MODE,24f8f9829bf14f26914a962224c1ad3a,F1 :      0    4 0.10 -14.44 0.54 50.00   0.0   0.0,0.00 0.00 0.00 89.38 0.54 50.00 0.10 -14.44 6 63 6 63  0.0%  0.0%  0.000 0.000 0.00 -4.90 0.00  0.00 0.00   0.00 0.0% | 1200.00  -50.00 HI -50.00 -50.00
2026-09-27T09:15:11.936,DEMO,DEMO,DEMO_MODE,24f8f9829bf14f26914a962224c1ad3a,F1 :      0    4 0.10 -14.44 0.54 50.00   0.0   0.0,0.00 0.00 0.00 89.38 0.54 50.00 0.10 -14.44 6 63 6 63  0.0%  0.0%  0.000 0.000 0.00 -4.90 0.00  0.00 0.00   0.00 0.0% | 1200.00  -50.00 HI -50.00 -50.00
2026-09-27T09:15:12.057,DEMO,DEMO,DEMO_MODE,24f8f9829bf14f26914a962224c1ad3a,F1 :      0    4 0.10 -14.44 0.54 50.00   0.0   0.0,0.00 0.00 0.00 89.38 0.54 50.00 0.10 -14.44 6 63 6 63  0.0%  0.0%  0.000 0.000 0.00 -4.90 0.00  0.00 0.00   0.00 0.0% | 1200.00  -50.00 HI -50.00 -50.00
2026-09-27T09:15:12.183,DEMO,DEMO,DEMO_MODE,24f8f9829bf14f26914a962224c1ad3a,F1 :      0    4 0.10 -14.44 0.54 50.00   0.0   0.0,0.00 0.00 0.00 89.38 0.54 50.00 0.10 -14.44 6 63 6 63  0.0%  0.0%  0.000 0.000 0.00 -4.90 0.00  0.00 0.00   0.00 0.0% | 1200.00  -50.00 HI -50.00 -50.00
2026-09-27T09:15:12.304,DEMO,DEMO,DEMO_MODE,24f8f9829bf14f26914a962224c1ad3a,F1 :      0    4 0.10 -14.44 0.54 50.00   0.0   0.0,0.00 0.00 0.00 89.38 0.54 50.00 0.10 -14.44 6 63 6 63  0.0%  0.0%  0.000 0.000 0.00 -4.90 0.00  0.00 0.00   0.00 0.0% | 1200.00  -50.00 HI -50.00 -50.00
2026-09-27T09:15:12.430,DEMO,DEMO,DEMO_MODE,24f8f9829bf14f26914a962224c1ad3a,F1 :      0    4 0.10 -14.44 0.54 50.00   0.0   0.0,0.00 0.00 0.00 89.38 0.54 50.00 0.10 -14.44 6 63 6 63  0.0%  0.0%  0.000 0.000 0.00 -4.90 0.00  0.00 0.00   0.00 0.0% | 1200.00  -50.00 HI -50.00 -50.00
2026-09-27T09:15:12.551,DEMO,DEMO,DEMO_MODE,24f8f9829bf14f26914a962224c1ad3a,F1 :      0    4 0.10 -14.44 0.54 50.00   0.0   0.0,0.00 0.00 0.00 89.38 0.54 50.00 0.10 -14.44 6 63 6 63  0.0%  0.0%  0.000 0.000 0.00 -4.90 0.00  0.00 0.00   0.00 0.0% | 1200.00  -50.00 HI -50.00 -50.00
2026-09-27T09:15:12.677,DEMO,DEMO,DEMO_MODE,24f8f9829bf14f26914a962224c1ad3a,F1 :      0    4 0.10 -14.44 0.54 50.00   0.0   0.0,0.00 0.00 0.00 89.38 0.54 50.00 0.10 -14.44 6 63 6 63  0.0%  0.0%  0.000 0.000 0.00 -4.90 0.00  0.00 0.00   0.00 0.0% | 1200.00  -50.00 HI -50.00 -50.00
2026-09-27T09:15:12.798,DEMO,DEMO,DEMO_MODE,24f8f9829bf14f26914a962224c1ad3a,F1 :      0    4 0.10 -14.44 0.54 50.00   0.0   0.0,0.00 0.00 0.00 89.38 0.54 50.00 0.10 -14.44 6 63 6 63  0.0%  0.0%  0.000 0.000 0.00 -4.90 0.00  0.00 0.00   0.00 0.0% | 1200.00  -50.00 HI -50.00 -50.00
2026-09-27T09:15:12.924,DEMO,DEMO,DEMO_MODE,24f8f9829bf14f26914a962224c1ad3a,F1 :      0    4 0.10 -14.44 0.54 50.00   0.0   0.0,0.00 0.00 0.00 89.38 0.54 50.00 0.10 -14.44 6 63 6 63  0.0%  0.0%  0.000 0.000 0.00 -4.90 0.00  0.00 0.00   0.00 0.0% | 1200.00  -50.00 HI -50.00 -50.00
2026-09-27T09:15:13.044,DEMO,DEMO,DEMO_MODE,24f8f9829bf14f26914a962224c1ad3a,F1 :      0    4 0.10 -14.44 0.54 50.00   0.0   0.0,0.00 0.00 0.00 89.38 0.54 50.00 0.10 -14.44 6 63 6 63  0.0%  0.0%  0.000 0.000 0.00 -4.90 0.00  0.00 0.00   0.00 0.0% | 1200.00  -50.00 HI -50.00 -50.00
2026-09-27T09:15:13.170,DEMO,DEMO,DEMO_MODE,24f8f9829bf14f26914a962224c1ad3a,F1 :      0    4 0.10 -14.44 0.54 50.00   0.0   0.0,0.00 0.00 0.00 89.38 0.54 50.00 0.10 -14.44 6 63 6 63  0.0%  0.0%  0.000 0.000 0.00 -4.90 0.00  0.00 0.00   0.00 0.0% | 1200.00  -50.00 HI -50.00 -50.00
2026-09-27T09:15:13.292,DEMO,DEMO,DEMO_MODE,24f8f9829bf14f26914a962224c1ad3a,F1 :      0    4 0.10 -14.44 0.54 50.00   0.0   0.0,0.00 0.00 0.00 89.38 0.54 50.00 0.10 -14.44 6 63 6 63  0.0%  0.0%  0.000 0.000 0.00 -4.90 0.00  0.00 0.00   0.00 0.0% | 1200.00  -50.00 HI -50.00 -50.00
2026-09-27T09:15:13.417,DEMO,DEMO,DEMO_MODE,24f8f9829bf14f26914a962224c1ad3a,F1 :      0    4 0.10 -14.44 0.54 50.00   0.0   0.0,0.00 0.00 0.00 89.38 0.54 50.00 0.10 -14.44 6 63 6 63  0.0%  0.0%  0.000 0.000 0.00 -4.90 0.00  0.00 0.00   0.00 0.0% | 1200.00  -50.00 HI -50.00 -50.00
2026-09-27T09:15:13.538,DEMO,DEMO,DEMO_MODE,24f8f9829bf14f26914a962224c1ad3a,F1 :      0    4 0.10 -14.44 0.54 50.00   0.0   0.0,0.00 0.00 0.00 89.38 0.54 50.00 0.10 -14.44 6 63 6 63  0.0%  0.0%  0.000 0.000 0.00 -4.90 0.00  0.00 0.00   0.00 0.0% | 1200.00  -50.00 HI -50.00 -50.00
2026-09-27T09:15:13.658,DEMO,DEMO,DEMO_MODE,24f8f9829bf14f26914a962224c1ad3a,F1 :      0    4 0.10 -14.44 0.54 50.00   0.0   0.0,0.00 0.00 0.00 89.38 0.54 50.00 0.10 -14.44 6 63 6 63  0.0%  0.0%  0.000 0.000 0.00 -4.90 0.00  0.00 0.00   0.00 0.0% | 1200.00  -50.00 HI -50.00 -50.00
2026-09-27T09:15:13.779,DEMO,DEMO,DEMO_MODE,24f8f9829bf14f26914a962224c1ad3a,F1 :      0    4 0.10 -14.44 0.54 50.00   0.0   0.0,0.00 0.00 0.00 89.38 0.54 50.00 0.10 -14.44 6 63 6 63  0.0%  0.0%  0.000 0.000 0.00 -4.90 0.00  0.00 0.00   0.00 0.0% | 1200.00  -50.00 HI -50.00 -50.00
2026-09-27T09:15:13.899,DEMO,DEMO,DEMO_MODE,24f8f9829bf14f26914a962224c1ad3a,F1 :      0    4 0.10 -14.44 0.54 50.00   0.0   0.0,0.00 0.00 0.00 89.38 0.54 50.00 0.10 -14.44 6 63 6 63  0.0%  0.0%  0.000 0.000 0.00 -4.90 0.00  0.00 0.00   0.00 0.0% | 1200.00  -50.00 HI -50.00 -50.00
2026-09-27T09:15:14.020,DEMO,DEMO,DEMO_MODE,24f8f9829bf14f26914a962224c1ad3a,F1 :      0    4 0.10 -14.44 0.54 50.00   0.0   0.0,0.00 0.00 0.00 89.38 0.54 50.00 0.10 -14.44 6 63 6 63  0.0%  0.0%  0.000 0.000 0.00 -4.90 0.00  0.00 0.00   0.00 0.0% | 1200.00  -50.00 HI -50.00 -50.00
2026-09-27T09:15:14.141,DEMO,DEMO,DEMO_MODE,24f8f9829bf14f26914a962224c1ad3a,F1 :      0    4 0.10 -14.44 0.54 50.00   0.0   0.0,0.00 0.00 0.00 89.38 0.54 50.00 0.10 -14.44 6 63 6 63  0.0%  0.0%  0.000 0.000 0.00 -4.90 0.00  0.00 0.00   0.00 0.0% | 1200.00  -50.00 HI -50.00 -50.00
2026-09-27T09:15:14.262,DEMO,DEMO,DEMO_MODE,24f8f9829bf14f26914a962224c1ad3a,F1 :      0    4 0.10 -14.44 0.54 50.00   0.0   0.0,0.00 0.00 0.00 89.38 0.54 50.00 0.10 -14.44 6 63 6 63  0.0%  0.0%  0.000 0.000 0.00 -4.90 0.00  0.00 0.00   0.00 0.0% | 1200.00  -50.00 HI -50.00 -50.00
2026-09-27T09:15:14.383,DEMO,DEMO,DEMO_MODE,24f8f9829bf14f26914a962224c1ad3a,F1 :      0    4 0.10 -14.44 0.54 50.00   0.0   0.0,0.00 0.00 0.00 89.38 0.54 50.00 0.10 -14.44 6 63 6 63  0.0%  0.0%  0.000 0.000 0.00 -4.90 0.00  0.00 0.00   0.00 0.0% | 1200.00  -50.00 HI -50.00 -50.00
2026-09-27T09:15:14.504,DEMO,DEMO,DEMO_MODE,24f8f9829bf14f26914a962224c1ad3a,F1 :      0    4 0.10 -14.44 0.54 50.00   0.0   0.0,0.00 0.00 0.00 89.38 0.54 50.00 0.10 -14.44 6 63 6 63  0.0%  0.0%  0.000 0.000 0.00 -4.90 0.00  0.00 0.00   0.00 0.0% | 1200.00  -50.00 HI -50.00 -50.00
2026-09-27T09:15:14.625,DEMO,DEMO,DEMO_MODE,24f8f9829bf14f26914a962224c1ad3a,F1 :      0    4 0.10 -14.44 0.54 50.00   0.0   0.0,0.00 0.00 0.00 89.38 0.54 50.00 0.10 -14.44 6 63 6 63  0.0%  0.0%  0.000 0.000 0.00 -4.90 0.00  0.00 0.00   0.00 0.0% | 1200.00  -50.00 HI -50.00 -50.00
2026-09-27T09:15:14.746,DEMO,DEMO,DEMO_MODE,24f8f9829bf14f26914a962224c1ad3a,F1 :      0    4 0.10 -14.44 0.54 50.00   0.0   0.0,0.00 0.00 0.00 89.38 0.54 50.00 0.10 -14.44 6 63 6 63  0.0%  0.0%  0.000 0.000 0.00 -4.90 0.00  0.00 0.00   0.00 0.0% | 1200.00  -50.00 HI -50.00 -50.00
2026-09-27T09:15:14.867,DEMO,DEMO,DEMO_MODE,24f8f9829bf14f26914a962224c1ad3a,F1 :      0    4 0.10 -14.44 0.54 50.00   0.0   0.0,0.00 0.00 0.00 89.38 0.54 50.00 0.10 -14.44 6 63 6 63  0.0%  0.0%  0.000 0.000 0.00 -4.90 0.00  0.00 0.00   0.00 0.0% | 1200.00  -50.00 HI -50.00 -50.00
2026-09-27T09:15:14.988,DEMO,DEMO,DEMO_MODE,24f8f9829bf14f26914a962224c1ad3a,F1 :      0    4 0.10 -14.44 0.54 50.00   0.0   0.0,0.00 0.00 0.00 89.38 0.54 50.00 0.10 -14.44 6 63 6 63  0.0%  0.0%  0.000 0.000 0.00 -4.90 0.00  0.00 0.00   0.00 0.0% | 1200.00  -50.00 HI -50.00 -50.00
2026-09-27T09:15:15.108,DEMO,DEMO,DEMO_MODE,24f8f9829bf14f26914a962224c1ad3a,F1 :      0    4 0.10 -14.44 0.54 50.00   0.0   0.0,0.00 0.00 0.00 89.38 0.54 50.00 0.10 -14.44 6 63 6 63  0.0%  0.0%  0.000 0.000 0.00 -4.90 0.00  0.00 0.00   0.00 0.0% | 1200.00  -50.00 HI -50.00 -50.00
2026-09-27T09:15:15.231,DEMO,DEMO,DEMO_MODE,24f8f9829bf14f26914a962224c1ad3a,F1 :      0    4 0.10 -14.44 0.54 50.00   0.0   0.0,0.00 0.00 0.00 89.38 0.54 50.00 0.10 -14.44 6 63 6 63  0.0%  0.0%  0.000 0.000 0.00 -4.90 0.00  0.00 0.00   0.00 0.0% | 1200.00  -50.00 HI -50.00 -50.00
2026-09-27T09:15:15.351,DEMO,DEMO,DEMO_MODE,24f8f9829bf14f26914a962224c1ad3a,F1 :      0    4 0.10 -14.44 0.54 50.00   0.0   0.0,0.00 0.00 0.00 89.38 0.54 50.00 0.10 -14.44 6 63 6 63  0.0%  0.0%  0.000 0.000 0.00 -4.90 0.00  0.00 0.00   0.00 0.0% | 1200.00  -50.00 HI -50.00 -50.00
2026-09-27T09:15:15.478,DEMO,DEMO,DEMO_MODE,24f8f9829bf14f26914a962224c1ad3a,F1 :      0    4 0.10 -14.44 0.54 50.00   0.0   0.0,0.00 0.00 0.00 89.38 0.54 50.00 0.10 -14.44 6 63 6 63  0.0%  0.0%  0.000 0.000 0.00 -4.90 0.00  0.00 0.00   0.00 0.0% | 1200.00  -50.00 HI -50.00 -50.00
2026-09-27T09:15:15.599,DEMO,DEMO,DEMO_MODE,24f8f9829bf14f26914a962224c1ad3a,F1 :      0    4 0.10 -14.44 0.54 50.00   0.0   0.0,0.00 0.00 0.00 89.38 0.54 50.00 0.10 -14.44 6 63 6 63  0.0%  0.0%  0.000 0.000 0.00 -4.90 0.00  0.00 0.00   0.00 0.0% | 1200.00  -50.00 HI -50.00 -50.00
2026-09-27T09:15:15.726,DEMO,DEMO,DEMO_MODE,24f8f9829bf14f26914a962224c1ad3a,F1 :      0    4 0.10 -14.44 0.54 50.00   0.0   0.0,0.00 0.00 0.00 89.38 0.54 50.00 0.10 -14.44 6 63 6 63  0.0%  0.0%  0.000 0.000 0.00 -4.90 0.00  0.00 0.00   0.00 0.0% | 1200.00  -50.00 HI -50.00 -50.00
2026-09-27T09:15:15.846,DEMO,DEMO,DEMO_MODE,24f8f9829bf14f26914a962224c1ad3a,F1 :      0    4 0.10 -14.44 0.54 50.00   0.0   0.0,0.00 0.00 0.00 89.38 0.54 50.00 0.10 -14.44 6 63 6 63  0.0%  0.0%  0.000 0.000 0.00 -4.90 0.00  0.00 0.00   0.00 0.0% | 1200.00  -50.00 HI -50.00 -50.00
2026-09-27T09:15:15.973,DEMO,DEMO,DEMO_MODE,24f8f9829bf14f26914a962224c1ad3a,F1 :      0    4 0.10 -14.44 0.54 50.00   0.0   0.0,0.00 0.00 0.00 89.38 0.54 50.00 0.10 -14.44 6 63 6 63  0.0%  0.0%  0.000 0.000 0.00 -4.90 0.00  0.00 0.00   0.00 0.0% | 1200.00  -50.00 HI -50.00 -50.00
2026-09-27T09:15:16.099,DEMO,DEMO,DEMO_MODE,24f8f9829bf14f26914a962224c1ad3a,F1 :      0    4 0.10 -14.44 0.54 50.00   0.0   0.0,0.00 0.00 0.00 89.38 0.54 50.00 0.10 -14.44 6 63 6 63  0.0%  0.0%  0.000 0.000 0.00 -4.90 0.00  0.00 0.00   0.00 0.0% | 1200.00  -50.00 HI -50.00 -50.00
2026-09-27T09:15:16.225,DEMO,DEMO,DEMO_MODE,24f8f9829bf14f26914a962224c1ad3a,F1 :      0    4 0.10 -14.44 0.54 50.00   0.0   0.0,0.00 0.00 0.00 89.38 0.54 50.00 0.10 -14.44 6 63 6 63  0.0%  0.0%  0.000 0.000 0.00 -4.90 0.00  0.00 0.00   0.00 0.0% | 1200.00  -50.00 HI -50.00 -50.00
2026-09-27T09:15:16.358,DEMO,DEMO,DEMO_MODE,24f8f9829bf14f26914a962224c1ad3a,F1 :      0    4 0.10 -14.44 0.54 50.00   0.0   0.0,0.00 0.00 0.00 89.38 0.54 50.00 0.10 -14.44 6 63 6 63  0.0%  0.0%  0.000 0.000 0.00 -4.90 0.00  0.00 0.00   0.00 0.0% | 1200.00  -50.00 HI -50.00 -50.00
2026-09-27T09:15:16.482,DEMO,DEMO,DEMO_MODE,24f8f9829bf14f26914a962224c1ad3a,F1 :      0    0 0.10 -14.44 0.54 50.00   0.0   4.0,0.00 0.00 0.00 89.38 0.54 50.00 0.10 -14.44 6 63 6 63  0.0%  4.0%  0.000 0.000 0.00 -4.90 0.00  0.00 0.00   0.00 0.0% | 1200.00  -50.00 HI -50.00 -50.00
2026-09-27T09:15:16.603,DEMO,DEMO,DEMO_MODE,24f8f9829bf14f26914a962224c1ad3a,F1 :      0    0 0.10 -14.44 0.54 50.00   0.0   4.0,0.00 0.00 0.00 89.38 0.54 50.00 0.10 -14.44 6 63 6 63  0.0%  4.0%  0.000 0.000 0.00 -4.90 0.00  0.00 0.00   0.00 0.0% | 1200.00  -50.00 HI -50.00 -50.00
2026-09-27T09:15:16.730,DEMO,DEMO,DEMO_MODE,24f8f9829bf14f26914a962224c1ad3a,F1 :      0    0 0.10 -14.44 0.54 50.00   0.0   4.0,0.00 0.00 0.00 89.38 0.54 50.00 0.10 -14.44 6 63 6 63  0.0%  4.0%  0.000 0.000 0.00 -4.90 0.00  0.00 0.00   0.00 0.0% | 1200.00  -50.00 HI -50.00 -50.00
2026-09-27T09:15:16.850,DEMO,DEMO,DEMO_MODE,24f8f9829bf14f26914a962224c1ad3a,F1 :      0    0 0.10 -14.44 0.54 50.00   0.0   4.0,0.00 0.00 0.00 89.38 0.54 50.00 0.10 -14.44 6 63 6 63  0.0%  4.0%  0.000 0.000 0.00 -4.90 0.00  0.00 0.00   0.00 0.0% | 1200.00  -50.00 HI -50.00 -50.00
2026-09-27T09:15:16.976,DEMO,DEMO,DEMO_MODE,24f8f9829bf14f26914a962224c1ad3a,F1 :      0    0 0.10 -14.44 0.54 50.00   0.0   4.0,0.00 0.00 0.00 89.38 0.54 50.00 0.10 -14.44 6 63 6 63  0.0%  4.0%  0.000 0.000 0.00 -4.90 0.00  0.00 0.00   0.00 0.0% | 1200.00  -50.00 HI -50.00 -50.00
2026-09-27T09:15:17.103,DEMO,DEMO,DEMO_MODE,24f8f9829bf14f26914a962224c1ad3a,F1 :      0    0 0.10 -14.44 0.54 50.00   0.0   4.0,0.00 0.00 0.00 89.38 0.54 50.00 0.10 -14.44 6 63 6 63  0.0%  4.0%  0.000 0.000 0.00 -4.90 0.00  0.00 0.00   0.00 0.0% | 1200.00  -50.00 HI -50.00 -50.00
2026-09-27T09:15:17.229,DEMO,DEMO,DEMO_MODE,24f8f9829bf14f26914a962224c1ad3a,F1 :      0    0 0.10 -14.44 0.54 50.00   0.0   4.0,0.00 0.00 0.00 89.38 0.54 50.00 0.10 -14.44 6 63 6 63  0.0%  4.0%  0.000 0.000 0.00 -4.90 0.00  0.00 0.00   0.00 0.0% | 1200.00  -50.00 HI -50.00 -50.00
2026-09-27T09:15:17.350,DEMO,DEMO,DEMO_MODE,24f8f9829bf14f26914a962224c1ad3a,F1 :      0    0 0.10 -14.44 0.54 50.00   0.0   4.0,0.00 0.00 0.00 89.38 0.54 50.00 0.10 -14.44 6 63 6 63  0.0%  4.0%  0.000 0.000 0.00 -4.90 0.00  0.00 0.00   0.00 0.0% | 1200.00  -50.00 HI -50.00 -50.00
2026-09-27T09:15:17.477,DEMO,DEMO,DEMO_MODE,24f8f9829bf14f26914a962224c1ad3a,F1 :      0    0 0.10 -14.44 0.54 50.00   0.0   4.0,0.00 0.00 0.00 89.38 0.54 50.00 0.10 -14.44 6 63 6 63  0.0%  4.0%  0.000 0.000 0.00 -4.90 0.00  0.00 0.00   0.00 0.0% | 1200.00  -50.00 HI -50.00 -50.00
2026-09-27T09:15:17.597,DEMO,DEMO,DEMO_MODE,24f8f9829bf14f26914a962224c1ad3a,F1 :      0    0 0.10 -14.44 0.54 50.00   0.0   4.0,0.00 0.00 0.00 89.38 0.54 50.00 0.10 -14.44 6 63 6 63  0.0%  4.0%  0.000 0.000 0.00 -4.90 0.00  0.00 0.00   0.00 0.0% | 1200.00  -50.00 HI -50.00 -50.00
2026-09-27T09:15:17.724,DEMO,DEMO,DEMO_MODE,24f8f9829bf14f26914a962224c1ad3a,F1 :      0    0 0.10 -14.44 0.54 50.00   0.0   4.0,0.00 0.00 0.00 89.38 0.54 50.00 0.10 -14.44 6 63 6 63  0.0%  4.0%  0.000 0.000 0.00 -4.90 0.00  0.00 0.00   0.00 0.0% | 1200.00  -50.00 HI -50.00 -50.00
2026-09-27T09:15:17.850,DEMO,DEMO,DEMO_MODE,24f8f9829bf14f26914a962224c1ad3a,F1 :      0    0 0.10 -14.44 0.54 50.00   0.0   4.0,0.00 0.00 0.00 89.38 0.54 50.00 0.10 -14.44 6 63 6 63  0.0%  4.0%  0.000 0.000 0.00 -4.90 0.00  0.00 0.00   0.00 0.0% | 1200.00  -50.00 HI -50.00 -50.00
2026-09-27T09:15:17.976,DEMO,DEMO,DEMO_MODE,24f8f9829bf14f26914a962224c1ad3a,F1 :      0    0 0.10 -14.44 0.54 50.00   0.0   4.0,0.00 0.00 0.00 89.38 0.54 50.00 0.10 -14.44 6 63 6 63  0.0%  4.0%  0.000 0.000 0.00 -4.90 0.00  0.00 0.00   0.00 0.0% | 1200.00  -50.00 HI -50.00 -50.00
2026-09-27T09:15:18.102,DEMO,DEMO,DEMO_MODE,24f8f9829bf14f26914a962224c1ad3a,F1 :      0    0 0.10 -14.44 0.54 50.00   0.0   4.0,0.00 0.00 0.00 89.38 0.54 50.00 0.10 -14.44 6 63 6 63  0.0%  4.0%  0.000 0.000 0.00 -4.90 0.00  0.00 0.00   0.00 0.0% | 1200.00  -50.00 HI -50.00 -50.00
2026-09-27T09:15:18.229,DEMO,DEMO,DEMO_MODE,24f8f9829bf14f26914a962224c1ad3a,F1 :      0    0 0.10 -14.44 0.54 50.00   0.0   4.0,0.00 0.00 0.00 89.38 0.54 50.00 0.10 -14.44 6 63 6 63  0.0%  4.0%  0.000 0.000 0.00 -4.90 0.00  0.00 0.00   0.00 0.0% | 1200.00  -50.00 HI -50.00 -50.00
