timestamp,product,serial_number,firmware,session_id,pdat1,psum1
2026-09-27T09:05:09.002,DEMO,DEMO,DEMO_MODE,e8f76161d12445a198911691eb672dce,F1 :      0    0 0.10 -14.44 0.54 50.00   0.0   0.0,0.00 0.00 0.00 89.38 0.54 50.00 0.10 -14.44 6 63 6 63  0.0%  0.0%  0.000 0.000 0.00 -4.90 0.00  0.00 0.00   0.00 0.0% | 1200.00  -50.00 HI -50.00 -50.00
2026-09-27T09:05:09.123,DEMO,DEMO,DEMO_MODE,e8f76161d12445a198911691eb672dce,F1 :      0    0 0.10 -14.44 0.54 50.00   0.0   0.0,0.00 0.00 0.00 89.38 0.54 50.00 0.10 -14.44 6 63 6 63  0.0%  0.0%  0.000 0.000 0.00 -4.90 0.00  0.00 0.00   0.00 0.0% | 1200.00  -50.00 HI -50.00 -50.00
2026-09-27T09:05:09.244,DEMO,DEMO,DEMO_MODE,e8f76161d12445a198911691eb672dce,F1 :      0    0 0.10 -14.44 0.54 50.00   0.0   0.0,0.00 0.00 0.00 89.38 0.54 50.00 0.10 -14.44 6 63 6 63  0.0%  0.0%  0.000 0.000 0.00 -4.90 0.00  0.00 0.00   0.00 0.0% | 1200.00  -50.00 HI -50.00 -50.00
2026-09-27T09:05:09.365,DEMO,DEMO,DEMO_MODE,e8f76161d12445a198911691eb672dce,F1 :      0    0 0.10 -14.44 0.54 50.00   0.0   0.0,0.00 0.00 0.00 89.38 0.54 50.00 0.10 -14.44 6 63 6 63  0.0%  0.0%  0.000 0.000 0.00 -4.90 0.00  0.00 0.00   0.00 0.0% | 1200.00  -50.00 HI -50.00 -50.00
2026-09-27T09:05:09.485,DEMO,DEMO,DEMO_MODE,e8f76161d12445a198911691eb672dce,F1 :      0    0 0.10 -14.44 0.54 50.00   0.0   0.0,0.00 0.00 0.00 89.38 0.54 50.00 0.10 -14.44 6 63 6 63  0.0%  0.0%  0.000 0.000 0.00 -4.90 0.00  0.00 0.00   0.00 0.0% | 1200.00  -50.00 HI -50.00 -50.00
2026-09-27T09:05:09.605,DEMO,DEMO,DEMO_MODE,e8f76161d12445a198911691eb672dce,F1 :      0    0 0.10 -14.44 0.54 50.00   0.0   0.0,0.00 0.00 0.00 89.38 0.54 50.00 0.10 -14.44 6 63 6 63  0.0%  0.0%  0.000 0.000 0.00 -4.90 0.00  0.00 0.00   0.00 0.0% | 1200.00  -50.00 HI -50.00 -50.00
2026-09-27T09:05:09.726,DEMO,DEMO,DEMO_MODE,e8f76161d12445a198911691eb672dce,F1 :      0    0 0.10 -14.44 0.54 50.00   0.0   0.0,0.00 0.00 0.00 89.38 0.54 50.00 0.10 -14.44 6 63 6 63  0.0%  0.0%  0.000 0.000 0.00 -4.90 0.00  0.00 0.00   0.00 0.0% | 1200.00  -50.00 HI -50.00 -50.00
2026-09-27T09:05:09.847,DEMO,DEMO,DEMO_MODE,e8f76161d12445a198911691eb672dce,F1 :      0    0 0.10 -14.44 0.54 50.00   0.0   0.0,0.00 0.00 0.00 89.38 0.54 50.00 0.10 -14.44 6 63 6 63  0.0%  0.0%  0.000 0.000 0.00 -4.90 0.00  0.00 0.00   0.00 0.0% | 1200.00  -50.00 HI -50.00 -50.00
2026-09-27T09:05:09.968,DEMO,DEMO,DEMO_MODE,e8f76161d12445a198911691eb672dce,F1 :      0    0 0.10 -14.44 0.54 50.00   0.0   0.0,0.00 0.00 0.00 89.38 0.54 50.00 0.10 -14.44 6 63 6 63  0.0%  0.0%  0.000 0.000 0.00 -4.90 0.00  0.00 0.00   0.00 0.0% | 1200.00  -50.00 HI -50.00 -50.00
2026-09-27T09:05:10.088,DEMO,DEMO,DEMO_MODE,e8f76161d12445a198911691eb672dce,F1 :      0    0 0.10 -14.44 0.54 50.00   0.0   0.0,0.00 0.00 0.00 89.38 0.54 50.00 0.10 -14.44 6 63 6 63  0.0%  0.0%  0.000 0.000 0.00 -4.90 0.00  0.00 0.00   0.00 0.0% | 1200.00  -50.00 HI -50.00 -50.00
2026-09-27T09:05:10.209,DEMO,DEMO,DEMO_MODE,e8f76161d12445a198911691eb672dce,F1 :      0    0 0.10 -14.44 0.54 50.00   0.0   0.0,0.00 0.00 0.00 89.38 0.54 50.00 0.10 -14.44 6 63 6 63  0.0%  0.0%  0.000 0.000 0.00 -4.90 0.00  0.00 0.00   0.00 0.0% | 1200.00  -50.00 HI -50.00 -50.00
2026-09-27T09:05:10.330,DEMO,DEMO,DEMO_MODE,e8f76161d12445a198911691eb672dce,F1 :      0    0 0.10 -14.44 0.54 50.00   0.0   0.0,0.00 0.00 0.00 89.38 0.54 50.00 0.10 -14.44 6 63 6 63  0.0%  0.0%  0.000 0.000 0.00 -4.90 0.00  0.00 0.00   0.00 0.0% | 1200.00  -50.00 HI -50.00 -50.00
2026-09-27T09:05:10.451,DEMO,DEMO,DEMO_MODE,e8f76161d12445a198911691eb672dce,F1 :      0    0 0.10 -14.44 0.54 50.00   0.0   0.0,0.00 0.00 0.00 89.38 0.54 50.00 0.10 -14.44 6 63 6 63  0.0%  0.0%  0.000 0.000 0.00 -4.90 0.00  0.00 0.00   0.00 0.0% | 1200.00  -50.00 HI -50.00 -50.00
2026-09-27T09:05:10.571,DEMO,DEMO,DEMO_MODE,e8f76161d12445a198911691eb672dce,F1 :      0    0 0.10 -14.44 0.54 50.00   0.0   0.0,0.00 0.00 0.00 89.38 0.54 50.00 0.10 -14.44 6 63 6 63  0.0%  0.0%  0.000 0.000 0.00 -4.90 0.00  0.00 0.00   0.00 0.0% | 1200.00  -50.00 HI -50.00 -50.00
2026-09-27T09:05:10.692,DEMO,DEMO,DEMO_MODE,e8f76161d12445a198911691eb672dce,F1 :      0    0 0.10 -14.44 0.54 50.00   0.0   0.0,0.00 0.00 0.00 89.38 0.54 50.00 0.10 -14.44 6 63 6 63  0.0%  0.0%  0.000 0.000 0.00 -4.90 0.00  0.00 0.00   0.00 0.0% | 1200.00  -50.00 HI -50.00 -50.00
2026-09-27T09:05:10.812,DEMO,DEMO,DEMO_MODE,e8f76161d12445a198911691eb672dce,F1 :      0    0 0.10 -14.44 0.54 50.00   0.0   0.0,0.00 0.00 0.00 89.38 0.54 50.00 0.10 -14.44 6 63 6 63  0.0%  0.0%  0.000 0.000 0.00 -4.90 0.00  0.00 0.00   0.00 0.0% | 1200.00  -50.00 HI -50.00 -50.00
2026-09-27T09:05:10.933,DEMO,DEMO,DEMO_MODE,e8f76161d12445a198911691eb672dce,F1 :      0    0 0.10 -14.44 0.54 50.00   0.0   0.0,0.00 0.00 0.00 89.38 0.54 50.00 0.10 -14.44 6 63 6 63  0.0%  0.0%  0.000 0.000 0.00 -4.90 0.00  0.00 0.00   0.00 0.0% | 1200.00  -50.00 HI -50.00 -50.00
2026-09-27T09:05:11.053,DEMO,DEMO,DEMO_MODE,e8f76161d12445a198911691eb672dce,F1 :      0    0 0.10 -14.44 0.54 50.00   0.0   0.0,0.00 0.00 0.00 89.38 0.54 50.00 0.10 -14.44 6 63 6 63  0.0%  0.0%  0.000 0.000 0.00 -4.90 0.00  0.00 0.00   0.00 0.0% | 1200.00  -50.00 HI -50.00 -50.00
2026-09-27T09:05:11.174,DEMO,DEMO,DEMO_MODE,e8f76161d12445a198911691eb672dce,F1 :      0    0 0.10 -14.44 0.54 50.00   0.0   0.0,0.00 0.00 0.00 89.38 0.54 50.00 0.10 -14.44 6 63 6 63  0.0%  0.0%  0.000 0.000 0.00 -4.90 0.00  0.00 0.00   0.00 0.0% | 1200.00  -50.00 HI -50.00 -50.00
2026-09-27T09:05:11.294,DEMO,DEMO,DEMO_MODE,e8f76161d12445a198911691eb672dce,F1 :      0    0 0.10 -14.44 0.54 50.00   0.0   0.0,0.00 0.00 0.00 89.38 0.54 50.00 0.10 -14.44 6 63 6 63  0.0%  0.0%  0.000 0.000 0.00 -4.90 0.00  0.00 0.00   0.00 0.0% | 1200.00  -50.00 HI -50.00 -50.00
2026-09-27T09:05:11.415,DEMO,DEMO,DEMO_MODE,e8f76161d12445a198911691eb672dce,F1 :      0    0 0.10 -14.44 0.54 50.00   0.0   0.0,0.00 0.00 0.00 89.38 0.54 50.00 0.10 -14.44 6 63 6 63  0.0%  0.0%  0.000 0.000 0.00 -4.90 0.00  0.00 0.00   0.00 0.0% | 1200.00  -50.00 HI -50.00 -50.00
2026-09-27T09:05:11.536,DEMO,DEMO,DEMO_MODE,e8f76161d12445a198911691eb672dce,F1 :      0    0 0.10 -14.44 0.54 50.00   0.0   0.0,0.00 0.00 0.00 89.38 0.54 50.00 0.10 -14.44 6 63 6 63  0.0%  0.0%  0.000 0.000 0.00 -4.90 0.00  0.00 0.00   0.00 0.0% | 1200.00  -50.00 HI -50.00 -50.00
2026-09-27T09:05:11.657,DEMO,DEMO,DEMO_MODE,e8f76161d12445a198911691eb672dce,F1 :      0    0 0.10 -14.44 0.54 50.00   0.0   0.0,0.00 0.00 0.00 89.38 0.54 50.00 0.10 -14.44 6 63 6 63  0.0%  0.0%  0.000 0.000 0.00 -4.90 0.00  0.00 0.00   0.00 0.0% | 1200.00  -50.00 HI -50.00 -50.00
2026-09-27T09:05:11.778,DEMO,DEMO,DEMO_MODE,e8f76161d12445a198911691eb672dce,F1 :      0    0 0.10 -14.44 0.54 50.00   0.0   0.0,0.00 0.00 0.00 89.38 0.54 50.00 0.10 -14.44 6 63 6 63  0.0%  0.0%  0.000 0.000 0.00 -4.90 0.00  0.00 0.00   0.00 0.0% | 1200.00  -50.00 HI -50.00 -50.00
2026-09-27T09:05:11.898,DEMO,DEMO,DEMO_MODE,e8f76161d12445a198911691eb672dce,F1 :      0    0 0.10 -14.44 0.54 50.00   0.0   0.0,0.00 0.00 0.00 89.38 0.54 50.00 0.10 -14.44 6 63 6 63  0.0%  0.0%  0.000 0.000 0.00 -4.90 0.00  0.00 0.00   0.00 0.0% | 1200.00  -50.00 HI -50.00 -50.00
2026-09-27T09:05:12.019,DEMO,DEMO,DEMO_MODE,e8f76161d12445a198911691eb672dce,F1 :      0    0 0.10 -14.44 0.54 50.00   0.0   0.0,0.00 0.00 0.00 89.38 0.54 50.00 0.10 -14.44 6 63 6 63  0.0%  0.0%  0.000 0.000 0.00 -4.90 0.00  0.00 0.00   0.00 0.0% | 1200.00  -50.00 HI -50.00 -50.00
2026-09-27T09:05:12.140,DEMO,DEMO,DEMO_MODE,e8f76161d12445a198911691eb672dce,F1 :      0    0 0.10 -14.44 0.54 50.00   0.0   0.0,0.00 0.00 0.00 89.38 0.54 50.00 0.10 -14.44 6 63 6 63  0.0%  0.0%  0.000 0.000 0.00 -4.90 0.00  0.00 0.00   0.00 0.0% | 1200.00  -50.00 HI -50.00 -50.00
2026-09-27T09:05:12.260,DEMO,DEMO,DEMO_MODE,e8f76161d12445a198911691eb672dce,F1 :      0    0 0.10 -14.44 0.54 50.00   0.0   0.0,0.00 0.00 0.00 89.38 0.54 50.00 0.10 -14.44 6 63 6 63  0.0%  0.0%  0.000 0.000 0.00 -4.90 0.00  0.00 0.00   0.00 0.0% | 1200.00  -50.00 HI -50.00 -50.00
2026-09-27T09:05:12.381,DEMO,DEMO,DEMO_MODE,e8f76161d12445a198911691eb672dce,F1 :      0    0 0.10 -14.44 0.54 50.00   0.0   0.0,0.00 0.00 0.00 89.38 0.54 50.00 0.10 -14.44 6 63 6 63  0.0%  0.0%  0.000 0.000 0.00 -4.90 0.00  0.00 0.00   0.00 0.0% | 1200.00  -50.00 HI -50.00 -50.00
2026-09-27T09:05:12.502,DEMO,DEMO,DEMO_MODE,e8f76161d12445a198911691eb672dce,F1 :      0    0 0.10 -14.44 0.54 50.00   0.0   0.0,0.00 0.00 0.00 89.38 0.54 50.00 0.10 -14.44 6 63 6 63  0.0%  0.0%  0.000 0.000 0.00 -4.90 0.00  0.00 0.00   0.00 0.0% | 1200.00  -50.00 HI -50.00 -50.00
2026-09-27T09:05:12.623,DEMO,DEMO,DEMO_MODE,e8f76161d12445a198911691eb672dce,F1 :      0    0 0.10 -14.44 0.54 50.00   0.0   0.0,0.00 0.00 0.00 89.38 0.54 50.00 0.10 -14.44 6 63 6 63  0.0%  0.0%  0.000 0.000 0.00 -4.90 0.00  0.00 0.00   0.00 0.0% | 1200.00  -50.00 HI -50.00 -50.00
2026-09-27T09:05:12.744,DEMO,DEMO,DEMO_MODE,e8f76161d12445a198911691eb672dce,F1 :      0    0 0.10 -14.44 0.54 50.00   0.0   0.0,0.00 0.00 0.00 89.38 0.54 50.00 0.10 -14.44 6 63 6 63  0.0%  0.0%  0.000 0.000 0.00 -4.90 0.00  0.00 0.00   0.00 0.0% | 1200.00  -50.00 HI -50.00 -50.00
2026-09-27T09:05:12.865,DEMO,DEMO,DEMO_MODE,e8f76161d12445a198911691eb672dce,F1 :      0    0 0.10 -14.44 0.54 50.00   0.0   0.0,0.00 0.00 0.00 89.38 0.54 50.00 0.10 -14.44 6 63 6 63  0.0%  0.0%  0.000 0.000 0.00 -4.90 0.00  0.00 0.00   0.00 0.0% | 1200.00  -50.00 HI -50.00 -50.00
2026-09-27T09:05:12.986,DEMO,DEMO,DEMO_MODE,e8f76161d12445a198911691eb672dce,F1 :      0    0 0.10 -14.44 0.54 50.00   0.0   0.0,0.00 0.00 0.00 89.38 0.54 50.00 0.10 -14.44 6 63 6 63  0.0%  0.0%  0.000 0.000 0.00 -4.90 0.00  0.00 0.00   0.00 0.0% | 1200.00  -50.00 HI -50.00 -50.00
2026-09-27T09:05:13.106,DEMO,DEMO,DEMO_MODE,e8f76161d12445a198911691eb672dce,F1 :      0    0 0.10 -14.44 0.54 50.00   0.0   0.0,0.00 0.00 0.00 89.38 0.54 50.00 0.10 -14.44 6 63 6 63  0.0%  0.0%  0.000 0.000 0.00 -4.90 0.00  0.00 0.00   0.00 0.0% | 1200.00  -50.00 HI -50.00 -50.00
2026-09-27T09:05:13.226,DEMO,DEMO,DEMO_MODE,e8f76161d12445a198911691eb672dce,F1 :      0    0 0.10 -14.44 0.54 50.00   0.0   0.0,0.00 0.00 0.00 89.38 0.54 50.00 0.10 -14.44 6 63 6 63  0.0%  0.0%  0.000 0.000 0.00 -4.90 0.00  0.00 0.00   0.00 0.0% | 1200.00  -50.00 HI -50.00 -50.00
2026-09-27T09:05:13.347,DEMO,DEMO,DEMO_MODE,e8f76161d12445a198911691eb672dce,F1 :      0    0 0.10 -14.44 0.54 50.00   0.0   0.0,0.00 0.00 0.00 89.38 0.54 50.00 0.10 -14.44 6 63 6 63  0.0%  0.0%  0.000 0.000 0.00 -4.90 0.00  0.00 0.00   0.00 0.0% | 1200.00  -50.00 HI -50.00 -50.00
2026-09-27T09:05:13.467,DEMO,DEMO,DEMO_MODE,e8f76161d12445a198911691eb672dce,F1 :      0    0 0.10 -14.44 0.54 50.00   0.0   0.0,0.00 0.00 0.00 89.38 0.54 50.00 0.10 -14.44 6 63 6 63  0.0%  0.0%  0.000 0.000 0.00 -4.90 0.00  0.00 0.00   0.00 0.0% | 1200.00  -50.00 HI -50.00 -50.00
2026-09-27T09:05:13.588,DEMO,DEMO,DEMO_MODE,e8f76161d12445a198911691eb672dce,F1 :      0    0 0.10 -14.44 0.54 50.00   0.0   0.0,0.00 0.00 0.00 89.38 0.54 50.00 0.10 -14.44 6 63 6 63  0.0%  0.0%  0.000 0.000 0.00 -4.90 0.00  0.00 0.00   0.00 0.0% | 1200.00  -50.00 HI -50.00 -50.00
2026-09-27T09:05:13.709,DEMO,DEMO,DEMO_MODE,e8f76161d12445a198911691eb672dce,F1 :      0    0 0.10 -14.44 0.54 50.00   0.0   0.0,0.00 0.00 0.00 89.38 0.54 50.00 0.10 -14.44 6 63 6 63  0.0%  0.0%  0.000 0.000 0.00 -4.90 0.00  0.00 0.00   0.00 0.0% | 1200.00  -50.00 HI -50.00 -50.00
2026-09-27T09:05:13.829,DEMO,DEMO,DEMO_MODE,e8f76161d12445a198911691eb672dce,F1 :      0    0 0.10 -14.44 0.54 50.00   0.0   0.0,0.00 0.00 0.00 89.38 0.54 50.00 0.10 -14.44 6 63 6 63  0.0%  0.0%  0.000 0.000 0.00 -4.90 0.00  0.00 0.00   0.00 0.0% | 1200.00  -50.00 HI -50.00 -50.00
2026-09-27T09:05:13.950,DEMO,DEMO,DEMO_MODE,e8f76161d12445a198911691eb672dce,F1 :      0    0 0.10 -14.44 0.54 50.00   0.0   0.0,0.00 0.00 0.00 89.38 0.54 50.00 0.10 -14.44 6 63 6 63  0.0%  0.0%  0.000 0.000 0.00 -4.90 0.00  0.00 0.00   0.00 0.0% | 1200.00  -50.00 HI -50.00 -50.00
2026-09-27T09:05:14.071,DEMO,DEMO,DEMO_MODE,e8f76161d12445a198911691eb672dce,F1 :      0    0 0.10 -14.44 0.54 50.00   0.0   4.0,0.00 0.00 0.00 89.38 0.54 50.00 0.10 -14.44 6 63 6 63  0.0%  4.0%  0.000 0.000 0.00 -4.90 0.00  0.00 0.00   0.00 0.0% | 1200.00  -50.00 HI -50.00 -50.00
2026-09-27T09:05:14.192,DEMO,DEMO,DEMO_MODE,e8f76161d12445a198911691eb672dce,F1 :      0    0 0.10 -14.44 0.54 50.00   0.0   4.0,0.00 0.00 0.00 89.38 0.54 50.00 0.10 -14.44 6 63 6 63  0.0%  4.0%  0.000 0.000 0.00 -4.90 0.00  0.00 0.00   0.00 0.0% | 1200.00  -50.00 HI -50.00 -50.00
2026-09-27T09:05:14.313,DEMO,DEMO,DEMO_MODE,e8f76161d12445a198911691eb672dce,F1 :      0    0 0.10 -14.44 0.54 50.00   0.0   4.0,0.00 0.00 0.00 89.38 0.54 50.00 0.10 -14.44 6 63 6 63  0.0%  4.0%  0.000 0.000 0.00 -4.90 0.00  0.00 0.00   0.00 0.0% | 1200.00  -50.00 HI -50.00 -50.00
2026-09-27T09:05:14.433,DEMO,DEMO,DEMO_MODE,e8f76161d12445a198911691eb672dce,F1 :      0    0 0.10 -14.44 0.54 50.00   0.0   4.0,0.00 0.00 0.00 89.38 0.54 50.00 0.10 -14.44 6 63 6 63  0.0%  4.0%  0.000 0.000 0.00 -4.90 0.00  0.00 0.00   0.00 0.0% | 1200.00  -50.00 HI -50.00 -50.00
2026-09-27T09:05:14.554,DEMO,DEMO,DEMO_MODE,e8f76161d12445a198911691eb672dce,F1 :      0    0 0.10 -14.44 0.54 50.00   0.0   4.0,0.00 0.00 0.00 89.38 0.54 50.00 0.10 -14.44 6 63 6 63  0.0%  4.0%  0.000 0.000 0.00 -4.90 0.00  0.00 0.00   0.00 0.0% | 1200.00  -50.00 HI -50.00 -50.00
2026-09-27T09:05:14.676,DEMO,DEMO,DEMO_MODE,e8f76161d12445a198911691eb672dce,F1 :      0    0 0.10 -14.44 0.54 50.00   0.0   4.0,0.00 0.00 0.00 89.38 0.54 50.00 0.10 -14.44 6 63 6 63  0.0%  4.0%  0.000 0.000 0.00 -4.90 0.00  0.00 0.00   0.00 0.0% | 1200.00  -50.00 HI -50.00 -50.00
2026-09-27T09:05:14.797,DEMO,DEMO,DEMO_MODE,e8f76161d12445a198911691eb672dce,F1 :      0    0 0.10 -14.44 0.54 50.00   0.0   4.0,0.00 0.00 0.00 89.38 0.54 50.00 0.10 -14.44 6 63 6 63  0.0%  4.0%  0.000 0.000 0.00 -4.90 0.00  0.00 0.00   0.00 0.0% | 1200.00  -50.00 HI -50.00 -50.00
2026-09-27T09:05:14.919,DEMO,DEMO,DEMO_MODE,e8f76161d12445a198911691eb672dce,F1 :      0    0 0.10 -14.44 0.54 50.00   0.0   4.0,0.00 0.00 0.00 89.38 0.54 50.00 0.10 -14.44 6 63 6 63  0.0%  4.0%  0.000 0.000 0.00 -4.90 0.00  0.00 0.00   0.00 0.0% | 1200.00  -50.00 HI -50.00 -50.00
2026-09-27T09:05:15.039,DEMO,DEMO,DEMO_MODE,e8f76161d12445a198911691eb672dce,F1 :      0    0 0.10 -14.44 0.54 50.00   0.0   4.0,0.00 0.00 0.00 89.38 0.54 50.00 0.10 -14.44 6 63 6 63  0.0%  4.0%  0.000 0.000 0.00 -4.90 0.00  0.00 0.00   0.00 0.0% | 1200.00  -50.00 HI -50.00 -50.00
2026-09-27T09:05:15.160,DEMO,DEMO,DEMO_MODE,e8f76161d12445a198911691eb672dce,F1 :      0    0 0.10 -14.44 0.54 50.00   0.0   4.0,0.00 0.00 0.00 89.38 0.54 50.00 0.10 -14.44 6 63 6 63  0.0%  4.0%  0.000 0.000 0.00 -4.90 0.00  0.00 0.00   0.00 0.0% | 1200.00  -50.00 HI -50.00 -50.00
2026-09-27T09:05:15.280,DEMO,DEMO,DEMO_MODE,e8f76161d12445a198911691eb672dce,F1 :      0    0 0.10 -14.44 0.54 50.00   0.0   4.0,0.00 0.00 0.00 89.38 0.54 50.00 0.10 -14.44 6 63 6 63  0.0%  4.0%  0.000 0.000 0.00 -4.90 0.00  0.00 0.00   0.00 0.0% | 1200.00  -50.00 HI -50.00 -50.00
2026-09-27T09:05:15.401,DEMO,DEMO,DEMO_MODE,e8f76161d12445a198911691eb672dce,F1 :      0    0 0.10 -14.44 0.54 50.00   0.0   4.0,0.00 0.00 0.00 89.38 0.54 50.00 0.10 -14.44 6 63 6 63  0.0%  4.0%  0.000 0.000 0.00 -4.90 0.00  0.00 0.00   0.00 0.0% | 1200.00  -50.00 HI -50.00 -50.00
2026-09-27T09:05:15.522,DEMO,DEMO,DEMO_MODE,e8f76161d12445a198911691eb672dce,F1 :      0    0 0.10 -14.44 0.54 50.00   0.0   4.0,0.00 0.00 0.00 89.38 0.54 50.00 0.10 -14.44 6 63 6 63  0.0%  4.0%  0.000 0.000 0.00 -4.90 0.00  0.00 0.00   0.00 0.0% | 1200.00  -50.00 HI -50.00 -50.00
2026-09-27T09:05:15.643,DEMO,DEMO,DEMO_MODE,e8f76161d12445a198911691eb672dce,F1 :      0    0 0.10 -14.44 0.54 50.00   0.0   4.0,0.00 0.00 0.00 89.38 0.54 50.00 0.10 -14.44 6 63 6 63  0.0%  4.0%  0.000 0.000 0.00 -4.90 0.00  0.00 0.00   0.00 0.0% | 1200.00  -50.00 HI -50.00 -50.00
2026-09-27T09:05:15.764,DEMO,DEMO,DEMO_MODE,e8f76161d12445a198911691eb672dce,F1 :      0    0 0.10 -14.44 0.54 50.00   0.0   4.0,0.00 0.00 0.00 89.38 0.54 50.00 0.10 -14.44 6 63 6 63  0.0%  4.0%  0.000 0.000 0.00 -4.90 0.00  0.00 0.00   0.00 0.0% | 1200.00  -50.00 HI -50.00 -50.00
2026-09-27T09:05:15.884,DEMO,DEMO,DEMO_MODE,e8f76161d12445a198911691eb672dce,F1 :      0    0 0.10 -14.44 0.54 50.00   0.0   4.0,0.00 0.00 0.00 89.38 0.54 50.00 0.10 -14.44 6 63 6 63  0.0%  4.0%  0.000 0.000 0.00 -4.90 0.00  0.00 0.00   0.00 0.0% | 1200.00  -50.00 HI -50.00 -50.00
2026-09-27T09:05:16.005,DEMO,DEMO,DEMO_MODE,e8f76161d12445a198911691eb672dce,F1 :      0    0 0.10 -14.44 0.54 50.00   0.0   4.0,0.00 0.00 0.00 89.38 0.54 50.00 0.10 -14.44 6 63 6 63  0.0%  4.0%  0.000 0.000 0.00 -4.90 0.00  0.00 0.00   0.00 0.0% | 1200.00  -50.00 HI -50.00 -50.00
2026-09-27T09:05:16.126,DEMO,DEMO,DEMO_MODE,e8f76161d12445a198911691eb672dce,F1 :      0    0 0.10 -14.44 0.54 50.00   0.0   4.0,0.00 0.00 0.00 89.38 0.54 50.00 0.10 -14.44 6 63 6 63  0.0%  4.0%  0.000 0.000 0.00 -4.90 0.00  0.00 0.00   0.00 0.0% | 1200.00  -50.00 HI -50.00 -50.00
2026-09-27T09:05:16.246,DEMO,DEMO,DEMO_MODE,e8f76161d12445a198911691eb672dce,F1 :      0    0 0.10 -14.44 0.54 50.00   0.0   4.0,0.00 0.00 0.00 89.38 0.54 50.00 0.10 -14.44 6 63 6 63  0.0%  4.0%  0.000 0.000 0.00 -4.90 0.00  0.00 0.00   0.00 0.0% | 1200.00  -50.00 HI -50.00 -50.00
2026-09-27T09:05:16.367,DEMO,DEMO,DEMO_MODE,e8f76161d12445a198911691eb672dce,F1 :      0    0 0.10 -14.44 0.54 50.00   0.0   4.0,0.00 0.00 0.00 89.38 0.54 50.00 0.10 -14.44 6 63 6 63  0.0%  4.0%  0.000 0.000 0.00 -4.90 0.00  0.00 0.00   0.00 0.0% | 1200.00  -50.00 HI -50.00 -50.00
2026-09-27T09:05:16.487,DEMO,DEMO,DEMO_MODE,e8f76161d12445a198911691eb672dce,F1 :      0    0 0.10 -14.44 0.54 50.00   0.0   4.0,0.00 0.00 0.00 89.38 0.54 50.00 0.10 -14.44 6 63 6 63  0.0%  4.0%  0.000 0.000 0.00 -4.90 0.00  0.00 0.00   0.00 0.0% | 1200.00  -50.00 HI -50.00 -50.00
2026-09-27T09:05:16.608,DEMO,DEMO,DEMO_MODE,e8f76161d12445a198911691eb672dce,F1 :      0    0 0.10 -14.44 0.54 50.00   0.0   4.0,0.00 0.00 0.00 89.38 0.54 50.00 0.10 -14.44 6 63 6 63  0.0%  4.0%  0.000 0.000 0.00 -4.90 0.00  0.00 0.00   0.00 0.0% | 1200.00  -50.00 HI -50.00 -50.00
2026-09-27T09:05:16.729,DEMO,DEMO,DEMO_MODE,e8f76161d12445a198911691eb672dce,F1 :      0    0 0.10 -14.44 0.54 50.00   0.0   4.0,0.00 0.00 0.00 89.38 0.54 50.00 0.10 -14.44 6 63 6 63  0.0%  4.0%  0.000 0.000 0.00 -4.90 0.00  0.00 0.00   0.00 0.0% | 1200.00  -50.00 HI -50.00 -50.00
2026-09-27T09:05:16.850,DEMO,DEMO,DEMO_MODE,e8f76161d12445a198911691eb672dce,F1 :      0    0 0.10 -14.44 0.54 50.00   0.0   4.0,0.00 0.00 0.00 89.38 0.54 50.00 0.10 -14.44 6 63 6 63  0.0%  4.0%  0.000 0.000 0.00 -4.90 0.00  0.00 0.00   0.00 0.0% | 1200.00  -50.00 HI -50.00 -50.00
2026-09-27T09:05:16.971,DEMO,DEMO,DEMO_MODE,e8f76161d12445a198911691eb672dce,F1 :      0    0 0.10 -14.44 0.54 50.00   0.0   4.0,0.00 0.00 0.00 89.38 0.54 50.00 0.10 -14.44 6 63 6 63  0.0%  4.0%  0.000 0.000 0.00 -4.90 0.00  0.00 0.00   0.00 0.0% | 1200.00  -50.00 HI -50.00 -50.00
2026-09-27T09:05:17.091,DEMO,DEMO,DEMO_MODE,e8f76161d12445a198911691eb672dce,F1 :      0    0 0.10 -14.44 0.54 50.00   0.0   4.0,0.00 0.00 0.00 89.38 0.54 50.00 0.10 -14.44 6 63 6 63  0.0%  4.0%  0.000 0.000 0.00 -4.90 0.00  0.00 0.00   0.00 0.0% | 1200.00  -50.00 HI -50.00 -50.00
2026-09-27T09:05:17.212,DEMO,DEMO,DEMO_MODE,e8f76161d12445a198911691eb672dce,F1 :      0    0 0.10 -14.44 0.54 50.00   0.0   4.0,0.00 0.00 0.00 89.38 0.54 50.00 0.10 -14.44 6 63 6 63  0.0%  4.0%  0.000 0.000 0.00 -4.90 0.00  0.00 0.00   0.00 0.0% | 1200.00  -50.00 HI -50.00 -50.00
2026-09-27T09:05:17.333,DEMO,DEMO,DEMO_MODE,e8f76161d12445a198911691eb672dce,F1 :      0    0 0.10 -14.44 0.54 50.00   0.0   4.0,0.00 0.00 0.00 89.38 0.54 50.00 0.10 -14.44 6 63 6 63  0.0%  4.0%  0.000 0.000 0.00 -4.90 0.00  0.00 0.00   0.00 0.0% | 1200.00  -50.00 HI -50.00 -50.00
2026-09-27T09:05:17.454,DEMO,DEMO,DEMO_MODE,e8f76161d12445a198911691eb672dce,F1 :      0    0 0.10 -14.44 0.54 50.00   0.0   4.0,0.00 0.00 0.00 89.38 0.54 50.00 0.10 -14.44 6 63 6 63  0.0%  4.0%  0.000 0.000 0.00 -4.90 0.00  0.00 0.00   0.00 0.0% | 1200.00  -50.00 HI -50.00 -50.00
2026-09-27T09:05:17.574,DEMO,DEMO,DEMO_MODE,e8f76161d12445a198911691eb672dce,F1 :      0    0 0.10 -14.44 0.54 50.00   0.0   4.0,0.00 0.00 0.00 89.38 0.54 50.00 0.10 -14.44 6 63 6 63  0.0%  4.0%  0.000 0.000 0.00 -4.90 0.00  0.00 0.00   0.00 0.0% | 1200.00  -50.00 HI -50.00 -50.00
2026-09-27T09:05:17.695,DEMO,DEMO,DEMO_MODE,e8f76161d12445a198911691eb672dce,F1 :      0    0 0.10 -14.44 0.54 50.00   0.0   4.0,0.00 0.00 0.00 89.38 0.54 50.00 0.10 -14.44 6 63 6 63  0.0%  4.0%  0.000 0.000 0.00 -4.90 0.00  0.00 0.00   0.00 0.0% | 1200.00  -50.00 HI -50.00 -50.00
2026-09-27T09:05:17.816,DEMO,DEMO,DEMO_MODE,e8f76161d12445a198911691eb672dce,F1 :      0    0 0.10 -14.44 0.54 50.00   0.0   4.0,0.00 0.00 0.00 89.38 0.54 50.00 0.10 -14.44 6 63 6 63  0.0%  4.0%  0.000 0.000 0.00 -4.90 0.00  0.00 0.00   0.00 0.0% | 1200.00  -50.00 HI -50.00 -50.00
2026-09-27T09:05:17.937,DEMO,DEMO,DEMO_MODE,e8f76161d12445a198911691eb672dce,F1 :      0    0 0.10 -14.44 0.54 50.00   0.0   4.0,0.00 0.00 0.00 89.38 0.54 50.00 0.10 -14.44 6 63 6 63  0.0%  4.0%  0.000 0.000 0.00 -4.90 0.00  0.00 0.00   0.00 0.0% | 1200.00  -50.00 HI -50.00 -50.00
2026-09-27T09:05:18.057,DEMO,DEMO,DEMO_MODE,e8f76161d12445a198911691eb672dce,F1 :      0    1 0.10 -14.44 0.54 50.00   0.0   4.0,0.00 0.00 0.00 89.38 0.54 50.00 0.10 -14.44 6 63 6 63  0.0%  4.0%  0.000 0.000 0.00 -4.90 0.00  0.00 0.00   0.00 0.0% | 1200.00  -50.00 HI -50.00 -50.00
2026-09-27T09:05:18.178,DEMO,DEMO,DEMO_MODE,e8f76161d12445a198911691eb672dce,F1 :      0    1 0.10 -14.44 0.54 50.00   0.0   4.0,0.00 0.00 0.00 89.38 0.54 50.00 0.10 -14.44 6 63 6 63  0.0%  4.0%  0.000 0.000 0.00 -4.90 0.00  0.00 0.00   0.00 0.0% | 1200.00  -50.00 HI -50.00 -50.00
2026-09-27T09:05:18.298,DEMO,DEMO,DEMO_MODE,e8f76161d12445a198911691eb672dce,F1 :      0    1 0.10 -14.44 0.54 50.00   0.0   4.0,0.00 0.00 0.00 89.38 0.54 50.00 0.10 -14.44 6 63 6 63  0.0%  4.0%  0.000 0.000 0.00 -4.90 0.00  0.00 0.00   0.00 0.0% | 1200.00  -50.00 HI -50.00 -50.00
2026-09-27T09:05:18.419,DEMO,DEMO,DEMO_MODE,e8f76161d12445a198911691eb672dce,F1 :      0    1 0.10 -14.44 0.54 50.00   0.0   4.0,0.00 0.00 0.00 89.38 0.54 50.00 0.10 -14.44 6 63 6 63  0.0%  4.0%  0.000 0.000 0.00 -4.90 0.00  0.00 0.00   0.00 0.0% | 1200.00  -50.00 HI -50.00 -50.00
2026-09-27T09:05:18.540,DEMO,DEMO,DEMO_MODE,e8f76161d12445a198911691eb672dce,F1 :      0    1 0.10 -14.44 0.54 50.00   0.0   4.0,0.00 0.00 0.00 89.38 0.54 50.00 0.10 -14.44 6 63 6 63  0.0%  4.0%  0.000 0.000 0.00 -4.90 0.00  0.00 0.00   0.00 0.0% | 1200.00  -50.00 HI -50.00 -50.00
2026-09-27T09:05:18.661,DEMO,DEMO,DEMO_MODE,e8f76161d12445a198911691eb672dce,F1 :      0    1 0.10 -14.44 0.54 50.00   0.0   4.0,0.00 0.00 0.00 89.38 0.54 50.00 0.10 -14.44 6 63 6 63  0.0%  4.0%  0.000 0.000 0.00 -4.90 0.00  0.00 0.00   0.00 0.0% | 1200.00  -50.00 HI -50.00 -50.00
2026-09-27T09:05:18.781,DEMO,DEMO,DEMO_MODE,e8f76161d12445a198911691eb672dce,F1 :      0    1 0.10 -14.44 0.54 50.00   0.0   4.0,0.00 0.00 0.00 89.38 0.54 50.00 0.10 -14.44 6 63 6 63  0.0%  4.0%  0.000 0.000 0.00 -4.90 0.00  0.00 0.00   0.00 0.0% | 1200.00  -50.00 HI -50.00 -50.00
2026-09-27T09:05:18.902,DEMO,DEMO,DEMO_MODE,e8f76161d12445a198911691eb672dce,F1 :      0    1 0.10 -14.44 0.54 50.00   0.0   4.0,0.00 0.00 0.00 89.38 0.54 50.00 0.10 -14.44 6 63 6 63  0.0%  4.0%  0.000 0.000 0.00 -4.90 0.00  0.00 0.00   0.00 0.0% | 1200.00  -50.00 HI -50.00 -50.00
2026-09-27T09:05:19.022,DEMO,DEMO,DEMO_MODE,e8f76161d12445a198911691eb672dce,F1 :      0    1 0.10 -14.44 0.54 50.00   0.0   4.0,0.00 0.00 0.00 89.38 0.54 50.00 0.10 -14.44 6 63 6 63  0.0%  4.0%  0.000 0.000 0.00 -4.90 0.00  0.00 0.00   0.00 0.0% | 1200.00  -50.00 HI -50.00 -50.00
2026-09-27T09:05:19.143,DEMO,DEMO,DEMO_MODE,e8f76161d12445a198911691eb672dce,F1 :    100    1 0.10 -14.44 0.54 50.00  10.0   8.0,0.00 0.00 0.00 89.38 0.54 50.00 0.10 -14.44 6 63 6 63 10.0%  8.0% 50.000 0.000 0.00 -4.90 0.00  1.98 0.00  99.00 0.0% | 1200.00  -40.00 HI -50.00 -50.00
2026-09-27T09:05:19.266,DEMO,DEMO,DEMO_MODE,e8f76161d12445a198911691eb672dce,F1 :    100    1 0.10 -14.44 0.54 50.00  10.0   8.0,0.00 0.00 0.00 89.38 0.54 50.00 0.10 -14.44 6 63 6 63 10.0%  8.0% 50.000 0.000 0.00 -4.90 0.00  1.98 0.00  99.00 0.0% | 1200.00  -40.00 HI -50.00 -50.00
2026-09-27T09:05:19.386,DEMO,DEMO,DEMO_MODE,e8f76161d12445a198911691eb672dce,F1 :    100    1 0.10 -14.44 0.54 50.00  10.0   8.0,0.00 0.00 0.00 89.38 0.54 50.00 0.10 -14.44 6 63 6 63 10.0%  8.0% 50.000 0.000 0.00 -4.90 0.00  1.98 0.00  99.00 0.0% | 1200.00  -40.00 HI -50.00 -50.00
2026-09-27T09:05:19.507,DEMO,DEMO,DEMO_MODE,e8f76161d12445a198911691eb672dce,F1 :    100    1 0.10 -14.44 0.54 50.00  10.0   8.0,0.00 0.00 0.00 89.38 0.54 50.00 0.10 -14.44 6 63 6 63 10.0%  8.0% 50.000 0.000 0.00 -4.90 0.00  1.98 0.00  99.00 0.0% | 1200.00  -40.00 HI -50.00 -50.00
2026-09-27T09:05:19.628,DEMO,DEMO,DEMO_MODE,e8f76161d12445a198911691eb672dce,F1 :    100    1 0.10 -14.44 0.54 50.00  10.0   8.0,0.00 0.00 0.00 89.38 0.54 50.00 0.10 -14.44 6 63 6 63 10.0%  8.0% 50.000 0.000 0.00 -4.90 0.00  1.98 0.00  99.00 0.0% | 1200.00  -40.00 HI -50.00 -50.00
2026-09-27T09:05:19.749,DEMO,DEMO,DEMO_MODE,e8f76161d12445a198911691eb672dce,F1 :    100    1 0.10 -14.44 0.54 50.00  10.0   8.0,0.00 0.00 0.00 89.38 0.54 50.00 0.10 -14.44 6 63 6 63 10.0%  8.0% 50.000 0.000 0.00 -4.90 0.00  1.98 0.00  99.00 0.0% | 1200.00  -40.00 HI -50.00 -50.00
2026-09-27T09:05:19.870,DEMO,DEMO,DEMO_MODE,e8f76161d12445a198911691eb672dce,F1 :    100    1 0.10 -14.44 0.54 50.00  10.0   8.0,0.00 0.00 0.00 89.38 0.54 50.00 0.10 -14.44 6 63 6 63 10.0%  8.0% 50.000 0.000 0.00 -4.90 0.00  1.98 0.00  99.00 0.0% | 1200.00  -40.00 HI -50.00 -50.00
2026-09-27T09:05:19.991,DEMO,DEMO,DEMO_MODE,e8f76161d12445a198911691eb672dce,F1 :    100    1 0.10 -14.44 0.54 50.00  10.0   8.0,0.00 0.00 0.00 89.38 0.54 50.00 0.10 -14.44 6 63 6 63 10.0%  8.0% 50.000 0.000 0.00 -4.90 0.00  1.98 0.00  99.00 0.0% | 1200.00  -40.00 HI -50.00 -50.00
2026-09-27T09:05:20.111,DEMO,DEMO,DEMO_MODE,e8f76161d12445a198911691eb672dce,F1 :    100    1 0.10 -14.44 0.54 50.00  10.0   8.0,0.00 0.00 0.00 89.38 0.54 50.00 0.10 -14.44 6 63 6 63 10.0%  8.0% 50.000 0.000 0.00 -4.90 0.00  1.98 0.00  99.00 0.0% | 1200.00  -40.00 HI -50.00 -50.00
2026-09-27T09:05:20.232,DEMO,DEMO,DEMO_MODE,e8f76161d12445a198911691eb672dce,F1 :    100    1 0.10 -14.44 0.54 50.00  10.0   8.0,0.00 0.00 0.00 89.38 0.54 50.00 0.10 -14.44 6 63 6 63 10.0%  8.0% 50.000 0.000 0.00 -4.90 0.00  1.98 0.00  99.00 0.0% | 1200.00  -40.00 HI -50.00 -50.00
2026-09-27T09:05:20.353,DEMO,DEMO,DEMO_MODE,e8f76161d12445a198911691eb672dce,F1 :    100    1 0.10 -14.44 0.54 50.00  10.0   8.0,0.00 0.00 0.00 89.38 0.54 50.00 0.10 -14.44 6 63 6 63 10.0%  8.0% 50.000 0.000 0.00 -4.90 0.00  1.98 0.00  99.00 0.0% | 1200.00  -40.00 HI -50.00 -50.00
2026-09-27T09:05:20.474,DEMO,DEMO,DEMO_MODE,e8f76161d12445a198911691eb672dce,F1 :    100    1 0.10 -14.44 0.54 50.00  10.0   8.0,0.00 0.00 0.00 89.38 0.54 50.00 0.10 -14.44 6 63 6 63 10.0%  8.0% 50.000 0.000 0.00 -4.90 0.00  1.98 0.00  99.00 0.0% | 1200.00  -40.00 HI -50.00 -50.00
2026-09-27T09:05:20.594,DEMO,DEMO,DEMO_MODE,e8f76161d12445a198911691eb672dce,F1 :    100    1 0.10 -14.44 0.54 50.00  10.0   8.0,0.00 0.00 0.00 89.38 0.54 50.00 0.10 -14.44 6 63 6 63 10.0%  8.0% 50.000 0.000 0.00 -4.90 0.00  1.98 0.00  99.00 0.0% | 1200.00  -40.00 HI -50.00 -50.00
2026-09-27T09:05:20.715,DEMO,DEMO,DEMO_MODE,e8f76161d12445a198911691eb672dce,F1 :    100    1 0.10 -14.44 0.54 50.00  10.0   8.0,0.00 0.00 0.00 89.38 0.54 50.00 0.10 -14.44 6 63 6 63 10.0%  8.0% 50.000 0.000 0.00 -4.90 0.00  1.98 0.00  99.00 0.0% | 1200.00  -40.00 HI -50.00 -50.00
2026-09-27T09:05:20.835,DEMO,DEMO,DEMO_MODE,e8f76161d12445a198911691eb672dce,F1 :    100    1 0.10 -14.44 0.54 50.00  10.0   8.0,0.00 0.00 0.00 89.38 0.54 50.00 0.10 -14.44 6 63 6 63 10.0%  8.0% 50.000 0.000 0.00 -4.90 0.00  1.98 0.00  99.00 0.0% | 1200.00  -40.00 HI -50.00 -50.00
2026-09-27T09:05:20.955,DEMO,DEMO,DEMO_MODE,e8f76161d12445a198911691eb672dce,F1 :    100    1 0.10 -14.44 0.54 50.00  10.0   8.0,0.00 0.00 0.00 89.38 0.54 50.00 0.10 -14.44 6 63 6 63 10.0%  8.0% 50.000 0.000 0.00 -4.90 0.00  1.98 0.00  99.00 0.0% | 1200.00  -40.00 HI -50.00 -50.00
2026-09-27T09:05:21.077,DEMO,DEMO,DEMO_MODE,e8f76161d12445a198911691eb672dce,F1 :    100    1 0.10 -14.44 0.54 50.00  10.0   8.0,0.00 0.00 0.00 89.38 0.54 50.00 0.10 -14.44 6 63 6 63 10.0%  8.0% 50.000 0.000 0.00 -4.90 0.00  1.98 0.00  99.00 0.0% | 1200.00  -40.00 HI -50.00 -50.00
2026-09-27T09:05:21.198,DEMO,DEMO,DEMO_MODE,e8f76161d12445a198911691eb672dce,F1 :    100    1 0.10 -14.44 0.54 50.00  10.0   8.0,0.00 0.00 0.00 89.38 0.54 50.00 0.10 -14.44 6 63 6 63 10.0%  8.0% 50.000 0.000 0.00 -4.90 0.00  1.98 0.00  99.00 0.0% | 1200.00  -40.00 HI -50.00 -50.00
2026-09-27T09:05:21.319,DEMO,DEMO,DEMO_MODE,e8f76161d12445a198911691eb672dce,F1 :    100    1 0.10 -14.44 0.54 50.00  10.0   8.0,0.00 0.00 0.00 89.38 0.54 50.00 0.10 -14.44 6 63 6 63 10.0%  8.0% 50.000 0.000 0.00 -4.90 0.00  1.98 0.00  99.00 0.0% | 1200.00  -40.00 HI -50.00 -50.00
2026-09-27T09:05:21.440,DEMO,DEMO,DEMO_MODE,e8f76161d12445a198911691eb672dce,F1 :    100    1 0.10 -14.44 0.54 50.00  10.0   8.0,0.00 0.00 0.00 89.38 0.54 50.00 0.10 -14.44 6 63 6 63 10.0%  8.0% 50.000 0.000 0.00 -4.90 0.00  1.98 0.00  99.00 0.0% | 1200.00  -40.00 HI -50.00 -50.00
2026-09-27T09:05:21.561,DEMO,DEMO,DEMO_MODE,e8f76161d12445a198911691eb672dce,F1 :    100    1 0.10 -14.44 0.54 50.00  10.0   8.0,0.00 0.00 0.00 89.38 0.54 50.00 0.10 -14.44 6 63 6 63 10.0%  8.0% 50.000 0.000 0.00 -4.90 0.00  1.98 0.00  99.00 0.0% | 1200.00  -40.00 HI -50.00 -50.00
2026-09-27T09:05:21.682,DEMO,DEMO,DEMO_MODE,e8f76161d12445a198911691eb672dce,F1 :    100    1 0.10 -14.44 0.54 50.00  10.0   8.0,0.00 0.00 0.00 89.38 0.54 50.00 0.10 -14.44 6 63 6 63 10.0%  8.0% 50.000 0.000 0.00 -4.90 0.00  1.98 0.00  99.00 0.0% | 1200.00  -40.00 HI -50.00 -50.00
2026-09-27T09:05:21.803,DEMO,DEMO,DEMO_MODE,e8f76161d12445a198911691eb672dce,F1 :    100    1 0.10 -14.44 0.54 50.00  10.0   8.0,0.00 0.00 0.00 89.38 0.54 50.00 0.10 -14.44 6 63 6 63 10.0%  8.0% 50.000 0.000 0.00 -4.90 0.00  1.98 0.00  99.00 0.0% | 1200.00  -40.00 HI -50.00 -50.00
2026-09-27T09:05:21.923,DEMO,DEMO,DEMO_MODE,e8f76161d12445a198911691eb672dce,F1 :    100    1 0.10 -14.44 0.54 50.00  10.0   8.0,0.00 0.00 0.00 89.38 0.54 50.00 0.10 -14.44 6 63 6 63 10.0%  8.0% 50.000 0.000 0.00 -4.90 0.00  1.98 0.00  99.00 0.0% | 1200.00  -40.00 HI -50.00 -50.00
2026-09-27T09:05:22.044,DEMO,DEMO,DEMO_MODE,e8f76161d12445a198911691eb672dce,F1 :    100    1 0.10 -14.44 0.54 50.00  10.0   8.0,0.00 0.00 0.00 89.38 0.54 50.00 0.10 -14.44 6 63 6 63 10.0%  8.0% 50.000 0.000 0.00 -4.90 0.00  1.98 0.00  99.00 0.0% | 1200.00  -40.00 HI -50.00 -50.00
2026-09-27T09:05:22.165,DEMO,DEMO,DEMO_MODE,e8f76161d12445a198911691eb672dce,F1 :    100    1 0.10 -14.44 0.54 50.00  10.0   8.0,0.00 0.00 0.00 89.38 0.54 50.00 0.10 -14.44 6 63 6 63 10.0%  8.0% 50.000 0.000 0.00 -4.90 0.00  1.98 0.00  99.00 0.0% | 1200.00  -40.00 HI -50.00 -50.00
2026-09-27T09:05:22.286,DEMO,DEMO,DEMO_MODE,e8f76161d12445a198911691eb672dce,F1 :    100    1 0.10 -14.44 0.54 50.00  10.0   8.0,0.00 0.00 0.00 89.38 0.54 50.00 0.10 -14.44 6 63 6 63 10.0%  8.0% 50.000 0.000 0.00 -4.90 0.00  1.98 0.00  99.00 0.0% | 1200.00  -40.00 HI -50.00 -50.00
2026-09-27T09:05:22.406,DEMO,DEMO,DEMO_MODE,e8f76161d12445a198911691eb672dce,F1 :    100    1 0.10 -14.44 0.54 50.00  10.0   8.0,0.00 0.00 0.00 89.38 0.54 50.00 0.10 -14.44 6 63 6 63 10.0%  8.0% 50.000 0.000 0.00 -4.90 0.00  1.98 0.00  99.00 0.0% | 1200.00  -40.00 HI -50.00 -50.00
2026-09-27T09:05:22.527,DEMO,DEMO,DEMO_MODE,e8f76161d12445a198911691eb672dce,F1 :    100    1 0.10 -14.44 0.54 50.00  10.0   8.0,0.00 0.00 0.00 89.38 0.54 50.00 0.10 -14.44 6 63 6 63 10.0%  8.0% 50.000 0.000 0.00 -4.90 0.00  1.98 0.00  99.00 0.0% | 1200.00  -40.00 HI -50.00 -50.00
2026-09-27T09:05:22.647,DEMO,DEMO,DEMO_MODE,e8f76161d12445a198911691eb672dce,F1 :    100    1 0.10 -14.44 0.54 50.00  10.0   8.0,0.00 0.00 0.00 89.38 0.54 50.00 0.10 -14.44 6 63 6 63 10.0%  8.0% 50.000 0.000 0.00 -4.90 0.00  1.98 0.00  99.00 0.0% | 1200.00  -40.00 HI -50.00 -50.00
2026-09-27T09:05:22.768,DEMO,DEMO,DEMO_MODE,e8f76161d12445a198911691eb672dce,F1 :    100    1 0.10 -14.44 0.54 50.00  10.0   8.0,0.00 0.00 0.00 89.38 0.54 50.00 0.10 -14.44 6 63 6 63 10.0%  8.0% 50.000 0.000 0.00 -4.90 0.00  1.98 0.00  99.00 0.0% | 1200.00  -40.00 HI -50.00 -50.00
2026-09-27T09:05:22.889,DEMO,DEMO,DEMO_MODE,e8f76161d12445a198911691eb672dce,F1 :    100    1 0.10 -14.44 0.54 50.00  10.0   8.0,0.00 0.00 0.00 89.38 0.54 50.00 0.10 -14.44 6 63 6 63 10.0%  8.0% 50.000 0.000 0.00 -4.90 0.00  1.98 0.00  99.00 0.0% | 1200.00  -40.00 HI -50.00 -50.00
2026-09-27T09:05:23.010,DEMO,DEMO,DEMO_MODE,e8f76161d12445a198911691eb672dce,F1 :    100    1 0.10 -14.44 0.54 50.00  10.0   8.0,0.00 0.00 0.00 89.38 0.54 50.00 0.10 -14.44 6 63 6 63 10.0%  8.0% 50.000 0.000 0.00 -4.90 0.00  1.98 0.00  99.00 0.0% | 1200.00  -40.00 HI -50.00 -50.00
2026-09-27T09:05:23.131,DEMO,DEMO,DEMO_MODE,e8f76161d12445a198911691eb672dce,F1 :    100    1 0.10 -14.44 0.54 50.00  10.0   8.0,0.00 0.00 0.00 89.38 0.54 50.00 0.10 -14.44 6 63 6 63 10.0%  8.0% 50.000 0.000 0.00 -4.90 0.00  1.98 0.00  99.00 0.0% | 1200.00  -40.00 HI -50.00 -50.00
2026-09-27T09:05:23.252,DEMO,DEMO,DEMO_MODE,e8f76161d12445a198911691eb672dce,F1 :    100    1 0.10 -14.44 0.54 50.00  10.0   8.0,0.00 0.00 0.00 89.38 0.54 50.00 0.10 -14.44 6 63 6 63 10.0%  8.0% 50.000 0.000 0.00 -4.90 0.00  1.98 0.00  99.00 0.0% | 1200.00  -40.00 HI -50.00 -50.00
2026-09-27T09:05:23.373,DEMO,DEMO,DEMO_MODE,e8f76161d12445a198911691eb672dce,F1 :    100    1 0.10 -14.44 0.54 50.00  10.0   8.0,0.00 0.00 0.00 89.38 0.54 50.00 0.10 -14.44 6 63 6 63 10.0%  8.0% 50.000 0.000 0.00 -4.90 0.00  1.98 0.00  99.00 0.0% | 1200.00  -40.00 HI -50.00 -50.00
2026-09-27T09:05:23.493,DEMO,DEMO,DEMO_MODE,e8f76161d12445a198911691eb672dce,F1 :    100    1 0.10 -14.44 0.54 50.00  10.0   8.0,0.00 0.00 0.00 89.38 0.54 50.00 0.10 -14.44 6 63 6 63 10.0%  8.0% 50.000 0.000 0.00 -4.90 0.00  1.98 0.00  99.00 0.0% | 1200.00  -40.00 HI -50.00 -50.00
2026-09-27T09:05:23.614,DEMO,DEMO,DEMO_MODE,e8f76161d12445a198911691eb672dce,F1 :    100    1 0.10 -14.44 0.54 50.00  10.0   8.0,0.00 0.00 0.00 89.38 0.54 50.00 0.10 -14.44 6 63 6 63 10.0%  8.0% 50.000 0.000 0.00 -4.90 0.00  1.98 0.00  99.00 0.0% | 1200.00  -40.00 HI -50.00 -50.00
2026-09-27T09:05:23.734,DEMO,DEMO,DEMO_MODE,e8f76161d12445a198911691eb672dce,F1 :    100    1 0.10 -14.44 0.54 50.00  10.0   8.0,0.00 0.00 0.00 89.38 0.54 50.00 0.10 -14.44 6 63 6 63 10.0%  8.0% 50.000 0.000 0.00 -4.90 0.00  1.98 0.00  99.00 0.0% | 1200.00  -40.00 HI -50.00 -50.00
2026-09-27T09:05:23.855,DEMO,DEMO,DEMO_MODE,e8f76161d12445a198911691eb672dce,F1 :    100    1 0.10 -14.44 0.54 50.00  10.0   8.0,0.00 0.00 0.00 89.38 0.54 50.00 0.10 -14.44 6 63 6 63 10.0%  8.0% 50.000 0.000 0.00 -4.90 0.00  1.98 0.00  99.00 0.0% | 1200.00  -40.00 HI -50.00 -50.00
2026-09-27T09:05:23.976,DEMO,DEMO,DEMO_MODE,e8f76161d12445a198911691eb672dce,F1 :    100    1 0.10 -14.44 0.54 50.00  10.0   8.0,0.00 0.00 0.00 89.38 0.54 50.00 0.10 -14.44 6 63 6 63 10.0%  8.0% 50.000 0.000 0.00 -4.90 0.00  1.98 0.00  99.00 0.0% | 1200.00  -40.00 HI -50.00 -50.00
2026-09-27T09:05:24.096,DEMO,DEMO,DEMO_MODE,e8f76161d12445a198911691eb672dce,F1 :    100    1 0.10 -14.44 0.54 50.00  10.0  12.0,0.00 0.00 0.00 89.38 0.54 50.00 0.10 -14.44 6 63 6 63 10.0% 12.0% 50.000 0.000 0.00 -4.90 0.00  1.98 0.00  99.00 0.0% | 1200.00  -40.00 HI -50.00 -50.00
2026-09-27T09:05:24.217,DEMO,DEMO,DEMO_MODE,e8f76161d12445a198911691eb672dce,F1 :    100    1 0.10 -14.44 0.54 50.00  10.0  12.0,0.00 0.00 0.00 89.38 0.54 50.00 0.10 -14.44 6 63 6 63 10.0% 12.0% 50.000 0.000 0.00 -4.90 0.00  1.98 0.00  99.00 0.0% | 1200.00  -40.00 HI -50.00 -50.00
2026-09-27T09:05:24.338,DEMO,DEMO,DEMO_MODE,e8f76161d12445a198911691eb672dce,F1 :    100    1 0.10 -14.44 0.54 50.00  10.0  12.0,0.00 0.00 0.00 89.38 0.54 50.00 0.10 -14.44 6 63 6 63 10.0% 12.0% 50.000 0.000 0.00 -4.90 0.00  1.98 0.00  99.00 0.0% | 1200.00  -40.00 HI -50.00 -50.00
2026-09-27T09:05:24.459,DEMO,DEMO,DEMO_MODE,e8f76161d12445a198911691eb672dce,F1 :    100    1 0.10 -14.44 0.54 50.00  10.0  12.0,0.00 0.00 0.00 89.38 0.54 50.00 0.10 -14.44 6 63 6 63 10.0% 12.0% 50.000 0.000 0.00 -4.90 0.00  1.98 0.00  99.00 0.0% | 1200.00  -40.00 HI -50.00 -50.00
2026-09-27T09:05:24.579,DEMO,DEMO,DEMO_MODE,e8f76161d12445a198911691eb672dce,F1 :    100    1 0.10 -14.44 0.54 50.00  10.0  12.0,0.00 0.00 0.00 89.38 0.54 50.00 0.10 -14.44 6 63 6 63 10.0% 12.0% 50.000 0.000 0.00 -4.90 0.00  1.98 0.00  99.00 0.0% | 1200.00  -40.00 HI -50.00 -50.00
2026-09-27T09:05:24.701,DEMO,DEMO,DEMO_MODE,e8f76161d12445a198911691eb672dce,F1 :    100    1 0.10 -14.44 0.54 50.00  10.0  12.0,0.00 0.00 0.00 89.38 0.54 50.00 0.10 -14.44 6 63 6 63 10.0% 12.0% 50.000 0.000 0.00 -4.90 0.00  1.98 0.00  99.00 0.0% | 1200.00  -40.00 HI -50.00 -50.00
2026-09-27T09:05:24.821,DEMO,DEMO,DEMO_MODE,e8f76161d12445a198911691eb672dce,F1 :    100    1 0.10 -14.44 0.54 50.00  10.0  12.0,0.00 0.00 0.00 89.38 0.54 50.00 0.10 -14.44 6 63 6 63 10.0% 12.0% 50.000 0.000 0.00 -4.90 0.00  1.98 0.00  99.00 0.0% | 1200.00  -40.00 HI -50.00 -50.00
2026-09-27T09:05:24.942,DEMO,DEMO,DEMO_MODE,e8f76161d12445a198911691eb672dce,F1 :    100    1 0.10 -14.44 0.54 50.00  10.0  12.0,0.00 0.00 0.00 89.38 0.54 50.00 0.10 -14.44 6 63 6 63 10.0% 12.0% 50.000 0.000 0.00 -4.90 0.00  1.98 0.00  99.00 0.0% | 1200.00  -40.00 HI -50.00 -50.00
2026-09-27T09:05:25.063,DEMO,DEMO,DEMO_MODE,e8f76161d12445a198911691eb672dce,F1 :    100    1 0.10 -14.44 0.54 50.00  10.0  12.0,0.00 0.00 0.00 89.38 0.54 50.00 0.10 -14.44 6 63 6 63 10.0% 12.0% 50.000 0.000 0.00 -4.90 0.00  1.98 0.00  99.00 0.0% | 1200.00  -40.00 HI -50.00 -50.00
2026-09-27T09:05:25.183,DEMO,DEMO,DEMO_MODE,e8f76161d12445a198911691eb672dce,F1 :    100    1 0.10 -14.44 0.54 50.00  10.0  12.0,0.00 0.00 0.00 89.38 0.54 50.00 0.10 -14.44 6 63 6 63 10.0% 12.0% 50.000 0.000 0.00 -4.90 0.00  1.98 0.00  99.00 0.0% | 1200.00  -40.00 HI -50.00 -50.00
2026-09-27T09:05:25.304,DEMO,DEMO,DEMO_MODE,e8f76161d12445a198911691eb672dce,F1 :    100    1 0.10 -14.44 0.54 50.00  10.0  12.0,0.00 0.00 0.00 89.38 0.54 50.00 0.10 -14.44 6 63 6 63 10.0% 12.0% 50.000 0.000 0.00 -4.90 0.00  1.98 0.00  99.00 0.0% | 1200.00  -40.00 HI -50.00 -50.00
2026-09-27T09:05:25.424,DEMO,DEMO,DEMO_MODE,e8f76161d12445a198911691eb672dce,F1 :    100    1 0.10 -14.44 0.54 50.00  10.0  12.0,0.00 0.00 0.00 89.38 0.54 50.00 0.10 -14.44 6 63 6 63 10.0% 12.0% 50.000 0.000 0.00 -4.90 0.00  1.98 0.00  99.00 0.0% | 1200.00  -40.00 HI -50.00 -50.00
2026-09-27T09:05:25.546,DEMO,DEMO,DEMO_MODE,e8f76161d12445a198911691eb672dce,F1 :    100    1 0.10 -14.44 0.54 50.00  10.0  12.0,0.00 0.00 0.00 89.38 0.54 50.00 0.10 -14.44 6 63 6 63 10.0% 12.0% 50.000 0.000 0.00 -4.90 0.00  1.98 0.00  99.00 0.0% | 1200.00  -40.00 HI -50.00 -50.00
2026-09-27T09:05:25.666,DEMO,DEMO,DEMO_MODE,e8f76161d12445a198911691eb672dce,F1 :    100    1 0.10 -14.44 0.54 50.00  10.0  12.0,0.00 0.00 0.00 89.38 0.54 50.00 0.10 -14.44 6 63 6 63 10.0% 12.0% 50.000 0.000 0.00 -4.90 0.00  1.98 0.00  99.00 0.0% | 1200.00  -40.00 HI -50.00 -50.00
2026-09-27T09:05:25.787,DEMO,DEMO,DEMO_MODE,e8f76161d12445a198911691eb672dce,F1 :    100    1 0.10 -14.44 0.54 50.00  10.0  12.0,0.00 0.00 0.00 89.38 0.54 50.00 0.10 -14.44 6 63 6 63 10.0% 12.0% 50.000 0.000 0.00 -4.90 0.00  1.98 0.00  99.00 0.0% | 1200.00  -40.00 HI -50.00 -50.00
2026-09-27T09:05:25.908,DEMO,DEMO,DEMO_MODE,e8f76161d12445a198911691eb672dce,F1 :    100    1 0.10 -14.44 0.54 50.00  10.0  12.0,0.00 0.00 0.00 89.38 0.54 50.00 0.10 -14.44 6 63 6 63 10.0% 12.0% 50.000 0.000 0.00 -4.90 0.00  1.98 0.00  99.00 0.0% | 1200.00  -40.00 HI -50.00 -50.00
2026-09-27T09:05:26.028,DEMO,DEMO,DEMO_MODE,e8f76161d12445a198911691eb672dce,F1 :    100    1 0.10 -14.44 0.54 50.00  10.0  12.0,0.00 0.00 0.00 89.38 0.54 50.00 0.10 -14.44 6 63 6 63 10.0% 12.0% 50.000 0.000 0.00 -4.90 0.00  1.98 0.00  99.00 0.0% | 1200.00  -40.00 HI -50.00 -50.00
2026-09-27T09:05:26.149,DEMO,DEMO,DEMO_MODE,e8f76161d12445a198911691eb672dce,F1 :    100    1 0.10 -14.44 0.54 50.00  10.0  12.0,0.00 0.00 0.00 89.38 0.54 50.00 0.10 -14.44 6 63 6 63 10.0% 12.0% 50.000 0.000 0.00 -4.90 0.00  1.98 0.00  99.00 0.0% | 1200.00  -40.00 HI -50.00 -50.00
2026-09-27T09:05:26.269,DEMO,DEMO,DEMO_MODE,e8f76161d12445a198911691eb672dce,F1 :    100    1 0.10 -14.44 0.54 50.00  10.0  12.0,0.00 0.00 0.00 89.38 0.54 50.00 0.10 -14.44 6 63 6 63 10.0% 12.0% 50.000 0.000 0.00 -4.90 0.00  1.98 0.00  99.00 0.0% | 1200.00  -40.00 HI -50.00 -50.00
2026-09-27T09:05:26.390,DEMO,DEMO,DEMO_MODE,e8f76161d12445a198911691eb672dce,F1 :    100    1 0.10 -14.44 0.54 50.00  10.0  12.0,0.00 0.00 0.00 89.38 0.54 50.00 0.10 -14.44 6 63 6 63 10.0% 12.0% 50.000 0.000 0.00 -4.90 0.00  1.98 0.00  99.00 0.0% | 1200.00  -40.00 HI -50.00 -50.00
2026-09-27T09:05:26.511,DEMO,DEMO,DEMO_MODE,e8f76161d12445a198911691eb672dce,F1 :    100    1 0.10 -14.44 0.54 50.00  10.0  12.0,0.00 0.00 0.00 89.38 0.54 50.00 0.10 -14.44 6 63 6 63 10.0% 12.0% 50.000 0.000 0.00 -4.90 0.00  1.98 0.00  99.00 0.0% | 1200.00  -40.00 HI -50.00 -50.00
2026-09-27T09:05:26.631,DEMO,DEMO,DEMO_MODE,e8f76161d12445a198911691eb672dce,F1 :    100    1 0.10 -14.44 0.54 50.00  10.0  12.0,0.00 0.00 0.00 89.38 0.54 50.00 0.10 -14.44 6 63 6 63 10.0% 12.0% 50.000 0.000 0.00 -4.90 0.00  1.98 0.00  99.00 0.0% | 1200.00  -40.00 HI -50.00 -50.00
2026-09-27T09:05:26.752,DEMO,DEMO,DEMO_MODE,e8f76161d12445a198911691eb672dce,F1 :    100    1 0.10 -14.44 0.54 50.00  10.0  12.0,0.00 0.00 0.00 89.38 0.54 50.00 0.10 -14.44 6 63 6 63 10.0% 12.0% 50.000 0.000 0.00 -4.90 0.00  1.98 0.00  99.00 0.0% | 1200.00  -40.00 HI -50.00 -50.00
2026-09-27T09:05:26.873,DEMO,DEMO,DEMO_MODE,e8f76161d12445a198911691eb672dce,F1 :    100    1 0.10 -14.44 0.54 50.00  10.0  12.0,0.00 0.00 0.00 89.38 0.54 50.00 0.10 -14.44 6 63 6 63 10.0% 12.0% 50.000 0.000 0.00 -4.90 0.00  1.98 0.00  99.00 0.0% | 1200.00  -40.00 HI -50.00 -50.00
2026-09-27T09:05:26.994,DEMO,DEMO,DEMO_MODE,e8f76161d12445a198911691eb672dce,F1 :    100    1 0.10 -14.44 0.54 50.00  10.0  12.0,0.00 0.00 0.00 89.38 0.54 50.00 0.10 -14.44 6 63 6 63 10.0% 12.0% 50.000 0.000 0.00 -4.90 0.00  1.98 0.00  99.00 0.0% | 1200.00  -40.00 HI -50.00 -50.00
2026-09-27T09:05:27.115,DEMO,DEMO,DEMO_MODE,e8f76161d12445a198911691eb672dce,F1 :    100    2 0.10 -14.44 0.54 50.00  10.0  12.0,0.00 0.00 0.00 89.38 0.54 50.00 0.10 -14.44 6 63 6 63 10.0% 12.0% 50.000 0.000 0.00 -4.90 0.00  1.96 0.00  98.00 0.0% | 1200.00  -40.00 HI -50.00 -50.00
2026-09-27T09:05:27.236,DEMO,DEMO,DEMO_MODE,e8f76161d12445a198911691eb672dce,F1 :    100    2 0.10 -14.44 0.54 50.00  10.0  12.0,0.00 0.00 0.00 89.38 0.54 50.00 0.10 -14.44 6 63 6 63 10.0% 12.0% 50.000 0.000 0.00 -4.90 0.00  1.96 0.00  98.00 0.0% | 1200.00  -40.00 HI -50.00 -50.00
2026-09-27T09:05:27.356,DEMO,DEMO,DEMO_MODE,e8f76161d12445a198911691eb672dce,F1 :    100    2 0.10 -14.44 0.54 50.00  10.0  12.0,0.00 0.00 0.00 89.38 0.54 50.00 0.10 -14.44 6 63 6 63 10.0% 12.0% 50.000 0.000 0.00 -4.90 0.00  1.96 0.00  98.00 0.0% | 1200.00  -40.00 HI -50.00 -50.00
2026-09-27T09:05:27.477,DEMO,DEMO,DEMO_MODE,e8f76161d12445a198911691eb672dce,F1 :    100    2 0.10 -14.44 0.54 50.00  10.0  12.0,0.00 0.00 0.00 89.38 0.54 50.00 0.10 -14.44 6 63 6 63 10.0% 12.0% 50.000 0.000 0.00 -4.90 0.00  1.96 0.00  98.00 0.0% | 1200.00  -40.00 HI -50.00 -50.00
2026-09-27T09:05:27.598,DEMO,DEMO,DEMO_MODE,e8f76161d12445a198911691eb672dce,F1 :    100    2 0.10 -14.44 0.54 50.00  10.0  12.0,0.00 0.00 0.00 89.38 0.54 50.00 0.10 -14.44 6 63 6 63 10.0% 12.0% 50.000 0.000 0.00 -4.90 0.00  1.96 0.00  98.00 0.0% | 1200.00  -40.00 HI -50.00 -50.00
2026-09-27T09:05:27.718,DEMO,DEMO,DEMO_MODE,e8f76161d12445a198911691eb672dce,F1 :    100    2 0.10 -14.44 0.54 50.00  10.0  12.0,0.00 0.00 0.00 89.38 0.54 50.00 0.10 -14.44 6 63 6 63 10.0% 12.0% 50.000 0.000 0.00 -4.90 0.00  1.96 0.00  98.00 0.0% | 1200.00  -40.00 HI -50.00 -50.00
2026-09-27T09:05:27.839,DEMO,DEMO,DEMO_MODE,e8f76161d12445a198911691eb672dce,F1 :    100    2 0.10 -14.44 0.54 50.00  10.0  12.0,0.00 0.00 0.00 89.38 0.54 50.00 0.10 -14.44 6 63 6 63 10.0% 12.0% 50.000 0.000 0.00 -4.90 0.00  1.96 0.00  98.00 0.0% | 1200.00  -40.00 HI -50.00 -50.00
2026-09-27T09:05:27.961,DEMO,DEMO,DEMO_MODE,e8f76161d12445a198911691eb672dce,F1 :    100    2 0.10 -14.44 0.54 50.00  10.0  12.0,0.00 0.00 0.00 89.38 0.54 50.00 0.10 -14.44 6 63 6 63 10.0% 12.0% 50.000 0.000 0.00 -4.90 0.00  1.96 0.00  98.00 0.0% | 1200.00  -40.00 HI -50.00 -50.00
2026-09-27T09:05:28.082,DEMO,DEMO,DEMO_MODE,e8f76161d12445a198911691eb672dce,F1 :    100    2 0.10 -14.44 0.54 50.00  10.0  12.0,0.00 0.00 0.00 89.38 0.54 50.00 0.10 -14.44 6 63 6 63 10.0% 12.0% 50.000 0.000 0.00 -4.90 0.00  1.96 0.00  98.00 0.0% | 1200.00  -40.00 HI -50.00 -50.00
2026-09-27T09:05:28.203,DEMO,DEMO,DEMO_MODE,e8f76161d12445a198911691eb672dce,F1 :    100    2 0.10 -14.44 0.54 50.00  10.0  12.0,0.00 0.00 0.00 89.38 0.54 50.00 0.10 -14.44 6 63 6 63 10.0% 12.0% 50.000 0.000 0.00 -4.90 0.00  1.96 0.00  98.00 0.0% | 1200.00  -40.00 HI -50.00 -50.00
2026-09-27T09:05:28.324,DEMO,DEMO,DEMO_MODE,e8f76161d12445a198911691eb672dce,F1 :    100    2 0.10 -14.44 0.54 50.00  10.0  12.0,0.00 0.00 0.00 89.38 0.54 50.00 0.10 -14.44 6 63 6 63 10.0% 12.0% 50.000 0.000 0.00 -4.90 0.00  1.96 0.00  98.00 0.0% | 1200.00  -40.00 HI -50.00 -50.00
2026-09-27T09:05:28.444,DEMO,DEMO,DEMO_MODE,e8f76161d12445a198911691eb672dce,F1 :    100    2 0.10 -14.44 0.54 50.00  10.0  12.0,0.00 0.00 0.00 89.38 0.54 50.00 0.10 -14.44 6 63 6 63 10.0% 12.0% 50.000 0.000 0.00 -4.90 0.00  1.96 0.00  98.00 0.0% | 1200.00  -40.00 HI -50.00 -50.00
2026-09-27T09:05:28.565,DEMO,DEMO,DEMO_MODE,e8f76161d12445a198911691eb672dce,F1 :    100    2 0.10 -14.44 0.54 50.00  10.0  12.0,0.00 0.00 0.00 89.38 0.54 50.00 0.10 -14.44 6 63 6 63 10.0% 12.0% 50.000 0.000 0.00 -4.90 0.00  1.96 0.00  98.00 0.0% | 1200.00  -40.00 HI -50.00 -50.00
2026-09-27T09:05:28.685,DEMO,DEMO,DEMO_MODE,e8f76161d12445a198911691eb672dce,F1 :    100    2 0.10 -14.44 0.54 50.00  10.0  12.0,0.00 0.00 0.00 89.38 0.54 50.00 0.10 -14.44 6 63 6 63 10.0% 12.0% 50.000 0.000 0.00 -4.90 0.00  1.96 0.00  98.00 0.0% | 1200.00  -40.00 HI -50.00 -50.00
2026-09-27T09:05:28.806,DEMO,DEMO,DEMO_MODE,e8f76161d12445a198911691eb672dce,F1 :    100    2 0.10 -14.44 0.54 50.00  10.0  12.0,0.00 0.00 0.00 89.38 0.54 50.00 0.10 -14.44 6 63 6 63 10.0% 12.0% 50.000 0.000 0.00 -4.90 0.00  1.96 0.00  98.00 0.0% | 1200.00  -40.00 HI -50.00 -50.00
2026-09-27T09:05:28.927,DEMO,DEMO,DEMO_MODE,e8f76161d12445a198911691eb672dce,F1 :    100    2 0.10 -14.44 0.54 50.00  10.0  12.0,0.00 0.00 0.00 89.38 0.54 50.00 0.10 -14.44 6 63 6 63 10.0% 12.0% 50.000 0.000 0.00 -4.90 0.00  1.96 0.00  98.00 0.0% | 1200.00  -40.00 HI -50.00 -50.00
2026-09-27T09:05:29.047,DEMO,DEMO,DEMO_MODE,e8f76161d12445a198911691eb672dce,F1 :    100    2 0.10 -14.44 0.54 50.00  10.0  12.0,0.00 0.00 0.00 89.38 0.54 50.00 0.10 -14.44 6 63 6 63 10.0% 12.0% 50.000 0.000 0.00 -4.90 0.00  1.96 0.00  98.00 0.0% | 1200.00  -40.00 HI -50.00 -50.00
2026-09-27T09:05:29.168,DEMO,DEMO,DEMO_MODE,e8f76161d12445a198911691eb672dce,F1 :    200    2 0.10 -14.44 0.54 50.00  20.0  16.0,0.00 0.00 0.00 89.38 0.54 50.00 0.10 -14.44 6 63 6 63 20.0% 16.0% 100.000 0.000 0.00 -4.90 0.00  1.98 0.00 198.00 0.0% | 1200.00  -30.00 HI -50.00 -50.00
2026-09-27T09:05:29.289,DEMO,DEMO,DEMO_MODE,e8f76161d12445a198911691eb672dce,F1 :    200    2 0.10 -14.44 0.54 50.00  20.0  16.0,0.00 0.00 0.00 89.38 0.54 50.00 0.10 -14.44 6 63 6 63 20.0% 16.0% 100.000 0.000 0.00 -4.90 0.00  1.98 0.00 198.00 0.0% | 1200.00  -30.00 HI -50.00 -50.00
2026-09-27T09:05:29.409,DEMO,DEMO,DEMO_MODE,e8f76161d12445a198911691eb672dce,F1 :    200    2 0.10 -14.44 0.54 50.00  20.0  16.0,0.00 0.00 0.00 89.38 0.54 50.00 0.10 -14.44 6 63 6 63 20.0% 16.0% 100.000 0.000 0.00 -4.90 0.00  1.98 0.00 198.00 0.0% | 1200.00  -30.00 HI -50.00 -50.00
2026-09-27T09:05:29.530,DEMO,DEMO,DEMO_MODE,e8f76161d12445a198911691eb672dce,F1 :    200    2 0.10 -14.44 0.54 50.00  20.0  16.0,0.00 0.00 0.00 89.38 0.54 50.00 0.10 -14.44 6 63 6 63 20.0% 16.0% 100.000 0.000 0.00 -4.90 0.00  1.98 0.00 198.00 0.0% | 1200.00  -30.00 HI -50.00 -50.00
2026-09-27T09:05:29.650,DEMO,DEMO,DEMO_MODE,e8f76161d12445a198911691eb672dce,F1 :    200    2 0.10 -14.44 0.54 50.00  20.0  16.0,0.00 0.00 0.00 89.38 0.54 50.00 0.10 -14.44 6 63 6 63 20.0% 16.0% 100.000 0.000 0.00 -4.90 0.00  1.98 0.00 198.00 0.0% | 1200.00  -30.00 HI -50.00 -50.00
2026-09-27T09:05:29.770,DEMO,DEMO,DEMO_MODE,e8f76161d12445a198911691eb672dce,F1 :    200    2 0.10 -14.44 0.54 50.00  20.0  16.0,0.00 0.00 0.00 89.38 0.54 50.00 0.10 -14.44 6 63 6 63 20.0% 16.0% 100.000 0.000 0.00 -4.90 0.00  1.98 0.00 198.00 0.0% | 1200.00  -30.00 HI -50.00 -50.00
2026-09-27T09:05:29.891,DEMO,DEMO,DEMO_MODE,e8f76161d12445a198911691eb672dce,F1 :    200    2 0.10 -14.44 0.54 50.00  20.0  16.0,0.00 0.00 0.00 89.38 0.54 50.00 0.10 -14.44 6 63 6 63 20.0% 16.0% 100.000 0.000 0.00 -4.90 0.00  1.98 0.00 198.00 0.0% | 1200.00  -30.00 HI -50.00 -50.00
2026-09-27T09:05:30.012,DEMO,DEMO,DEMO_MODE,e8f76161d12445a198911691eb672dce,F1 :    200    2 0.10 -14.44 0.54 50.00  20.0  16.0,0.00 0.00 0.00 89.38 0.54 50.00 0.10 -14.44 6 63 6 63 20.0% 16.0% 100.000 0.000 0.00 -4.90 0.00  1.98 0.00 198.00 0.0% | 1200.00  -30.00 HI -50.00 -50.00
2026-09-27T09:05:30.132,DEMO,DEMO,DEMO_MODE,e8f76161d12445a198911691eb672dce,F1 :    200    2 0.10 -14.44 0.54 50.00  20.0  16.0,0.00 0.00 0.00 89.38 0.54 50.00 0.10 -14.44 6 63 6 63 20.0% 16.0% 100.000 0.000 0.00 -4.90 0.00  1.98 0.00 198.00 0.0% | 1200.00  -30.00 HI -50.00 -50.00
2026-09-27T09:05:30.252,DEMO,DEMO,DEMO_MODE,e8f76161d12445a198911691eb672dce,F1 :    200    2 0.10 -14.44 0.54 50.00  20.0  16.0,0.00 0.00 0.00 89.38 0.54 50.00 0.10 -14.44 6 63 6 63 20.0% 16.0% 100.000 0.000 0.00 -4.90 0.00  1.98 0.00 198.00 0.0% | 1200.00  -30.00 HI -50.00 -50.00
2026-09-27T09:05:30.374,DEMO,DEMO,DEMO_MODE,e8f76161d12445a198911691eb672dce,F1 :    200    2 0.10 -14.44 0.54 50.00  20.0  16.0,0.00 0.00 0.00 89.38 0.54 50.00 0.10 -14.44 6 63 6 63 20.0% 16.0% 100.000 0.000 0.00 -4.90 0.00  1.98 0.00 198.00 0.0% | 1200.00  -30.00 HI -50.00 -50.00
2026-09-27T09:05:30.495,DEMO,DEMO,DEMO_MODE,e8f76161d12445a198911691eb672dce,F1 :    200    2 0.10 -14.44 0.54 50.00  20.0  16.0,0.00 0.00 0.00 89.38 0.54 50.00 0.10 -14.44 6 63 6 63 20.0% 16.0% 100.000 0.000 0.00 -4.90 0.00  1.98 0.00 198.00 0.0% | 1200.00  -30.00 HI -50.00 -50.00
2026-09-27T09:05:30.615,DEMO,DEMO,DEMO_MODE,e8f76161d12445a198911691eb672dce,F1 :    200    2 0.10 -14.44 0.54 50.00  20.0  16.0,0.00 0.00 0.00 89.38 0.54 50.00 0.10 -14.44 6 63 6 63 20.0% 16.0% 100.000 0.000 0.00 -4.90 0.00  1.98 0.00 198.00 0.0% | 1200.00  -30.00 HI -50.00 -50.00
2026-09-27T09:05:30.735,DEMO,DEMO,DEMO_MODE,e8f76161d12445a198911691eb672dce,F1 :    200    2 0.10 -14.44 0.54 50.00  20.0  16.0,0.00 0.00 0.00 89.38 0.54 50.00 0.10 -14.44 6 63 6 63 20.0% 16.0% 100.000 0.000 0.00 -4.90 0.00  1.98 0.00 198.00 0.0% | 1200.00  -30.00 HI -50.00 -50.00
2026-09-27T09:05:30.856,DEMO,DEMO,DEMO_MODE,e8f76161d12445a198911691eb672dce,F1 :    200    2 0.10 -14.44 0.54 50.00  20.0  16.0,0.00 0.00 0.00 89.38 0.54 50.00 0.10 -14.44 6 63 6 63 20.0% 16.0% 100.000 0.000 0.00 -4.90 0.00  1.98 0.00 198.00 0.0% | 1200.00  -30.00 HI -50.00 -50.00
2026-09-27T09:05:30.976,DEMO,DEMO,DEMO_MODE,e8f76161d12445a198911691eb672dce,F1 :    200    2 0.10 -14.44 0.54 50.00  20.0  16.0,0.00 0.00 0.00 89.38 0.54 50.00 0.10 -14.44 6 63 6 63 20.0% 16.0% 100.000 0.000 0.00 -4.90 0.00  1.98 0.00 198.00 0.0% | 1200.00  -30.00 HI -50.00 -50.00
2026-09-27T09:05:31.097,DEMO,DEMO,DEMO_MODE,e8f76161d12445a198911691eb672dce,F1 :    200    2 0.10 -14.44 0.54 50.00  20.0  16.0,0.00 0.00 0.00 89.38 0.54 50.00 0.10 -14.44 6 63 6 63 20.0% 16.0% 100.000 0.000 0.00 -4.90 0.00  1.98 0.00 198.00 0.0% | 1200.00  -30.00 HI -50.00 -50.00
2026-09-27T09:05:31.217,DEMO,DEMO,DEMO_MODE,e8f76161d12445a198911691eb672dce,F1 :    200    2 0.10 -14.44 0.54 50.00  20.0  16.0,0.00 0.00 0.00 89.38 0.54 50.00 0.10 -14.44 6 63 6 63 20.0% 16.0% 100.000 0.000 0.00 -4.90 0.00  1.98 0.00 198.00 0.0% | 1200.00  -30.00 HI -50.00 -50.00
2026-09-27T09:05:31.338,DEMO,DEMO,DEMO_MODE,e8f76161d12445a198911691eb672dce,F1 :    200    2 0.10 -14.44 0.54 50.00  20.0  16.0,0.00 0.00 0.00 89.38 0.54 50.00 0.10 -14.44 6 63 6 63 20.0% 16.0% 100.000 0.000 0.00 -4.90 0.00  1.98 0.00 198.00 0.0% | 1200.00  -30.00 HI -50.00 -50.00
2026-09-27T09:05:31.459,DEMO,DEMO,DEMO_MODE,e8f76161d12445a198911691eb672dce,F1 :    200    2 0.10 -14.44 0.54 50.00  20.0  16.0,0.00 0.00 0.00 89.38 0.54 50.00 0.10 -14.44 6 63 6 63 20.0% 16.0% 100.000 0.000 0.00 -4.90 0.00  1.98 0.00 198.00 0.0% | 1200.00  -30.00 HI -50.00 -50.00
2026-09-27T09:05:31.579,DEMO,DEMO,DEMO_MODE,e8f76161d12445a198911691eb672dce,F1 :    200    2 0.10 -14.44 0.54 50.00  20.0  16.0,0.00 0.00 0.00 89.38 0.54 50.00 0.10 -14.44 6 63 6 63 20.0% 16.0% 100.000 0.000 0.00 -4.90 0.00  1.98 0.00 198.00 0.0% | 1200.00  -30.00 HI -50.00 -50.00
2026-09-27T09:05:31.699,DEMO,DEMO,DEMO_MODE,e8f76161d12445a198911691eb672dce,F1 :    200    2 0.10 -14.44 0.54 50.00  20.0  16.0,0.00 0.00 0.00 89.38 0.54 50.00 0.10 -14.44 6 63 6 63 20.0% 16.0% 100.000 0.000 0.00 -4.90 0.00  1.98 0.00 198.00 0.0% | 1200.00  -30.00 HI -50.00 -50.00
2026-09-27T09:05:31.820,DEMO,DEMO,DEMO_MODE,e8f76161d12445a198911691eb672dce,F1 :    200    2 0.10 -14.44 0.54 50.00  20.0  16.0,0.00 0.00 0.00 89.38 0.54 50.00 0.10 -14.44 6 63 6 63 20.0% 16.0% 100.000 0.000 0.00 -4.90 0.00  1.98 0.00 198.00 0.0% | 1200.00  -30.00 HI -50.00 -50.00
2026-09-27T09:05:31.941,DEMO,DEMO,DEMO_MODE,e8f76161d12445a198911691eb672dce,F1 :    200    2 0.10 -14.44 0.54 50.00  20.0  16.0,0.00 0.00 0.00 89.38 0.54 50.00 0.10 -14.44 6 63 6 63 20.0% 16.0% 100.000 0.000 0.00 -4.90 0.00  1.98 0.00 198.00 0.0% | 1200.00  -30.00 HI -50.00 -50.00
2026-09-27T09:05:32.061,DEMO,DEMO,DEMO_MODE,e8f76161d12445a198911691eb672dce,F1 :    200    2 0.10 -14.44 0.54 50.00  20.0  16.0,0.00 0.00 0.00 89.38 0.54 50.00 0.10 -14.44 6 63 6 63 20.0% 16.0% 100.000 0.000 0.00 -4.90 0.00  1.98 0.00 198.00 0.0% | 1200.00  -30.00 HI -50.00 -50.00
2026-09-27T09:05:32.182,DEMO,DEMO,DEMO_MODE,e8f76161d12445a198911691eb672dce,F1 :    200    2 0.10 -14.44 0.54 50.00  20.0  16.0,0.00 0.00 0.00 89.38 0.54 50.00 0.10 -14.44 6 63 6 63 20.0% 16.0% 100.000 0.000 0.00 -4.90 0.00  1.98 0.00 198.00 0.0% | 1200.00  -30.00 HI -50.00 -50.00
2026-09-27T09:05:32.303,DEMO,DEMO,DEMO_MODE,e8f76161d12445a198911691eb672dce,F1 :    200    2 0.10 -14.44 0.54 50.00  20.0  16.0,0.00 0.00 0.00 89.38 0.54 50.00 0.10 -14.44 6 63 6 63 20.0% 16.0% 100.000 0.000 0.00 -4.90 0.00  1.98 0.00 198.00 0.0% | 1200.00  -30.00 HI -50.00 -50.00
2026-09-27T09:05:32.423,DEMO,DEMO,DEMO_MODE,e8f76161d12445a198911691eb672dce,F1 :    200    2 0.10 -14.44 0.54 50.00  20.0  16.0,0.00 0.00 0.00 89.38 0.54 50.00 0.10 -14.44 6 63 6 63 20.0% 16.0% 100.000 0.000 0.00 -4.90 0.00  1.98 0.00 198.00 0.0% | 1200.00  -30.00 HI -50.00 -50.00
2026-09-27T09:05:32.544,DEMO,DEMO,DEMO_MODE,e8f76161d12445a198911691eb672dce,F1 :    200    2 0.10 -14.44 0.54 50.00  20.0  16.0,0.00 0.00 0.00 89.38 0.54 50.00 0.10 -14.44 6 63 6 63 20.0% 16.0% 100.000 0.000 0.00 -4.90 0.00  1.98 0.00 198.00 0.0% | 1200.00  -30.00 HI -50.00 -50.00
2026-09-27T09:05:32.664,DEMO,DEMO,DEMO_MODE,e8f76161d12445a198911691eb672dce,F1 :    200    2 0.10 -14.44 0.54 50.00  20.0  16.0,0.00 0.00 0.00 89.38 0.54 50.00 0.10 -14.44 6 63 6 63 20.0% 16.0% 100.000 0.000 0.00 -4.90 0.00  1.98 0.00 198.00 0.0% | 1200.00  -30.00 HI -50.00 -50.00
2026-09-27T09:05:32.785,DEMO,DEMO,DEMO_MODE,e8f76161d12445a198911691eb672dce,F1 :    200    2 0.10 -14.44 0.54 50.00  20.0  16.0,0.00 0.00 0.00 89.38 0.54 50.00 0.10 -14.44 6 63 6 63 20.0% 16.0% 100.000 0.000 0.00 -4.90 0.00  1.98 0.00 198.00 0.0% | 1200.00  -30.00 HI -50.00 -50.00
2026-09-27T09:05:32.905,DEMO,DEMO,DEMO_MODE,e8f76161d12445a198911691eb672dce,F1 :    200    2 0.10 -14.44 0.54 50.00  20.0  16.0,0.00 0.00 0.00 89.38 0.54 50.00 0.10 -14.44 6 63 6 63 20.0% 16.0% 100.000 0.000 0.00 -4.90 0.00  1.98 0.00 198.00 0.0% | 1200.00  -30.00 HI -50.00 -50.00
2026-09-27T09:05:33.026,DEMO,DEMO,DEMO_MODE,e8f76161d12445a198911691eb672dce,F1 :    200    2 0.10 -14.44 0.54 50.00  20.0  16.0,0.00 0.00 0.00 89.38 0.54 50.00 0.10 -14.44 6 63 6 63 20.0% 16.0% 100.000 0.000 0.00 -4.90 0.00  1.98 0.00 198.00 0.0% | 1200.00  -30.00 HI -50.00 -50.00
2026-09-27T09:05:33.146,DEMO,DEMO,DEMO_MODE,e8f76161d12445a198911691eb672dce,F1 :    200    2 0.10 -14.44 0.54 50.00  20.0  16.0,0.00 0.00 0.00 89.38 0.54 50.00 0.10 -14.44 6 63 6 63 20.0% 16.0% 100.000 0.000 0.00 -4.90 0.00  1.98 0.00 198.00 0.0% | 1200.00  -30.00 HI -50.00 -50.00
2026-09-27T09:05:33.267,DEMO,DEMO,DEMO_MODE,e8f76161d12445a198911691eb672dce,F1 :    200    2 0.10 -14.44 0.54 50.00  20.0  16.0,0.00 0.00 0.00 89.38 0.54 50.00 0.10 -14.44 6 63 6 63 20.0% 16.0% 100.000 0.000 0.00 -4.90 0.00  1.98 0.00 198.00 0.0% | 1200.00  -30.00 HI -50.00 -50.00
2026-09-27T09:05:33.388,DEMO,DEMO,DEMO_MODE,e8f76161d12445a198911691eb672dce,F1 :    200    2 0.10 -14.44 0.54 50.00  20.0  16.0,0.00 0.00 0.00 89.38 0.54 50.00 0.10 -14.44 6 63 6 63 20.0% 16.0% 100.000 0.000 0.00 -4.90 0.00  1.98 0.00 198.00 0.0% | 1200.00  -30.00 HI -50.00 -50.00
2026-09-27T09:05:33.510,DEMO,DEMO,DEMO_MODE,e8f76161d12445a198911691eb672dce,F1 :    200    2 0.10 -14.44 0.54 50.00  20.0  16.0,0.00 0.00 0.00 89.38 0.54 50.00 0.10 -14.44 6 63 6 63 20.0% 16.0% 100.000 0.000 0.00 -4.90 0.00  1.98 0.00 198.00 0.0% | 1200.00  -30.00 HI -50.00 -50.00
2026-09-27T09:05:33.631,DEMO,DEMO,DEMO_MODE,e8f76161d12445a198911691eb672dce,F1 :    200    2 0.10 -14.44 0.54 50.00  20.0  16.0,0.00 0.00 0.00 89.38 0.54 50.00 0.10 -14.44 6 63 6 63 20.0% 16.0% 100.000 0.000 0.00 -4.90 0.00  1.98 0.00 198.00 0.0% | 1200.00  -30.00 HI -50.00 -50.00
2026-09-27T09:05:33.751,DEMO,DEMO,DEMO_MODE,e8f76161d12445a198911691eb672dce,F1 :    200    2 0.10 -14.44 0.54 50.00  20.0  16.0,0.00 0.00 0.00 89.38 0.54 50.00 0.10 -14.44 6 63 6 63 20.0% 16.0% 100.000 0.000 0.00 -4.90 0.00  1.98 0.00 198.00 0.0% | 1200.00  -30.00 HI -50.00 -50.00
2026-09-27T09:05:33.872,DEMO,DEMO,DEMO_MODE,e8f76161d12445a198911691eb672dce,F1 :    200    2 0.10 -14.44 0.54 50.00  20.0  16.0,0.00 0.00 0.00 89.38 0.54 50.00 0.10 -14.44 6 63 6 63 20.0% 16.0% 100.000 0.000 0.00 -4.90 0.00  1.98 0.00 198.00 0.0% | 1200.00  -30.00 HI -50.00 -50.00
2026-09-27T09:05:33.992,DEMO,DEMO,DEMO_MODE,e8f76161d12445a198911691eb672dce,F1 :    200    2 0.10 -14.44 0.54 50.00  20.0  16.0,0.00 0.00 0.00 89.38 0.54 50.00 0.10 -14.44 6 63 6 63 20.0% 16.0% 100.000 0.000 0.00 -4.90 0.00  1.98 0.00 198.00 0.0% | 1200.00  -30.00 HI -50.00 -50.00
2026-09-27T09:05:34.113,DEMO,DEMO,DEMO_MODE,e8f76161d12445a198911691eb672dce,F1 :    200    2 0.10 -14.44 0.54 50.00  20.0  16.0,0.00 0.00 0.00 89.38 0.54 50.00 0.10 -14.44 6 63 6 63 20.0% 16.0% 100.000 0.000 0.00 -4.90 0.00  1.98 0.00 198.00 0.0% | 1200.00  -30.00 HI -50.00 -50.00
2026-09-27T09:05:34.233,DEMO,DEMO,DEMO_MODE,e8f76161d12445a198911691eb672dce,F1 :    200    2 0.10 -14.44 0.54 50.00  20.0  20.0,0.00 0.00 0.00 89.38 0.54 50.00 0.10 -14.44 6 63 6 63 20.0% 20.0% 100.000 0.000 0.00 -4.90 0.00  1.98 0.00 198.00 0.0% | 1200.00  -30.00 HI -50.00 -50.00
2026-09-27T09:05:34.354,DEMO,DEMO,DEMO_MODE,e8f76161d12445a198911691eb672dce,F1 :    200    2 0.10 -14.44 0.54 50.00  20.0  20.0,0.00 0.00 0.00 89.38 0.54 50.00 0.10 -14.44 6 63 6 63 20.0% 20.0% 100.000 0.000 0.00 -4.90 0.00  1.98 0.00 198.00 0.0% | 1200.00  -30.00 HI -50.00 -50.00
2026-09-27T09:05:34.475,DEMO,DEMO,DEMO_MODE,e8f76161d12445a198911691eb672dce,F1 :    200    2 0.10 -14.44 0.54 50.00  20.0  20.0,0.00 0.00 0.00 89.38 0.54 50.00 0.10 -14.44 6 63 6 63 20.0% 20.0% 100.000 0.000 0.00 -4.90 0.00  1.98 0.00 198.00 0.0% | 1200.00  -30.00 HI -50.00 -50.00
2026-09-27T09:05:34.596,DEMO,DEMO,DEMO_MODE,e8f76161d12445a198911691eb672dce,F1 :    200    2 0.10 -14.44 0.54 50.00  20.0  20.0,0.00 0.00 0.00 89.38 0.54 50.00 0.10 -14.44 6 63 6 63 20.0% 20.0% 100.000 0.000 0.00 -4.90 0.00  1.98 0.00 198.00 0.0% | 1200.00  -30.00 HI -50.00 -50.00
2026-09-27T09:05:34.717,DEMO,DEMO,DEMO_MODE,e8f76161d12445a198911691eb672dce,F1 :    200    2 0.10 -14.44 0.54 50.00  20.0  20.0,0.00 0.00 0.00 89.38 0.54 50.00 0.10 -14.44 6 63 6 63 20.0% 20.0% 100.000 0.000 0.00 -4.90 0.00  1.98 0.00 198.00 0.0% | 1200.00  -30.00 HI -50.00 -50.00
2026-09-27T09:05:34.837,DEMO,DEMO,DEMO_MODE,e8f76161d12445a198911691eb672dce,F1 :    200    2 0.10 -14.44 0.54 50.00  20.0  20.0,0.00 0.00 0.00 89.38 0.54 50.00 0.10 -14.44 6 63 6 63 20.0% 20.0% 100.000 0.000 0.00 -4.90 0.00  1.98 0.00 198.00 0.0% | 1200.00  -30.00 HI -50.00 -50.00
2026-09-27T09:05:34.958,DEMO,DEMO,DEMO_MODE,e8f76161d12445a198911691eb672dce,F1 :    200    2 0.10 -14.44 0.54 50.00  20.0  20.0,0.00 0.00 0.00 89.38 0.54 50.00 0.10 -14.44 6 63 6 63 20.0% 20.0% 100.000 0.000 0.00 -4.90 0.00  1.98 0.00 198.00 0.0% | 1200.00  -30.00 HI -50.00 -50.00
2026-09-27T09:05:35.079,DEMO,DEMO,DEMO_MODE,e8f76161d12445a198911691eb672dce,F1 :    200    2 0.10 -14.44 0.54 50.00  20.0  20.0,0.00 0.00 0.00 89.38 0.54 50.00 0.10 -14.44 6 63 6 63 20.0% 20.0% 100.000 0.000 0.00 -4.90 0.00  1.98 0.00 198.00 0.0% | 1200.00  -30.00 HI -50.00 -50.00
2026-09-27T09:05:35.199,DEMO,DEMO,DEMO_MODE,e8f76161d12445a198911691eb672dce,F1 :    200    2 0.10 -14.44 0.54 50.00  20.0  20.0,0.00 0.00 0.00 89.38 0.54 50.00 0.10 -14.44 6 63 6 63 20.0% 20.0% 100.000 0.000 0.00 -4.90 0.00  1.98 0.00 198.00 0.0% | 1200.00  -30.00 HI -50.00 -50.00
2026-09-27T09:05:35.320,DEMO,DEMO,DEMO_MODE,e8f76161d12445a198911691eb672dce,F1 :    200    2 0.10 -14.44 0.54 50.00  20.0  20.0,0.00 0.00 0.00 89.38 0.54 50.00 0.10 -14.44 6 63 6 63 20.0% 20.0% 100.000 0.000 0.00 -4.90 0.00  1.98 0.00 198.00 0.0% | 1200.00  -30.00 HI -50.00 -50.00
2026-09-27T09:05:35.440,DEMO,DEMO,DEMO_MODE,e8f76161d12445a198911691eb672dce,F1 :    200    2 0.10 -14.44 0.54 50.00  20.0  20.0,0.00 0.00 0.00 89.38 0.54 50.00 0.10 -14.44 6 63 6 63 20.0% 20.0% 100.000 0.000 0.00 -4.90 0.00  1.98 0.00 198.00 0.0% | 1200.00  -30.00 HI -50.00 -50.00
2026-09-27T09:05:35.561,DEMO,DEMO,DEMO_MODE,e8f76161d12445a198911691eb672dce,F1 :    200    2 0.10 -14.44 0.54 50.00  20.0  20.0,0.00 0.00 0.00 89.38 0.54 50.00 0.10 -14.44 6 63 6 63 20.0% 20.0% 100.000 0.000 0.00 -4.90 0.00  1.98 0.00 198.00 0.0% | 1200.00  -30.00 HI -50.00 -50.00
2026-09-27T09:05:35.682,DEMO,DEMO,DEMO_MODE,e8f76161d12445a198911691eb672dce,F1 :    200    2 0.10 -14.44 0.54 50.00  20.0  20.0,0.00 0.00 0.00 89.38 0.54 50.00 0.10 -14.44 6 63 6 63 20.0% 20.0% 100.000 0.000 0.00 -4.90 0.00  1.98 0.00 198.00 0.0% | 1200.00  -30.00 HI -50.00 -50.00
2026-09-27T09:05:35.802,DEMO,DEMO,DEMO_MODE,e8f76161d12445a198911691eb672dce,F1 :    200    2 0.10 -14.44 0.54 50.00  20.0  20.0,0.00 0.00 0.00 89.38 0.54 50.00 0.10 -14.44 6 63 6 63 20.0% 20.0% 100.000 0.000 0.00 -4.90 0.00  1.98 0.00 198.00 0.0% | 1200.00  -30.00 HI -50.00 -50.00
2026-09-27T09:05:35.923,DEMO,DEMO,DEMO_MODE,e8f76161d12445a198911691eb672dce,F1 :    200    2 0.10 -14.44 0.54 50.00  20.0  20.0,0.00 0.00 0.00 89.38 0.54 50.00 0.10 -14.44 6 63 6 63 20.0% 20.0% 100.000 0.000 0.00 -4.90 0.00  1.98 0.00 198.00 0.0% | 1200.00  -30.00 HI -50.00 -50.00
2026-09-27T09:05:36.044,DEMO,DEMO,DEMO_MODE,e8f76161d12445a198911691eb672dce,F1 :    200    2 0.10 -14.44 0.54 50.00  20.0  20.0,0.00 0.00 0.00 89.38 0.54 50.00 0.10 -14.44 6 63 6 63 20.0% 20.0% 100.000 0.000 0.00 -4.90 0.00  1.98 0.00 198.00 0.0% | 1200.00  -30.00 HI -50.00 -50.00
2026-09-27T09:05:36.164,DEMO,DEMO,DEMO_MODE,e8f76161d12445a198911691eb672dce,F1 :    200    3 0.10 -14.44 0.54 50.00  20.0  20.0,0.00 0.00 0.00 89.38 0.54 50.00 0.10 -14.44 6 63 6 63 20.0% 20.0% 100.000 0.000 0.00 -4.90 0.00  1.97 0.00 197.00 0.0% | 1200.00  -30.00 HI -50.00 -50.00
2026-09-27T09:05:36.285,DEMO,DEMO,DEMO_MODE,e8f76161d12445a198911691eb672dce,F1 :    200    3 0.10 -14.44 0.54 50.00  20.0  20.0,0.00 0.00 0.00 89.38 0.54 50.00 0.10 -14.44 6 63 6 63 20.0% 20.0% 100.000 0.000 0.00 -4.90 0.00  1.97 0.00 197.00 0.0% | 1200.00  -30.00 HI -50.00 -50.00
2026-09-27T09:05:36.406,DEMO,DEMO,DEMO_MODE,e8f76161d12445a198911691eb672dce,F1 :    200    3 0.10 -14.44 0.54 50.00  20.0  20.0,0.00 0.00 0.00 89.38 0.54 50.00 0.10 -14.44 6 63 6 63 20.0% 20.0% 100.000 0.000 0.00 -4.90 0.00  1.97 0.00 197.00 0.0% | 1200.00  -30.00 HI -50.00 -50.00
2026-09-27T09:05:36.527,DEMO,DEMO,DEMO_MODE,e8f76161d12445a198911691eb672dce,F1 :    200    3 0.10 -14.44 0.54 50.00  20.0  20.0,0.00 0.00 0.00 89.38 0.54 50.00 0.10 -14.44 6 63 6 63 20.0% 20.0% 100.000 0.000 0.00 -4.90 0.00  1.97 0.00 197.00 0.0% | 1200.00  -30.00 HI -50.00 -50.00
2026-09-27T09:05:36.647,DEMO,DEMO,DEMO_MODE,e8f76161d12445a198911691eb672dce,F1 :    200    3 0.10 -14.44 0.54 50.00  20.0  20.0,0.00 0.00 0.00 89.38 0.54 50.00 0.10 -14.44 6 63 6 63 20.0% 20.0% 100.000 0.000 0.00 -4.90 0.00  1.97 0.00 197.00 0.0% | 1200.00  -30.00 HI -50.00 -50.00
2026-09-27T09:05:36.768,DEMO,DEMO,DEMO_MODE,e8f76161d12445a198911691eb672dce,F1 :    200    3 0.10 -14.44 0.54 50.00  20.0  20.0,0.00 0.00 0.00 89.38 0.54 50.00 0.10 -14.44 6 63 6 63 20.0% 20.0% 100.000 0.000 0.00 -4.90 0.00  1.97 0.00 197.00 0.0% | 1200.00  -30.00 HI -50.00 -50.00
2026-09-27T09:05:36.889,DEMO,DEMO,DEMO_MODE,e8f76161d12445a198911691eb672dce,F1 :    200    3 0.10 -14.44 0.54 50.00  20.0  20.0,0.00 0.00 0.00 89.38 0.54 50.00 0.10 -14.44 6 63 6 63 20.0% 20.0% 100.000 0.000 0.00 -4.90 0.00  1.97 0.00 197.00 0.0% | 1200.00  -30.00 HI -50.00 -50.00
2026-09-27T09:05:37.010,DEMO,DEMO,DEMO_MODE,e8f76161d12445a198911691eb672dce,F1 :    200    3 0.10 -14.44 0.54 50.00  20.0  20.0,0.00 0.00 0.00 89.38 0.54 50.00 0.10 -14.44 6 63 6 63 20.0% 20.0% 100.000 0.000 0.00 -4.90 0.00  1.97 0.00 197.00 0.0% | 1200.00  -30.00 HI -50.00 -50.00
2026-09-27T09:05:37.130,DEMO,DEMO,DEMO_MODE,e8f76161d12445a198911691eb672dce,F1 :    200    3 0.10 -14.44 0.54 50.00  20.0  20.0,0.00 0.00 0.00 89.38 0.54 50.00 0.10 -14.44 6 63 6 63 20.0% 20.0% 100.000 0.000 0.00 -4.90 0.00  1.97 0.00 197.00 0.0% | 1200.00  -30.00 HI -50.00 -50.00
2026-09-27T09:05:37.250,DEMO,DEMO,DEMO_MODE,e8f76161d12445a198911691eb672dce,F1 :    200    3 0.10 -14.44 0.54 50.00  20.0  20.0,0.00 0.00 0.00 89.38 0.54 50.00 0.10 -14.44 6 63 6 63 20.0% 20.0% 100.000 0.000 0.00 -4.90 0.00  1.97 0.00 197.00 0.0% | 1200.00  -30.00 HI -50.00 -50.00
2026-09-27T09:05:37.371,DEMO,DEMO,DEMO_MODE,e8f76161d12445a198911691eb672dce,F1 :    200    3 0.10 -14.44 0.54 50.00  20.0  20.0,0.00 0.00 0.00 89.38 0.54 50.00 0.10 -14.44 6 63 6 63 20.0% 20.0% 100.000 0.000 0.00 -4.90 0.00  1.97 0.00 197.00 0.0% | 1200.00  -30.00 HI -50.00 -50.00
2026-09-27T09:05:37.493,DEMO,DEMO,DEMO_MODE,e8f76161d12445a198911691eb672dce,F1 :    200    3 0.10 -14.44 0.54 50.00  20.0  20.0,0.00 0.00 0.00 89.38 0.54 50.00 0.10 -14.44 6 63 6 63 20.0% 20.0% 100.000 0.000 0.00 -4.90 0.00  1.97 0.00 197.00 0.0% | 1200.00  -30.00 HI -50.00 -50.00
2026-09-27T09:05:37.613,DEMO,DEMO,DEMO_MODE,e8f76161d12445a198911691eb672dce,F1 :    200    3 0.10 -14.44 0.54 50.00  20.0  20.0,0.00 0.00 0.00 89.38 0.54 50.00 0.10 -14.44 6 63 6 63 20.0% 20.0% 100.000 0.000 0.00 -4.90 0.00  1.97 0.00 197.00 0.0% | 1200.00  -30.00 HI -50.00 -50.00
2026-09-27T09:05:37.733,DEMO,DEMO,DEMO_MODE,e8f76161d12445a198911691eb672dce,F1 :    200    3 0.10 -14.44 0.54 50.00  20.0  20.0,0.00 0.00 0.00 89.38 0.54 50.00 0.10 -14.44 6 63 6 63 20.0% 20.0% 100.000 0.000 0.00 -4.90 0.00  1.97 0.00 197.00 0.0% | 1200.00  -30.00 HI -50.00 -50.00
2026-09-27T09:05:37.854,DEMO,DEMO,DEMO_MODE,e8f76161d12445a198911691eb672dce,F1 :    200    3 0.10 -14.44 0.54 50.00  20.0  20.0,0.00 0.00 0.00 89.38 0.54 50.00 0.10 -14.44 6 63 6 63 20.0% 20.0% 100.000 0.000 0.00 -4.90 0.00  1.97 0.00 197.00 0.0% | 1200.00  -30.00 HI -50.00 -50.00
2026-09-27T09:05:37.975,DEMO,DEMO,DEMO_MODE,e8f76161d12445a198911691eb672dce,F1 :    200    3 0.10 -14.44 0.54 50.00  20.0  20.0,0.00 0.00 0.00 89.38 0.54 50.00 0.10 -14.44 6 63 6 63 20.0% 20.0% 100.000 0.000 0.00 -4.90 0.00  1.97 0.00 197.00 0.0% | 1200.00  -30.00 HI -50.00 -50.00
2026-09-27T09:05:38.096,DEMO,DEMO,DEMO_MODE,e8f76161d12445a198911691eb672dce,F1 :    200    3 0.10 -14.44 0.54 50.00  20.0  20.0,0.00 0.00 0.00 89.38 0.54 50.00 0.10 -14.44 6 63 6 63 20.0% 20.0% 100.000 0.000 0.00 -4.90 0.00  1.97 0.00 197.00 0.0% | 1200.00  -30.00 HI -50.00 -50.00
2026-09-27T09:05:38.216,DEMO,DEMO,DEMO_MODE,e8f76161d12445a198911691eb672dce,F1 :    200    3 0.10 -14.44 0.54 50.00  20.0  20.0,0.00 0.00 0.00 89.38 0.54 50.00 0.10 -14.44 6 63 6 63 20.0% 20.0% 100.000 0.000 0.00 -4.90 0.00  1.97 0.00 197.00 0.0% | 1200.00  -30.00 HI -50.00 -50.00
2026-09-27T09:05:38.337,DEMO,DEMO,DEMO_MODE,e8f76161d12445a198911691eb672dce,F1 :    200    3 0.10 -14.44 0.54 50.00  20.0  20.0,0.00 0.00 0.00 89.38 0.54 50.00 0.10 -14.44 6 63 6 63 20.0% 20.0% 100.000 0.000 0.00 -4.90 0.00  1.97 0.00 197.00 0.0% | 1200.00  -30.00 HI -50.00 -50.00
2026-09-27T09:05:38.457,DEMO,DEMO,DEMO_MODE,e8f76161d12445a198911691eb672dce,F1 :    200    3 0.10 -14.44 0.54 50.00  20.0  20.0,0.00 0.00 0.00 89.38 0.54 50.00 0.10 -14.44 6 63 6 63 20.0% 20.0% 100.000 0.000 0.00 -4.90 0.00  1.97 0.00 197.00 0.0% | 1200.00  -30.00 HI -50.00 -50.00
2026-09-27T09:05:38.579,DEMO,DEMO,DEMO_MODE,e8f76161d12445a198911691eb672dce,F1 :    200    3 0.10 -14.44 0.54 50.00  20.0  20.0,0.00 0.00 0.00 89.38 0.54 50.00 0.10 -14.44 6 63 6 63 20.0% 20.0% 100.000 0.000 0.00 -4.90 0.00  1.97 0.00 197.00 0.0% | 1200.00  -30.00 HI -50.00 -50.00
2026-09-27T09:05:38.699,DEMO,DEMO,DEMO_MODE,e8f76161d12445a198911691eb672dce,F1 :    200    3 0.10 -14.44 0.54 50.00  20.0  20.0,0.00 0.00 0.00 89.38 0.54 50.00 0.10 -14.44 6 63 6 63 20.0% 20.0% 100.000 0.000 0.00 -4.90 0.00  1.97 0.00 197.00 0.0% | 1200.00  -30.00 HI -50.00 -50.00
2026-09-27T09:05:38.819,DEMO,DEMO,DEMO_MODE,e8f76161d12445a198911691eb672dce,F1 :    200    3 0.10 -14.44 0.54 50.00  20.0  20.0,0.00 0.00 0.00 89.38 0.54 50.00 0.10 -14.44 6 63 6 63 20.0% 20.0% 100.000 0.000 0.00 -4.90 0.00  1.97 0.00 197.00 0.0% | 1200.00  -30.00 HI -50.00 -50.00
2026-09-27T09:05:38.940,DEMO,DEMO,DEMO_MODE,e8f76161d12445a198911691eb672dce,F1 :    200    3 0.10 -14.44 0.54 50.00  20.0  20.0,0.00 0.00 0.00 89.38 0.54 50.00 0.10 -14.44 6 63 6 63 20.0% 20.0% 100.000 0.000 0.00 -4.90 0.00  1.97 0.00 197.00 0.0% | 1200.00  -30.00 HI -50.00 -50.00
2026-09-27T09:05:39.060,DEMO,DEMO,DEMO_MODE,e8f76161d12445a198911691eb672dce,F1 :    200    3 0.10 -14.44 0.54 50.00  20.0  20.0,0.00 0.00 0.00 89.38 0.54 50.00 0.10 -14.44 6 63 6 63 20.0% 20.0% 100.000 0.000 0.00 -4.90 0.00  1.97 0.00 197.00 0.0% | 1200.00  -30.00 HI -50.00 -50.00
2026-09-27T09:05:39.181,DEMO,DEMO,DEMO_MODE,e8f76161d12445a198911691eb672dce,F1 :    300    3 0.10 -14.44 0.54 50.00  30.0  24.0,0.00 0.00 0.00 89.38 0.54 50.00 0.10 -14.44 6 63 6 63 30.0% 24.0% 150.000 0.000 0.00 -4.90 0.00  1.98 0.00 297.00 0.0% | 1200.00  -20.00 HI -50.00 -50.00
2026-09-27T09:05:39.302,DEMO,DEMO,DEMO_MODE,e8f76161d12445a198911691eb672dce,F1 :    300    3 0.10 -14.44 0.54 50.00  30.0  24.0,0.00 0.00 0.00 89.38 0.54 50.00 0.10 -14.44 6 63 6 63 30.0% 24.0% 150.000 0.000 0.00 -4.90 0.00  1.98 0.00 297.00 0.0% | 1200.00  -20.00 HI -50.00 -50.00
2026-09-27T09:05:39.423,DEMO,DEMO,DEMO_MODE,e8f76161d12445a198911691eb672dce,F1 :    300    3 0.10 -14.44 0.54 50.00  30.0  24.0,0.00 0.00 0.00 89.38 0.54 50.00 0.10 -14.44 6 63 6 63 30.0% 24.0% 150.000 0.000 0.00 -4.90 0.00  1.98 0.00 297.00 0.0% | 1200.00  -20.00 HI -50.00 -50.00
2026-09-27T09:05:39.543,DEMO,DEMO,DEMO_MODE,e8f76161d12445a198911691eb672dce,F1 :    300    3 0.10 -14.44 0.54 50.00  30.0  24.0,0.00 0.00 0.00 89.38 0.54 50.00 0.10 -14.44 6 63 6 63 30.0% 24.0% 150.000 0.000 0.00 -4.90 0.00  1.98 0.00 297.00 0.0% | 1200.00  -20.00 HI -50.00 -50.00
2026-09-27T09:05:39.664,DEMO,DEMO,DEMO_MODE,e8f76161d12445a198911691eb672dce,F1 :    300    3 0.10 -14.44 0.54 50.00  30.0  24.0,0.00 0.00 0.00 89.38 0.54 50.00 0.10 -14.44 6 63 6 63 30.0% 24.0% 150.000 0.000 0.00 -4.90 0.00  1.98 0.00 297.00 0.0% | 1200.00  -20.00 HI -50.00 -50.00
2026-09-27T09:05:39.784,DEMO,DEMO,DEMO_MODE,e8f76161d12445a198911691eb672dce,F1 :    300    3 0.10 -14.44 0.54 50.00  30.0  24.0,0.00 0.00 0.00 89.38 0.54 50.00 0.10 -14.44 6 63 6 63 30.0% 24.0% 150.000 0.000 0.00 -4.90 0.00  1.98 0.00 297.00 0.0% | 1200.00  -20.00 HI -50.00 -50.00
2026-09-27T09:05:39.905,DEMO,DEMO,DEMO_MODE,e8f76161d12445a198911691eb672dce,F1 :    300    3 0.10 -14.44 0.54 50.00  30.0  24.0,0.00 0.00 0.00 89.38 0.54 50.00 0.10 -14.44 6 63 6 63 30.0% 24.0% 150.000 0.000 0.00 -4.90 0.00  1.98 0.00 297.00 0.0% | 1200.00  -20.00 HI -50.00 -50.00
2026-09-27T09:05:40.026,DEMO,DEMO,DEMO_MODE,e8f76161d12445a198911691eb672dce,F1 :    300    3 0.10 -14.44 0.54 50.00  30.0  24.0,0.00 0.00 0.00 89.38 0.54 50.00 0.10 -14.44 6 63 6 63 30.0% 24.0% 150.000 0.000 0.00 -4.90 0.00  1.98 0.00 297.00 0.0% | 1200.00  -20.00 HI -50.00 -50.00
2026-09-27T09:05:40.147,DEMO,DEMO,DEMO_MODE,e8f76161d12445a198911691eb672dce,F1 :    300    3 0.10 -14.44 0.54 50.00  30.0  24.0,0.00 0.00 0.00 89.38 0.54 50.00 0.10 -14.44 6 63 6 63 30.0% 24.0% 150.000 0.000 0.00 -4.90 0.00  1.98 0.00 297.00 0.0% | 1200.00  -20.00 HI -50.00 -50.00
2026-09-27T09:05:40.267,DEMO,DEMO,DEMO_MODE,e8f76161d12445a198911691eb672dce,F1 :    300    3 0.10 -14.44 0.54 50.00  30.0  24.0,0.00 0.00 0.00 89.38 0.54 50.00 0.10 -14.44 6 63 6 63 30.0% 24.0% 150.000 0.000 0.00 -4.90 0.00  1.98 0.00 297.00 0.0% | 1200.00  -20.00 HI -50.00 -50.00
2026-09-27T09:05:40.388,DEMO,DEMO,DEMO_MODE,e8f76161d12445a198911691eb672dce,F1 :    300    3 0.10 -14.44 0.54 50.00  30.0  24.0,0.00 0.00 0.00 89.38 0.54 50.00 0.10 -14.44 6 63 6 63 30.0% 24.0% 150.000 0.000 0.00 -4.90 0.00  1.98 0.00 297.00 0.0% | 1200.00  -20.00 HI -50.00 -50.00
2026-09-27T09:05:40.509,DEMO,DEMO,DEMO_MODE,e8f76161d12445a198911691eb672dce,F1 :    300    3 0.10 -14.44 0.54 50.00  30.0  24.0,0.00 0.00 0.00 89.38 0.54 50.00 0.10 -14.44 6 63 6 63 30.0% 24.0% 150.000 0.000 0.00 -4.90 0.00  1.98 0.00 297.00 0.0% | 1200.00  -20.00 HI -50.00 -50.00
2026-09-27T09:05:40.629,DEMO,DEMO,DEMO_MODE,e8f76161d12445a198911691eb672dce,F1 :    300    3 0.10 -14.44 0.54 50.00  30.0  24.0,0.00 0.00 0.00 89.38 0.54 50.00 0.10 -14.44 6 63 6 63 30.0% 24.0% 150.000 0.000 0.00 -4.90 0.00  1.98 0.00 297.00 0.0% | 1200.00  -20.00 HI -50.00 -50.00
2026-09-27T09:05:40.750,DEMO,DEMO,DEMO_MODE,e8f76161d12445a198911691eb672dce,F1 :    300    3 0.10 -14.44 0.54 50.00  30.0  24.0,0.00 0.00 0.00 89.38 0.54 50.00 0.10 -14.44 6 63 6 63 30.0% 24.0% 150.000 0.000 0.00 -4.90 0.00  1.98 0.00 297.00 0.0% | 1200.00  -20.00 HI -50.00 -50.00
2026-09-27T09:05:40.871,DEMO,DEMO,DEMO_MODE,e8f76161d12445a198911691eb672dce,F1 :    300    3 0.10 -14.44 0.54 50.00  30.0  24.0,0.00 0.00 0.00 89.38 0.54 50.00 0.10 -14.44 6 63 6 63 30.0% 24.0% 150.000 0.000 0.00 -4.90 0.00  1.98 0.00 297.00 0.0% | 1200.00  -20.00 HI -50.00 -50.00
2026-09-27T09:05:40.992,DEMO,DEMO,DEMO_MODE,e8f76161d12445a198911691eb672dce,F1 :    300    3 0.10 -14.44 0.54 50.00  30.0  24.0,0.00 0.00 0.00 89.38 0.54 50.00 0.10 -14.44 6 63 6 63 30.0% 24.0% 150.000 0.000 0.00 -4.90 0.00  1.98 0.00 297.00 0.0% | 1200.00  -20.00 HI -50.00 -50.00
2026-09-27T09:05:41.113,DEMO,DEMO,DEMO_MODE,e8f76161d12445a198911691eb672dce,F1 :    300    3 0.10 -14.44 0.54 50.00  30.0  24.0,0.00 0.00 0.00 89.38 0.54 50.00 0.10 -14.44 6 63 6 63 30.0% 24.0% 150.000 0.000 0.00 -4.90 0.00  1.98 0.00 297.00 0.0% | 1200.00  -20.00 HI -50.00 -50.00
2026-09-27T09:05:41.233,DEMO,DEMO,DEMO_MODE,e8f76161d12445a198911691eb672dce,F1 :    300    3 0.10 -14.44 0.54 50.00  30.0  24.0,0.00 0.00 0.00 89.38 0.54 50.00 0.10 -14.44 6 63 6 63 30.0% 24.0% 150.000 0.000 0.00 -4.90 0.00  1.98 0.00 297.00 0.0% | 1200.00  -20.00 HI -50.00 -50.00
2026-09-27T09:05:41.354,DEMO,DEMO,DEMO_MODE,e8f76161d12445a198911691eb672dce,F1 :    300    3 0.10 -14.44 0.54 50.00  30.0  24.0,0.00 0.00 0.00 89.38 0.54 50.00 0.10 -14.44 6 63 6 63 30.0% 24.0% 150.000 0.000 0.00 -4.90 0.00  1.98 0.00 297.00 0.0% | 1200.00  -20.00 HI -50.00 -50.00
2026-09-27T09:05:41.474,DEMO,DEMO,DEMO_MODE,e8f76161d12445a198911691eb672dce,F1 :    300    3 0.10 -14.44 0.54 50.00  30.0  24.0,0.00 0.00 0.00 89.38 0.54 50.00 0.10 -14.44 6 63 6 63 30.0% 24.0% 150.000 0.000 0.00 -4.90 0.00  1.98 0.00 297.00 0.0% | 1200.00  -20.00 HI -50.00 -50.00
2026-09-27T09:05:41.595,DEMO,DEMO,DEMO_MODE,e8f76161d12445a198911691eb672dce,F1 :    300    3 0.10 -14.44 0.54 50.00  30.0  24.0,0.00 0.00 0.00 89.38 0.54 50.00 0.10 -14.44 6 63 6 63 30.0% 24.0% 150.000 0.000 0.00 -4.90 0.00  1.98 0.00 297.00 0.0% | 1200.00  -20.00 HI -50.00 -50.00
2026-09-27T09:05:41.716,DEMO,DEMO,DEMO_MODE,e8f76161d12445a198911691eb672dce,F1 :    300    3 0.10 -14.44 0.54 50.00  30.0  24.0,0.00 0.00 0.00 89.38 0.54 50.00 0.10 -14.44 6 63 6 63 30.0% 24.0% 150.000 0.000 0.00 -4.90 0.00  1.98 0.00 297.00 0.0% | 1200.00  -20.00 HI -50.00 -50.00
2026-09-27T09:05:41.836,DEMO,DEMO,DEMO_MODE,e8f76161d12445a198911691eb672dce,F1 :    300    3 0.10 -14.44 0.54 50.00  30.0  24.0,0.00 0.00 0.00 89.38 0.54 50.00 0.10 -14.44 6 63 6 63 30.0% 24.0% 150.000 0.000 0.00 -4.90 0.00  1.98 0.00 297.00 0.0% | 1200.00  -20.00 HI -50.00 -50.00
2026-09-27T09:05:41.957,DEMO,DEMO,DEMO_MODE,e8f76161d12445a198911691eb672dce,F1 :    300    3 0.10 -14.44 0.54 50.00  30.0  24.0,0.00 0.00 0.00 89.38 0.54 50.00 0.10 -14.44 6 63 6 63 30.0% 24.0% 150.000 0.000 0.00 -4.90 0.00  1.98 0.00 297.00 0.0% | 1200.00  -20.00 HI -50.00 -50.00
2026-09-27T09:05:42.078,DEMO,DEMO,DEMO_MODE,e8f76161d12445a198911691eb672dce,F1 :    300    3 0.10 -14.44 0.54 50.00  30.0  24.0,0.00 0.00 0.00 89.38 0.54 50.00 0.10 -14.44 6 63 6 63 30.0% 24.0% 150.000 0.000 0.00 -4.90 0.00  1.98 0.00 297.00 0.0% | 1200.00  -20.00 HI -50.00 -50.00
2026-09-27T09:05:42.199,DEMO,DEMO,DEMO_MODE,e8f76161d12445a198911691eb672dce,F1 :    300    3 0.10 -14.44 0.54 50.00  30.0  24.0,0.00 0.00 0.00 89.38 0.54 50.00 0.10 -14.44 6 63 6 63 30.0% 24.0% 150.000 0.000 0.00 -4.90 0.00  1.98 0.00 297.00 0.0% | 1200.00  -20.00 HI -50.00 -50.00
2026-09-27T09:05:42.320,DEMO,DEMO,DEMO_MODE,e8f76161d12445a198911691eb672dce,F1 :    300    3 0.10 -14.44 0.54 50.00  30.0  24.0,0.00 0.00 0.00 89.38 0.54 50.00 0.10 -14.44 6 63 6 63 30.0% 24.0% 150.000 0.000 0.00 -4.90 0.00  1.98 0.00 297.00 0.0% | 1200.00  -20.00 HI -50.00 -50.00
2026-09-27T09:05:42.440,DEMO,DEMO,DEMO_MODE,e8f76161d12445a198911691eb672dce,F1 :    300    3 0.10 -14.44 0.54 50.00  30.0  24.0,0.00 0.00 0.00 89.38 0.54 50.00 0.10 -14.44 6 63 6 63 30.0% 24.0% 150.000 0.000 0.00 -4.90 0.00  1.98 0.00 297.00 0.0% | 1200.00  -20.00 HI -50.00 -50.00
2026-09-27T09:05:42.561,DEMO,DEMO,DEMO_MODE,e8f76161d12445a198911691eb672dce,F1 :    300    3 0.10 -14.44 0.54 50.00  30.0  24.0,0.00 0.00 0.00 89.38 0.54 50.00 0.10 -14.44 6 63 6 63 30.0% 24.0% 150.000 0.000 0.00 -4.90 0.00  1.98 0.00 297.00 0.0% | 1200.00  -20.00 HI -50.00 -50.00
2026-09-27T09:05:42.682,DEMO,DEMO,DEMO_MODE,e8f76161d12445a198911691eb672dce,F1 :    300    3 0.10 -14.44 0.54 50.00  30.0  24.0,0.00 0.00 0.00 89.38 0.54 50.00 0.10 -14.44 6 63 6 63 30.0% 24.0% 150.000 0.000 0.00 -4.90 0.00  1.98 0.00 297.00 0.0% | 1200.00  -20.00 HI -50.00 -50.00
2026-09-27T09:05:42.802,DEMO,DEMO,DEMO_MODE,e8f76161d12445a198911691eb672dce,F1 :    300    3 0.10 -14.44 0.54 50.00  30.0  24.0,0.00 0.00 0.00 89.38 0.54 50.00 0.10 -14.44 6 63 6 63 30.0% 24.0% 150.000 0.000 0.00 -4.90 0.00  1.98 0.00 297.00 0.0% | 1200.00  -20.00 HI -50.00 -50.00
2026-09-27T09:05:42.923,DEMO,DEMO,DEMO_MODE,e8f76161d12445a198911691eb672dce,F1 :    300    3 0.10 -14.44 0.54 50.00  30.0  24.0,0.00 0.00 0.00 89.38 0.54 50.00 0.10 -14.44 6 63 6 63 30.0% 24.0% 150.000 0.000 0.00 -4.90 0.00  1.98 0.00 297.00 0.0% | 1200.00  -20.00 HI -50.00 -50.00
2026-09-27T09:05:43.044,DEMO,DEMO,DEMO_MODE,e8f76161d12445a198911691eb672dce,F1 :    300    3 0.10 -14.44 0.54 50.00  30.0  24.0,0.00 0.00 0.00 89.38 0.54 50.00 0.10 -14.44 6 63 6 63 30.0% 24.0% 150.000 0.000 0.00 -4.90 0.00  1.98 0.00 297.00 0.0% | 1200.00  -20.00 HI -50.00 -50.00
2026-09-27T09:05:43.164,DEMO,DEMO,DEMO_MODE,e8f76161d12445a198911691eb672dce,F1 :    300    3 0.10 -14.44 0.54 50.00  30.0  24.0,0.00 0.00 0.00 89.38 0.54 50.00 0.10 -14.44 6 63 6 63 30.0% 24.0% 150.000 0.000 0.00 -4.90 0.00  1.98 0.00 297.00 0.0% | 1200.00  -20.00 HI -50.00 -50.00
2026-09-27T09:05:43.285,DEMO,DEMO,DEMO_MODE,e8f76161d12445a198911691eb672dce,F1 :    300    3 0.10 -14.44 0.54 50.00  30.0  24.0,0.00 0.00 0.00 89.38 0.54 50.00 0.10 -14.44 6 63 6 63 30.0% 24.0% 150.000 0.000 0.00 -4.90 0.00  1.98 0.00 297.00 0.0% | 1200.00  -20.00 HI -50.00 -50.00
2026-09-27T09:05:43.405,DEMO,DEMO,DEMO_MODE,e8f76161d12445a198911691eb672dce,F1 :    300    3 0.10 -14.44 0.54 50.00  30.0  24.0,0.00 0.00 0.00 89.38 0.54 50.00 0.10 -14.44 6 63 6 63 30.0% 24.0% 150.000 0.000 0.00 -4.90 0.00  1.98 0.00 297.00 0.0% | 1200.00  -20.00 HI -50.00 -50.00
2026-09-27T09:05:43.526,DEMO,DEMO,DEMO_MODE,e8f76161d12445a198911691eb672dce,F1 :    300    3 0.10 -14.44 0.54 50.00  30.0  24.0,0.00 0.00 0.00 89.38 0.54 50.00 0.10 -14.44 6 63 6 63 30.0% 24.0% 150.000 0.000 0.00 -4.90 0.00  1.98 0.00 297.00 0.0% | 1200.00  -20.00 HI -50.00 -50.00
2026-09-27T09:05:43.647,DEMO,DEMO,DEMO_MODE,e8f76161d12445a198911691eb672dce,F1 :    300    3 0.10 -14.44 0.54 50.00  30.0  24.0,0.00 0.00 0.00 89.38 0.54 50.00 0.10 -14.44 6 63 6 63 30.0% 24.0% 150.000 0.000 0.00 -4.90 0.00  1.98 0.00 297.00 0.0% | 1200.00  -20.00 HI -50.00 -50.00
2026-09-27T09:05:43.767,DEMO,DEMO,DEMO_MODE,e8f76161d12445a198911691eb672dce,F1 :    300    3 0.10 -14.44 0.54 50.00  30.0  24.0,0.00 0.00 0.00 89.38 0.54 50.00 0.10 -14.44 6 63 6 63 30.0% 24.0% 150.000 0.000 0.00 -4.90 0.00  1.98 0.00 297.00 0.0% | 1200.00  -20.00 HI -50.00 -50.00
2026-09-27T09:05:43.888,DEMO,DEMO,DEMO_MODE,e8f76161d12445a198911691eb672dce,F1 :    300    3 0.10 -14.44 0.54 50.00  30.0  24.0,0.00 0.00 0.00 89.38 0.54 50.00 0.10 -14.44 6 63 6 63 30.0% 24.0% 150.000 0.000 0.00 -4.90 0.00  1.98 0.00 297.00 0.0% | 1200.00  -20.00 HI -50.00 -50.00
2026-09-27T09:05:44.010,DEMO,DEMO,DEMO_MODE,e8f76161d12445a198911691eb672dce,F1 :    300    3 0.10 -14.44 0.54 50.00  30.0  24.0,0.00 0.00 0.00 89.38 0.54 50.00 0.10 -14.44 6 63 6 63 30.0% 24.0% 150.000 0.000 0.00 -4.90 0.00  1.98 0.00 297.00 0.0% | 1200.00  -20.00 HI -50.00 -50.00
2026-09-27T09:05:44.131,DEMO,DEMO,DEMO_MODE,e8f76161d12445a198911691eb672dce,F1 :    300    3 0.10 -14.44 0.54 50.00  30.0  24.0,0.00 0.00 0.00 89.38 0.54 50.00 0.10 -14.44 6 63 6 63 30.0% 24.0% 150.000 0.000 0.00 -4.90 0.00  1.98 0.00 297.00 0.0% | 1200.00  -20.00 HI -50.00 -50.00
2026-09-27T09:05:44.252,DEMO,DEMO,DEMO_MODE,e8f76161d12445a198911691eb672dce,F1 :    300    3 0.10 -14.44 0.54 50.00  30.0  28.0,0.00 0.00 0.00 89.38 0.54 50.00 0.10 -14.44 6 63 6 63 30.0% 28.0% 150.000 0.000 0.00 -4.90 0.00  1.98 0.00 297.00 0.0% | 1200.00  -20.00 HI -50.00 -50.00
2026-09-27T09:05:44.373,DEMO,DEMO,DEMO_MODE,e8f76161d12445a198911691eb672dce,F1 :    300    3 0.10 -14.44 0.54 50.00  30.0  28.0,0.00 0.00 0.00 89.38 0.54 50.00 0.10 -14.44 6 63 6 63 30.0% 28.0% 150.000 0.000 0.00 -4.90 0.00  1.98 0.00 297.00 0.0% | 1200.00  -20.00 HI -50.00 -50.00
2026-09-27T09:05:44.494,DEMO,DEMO,DEMO_MODE,e8f76161d12445a198911691eb672dce,F1 :    300    3 0.10 -14.44 0.54 50.00  30.0  28.0,0.00 0.00 0.00 89.38 0.54 50.00 0.10 -14.44 6 63 6 63 30.0% 28.0% 150.000 0.000 0.00 -4.90 0.00  1.98 0.00 297.00 0.0% | 1200.00  -20.00 HI -50.00 -50.00
2026-09-27T09:05:44.614,DEMO,DEMO,DEMO_MODE,e8f76161d12445a198911691eb672dce,F1 :    300    3 0.10 -14.44 0.54 50.00  30.0  28.0,0.00 0.00 0.00 89.38 0.54 50.00 0.10 -14.44 6 63 6 63 30.0% 28.0% 150.000 0.000 0.00 -4.90 0.00  1.98 0.00 297.00 0.0% | 1200.00  -20.00 HI -50.00 -50.00
2026-09-27T09:05:44.735,DEMO,DEMO,DEMO_MODE,e8f76161d12445a198911691eb672dce,F1 :    300    3 0.10 -14.44 0.54 50.00  30.0  28.0,0.00 0.00 0.00 89.38 0.54 50.00 0.10 -14.44 6 63 6 63 30.0% 28.0% 150.000 0.000 0.00 -4.90 0.00  1.98 0.00 297.00 0.0% | 1200.00  -20.00 HI -50.00 -50.00
2026-09-27T09:05:44.856,DEMO,DEMO,DEMO_MODE,e8f76161d12445a198911691eb672dce,F1 :    300    3 0.10 -14.44 0.54 50.00  30.0  28.0,0.00 0.00 0.00 89.38 0.54 50.00 0.10 -14.44 6 63 6 63 30.0% 28.0% 150.000 0.000 0.00 -4.90 0.00  1.98 0.00 297.00 0.0% | 1200.00  -20.00 HI -50.00 -50.00
2026-09-27T09:05:44.977,DEMO,DEMO,DEMO_MODE,e8f76161d12445a198911691eb672dce,F1 :    300    3 0.10 -14.44 0.54 50.00  30.0  28.0,0.00 0.00 0.00 89.38 0.54 50.00 0.10 -14.44 6 63 6 63 30.0% 28.0% 150.000 0.000 0.00 -4.90 0.00  1.98 0.00 297.00 0.0% | 1200.00  -20.00 HI -50.00 -50.00
2026-09-27T09:05:45.098,DEMO,DEMO,DEMO_MODE,e8f76161d12445a198911691eb672dce,F1 :    300    3 0.10 -14.44 0.54 50.00  30.0  28.0,0.00 0.00 0.00 89.38 0.54 50.00 0.10 -14.44 6 63 6 63 30.0% 28.0% 150.000 0.000 0.00 -4.90 0.00  1.98 0.00 297.00 0.0% | 1200.00  -20.00 HI -50.00 -50.00
2026-09-27T09:05:45.219,DEMO,DEMO,DEMO_MODE,e8f76161d12445a198911691eb672dce,F1 :    300    4 0.10 -14.44 0.54 50.00  30.0  28.0,0.00 0.00 0.00 89.38 0.54 50.00 0.10 -14.44 6 63 6 63 30.0% 28.0% 150.000 0.000 0.00 -4.90 0.00  1.97 0.00 296.00 0.0% | 1200.00  -20.00 HI -50.00 -50.00
2026-09-27T09:05:45.341,DEMO,DEMO,DEMO_MODE,e8f76161d12445a198911691eb672dce,F1 :    300    4 0.10 -14.44 0.54 50.00  30.0  28.0,0.00 0.00 0.00 89.38 0.54 50.00 0.10 -14.44 6 63 6 63 30.0% 28.0% 150.000 0.000 0.00 -4.90 0.00  1.97 0.00 296.00 0.0% | 1200.00  -20.00 HI -50.00 -50.00
2026-09-27T09:05:45.461,DEMO,DEMO,DEMO_MODE,e8f76161d12445a198911691eb672dce,F1 :    300    4 0.10 -14.44 0.54 50.00  30.0  28.0,0.00 0.00 0.00 89.38 0.54 50.00 0.10 -14.44 6 63 6 63 30.0% 28.0% 150.000 0.000 0.00 -4.90 0.00  1.97 0.00 296.00 0.0% | 1200.00  -20.00 HI -50.00 -50.00
2026-09-27T09:05:45.582,DEMO,DEMO,DEMO_MODE,e8f76161d12445a198911691eb672dce,F1 :    300    4 0.10 -14.44 0.54 50.00  30.0  28.0,0.00 0.00 0.00 89.38 0.54 50.00 0.10 -14.44 6 63 6 63 30.0% 28.0% 150.000 0.000 0.00 -4.90 0.00  1.97 0.00 296.00 0.0% | 1200.00  -20.00 HI -50.00 -50.00
2026-09-27T09:05:45.703,DEMO,DEMO,DEMO_MODE,e8f76161d12445a198911691eb672dce,F1 :    300    4 0.10 -14.44 0.54 50.00  30.0  28.0,0.00 0.00 0.00 89.38 0.54 50.00 0.10 -14.44 6 63 6 63 30.0% 28.0% 150.000 0.000 0.00 -4.90 0.00  1.97 0.00 296.00 0.0% | 1200.00  -20.00 HI -50.00 -50.00
2026-09-27T09:05:45.823,DEMO,DEMO,DEMO_MODE,e8f76161d12445a198911691eb672dce,F1 :    300    4 0.10 -14.44 0.54 50.00  30.0  28.0,0.00 0.00 0.00 89.38 0.54 50.00 0.10 -14.44 6 63 6 63 30.0% 28.0% 150.000 0.000 0.00 -4.90 0.00  1.97 0.00 296.00 0.0% | 1200.00  -20.00 HI -50.00 -50.00
2026-09-27T09:05:45.944,DEMO,DEMO,DEMO_MODE,e8f76161d12445a198911691eb672dce,F1 :    300    4 0.10 -14.44 0.54 50.00  30.0  28.0,0.00 0.00 0.00 89.38 0.54 50.00 0.10 -14.44 6 63 6 63 30.0% 28.0% 150.000 0.000 0.00 -4.90 0.00  1.97 0.00 296.00 0.0% | 1200.00  -20.00 HI -50.00 -50.00
2026-09-27T09:05:46.065,DEMO,DEMO,DEMO_MODE,e8f76161d12445a198911691eb672dce,F1 :    300    4 0.10 -14.44 0.54 50.00  30.0  28.0,0.00 0.00 0.00 89.38 0.54 50.00 0.10 -14.44 6 63 6 63 30.0% 28.0% 150.000 0.000 0.00 -4.90 0.00  1.97 0.00 296.00 0.0% | 1200.00  -20.00 HI -50.00 -50.00
2026-09-27T09:05:46.186,DEMO,DEMO,DEMO_MODE,e8f76161d12445a198911691eb672dce,F1 :    300    4 0.10 -14.44 0.54 50.00  30.0  28.0,0.00 0.00 0.00 89.38 0.54 50.00 0.10 -14.44 6 63 6 63 30.0% 28.0% 150.000 0.000 0.00 -4.90 0.00  1.97 0.00 296.00 0.0% | 1200.00  -20.00 HI -50.00 -50.00
2026-09-27T09:05:46.306,DEMO,DEMO,DEMO_MODE,e8f76161d12445a198911691eb672dce,F1 :    300    4 0.10 -14.44 0.54 50.00  30.0  28.0,0.00 0.00 0.00 89.38 0.54 50.00 0.10 -14.44 6 63 6 63 30.0% 28.0% 150.000 0.000 0.00 -4.90 0.00  1.97 0.00 296.00 0.0% | 1200.00  -20.00 HI -50.00 -50.00
2026-09-27T09:05:46.427,DEMO,DEMO,DEMO_MODE,e8f76161d12445a198911691eb672dce,F1 :    300    4 0.10 -14.44 0.54 50.00  30.0  28.0,0.00 0.00 0.00 89.38 0.54 50.00 0.10 -14.44 6 63 6 63 30.0% 28.0% 150.000 0.000 0.00 -4.90 0.00  1.97 0.00 296.00 0.0% | 1200.00  -20.00 HI -50.00 -50.00
2026-09-27T09:05:46.548,DEMO,DEMO,DEMO_MODE,e8f76161d12445a198911691eb672dce,F1 :    300    4 0.10 -14.44 0.54 50.00  30.0  28.0,0.00 0.00 0.00 89.38 0.54 50.00 0.10 -14.44 6 63 6 63 30.0% 28.0% 150.000 0.000 0.00 -4.90 0.00  1.97 0.00 296.00 0.0% | 1200.00  -20.00 HI -50.00 -50.00
2026-09-27T09:05:46.668,DEMO,DEMO,DEMO_MODE,e8f76161d12445a198911691eb672dce,F1 :    300    4 0.10 -14.44 0.54 50.00  30.0  28.0,0.00 0.00 0.00 89.38 0.54 50.00 0.10 -14.44 6 63 6 63 30.0% 28.0% 150.000 0.000 0.00 -4.90 0.00  1.97 0.00 296.00 0.0% | 1200.00  -20.00 HI -50.00 -50.00
2026-09-27T09:05:46.789,DEMO,DEMO,DEMO_MODE,e8f76161d12445a198911691eb672dce,F1 :    300    4 0.10 -14.44 0.54 50.00  30.0  28.0,0.00 0.00 0.00 89.38 0.54 50.00 0.10 -14.44 6 63 6 63 30.0% 28.0% 150.000 0.000 0.00 -4.90 0.00  1.97 0.00 296.00 0.0% | 1200.00  -20.00 HI -50.00 -50.00
2026-09-27T09:05:46.910,DEMO,DEMO,DEMO_MODE,e8f76161d12445a198911691eb672dce,F1 :    300    4 0.10 -14.44 0.54 50.00  30.0  28.0,0.00 0.00 0.00 89.38 0.54 50.00 0.10 -14.44 6 63 6 63 30.0% 28.0% 150.000 0.000 0.00 -4.90 0.00  1.97 0.00 296.00 0.0% | 1200.00  -20.00 HI -50.00 -50.00
2026-09-27T09:05:47.030,DEMO,DEMO,DEMO_MODE,e8f76161d12445a198911691eb672dce,F1 :    300    4 0.10 -14.44 0.54 50.00  30.0  28.0,0.00 0.00 0.00 89.38 0.54 50.00 0.10 -14.44 6 63 6 63 30.0% 28.0% 150.000 0.000 0.00 -4.90 0.00  1.97 0.00 296.00 0.0% | 1200.00  -20.00 HI -50.00 -50.00
2026-09-27T09:05:47.151,DEMO,DEMO,DEMO_MODE,e8f76161d12445a198911691eb672dce,F1 :    300    4 0.10 -14.44 0.54 50.00  30.0  28.0,0.00 0.00 0.00 89.38 0.54 50.00 0.10 -14.44 6 63 6 63 30.0% 28.0% 150.000 0.000 0.00 -4.90 0.00  1.97 0.00 296.00 0.0% | 1200.00  -20.00 HI -50.00 -50.00
2026-09-27T09:05:47.278,DEMO,DEMO,DEMO_MODE,e8f76161d12445a198911691eb672dce,F1 :    300    4 0.10 -14.44 0.54 50.00  30.0  28.0,0.00 0.00 0.00 89.38 0.54 50.00 0.10 -14.44 6 63 6 63 30.0% 28.0% 150.000 0.000 0.00 -4.90 0.00  1.97 0.00 296.00 0.0% | 1200.00  -20.00 HI -50.00 -50.00
2026-09-27T09:05:47.400,DEMO,DEMO,DEMO_MODE,e8f76161d12445a198911691eb672dce,F1 :    300    4 0.10 -14.44 0.54 50.00  30.0  28.0,0.00 0.00 0.00 89.38 0.54 50.00 0.10 -14.44 6 63 6 63 30.0% 28.0% 150.000 0.000 0.00 -4.90 0.00  1.97 0.00 296.00 0.0% | 1200.00  -20.00 HI -50.00 -50.00
2026-09-27T09:05:47.526,DEMO,DEMO,DEMO_MODE,e8f76161d12445a198911691eb672dce,F1 :    300    4 0.10 -14.44 0.54 50.00  30.0  28.0,0.00 0.00 0.00 89.38 0.54 50.00 0.10 -14.44 6 63 6 63 30.0% 28.0% 150.000 0.000 0.00 -4.90 0.00  1.97 0.00 296.00 0.0% | 1200.00  -20.00 HI -50.00 -50.00
2026-09-27T09:05:47.656,DEMO,DEMO,DEMO_MODE,e8f76161d12445a198911691eb672dce,F1 :    300    4 0.10 -14.44 0.54 50.00  30.0  28.0,0.00 0.00 0.00 89.38 0.54 50.00 0.10 -14.44 6 63 6 63 30.0% 28.0% 150.000 0.000 0.00 -4.90 0.00  1.97 0.00 296.00 0.0% | 1200.00  -20.00 HI -50.00 -50.00
2026-09-27T09:05:47.776,DEMO,DEMO,DEMO_MODE,e8f76161d12445a198911691eb672dce,F1 :    300    4 0.10 -14.44 0.54 50.00  30.0  28.0,0.00 0.00 0.00 89.38 0.54 50.00 0.10 -14.44 6 63 6 63 30.0% 28.0% 150.000 0.000 0.00 -4.90 0.00  1.97 0.00 296.00 0.0% | 1200.00  -20.00 HI -50.00 -50.00
2026-09-27T09:05:47.897,DEMO,DEMO,DEMO_MODE,e8f76161d12445a198911691eb672dce,F1 :    300    4 0.10 -14.44 0.54 50.00  30.0  28.0,0.00 0.00 0.00 89.38 0.54 50.00 0.10 -14.44 6 63 6 63 30.0% 28.0% 150.000 0.000 0.00 -4.90 0.00  1.97 0.00 296.00 0.0% | 1200.00  -20.00 HI -50.00 -50.00
2026-09-27T09:05:48.023,DEMO,DEMO,DEMO_MODE,e8f76161d12445a198911691eb672dce,F1 :    300    4 0.10 -14.44 0.54 50.00  30.0  28.0,0.00 0.00 0.00 89.38 0.54 50.00 0.10 -14.44 6 63 6 63 30.0% 28.0% 150.000 0.000 0.00 -4.90 0.00  1.97 0.00 296.00 0.0% | 1200.00  -20.00 HI -50.00 -50.00
2026-09-27T09:05:48.144,DEMO,DEMO,DEMO_MODE,e8f76161d12445a198911691eb672dce,F1 :    300    4 0.10 -14.44 0.54 50.00  30.0  28.0,0.00 0.00 0.00 89.38 0.54 50.00 0.10 -14.44 6 63 6 63 30.0% 28.0% 150.000 0.000 0.00 -4.90 0.00  1.97 0.00 296.00 0.0% | 1200.00  -20.00 HI -50.00 -50.00
2026-09-27T09:05:48.269,DEMO,DEMO,DEMO_MODE,e8f76161d12445a198911691eb672dce,F1 :    300    4 0.10 -14.44 0.54 50.00  30.0  28.0,0.00 0.00 0.00 89.38 0.54 50.00 0.10 -14.44 6 63 6 63 30.0% 28.0% 150.000 0.000 0.00 -4.90 0.00  1.97 0.00 296.00 0.0% | 1200.00  -20.00 HI -50.00 -50.00
2026-09-27T09:05:48.389,DEMO,DEMO,DEMO_MODE,e8f76161d12445a198911691eb672dce,F1 :    300    4 0.10 -14.44 0.54 50.00  30.0  28.0,0.00 0.00 0.00 89.38 0.54 50.00 0.10 -14.44 6 63 6 63 30.0% 28.0% 150.000 0.000 0.00 -4.90 0.00  1.97 0.00 296.00 0.0% | 1200.00  -20.00 HI -50.00 -50.00
2026-09-27T09:05:48.517,DEMO,DEMO,DEMO_MODE,e8f76161d12445a198911691eb672dce,F1 :    300    4 0.10 -14.44 0.54 50.00  30.0  28.0,0.00 0.00 0.00 89.38 0.54 50.00 0.10 -14.44 6 63 6 63 30.0% 28.0% 150.000 0.000 0.00 -4.90 0.00  1.97 0.00 296.00 0.0% | 1200.00  -20.00 HI -50.00 -50.00
2026-09-27T09:05:48.637,DEMO,DEMO,DEMO_MODE,e8f76161d12445a198911691eb672dce,F1 :    300    4 0.10 -14.44 0.54 50.00  30.0  28.0,0.00 0.00 0.00 89.38 0.54 50.00 0.10 -14.44 6 63 6 63 30.0% 28.0% 150.000 0.000 0.00 -4.90 0.00  1.97 0.00 296.00 0.0% | 1200.00  -20.00 HI -50.00 -50.00
2026-09-27T09:05:48.758,DEMO,DEMO,DEMO_MODE,e8f76161d12445a198911691eb672dce,F1 :    300    4 0.10 -14.44 0.54 50.00  30.0  28.0,0.00 0.00 0.00 89.38 0.54 50.00 0.10 -14.44 6 63 6 63 30.0% 28.0% 150.000 0.000 0.00 -4.90 0.00  1.97 0.00 296.00 0.0% | 1200.00  -20.00 HI -50.00 -50.00
2026-09-27T09:05:48.879,DEMO,DEMO,DEMO_MODE,e8f76161d12445a198911691eb672dce,F1 :    300    4 0.10 -14.44 0.54 50.00  30.0  28.0,0.00 0.00 0.00 89.38 0.54 50.00 0.10 -14.44 6 63 6 63 30.0% 28.0% 150.000 0.000 0.00 -4.90 0.00  1.97 0.00 296.00 0.0% | 1200.00  -20.00 HI -50.00 -50.00
2026-09-27T09:05:49.000,DEMO,DEMO,DEMO_MODE,e8f76161d12445a198911691eb672dce,F1 :    300    4 0.10 -14.44 0.54 50.00  30.0  28.0,0.00 0.00 0.00 89.38 0.54 50.00 0.10 -14.44 6 63 6 63 30.0% 28.0% 150.000 0.000 0.00 -4.90 0.00  1.97 0.00 296.00 0.0% | 1200.00  -20.00 HI -50.00 -50.00
2026-09-27T09:05:49.121,DEMO,DEMO,DEMO_MODE,e8f76161d12445a198911691eb672dce,F1 :    300    4 0.10 -14.44 0.54 50.00  30.0  28.0,0.00 0.00 0.00 89.38 0.54 50.00 0.10 -14.44 6 63 6 63 30.0% 28.0% 150.000 0.000 0.00 -4.90 0.00  1.97 0.00 296.00 0.0% | 1200.00  -20.00 HI -50.00 -50.00
2026-09-27T09:05:49.241,DEMO,DEMO,DEMO_MODE,e8f76161d12445a198911691eb672dce,F1 :    300    4 0.10 -14.44 0.54 50.00  30.0  28.0,0.00 0.00 0.00 89.38 0.54 50.00 0.10 -14.44 6 63 6 63 30.0% 28.0% 150.000 0.000 0.00 -4.90 0.00  1.97 0.00 296.00 0.0% | 1200.00  -20.00 HI -50.00 -50.00
2026-09-27T09:05:49.363,DEMO,DEMO,DEMO_MODE,e8f76161d12445a198911691eb672dce,F1 :    400    4 0.10 -14.44 0.54 50.00  40.0  32.0,0.00 0.00 0.00 89.38 0.54 50.00 0.10 -14.44 6 63 6 63 40.0% 32.0% 200.000 0.000 0.00 -4.90 0.00  1.98 0.00 396.00 0.0% | 1200.00  -10.00 HI -50.00 -50.00
2026-09-27T09:05:49.483,DEMO,DEMO,DEMO_MODE,e8f76161d12445a198911691eb672dce,F1 :    400    4 0.10 -14.44 0.54 50.00  40.0  32.0,0.00 0.00 0.00 89.38 0.54 50.00 0.10 -14.44 6 63 6 63 40.0% 32.0% 200.000 0.000 0.00 -4.90 0.00  1.98 0.00 396.00 0.0% | 1200.00  -10.00 HI -50.00 -50.00
2026-09-27T09:05:49.604,DEMO,DEMO,DEMO_MODE,e8f76161d12445a198911691eb672dce,F1 :    400    4 0.10 -14.44 0.54 50.00  40.0  32.0,0.00 0.00 0.00 89.38 0.54 50.00 0.10 -14.44 6 63 6 63 40.0% 32.0% 200.000 0.000 0.00 -4.90 0.00  1.98 0.00 396.00 0.0% | 1200.00  -10.00 HI -50.00 -50.00
2026-09-27T09:05:49.724,DEMO,DEMO,DEMO_MODE,e8f76161d12445a198911691eb672dce,F1 :    400    4 0.10 -14.44 0.54 50.00  40.0  32.0,0.00 0.00 0.00 89.38 0.54 50.00 0.10 -14.44 6 63 6 63 40.0% 32.0% 200.000 0.000 0.00 -4.90 0.00  1.98 0.00 396.00 0.0% | 1200.00  -10.00 HI -50.00 -50.00
2026-09-27T09:05:49.845,DEMO,DEMO,DEMO_MODE,e8f76161d12445a198911691eb672dce,F1 :    400    4 0.10 -14.44 0.54 50.00  40.0  32.0,0.00 0.00 0.00 89.38 0.54 50.00 0.10 -14.44 6 63 6 63 40.0% 32.0% 200.000 0.000 0.00 -4.90 0.00  1.98 0.00 396.00 0.0% | 1200.00  -10.00 HI -50.00 -50.00
2026-09-27T09:05:49.966,DEMO,DEMO,DEMO_MODE,e8f76161d12445a198911691eb672dce,F1 :    400    4 0.10 -14.44 0.54 50.00  40.0  32.0,0.00 0.00 0.00 89.38 0.54 50.00 0.10 -14.44 6 63 6 63 40.0% 32.0% 200.000 0.000 0.00 -4.90 0.00  1.98 0.00 396.00 0.0% | 1200.00  -10.00 HI -50.00 -50.00
2026-09-27T09:05:50.086,DEMO,DEMO,DEMO_MODE,e8f76161d12445a198911691eb672dce,F1 :    400    4 0.10 -14.44 0.54 50.00  40.0  32.0,0.00 0.00 0.00 89.38 0.54 50.00 0.10 -14.44 6 63 6 63 40.0% 32.0% 200.000 0.000 0.00 -4.90 0.00  1.98 0.00 396.00 0.0% | 1200.00  -10.00 HI -50.00 -50.00
2026-09-27T09:05:50.207,DEMO,DEMO,DEMO_MODE,e8f76161d12445a198911691eb672dce,F1 :    400    4 0.10 -14.44 0.54 50.00  40.0  32.0,0.00 0.00 0.00 89.38 0.54 50.00 0.10 -14.44 6 63 6 63 40.0% 32.0% 200.000 0.000 0.00 -4.90 0.00  1.98 0.00 396.00 0.0% | 1200.00  -10.00 HI -50.00 -50.00
2026-09-27T09:05:50.328,DEMO,DEMO,DEMO_MODE,e8f76161d12445a198911691eb672dce,F1 :    400    4 0.10 -14.44 0.54 50.00  40.0  32.0,0.00 0.00 0.00 89.38 0.54 50.00 0.10 -14.44 6 63 6 63 40.0% 32.0% 200.000 0.000 0.00 -4.90 0.00  1.98 0.00 396.00 0.0% | 1200.00  -10.00 HI -50.00 -50.00
2026-09-27T09:05:50.449,DEMO,DEMO,DEMO_MODE,e8f76161d12445a198911691eb672dce,F1 :    400    4 0.10 -14.44 0.54 50.00  40.0  32.0,0.00 0.00 0.00 89.38 0.54 50.00 0.10 -14.44 6 63 6 63 40.0% 32.0% 200.000 0.000 0.00 -4.90 0.00  1.98 0.00 396.00 0.0% | 1200.00  -10.00 HI -50.00 -50.00
2026-09-27T09:05:50.571,DEMO,DEMO,DEMO_MODE,e8f76161d12445a198911691eb672dce,F1 :    400    4 0.10 -14.44 0.54 50.00  40.0  32.0,0.00 0.00 0.00 89.38 0.54 50.00 0.10 -14.44 6 63 6 63 40.0% 32.0% 200.000 0.000 0.00 -4.90 0.00  1.98 0.00 396.00 0.0% | 1200.00  -10.00 HI -50.00 -50.00
2026-09-27T09:05:50.691,DEMO,DEMO,DEMO_MODE,e8f76161d12445a198911691eb672dce,F1 :    400    4 0.10 -14.44 0.54 50.00  40.0  32.0,0.00 0.00 0.00 89.38 0.54 50.00 0.10 -14.44 6 63 6 63 40.0% 32.0% 200.000 0.000 0.00 -4.90 0.00  1.98 0.00 396.00 0.0% | 1200.00  -10.00 HI -50.00 -50.00
2026-09-27T09:05:50.812,DEMO,DEMO,DEMO_MODE,e8f76161d12445a198911691eb672dce,F1 :    400    4 0.10 -14.44 0.54 50.00  40.0  32.0,0.00 0.00 0.00 89.38 0.54 50.00 0.10 -14.44 6 63 6 63 40.0% 32.0% 200.000 0.000 0.00 -4.90 0.00  1.98 0.00 396.00 0.0% | 1200.00  -10.00 HI -50.00 -50.00
2026-09-27T09:05:50.933,DEMO,DEMO,DEMO_MODE,e8f76161d12445a198911691eb672dce,F1 :    400    4 0.10 -14.44 0.54 50.00  40.0  32.0,0.00 0.00 0.00 89.38 0.54 50.00 0.10 -14.44 6 63 6 63 40.0% 32.0% 200.000 0.000 0.00 -4.90 0.00  1.98 0.00 396.00 0.0% | 1200.00  -10.00 HI -50.00 -50.00
2026-09-27T09:05:51.053,DEMO,DEMO,DEMO_MODE,e8f76161d12445a198911691eb672dce,F1 :    400    4 0.10 -14.44 0.54 50.00  40.0  32.0,0.00 0.00 0.00 89.38 0.54 50.00 0.10 -14.44 6 63 6 63 40.0% 32.0% 200.000 0.000 0.00 -4.90 0.00  1.98 0.00 396.00 0.0% | 1200.00  -10.00 HI -50.00 -50.00
2026-09-27T09:05:51.174,DEMO,DEMO,DEMO_MODE,e8f76161d12445a198911691eb672dce,F1 :    400    4 0.10 -14.44 0.54 50.00  40.0  32.0,0.00 0.00 0.00 89.38 0.54 50.00 0.10 -14.44 6 63 6 63 40.0% 32.0% 200.000 0.000 0.00 -4.90 0.00  1.98 0.00 396.00 0.0% | 1200.00  -10.00 HI -50.00 -50.00
2026-09-27T09:05:51.294,DEMO,DEMO,DEMO_MODE,e8f76161d12445a198911691eb672dce,F1 :    400    4 0.10 -14.44 0.54 50.00  40.0  32.0,0.00 0.00 0.00 89.38 0.54 50.00 0.10 -14.44 6 63 6 63 40.0% 32.0% 200.000 0.000 0.00 -4.90 0.00  1.98 0.00 396.00 0.0% | 1200.00  -10.00 HI -50.00 -50.00
2026-09-27T09:05:51.415,DEMO,DEMO,DEMO_MODE,e8f76161d12445a198911691eb672dce,F1 :    400    4 0.10 -14.44 0.54 50.00  40.0  32.0,0.00 0.00 0.00 89.38 0.54 50.00 0.10 -14.44 6 63 6 63 40.0% 32.0% 200.000 0.000 0.00 -4.90 0.00  1.98 0.00 396.00 0.0% | 1200.00  -10.00 HI -50.00 -50.00
2026-09-27T09:05:51.539,DEMO,DEMO,DEMO_MODE,e8f76161d12445a198911691eb672dce,F1 :    400    4 0.10 -14.44 0.54 50.00  40.0  32.0,0.00 0.00 0.00 89.38 0.54 50.00 0.10 -14.44 6 63 6 63 40.0% 32.0% 200.000 0.000 0.00 -4.90 0.00  1.98 0.00 396.00 0.0% | 1200.00  -10.00 HI -50.00 -50.00
2026-09-27T09:05:51.659,DEMO,DEMO,DEMO_MODE,e8f76161d12445a198911691eb672dce,F1 :    400    4 0.10 -14.44 0.54 50.00  40.0  32.0,0.00 0.00 0.00 89.38 0.54 50.00 0.10 -14.44 6 63 6 63 40.0% 32.0% 200.000 0.000 0.00 -4.90 0.00  1.98 0.00 396.00 0.0% | 1200.00  -10.00 HI -50.00 -50.00
2026-09-27T09:05:51.785,DEMO,DEMO,DEMO_MODE,e8f76161d12445a198911691eb672dce,F1 :    400    4 0.10 -14.44 0.54 50.00  40.0  32.0,0.00 0.00 0.00 89.38 0.54 50.00 0.10 -14.44 6 63 6 63 40.0% 32.0% 200.000 0.000 0.00 -4.90 0.00  1.98 0.00 396.00 0.0% | 1200.00  -10.00 HI -50.00 -50.00
2026-09-27T09:05:51.905,DEMO,DEMO,DEMO_MODE,e8f76161d12445a198911691eb672dce,F1 :    400    4 0.10 -14.44 0.54 50.00  40.0  32.0,0.00 0.00 0.00 89.38 0.54 50.00 0.10 -14.44 6 63 6 63 40.0% 32.0% 200.000 0.000 0.00 -4.90 0.00  1.98 0.00 396.00 0.0% | 1200.00  -10.00 HI -50.00 -50.00
2026-09-27T09:05:52.030,DEMO,DEMO,DEMO_MODE,e8f76161d12445a198911691eb672dce,F1 :    400    4 0.10 -14.44 0.54 50.00  40.0  32.0,0.00 0.00 0.00 89.38 0.54 50.00 0.10 -14.44 6 63 6 63 40.0% 32.0% 200.000 0.000 0.00 -4.90 0.00  1.98 0.00 396.00 0.0% | 1200.00  -10.00 HI -50.00 -50.00
2026-09-27T09:05:52.151,DEMO,DEMO,DEMO_MODE,e8f76161d12445a198911691eb672dce,F1 :    400    4 0.10 -14.44 0.54 50.00  40.0  32.0,0.00 0.00 0.00 89.38 0.54 50.00 0.10 -14.44 6 63 6 63 40.0% 32.0% 200.000 0.000 0.00 -4.90 0.00  1.98 0.00 396.00 0.0% | 1200.00  -10.00 HI -50.00 -50.00
2026-09-27T09:05:52.277,DEMO,DEMO,DEMO_MODE,e8f76161d12445a198911691eb672dce,F1 :    400    4 0.10 -14.44 0.54 50.00  40.0  32.0,0.00 0.00 0.00 89.38 0.54 50.00 0.10 -14.44 6 63 6 63 40.0% 32.0% 200.000 0.000 0.00 -4.90 0.00  1.98 0.00 396.00 0.0% | 1200.00  -10.00 HI -50.00 -50.00
2026-09-27T09:05:52.398,DEMO,DEMO,DEMO_MODE,e8f76161d12445a198911691eb672dce,F1 :    400    4 0.10 -14.44 0.54 50.00  40.0  32.0,0.00 0.00 0.00 89.38 0.54 50.00 0.10 -14.44 6 63 6 63 40.0% 32.0% 200.000 0.000 0.00 -4.90 0.00  1.98 0.00 396.00 0.0% | 1200.00  -10.00 HI -50.00 -50.00
2026-09-27T09:05:52.525,DEMO,DEMO,DEMO_MODE,e8f76161d12445a198911691eb672dce,F1 :    400    4 0.10 -14.44 0.54 50.00  40.0  32.0,0.00 0.00 0.00 89.38 0.54 50.00 0.10 -14.44 6 63 6 63 40.0% 32.0% 200.000 0.000 0.00 -4.90 0.00  1.98 0.00 396.00 0.0% | 1200.00  -10.00 HI -50.00 -50.00
2026-09-27T09:05:52.645,DEMO,DEMO,DEMO_MODE,e8f76161d12445a198911691eb672dce,F1 :    400    4 0.10 -14.44 0.54 50.00  40.0  32.0,0.00 0.00 0.00 89.38 0.54 50.00 0.10 -14.44 6 63 6 63 40.0% 32.0% 200.000 0.000 0.00 -4.90 0.00  1.98 0.00 396.00 0.0% | 1200.00  -10.00 HI -50.00 -50.00
2026-09-27T09:05:52.771,DEMO,DEMO,DEMO_MODE,e8f76161d12445a198911691eb672dce,F1 :    400    4 0.10 -14.44 0.54 50.00  40.0  32.0,0.00 0.00 0.00 89.38 0.54 50.00 0.10 -14.44 6 63 6 63 40.0% 32.0% 200.000 0.000 0.00 -4.90 0.00  1.98 0.00 396.00 0.0% | 1200.00  -10.00 HI -50.00 -50.00
2026-09-27T09:05:52.892,DEMO,DEMO,DEMO_MODE,e8f76161d12445a198911691eb672dce,F1 :    400    4 0.10 -14.44 0.54 50.00  40.0  32.0,0.00 0.00 0.00 89.38 0.54 50.00 0.10 -14.44 6 63 6 63 40.0% 32.0% 200.000 0.000 0.00 -4.90 0.00  1.98 0.00 396.00 0.0% | 1200.00  -10.00 HI -50.00 -50.00
2026-09-27T09:05:53.018,DEMO,DEMO,DEMO_MODE,e8f76161d12445a198911691eb672dce,F1 :    400    4 0.10 -14.44 0.54 50.00  40.0  32.0,0.00 0.00 0.00 89.38 0.54 50.00 0.10 -14.44 6 63 6 63 40.0% 32.0% 200.000 0.000 0.00 -4.90 0.00  1.98 0.00 396.00 0.0% | 1200.00  -10.00 HI -50.00 -50.00
2026-09-27T09:05:53.139,DEMO,DEMO,DEMO_MODE,e8f76161d12445a198911691eb672dce,F1 :    400    4 0.10 -14.44 0.54 50.00  40.0  32.0,0.00 0.00 0.00 89.38 0.54 50.00 0.10 -14.44 6 63 6 63 40.0% 32.0% 200.000 0.000 0.00 -4.90 0.00  1.98 0.00 396.00 0.0% | 1200.00  -10.00 HI -50.00 -50.00
2026-09-27T09:05:53.264,DEMO,DEMO,DEMO_MODE,e8f76161d12445a198911691eb672dce,F1 :    400    4 0.10 -14.44 0.54 50.00  40.0  32.0,0.00 0.00 0.00 89.38 0.54 50.00 0.10 -14.44 6 63 6 63 40.0% 32.0% 200.000 0.000 0.00 -4.90 0.00  1.98 0.00 396.00 0.0% | 1200.00  -10.00 HI -50.00 -50.00
2026-09-27T09:05:53.385,DEMO,DEMO,DEMO_MODE,e8f76161d12445a198911691eb672dce,F1 :    400    4 0.10 -14.44 0.54 50.00  40.0  32.0,0.00 0.00 0.00 89.38 0.54 50.00 0.10 -14.44 6 63 6 63 40.0% 32.0% 200.000 0.000 0.00 -4.90 0.00  1.98 0.00 396.00 0.0% | 1200.00  -10.00 HI -50.00 -50.00
2026-09-27T09:05:53.505,DEMO,DEMO,DEMO_MODE,e8f76161d12445a198911691eb672dce,F1 :    400    4 0.10 -14.44 0.54 50.00  40.0  32.0,0.00 0.00 0.00 89.38 0.54 50.00 0.10 -14.44 6 63 6 63 40.0% 32.0% 200.000 0.000 0.00 -4.90 0.00  1.98 0.00 396.00 0.0% | 1200.00  -10.00 HI -50.00 -50.00
2026-09-27T09:05:53.627,DEMO,DEMO,DEMO_MODE,e8f76161d12445a198911691eb672dce,F1 :    400    4 0.10 -14.44 0.54 50.00  40.0  32.0,0.00 0.00 0.00 89.38 0.54 50.00 0.10 -14.44 6 63 6 63 40.0% 32.0% 200.000 0.000 0.00 -4.90 0.00  1.98 0.00 396.00 0.0% | 1200.00  -10.00 HI -50.00 -50.00
2026-09-27T09:05:53.747,DEMO,DEMO,DEMO_MODE,e8f76161d12445a198911691eb672dce,F1 :    400    4 0.10 -14.44 0.54 50.00  40.0  32.0,0.00 0.00 0.00 89.38 0.54 50.00 0.10 -14.44 6 63 6 63 40.0% 32.0% 200.000 0.000 0.00 -4.90 0.00  1.98 0.00 396.00 0.0% | 1200.00  -10.00 HI -50.00 -50.00
2026-09-27T09:05:53.868,DEMO,DEMO,DEMO_MODE,e8f76161d12445a198911691eb672dce,F1 :    400    4 0.10 -14.44 0.54 50.00  40.0  32.0,0.00 0.00 0.00 89.38 0.54 50.00 0.10 -14.44 6 63 6 63 40.0% 32.0% 200.000 0.000 0.00 -4.90 0.00  1.98 0.00 396.00 0.0% | 1200.00  -10.00 HI -50.00 -50.00
2026-09-27T09:05:53.988,DEMO,DEMO,DEMO_MODE,e8f76161d12445a198911691eb672dce,F1 :    400    4 0.10 -14.44 0.54 50.00  40.0  32.0,0.00 0.00 0.00 89.38 0.54 50.00 0.10 -14.44 6 63 6 63 40.0% 32.0% 200.000 0.000 0.00 -4.90 0.00  1.98 0.00 396.00 0.0% | 1200.00  -10.00 HI -50.00 -50.00
2026-09-27T09:05:54.109,DEMO,DEMO,DEMO_MODE,e8f76161d12445a198911691eb672dce,F1 :    400    4 0.10 -14.44 0.54 50.00  40.0  32.0,0.00 0.00 0.00 89.38 0.54 50.00 0.10 -14.44 6 63 6 63 40.0% 32.0% 200.000 0.000 0.00 -4.90 0.00  1.98 0.00 396.00 0.0% | 1200.00  -10.00 HI -50.00 -50.00
2026-09-27T09:05:54.230,DEMO,DEMO,DEMO_MODE,e8f76161d12445a198911691eb672dce,F1 :    400    4 0.10 -14.44 0.54 50.00  40.0  32.0,0.00 0.00 0.00 89.38 0.54 50.00 0.10 -14.44 6 63 6 63 40.0% 32.0% 200.000 0.000 0.00 -4.90 0.00  1.98 0.00 396.00 0.0% | 1200.00  -10.00 HI -50.00 -50.00
2026-09-27T09:05:54.350,DEMO,DEMO,DEMO_MODE,e8f76161d12445a198911691eb672dce,F1 :    400    0 0.10 -14.44 0.54 50.00  40.0  36.0,0.00 0.00 0.00 89.38 0.54 50.00 0.10 -14.44 6 63 6 63 40.0% 36.0% 200.000 0.000 0.00 -4.90 0.00  2.00 0.00 400.00 0.0% | 1200.00  -10.00 HI -50.00 -50.00
2026-09-27T09:05:54.471,DEMO,DEMO,DEMO_MODE,e8f76161d12445a198911691eb672dce,F1 :    400    0 0.10 -14.44 0.54 50.00  40.0  36.0,0.00 0.00 0.00 89.38 0.54 50.00 0.10 -14.44 6 63 6 63 40.0% 36.0% 200.000 0.000 0.00 -4.90 0.00  2.00 0.00 400.00 0.0% | 1200.00  -10.00 HI -50.00 -50.00
2026-09-27T09:05:54.591,DEMO,DEMO,DEMO_MODE,e8f76161d12445a198911691eb672dce,F1 :    400    0 0.10 -14.44 0.54 50.00  40.0  36.0,0.00 0.00 0.00 89.38 0.54 50.00 0.10 -14.44 6 63 6 63 40.0% 36.0% 200.000 0.000 0.00 -4.90 0.00  2.00 0.00 400.00 0.0% | 1200.00  -10.00 HI -50.00 -50.00
2026-09-27T09:05:54.712,DEMO,DEMO,DEMO_MODE,e8f76161d12445a198911691eb672dce,F1 :    400    0 0.10 -14.44 0.54 50.00  40.0  36.0,0.00 0.00 0.00 89.38 0.54 50.00 0.10 -14.44 6 63 6 63 40.0% 36.0% 200.000 0.000 0.00 -4.90 0.00  2.00 0.00 400.00 0.0% | 1200.00  -10.00 HI -50.00 -50.00
2026-09-27T09:05:54.833,DEMO,DEMO,DEMO_MODE,e8f76161d12445a198911691eb672dce,F1 :    400    0 0.10 -14.44 0.54 50.00  40.0  36.0,0.00 0.00 0.00 89.38 0.54 50.00 0.10 -14.44 6 63 6 63 40.0% 36.0% 200.000 0.000 0.00 -4.90 0.00  2.00 0.00 400.00 0.0% | 1200.00  -10.00 HI -50.00 -50.00
2026-09-27T09:05:54.954,DEMO,DEMO,DEMO_MODE,e8f76161d12445a198911691eb672dce,F1 :    400    0 0.10 -14.44 0.54 50.00  40.0  36.0,0.00 0.00 0.00 89.38 0.54 50.00 0.10 -14.44 6 63 6 63 40.0% 36.0% 200.000 0.000 0.00 -4.90 0.00  2.00 0.00 400.00 0.0% | 1200.00  -10.00 HI -50.00 -50.00
2026-09-27T09:05:55.074,DEMO,DEMO,DEMO_MODE,e8f76161d12445a198911691eb672dce,F1 :    400    0 0.10 -14.44 0.54 50.00  40.0  36.0,0.00 0.00 0.00 89.38 0.54 50.00 0.10 -14.44 6 63 6 63 40.0% 36.0% 200.000 0.000 0.00 -4.90 0.00  2.00 0.00 400.00 0.0% | 1200.00  -10.00 HI -50.00 -50.00
2026-09-27T09:05:55.195,DEMO,DEMO,DEMO_MODE,e8f76161d12445a198911691eb672dce,F1 :    400    0 0.10 -14.44 0.54 50.00  40.0  36.0,0.00 0.00 0.00 89.38 0.54 50.00 0.10 -14.44 6 63 6 63 40.0% 36.0% 200.000 0.000 0.00 -4.90 0.00  2.00 0.00 400.00 0.0% | 1200.00  -10.00 HI -50.00 -50.00
2026-09-27T09:05:55.316,DEMO,DEMO,DEMO_MODE,e8f76161d12445a198911691eb672dce,F1 :    400    0 0.10 -14.44 0.54 50.00  40.0  36.0,0.00 0.00 0.00 89.38 0.54 50.00 0.10 -14.44 6 63 6 63 40.0% 36.0% 200.000 0.000 0.00 -4.90 0.00  2.00 0.00 400.00 0.0% | 1200.00  -10.00 HI -50.00 -50.00
2026-09-27T09:05:55.436,DEMO,DEMO,DEMO_MODE,e8f76161d12445a198911691eb672dce,F1 :    400    0 0.10 -14.44 0.54 50.00  40.0  36.0,0.00 0.00 0.00 89.38 0.54 50.00 0.10 -14.44 6 63 6 63 40.0% 36.0% 200.000 0.000 0.00 -4.90 0.00  2.00 0.00 400.00 0.0% | 1200.00  -10.00 HI -50.00 -50.00
2026-09-27T09:05:55.558,DEMO,DEMO,DEMO_MODE,e8f76161d12445a198911691eb672dce,F1 :    400    0 0.10 -14.44 0.54 50.00  40.0  36.0,0.00 0.00 0.00 89.38 0.54 50.00 0.10 -14.44 6 63 6 63 40.0% 36.0% 200.000 0.000 0.00 -4.90 0.00  2.00 0.00 400.00 0.0% | 1200.00  -10.00 HI -50.00 -50.00
2026-09-27T09:05:55.679,DEMO,DEMO,DEMO_MODE,e8f76161d12445a198911691eb672dce,F1 :    400    0 0.10 -14.44 0.54 50.00  40.0  36.0,0.00 0.00 0.00 89.38 0.54 50.00 0.10 -14.44 6 63 6 63 40.0% 36.0% 200.000 0.000 0.00 -4.90 0.00  2.00 0.00 400.00 0.0% | 1200.00  -10.00 HI -50.00 -50.00
2026-09-27T09:05:55.800,DEMO,DEMO,DEMO_MODE,e8f76161d12445a198911691eb672dce,F1 :    400    0 0.10 -14.44 0.54 50.00  40.0  36.0,0.00 0.00 0.00 89.38 0.54 50.00 0.10 -14.44 6 63 6 63 40.0% 36.0% 200.000 0.000 0.00 -4.90 0.00  2.00 0.00 400.00 0.0% | 1200.00  -10.00 HI -50.00 -50.00
2026-09-27T09:05:55.920,DEMO,DEMO,DEMO_MODE,e8f76161d12445a198911691eb672dce,F1 :    400    0 0.10 -14.44 0.54 50.00  40.0  36.0,0.00 0.00 0.00 89.38 0.54 50.00 0.10 -14.44 6 63 6 63 40.0% 36.0% 200.000 0.000 0.00 -4.90 0.00  2.00 0.00 400.00 0.0% | 1200.00  -10.00 HI -50.00 -50.00
2026-09-27T09:05:56.041,DEMO,DEMO,DEMO_MODE,e8f76161d12445a198911691eb672dce,F1 :    400    0 0.10 -14.44 0.54 50.00  40.0  36.0,0.00 0.00 0.00 89.38 0.54 50.00 0.10 -14.44 6 63 6 63 40.0% 36.0% 200.000 0.000 0.00 -4.90 0.00  2.00 0.00 400.00 0.0% | 1200.00  -10.00 HI -50.00 -50.00
2026-09-27T09:05:56.162,DEMO,DEMO,DEMO_MODE,e8f76161d12445a198911691eb672dce,F1 :    400    0 0.10 -14.44 0.54 50.00  40.0  36.0,0.00 0.00 0.00 89.38 0.54 50.00 0.10 -14.44 6 63 6 63 40.0% 36.0% 200.000 0.000 0.00 -4.90 0.00  2.00 0.00 400.00 0.0% | 1200.00  -10.00 HI -50.00 -50.00
2026-09-27T09:05:56.286,DEMO,DEMO,DEMO_MODE,e8f76161d12445a198911691eb672dce,F1 :    400    0 0.10 -14.44 0.54 50.00  40.0  36.0,0.00 0.00 0.00 89.38 0.54 50.00 0.10 -14.44 6 63 6 63 40.0% 36.0% 200.000 0.000 0.00 -4.90 0.00  2.00 0.00 400.00 0.0% | 1200.00  -10.00 HI -50.00 -50.00
2026-09-27T09:05:56.407,DEMO,DEMO,DEMO_MODE,e8f76161d12445a198911691eb672dce,F1 :    400    0 0.10 -14.44 0.54 50.00  40.0  36.0,0.00 0.00 0.00 89.38 0.54 50.00 0.10 -14.44 6 63 6 63 40.0% 36.0% 200.000 0.000 0.00 -4.90 0.00  2.00 0.00 400.00 0.0% | 1200.00  -10.00 HI -50.00 -50.00
2026-09-27T09:05:56.534,DEMO,DEMO,DEMO_MODE,e8f76161d12445a198911691eb672dce,F1 :    400    0 0.10 -14.44 0.54 50.00  40.0  36.0,0.00 0.00 0.00 89.38 0.54 50.00 0.10 -14.44 6 63 6 63 40.0% 36.0% 200.000 0.000 0.00 -4.90 0.00  2.00 0.00 400.00 0.0% | 1200.00  -10.00 HI -50.00 -50.00
2026-09-27T09:05:56.654,DEMO,DEMO,DEMO_MODE,e8f76161d12445a198911691eb672dce,F1 :    400    0 0.10 -14.44 0.54 50.00  40.0  36.0,0.00 0.00 0.00 89.38 0.54 50.00 0.10 -14.44 6 63 6 63 40.0% 36.0% 200.000 0.000 0.00 -4.90 0.00  2.00 0.00 400.00 0.0% | 1200.00  -10.00 HI -50.00 -50.00
2026-09-27T09:05:56.781,DEMO,DEMO,DEMO_MODE,e8f76161d12445a198911691eb672dce,F1 :    400    0 0.10 -14.44 0.54 50.00  40.0  36.0,0.00 0.00 0.00 89.38 0.54 50.00 0.10 -14.44 6 63 6 63 40.0% 36.0% 200.000 0.000 0.00 -4.90 0.00  2.00 0.00 400.00 0.0% | 1200.00  -10.00 HI -50.00 -50.00
2026-09-27T09:05:56.901,DEMO,DEMO,DEMO_MODE,e8f76161d12445a198911691eb672dce,F1 :    400    0 0.10 -14.44 0.54 50.00  40.0  36.0,0.00 0.00 0.00 89.38 0.54 50.00 0.10 -14.44 6 63 6 63 40.0% 36.0% 200.000 0.000 0.00 -4.90 0.00  2.00 0.00 400.00 0.0% | 1200.00  -10.00 HI -50.00 -50.00
2026-09-27T09:05:57.027,DEMO,DEMO,DEMO_MODE,e8f76161d12445a198911691eb672dce,F1 :    400    0 0.10 -14.44 0.54 50.00  40.0  36.0,0.00 0.00 0.00 89.38 0.54 50.00 0.10 -14.44 6 63 6 63 40.0% 36.0% 200.000 0.000 0.00 -4.90 0.00  2.00 0.00 400.00 0.0% | 1200.00  -10.00 HI -50.00 -50.00
2026-09-27T09:05:57.154,DEMO,DEMO,DEMO_MODE,e8f76161d12445a198911691eb672dce,F1 :    400    0 0.10 -14.44 0.54 50.00  40.0  36.0,0.00 0.00 0.00 89.38 0.54 50.00 0.10 -14.44 6 63 6 63 40.0% 36.0% 200.000 0.000 0.00 -4.90 0.00  2.00 0.00 400.00 0.0% | 1200.00  -10.00 HI -50.00 -50.00
2026-09-27T09:05:57.280,DEMO,DEMO,DEMO_MODE,e8f76161d12445a198911691eb672dce,F1 :    400    0 0.10 -14.44 0.54 50.00  40.0  36.0,0.00 0.00 0.00 89.38 0.54 50.00 0.10 -14.44 6 63 6 63 40.0% 36.0% 200.000 0.000 0.00 -4.90 0.00  2.00 0.00 400.00 0.0% | 1200.00  -10.00 HI -50.00 -50.00
2026-09-27T09:05:57.400,DEMO,DEMO,DEMO_MODE,e8f76161d12445a198911691eb672dce,F1 :    400    0 0.10 -14.44 0.54 50.00  40.0  36.0,0.00 0.00 0.00 89.38 0.54 50.00 0.10 -14.44 6 63 6 63 40.0% 36.0% 200.000 0.000 0.00 -4.90 0.00  2.00 0.00 400.00 0.0% | 1200.00  -10.00 HI -50.00 -50.00
2026-09-27T09:05:57.527,DEMO,DEMO,DEMO_MODE,e8f76161d12445a198911691eb672dce,F1 :    400    0 0.10 -14.44 0.54 50.00  40.0  36.0,0.00 0.00 0.00 89.38 0.54 50.00 0.10 -14.44 6 63 6 63 40.0% 36.0% 200.000 0.000 0.00 -4.90 0.00  2.00 0.00 400.00 0.0% | 1200.00  -10.00 HI -50.00 -50.00
2026-09-27T09:05:57.647,DEMO,DEMO,DEMO_MODE,e8f76161d12445a198911691eb672dce,F1 :    400    0 0.10 -14.44 0.54 50.00  40.0  36.0,0.00 0.00 0.00 89.38 0.54 50.00 0.10 -14.44 6 63 6 63 40.0% 36.0% 200.000 0.000 0.00 -4.90 0.00  2.00 0.00 400.00 0.0% | 1200.00  -10.00 HI -50.00 -50.00
2026-09-27T09:05:57.774,DEMO,DEMO,DEMO_MODE,e8f76161d12445a198911691eb672dce,F1 :    400    0 0.10 -14.44 0.54 50.00  40.0  36.0,0.00 0.00 0.00 89.38 0.54 50.00 0.10 -14.44 6 63 6 63 40.0% 36.0% 200.000 0.000 0.00 -4.90 0.00  2.00 0.00 400.00 0.0% | 1200.00  -10.00 HI -50.00 -50.00
2026-09-27T09:05:57.895,DEMO,DEMO,DEMO_MODE,e8f76161d12445a198911691eb672dce,F1 :    400    0 0.10 -14.44 0.54 50.00  40.0  36.0,0.00 0.00 0.00 89.38 0.54 50.00 0.10 -14.44 6 63 6 63 40.0% 36.0% 200.000 0.000 0.00 -4.90 0.00  2.00 0.00 400.00 0.0% | 1200.00  -10.00 HI -50.00 -50.00
2026-09-27T09:05:58.021,DEMO,DEMO,DEMO_MODE,e8f76161d12445a198911691eb672dce,F1 :    400    0 0.10 -14.44 0.54 50.00  40.0  36.0,0.00 0.00 0.00 89.38 0.54 50.00 0.10 -14.44 6 63 6 63 40.0% 36.0% 200.000 0.000 0.00 -4.90 0.00  2.00 0.00 400.00 0.0% | 1200.00  -10.00 HI -50.00 -50.00
2026-09-27T09:05:58.142,DEMO,DEMO,DEMO_MODE,e8f76161d12445a198911691eb672dce,F1 :    400    0 0.10 -14.44 0.54 50.00  40.0  36.0,0.00 0.00 0.00 89.38 0.54 50.00 0.10 -14.44 6 63 6 63 40.0% 36.0% 200.000 0.000 0.00 -4.90 0.00  2.00 0.00 400.00 0.0% | 1200.00  -10.00 HI -50.00 -50.00
2026-09-27T09:05:58.268,DEMO,DEMO,DEMO_MODE,e8f76161d12445a198911691eb672dce,F1 :    400    0 0.10 -14.44 0.54 50.00  40.0  36.0,0.00 0.00 0.00 89.38 0.54 50.00 0.10 -14.44 6 63 6 63 40.0% 36.0% 200.000 0.000 0.00 -4.90 0.00  2.00 0.00 400.00 0.0% | 1200.00  -10.00 HI -50.00 -50.00
2026-09-27T09:05:58.389,DEMO,DEMO,DEMO_MODE,e8f76161d12445a198911691eb672dce,F1 :    400    0 0.10 -14.44 0.54 50.00  40.0  36.0,0.00 0.00 0.00 89.38 0.54 50.00 0.10 -14.44 6 63 6 63 40.0% 36.0% 200.000 0.000 0.00 -4.90 0.00  2.00 0.00 400.00 0.0% | 1200.00  -10.00 HI -50.00 -50.00
2026-09-27T09:05:58.515,DEMO,DEMO,DEMO_MODE,e8f76161d12445a198911691eb672dce,F1 :    400    0 0.10 -14.44 0.54 50.00  40.0  36.0,0.00 0.00 0.00 89.38 0.54 50.00 0.10 -14.44 6 63 6 63 40.0% 36.0% 200.000 0.000 0.00 -4.90 0.00  2.00 0.00 400.00 0.0% | 1200.00  -10.00 HI -50.00 -50.00
2026-09-27T09:05:58.635,DEMO,DEMO,DEMO_MODE,e8f76161d12445a198911691eb672dce,F1 :    400    0 0.10 -14.44 0.54 50.00  40.0  36.0,0.00 0.00 0.00 89.38 0.54 50.00 0.10 -14.44 6 63 6 63 40.0% 36.0% 200.000 0.000 0.00 -4.90 0.00  2.00 0.00 400.00 0.0% | 1200.00  -10.00 HI -50.00 -50.00
2026-09-27T09:05:58.755,DEMO,DEMO,DEMO_MODE,e8f76161d12445a198911691eb672dce,F1 :    400    0 0.10 -14.44 0.54 50.00  40.0  36.0,0.00 0.00 0.00 89.38 0.54 50.00 0.10 -14.44 6 63 6 63 40.0% 36.0% 200.000 0.000 0.00 -4.90 0.00  2.00 0.00 400.00 0.0% | 1200.00  -10.00 HI -50.00 -50.00
2026-09-27T09:05:58.876,DEMO,DEMO,DEMO_MODE,e8f76161d12445a198911691eb672dce,F1 :    400    0 0.10 -14.44 0.54 50.00  40.0  36.0,0.00 0.00 0.00 89.38 0.54 50.00 0.10 -14.44 6 63 6 63 40.0% 36.0% 200.000 0.000 0.00 -4.90 0.00  2.00 0.00 400.00 0.0% | 1200.00  -10.00 HI -50.00 -50.00
2026-09-27T09:05:58.997,DEMO,DEMO,DEMO_MODE,e8f76161d12445a198911691eb672dce,F1 :    400    0 0.10 -14.44 0.54 50.00  40.0  36.0,0.00 0.00 0.00 89.38 0.54 50.00 0.10 -14.44 6 63 6 63 40.0% 36.0% 200.000 0.000 0.00 -4.90 0.00  2.00 0.00 400.00 0.0% | 1200.00  -10.00 HI -50.00 -50.00
2026-09-27T09:05:59.118,DEMO,DEMO,DEMO_MODE,e8f76161d12445a198911691eb672dce,F1 :    400    0 0.10 -14.44 0.54 50.00  40.0  36.0,0.00 0.00 0.00 89.38 0.54 50.00 0.10 -14.44 6 63 6 63 40.0% 36.0% 200.000 0.000 0.00 -4.90 0.00  2.00 0.00 400.00 0.0% | 1200.00  -10.00 HI -50.00 -50.00
2026-09-27T09:05:59.238,DEMO,DEMO,DEMO_MODE,e8f76161d12445a198911691eb672dce,F1 :    400    0 0.10 -14.44 0.54 50.00  40.0  36.0,0.00 0.00 0.00 89.38 0.54 50.00 0.10 -14.44 6 63 6 63 40.0% 36.0% 200.000 0.000 0.00 -4.90 0.00  2.00 0.00 400.00 0.0% | 1200.00  -10.00 HI -50.00 -50.00
2026-09-27T09:05:59.358,DEMO,DEMO,DEMO_MODE,e8f76161d12445a198911691eb672dce,F1 :    400    0 0.10 -14.44 0.54 50.00  40.0  36.0,0.00 0.00 0.00 89.38 0.54 50.00 0.10 -14.44 6 63 6 63 40.0% 36.0% 200.000 0.000 0.00 -4.90 0.00  2.00 0.00 400.00 0.0% | 1200.00  -10.00 HI -50.00 -50.00
2026-09-27T09:05:59.479,DEMO,DEMO,DEMO_MODE,e8f76161d12445a198911691eb672dce,F1 :    500    0 0.10 -14.44 0.54 50.00  50.0  40.0,0.00 0.00 0.00 89.38 0.54 50.00 0.10 -14.44 6 63 6 63 50.0% 40.0% 250.000 0.000 0.00 -4.90 0.00  2.00 0.00 500.00 0.0% | 1200.00    0.00 HI -50.00 -50.00
2026-09-27T09:05:59.600,DEMO,DEMO,DEMO_MODE,e8f76161d12445a198911691eb672dce,F1 :    500    0 0.10 -14.44 0.54 50.00  50.0  40.0,0.00 0.00 0.00 89.38 0.54 50.00 0.10 -14.44 6 63 6 63 50.0% 40.0% 250.000 0.000 0.00 -4.90 0.00  2.00 0.00 500.00 0.0% | 1200.00    0.00 HI -50.00 -50.00
2026-09-27T09:05:59.721,DEMO,DEMO,DEMO_MODE,e8f76161d12445a198911691eb672dce,F1 :    500    0 0.10 -14.44 0.54 50.00  50.0  40.0,0.00 0.00 0.00 89.38 0.54 50.00 0.10 -14.44 6 63 6 63 50.0% 40.0% 250.000 0.000 0.00 -4.90 0.00  2.00 0.00 500.00 0.0% | 1200.00    0.00 HI -50.00 -50.00
2026-09-27T09:05:59.841,DEMO,DEMO,DEMO_MODE,e8f76161d12445a198911691eb672dce,F1 :    500    0 0.10 -14.44 0.54 50.00  50.0  40.0,0.00 0.00 0.00 89.38 0.54 50.00 0.10 -14.44 6 63 6 63 50.0% 40.0% 250.000 0.000 0.00 -4.90 0.00  2.00 0.00 500.00 0.0% | 1200.00    0.00 HI -50.00 -50.00
2026-09-27T09:05:59.962,DEMO,DEMO,DEMO_MODE,e8f76161d12445a198911691eb672dce,F1 :    500    0 0.10 -14.44 0.54 50.00  50.0  40.0,0.00 0.00 0.00 89.38 0.54 50.00 0.10 -14.44 6 63 6 63 50.0% 40.0% 250.000 0.000 0.00 -4.90 0.00  2.00 0.00 500.00 0.0% | 1200.00    0.00 HI -50.00 -50.00
2026-09-27T09:06:00.083,DEMO,DEMO,DEMO_MODE,e8f76161d12445a198911691eb672dce,F1 :    500    0 0.10 -14.44 0.54 50.00  50.0  40.0,0.00 0.00 0.00 89.38 0.54 50.00 0.10 -14.44 6 63 6 63 50.0% 40.0% 250.000 0.000 0.00 -4.90 0.00  2.00 0.00 500.00 0.0% | 1200.00    0.00 HI -50.00 -50.00
2026-09-27T09:06:00.204,DEMO,DEMO,DEMO_MODE,e8f76161d12445a198911691eb672dce,F1 :    500    0 0.10 -14.44 0.54 50.00  50.0  40.0,0.00 0.00 0.00 89.38 0.54 50.00 0.10 -14.44 6 63 6 63 50.0% 40.0% 250.000 0.000 0.00 -4.90 0.00  2.00 0.00 500.00 0.0% | 1200.00    0.00 HI -50.00 -50.00
2026-09-27T09:06:00.325,DEMO,DEMO,DEMO_MODE,e8f76161d12445a198911691eb672dce,F1 :    500    0 0.10 -14.44 0.54 50.00  50.0  40.0,0.00 0.00 0.00 89.38 0.54 50.00 0.10 -14.44 6 63 6 63 50.0% 40.0% 250.000 0.000 0.00 -4.90 0.00  2.00 0.00 500.00 0.0% | 1200.00    0.00 HI -50.00 -50.00
2026-09-27T09:06:00.446,DEMO,DEMO,DEMO_MODE,e8f76161d12445a198911691eb672dce,F1 :    500    0 0.10 -14.44 0.54 50.00  50.0  40.0,0.00 0.00 0.00 89.38 0.54 50.00 0.10 -14.44 6 63 6 63 50.0% 40.0% 250.000 0.000 0.00 -4.90 0.00  2.00 0.00 500.00 0.0% | 1200.00    0.00 HI -50.00 -50.00
2026-09-27T09:06:00.567,DEMO,DEMO,DEMO_MODE,e8f76161d12445a198911691eb672dce,F1 :    500    0 0.10 -14.44 0.54 50.00  50.0  40.0,0.00 0.00 0.00 89.38 0.54 50.00 0.10 -14.44 6 63 6 63 50.0% 40.0% 250.000 0.000 0.00 -4.90 0.00  2.00 0.00 500.00 0.0% | 1200.00    0.00 HI -50.00 -50.00
2026-09-27T09:06:00.687,DEMO,DEMO,DEMO_MODE,e8f76161d12445a198911691eb672dce,F1 :    500    0 0.10 -14.44 0.54 50.00  50.0  40.0,0.00 0.00 0.00 89.38 0.54 50.00 0.10 -14.44 6 63 6 63 50.0% 40.0% 250.000 0.000 0.00 -4.90 0.00  2.00 0.00 500.00 0.0% | 1200.00    0.00 HI -50.00 -50.00
2026-09-27T09:06:00.808,DEMO,DEMO,DEMO_MODE,e8f76161d12445a198911691eb672dce,F1 :    500    0 0.10 -14.44 0.54 50.00  50.0  40.0,0.00 0.00 0.00 89.38 0.54 50.00 0.10 -14.44 6 63 6 63 50.0% 40.0% 250.000 0.000 0.00 -4.90 0.00  2.00 0.00 500.00 0.0% | 1200.00    0.00 HI -50.00 -50.00
2026-09-27T09:06:00.928,DEMO,DEMO,DEMO_MODE,e8f76161d12445a198911691eb672dce,F1 :    500    0 0.10 -14.44 0.54 50.00  50.0  40.0,0.00 0.00 0.00 89.38 0.54 50.00 0.10 -14.44 6 63 6 63 50.0% 40.0% 250.000 0.000 0.00 -4.90 0.00  2.00 0.00 500.00 0.0% | 1200.00    0.00 HI -50.00 -50.00
2026-09-27T09:06:01.053,DEMO,DEMO,DEMO_MODE,e8f76161d12445a198911691eb672dce,F1 :    500    0 0.10 -14.44 0.54 50.00  50.0  40.0,0.00 0.00 0.00 89.38 0.54 50.00 0.10 -14.44 6 63 6 63 50.0% 40.0% 250.000 0.000 0.00 -4.90 0.00  2.00 0.00 500.00 0.0% | 1200.00    0.00 HI -50.00 -50.00
2026-09-27T09:06:01.174,DEMO,DEMO,DEMO_MODE,e8f76161d12445a198911691eb672dce,F1 :    500    0 0.10 -14.44 0.54 50.00  50.0  40.0,0.00 0.00 0.00 89.38 0.54 50.00 0.10 -14.44 6 63 6 63 50.0% 40.0% 250.000 0.000 0.00 -4.90 0.00  2.00 0.00 500.00 0.0% | 1200.00    0.00 HI -50.00 -50.00
2026-09-27T09:06:01.299,DEMO,DEMO,DEMO_MODE,e8f76161d12445a198911691eb672dce,F1 :    500    0 0.10 -14.44 0.54 50.00  50.0  40.0,0.00 0.00 0.00 89.38 0.54 50.00 0.10 -14.44 6 63 6 63 50.0% 40.0% 250.000 0.000 0.00 -4.90 0.00  2.00 0.00 500.00 0.0% | 1200.00    0.00 HI -50.00 -50.00
2026-09-27T09:06:01.419,DEMO,DEMO,DEMO_MODE,e8f76161d12445a198911691eb672dce,F1 :    500    0 0.10 -14.44 0.54 50.00  50.0  40.0,0.00 0.00 0.00 89.38 0.54 50.00 0.10 -14.44 6 63 6 63 50.0% 40.0% 250.000 0.000 0.00 -4.90 0.00  2.00 0.00 500.00 0.0% | 1200.00    0.00 HI -50.00 -50.00
2026-09-27T09:06:01.545,DEMO,DEMO,DEMO_MODE,e8f76161d12445a198911691eb672dce,F1 :    500    0 0.10 -14.44 0.54 50.00  50.0  40.0,0.00 0.00 0.00 89.38 0.54 50.00 0.10 -14.44 6 63 6 63 50.0% 40.0% 250.000 0.000 0.00 -4.90 0.00  2.00 0.00 500.00 0.0% | 1200.00    0.00 HI -50.00 -50.00
2026-09-27T09:06:01.665,DEMO,DEMO,DEMO_MODE,e8f76161d12445a198911691eb672dce,F1 :    500    0 0.10 -14.44 0.54 50.00  50.0  40.0,0.00 0.00 0.00 89.38 0.54 50.00 0.10 -14.44 6 63 6 63 50.0% 40.0% 250.000 0.000 0.00 -4.90 0.00  2.00 0.00 500.00 0.0% | 1200.00    0.00 HI -50.00 -50.00
2026-09-27T09:06:01.791,DEMO,DEMO,DEMO_MODE,e8f76161d12445a198911691eb672dce,F1 :    500    0 0.10 -14.44 0.54 50.00  50.0  40.0,0.00 0.00 0.00 89.38 0.54 50.00 0.10 -14.44 6 63 6 63 50.0% 40.0% 250.000 0.000 0.00 -4.90 0.00  2.00 0.00 500.00 0.0% | 1200.00    0.00 HI -50.00 -50.00
2026-09-27T09:06:01.911,DEMO,DEMO,DEMO_MODE,e8f76161d12445a198911691eb672dce,F1 :    500    0 0.10 -14.44 0.54 50.00  50.0  40.0,0.00 0.00 0.00 89.38 0.54 50.00 0.10 -14.44 6 63 6 63 50.0% 40.0% 250.000 0.000 0.00 -4.90 0.00  2.00 0.00 500.00 0.0% | 1200.00    0.00 HI -50.00 -50.00
2026-09-27T09:06:02.037,DEMO,DEMO,DEMO_MODE,e8f76161d12445a198911691eb672dce,F1 :    500    0 0.10 -14.44 0.54 50.00  50.0  40.0,0.00 0.00 0.00 89.38 0.54 50.00 0.10 -14.44 6 63 6 63 50.0% 40.0% 250.000 0.000 0.00 -4.90 0.00  2.00 0.00 500.00 0.0% | 1200.00    0.00 HI -50.00 -50.00
2026-09-27T09:06:02.158,DEMO,DEMO,DEMO_MODE,e8f76161d12445a198911691eb672dce,F1 :    500    0 0.10 -14.44 0.54 50.00  50.0  40.0,0.00 0.00 0.00 89.38 0.54 50.00 0.10 -14.44 6 63 6 63 50.0% 40.0% 250.000 0.000 0.00 -4.90 0.00  2.00 0.00 500.00 0.0% | 1200.00    0.00 HI -50.00 -50.00
2026-09-27T09:06:02.284,DEMO,DEMO,DEMO_MODE,e8f76161d12445a198911691eb672dce,F1 :    500    0 0.10 -14.44 0.54 50.00  50.0  40.0,0.00 0.00 0.00 89.38 0.54 50.00 0.10 -14.44 6 63 6 63 50.0% 40.0% 250.000 0.000 0.00 -4.90 0.00  2.00 0.00 500.00 0.0% | 1200.00    0.00 HI -50.00 -50.00
2026-09-27T09:06:02.405,DEMO,DEMO,DEMO_MODE,e8f76161d12445a198911691eb672dce,F1 :    500    0 0.10 -14.44 0.54 50.00  50.0  40.0,0.00 0.00 0.00 89.38 0.54 50.00 0.10 -14.44 6 63 6 63 50.0% 40.0% 250.000 0.000 0.00 -4.90 0.00  2.00 0.00 500.00 0.0% | 1200.00    0.00 HI -50.00 -50.00
2026-09-27T09:06:02.532,DEMO,DEMO,DEMO_MODE,e8f76161d12445a198911691eb672dce,F1 :    500    0 0.10 -14.44 0.54 50.00  50.0  40.0,0.00 0.00 0.00 89.38 0.54 50.00 0.10 -14.44 6 63 6 63 50.0% 40.0% 250.000 0.000 0.00 -4.90 0.00  2.00 0.00 500.00 0.0% | 1200.00    0.00 HI -50.00 -50.00
2026-09-27T09:06:02.652,DEMO,DEMO,DEMO_MODE,e8f76161d12445a198911691eb672dce,F1 :    500    0 0.10 -14.44 0.54 50.00  50.0  40.0,0.00 0.00 0.00 89.38 0.54 50.00 0.10 -14.44 6 63 6 63 50.0% 40.0% 250.000 0.000 0.00 -4.90 0.00  2.00 0.00 500.00 0.0% | 1200.00    0.00 HI -50.00 -50.00
2026-09-27T09:06:02.779,DEMO,DEMO,DEMO_MODE,e8f76161d12445a198911691eb672dce,F1 :    500    0 0.10 -14.44 0.54 50.00  50.0  40.0,0.00 0.00 0.00 89.38 0.54 50.00 0.10 -14.44 6 63 6 63 50.0% 40.0% 250.000 0.000 0.00 -4.90 0.00  2.00 0.00 500.00 0.0% | 1200.00    0.00 HI -50.00 -50.00
2026-09-27T09:06:02.899,DEMO,DEMO,DEMO_MODE,e8f76161d12445a198911691eb672dce,F1 :    500    0 0.10 -14.44 0.54 50.00  50.0  40.0,0.00 0.00 0.00 89.38 0.54 50.00 0.10 -14.44 6 63 6 63 50.0% 40.0% 250.000 0.000 0.00 -4.90 0.00  2.00 0.00 500.00 0.0% | 1200.00    0.00 HI -50.00 -50.00
2026-09-27T09:06:03.025,DEMO,DEMO,DEMO_MODE,e8f76161d12445a198911691eb672dce,F1 :    500    0 0.10 -14.44 0.54 50.00  50.0  40.0,0.00 0.00 0.00 89.38 0.54 50.00 0.10 -14.44 6 63 6 63 50.0% 40.0% 250.000 0.000 0.00 -4.90 0.00  2.00 0.00 500.00 0.0% | 1200.00    0.00 HI -50.00 -50.00
2026-09-27T09:06:03.146,DEMO,DEMO,DEMO_MODE,e8f76161d12445a198911691eb672dce,F1 :    500    0 0.10 -14.44 0.54 50.00  50.0  40.0,0.00 0.00 0.00 89.38 0.54 50.00 0.10 -14.44 6 63 6 63 50.0% 40.0% 250.000 0.000 0.00 -4.90 0.00  2.00 0.00 500.00 0.0% | 1200.00    0.00 HI -50.00 -50.00
2026-09-27T09:06:03.272,DEMO,DEMO,DEMO_MODE,e8f76161d12445a198911691eb672dce,F1 :    500    0 0.10 -14.44 0.54 50.00  50.0  40.0,0.00 0.00 0.00 89.38 0.54 50.00 0.10 -14.44 6 63 6 63 50.0% 40.0% 250.000 0.000 0.00 -4.90 0.00  2.00 0.00 500.00 0.0% | 1200.00    0.00 HI -50.00 -50.00
2026-09-27T09:06:03.392,DEMO,DEMO,DEMO_MODE,e8f76161d12445a198911691eb672dce,F1 :    500    0 0.10 -14.44 0.54 50.00  50.0  40.0,0.00 0.00 0.00 89.38 0.54 50.00 0.10 -14.44 6 63 6 63 50.0% 40.0% 250.000 0.000 0.00 -4.90 0.00  2.00 0.00 500.00 0.0% | 1200.00    0.00 HI -50.00 -50.00
2026-09-27T09:06:03.519,DEMO,DEMO,DEMO_MODE,e8f76161d12445a198911691eb672dce,F1 :    500    1 0.10 -14.44 0.54 50.00  50.0  40.0,0.00 0.00 0.00 89.38 0.54 50.00 0.10 -14.44 6 63 6 63 50.0% 40.0% 250.000 0.000 0.00 -4.90 0.00  2.00 0.00 499.00 0.0% | 1200.00    0.00 HI -50.00 -50.00
2026-09-27T09:06:03.639,DEMO,DEMO,DEMO_MODE,e8f76161d12445a198911691eb672dce,F1 :    500    1 0.10 -14.44 0.54 50.00  50.0  40.0,0.00 0.00 0.00 89.38 0.54 50.00 0.10 -14.44 6 63 6 63 50.0% 40.0% 250.000 0.000 0.00 -4.90 0.00  2.00 0.00 499.00 0.0% | 1200.00    0.00 HI -50.00 -50.00
2026-09-27T09:06:03.765,DEMO,DEMO,DEMO_MODE,e8f76161d12445a198911691eb672dce,F1 :    500    1 0.10 -14.44 0.54 50.00  50.0  40.0,0.00 0.00 0.00 89.38 0.54 50.00 0.10 -14.44 6 63 6 63 50.0% 40.0% 250.000 0.000 0.00 -4.90 0.00  2.00 0.00 499.00 0.0% | 1200.00    0.00 HI -50.00 -50.00
2026-09-27T09:06:03.897,DEMO,DEMO,DEMO_MODE,e8f76161d12445a198911691eb672dce,F1 :    500    1 0.10 -14.44 0.54 50.00  50.0  40.0,0.00 0.00 0.00 89.38 0.54 50.00 0.10 -14.44 6 63 6 63 50.0% 40.0% 250.000 0.000 0.00 -4.90 0.00  2.00 0.00 499.00 0.0% | 1200.00    0.00 HI -50.00 -50.00
2026-09-27T09:06:04.024,DEMO,DEMO,DEMO_MODE,e8f76161d12445a198911691eb672dce,F1 :    500    1 0.10 -14.44 0.54 50.00  50.0  40.0,0.00 0.00 0.00 89.38 0.54 50.00 0.10 -14.44 6 63 6 63 50.0% 40.0% 250.000 0.000 0.00 -4.90 0.00  2.00 0.00 499.00 0.0% | 1200.00    0.00 HI -50.00 -50.00
2026-09-27T09:06:04.144,DEMO,DEMO,DEMO_MODE,e8f76161d12445a198911691eb672dce,F1 :    500    1 0.10 -14.44 0.54 50.00  50.0  40.0,0.00 0.00 0.00 89.38 0.54 50.00 0.10 -14.44 6 63 6 63 50.0% 40.0% 250.000 0.000 0.00 -4.90 0.00  2.00 0.00 499.00 0.0% | 1200.00    0.00 HI -50.00 -50.00
2026-09-27T09:06:04.270,DEMO,DEMO,DEMO_MODE,e8f76161d12445a198911691eb672dce,F1 :    500    1 0.10 -14.44 0.54 50.00  50.0  40.0,0.00 0.00 0.00 89.38 0.54 50.00 0.10 -14.44 6 63 6 63 50.0% 40.0% 250.000 0.000 0.00 -4.90 0.00  2.00 0.00 499.00 0.0% | 1200.00    0.00 HI -50.00 -50.00
2026-09-27T09:06:04.391,DEMO,DEMO,DEMO_MODE,e8f76161d12445a198911691eb672dce,F1 :    500    1 0.10 -14.44 0.54 50.00  50.0  40.0,0.00 0.00 0.00 89.38 0.54 50.00 0.10 -14.44 6 63 6 63 50.0% 40.0% 250.000 0.000 0.00 -4.90 0.00  2.00 0.00 499.00 0.0% | 1200.00    0.00 HI -50.00 -50.00
2026-09-27T09:06:04.517,DEMO,DEMO,DEMO_MODE,e8f76161d12445a198911691eb672dce,F1 :    500    1 0.10 -14.44 0.54 50.00  50.0  40.0,0.00 0.00 0.00 89.38 0.54 50.00 0.10 -14.44 6 63 6 63 50.0% 40.0% 250.000 0.000 0.00 -4.90 0.00  2.00 0.00 499.00 0.0% | 1200.00    0.00 HI -50.00 -50.00
2026-09-27T09:06:04.649,DEMO,DEMO,DEMO_MODE,e8f76161d12445a198911691eb672dce,F1 :    500    1 0.10 -14.44 0.54 50.00  50.0  44.0,0.00 0.00 0.00 89.38 0.54 50.00 0.10 -14.44 6 63 6 63 50.0% 44.0% 250.000 0.000 0.00 -4.90 0.00  2.00 0.00 499.00 0.0% | 1200.00    0.00 HI -50.00 -50.00
2026-09-27T09:06:04.774,DEMO,DEMO,DEMO_MODE,e8f76161d12445a198911691eb672dce,F1 :    500    1 0.10 -14.44 0.54 50.00  50.0  44.0,0.00 0.00 0.00 89.38 0.54 50.00 0.10 -14.44 6 63 6 63 50.0% 44.0% 250.000 0.000 0.00 -4.90 0.00  2.00 0.00 499.00 0.0% | 1200.00    0.00 HI -50.00 -50.00
2026-09-27T09:06:04.895,DEMO,DEMO,DEMO_MODE,e8f76161d12445a198911691eb672dce,F1 :    500    1 0.10 -14.44 0.54 50.00  50.0  44.0,0.00 0.00 0.00 89.38 0.54 50.00 0.10 -14.44 6 63 6 63 50.0% 44.0% 250.000 0.000 0.00 -4.90 0.00  2.00 0.00 499.00 0.0% | 1200.00    0.00 HI -50.00 -50.00
2026-09-27T09:06:05.021,DEMO,DEMO,DEMO_MODE,e8f76161d12445a198911691eb672dce,F1 :    500    1 0.10 -14.44 0.54 50.00  50.0  44.0,0.00 0.00 0.00 89.38 0.54 50.00 0.10 -14.44 6 63 6 63 50.0% 44.0% 250.000 0.000 0.00 -4.90 0.00  2.00 0.00 499.00 0.0% | 1200.00    0.00 HI -50.00 -50.00
2026-09-27T09:06:05.142,DEMO,DEMO,DEMO_MODE,e8f76161d12445a198911691eb672dce,F1 :    500    1 0.10 -14.44 0.54 50.00  50.0  44.0,0.00 0.00 0.00 89.38 0.54 50.00 0.10 -14.44 6 63 6 63 50.0% 44.0% 250.000 0.000 0.00 -4.90 0.00  2.00 0.00 499.00 0.0% | 1200.00    0.00 HI -50.00 -50.00
2026-09-27T09:06:05.268,DEMO,DEMO,DEMO_MODE,e8f76161d12445a198911691eb672dce,F1 :    500    1 0.10 -14.44 0.54 50.00  50.0  44.0,0.00 0.00 0.00 89.38 0.54 50.00 0.10 -14.44 6 63 6 63 50.0% 44.0% 250.000 0.000 0.00 -4.90 0.00  2.00 0.00 499.00 0.0% | 1200.00    0.00 HI -50.00 -50.00
2026-09-27T09:06:05.389,DEMO,DEMO,DEMO_MODE,e8f76161d12445a198911691eb672dce,F1 :    500    1 0.10 -14.44 0.54 50.00  50.0  44.0,0.00 0.00 0.00 89.38 0.54 50.00 0.10 -14.44 6 63 6 63 50.0% 44.0% 250.000 0.000 0.00 -4.90 0.00  2.00 0.00 499.00 0.0% | 1200.00    0.00 HI -50.00 -50.00
2026-09-27T09:06:05.510,DEMO,DEMO,DEMO_MODE,e8f76161d12445a198911691eb672dce,F1 :    500    1 0.10 -14.44 0.54 50.00  50.0  44.0,0.00 0.00 0.00 89.38 0.54 50.00 0.10 -14.44 6 63 6 63 50.0% 44.0% 250.000 0.000 0.00 -4.90 0.00  2.00 0.00 499.00 0.0% | 1200.00    0.00 HI -50.00 -50.00
2026-09-27T09:06:05.630,DEMO,DEMO,DEMO_MODE,e8f76161d12445a198911691eb672dce,F1 :    500    1 0.10 -14.44 0.54 50.00  50.0  44.0,0.00 0.00 0.00 89.38 0.54 50.00 0.10 -14.44 6 63 6 63 50.0% 44.0% 250.000 0.000 0.00 -4.90 0.00  2.00 0.00 499.00 0.0% | 1200.00    0.00 HI -50.00 -50.00
2026-09-27T09:06:05.751,DEMO,DEMO,DEMO_MODE,e8f76161d12445a198911691eb672dce,F1 :    500    1 0.10 -14.44 0.54 50.00  50.0  44.0,0.00 0.00 0.00 89.38 0.54 50.00 0.10 -14.44 6 63 6 63 50.0% 44.0% 250.000 0.000 0.00 -4.90 0.00  2.00 0.00 499.00 0.0% | 1200.00    0.00 HI -50.00 -50.00
2026-09-27T09:06:05.871,DEMO,DEMO,DEMO_MODE,e8f76161d12445a198911691eb672dce,F1 :    500    1 0.10 -14.44 0.54 50.00  50.0  44.0,0.00 0.00 0.00 89.38 0.54 50.00 0.10 -14.44 6 63 6 63 50.0% 44.0% 250.000 0.000 0.00 -4.90 0.00  2.00 0.00 499.00 0.0% | 1200.00    0.00 HI -50.00 -50.00
2026-09-27T09:06:05.992,DEMO,DEMO,DEMO_MODE,e8f76161d12445a198911691eb672dce,F1 :    500    1 0.10 -14.44 0.54 50.00  50.0  44.0,0.00 0.00 0.00 89.38 0.54 50.00 0.10 -14.44 6 63 6 63 50.0% 44.0% 250.000 0.000 0.00 -4.90 0.00  2.00 0.00 499.00 0.0% | 1200.00    0.00 HI -50.00 -50.00
2026-09-27T09:06:06.114,DEMO,DEMO,DEMO_MODE,e8f76161d12445a198911691eb672dce,F1 :    500    1 0.10 -14.44 0.54 50.00  50.0  44.0,0.00 0.00 0.00 89.38 0.54 50.00 0.10 -14.44 6 63 6 63 50.0% 44.0% 250.000 0.000 0.00 -4.90 0.00  2.00 0.00 499.00 0.0% | 1200.00    0.00 HI -50.00 -50.00
2026-09-27T09:06:06.234,DEMO,DEMO,DEMO_MODE,e8f76161d12445a198911691eb672dce,F1 :    500    1 0.10 -14.44 0.54 50.00  50.0  44.0,0.00 0.00 0.00 89.38 0.54 50.00 0.10 -14.44 6 63 6 63 50.0% 44.0% 250.000 0.000 0.00 -4.90 0.00  2.00 0.00 499.00 0.0% | 1200.00    0.00 HI -50.00 -50.00
2026-09-27T09:06:06.355,DEMO,DEMO,DEMO_MODE,e8f76161d12445a198911691eb672dce,F1 :    500    1 0.10 -14.44 0.54 50.00  50.0  44.0,0.00 0.00 0.00 89.38 0.54 50.00 0.10 -14.44 6 63 6 63 50.0% 44.0% 250.000 0.000 0.00 -4.90 0.00  2.00 0.00 499.00 0.0% | 1200.00    0.00 HI -50.00 -50.00
2026-09-27T09:06:06.476,DEMO,DEMO,DEMO_MODE,e8f76161d12445a198911691eb672dce,F1 :    500    1 0.10 -14.44 0.54 50.00  50.0  44.0,0.00 0.00 0.00 89.38 0.54 50.00 0.10 -14.44 6 63 6 63 50.0% 44.0% 250.000 0.000 0.00 -4.90 0.00  2.00 0.00 499.00 0.0% | 1200.00    0.00 HI -50.00 -50.00
2026-09-27T09:06:06.596,DEMO,DEMO,DEMO_MODE,e8f76161d12445a198911691eb672dce,F1 :    500    1 0.10 -14.44 0.54 50.00  50.0  44.0,0.00 0.00 0.00 89.38 0.54 50.00 0.10 -14.44 6 63 6 63 50.0% 44.0% 250.000 0.000 0.00 -4.90 0.00  2.00 0.00 499.00 0.0% | 1200.00    0.00 HI -50.00 -50.00
2026-09-27T09:06:06.717,DEMO,DEMO,DEMO_MODE,e8f76161d12445a198911691eb672dce,F1 :    500    1 0.10 -14.44 0.54 50.00  50.0  44.0,0.00 0.00 0.00 89.38 0.54 50.00 0.10 -14.44 6 63 6 63 50.0% 44.0% 250.000 0.000 0.00 -4.90 0.00  2.00 0.00 499.00 0.0% | 1200.00    0.00 HI -50.00 -50.00
2026-09-27T09:06:06.837,DEMO,DEMO,DEMO_MODE,e8f76161d12445a198911691eb672dce,F1 :    500    1 0.10 -14.44 0.54 50.00  50.0  44.0,0.00 0.00 0.00 89.38 0.54 50.00 0.10 -14.44 6 63 6 63 50.0% 44.0% 250.000 0.000 0.00 -4.90 0.00  2.00 0.00 499.00 0.0% | 1200.00    0.00 HI -50.00 -50.00
2026-09-27T09:06:06.958,DEMO,DEMO,DEMO_MODE,e8f76161d12445a198911691eb672dce,F1 :    500    1 0.10 -14.44 0.54 50.00  50.0  44.0,0.00 0.00 0.00 89.38 0.54 50.00 0.10 -14.44 6 63 6 63 50.0% 44.0% 250.000 0.000 0.00 -4.90 0.00  2.00 0.00 499.00 0.0% | 1200.00    0.00 HI -50.00 -50.00
2026-09-27T09:06:07.079,DEMO,DEMO,DEMO_MODE,e8f76161d12445a198911691eb672dce,F1 :    500    1 0.10 -14.44 0.54 50.00  50.0  44.0,0.00 0.00 0.00 89.38 0.54 50.00 0.10 -14.44 6 63 6 63 50.0% 44.0% 250.000 0.000 0.00 -4.90 0.00  2.00 0.00 499.00 0.0% | 1200.00    0.00 HI -50.00 -50.00
2026-09-27T09:06:07.200,DEMO,DEMO,DEMO_MODE,e8f76161d12445a198911691eb672dce,F1 :    500    1 0.10 -14.44 0.54 50.00  50.0  44.0,0.00 0.00 0.00 89.38 0.54 50.00 0.10 -14.44 6 63 6 63 50.0% 44.0% 250.000 0.000 0.00 -4.90 0.00  2.00 0.00 499.00 0.0% | 1200.00    0.00 HI -50.00 -50.00
2026-09-27T09:06:07.326,DEMO,DEMO,DEMO_MODE,e8f76161d12445a198911691eb672dce,F1 :    500    1 0.10 -14.44 0.54 50.00  50.0  44.0,0.00 0.00 0.00 89.38 0.54 50.00 0.10 -14.44 6 63 6 63 50.0% 44.0% 250.000 0.000 0.00 -4.90 0.00  2.00 0.00 499.00 0.0% | 1200.00    0.00 HI -50.00 -50.00
2026-09-27T09:06:07.447,DEMO,DEMO,DEMO_MODE,e8f76161d12445a198911691eb672dce,F1 :    500    1 0.10 -14.44 0.54 50.00  50.0  44.0,0.00 0.00 0.00 89.38 0.54 50.00 0.10 -14.44 6 63 6 63 50.0% 44.0% 250.000 0.000 0.00 -4.90 0.00  2.00 0.00 499.00 0.0% | 1200.00    0.00 HI -50.00 -50.00
2026-09-27T09:06:07.574,DEMO,DEMO,DEMO_MODE,e8f76161d12445a198911691eb672dce,F1 :    500    1 0.10 -14.44 0.54 50.00  50.0  44.0,0.00 0.00 0.00 89.38 0.54 50.00 0.10 -14.44 6 63 6 63 50.0% 44.0% 250.000 0.000 0.00 -4.90 0.00  2.00 0.00 499.00 0.0% | 1200.00    0.00 HI -50.00 -50.00
2026-09-27T09:06:07.694,DEMO,DEMO,DEMO_MODE,e8f76161d12445a198911691eb672dce,F1 :    500    1 0.10 -14.44 0.54 50.00  50.0  44.0,0.00 0.00 0.00 89.38 0.54 50.00 0.10 -14.44 6 63 6 63 50.0% 44.0% 250.000 0.000 0.00 -4.90 0.00  2.00 0.00 499.00 0.0% | 1200.00    0.00 HI -50.00 -50.00
2026-09-27T09:06:07.820,DEMO,DEMO,DEMO_MODE,e8f76161d12445a198911691eb672dce,F1 :    500    1 0.10 -14.44 0.54 50.00  50.0  44.0,0.00 0.00 0.00 89.38 0.54 50.00 0.10 -14.44 6 63 6 63 50.0% 44.0% 250.000 0.000 0.00 -4.90 0.00  2.00 0.00 499.00 0.0% | 1200.00    0.00 HI -50.00 -50.00
2026-09-27T09:06:07.941,DEMO,DEMO,DEMO_MODE,e8f76161d12445a198911691eb672dce,F1 :    500    1 0.10 -14.44 0.54 50.00  50.0  44.0,0.00 0.00 0.00 89.38 0.54 50.00 0.10 -14.44 6 63 6 63 50.0% 44.0% 250.000 0.000 0.00 -4.90 0.00  2.00 0.00 499.00 0.0% | 1200.00    0.00 HI -50.00 -50.00
2026-09-27T09:06:08.067,DEMO,DEMO,DEMO_MODE,e8f76161d12445a198911691eb672dce,F1 :    500    1 0.10 -14.44 0.54 50.00  50.0  44.0,0.00 0.00 0.00 89.38 0.54 50.00 0.10 -14.44 6 63 6 63 50.0% 44.0% 250.000 0.000 0.00 -4.90 0.00  2.00 0.00 499.00 0.0% | 1200.00    0.00 HI -50.00 -50.00
2026-09-27T09:06:08.188,DEMO,DEMO,DEMO_MODE,e8f76161d12445a198911691eb672dce,F1 :    500    1 0.10 -14.44 0.54 50.00  50.0  44.0,0.00 0.00 0.00 89.38 0.54 50.00 0.10 -14.44 6 63 6 63 50.0% 44.0% 250.000 0.000 0.00 -4.90 0.00  2.00 0.00 499.00 0.0% | 1200.00    0.00 HI -50.00 -50.00
2026-09-27T09:06:08.313,DEMO,DEMO,DEMO_MODE,e8f76161d12445a198911691eb672dce,F1 :    500    1 0.10 -14.44 0.54 50.00  50.0  44.0,0.00 0.00 0.00 89.38 0.54 50.00 0.10 -14.44 6 63 6 63 50.0% 44.0% 250.000 0.000 0.00 -4.90 0.00  2.00 0.00 499.00 0.0% | 1200.00    0.00 HI -50.00 -50.00
2026-09-27T09:06:08.451,DEMO,DEMO,DEMO_MODE,e8f76161d12445a198911691eb672dce,F1 :    500    1 0.10 -14.44 0.54 50.00  50.0  44.0,0.00 0.00 0.00 89.38 0.54 50.00 0.10 -14.44 6 63 6 63 50.0% 44.0% 250.000 0.000 0.00 -4.90 0.00  2.00 0.00 499.00 0.0% | 1200.00    0.00 HI -50.00 -50.00
2026-09-27T09:06:08.578,DEMO,DEMO,DEMO_MODE,e8f76161d12445a198911691eb672dce,F1 :    500    1 0.10 -14.44 0.54 50.00  50.0  44.0,0.00 0.00 0.00 89.38 0.54 50.00 0.10 -14.44 6 63 6 63 50.0% 44.0% 250.000 0.000 0.00 -4.90 0.00  2.00 0.00 499.00 0.0% | 1200.00    0.00 HI -50.00 -50.00
2026-09-27T09:06:08.698,DEMO,DEMO,DEMO_MODE,e8f76161d12445a198911691eb672dce,F1 :    500    1 0.10 -14.44 0.54 50.00  50.0  44.0,0.00 0.00 0.00 89.38 0.54 50.00 0.10 -14.44 6 63 6 63 50.0% 44.0% 250.000 0.000 0.00 -4.90 0.00  2.00 0.00 499.00 0.0% | 1200.00    0.00 HI -50.00 -50.00
2026-09-27T09:06:08.825,DEMO,DEMO,DEMO_MODE,e8f76161d12445a198911691eb672dce,F1 :    500    1 0.10 -14.44 0.54 50.00  50.0  44.0,0.00 0.00 0.00 89.38 0.54 50.00 0.10 -14.44 6 63 6 63 50.0% 44.0% 250.000 0.000 0.00 -4.90 0.00  2.00 0.00 499.00 0.0% | 1200.00    0.00 HI -50.00 -50.00
2026-09-27T09:06:08.946,DEMO,DEMO,DEMO_MODE,e8f76161d12445a198911691eb672dce,F1 :    500    1 0.10 -14.44 0.54 50.00  50.0  44.0,0.00 0.00 0.00 89.38 0.54 50.00 0.10 -14.44 6 63 6 63 50.0% 44.0% 250.000 0.000 0.00 -4.90 0.00  2.00 0.00 499.00 0.0% | 1200.00    0.00 HI -50.00 -50.00
2026-09-27T09:06:09.072,DEMO,DEMO,DEMO_MODE,e8f76161d12445a198911691eb672dce,F1 :    500    1 0.10 -14.44 0.54 50.00  50.0  44.0,0.00 0.00 0.00 89.38 0.54 50.00 0.10 -14.44 6 63 6 63 50.0% 44.0% 250.000 0.000 0.00 -4.90 0.00  2.00 0.00 499.00 0.0% | 1200.00    0.00 HI -50.00 -50.00
2026-09-27T09:06:09.192,DEMO,DEMO,DEMO_MODE,e8f76161d12445a198911691eb672dce,F1 :    500    1 0.10 -14.44 0.54 50.00  50.0  44.0,0.00 0.00 0.00 89.38 0.54 50.00 0.10 -14.44 6 63 6 63 50.0% 44.0% 250.000 0.000 0.00 -4.90 0.00  2.00 0.00 499.00 0.0% | 1200.00    0.00 HI -50.00 -50.00
2026-09-27T09:06:09.318,DEMO,DEMO,DEMO_MODE,e8f76161d12445a198911691eb672dce,F1 :    500    1 0.10 -14.44 0.54 50.00  50.0  44.0,0.00 0.00 0.00 89.38 0.54 50.00 0.10 -14.44 6 63 6 63 50.0% 44.0% 250.000 0.000 0.00 -4.90 0.00  2.00 0.00 499.00 0.0% | 1200.00    0.00 HI -50.00 -50.00
2026-09-27T09:06:09.439,DEMO,DEMO,DEMO_MODE,e8f76161d12445a198911691eb672dce,F1 :    500    1 0.10 -14.44 0.54 50.00  50.0  44.0,0.00 0.00 0.00 89.38 0.54 50.00 0.10 -14.44 6 63 6 63 50.0% 44.0% 250.000 0.000 0.00 -4.90 0.00  2.00 0.00 499.00 0.0% | 1200.00    0.00 HI -50.00 -50.00
2026-09-27T09:06:09.564,DEMO,DEMO,DEMO_MODE,e8f76161d12445a198911691eb672dce,F1 :    500    1 0.10 -14.44 0.54 50.00  50.0  44.0,0.00 0.00 0.00 89.38 0.54 50.00 0.10 -14.44 6 63 6 63 50.0% 44.0% 250.000 0.000 0.00 -4.90 0.00  2.00 0.00 499.00 0.0% | 1200.00    0.00 HI -50.00 -50.00
2026-09-27T09:06:09.685,DEMO,DEMO,DEMO_MODE,e8f76161d12445a198911691eb672dce,F1 :    600    1 0.10 -14.44 0.54 50.00  60.0  48.0,0.00 0.00 0.00 89.38 0.54 50.00 0.10 -14.44 6 63 6 63 60.0% 48.0% 300.000 0.000 0.00 -4.90 0.00  2.00 0.00 599.00 0.0% | 1200.00   10.00 HI -50.00 -50.00
2026-09-27T09:06:09.810,DEMO,DEMO,DEMO_MODE,e8f76161d12445a198911691eb672dce,F1 :    600    1 0.10 -14.44 0.54 50.00  60.0  48.0,0.00 0.00 0.00 89.38 0.54 50.00 0.10 -14.44 6 63 6 63 60.0% 48.0% 300.000 0.000 0.00 -4.90 0.00  2.00 0.00 599.00 0.0% | 1200.00   10.00 HI -50.00 -50.00
2026-09-27T09:06:09.930,DEMO,DEMO,DEMO_MODE,e8f76161d12445a198911691eb672dce,F1 :    600    1 0.10 -14.44 0.54 50.00  60.0  48.0,0.00 0.00 0.00 89.38 0.54 50.00 0.10 -14.44 6 63 6 63 60.0% 48.0% 300.000 0.000 0.00 -4.90 0.00  2.00 0.00 599.00 0.0% | 1200.00   10.00 HI -50.00 -50.00
2026-09-27T09:06:10.057,DEMO,DEMO,DEMO_MODE,e8f76161d12445a198911691eb672dce,F1 :    600    1 0.10 -14.44 0.54 50.00  60.0  48.0,0.00 0.00 0.00 89.38 0.54 50.00 0.10 -14.44 6 63 6 63 60.0% 48.0% 300.000 0.000 0.00 -4.90 0.00  2.00 0.00 599.00 0.0% | 1200.00   10.00 HI -50.00 -50.00
2026-09-27T09:06:10.177,DEMO,DEMO,DEMO_MODE,e8f76161d12445a198911691eb672dce,F1 :    600    1 0.10 -14.44 0.54 50.00  60.0  48.0,0.00 0.00 0.00 89.38 0.54 50.00 0.10 -14.44 6 63 6 63 60.0% 48.0% 300.000 0.000 0.00 -4.90 0.00  2.00 0.00 599.00 0.0% | 1200.00   10.00 HI -50.00 -50.00
2026-09-27T09:06:10.304,DEMO,DEMO,DEMO_MODE,e8f76161d12445a198911691eb672dce,F1 :    600    1 0.10 -14.44 0.54 50.00  60.0  48.0,0.00 0.00 0.00 89.38 0.54 50.00 0.10 -14.44 6 63 6 63 60.0% 48.0% 300.000 0.000 0.00 -4.90 0.00  2.00 0.00 599.00 0.0% | 1200.00   10.00 HI -50.00 -50.00
2026-09-27T09:06:10.424,DEMO,DEMO,DEMO_MODE,e8f76161d12445a198911691eb672dce,F1 :    600    1 0.10 -14.44 0.54 50.00  60.0  48.0,0.00 0.00 0.00 89.38 0.54 50.00 0.10 -14.44 6 63 6 63 60.0% 48.0% 300.000 0.000 0.00 -4.90 0.00  2.00 0.00 599.00 0.0% | 1200.00   10.00 HI -50.00 -50.00
2026-09-27T09:06:10.550,DEMO,DEMO,DEMO_MODE,e8f76161d12445a198911691eb672dce,F1 :    600    1 0.10 -14.44 0.54 50.00  60.0  48.0,0.00 0.00 0.00 89.38 0.54 50.00 0.10 -14.44 6 63 6 63 60.0% 48.0% 300.000 0.000 0.00 -4.90 0.00  2.00 0.00 599.00 0.0% | 1200.00   10.00 HI -50.00 -50.00
2026-09-27T09:06:10.671,DEMO,DEMO,DEMO_MODE,e8f76161d12445a198911691eb672dce,F1 :    600    1 0.10 -14.44 0.54 50.00  60.0  48.0,0.00 0.00 0.00 89.38 0.54 50.00 0.10 -14.44 6 63 6 63 60.0% 48.0% 300.000 0.000 0.00 -4.90 0.00  2.00 0.00 599.00 0.0% | 1200.00   10.00 HI -50.00 -50.00
2026-09-27T09:06:10.797,DEMO,DEMO,DEMO_MODE,e8f76161d12445a198911691eb672dce,F1 :    600    1 0.10 -14.44 0.54 50.00  60.0  48.0,0.00 0.00 0.00 89.38 0.54 50.00 0.10 -14.44 6 63 6 63 60.0% 48.0% 300.000 0.000 0.00 -4.90 0.00  2.00 0.00 599.00 0.0% | 1200.00   10.00 HI -50.00 -50.00
2026-09-27T09:06:10.917,DEMO,DEMO,DEMO_MODE,e8f76161d12445a198911691eb672dce,F1 :    600    1 0.10 -14.44 0.54 50.00  60.0  48.0,0.00 0.00 0.00 89.38 0.54 50.00 0.10 -14.44 6 63 6 63 60.0% 48.0% 300.000 0.000 0.00 -4.90 0.00  2.00 0.00 599.00 0.0% | 1200.00   10.00 HI -50.00 -50.00
2026-09-27T09:06:11.043,DEMO,DEMO,DEMO_MODE,e8f76161d12445a198911691eb672dce,F1 :    600    1 0.10 -14.44 0.54 50.00  60.0  48.0,0.00 0.00 0.00 89.38 0.54 50.00 0.10 -14.44 6 63 6 63 60.0% 48.0% 300.000 0.000 0.00 -4.90 0.00  2.00 0.00 599.00 0.0% | 1200.00   10.00 HI -50.00 -50.00
2026-09-27T09:06:11.164,DEMO,DEMO,DEMO_MODE,e8f76161d12445a198911691eb672dce,F1 :    600    1 0.10 -14.44 0.54 50.00  60.0  48.0,0.00 0.00 0.00 89.38 0.54 50.00 0.10 -14.44 6 63 6 63 60.0% 48.0% 300.000 0.000 0.00 -4.90 0.00  2.00 0.00 599.00 0.0% | 1200.00   10.00 HI -50.00 -50.00
2026-09-27T09:06:11.289,DEMO,DEMO,DEMO_MODE,e8f76161d12445a198911691eb672dce,F1 :    600    1 0.10 -14.44 0.54 50.00  60.0  48.0,0.00 0.00 0.00 89.38 0.54 50.00 0.10 -14.44 6 63 6 63 60.0% 48.0% 300.000 0.000 0.00 -4.90 0.00  2.00 0.00 599.00 0.0% | 1200.00   10.00 HI -50.00 -50.00
2026-09-27T09:06:11.410,DEMO,DEMO,DEMO_MODE,e8f76161d12445a198911691eb672dce,F1 :    600    1 0.10 -14.44 0.54 50.00  60.0  48.0,0.00 0.00 0.00 89.38 0.54 50.00 0.10 -14.44 6 63 6 63 60.0% 48.0% 300.000 0.000 0.00 -4.90 0.00  2.00 0.00 599.00 0.0% | 1200.00   10.00 HI -50.00 -50.00
2026-09-27T09:06:11.536,DEMO,DEMO,DEMO_MODE,e8f76161d12445a198911691eb672dce,F1 :    600    1 0.10 -14.44 0.54 50.00  60.0  48.0,0.00 0.00 0.00 89.38 0.54 50.00 0.10 -14.44 6 63 6 63 60.0% 48.0% 300.000 0.000 0.00 -4.90 0.00  2.00 0.00 599.00 0.0% | 1200.00   10.00 HI -50.00 -50.00
2026-09-27T09:06:11.657,DEMO,DEMO,DEMO_MODE,e8f76161d12445a198911691eb672dce,F1 :    600    1 0.10 -14.44 0.54 50.00  60.0  48.0,0.00 0.00 0.00 89.38 0.54 50.00 0.10 -14.44 6 63 6 63 60.0% 48.0% 300.000 0.000 0.00 -4.90 0.00  2.00 0.00 599.00 0.0% | 1200.00   10.00 HI -50.00 -50.00
2026-09-27T09:06:11.782,DEMO,DEMO,DEMO_MODE,e8f76161d12445a198911691eb672dce,F1 :    600    1 0.10 -14.44 0.54 50.00  60.0  48.0,0.00 0.00 0.00 89.38 0.54 50.00 0.10 -14.44 6 63 6 63 60.0% 48.0% 300.000 0.000 0.00 -4.90 0.00  2.00 0.00 599.00 0.0% | 1200.00   10.00 HI -50.00 -50.00
2026-09-27T09:06:11.903,DEMO,DEMO,DEMO_MODE,e8f76161d12445a198911691eb672dce,F1 :    600    1 0.10 -14.44 0.54 50.00  60.0  48.0,0.00 0.00 0.00 89.38 0.54 50.00 0.10 -14.44 6 63 6 63 60.0% 48.0% 300.000 0.000 0.00 -4.90 0.00  2.00 0.00 599.00 0.0% | 1200.00   10.00 HI -50.00 -50.00
2026-09-27T09:06:12.029,DEMO,DEMO,DEMO_MODE,e8f76161d12445a198911691eb672dce,F1 :    600    1 0.10 -14.44 0.54 50.00  60.0  48.0,0.00 0.00 0.00 89.38 0.54 50.00 0.10 -14.44 6 63 6 63 60.0% 48.0% 300.000 0.000 0.00 -4.90 0.00  2.00 0.00 599.00 0.0% | 1200.00   10.00 HI -50.00 -50.00
2026-09-27T09:06:12.149,DEMO,DEMO,DEMO_MODE,e8f76161d12445a198911691eb672dce,F1 :    600    1 0.10 -14.44 0.54 50.00  60.0  48.0,0.00 0.00 0.00 89.38 0.54 50.00 0.10 -14.44 6 63 6 63 60.0% 48.0% 300.000 0.000 0.00 -4.90 0.00  2.00 0.00 599.00 0.0% | 1200.00   10.00 HI -50.00 -50.00
2026-09-27T09:06:12.276,DEMO,DEMO,DEMO_MODE,e8f76161d12445a198911691eb672dce,F1 :    600    1 0.10 -14.44 0.54 50.00  60.0  48.0,0.00 0.00 0.00 89.38 0.54 50.00 0.10 -14.44 6 63 6 63 60.0% 48.0% 300.000 0.000 0.00 -4.90 0.00  2.00 0.00 599.00 0.0% | 1200.00   10.00 HI -50.00 -50.00
2026-09-27T09:06:12.396,DEMO,DEMO,DEMO_MODE,e8f76161d12445a198911691eb672dce,F1 :    600    1 0.10 -14.44 0.54 50.00  60.0  48.0,0.00 0.00 0.00 89.38 0.54 50.00 0.10 -14.44 6 63 6 63 60.0% 48.0% 300.000 0.000 0.00 -4.90 0.00  2.00 0.00 599.00 0.0% | 1200.00   10.00 HI -50.00 -50.00
2026-09-27T09:06:12.523,DEMO,DEMO,DEMO_MODE,e8f76161d12445a198911691eb672dce,F1 :    600    1 0.10 -14.44 0.54 50.00  60.0  48.0,0.00 0.00 0.00 89.38 0.54 50.00 0.10 -14.44 6 63 6 63 60.0% 48.0% 300.000 0.000 0.00 -4.90 0.00  2.00 0.00 599.00 0.0% | 1200.00   10.00 HI -50.00 -50.00
2026-09-27T09:06:12.645,DEMO,DEMO,DEMO_MODE,e8f76161d12445a198911691eb672dce,F1 :    600    1 0.10 -14.44 0.54 50.00  60.0  48.0,0.00 0.00 0.00 89.38 0.54 50.00 0.10 -14.44 6 63 6 63 60.0% 48.0% 300.000 0.000 0.00 -4.90 0.00  2.00 0.00 599.00 0.0% | 1200.00   10.00 HI -50.00 -50.00
2026-09-27T09:06:12.771,DEMO,DEMO,DEMO_MODE,e8f76161d12445a198911691eb672dce,F1 :    600    2 0.10 -14.44 0.54 50.00  60.0  48.0,0.00 0.00 0.00 89.38 0.54 50.00 0.10 -14.44 6 63 6 63 60.0% 48.0% 300.000 0.000 0.00 -4.90 0.00  1.99 0.00 598.00 0.0% | 1200.00   10.00 HI -50.00 -50.00
2026-09-27T09:06:12.892,DEMO,DEMO,DEMO_MODE,e8f76161d12445a198911691eb672dce,F1 :    600    2 0.10 -14.44 0.54 50.00  60.0  48.0,0.00 0.00 0.00 89.38 0.54 50.00 0.10 -14.44 6 63 6 63 60.0% 48.0% 300.000 0.000 0.00 -4.90 0.00  1.99 0.00 598.00 0.0% | 1200.00   10.00 HI -50.00 -50.00
2026-09-27T09:06:13.017,DEMO,DEMO,DEMO_MODE,e8f76161d12445a198911691eb672dce,F1 :    600    2 0.10 -14.44 0.54 50.00  60.0  48.0,0.00 0.00 0.00 89.38 0.54 50.00 0.10 -14.44 6 63 6 63 60.0% 48.0% 300.000 0.000 0.00 -4.90 0.00  1.99 0.00 598.00 0.0% | 1200.00   10.00 HI -50.00 -50.00
2026-09-27T09:06:13.138,DEMO,DEMO,DEMO_MODE,e8f76161d12445a198911691eb672dce,F1 :    600    2 0.10 -14.44 0.54 50.00  60.0  48.0,0.00 0.00 0.00 89.38 0.54 50.00 0.10 -14.44 6 63 6 63 60.0% 48.0% 300.000 0.000 0.00 -4.90 0.00  1.99 0.00 598.00 0.0% | 1200.00   10.00 HI -50.00 -50.00
2026-09-27T09:06:13.264,DEMO,DEMO,DEMO_MODE,e8f76161d12445a198911691eb672dce,F1 :    600    2 0.10 -14.44 0.54 50.00  60.0  48.0,0.00 0.00 0.00 89.38 0.54 50.00 0.10 -14.44 6 63 6 63 60.0% 48.0% 300.000 0.000 0.00 -4.90 0.00  1.99 0.00 598.00 0.0% | 1200.00   10.00 HI -50.00 -50.00
2026-09-27T09:06:13.385,DEMO,DEMO,DEMO_MODE,e8f76161d12445a198911691eb672dce,F1 :    600    2 0.10 -14.44 0.54 50.00  60.0  48.0,0.00 0.00 0.00 89.38 0.54 50.00 0.10 -14.44 6 63 6 63 60.0% 48.0% 300.000 0.000 0.00 -4.90 0.00  1.99 0.00 598.00 0.0% | 1200.00   10.00 HI -50.00 -50.00
2026-09-27T09:06:13.505,DEMO,DEMO,DEMO_MODE,e8f76161d12445a198911691eb672dce,F1 :    600    2 0.10 -14.44 0.54 50.00  60.0  48.0,0.00 0.00 0.00 89.38 0.54 50.00 0.10 -14.44 6 63 6 63 60.0% 48.0% 300.000 0.000 0.00 -4.90 0.00  1.99 0.00 598.00 0.0% | 1200.00   10.00 HI -50.00 -50.00
2026-09-27T09:06:13.626,DEMO,DEMO,DEMO_MODE,e8f76161d12445a198911691eb672dce,F1 :    600    2 0.10 -14.44 0.54 50.00  60.0  48.0,0.00 0.00 0.00 89.38 0.54 50.00 0.10 -14.44 6 63 6 63 60.0% 48.0% 300.000 0.000 0.00 -4.90 0.00  1.99 0.00 598.00 0.0% | 1200.00   10.00 HI -50.00 -50.00
2026-09-27T09:06:13.747,DEMO,DEMO,DEMO_MODE,e8f76161d12445a198911691eb672dce,F1 :    600    2 0.10 -14.44 0.54 50.00  60.0  48.0,0.00 0.00 0.00 89.38 0.54 50.00 0.10 -14.44 6 63 6 63 60.0% 48.0% 300.000 0.000 0.00 -4.90 0.00  1.99 0.00 598.00 0.0% | 1200.00   10.00 HI -50.00 -50.00
2026-09-27T09:06:13.867,DEMO,DEMO,DEMO_MODE,e8f76161d12445a198911691eb672dce,F1 :    600    2 0.10 -14.44 0.54 50.00  60.0  48.0,0.00 0.00 0.00 89.38 0.54 50.00 0.10 -14.44 6 63 6 63 60.0% 48.0% 300.000 0.000 0.00 -4.90 0.00  1.99 0.00 598.00 0.0% | 1200.00   10.00 HI -50.00 -50.00
2026-09-27T09:06:13.988,DEMO,DEMO,DEMO_MODE,e8f76161d12445a198911691eb672dce,F1 :    600    2 0.10 -14.44 0.54 50.00  60.0  48.0,0.00 0.00 0.00 89.38 0.54 50.00 0.10 -14.44 6 63 6 63 60.0% 48.0% 300.000 0.000 0.00 -4.90 0.00  1.99 0.00 598.00 0.0% | 1200.00   10.00 HI -50.00 -50.00
2026-09-27T09:06:14.108,DEMO,DEMO,DEMO_MODE,e8f76161d12445a198911691eb672dce,F1 :    600    2 0.10 -14.44 0.54 50.00  60.0  48.0,0.00 0.00 0.00 89.38 0.54 50.00 0.10 -14.44 6 63 6 63 60.0% 48.0% 300.000 0.000 0.00 -4.90 0.00  1.99 0.00 598.00 0.0% | 1200.00   10.00 HI -50.00 -50.00
2026-09-27T09:06:14.229,DEMO,DEMO,DEMO_MODE,e8f76161d12445a198911691eb672dce,F1 :    600    2 0.10 -14.44 0.54 50.00  60.0  48.0,0.00 0.00 0.00 89.38 0.54 50.00 0.10 -14.44 6 63 6 63 60.0% 48.0% 300.000 0.000 0.00 -4.90 0.00  1.99 0.00 598.00 0.0% | 1200.00   10.00 HI -50.00 -50.00
2026-09-27T09:06:14.350,DEMO,DEMO,DEMO_MODE,e8f76161d12445a198911691eb672dce,F1 :    600    2 0.10 -14.44 0.54 50.00  60.0  48.0,0.00 0.00 0.00 89.38 0.54 50.00 0.10 -14.44 6 63 6 63 60.0% 48.0% 300.000 0.000 0.00 -4.90 0.00  1.99 0.00 598.00 0.0% | 1200.00   10.00 HI -50.00 -50.00
2026-09-27T09:06:14.471,DEMO,DEMO,DEMO_MODE,e8f76161d12445a198911691eb672dce,F1 :    600    2 0.10 -14.44 0.54 50.00  60.0  48.0,0.00 0.00 0.00 89.38 0.54 50.00 0.10 -14.44 6 63 6 63 60.0% 48.0% 300.000 0.000 0.00 -4.90 0.00  1.99 0.00 598.00 0.0% | 1200.00   10.00 HI -50.00 -50.00
2026-09-27T09:06:14.591,DEMO,DEMO,DEMO_MODE,e8f76161d12445a198911691eb672dce,F1 :    600    2 0.10 -14.44 0.54 50.00  60.0  48.0,0.00 0.00 0.00 89.38 0.54 50.00 0.10 -14.44 6 63 6 63 60.0% 48.0% 300.000 0.000 0.00 -4.90 0.00  1.99 0.00 598.00 0.0% | 1200.00   10.00 HI -50.00 -50.00
2026-09-27T09:06:14.712,DEMO,DEMO,DEMO_MODE,e8f76161d12445a198911691eb672dce,F1 :    600    2 0.10 -14.44 0.54 50.00  60.0  48.0,0.00 0.00 0.00 89.38 0.54 50.00 0.10 -14.44 6 63 6 63 60.0% 48.0% 300.000 0.000 0.00 -4.90 0.00  1.99 0.00 598.00 0.0% | 1200.00   10.00 HI -50.00 -50.00
2026-09-27T09:06:14.832,DEMO,DEMO,DEMO_MODE,e8f76161d12445a198911691eb672dce,F1 :    600    2 0.10 -14.44 0.54 50.00  60.0  52.0,0.00 0.00 0.00 89.38 0.54 50.00 0.10 -14.44 6 63 6 63 60.0% 52.0% 300.000 0.000 0.00 -4.90 0.00  1.99 0.00 598.00 0.0% | 1200.00   10.00 HI -50.00 -50.00
2026-09-27T09:06:14.954,DEMO,DEMO,DEMO_MODE,e8f76161d12445a198911691eb672dce,F1 :    600    2 0.10 -14.44 0.54 50.00  60.0  52.0,0.00 0.00 0.00 89.38 0.54 50.00 0.10 -14.44 6 63 6 63 60.0% 52.0% 300.000 0.000 0.00 -4.90 0.00  1.99 0.00 598.00 0.0% | 1200.00   10.00 HI -50.00 -50.00
2026-09-27T09:06:15.074,DEMO,DEMO,DEMO_MODE,e8f76161d12445a198911691eb672dce,F1 :    600    2 0.10 -14.44 0.54 50.00  60.0  52.0,0.00 0.00 0.00 89.38 0.54 50.00 0.10 -14.44 6 63 6 63 60.0% 52.0% 300.000 0.000 0.00 -4.90 0.00  1.99 0.00 598.00 0.0% | 1200.00   10.00 HI -50.00 -50.00
2026-09-27T09:06:15.195,DEMO,DEMO,DEMO_MODE,e8f76161d12445a198911691eb672dce,F1 :    600    2 0.10 -14.44 0.54 50.00  60.0  52.0,0.00 0.00 0.00 89.38 0.54 50.00 0.10 -14.44 6 63 6 63 60.0% 52.0% 300.000 0.000 0.00 -4.90 0.00  1.99 0.00 598.00 0.0% | 1200.00   10.00 HI -50.00 -50.00
2026-09-27T09:06:15.315,DEMO,DEMO,DEMO_MODE,e8f76161d12445a198911691eb672dce,F1 :    600    2 0.10 -14.44 0.54 50.00  60.0  52.0,0.00 0.00 0.00 89.38 0.54 50.00 0.10 -14.44 6 63 6 63 60.0% 52.0% 300.000 0.000 0.00 -4.90 0.00  1.99 0.00 598.00 0.0% | 1200.00   10.00 HI -50.00 -50.00
2026-09-27T09:06:15.436,DEMO,DEMO,DEMO_MODE,e8f76161d12445a198911691eb672dce,F1 :    600    2 0.10 -14.44 0.54 50.00  60.0  52.0,0.00 0.00 0.00 89.38 0.54 50.00 0.10 -14.44 6 63 6 63 60.0% 52.0% 300.000 0.000 0.00 -4.90 0.00  1.99 0.00 598.00 0.0% | 1200.00   10.00 HI -50.00 -50.00
2026-09-27T09:06:15.563,DEMO,DEMO,DEMO_MODE,e8f76161d12445a198911691eb672dce,F1 :    600    2 0.10 -14.44 0.54 50.00  60.0  52.0,0.00 0.00 0.00 89.38 0.54 50.00 0.10 -14.44 6 63 6 63 60.0% 52.0% 300.000 0.000 0.00 -4.90 0.00  1.99 0.00 598.00 0.0% | 1200.00   10.00 HI -50.00 -50.00
2026-09-27T09:06:15.684,DEMO,DEMO,DEMO_MODE,e8f76161d12445a198911691eb672dce,F1 :    600    2 0.10 -14.44 0.54 50.00  60.0  52.0,0.00 0.00 0.00 89.38 0.54 50.00 0.10 -14.44 6 63 6 63 60.0% 52.0% 300.000 0.000 0.00 -4.90 0.00  1.99 0.00 598.00 0.0% | 1200.00   10.00 HI -50.00 -50.00
2026-09-27T09:06:15.805,DEMO,DEMO,DEMO_MODE,e8f76161d12445a198911691eb672dce,F1 :    600    2 0.10 -14.44 0.54 50.00  60.0  52.0,0.00 0.00 0.00 89.38 0.54 50.00 0.10 -14.44 6 63 6 63 60.0% 52.0% 300.000 0.000 0.00 -4.90 0.00  1.99 0.00 598.00 0.0% | 1200.00   10.00 HI -50.00 -50.00
2026-09-27T09:06:15.926,DEMO,DEMO,DEMO_MODE,e8f76161d12445a198911691eb672dce,F1 :    600    2 0.10 -14.44 0.54 50.00  60.0  52.0,0.00 0.00 0.00 89.38 0.54 50.00 0.10 -14.44 6 63 6 63 60.0% 52.0% 300.000 0.000 0.00 -4.90 0.00  1.99 0.00 598.00 0.0% | 1200.00   10.00 HI -50.00 -50.00
2026-09-27T09:06:16.051,DEMO,DEMO,DEMO_MODE,e8f76161d12445a198911691eb672dce,F1 :    600    2 0.10 -14.44 0.54 50.00  60.0  52.0,0.00 0.00 0.00 89.38 0.54 50.00 0.10 -14.44 6 63 6 63 60.0% 52.0% 300.000 0.000 0.00 -4.90 0.00  1.99 0.00 598.00 0.0% | 1200.00   10.00 HI -50.00 -50.00
2026-09-27T09:06:16.172,DEMO,DEMO,DEMO_MODE,e8f76161d12445a198911691eb672dce,F1 :    600    2 0.10 -14.44 0.54 50.00  60.0  52.0,0.00 0.00 0.00 89.38 0.54 50.00 0.10 -14.44 6 63 6 63 60.0% 52.0% 300.000 0.000 0.00 -4.90 0.00  1.99 0.00 598.00 0.0% | 1200.00   10.00 HI -50.00 -50.00
2026-09-27T09:06:16.298,DEMO,DEMO,DEMO_MODE,e8f76161d12445a198911691eb672dce,F1 :    600    2 0.10 -14.44 0.54 50.00  60.0  52.0,0.00 0.00 0.00 89.38 0.54 50.00 0.10 -14.44 6 63 6 63 60.0% 52.0% 300.000 0.000 0.00 -4.90 0.00  1.99 0.00 598.00 0.0% | 1200.00   10.00 HI -50.00 -50.00
2026-09-27T09:06:16.419,DEMO,DEMO,DEMO_MODE,e8f76161d12445a198911691eb672dce,F1 :    600    2 0.10 -14.44 0.54 50.00  60.0  52.0,0.00 0.00 0.00 89.38 0.54 50.00 0.10 -14.44 6 63 6 63 60.0% 52.0% 300.000 0.000 0.00 -4.90 0.00  1.99 0.00 598.00 0.0% | 1200.00   10.00 HI -50.00 -50.00
2026-09-27T09:06:16.545,DEMO,DEMO,DEMO_MODE,e8f76161d12445a198911691eb672dce,F1 :    600    2 0.10 -14.44 0.54 50.00  60.0  52.0,0.00 0.00 0.00 89.38 0.54 50.00 0.10 -14.44 6 63 6 63 60.0% 52.0% 300.000 0.000 0.00 -4.90 0.00  1.99 0.00 598.00 0.0% | 1200.00   10.00 HI -50.00 -50.00
2026-09-27T09:06:16.665,DEMO,DEMO,DEMO_MODE,e8f76161d12445a198911691eb672dce,F1 :    600    2 0.10 -14.44 0.54 50.00  60.0  52.0,0.00 0.00 0.00 89.38 0.54 50.00 0.10 -14.44 6 63 6 63 60.0% 52.0% 300.000 0.000 0.00 -4.90 0.00  1.99 0.00 598.00 0.0% | 1200.00   10.00 HI -50.00 -50.00
2026-09-27T09:06:16.791,DEMO,DEMO,DEMO_MODE,e8f76161d12445a198911691eb672dce,F1 :    600    2 0.10 -14.44 0.54 50.00  60.0  52.0,0.00 0.00 0.00 89.38 0.54 50.00 0.10 -14.44 6 63 6 63 60.0% 52.0% 300.000 0.000 0.00 -4.90 0.00  1.99 0.00 598.00 0.0% | 1200.00   10.00 HI -50.00 -50.00
2026-09-27T09:06:16.911,DEMO,DEMO,DEMO_MODE,e8f76161d12445a198911691eb672dce,F1 :    600    2 0.10 -14.44 0.54 50.00  60.0  52.0,0.00 0.00 0.00 89.38 0.54 50.00 0.10 -14.44 6 63 6 63 60.0% 52.0% 300.000 0.000 0.00 -4.90 0.00  1.99 0.00 598.00 0.0% | 1200.00   10.00 HI -50.00 -50.00
2026-09-27T09:06:17.037,DEMO,DEMO,DEMO_MODE,e8f76161d12445a198911691eb672dce,F1 :    600    2 0.10 -14.44 0.54 50.00  60.0  52.0,0.00 0.00 0.00 89.38 0.54 50.00 0.10 -14.44 6 63 6 63 60.0% 52.0% 300.000 0.000 0.00 -4.90 0.00  1.99 0.00 598.00 0.0% | 1200.00   10.00 HI -50.00 -50.00
2026-09-27T09:06:17.157,DEMO,DEMO,DEMO_MODE,e8f76161d12445a198911691eb672dce,F1 :    600    2 0.10 -14.44 0.54 50.00  60.0  52.0,0.00 0.00 0.00 89.38 0.54 50.00 0.10 -14.44 6 63 6 63 60.0% 52.0% 300.000 0.000 0.00 -4.90 0.00  1.99 0.00 598.00 0.0% | 1200.00   10.00 HI -50.00 -50.00
2026-09-27T09:06:17.284,DEMO,DEMO,DEMO_MODE,e8f76161d12445a198911691eb672dce,F1 :    600    2 0.10 -14.44 0.54 50.00  60.0  52.0,0.00 0.00 0.00 89.38 0.54 50.00 0.10 -14.44 6 63 6 63 60.0% 52.0% 300.000 0.000 0.00 -4.90 0.00  1.99 0.00 598.00 0.0% | 1200.00   10.00 HI -50.00 -50.00
2026-09-27T09:06:17.405,DEMO,DEMO,DEMO_MODE,e8f76161d12445a198911691eb672dce,F1 :    600    2 0.10 -14.44 0.54 50.00  60.0  52.0,0.00 0.00 0.00 89.38 0.54 50.00 0.10 -14.44 6 63 6 63 60.0% 52.0% 300.000 0.000 0.00 -4.90 0.00  1.99 0.00 598.00 0.0% | 1200.00   10.00 HI -50.00 -50.00
2026-09-27T09:06:17.530,DEMO,DEMO,DEMO_MODE,e8f76161d12445a198911691eb672dce,F1 :    600    2 0.10 -14.44 0.54 50.00  60.0  52.0,0.00 0.00 0.00 89.38 0.54 50.00 0.10 -14.44 6 63 6 63 60.0% 52.0% 300.000 0.000 0.00 -4.90 0.00  1.99 0.00 598.00 0.0% | 1200.00   10.00 HI -50.00 -50.00
2026-09-27T09:06:17.651,DEMO,DEMO,DEMO_MODE,e8f76161d12445a198911691eb672dce,F1 :    600    2 0.10 -14.44 0.54 50.00  60.0  52.0,0.00 0.00 0.00 89.38 0.54 50.00 0.10 -14.44 6 63 6 63 60.0% 52.0% 300.000 0.000 0.00 -4.90 0.00  1.99 0.00 598.00 0.0% | 1200.00   10.00 HI -50.00 -50.00
2026-09-27T09:06:17.777,DEMO,DEMO,DEMO_MODE,e8f76161d12445a198911691eb672dce,F1 :    600    2 0.10 -14.44 0.54 50.00  60.0  52.0,0.00 0.00 0.00 89.38 0.54 50.00 0.10 -14.44 6 63 6 63 60.0% 52.0% 300.000 0.000 0.00 -4.90 0.00  1.99 0.00 598.00 0.0% | 1200.00   10.00 HI -50.00 -50.00
2026-09-27T09:06:17.898,DEMO,DEMO,DEMO_MODE,e8f76161d12445a198911691eb672dce,F1 :    600    2 0.10 -14.44 0.54 50.00  60.0  52.0,0.00 0.00 0.00 89.38 0.54 50.00 0.10 -14.44 6 63 6 63 60.0% 52.0% 300.000 0.000 0.00 -4.90 0.00  1.99 0.00 598.00 0.0% | 1200.00   10.00 HI -50.00 -50.00
2026-09-27T09:06:18.025,DEMO,DEMO,DEMO_MODE,e8f76161d12445a198911691eb672dce,F1 :    600    2 0.10 -14.44 0.54 50.00  60.0  52.0,0.00 0.00 0.00 89.38 0.54 50.00 0.10 -14.44 6 63 6 63 60.0% 52.0% 300.000 0.000 0.00 -4.90 0.00  1.99 0.00 598.00 0.0% | 1200.00   10.00 HI -50.00 -50.00
2026-09-27T09:06:18.146,DEMO,DEMO,DEMO_MODE,e8f76161d12445a198911691eb672dce,F1 :    600    2 0.10 -14.44 0.54 50.00  60.0  52.0,0.00 0.00 0.00 89.38 0.54 50.00 0.10 -14.44 6 63 6 63 60.0% 52.0% 300.000 0.000 0.00 -4.90 0.00  1.99 0.00 598.00 0.0% | 1200.00   10.00 HI -50.00 -50.00
2026-09-27T09:06:18.272,DEMO,DEMO,DEMO_MODE,e8f76161d12445a198911691eb672dce,F1 :    600    2 0.10 -14.44 0.54 50.00  60.0  52.0,0.00 0.00 0.00 89.38 0.54 50.00 0.10 -14.44 6 63 6 63 60.0% 52.0% 300.000 0.000 0.00 -4.90 0.00  1.99 0.00 598.00 0.0% | 1200.00   10.00 HI -50.00 -50.00
2026-09-27T09:06:18.392,DEMO,DEMO,DEMO_MODE,e8f76161d12445a198911691eb672dce,F1 :    600    2 0.10 -14.44 0.54 50.00  60.0  52.0,0.00 0.00 0.00 89.38 0.54 50.00 0.10 -14.44 6 63 6 63 60.0% 52.0% 300.000 0.000 0.00 -4.90 0.00  1.99 0.00 598.00 0.0% | 1200.00   10.00 HI -50.00 -50.00
2026-09-27T09:06:18.520,DEMO,DEMO,DEMO_MODE,e8f76161d12445a198911691eb672dce,F1 :    600    2 0.10 -14.44 0.54 50.00  60.0  52.0,0.00 0.00 0.00 89.38 0.54 50.00 0.10 -14.44 6 63 6 63 60.0% 52.0% 300.000 0.000 0.00 -4.90 0.00  1.99 0.00 598.00 0.0% | 1200.00   10.00 HI -50.00 -50.00
2026-09-27T09:06:18.640,DEMO,DEMO,DEMO_MODE,e8f76161d12445a198911691eb672dce,F1 :    600    2 0.10 -14.44 0.54 50.00  60.0  52.0,0.00 0.00 0.00 89.38 0.54 50.00 0.10 -14.44 6 63 6 63 60.0% 52.0% 300.000 0.000 0.00 -4.90 0.00  1.99 0.00 598.00 0.0% | 1200.00   10.00 HI -50.00 -50.00
2026-09-27T09:06:18.767,DEMO,DEMO,DEMO_MODE,e8f76161d12445a198911691eb672dce,F1 :    600    2 0.10 -14.44 0.54 50.00  60.0  52.0,0.00 0.00 0.00 89.38 0.54 50.00 0.10 -14.44 6 63 6 63 60.0% 52.0% 300.000 0.000 0.00 -4.90 0.00  1.99 0.00 598.00 0.0% | 1200.00   10.00 HI -50.00 -50.00
2026-09-27T09:06:18.889,DEMO,DEMO,DEMO_MODE,e8f76161d12445a198911691eb672dce,F1 :    600    2 0.10 -14.44 0.54 50.00  60.0  52.0,0.00 0.00 0.00 89.38 0.54 50.00 0.10 -14.44 6 63 6 63 60.0% 52.0% 300.000 0.000 0.00 -4.90 0.00  1.99 0.00 598.00 0.0% | 1200.00   10.00 HI -50.00 -50.00
2026-09-27T09:06:19.016,DEMO,DEMO,DEMO_MODE,e8f76161d12445a198911691eb672dce,F1 :    600    2 0.10 -14.44 0.54 50.00  60.0  52.0,0.00 0.00 0.00 89.38 0.54 50.00 0.10 -14.44 6 63 6 63 60.0% 52.0% 300.000 0.000 0.00 -4.90 0.00  1.99 0.00 598.00 0.0% | 1200.00   10.00 HI -50.00 -50.00
2026-09-27T09:06:19.136,DEMO,DEMO,DEMO_MODE,e8f76161d12445a198911691eb672dce,F1 :    600    2 0.10 -14.44 0.54 50.00  60.0  52.0,0.00 0.00 0.00 89.38 0.54 50.00 0.10 -14.44 6 63 6 63 60.0% 52.0% 300.000 0.000 0.00 -4.90 0.00  1.99 0.00 598.00 0.0% | 1200.00   10.00 HI -50.00 -50.00
2026-09-27T09:06:19.262,DEMO,DEMO,DEMO_MODE,e8f76161d12445a198911691eb672dce,F1 :    600    2 0.10 -14.44 0.54 50.00  60.0  52.0,0.00 0.00 0.00 89.38 0.54 50.00 0.10 -14.44 6 63 6 63 60.0% 52.0% 300.000 0.000 0.00 -4.90 0.00  1.99 0.00 598.00 0.0% | 1200.00   10.00 HI -50.00 -50.00
2026-09-27T09:06:19.383,DEMO,DEMO,DEMO_MODE,e8f76161d12445a198911691eb672dce,F1 :    600    2 0.10 -14.44 0.54 50.00  60.0  52.0,0.00 0.00 0.00 89.38 0.54 50.00 0.10 -14.44 6 63 6 63 60.0% 52.0% 300.000 0.000 0.00 -4.90 0.00  1.99 0.00 598.00 0.0% | 1200.00   10.00 HI -50.00 -50.00
2026-09-27T09:06:19.504,DEMO,DEMO,DEMO_MODE,e8f76161d12445a198911691eb672dce,F1 :    600    2 0.10 -14.44 0.54 50.00  60.0  52.0,0.00 0.00 0.00 89.38 0.54 50.00 0.10 -14.44 6 63 6 63 60.0% 52.0% 300.000 0.000 0.00 -4.90 0.00  1.99 0.00 598.00 0.0% | 1200.00   10.00 HI -50.00 -50.00
2026-09-27T09:06:19.624,DEMO,DEMO,DEMO_MODE,e8f76161d12445a198911691eb672dce,F1 :    600    2 0.10 -14.44 0.54 50.00  60.0  52.0,0.00 0.00 0.00 89.38 0.54 50.00 0.10 -14.44 6 63 6 63 60.0% 52.0% 300.000 0.000 0.00 -4.90 0.00  1.99 0.00 598.00 0.0% | 1200.00   10.00 HI -50.00 -50.00
2026-09-27T09:06:19.744,DEMO,DEMO,DEMO_MODE,e8f76161d12445a198911691eb672dce,F1 :    600    2 0.10 -14.44 0.54 50.00  60.0  52.0,0.00 0.00 0.00 89.38 0.54 50.00 0.10 -14.44 6 63 6 63 60.0% 52.0% 300.000 0.000 0.00 -4.90 0.00  1.99 0.00 598.00 0.0% | 1200.00   10.00 HI -50.00 -50.00
2026-09-27T09:06:19.865,DEMO,DEMO,DEMO_MODE,e8f76161d12445a198911691eb672dce,F1 :    600    2 0.10 -14.44 0.54 50.00  60.0  52.0,0.00 0.00 0.00 89.38 0.54 50.00 0.10 -14.44 6 63 6 63 60.0% 52.0% 300.000 0.000 0.00 -4.90 0.00  1.99 0.00 598.00 0.0% | 1200.00   10.00 HI -50.00 -50.00
2026-09-27T09:06:19.986,DEMO,DEMO,DEMO_MODE,e8f76161d12445a198911691eb672dce,F1 :    700    2 0.10 -14.44 0.54 50.00  70.0  56.0,0.00 0.00 0.00 89.38 0.54 50.00 0.10 -14.44 6 63 6 63 70.0% 56.0% 350.000 0.000 0.00 -4.90 0.00  1.99 0.00 698.00 0.0% | 1200.00   20.00 HI -50.00 -50.00
2026-09-27T09:06:20.107,DEMO,DEMO,DEMO_MODE,e8f76161d12445a198911691eb672dce,F1 :    700    2 0.10 -14.44 0.54 50.00  70.0  56.0,0.00 0.00 0.00 89.38 0.54 50.00 0.10 -14.44 6 63 6 63 70.0% 56.0% 350.000 0.000 0.00 -4.90 0.00  1.99 0.00 698.00 0.0% | 1200.00   20.00 HI -50.00 -50.00
2026-09-27T09:06:20.228,DEMO,DEMO,DEMO_MODE,e8f76161d12445a198911691eb672dce,F1 :    700    2 0.10 -14.44 0.54 50.00  70.0  56.0,0.00 0.00 0.00 89.38 0.54 50.00 0.10 -14.44 6 63 6 63 70.0% 56.0% 350.000 0.000 0.00 -4.90 0.00  1.99 0.00 698.00 0.0% | 1200.00   20.00 HI -50.00 -50.00
2026-09-27T09:06:20.348,DEMO,DEMO,DEMO_MODE,e8f76161d12445a198911691eb672dce,F1 :    700    2 0.10 -14.44 0.54 50.00  70.0  56.0,0.00 0.00 0.00 89.38 0.54 50.00 0.10 -14.44 6 63 6 63 70.0% 56.0% 350.000 0.000 0.00 -4.90 0.00  1.99 0.00 698.00 0.0% | 1200.00   20.00 HI -50.00 -50.00
2026-09-27T09:06:20.469,DEMO,DEMO,DEMO_MODE,e8f76161d12445a198911691eb672dce,F1 :    700    2 0.10 -14.44 0.54 50.00  70.0  56.0,0.00 0.00 0.00 89.38 0.54 50.00 0.10 -14.44 6 63 6 63 70.0% 56.0% 350.000 0.000 0.00 -4.90 0.00  1.99 0.00 698.00 0.0% | 1200.00   20.00 HI -50.00 -50.00
2026-09-27T09:06:20.589,DEMO,DEMO,DEMO_MODE,e8f76161d12445a198911691eb672dce,F1 :    700    2 0.10 -14.44 0.54 50.00  70.0  56.0,0.00 0.00 0.00 89.38 0.54 50.00 0.10 -14.44 6 63 6 63 70.0% 56.0% 350.000 0.000 0.00 -4.90 0.00  1.99 0.00 698.00 0.0% | 1200.00   20.00 HI -50.00 -50.00
2026-09-27T09:06:20.710,DEMO,DEMO,DEMO_MODE,e8f76161d12445a198911691eb672dce,F1 :    700    2 0.10 -14.44 0.54 50.00  70.0  56.0,0.00 0.00 0.00 89.38 0.54 50.00 0.10 -14.44 6 63 6 63 70.0% 56.0% 350.000 0.000 0.00 -4.90 0.00  1.99 0.00 698.00 0.0% | 1200.00   20.00 HI -50.00 -50.00
2026-09-27T09:06:20.831,DEMO,DEMO,DEMO_MODE,e8f76161d12445a198911691eb672dce,F1 :    700    2 0.10 -14.44 0.54 50.00  70.0  56.0,0.00 0.00 0.00 89.38 0.54 50.00 0.10 -14.44 6 63 6 63 70.0% 56.0% 350.000 0.000 0.00 -4.90 0.00  1.99 0.00 698.00 0.0% | 1200.00   20.00 HI -50.00 -50.00
2026-09-27T09:06:20.952,DEMO,DEMO,DEMO_MODE,e8f76161d12445a198911691eb672dce,F1 :    700    2 0.10 -14.44 0.54 50.00  70.0  56.0,0.00 0.00 0.00 89.38 0.54 50.00 0.10 -14.44 6 63 6 63 70.0% 56.0% 350.000 0.000 0.00 -4.90 0.00  1.99 0.00 698.00 0.0% | 1200.00   20.00 HI -50.00 -50.00
2026-09-27T09:06:21.074,DEMO,DEMO,DEMO_MODE,e8f76161d12445a198911691eb672dce,F1 :    700    2 0.10 -14.44 0.54 50.00  70.0  56.0,0.00 0.00 0.00 89.38 0.54 50.00 0.10 -14.44 6 63 6 63 70.0% 56.0% 350.000 0.000 0.00 -4.90 0.00  1.99 0.00 698.00 0.0% | 1200.00   20.00 HI -50.00 -50.00
2026-09-27T09:06:21.194,DEMO,DEMO,DEMO_MODE,e8f76161d12445a198911691eb672dce,F1 :    700    2 0.10 -14.44 0.54 50.00  70.0  56.0,0.00 0.00 0.00 89.38 0.54 50.00 0.10 -14.44 6 63 6 63 70.0% 56.0% 350.000 0.000 0.00 -4.90 0.00  1.99 0.00 698.00 0.0% | 1200.00   20.00 HI -50.00 -50.00
2026-09-27T09:06:21.315,DEMO,DEMO,DEMO_MODE,e8f76161d12445a198911691eb672dce,F1 :    700    2 0.10 -14.44 0.54 50.00  70.0  56.0,0.00 0.00 0.00 89.38 0.54 50.00 0.10 -14.44 6 63 6 63 70.0% 56.0% 350.000 0.000 0.00 -4.90 0.00  1.99 0.00 698.00 0.0% | 1200.00   20.00 HI -50.00 -50.00
2026-09-27T09:06:21.435,DEMO,DEMO,DEMO_MODE,e8f76161d12445a198911691eb672dce,F1 :    700    2 0.10 -14.44 0.54 50.00  70.0  56.0,0.00 0.00 0.00 89.38 0.54 50.00 0.10 -14.44 6 63 6 63 70.0% 56.0% 350.000 0.000 0.00 -4.90 0.00  1.99 0.00 698.00 0.0% | 1200.00   20.00 HI -50.00 -50.00
2026-09-27T09:06:21.561,DEMO,DEMO,DEMO_MODE,e8f76161d12445a198911691eb672dce,F1 :    700    2 0.10 -14.44 0.54 50.00  70.0  56.0,0.00 0.00 0.00 89.38 0.54 50.00 0.10 -14.44 6 63 6 63 70.0% 56.0% 350.000 0.000 0.00 -4.90 0.00  1.99 0.00 698.00 0.0% | 1200.00   20.00 HI -50.00 -50.00
2026-09-27T09:06:21.682,DEMO,DEMO,DEMO_MODE,e8f76161d12445a198911691eb672dce,F1 :    700    2 0.10 -14.44 0.54 50.00  70.0  56.0,0.00 0.00 0.00 89.38 0.54 50.00 0.10 -14.44 6 63 6 63 70.0% 56.0% 350.000 0.000 0.00 -4.90 0.00  1.99 0.00 698.00 0.0% | 1200.00   20.00 HI -50.00 -50.00
2026-09-27T09:06:21.806,DEMO,DEMO,DEMO_MODE,e8f76161d12445a198911691eb672dce,F1 :    700    2 0.10 -14.44 0.54 50.00  70.0  56.0,0.00 0.00 0.00 89.38 0.54 50.00 0.10 -14.44 6 63 6 63 70.0% 56.0% 350.000 0.000 0.00 -4.90 0.00  1.99 0.00 698.00 0.0% | 1200.00   20.00 HI -50.00 -50.00
2026-09-27T09:06:21.927,DEMO,DEMO,DEMO_MODE,e8f76161d12445a198911691eb672dce,F1 :    700    3 0.10 -14.44 0.54 50.00  70.0  56.0,0.00 0.00 0.00 89.38 0.54 50.00 0.10 -14.44 6 63 6 63 70.0% 56.0% 350.000 0.000 0.00 -4.90 0.00  1.99 0.00 697.00 0.0% | 1200.00   20.00 HI -50.00 -50.00
2026-09-27T09:06:22.053,DEMO,DEMO,DEMO_MODE,e8f76161d12445a198911691eb672dce,F1 :    700    3 0.10 -14.44 0.54 50.00  70.0  56.0,0.00 0.00 0.00 89.38 0.54 50.00 0.10 -14.44 6 63 6 63 70.0% 56.0% 350.000 0.000 0.00 -4.90 0.00  1.99 0.00 697.00 0.0% | 1200.00   20.00 HI -50.00 -50.00
2026-09-27T09:06:22.173,DEMO,DEMO,DEMO_MODE,e8f76161d12445a198911691eb672dce,F1 :    700    3 0.10 -14.44 0.54 50.00  70.0  56.0,0.00 0.00 0.00 89.38 0.54 50.00 0.10 -14.44 6 63 6 63 70.0% 56.0% 350.000 0.000 0.00 -4.90 0.00  1.99 0.00 697.00 0.0% | 1200.00   20.00 HI -50.00 -50.00
2026-09-27T09:06:22.300,DEMO,DEMO,DEMO_MODE,e8f76161d12445a198911691eb672dce,F1 :    700    3 0.10 -14.44 0.54 50.00  70.0  56.0,0.00 0.00 0.00 89.38 0.54 50.00 0.10 -14.44 6 63 6 63 70.0% 56.0% 350.000 0.000 0.00 -4.90 0.00  1.99 0.00 697.00 0.0% | 1200.00   20.00 HI -50.00 -50.00
2026-09-27T09:06:22.420,DEMO,DEMO,DEMO_MODE,e8f76161d12445a198911691eb672dce,F1 :    700    3 0.10 -14.44 0.54 50.00  70.0  56.0,0.00 0.00 0.00 89.38 0.54 50.00 0.10 -14.44 6 63 6 63 70.0% 56.0% 350.000 0.000 0.00 -4.90 0.00  1.99 0.00 697.00 0.0% | 1200.00   20.00 HI -50.00 -50.00
2026-09-27T09:06:22.547,DEMO,DEMO,DEMO_MODE,e8f76161d12445a198911691eb672dce,F1 :    700    3 0.10 -14.44 0.54 50.00  70.0  56.0,0.00 0.00 0.00 89.38 0.54 50.00 0.10 -14.44 6 63 6 63 70.0% 56.0% 350.000 0.000 0.00 -4.90 0.00  1.99 0.00 697.00 0.0% | 1200.00   20.00 HI -50.00 -50.00
2026-09-27T09:06:22.667,DEMO,DEMO,DEMO_MODE,e8f76161d12445a198911691eb672dce,F1 :    700    3 0.10 -14.44 0.54 50.00  70.0  56.0,0.00 0.00 0.00 89.38 0.54 50.00 0.10 -14.44 6 63 6 63 70.0% 56.0% 350.000 0.000 0.00 -4.90 0.00  1.99 0.00 697.00 0.0% | 1200.00   20.00 HI -50.00 -50.00
2026-09-27T09:06:22.794,DEMO,DEMO,DEMO_MODE,e8f76161d12445a198911691eb672dce,F1 :    700    3 0.10 -14.44 0.54 50.00  70.0  56.0,0.00 0.00 0.00 89.38 0.54 50.00 0.10 -14.44 6 63 6 63 70.0% 56.0% 350.000 0.000 0.00 -4.90 0.00  1.99 0.00 697.00 0.0% | 1200.00   20.00 HI -50.00 -50.00
2026-09-27T09:06:22.919,DEMO,DEMO,DEMO_MODE,e8f76161d12445a198911691eb672dce,F1 :    700    3 0.10 -14.44 0.54 50.00  70.0  56.0,0.00 0.00 0.00 89.38 0.54 50.00 0.10 -14.44 6 63 6 63 70.0% 56.0% 350.000 0.000 0.00 -4.90 0.00  1.99 0.00 697.00 0.0% | 1200.00   20.00 HI -50.00 -50.00
2026-09-27T09:06:23.045,DEMO,DEMO,DEMO_MODE,e8f76161d12445a198911691eb672dce,F1 :    700    3 0.10 -14.44 0.54 50.00  70.0  56.0,0.00 0.00 0.00 89.38 0.54 50.00 0.10 -14.44 6 63 6 63 70.0% 56.0% 350.000 0.000 0.00 -4.90 0.00  1.99 0.00 697.00 0.0% | 1200.00   20.00 HI -50.00 -50.00
2026-09-27T09:06:23.166,DEMO,DEMO,DEMO_MODE,e8f76161d12445a198911691eb672dce,F1 :    700    3 0.10 -14.44 0.54 50.00  70.0  56.0,0.00 0.00 0.00 89.38 0.54 50.00 0.10 -14.44 6 63 6 63 70.0% 56.0% 350.000 0.000 0.00 -4.90 0.00  1.99 0.00 697.00 0.0% | 1200.00   20.00 HI -50.00 -50.00
2026-09-27T09:06:23.292,DEMO,DEMO,DEMO_MODE,e8f76161d12445a198911691eb672dce,F1 :    700    3 0.10 -14.44 0.54 50.00  70.0  56.0,0.00 0.00 0.00 89.38 0.54 50.00 0.10 -14.44 6 63 6 63 70.0% 56.0% 350.000 0.000 0.00 -4.90 0.00  1.99 0.00 697.00 0.0% | 1200.00   20.00 HI -50.00 -50.00
2026-09-27T09:06:23.412,DEMO,DEMO,DEMO_MODE,e8f76161d12445a198911691eb672dce,F1 :    700    3 0.10 -14.44 0.54 50.00  70.0  56.0,0.00 0.00 0.00 89.38 0.54 50.00 0.10 -14.44 6 63 6 63 70.0% 56.0% 350.000 0.000 0.00 -4.90 0.00  1.99 0.00 697.00 0.0% | 1200.00   20.00 HI -50.00 -50.00
2026-09-27T09:06:23.538,DEMO,DEMO,DEMO_MODE,e8f76161d12445a198911691eb672dce,F1 :    700    3 0.10 -14.44 0.54 50.00  70.0  56.0,0.00 0.00 0.00 89.38 0.54 50.00 0.10 -14.44 6 63 6 63 70.0% 56.0% 350.000 0.000 0.00 -4.90 0.00  1.99 0.00 697.00 0.0% | 1200.00   20.00 HI -50.00 -50.00
2026-09-27T09:06:23.658,DEMO,DEMO,DEMO_MODE,e8f76161d12445a198911691eb672dce,F1 :    700    3 0.10 -14.44 0.54 50.00  70.0  56.0,0.00 0.00 0.00 89.38 0.54 50.00 0.10 -14.44 6 63 6 63 70.0% 56.0% 350.000 0.000 0.00 -4.90 0.00  1.99 0.00 697.00 0.0% | 1200.00   20.00 HI -50.00 -50.00
2026-09-27T09:06:23.785,DEMO,DEMO,DEMO_MODE,e8f76161d12445a198911691eb672dce,F1 :    700    3 0.10 -14.44 0.54 50.00  70.0  56.0,0.00 0.00 0.00 89.38 0.54 50.00 0.10 -14.44 6 63 6 63 70.0% 56.0% 350.000 0.000 0.00 -4.90 0.00  1.99 0.00 697.00 0.0% | 1200.00   20.00 HI -50.00 -50.00
2026-09-27T09:06:23.906,DEMO,DEMO,DEMO_MODE,e8f76161d12445a198911691eb672dce,F1 :    700    3 0.10 -14.44 0.54 50.00  70.0  56.0,0.00 0.00 0.00 89.38 0.54 50.00 0.10 -14.44 6 63 6 63 70.0% 56.0% 350.000 0.000 0.00 -4.90 0.00  1.99 0.00 697.00 0.0% | 1200.00   20.00 HI -50.00 -50.00
2026-09-27T09:06:24.032,DEMO,DEMO,DEMO_MODE,e8f76161d12445a198911691eb672dce,F1 :    700    3 0.10 -14.44 0.54 50.00  70.0  56.0,0.00 0.00 0.00 89.38 0.54 50.00 0.10 -14.44 6 63 6 63 70.0% 56.0% 350.000 0.000 0.00 -4.90 0.00  1.99 0.00 697.00 0.0% | 1200.00   20.00 HI -50.00 -50.00
2026-09-27T09:06:24.153,DEMO,DEMO,DEMO_MODE,e8f76161d12445a198911691eb672dce,F1 :    700    3 0.10 -14.44 0.54 50.00  70.0  56.0,0.00 0.00 0.00 89.38 0.54 50.00 0.10 -14.44 6 63 6 63 70.0% 56.0% 350.000 0.000 0.00 -4.90 0.00  1.99 0.00 697.00 0.0% | 1200.00   20.00 HI -50.00 -50.00
2026-09-27T09:06:24.279,DEMO,DEMO,DEMO_MODE,e8f76161d12445a198911691eb672dce,F1 :    700    3 0.10 -14.44 0.54 50.00  70.0  56.0,0.00 0.00 0.00 89.38 0.54 50.00 0.10 -14.44 6 63 6 63 70.0% 56.0% 350.000 0.000 0.00 -4.90 0.00  1.99 0.00 697.00 0.0% | 1200.00   20.00 HI -50.00 -50.00
2026-09-27T09:06:24.400,DEMO,DEMO,DEMO_MODE,e8f76161d12445a198911691eb672dce,F1 :    700    3 0.10 -14.44 0.54 50.00  70.0  56.0,0.00 0.00 0.00 89.38 0.54 50.00 0.10 -14.44 6 63 6 63 70.0% 56.0% 350.000 0.000 0.00 -4.90 0.00  1.99 0.00 697.00 0.0% | 1200.00   20.00 HI -50.00 -50.00
2026-09-27T09:06:24.526,DEMO,DEMO,DEMO_MODE,e8f76161d12445a198911691eb672dce,F1 :    700    3 0.10 -14.44 0.54 50.00  70.0  56.0,0.00 0.00 0.00 89.38 0.54 50.00 0.10 -14.44 6 63 6 63 70.0% 56.0% 350.000 0.000 0.00 -4.90 0.00  1.99 0.00 697.00 0.0% | 1200.00   20.00 HI -50.00 -50.00
2026-09-27T09:06:24.647,DEMO,DEMO,DEMO_MODE,e8f76161d12445a198911691eb672dce,F1 :    700    3 0.10 -14.44 0.54 50.00  70.0  56.0,0.00 0.00 0.00 89.38 0.54 50.00 0.10 -14.44 6 63 6 63 70.0% 56.0% 350.000 0.000 0.00 -4.90 0.00  1.99 0.00 697.00 0.0% | 1200.00   20.00 HI -50.00 -50.00
2026-09-27T09:06:24.772,DEMO,DEMO,DEMO_MODE,e8f76161d12445a198911691eb672dce,F1 :    700    3 0.10 -14.44 0.54 50.00  70.0  56.0,0.00 0.00 0.00 89.38 0.54 50.00 0.10 -14.44 6 63 6 63 70.0% 56.0% 350.000 0.000 0.00 -4.90 0.00  1.99 0.00 697.00 0.0% | 1200.00   20.00 HI -50.00 -50.00
2026-09-27T09:06:24.892,DEMO,DEMO,DEMO_MODE,e8f76161d12445a198911691eb672dce,F1 :    700    3 0.10 -14.44 0.54 50.00  70.0  56.0,0.00 0.00 0.00 89.38 0.54 50.00 0.10 -14.44 6 63 6 63 70.0% 56.0% 350.000 0.000 0.00 -4.90 0.00  1.99 0.00 697.00 0.0% | 1200.00   20.00 HI -50.00 -50.00
2026-09-27T09:06:25.018,DEMO,DEMO,DEMO_MODE,e8f76161d12445a198911691eb672dce,F1 :    700    3 0.10 -14.44 0.54 50.00  70.0  60.0,0.00 0.00 0.00 89.38 0.54 50.00 0.10 -14.44 6 63 6 63 70.0% 60.0% 350.000 0.000 0.00 -4.90 0.00  1.99 0.00 697.00 0.0% | 1200.00   20.00 HI -50.00 -50.00
2026-09-27T09:06:25.138,DEMO,DEMO,DEMO_MODE,e8f76161d12445a198911691eb672dce,F1 :    700    3 0.10 -14.44 0.54 50.00  70.0  60.0,0.00 0.00 0.00 89.38 0.54 50.00 0.10 -14.44 6 63 6 63 70.0% 60.0% 350.000 0.000 0.00 -4.90 0.00  1.99 0.00 697.00 0.0% | 1200.00   20.00 HI -50.00 -50.00
2026-09-27T09:06:25.265,DEMO,DEMO,DEMO_MODE,e8f76161d12445a198911691eb672dce,F1 :    700    3 0.10 -14.44 0.54 50.00  70.0  60.0,0.00 0.00 0.00 89.38 0.54 50.00 0.10 -14.44 6 63 6 63 70.0% 60.0% 350.000 0.000 0.00 -4.90 0.00  1.99 0.00 697.00 0.0% | 1200.00   20.00 HI -50.00 -50.00
2026-09-27T09:06:25.385,DEMO,DEMO,DEMO_MODE,e8f76161d12445a198911691eb672dce,F1 :    700    3 0.10 -14.44 0.54 50.00  70.0  60.0,0.00 0.00 0.00 89.38 0.54 50.00 0.10 -14.44 6 63 6 63 70.0% 60.0% 350.000 0.000 0.00 -4.90 0.00  1.99 0.00 697.00 0.0% | 1200.00   20.00 HI -50.00 -50.00
2026-09-27T09:06:25.506,DEMO,DEMO,DEMO_MODE,e8f76161d12445a198911691eb672dce,F1 :    700    3 0.10 -14.44 0.54 50.00  70.0  60.0,0.00 0.00 0.00 89.38 0.54 50.00 0.10 -14.44 6 63 6 63 70.0% 60.0% 350.000 0.000 0.00 -4.90 0.00  1.99 0.00 697.00 0.0% | 1200.00   20.00 HI -50.00 -50.00
2026-09-27T09:06:25.627,DEMO,DEMO,DEMO_MODE,e8f76161d12445a198911691eb672dce,F1 :    700    3 0.10 -14.44 0.54 50.00  70.0  60.0,0.00 0.00 0.00 89.38 0.54 50.00 0.10 -14.44 6 63 6 63 70.0% 60.0% 350.000 0.000 0.00 -4.90 0.00  1.99 0.00 697.00 0.0% | 1200.00   20.00 HI -50.00 -50.00
2026-09-27T09:06:25.748,DEMO,DEMO,DEMO_MODE,e8f76161d12445a198911691eb672dce,F1 :    700    3 0.10 -14.44 0.54 50.00  70.0  60.0,0.00 0.00 0.00 89.38 0.54 50.00 0.10 -14.44 6 63 6 63 70.0% 60.0% 350.000 0.000 0.00 -4.90 0.00  1.99 0.00 697.00 0.0% | 1200.00   20.00 HI -50.00 -50.00
2026-09-27T09:06:25.868,DEMO,DEMO,DEMO_MODE,e8f76161d12445a198911691eb672dce,F1 :    700    3 0.10 -14.44 0.54 50.00  70.0  60.0,0.00 0.00 0.00 89.38 0.54 50.00 0.10 -14.44 6 63 6 63 70.0% 60.0% 350.000 0.000 0.00 -4.90 0.00  1.99 0.00 697.00 0.0% | 1200.00   20.00 HI -50.00 -50.00
2026-09-27T09:06:25.989,DEMO,DEMO,DEMO_MODE,e8f76161d12445a198911691eb672dce,F1 :    700    3 0.10 -14.44 0.54 50.00  70.0  60.0,0.00 0.00 0.00 89.38 0.54 50.00 0.10 -14.44 6 63 6 63 70.0% 60.0% 350.000 0.000 0.00 -4.90 0.00  1.99 0.00 697.00 0.0% | 1200.00   20.00 HI -50.00 -50.00
2026-09-27T09:06:26.110,DEMO,DEMO,DEMO_MODE,e8f76161d12445a198911691eb672dce,F1 :    700    3 0.10 -14.44 0.54 50.00  70.0  60.0,0.00 0.00 0.00 89.38 0.54 50.00 0.10 -14.44 6 63 6 63 70.0% 60.0% 350.000 0.000 0.00 -4.90 0.00  1.99 0.00 697.00 0.0% | 1200.00   20.00 HI -50.00 -50.00
2026-09-27T09:06:26.231,DEMO,DEMO,DEMO_MODE,e8f76161d12445a198911691eb672dce,F1 :    700    3 0.10 -14.44 0.54 50.00  70.0  60.0,0.00 0.00 0.00 89.38 0.54 50.00 0.10 -14.44 6 63 6 63 70.0% 60.0% 350.000 0.000 0.00 -4.90 0.00  1.99 0.00 697.00 0.0% | 1200.00   20.00 HI -50.00 -50.00
2026-09-27T09:06:26.351,DEMO,DEMO,DEMO_MODE,e8f76161d12445a198911691eb672dce,F1 :    700    3 0.10 -14.44 0.54 50.00  70.0  60.0,0.00 0.00 0.00 89.38 0.54 50.00 0.10 -14.44 6 63 6 63 70.0% 60.0% 350.000 0.000 0.00 -4.90 0.00  1.99 0.00 697.00 0.0% | 1200.00   20.00 HI -50.00 -50.00
2026-09-27T09:06:26.472,DEMO,DEMO,DEMO_MODE,e8f76161d12445a198911691eb672dce,F1 :    700    3 0.10 -14.44 0.54 50.00  70.0  60.0,0.00 0.00 0.00 89.38 0.54 50.00 0.10 -14.44 6 63 6 63 70.0% 60.0% 350.000 0.000 0.00 -4.90 0.00  1.99 0.00 697.00 0.0% | 1200.00   20.00 HI -50.00 -50.00
2026-09-27T09:06:26.593,DEMO,DEMO,DEMO_MODE,e8f76161d12445a198911691eb672dce,F1 :    700    3 0.10 -14.44 0.54 50.00  70.0  60.0,0.00 0.00 0.00 89.38 0.54 50.00 0.10 -14.44 6 63 6 63 70.0% 60.0% 350.000 0.000 0.00 -4.90 0.00  1.99 0.00 697.00 0.0% | 1200.00   20.00 HI -50.00 -50.00
2026-09-27T09:06:26.714,DEMO,DEMO,DEMO_MODE,e8f76161d12445a198911691eb672dce,F1 :    700    3 0.10 -14.44 0.54 50.00  70.0  60.0,0.00 0.00 0.00 89.38 0.54 50.00 0.10 -14.44 6 63 6 63 70.0% 60.0% 350.000 0.000 0.00 -4.90 0.00  1.99 0.00 697.00 0.0% | 1200.00   20.00 HI -50.00 -50.00
2026-09-27T09:06:26.834,DEMO,DEMO,DEMO_MODE,e8f76161d12445a198911691eb672dce,F1 :    700    3 0.10 -14.44 0.54 50.00  70.0  60.0,0.00 0.00 0.00 89.38 0.54 50.00 0.10 -14.44 6 63 6 63 70.0% 60.0% 350.000 0.000 0.00 -4.90 0.00  1.99 0.00 697.00 0.0% | 1200.00   20.00 HI -50.00 -50.00
2026-09-27T09:06:26.954,DEMO,DEMO,DEMO_MODE,e8f76161d12445a198911691eb672dce,F1 :    700    3 0.10 -14.44 0.54 50.00  70.0  60.0,0.00 0.00 0.00 89.38 0.54 50.00 0.10 -14.44 6 63 6 63 70.0% 60.0% 350.000 0.000 0.00 -4.90 0.00  1.99 0.00 697.00 0.0% | 1200.00   20.00 HI -50.00 -50.00
2026-09-27T09:06:27.075,DEMO,DEMO,DEMO_MODE,e8f76161d12445a198911691eb672dce,F1 :    700    3 0.10 -14.44 0.54 50.00  70.0  60.0,0.00 0.00 0.00 89.38 0.54 50.00 0.10 -14.44 6 63 6 63 70.0% 60.0% 350.000 0.000 0.00 -4.90 0.00  1.99 0.00 697.00 0.0% | 1200.00   20.00 HI -50.00 -50.00
2026-09-27T09:06:27.196,DEMO,DEMO,DEMO_MODE,e8f76161d12445a198911691eb672dce,F1 :    700    3 0.10 -14.44 0.54 50.00  70.0  60.0,0.00 0.00 0.00 89.38 0.54 50.00 0.10 -14.44 6 63 6 63 70.0% 60.0% 350.000 0.000 0.00 -4.90 0.00  1.99 0.00 697.00 0.0% | 1200.00   20.00 HI -50.00 -50.00
2026-09-27T09:06:27.316,DEMO,DEMO,DEMO_MODE,e8f76161d12445a198911691eb672dce,F1 :    700    3 0.10 -14.44 0.54 50.00  70.0  60.0,0.00 0.00 0.00 89.38 0.54 50.00 0.10 -14.44 6 63 6 63 70.0% 60.0% 350.000 0.000 0.00 -4.90 0.00  1.99 0.00 697.00 0.0% | 1200.00   20.00 HI -50.00 -50.00
2026-09-27T09:06:27.437,DEMO,DEMO,DEMO_MODE,e8f76161d12445a198911691eb672dce,F1 :    700    3 0.10 -14.44 0.54 50.00  70.0  60.0,0.00 0.00 0.00 89.38 0.54 50.00 0.10 -14.44 6 63 6 63 70.0% 60.0% 350.000 0.000 0.00 -4.90 0.00  1.99 0.00 697.00 0.0% | 1200.00   20.00 HI -50.00 -50.00
2026-09-27T09:06:27.560,DEMO,DEMO,DEMO_MODE,e8f76161d12445a198911691eb672dce,F1 :    700    3 0.10 -14.44 0.54 50.00  70.0  60.0,0.00 0.00 0.00 89.38 0.54 50.00 0.10 -14.44 6 63 6 63 70.0% 60.0% 350.000 0.000 0.00 -4.90 0.00  1.99 0.00 697.00 0.0% | 1200.00   20.00 HI -50.00 -50.00
2026-09-27T09:06:27.680,DEMO,DEMO,DEMO_MODE,e8f76161d12445a198911691eb672dce,F1 :    700    3 0.10 -14.44 0.54 50.00  70.0  60.0,0.00 0.00 0.00 89.38 0.54 50.00 0.10 -14.44 6 63 6 63 70.0% 60.0% 350.000 0.000 0.00 -4.90 0.00  1.99 0.00 697.00 0.0% | 1200.00   20.00 HI -50.00 -50.00
2026-09-27T09:06:27.805,DEMO,DEMO,DEMO_MODE,e8f76161d12445a198911691eb672dce,F1 :    700    3 0.10 -14.44 0.54 50.00  70.0  60.0,0.00 0.00 0.00 89.38 0.54 50.00 0.10 -14.44 6 63 6 63 70.0% 60.0% 350.000 0.000 0.00 -4.90 0.00  1.99 0.00 697.00 0.0% | 1200.00   20.00 HI -50.00 -50.00
2026-09-27T09:06:27.926,DEMO,DEMO,DEMO_MODE,e8f76161d12445a198911691eb672dce,F1 :    700    3 0.10 -14.44 0.54 50.00  70.0  60.0,0.00 0.00 0.00 89.38 0.54 50.00 0.10 -14.44 6 63 6 63 70.0% 60.0% 350.000 0.000 0.00 -4.90 0.00  1.99 0.00 697.00 0.0% | 1200.00   20.00 HI -50.00 -50.00
2026-09-27T09:06:28.052,DEMO,DEMO,DEMO_MODE,e8f76161d12445a198911691eb672dce,F1 :    700    3 0.10 -14.44 0.54 50.00  70.0  60.0,0.00 0.00 0.00 89.38 0.54 50.00 0.10 -14.44 6 63 6 63 70.0% 60.0% 350.000 0.000 0.00 -4.90 0.00  1.99 0.00 697.00 0.0% | 1200.00   20.00 HI -50.00 -50.00
2026-09-27T09:06:28.173,DEMO,DEMO,DEMO_MODE,e8f76161d12445a198911691eb672dce,F1 :    700    3 0.10 -14.44 0.54 50.00  70.0  60.0,0.00 0.00 0.00 89.38 0.54 50.00 0.10 -14.44 6 63 6 63 70.0% 60.0% 350.000 0.000 0.00 -4.90 0.00  1.99 0.00 697.00 0.0% | 1200.00   20.00 HI -50.00 -50.00
2026-09-27T09:06:28.298,DEMO,DEMO,DEMO_MODE,e8f76161d12445a198911691eb672dce,F1 :    700    3 0.10 -14.44 0.54 50.00  70.0  60.0,0.00 0.00 0.00 89.38 0.54 50.00 0.10 -14.44 6 63 6 63 70.0% 60.0% 350.000 0.000 0.00 -4.90 0.00  1.99 0.00 697.00 0.0% | 1200.00   20.00 HI -50.00 -50.00
2026-09-27T09:06:28.419,DEMO,DEMO,DEMO_MODE,e8f76161d12445a198911691eb672dce,F1 :    700    3 0.10 -14.44 0.54 50.00  70.0  60.0,0.00 0.00 0.00 89.38 0.54 50.00 0.10 -14.44 6 63 6 63 70.0% 60.0% 350.000 0.000 0.00 -4.90 0.00  1.99 0.00 697.00 0.0% | 1200.00   20.00 HI -50.00 -50.00
2026-09-27T09:06:28.544,DEMO,DEMO,DEMO_MODE,e8f76161d12445a198911691eb672dce,F1 :    700    3 0.10 -14.44 0.54 50.00  70.0  60.0,0.00 0.00 0.00 89.38 0.54 50.00 0.10 -14.44 6 63 6 63 70.0% 60.0% 350.000 0.000 0.00 -4.90 0.00  1.99 0.00 697.00 0.0% | 1200.00   20.00 HI -50.00 -50.00
2026-09-27T09:06:28.673,DEMO,DEMO,DEMO_MODE,e8f76161d12445a198911691eb672dce,F1 :    700    3 0.10 -14.44 0.54 50.00  70.0  60.0,0.00 0.00 0.00 89.38 0.54 50.00 0.10 -14.44 6 63 6 63 70.0% 60.0% 350.000 0.000 0.00 -4.90 0.00  1.99 0.00 697.00 0.0% | 1200.00   20.00 HI -50.00 -50.00
2026-09-27T09:06:28.800,DEMO,DEMO,DEMO_MODE,e8f76161d12445a198911691eb672dce,F1 :    700    3 0.10 -14.44 0.54 50.00  70.0  60.0,0.00 0.00 0.00 89.38 0.54 50.00 0.10 -14.44 6 63 6 63 70.0% 60.0% 350.000 0.000 0.00 -4.90 0.00  1.99 0.00 697.00 0.0% | 1200.00   20.00 HI -50.00 -50.00
2026-09-27T09:06:28.921,DEMO,DEMO,DEMO_MODE,e8f76161d12445a198911691eb672dce,F1 :    700    3 0.10 -14.44 0.54 50.00  70.0  60.0,0.00 0.00 0.00 89.38 0.54 50.00 0.10 -14.44 6 63 6 63 70.0% 60.0% 350.000 0.000 0.00 -4.90 0.00  1.99 0.00 697.00 0.0% | 1200.00   20.00 HI -50.00 -50.00
2026-09-27T09:06:29.048,DEMO,DEMO,DEMO_MODE,e8f76161d12445a198911691eb672dce,F1 :    700    3 0.10 -14.44 0.54 50.00  70.0  60.0,0.00 0.00 0.00 89.38 0.54 50.00 0.10 -14.44 6 63 6 63 70.0% 60.0% 350.000 0.000 0.00 -4.90 0.00  1.99 0.00 697.00 0.0% | 1200.00   20.00 HI -50.00 -50.00
2026-09-27T09:06:29.168,DEMO,DEMO,DEMO_MODE,e8f76161d12445a198911691eb672dce,F1 :    700    3 0.10 -14.44 0.54 50.00  70.0  60.0,0.00 0.00 0.00 89.38 0.54 50.00 0.10 -14.44 6 63 6 63 70.0% 60.0% 350.000 0.000 0.00 -4.90 0.00  1.99 0.00 697.00 0.0% | 1200.00   20.00 HI -50.00 -50.00
2026-09-27T09:06:29.295,DEMO,DEMO,DEMO_MODE,e8f76161d12445a198911691eb672dce,F1 :    700    3 0.10 -14.44 0.54 50.00  70.0  60.0,0.00 0.00 0.00 89.38 0.54 50.00 0.10 -14.44 6 63 6 63 70.0% 60.0% 350.000 0.000 0.00 -4.90 0.00  1.99 0.00 697.00 0.0% | 1200.00   20.00 HI -50.00 -50.00
2026-09-27T09:06:29.427,DEMO,DEMO,DEMO_MODE,e8f76161d12445a198911691eb672dce,F1 :    700    3 0.10 -14.44 0.54 50.00  70.0  60.0,0.00 0.00 0.00 89.38 0.54 50.00 0.10 -14.44 6 63 6 63 70.0% 60.0% 350.000 0.000 0.00 -4.90 0.00  1.99 0.00 697.00 0.0% | 1200.00   20.00 HI -50.00 -50.00
2026-09-27T09:06:29.553,DEMO,DEMO,DEMO_MODE,e8f76161d12445a198911691eb672dce,F1 :    700    3 0.10 -14.44 0.54 50.00  70.0  60.0,0.00 0.00 0.00 89.38 0.54 50.00 0.10 -14.44 6 63 6 63 70.0% 60.0% 350.000 0.000 0.00 -4.90 0.00  1.99 0.00 697.00 0.0% | 1200.00   20.00 HI -50.00 -50.00
2026-09-27T09:06:29.673,DEMO,DEMO,DEMO_MODE,e8f76161d12445a198911691eb672dce,F1 :    700    3 0.10 -14.44 0.54 50.00  70.0  60.0,0.00 0.00 0.00 89.38 0.54 50.00 0.10 -14.44 6 63 6 63 70.0% 60.0% 350.000 0.000 0.00 -4.90 0.00  1.99 0.00 697.00 0.0% | 1200.00   20.00 HI -50.00 -50.00
2026-09-27T09:06:29.800,DEMO,DEMO,DEMO_MODE,e8f76161d12445a198911691eb672dce,F1 :    700    3 0.10 -14.44 0.54 50.00  70.0  60.0,0.00 0.00 0.00 89.38 0.54 50.00 0.10 -14.44 6 63 6 63 70.0% 60.0% 350.000 0.000 0.00 -4.90 0.00  1.99 0.00 697.00 0.0% | 1200.00   20.00 HI -50.00 -50.00
2026-09-27T09:06:29.921,DEMO,DEMO,DEMO_MODE,e8f76161d12445a198911691eb672dce,F1 :    700    3 0.10 -14.44 0.54 50.00  70.0  60.0,0.00 0.00 0.00 89.38 0.54 50.00 0.10 -14.44 6 63 6 63 70.0% 60.0% 350.000 0.000 0.00 -4.90 0.00  1.99 0.00 697.00 0.0% | 1200.00   20.00 HI -50.00 -50.00
2026-09-27T09:06:30.047,DEMO,DEMO,DEMO_MODE,e8f76161d12445a198911691eb672dce,F1 :    700    3 0.10 -14.44 0.54 50.00  70.0  60.0,0.00 0.00 0.00 89.38 0.54 50.00 0.10 -14.44 6 63 6 63 70.0% 60.0% 350.000 0.000 0.00 -4.90 0.00  1.99 0.00 697.00 0.0% | 1200.00   20.00 HI -50.00 -50.00
2026-09-27T09:06:30.168,DEMO,DEMO,DEMO_MODE,e8f76161d12445a198911691eb672dce,F1 :    800    3 0.10 -14.44 0.54 50.00  80.0  64.0,0.00 0.00 0.00 89.38 0.54 50.00 0.10 -14.44 6 63 6 63 80.0% 64.0% 400.000 0.000 0.00 -4.90 0.00  1.99 0.00 797.00 0.0% | 1200.00   30.00 HI -50.00 -50.00
2026-09-27T09:06:30.295,DEMO,DEMO,DEMO_MODE,e8f76161d12445a198911691eb672dce,F1 :    800    3 0.10 -14.44 0.54 50.00  80.0  64.0,0.00 0.00 0.00 89.38 0.54 50.00 0.10 -14.44 6 63 6 63 80.0% 64.0% 400.000 0.000 0.00 -4.90 0.00  1.99 0.00 797.00 0.0% | 1200.00   30.00 HI -50.00 -50.00
2026-09-27T09:06:30.421,DEMO,DEMO,DEMO_MODE,e8f76161d12445a198911691eb672dce,F1 :    800    3 0.10 -14.44 0.54 50.00  80.0  64.0,0.00 0.00 0.00 89.38 0.54 50.00 0.10 -14.44 6 63 6 63 80.0% 64.0% 400.000 0.000 0.00 -4.90 0.00  1.99 0.00 797.00 0.0% | 1200.00   30.00 HI -50.00 -50.00
2026-09-27T09:06:30.548,DEMO,DEMO,DEMO_MODE,e8f76161d12445a198911691eb672dce,F1 :    800    3 0.10 -14.44 0.54 50.00  80.0  64.0,0.00 0.00 0.00 89.38 0.54 50.00 0.10 -14.44 6 63 6 63 80.0% 64.0% 400.000 0.000 0.00 -4.90 0.00  1.99 0.00 797.00 0.0% | 1200.00   30.00 HI -50.00 -50.00
2026-09-27T09:06:30.670,DEMO,DEMO,DEMO_MODE,e8f76161d12445a198911691eb672dce,F1 :    800    3 0.10 -14.44 0.54 50.00  80.0  64.0,0.00 0.00 0.00 89.38 0.54 50.00 0.10 -14.44 6 63 6 63 80.0% 64.0% 400.000 0.000 0.00 -4.90 0.00  1.99 0.00 797.00 0.0% | 1200.00   30.00 HI -50.00 -50.00
2026-09-27T09:06:30.795,DEMO,DEMO,DEMO_MODE,e8f76161d12445a198911691eb672dce,F1 :    800    3 0.10 -14.44 0.54 50.00  80.0  64.0,0.00 0.00 0.00 89.38 0.54 50.00 0.10 -14.44 6 63 6 63 80.0% 64.0% 400.000 0.000 0.00 -4.90 0.00  1.99 0.00 797.00 0.0% | 1200.00   30.00 HI -50.00 -50.00
2026-09-27T09:06:30.916,DEMO,DEMO,DEMO_MODE,e8f76161d12445a198911691eb672dce,F1 :    800    3 0.10 -14.44 0.54 50.00  80.0  64.0,0.00 0.00 0.00 89.38 0.54 50.00 0.10 -14.44 6 63 6 63 80.0% 64.0% 400.000 0.000 0.00 -4.90 0.00  1.99 0.00 797.00 0.0% | 1200.00   30.00 HI -50.00 -50.00
2026-09-27T09:06:31.041,DEMO,DEMO,DEMO_MODE,e8f76161d12445a198911691eb672dce,F1 :    800    3 0.10 -14.44 0.54 50.00  80.0  64.0,0.00 0.00 0.00 89.38 0.54 50.00 0.10 -14.44 6 63 6 63 80.0% 64.0% 400.000 0.000 0.00 -4.90 0.00  1.99 0.00 797.00 0.0% | 1200.00   30.00 HI -50.00 -50.00
2026-09-27T09:06:31.167,DEMO,DEMO,DEMO_MODE,e8f76161d12445a198911691eb672dce,F1 :    800    4 0.10 -14.44 0.54 50.00  80.0  64.0,0.00 0.00 0.00 89.38 0.54 50.00 0.10 -14.44 6 63 6 63 80.0% 64.0% 400.000 0.000 0.00 -4.90 0.00  1.99 0.00 796.00 0.0% | 1200.00   30.00 HI -50.00 -50.00
2026-09-27T09:06:31.293,DEMO,DEMO,DEMO_MODE,e8f76161d12445a198911691eb672dce,F1 :    800    4 0.10 -14.44 0.54 50.00  80.0  64.0,0.00 0.00 0.00 89.38 0.54 50.00 0.10 -14.44 6 63 6 63 80.0% 64.0% 400.000 0.000 0.00 -4.90 0.00  1.99 0.00 796.00 0.0% | 1200.00   30.00 HI -50.00 -50.00
2026-09-27T09:06:31.413,DEMO,DEMO,DEMO_MODE,e8f76161d12445a198911691eb672dce,F1 :    800    4 0.10 -14.44 0.54 50.00  80.0  64.0,0.00 0.00 0.00 89.38 0.54 50.00 0.10 -14.44 6 63 6 63 80.0% 64.0% 400.000 0.000 0.00 -4.90 0.00  1.99 0.00 796.00 0.0% | 1200.00   30.00 HI -50.00 -50.00
2026-09-27T09:06:31.540,DEMO,DEMO,DEMO_MODE,e8f76161d12445a198911691eb672dce,F1 :    800    4 0.10 -14.44 0.54 50.00  80.0  64.0,0.00 0.00 0.00 89.38 0.54 50.00 0.10 -14.44 6 63 6 63 80.0% 64.0% 400.000 0.000 0.00 -4.90 0.00  1.99 0.00 796.00 0.0% | 1200.00   30.00 HI -50.00 -50.00
