timestamp,product,serial_number,firmware,session_id,pdat1,psum1
2026-09-27T06:51:43.116,DEMO,DEMO,DEMO_MODE,0427e6a8ed5b4d0f92e17b614ed8f417,F1 :      0    0 0.10 -14.44 0.54 50.00   0.0   0.0,0.00 0.00 0.00 89.38 0.54 50.00 0.10 -14.44 6 63 6 63  0.0%  0.0%  0.000 0.000 0.00 -4.90 0.00  0.00 0.00   0.00 0.0% | 1200.00  -50.00 HI -50.00 -50.00
2026-09-27T06:51:43.237,DEMO,DEMO,DEMO_MODE,0427e6a8ed5b4d0f92e17b614ed8f417,F1 :      0    0 0.10 -14.44 0.54 50.00   0.0   0.0,0.00 0.00 0.00 89.38 0.54 50.00 0.10 -14.44 6 63 6 63  0.0%  0.0%  0.000 0.000 0.00 -4.90 0.00  0.00 0.00   0.00 0.0% | 1200.00  -50.00 HI -50.00 -50.00
2026-09-27T06:51:43.357,DEMO,DEMO,DEMO_MODE,0427e6a8ed5b4d0f92e17b614ed8f417,F1 :      0    0 0.10 -14.44 0.54 50.00   0.0   0.0,0.00 0.00 0.00 89.38 0.54 50.00 0.10 -14.44 6 63 6 63  0.0%  0.0%  0.000 0.000 0.00 -4.90 0.00  0.00 0.00   0.00 0.0% | 1200.00  -50.00 HI -50.00 -50.00
2026-09-27T06:51:43.478,DEMO,DEMO,DEMO_MODE,0427e6a8ed5b4d0f92e17b614ed8f417,F1 :      0    0 0.10 -14.44 0.54 50.00   0.0   0.0,0.00 0.00 0.00 89.38 0.54 50.00 0.10 -14.44 6 63 6 63  0.0%  0.0%  0.000 0.000 0.00 -4.90 0.00  0.00 0.00   0.00 0.0% | 1200.00  -50.00 HI -50.00 -50.00
2026-09-27T06:51:43.599,DEMO,DEMO,DEMO_MODE,0427e6a8ed5b4d0f92e17b614ed8f417,F1 :      0    0 0.10 -14.44 0.54 50.00   0.0   0.0,0.00 0.00 0.00 89.38 0.54 50.00 0.10 -14.44 6 63 6 63  0.0%  0.0%  0.000 0.000 0.00 -4.90 0.00  0.00 0.00   0.00 0.0% | 1200.00  -50.00 HI -50.00 -50.00
2026-09-27T06:51:43.719,DEMO,DEMO,DEMO_MODE,0427e6a8ed5b4d0f92e17b614ed8f417,F1 :      0    0 0.10 -14.44 0.54 50.00   0.0   0.0,0.00 0.00 0.00 89.38 0.54 50.00 0.10 -14.44 6 63 6 63  0.0%  0.0%  0.000 0.000 0.00 -4.90 0.00  0.00 0.00   0.00 0.0% | 1200.00  -50.00 HI -50.00 -50.00
2026-09-27T06:51:43.840,DEMO,DEMO,DEMO_MODE,0427e6a8ed5b4d0f92e17b614ed8f417,F1 :      0    0 0.10 -14.44 0.54 50.00   0.0   0.0,0.00 0.00 0.00 89.38 0.54 50.00 0.10 -14.44 6 63 6 63  0.0%  0.0%  0.000 0.000 0.00 -4.90 0.00  0.00 0.00   0.00 0.0% | 1200.00  -50.00 HI -50.00 -50.00
2026-09-27T06:51:43.961,DEMO,DEMO,DEMO_MODE,0427e6a8ed5b4d0f92e17b614ed8f417,F1 :      0    0 0.10 -14.44 0.54 50.00   0.0   0.0,0.00 0.00 0.00 89.38 0.54 50.00 0.10 -14.44 6 63 6 63  0.0%  0.0%  0.000 0.000 0.00 -4.90 0.00  0.00 0.00   0.00 0.0% | 1200.00  -50.00 HI -50.00 -50.00
2026-09-27T06:51:44.082,DEMO,DEMO,DEMO_MODE,0427e6a8ed5b4d0f92e17b614ed8f417,F1 :      0    0 0.10 -14.44 0.54 50.00   0.0   0.0,0.00 0.00 0.00 89.38 0.54 50.00 0.10 -14.44 6 63 6 63  0.0%  0.0%  0.000 0.000 0.00 -4.90 0.00  0.00 0.00   0.00 0.0% | 1200.00  -50.00 HI -50.00 -50.00
2026-09-27T06:51:44.202,DEMO,DEMO,DEMO_MODE,0427e6a8ed5b4d0f92e17b614ed8f417,F1 :      0    0 0.10 -14.44 0.54 50.00   0.0   0.0,0.00 0.00 0.00 89.38 0.54 50.00 0.10 -14.44 6 63 6 63  0.0%  0.0%  0.000 0.000 0.00 -4.90 0.00  0.00 0.00   0.00 0.0% | 1200.00  -50.00 HI -50.00 -50.00
2026-09-27T06:51:44.323,DEMO,DEMO,DEMO_MODE,0427e6a8ed5b4d0f92e17b614ed8f417,F1 :      0    0 0.10 -14.44 0.54 50.00   0.0   0.0,0.00 0.00 0.00 89.38 0.54 50.00 0.10 -14.44 6 63 6 63  0.0%  0.0%  0.000 0.000 0.00 -4.90 0.00  0.00 0.00   0.00 0.0% | 1200.00  -50.00 HI -50.00 -50.00
2026-09-27T06:51:44.444,DEMO,DEMO,DEMO_MODE,0427e6a8ed5b4d0f92e17b614ed8f417,F1 :      0    0 0.10 -14.44 0.54 50.00   0.0   0.0,0.00 0.00 0.00 89.38 0.54 50.00 0.10 -14.44 6 63 6 63  0.0%  0.0%  0.000 0.000 0.00 -4.90 0.00  0.00 0.00   0.00 0.0% | 1200.00  -50.00 HI -50.00 -50.00
2026-09-27T06:51:44.565,DEMO,DEMO,DEMO_MODE,0427e6a8ed5b4d0f92e17b614ed8f417,F1 :      0    0 0.10 -14.44 0.54 50.00   0.0   0.0,0.00 0.00 0.00 89.38 0.54 50.00 0.10 -14.44 6 63 6 63  0.0%  0.0%  0.000 0.000 0.00 -4.90 0.00  0.00 0.00   0.00 0.0% | 1200.00  -50.00 HI -50.00 -50.00
2026-09-27T06:51:44.685,DEMO,DEMO,DEMO_MODE,0427e6a8ed5b4d0f92e17b614ed8f417,F1 :      0    0 0.10 -14.44 0.54 50.00   0.0   0.0,0.00 0.00 0.00 89.38 0.54 50.00 0.10 -14.44 6 63 6 63  0.0%  0.0%  0.000 0.000 0.00 -4.90 0.00  0.00 0.00   0.00 0.0% | 1200.00  -50.00 HI -50.00 -50.00
2026-09-27T06:51:44.805,DEMO,DEMO,DEMO_MODE,0427e6a8ed5b4d0f92e17b614ed8f417,F1 :      0    0 0.10 -14.44 0.54 50.00   0.0   0.0,0.00 0.00 0.00 89.38 0.54 50.00 0.10 -14.44 6 63 6 63  0.0%  0.0%  0.000 0.000 0.00 -4.90 0.00  0.00 0.00   0.00 0.0% | 1200.00  -50.00 HI -50.00 -50.00
2026-09-27T06:51:44.926,DEMO,DEMO,DEMO_MODE,0427e6a8ed5b4d0f92e17b614ed8f417,F1 :      0    0 0.10 -14.44 0.54 50.00   0.0   0.0,0.00 0.00 0.00 89.38 0.54 50.00 0.10 -14.44 6 63 6 63  0.0%  0.0%  0.000 0.000 0.00 -4.90 0.00  0.00 0.00   0.00 0.0% | 1200.00  -50.00 HI -50.00 -50.00
2026-09-27T06:51:45.046,DEMO,DEMO,DEMO_MODE,0427e6a8ed5b4d0f92e17b614ed8f417,F1 :      0    0 0.10 -14.44 0.54 50.00   0.0   0.0,0.00 0.00 0.00 89.38 0.54 50.00 0.10 -14.44 6 63 6 63  0.0%  0.0%  0.000 0.000 0.00 -4.90 0.00  0.00 0.00   0.00 0.0% | 1200.00  -50.00 HI -50.00 -50.00
2026-09-27T06:51:45.167,DEMO,DEMO,DEMO_MODE,0427e6a8ed5b4d0f92e17b614ed8f417,F1 :      0    0 0.10 -14.44 0.54 50.00   0.0   0.0,0.00 0.00 0.00 89.38 0.54 50.00 0.10 -14.44 6 63 6 63  0.0%  0.0%  0.000 0.000 0.00 -4.90 0.00  0.00 0.00   0.00 0.0% | 1200.00  -50.00 HI -50.00 -50.00
2026-09-27T06:51:45.288,DEMO,DEMO,DEMO_MODE,0427e6a8ed5b4d0f92e17b614ed8f417,F1 :      0    0 0.10 -14.44 0.54 50.00   0.0   0.0,0.00 0.00 0.00 89.38 0.54 50.00 0.10 -14.44 6 63 6 63  0.0%  0.0%  0.000 0.000 0.00 -4.90 0.00  0.00 0.00   0.00 0.0% | 1200.00  -50.00 HI -50.00 -50.00
2026-09-27T06:51:45.408,DEMO,DEMO,DEMO_MODE,0427e6a8ed5b4d0f92e17b614ed8f417,F1 :      0    0 0.10 -14.44 0.54 50.00   0.0   0.0,0.00 0.00 0.00 89.38 0.54 50.00 0.10 -14.44 6 63 6 63  0.0%  0.0%  0.000 0.000 0.00 -4.90 0.00  0.00 0.00   0.00 0.0% | 1200.00  -50.00 HI -50.00 -50.00
2026-09-27T06:51:45.529,DEMO,DEMO,DEMO_MODE,0427e6a8ed5b4d0f92e17b614ed8f417,F1 :      0    0 0.10 -14.44 0.54 50.00   0.0   0.0,0.00 0.00 0.00 89.38 0.54 50.00 0.10 -14.44 6 63 6 63  0.0%  0.0%  0.000 0.000 0.00 -4.90 0.00  0.00 0.00   0.00 0.0% | 1200.00  -50.00 HI -50.00 -50.00
2026-09-27T06:51:45.650,DEMO,DEMO,DEMO_MODE,0427e6a8ed5b4d0f92e17b614ed8f417,F1 :      0    0 0.10 -14.44 0.54 50.00   0.0   0.0,0.00 0.00 0.00 89.38 0.54 50.00 0.10 -14.44 6 63 6 63  0.0%  0.0%  0.000 0.000 0.00 -4.90 0.00  0.00 0.00   0.00 0.0% | 1200.00  -50.00 HI -50.00 -50.00
2026-09-27T06:51:45.771,DEMO,DEMO,DEMO_MODE,0427e6a8ed5b4d0f92e17b614ed8f417,F1 :      0    0 0.10 -14.44 0.54 50.00   0.0   0.0,0.00 0.00 0.00 89.38 0.54 50.00 0.10 -14.44 6 63 6 63  0.0%  0.0%  0.000 0.000 0.00 -4.90 0.00  0.00 0.00   0.00 0.0% | 1200.00  -50.00 HI -50.00 -50.00
2026-09-27T06:51:45.891,DEMO,DEMO,DEMO_MODE,0427e6a8ed5b4d0f92e17b614ed8f417,F1 :      0    0 0.10 -14.44 0.54 50.00   0.0   0.0,0.00 0.00 0.00 89.38 0.54 50.00 0.10 -14.44 6 63 6 63  0.0%  0.0%  0.000 0.000 0.00 -4.90 0.00  0.00 0.00   0.00 0.0% | 1200.00  -50.00 HI -50.00 -50.00
2026-09-27T06:51:46.012,DEMO,DEMO,DEMO_MODE,0427e6a8ed5b4d0f92e17b614ed8f417,F1 :      0    0 0.10 -14.44 0.54 50.00   0.0   0.0,0.00 0.00 0.00 89.38 0.54 50.00 0.10 -14.44 6 63 6 63  0.0%  0.0%  0.000 0.000 0.00 -4.90 0.00  0.00 0.00   0.00 0.0% | 1200.00  -50.00 HI -50.00 -50.00
2026-09-27T06:51:46.132,DEMO,DEMO,DEMO_MODE,0427e6a8ed5b4d0f92e17b614ed8f417,F1 :      0    0 0.10 -14.44 0.54 50.00   0.0   0.0,0.00 0.00 0.00 89.38 0.54 50.00 0.10 -14.44 6 63 6 63  0.0%  0.0%  0.000 0.000 0.00 -4.90 0.00  0.00 0.00   0.00 0.0% | 1200.00  -50.00 HI -50.00 -50.00
2026-09-27T06:51:46.253,DEMO,DEMO,DEMO_MODE,0427e6a8ed5b4d0f92e17b614ed8f417,F1 :      0    0 0.10 -14.44 0.54 50.00   0.0   0.0,0.00 0.00 0.00 89.38 0.54 50.00 0.10 -14.44 6 63 6 63  0.0%  0.0%  0.000 0.000 0.00 -4.90 0.00  0.00 0.00   0.00 0.0% | 1200.00  -50.00 HI -50.00 -50.00
2026-09-27T06:51:46.373,DEMO,DEMO,DEMO_MODE,0427e6a8ed5b4d0f92e17b614ed8f417,F1 :      0    0 0.10 -14.44 0.54 50.00   0.0   0.0,0.00 0.00 0.00 89.38 0.54 50.00 0.10 -14.44 6 63 6 63  0.0%  0.0%  0.000 0.000 0.00 -4.90 0.00  0.00 0.00   0.00 0.0% | 1200.00  -50.00 HI -50.00 -50.00
2026-09-27T06:51:46.494,DEMO,DEMO,DEMO_MODE,0427e6a8ed5b4d0f92e17b614ed8f417,F1 :      0    0 0.10 -14.44 0.54 50.00   0.0   0.0,0.00 0.00 0.00 89.38 0.54 50.00 0.10 -14.44 6 63 6 63  0.0%  0.0%  0.000 0.000 0.00 -4.90 0.00  0.00 0.00   0.00 0.0% | 1200.00  -50.00 HI -50.00 -50.00
2026-09-27T06:51:46.615,DEMO,DEMO,DEMO_MODE,0427e6a8ed5b4d0f92e17b614ed8f417,F1 :      0    0 0.10 -14.44 0.54 50.00   0.0   0.0,0.00 0.00 0.00 89.38 0.54 50.00 0.10 -14.44 6 63 6 63  0.0%  0.0%  0.000 0.000 0.00 -4.90 0.00  0.00 0.00   0.00 0.0% | 1200.00  -50.00 HI -50.00 -50.00
2026-09-27T06:51:46.735,DEMO,DEMO,DEMO_MODE,0427e6a8ed5b4d0f92e17b614ed8f417,F1 :      0    0 0.10 -14.44 0.54 50.00   0.0   0.0,0.00 0.00 0.00 89.38 0.54 50.00 0.10 -14.44 6 63 6 63  0.0%  0.0%  0.000 0.000 0.00 -4.90 0.00  0.00 0.00   0.00 0.0% | 1200.00  -50.00 HI -50.00 -50.00
2026-09-27T06:51:46.855,DEMO,DEMO,DEMO_MODE,0427e6a8ed5b4d0f92e17b614ed8f417,F1 :      0    0 0.10 -14.44 0.54 50.00   0.0   0.0,0.00 0.00 0.00 89.38 0.54 50.00 0.10 -14.44 6 63 6 63  0.0%  0.0%  0.000 0.000 0.00 -4.90 0.00  0.00 0.00   0.00 0.0% | 1200.00  -50.00 HI -50.00 -50.00
2026-09-27T06:51:46.977,DEMO,DEMO,DEMO_MODE,0427e6a8ed5b4d0f92e17b614ed8f417,F1 :      0    0 0.10 -14.44 0.54 50.00   0.0   0.0,0.00 0.00 0.00 89.38 0.54 50.00 0.10 -14.44 6 63 6 63  0.0%  0.0%  0.000 0.000 0.00 -4.90 0.00  0.00 0.00   0.00 0.0% | 1200.00  -50.00 HI -50.00 -50.00
2026-09-27T06:51:47.098,DEMO,DEMO,DEMO_MODE,0427e6a8ed5b4d0f92e17b614ed8f417,F1 :      0    0 0.10 -14.44 0.54 50.00   0.0   0.0,0.00 0.00 0.00 89.38 0.54 50.00 0.10 -14.44 6 63 6 63  0.0%  0.0%  0.000 0.000 0.00 -4.90 0.00  0.00 0.00   0.00 0.0% | 1200.00  -50.00 HI -50.00 -50.00
2026-09-27T06:51:47.218,DEMO,DEMO,DEMO_MODE,0427e6a8ed5b4d0f92e17b614ed8f417,F1 :      0    0 0.10 -14.44 0.54 50.00   0.0   0.0,0.00 0.00 0.00 89.38 0.54 50.00 0.10 -14.44 6 63 6 63  0.0%  0.0%  0.000 0.000 0.00 -4.90 0.00  0.00 0.00   0.00 0.0% | 1200.00  -50.00 HI -50.00 -50.00
2026-09-27T06:51:47.339,DEMO,DEMO,DEMO_MODE,0427e6a8ed5b4d0f92e17b614ed8f417,F1 :      0    0 0.10 -14.44 0.54 50.00   0.0   0.0,0.00 0.00 0.00 89.38 0.54 50.00 0.10 -14.44 6 63 6 63  0.0%  0.0%  0.000 0.000 0.00 -4.90 0.00  0.00 0.00   0.00 0.0% | 1200.00  -50.00 HI -50.00 -50.00
2026-09-27T06:51:47.460,DEMO,DEMO,DEMO_MODE,0427e6a8ed5b4d0f92e17b614ed8f417,F1 :      0    0 0.10 -14.44 0.54 50.00   0.0   0.0,0.00 0.00 0.00 89.38 0.54 50.00 0.10 -14.44 6 63 6 63  0.0%  0.0%  0.000 0.000 0.00 -4.90 0.00  0.00 0.00   0.00 0.0% | 1200.00  -50.00 HI -50.00 -50.00
2026-09-27T06:51:47.581,DEMO,DEMO,DEMO_MODE,0427e6a8ed5b4d0f92e17b614ed8f417,F1 :      0    0 0.10 -14.44 0.54 50.00   0.0   0.0,0.00 0.00 0.00 89.38 0.54 50.00 0.10 -14.44 6 63 6 63  0.0%  0.0%  0.000 0.000 0.00 -4.90 0.00  0.00 0.00   0.00 0.0% | 1200.00  -50.00 HI -50.00 -50.00
2026-09-27T06:51:47.701,DEMO,DEMO,DEMO_MODE,0427e6a8ed5b4d0f92e17b614ed8f417,F1 :      0    0 0.10 -14.44 0.54 50.00   0.0   0.0,0.00 0.00 0.00 89.38 0.54 50.00 0.10 -14.44 6 63 6 63  0.0%  0.0%  0.000 0.000 0.00 -4.90 0.00  0.00 0.00   0.00 0.0% | 1200.00  -50.00 HI -50.00 -50.00
2026-09-27T06:51:47.822,DEMO,DEMO,DEMO_MODE,0427e6a8ed5b4d0f92e17b614ed8f417,F1 :      0    0 0.10 -14.44 0.54 50.00   0.0   0.0,0.00 0.00 0.00 89.38 0.54 50.00 0.10 -14.44 6 63 6 63  0.0%  0.0%  0.000 0.000 0.00 -4.90 0.00  0.00 0.00   0.00 0.0% | 1200.00  -50.00 HI -50.00 -50.00
2026-09-27T06:51:47.943,DEMO,DEMO,DEMO_MODE,0427e6a8ed5b4d0f92e17b614ed8f417,F1 :      0    0 0.10 -14.44 0.54 50.00   0.0   0.0,0.00 0.00 0.00 89.38 0.54 50.00 0.10 -14.44 6 63 6 63  0.0%  0.0%  0.000 0.000 0.00 -4.90 0.00  0.00 0.00   0.00 0.0% | 1200.00  -50.00 HI -50.00 -50.00
2026-09-27T06:51:48.063,DEMO,DEMO,DEMO_MODE,0427e6a8ed5b4d0f92e17b614ed8f417,F1 :      0    0 0.10 -14.44 0.54 50.00   0.0   0.0,0.00 0.00 0.00 89.38 0.54 50.00 0.10 -14.44 6 63 6 63  0.0%  0.0%  0.000 0.000 0.00 -4.90 0.00  0.00 0.00   0.00 0.0% | 1200.00  -50.00 HI -50.00 -50.00
2026-09-27T06:51:48.183,DEMO,DEMO,DEMO_MODE,0427e6a8ed5b4d0f92e17b614ed8f417,F1 :      0    0 0.10 -14.44 0.54 50.00   0.0   4.0,0.00 0.00 0.00 89.38 0.54 50.00 0.10 -14.44 6 63 6 63  0.0%  4.0%  0.000 0.000 0.00 -4.90 0.00  0.00 0.00   0.00 0.0% | 1200.00  -50.00 HI -50.00 -50.00
2026-09-27T06:51:48.304,DEMO,DEMO,DEMO_MODE,0427e6a8ed5b4d0f92e17b614ed8f417,F1 :      0    0 0.10 -14.44 0.54 50.00   0.0   4.0,0.00 0.00 0.00 89.38 0.54 50.00 0.10 -14.44 6 63 6 63  0.0%  4.0%  0.000 0.000 0.00 -4.90 0.00  0.00 0.00   0.00 0.0% | 1200.00  -50.00 HI -50.00 -50.00
2026-09-27T06:51:48.425,DEMO,DEMO,DEMO_MODE,0427e6a8ed5b4d0f92e17b614ed8f417,F1 :      0    0 0.10 -14.44 0.54 50.00   0.0   4.0,0.00 0.00 0.00 89.38 0.54 50.00 0.10 -14.44 6 63 6 63  0.0%  4.0%  0.000 0.000 0.00 -4.90 0.00  0.00 0.00   0.00 0.0% | 1200.00  -50.00 HI -50.00 -50.00
2026-09-27T06:51:48.546,DEMO,DEMO,DEMO_MODE,0427e6a8ed5b4d0f92e17b614ed8f417,F1 :      0    0 0.10 -14.44 0.54 50.00   0.0   4.0,0.00 0.00 0.00 89.38 0.54 50.00 0.10 -14.44 6 63 6 63  0.0%  4.0%  0.000 0.000 0.00 -4.90 0.00  0.00 0.00   0.00 0.0% | 1200.00  -50.00 HI -50.00 -50.00
2026-09-27T06:51:48.666,DEMO,DEMO,DEMO_MODE,0427e6a8ed5b4d0f92e17b614ed8f417,F1 :      0    0 0.10 -14.44 0.54 50.00   0.0   4.0,0.00 0.00 0.00 89.38 0.54 50.00 0.10 -14.44 6 63 6 63  0.0%  4.0%  0.000 0.000 0.00 -4.90 0.00  0.00 0.00   0.00 0.0% | 1200.00  -50.00 HI -50.00 -50.00
2026-09-27T06:51:48.787,DEMO,DEMO,DEMO_MODE,0427e6a8ed5b4d0f92e17b614ed8f417,F1 :      0    0 0.10 -14.44 0.54 50.00   0.0   4.0,0.00 0.00 0.00 89.38 0.54 50.00 0.10 -14.44 6 63 6 63  0.0%  4.0%  0.000 0.000 0.00 -4.90 0.00  0.00 0.00   0.00 0.0% | 1200.00  -50.00 HI -50.00 -50.00
2026-09-27T06:51:48.907,DEMO,DEMO,DEMO_MODE,0427e6a8ed5b4d0f92e17b614ed8f417,F1 :      0    0 0.10 -14.44 0.54 50.00   0.0   4.0,0.00 0.00 0.00 89.38 0.54 50.00 0.10 -14.44 6 63 6 63  0.0%  4.0%  0.000 0.000 0.00 -4.90 0.00  0.00 0.00   0.00 0.0% | 1200.00  -50.00 HI -50.00 -50.00
2026-09-27T06:51:49.028,DEMO,DEMO,DEMO_MODE,0427e6a8ed5b4d0f92e17b614ed8f417,F1 :      0    0 0.10 -14.44 0.54 50.00   0.0   4.0,0.00 0.00 0.00 89.38 0.54 50.00 0.10 -14.44 6 63 6 63  0.0%  4.0%  0.000 0.000 0.00 -4.90 0.00  0.00 0.00   0.00 0.0% | 1200.00  -50.00 HI -50.00 -50.00
2026-09-27T06:51:49.149,DEMO,DEMO,DEMO_MODE,0427e6a8ed5b4d0f92e17b614ed8f417,F1 :      0    0 0.10 -14.44 0.54 50.00   0.0   4.0,0.00 0.00 0.00 89.38 0.54 50.00 0.10 -14.44 6 63 6 63  0.0%  4.0%  0.000 0.000 0.00 -4.90 0.00  0.00 0.00   0.00 0.0% | 1200.00  -50.00 HI -50.00 -50.00
2026-09-27T06:51:49.270,DEMO,DEMO,DEMO_MODE,0427e6a8ed5b4d0f92e17b614ed8f417,F1 :      0    0 0.10 -14.44 0.54 50.00   0.0   4.0,0.00 0.00 0.00 89.38 0.54 50.00 0.10 -14.44 6 63 6 63  0.0%  4.0%  0.000 0.000 0.00 -4.90 0.00  0.00 0.00   0.00 0.0% | 1200.00  -50.00 HI -50.00 -50.00
2026-09-27T06:51:49.390,DEMO,DEMO,DEMO_MODE,0427e6a8ed5b4d0f92e17b614ed8f417,F1 :      0    0 0.10 -14.44 0.54 50.00   0.0   4.0,0.00 0.00 0.00 89.38 0.54 50.00 0.10 -14.44 6 63 6 63  0.0%  4.0%  0.000 0.000 0.00 -4.90 0.00  0.00 0.00   0.00 0.0% | 1200.00  -50.00 HI -50.00 -50.00
2026-09-27T06:51:49.511,DEMO,DEMO,DEMO_MODE,0427e6a8ed5b4d0f92e17b614ed8f417,F1 :      0    0 0.10 -14.44 0.54 50.00   0.0   4.0,0.00 0.00 0.00 89.38 0.54 50.00 0.10 -14.44 6 63 6 63  0.0%  4.0%  0.000 0.000 0.00 -4.90 0.00  0.00 0.00   0.00 0.0% | 1200.00  -50.00 HI -50.00 -50.00
2026-09-27T06:51:49.631,DEMO,DEMO,DEMO_MODE,0427e6a8ed5b4d0f92e17b614ed8f417,F1 :      0    0 0.10 -14.44 0.54 50.00   0.0   4.0,0.00 0.00 0.00 89.38 0.54 50.00 0.10 -14.44 6 63 6 63  0.0%  4.0%  0.000 0.000 0.00 -4.90 0.00  0.00 0.00   0.00 0.0% | 1200.00  -50.00 HI -50.00 -50.00
2026-09-27T06:51:49.751,DEMO,DEMO,DEMO_MODE,0427e6a8ed5b4d0f92e17b614ed8f417,F1 :      0    0 0.10 -14.44 0.54 50.00   0.0   4.0,0.00 0.00 0.00 89.38 0.54 50.00 0.10 -14.44 6 63 6 63  0.0%  4.0%  0.000 0.000 0.00 -4.90 0.00  0.00 0.00   0.00 0.0% | 1200.00  -50.00 HI -50.00 -50.00
2026-09-27T06:51:49.873,DEMO,DEMO,DEMO_MODE,0427e6a8ed5b4d0f92e17b614ed8f417,F1 :      0    0 0.10 -14.44 0.54 50.00   0.0   4.0,0.00 0.00 0.00 89.38 0.54 50.00 0.10 -14.44 6 63 6 63  0.0%  4.0%  0.000 0.000 0.00 -4.90 0.00  0.00 0.00   0.00 0.0% | 1200.00  -50.00 HI -50.00 -50.00
2026-09-27T06:51:49.993,DEMO,DEMO,DEMO_MODE,0427e6a8ed5b4d0f92e17b614ed8f417,F1 :      0    0 0.10 -14.44 0.54 50.00   0.0   4.0,0.00 0.00 0.00 89.38 0.54 50.00 0.10 -14.44 6 63 6 63  0.0%  4.0%  0.000 0.000 0.00 -4.90 0.00  0.00 0.00   0.00 0.0% | 1200.00  -50.00 HI -50.00 -50.00
2026-09-27T06:51:50.113,DEMO,DEMO,DEMO_MODE,0427e6a8ed5b4d0f92e17b614ed8f417,F1 :      0    0 0.10 -14.44 0.54 50.00   0.0   4.0,0.00 0.00 0.00 89.38 0.54 50.00 0.10 -14.44 6 63 6 63  0.0%  4.0%  0.000 0.000 0.00 -4.90 0.00  0.00 0.00   0.00 0.0% | 1200.00  -50.00 HI -50.00 -50.00
2026-09-27T06:51:50.234,DEMO,DEMO,DEMO_MODE,0427e6a8ed5b4d0f92e17b614ed8f417,F1 :      0    0 0.10 -14.44 0.54 50.00   0.0   4.0,0.00 0.00 0.00 89.38 0.54 50.00 0.10 -14.44 6 63 6 63  0.0%  4.0%  0.000 0.000 0.00 -4.90 0.00  0.00 0.00   0.00 0.0% | 1200.00  -50.00 HI -50.00 -50.00
2026-09-27T06:51:50.355,DEMO,DEMO,DEMO_MODE,0427e6a8ed5b4d0f92e17b614ed8f417,F1 :      0    0 0.10 -14.44 0.54 50.00   0.0   4.0,0.00 0.00 0.00 89.38 0.54 50.00 0.10 -14.44 6 63 6 63  0.0%  4.0%  0.000 0.000 0.00 -4.90 0.00  0.00 0.00   0.00 0.0% | 1200.00  -50.00 HI -50.00 -50.00
2026-09-27T06:51:50.476,DEMO,DEMO,DEMO_MODE,0427e6a8ed5b4d0f92e17b614ed8f417,F1 :      0    0 0.10 -14.44 0.54 50.00   0.0   4.0,0.00 0.00 0.00 89.38 0.54 50.00 0.10 -14.44 6 63 6 63  0.0%  4.0%  0.000 0.000 0.00 -4.90 0.00  0.00 0.00   0.00 0.0% | 1200.00  -50.00 HI -50.00 -50.00
2026-09-27T06:51:50.596,DEMO,DEMO,DEMO_MODE,0427e6a8ed5b4d0f92e17b614ed8f417,F1 :      0    0 0.10 -14.44 0.54 50.00   0.0   4.0,0.00 0.00 0.00 89.38 0.54 50.00 0.10 -14.44 6 63 6 63  0.0%  4.0%  0.000 0.000 0.00 -4.90 0.00  0.00 0.00   0.00 0.0% | 1200.00  -50.00 HI -50.00 -50.00
2026-09-27T06:51:50.717,DEMO,DEMO,DEMO_MODE,0427e6a8ed5b4d0f92e17b614ed8f417,F1 :      0    0 0.10 -14.44 0.54 50.00   0.0   4.0,0.00 0.00 0.00 89.38 0.54 50.00 0.10 -14.44 6 63 6 63  0.0%  4.0%  0.000 0.000 0.00 -4.90 0.00  0.00 0.00   0.00 0.0% | 1200.00  -50.00 HI -50.00 -50.00
2026-09-27T06:51:50.838,DEMO,DEMO,DEMO_MODE,0427e6a8ed5b4d0f92e17b614ed8f417,F1 :      0    0 0.10 -14.44 0.54 50.00   0.0   4.0,0.00 0.00 0.00 89.38 0.54 50.00 0.10 -14.44 6 63 6 63  0.0%  4.0%  0.000 0.000 0.00 -4.90 0.00  0.00 0.00   0.00 0.0% | 1200.00  -50.00 HI -50.00 -50.00
2026-09-27T06:51:50.959,DEMO,DEMO,DEMO_MODE,0427e6a8ed5b4d0f92e17b614ed8f417,F1 :      0    0 0.10 -14.44 0.54 50.00   0.0   4.0,0.00 0.00 0.00 89.38 0.54 50.00 0.10 -14.44 6 63 6 63  0.0%  4.0%  0.000 0.000 0.00 -4.90 0.00  0.00 0.00   0.00 0.0% | 1200.00  -50.00 HI -50.00 -50.00
2026-09-27T06:51:51.079,DEMO,DEMO,DEMO_MODE,0427e6a8ed5b4d0f92e17b614ed8f417,F1 :      0    0 0.10 -14.44 0.54 50.00   0.0   4.0,0.00 0.00 0.00 89.38 0.54 50.00 0.10 -14.44 6 63 6 63  0.0%  4.0%  0.000 0.000 0.00 -4.90 0.00  0.00 0.00   0.00 0.0% | 1200.00  -50.00 HI -50.00 -50.00
2026-09-27T06:51:51.200,DEMO,DEMO,DEMO_MODE,0427e6a8ed5b4d0f92e17b614ed8f417,F1 :      0    0 0.10 -14.44 0.54 50.00   0.0   4.0,0.00 0.00 0.00 89.38 0.54 50.00 0.10 -14.44 6 63 6 63  0.0%  4.0%  0.000 0.000 0.00 -4.90 0.00  0.00 0.00   0.00 0.0% | 1200.00  -50.00 HI -50.00 -50.00
2026-09-27T06:51:51.320,DEMO,DEMO,DEMO_MODE,0427e6a8ed5b4d0f92e17b614ed8f417,F1 :      0    0 0.10 -14.44 0.54 50.00   0.0   4.0,0.00 0.00 0.00 89.38 0.54 50.00 0.10 -14.44 6 63 6 63  0.0%  4.0%  0.000 0.000 0.00 -4.90 0.00  0.00 0.00   0.00 0.0% | 1200.00  -50.00 HI -50.00 -50.00
2026-09-27T06:51:51.441,DEMO,DEMO,DEMO_MODE,0427e6a8ed5b4d0f92e17b614ed8f417,F1 :      0    0 0.10 -14.44 0.54 50.00   0.0   4.0,0.00 0.00 0.00 89.38 0.54 50.00 0.10 -14.44 6 63 6 63  0.0%  4.0%  0.000 0.000 0.00 -4.90 0.00  0.00 0.00   0.00 0.0% | 1200.00  -50.00 HI -50.00 -50.00
2026-09-27T06:51:51.562,DEMO,DEMO,DEMO_MODE,0427e6a8ed5b4d0f92e17b614ed8f417,F1 :      0    0 0.10 -14.44 0.54 50.00   0.0   4.0,0.00 0.00 0.00 89.38 0.54 50.00 0.10 -14.44 6 63 6 63  0.0%  4.0%  0.000 0.000 0.00 -4.90 0.00  0.00 0.00   0.00 0.0% | 1200.00  -50.00 HI -50.00 -50.00
2026-09-27T06:51:51.683,DEMO,DEMO,DEMO_MODE,0427e6a8ed5b4d0f92e17b614ed8f417,F1 :      0    0 0.10 -14.44 0.54 50.00   0.0   4.0,0.00 0.00 0.00 89.38 0.54 50.00 0.10 -14.44 6 63 6 63  0.0%  4.0%  0.000 0.000 0.00 -4.90 0.00  0.00 0.00   0.00 0.0% | 1200.00  -50.00 HI -50.00 -50.00
2026-09-27T06:51:51.804,DEMO,DEMO,DEMO_MODE,0427e6a8ed5b4d0f92e17b614ed8f417,F1 :      0    0 0.10 -14.44 0.54 50.00   0.0   4.0,0.00 0.00 0.00 89.38 0.54 50.00 0.10 -14.44 6 63 6 63  0.0%  4.0%  0.000 0.000 0.00 -4.90 0.00  0.00 0.00   0.00 0.0% | 1200.00  -50.00 HI -50.00 -50.00
2026-09-27T06:51:51.924,DEMO,DEMO,DEMO_MODE,0427e6a8ed5b4d0f92e17b614ed8f417,F1 :      0    0 0.10 -14.44 0.54 50.00   0.0   4.0,0.00 0.00 0.00 89.38 0.54 50.00 0.10 -14.44 6 63 6 63  0.0%  4.0%  0.000 0.000 0.00 -4.90 0.00  0.00 0.00   0.00 0.0% | 1200.00  -50.00 HI -50.00 -50.00
2026-09-27T06:51:52.045,DEMO,DEMO,DEMO_MODE,0427e6a8ed5b4d0f92e17b614ed8f417,F1 :      0    0 0.10 -14.44 0.54 50.00   0.0   4.0,0.00 0.00 0.00 89.38 0.54 50.00 0.10 -14.44 6 63 6 63  0.0%  4.0%  0.000 0.000 0.00 -4.90 0.00  0.00 0.00   0.00 0.0% | 1200.00  -50.00 HI -50.00 -50.00
2026-09-27T06:51:52.165,DEMO,DEMO,DEMO_MODE,0427e6a8ed5b4d0f92e17b614ed8f417,F1 :      0    1 0.10 -14.44 0.54 50.00   0.0   4.0,0.00 0.00 0.00 89.38 0.54 50.00 0.10 -14.44 6 63 6 63  0.0%  4.0%  0.000 0.000 0.00 -4.90 0.00  0.00 0.00   0.00 0.0% | 1200.00  -50.00 HI -50.00 -50.00
2026-09-27T06:51:52.286,DEMO,DEMO,DEMO_MODE,0427e6a8ed5b4d0f92e17b614ed8f417,F1 :      0    1 0.10 -14.44 0.54 50.00   0.0   4.0,0.00 0.00 0.00 89.38 0.54 50.00 0.10 -14.44 6 63 6 63  0.0%  4.0%  0.000 0.000 0.00 -4.90 0.00  0.00 0.00   0.00 0.0% | 1200.00  -50.00 HI -50.00 -50.00
2026-09-27T06:51:52.406,DEMO,DEMO,DEMO_MODE,0427e6a8ed5b4d0f92e17b614ed8f417,F1 :      0    1 0.10 -14.44 0.54 50.00   0.0   4.0,0.00 0.00 0.00 89.38 0.54 50.00 0.10 -14.44 6 63 6 63  0.0%  4.0%  0.000 0.000 0.00 -4.90 0.00  0.00 0.00   0.00 0.0% | 1200.00  -50.00 HI -50.00 -50.00
2026-09-27T06:51:52.527,DEMO,DEMO,DEMO_MODE,0427e6a8ed5b4d0f92e17b614ed8f417,F1 :      0    1 0.10 -14.44 0.54 50.00   0.0   4.0,0.00 0.00 0.00 89.38 0.54 50.00 0.10 -14.44 6 63 6 63  0.0%  4.0%  0.000 0.000 0.00 -4.90 0.00  0.00 0.00   0.00 0.0% | 1200.00  -50.00 HI -50.00 -50.00
2026-09-27T06:51:52.647,DEMO,DEMO,DEMO_MODE,0427e6a8ed5b4d0f92e17b614ed8f417,F1 :      0    1 0.10 -14.44 0.54 50.00   0.0   4.0,0.00 0.00 0.00 89.38 0.54 50.00 0.10 -14.44 6 63 6 63  0.0%  4.0%  0.000 0.000 0.00 -4.90 0.00  0.00 0.00   0.00 0.0% | 1200.00  -50.00 HI -50.00 -50.00
2026-09-27T06:51:52.769,DEMO,DEMO,DEMO_MODE,0427e6a8ed5b4d0f92e17b614ed8f417,F1 :      0    1 0.10 -14.44 0.54 50.00   0.0   4.0,0.00 0.00 0.00 89.38 0.54 50.00 0.10 -14.44 6 63 6 63  0.0%  4.0%  0.000 0.000 0.00 -4.90 0.00  0.00 0.00   0.00 0.0% | 1200.00  -50.00 HI -50.00 -50.00
2026-09-27T06:51:52.889,DEMO,DEMO,DEMO_MODE,0427e6a8ed5b4d0f92e17b614ed8f417,F1 :      0    1 0.10 -14.44 0.54 50.00   0.0   4.0,0.00 0.00 0.00 89.38 0.54 50.00 0.10 -14.44 6 63 6 63  0.0%  4.0%  0.000 0.000 0.00 -4.90 0.00  0.00 0.00   0.00 0.0% | 1200.00  -50.00 HI -50.00 -50.00
2026-09-27T06:51:53.010,DEMO,DEMO,DEMO_MODE,0427e6a8ed5b4d0f92e17b614ed8f417,F1 :      0    1 0.10 -14.44 0.54 50.00   0.0   4.0,0.00 0.00 0.00 89.38 0.54 50.00 0.10 -14.44 6 63 6 63  0.0%  4.0%  0.000 0.000 0.00 -4.90 0.00  0.00 0.00   0.00 0.0% | 1200.00  -50.00 HI -50.00 -50.00
2026-09-27T06:51:53.130,DEMO,DEMO,DEMO_MODE,0427e6a8ed5b4d0f92e17b614ed8f417,F1 :      0    1 0.10 -14.44 0.54 50.00   0.0   4.0,0.00 0.00 0.00 89.38 0.54 50.00 0.10 -14.44 6 63 6 63  0.0%  4.0%  0.000 0.000 0.00 -4.90 0.00  0.00 0.00   0.00 0.0% | 1200.00  -50.00 HI -50.00 -50.00
2026-09-27T06:51:53.251,DEMO,DEMO,DEMO_MODE,0427e6a8ed5b4d0f92e17b614ed8f417,F1 :    100    1 0.10 -14.44 0.54 50.00  10.0   8.0,0.00 0.00 0.00 89.38 0.54 50.00 0.10 -14.44 6 63 6 63 10.0%  8.0% 50.000 0.000 0.00 -4.90 0.00  1.98 0.00  99.00 0.0% | 1200.00  -40.00 HI -50.00 -50.00
2026-09-27T06:51:53.371,DEMO,DEMO,DEMO_MODE,0427e6a8ed5b4d0f92e17b614ed8f417,F1 :    100    1 0.10 -14.44 0.54 50.00  10.0   8.0,0.00 0.00 0.00 89.38 0.54 50.00 0.10 -14.44 6 63 6 63 10.0%  8.0% 50.000 0.000 0.00 -4.90 0.00  1.98 0.00  99.00 0.0% | 1200.00  -40.00 HI -50.00 -50.00
2026-09-27T06:51:53.492,DEMO,DEMO,DEMO_MODE,0427e6a8ed5b4d0f92e17b614ed8f417,F1 :    100    1 0.10 -14.44 0.54 50.00  10.0   8.0,0.00 0.00 0.00 89.38 0.54 50.00 0.10 -14.44 6 63 6 63 10.0%  8.0% 50.000 0.000 0.00 -4.90 0.00  1.98 0.00  99.00 0.0% | 1200.00  -40.00 HI -50.00 -50.00
2026-09-27T06:51:53.613,DEMO,DEMO,DEMO_MODE,0427e6a8ed5b4d0f92e17b614ed8f417,F1 :    100    1 0.10 -14.44 0.54 50.00  10.0   8.0,0.00 0.00 0.00 89.38 0.54 50.00 0.10 -14.44 6 63 6 63 10.0%  8.0% 50.000 0.000 0.00 -4.90 0.00  1.98 0.00  99.00 0.0% | 1200.00  -40.00 HI -50.00 -50.00
2026-09-27T06:51:53.734,DEMO,DEMO,DEMO_MODE,0427e6a8ed5b4d0f92e17b614ed8f417,F1 :    100    1 0.10 -14.44 0.54 50.00  10.0   8.0,0.00 0.00 0.00 89.38 0.54 50.00 0.10 -14.44 6 63 6 63 10.0%  8.0% 50.000 0.000 0.00 -4.90 0.00  1.98 0.00  99.00 0.0% | 1200.00  -40.00 HI -50.00 -50.00
2026-09-27T06:51:53.854,DEMO,DEMO,DEMO_MODE,0427e6a8ed5b4d0f92e17b614ed8f417,F1 :    100    1 0.10 -14.44 0.54 50.00  10.0   8.0,0.00 0.00 0.00 89.38 0.54 50.00 0.10 -14.44 6 63 6 63 10.0%  8.0% 50.000 0.000 0.00 -4.90 0.00  1.98 0.00  99.00 0.0% | 1200.00  -40.00 HI -50.00 -50.00
2026-09-27T06:51:53.974,DEMO,DEMO,DEMO_MODE,0427e6a8ed5b4d0f92e17b614ed8f417,F1 :    100    1 0.10 -14.44 0.54 50.00  10.0   8.0,0.00 0.00 0.00 89.38 0.54 50.00 0.10 -14.44 6 63 6 63 10.0%  8.0% 50.000 0.000 0.00 -4.90 0.00  1.98 0.00  99.00 0.0% | 1200.00  -40.00 HI -50.00 -50.00
2026-09-27T06:51:54.095,DEMO,DEMO,DEMO_MODE,0427e6a8ed5b4d0f92e17b614ed8f417,F1 :    100    1 0.10 -14.44 0.54 50.00  10.0   8.0,0.00 0.00 0.00 89.38 0.54 50.00 0.10 -14.44 6 63 6 63 10.0%  8.0% 50.000 0.000 0.00 -4.90 0.00  1.98 0.00  99.00 0.0% | 1200.00  -40.00 HI -50.00 -50.00
2026-09-27T06:51:54.216,DEMO,DEMO,DEMO_MODE,0427e6a8ed5b4d0f92e17b614ed8f417,F1 :    100    1 0.10 -14.44 0.54 50.00  10.0   8.0,0.00 0.00 0.00 89.38 0.54 50.00 0.10 -14.44 6 63 6 63 10.0%  8.0% 50.000 0.000 0.00 -4.90 0.00  1.98 0.00  99.00 0.0% | 1200.00  -40.00 HI -50.00 -50.00
2026-09-27T06:51:54.336,DEMO,DEMO,DEMO_MODE,0427e6a8ed5b4d0f92e17b614ed8f417,F1 :    100    1 0.10 -14.44 0.54 50.00  10.0   8.0,0.00 0.00 0.00 89.38 0.54 50.00 0.10 -14.44 6 63 6 63 10.0%  8.0% 50.000 0.000 0.00 -4.90 0.00  1.98 0.00  99.00 0.0% | 1200.00  -40.00 HI -50.00 -50.00
2026-09-27T06:51:54.457,DEMO,DEMO,DEMO_MODE,0427e6a8ed5b4d0f92e17b614ed8f417,F1 :    100    1 0.10 -14.44 0.54 50.00  10.0   8.0,0.00 0.00 0.00 89.38 0.54 50.00 0.10 -14.44 6 63 6 63 10.0%  8.0% 50.000 0.000 0.00 -4.90 0.00  1.98 0.00  99.00 0.0% | 1200.00  -40.00 HI -50.00 -50.00
2026-09-27T06:51:54.578,DEMO,DEMO,DEMO_MODE,0427e6a8ed5b4d0f92e17b614ed8f417,F1 :    100    1 0.10 -14.44 0.54 50.00  10.0   8.0,0.00 0.00 0.00 89.38 0.54 50.00 0.10 -14.44 6 63 6 63 10.0%  8.0% 50.000 0.000 0.00 -4.90 0.00  1.98 0.00  99.00 0.0% | 1200.00  -40.00 HI -50.00 -50.00
2026-09-27T06:51:54.698,DEMO,DEMO,DEMO_MODE,0427e6a8ed5b4d0f92e17b614ed8f417,F1 :    100    1 0.10 -14.44 0.54 50.00  10.0   8.0,0.00 0.00 0.00 89.38 0.54 50.00 0.10 -14.44 6 63 6 63 10.0%  8.0% 50.000 0.000 0.00 -4.90 0.00  1.98 0.00  99.00 0.0% | 1200.00  -40.00 HI -50.00 -50.00
2026-09-27T06:51:54.819,DEMO,DEMO,DEMO_MODE,0427e6a8ed5b4d0f92e17b614ed8f417,F1 :    100    1 0.10 -14.44 0.54 50.00  10.0   8.0,0.00 0.00 0.00 89.38 0.54 50.00 0.10 -14.44 6 63 6 63 10.0%  8.0% 50.000 0.000 0.00 -4.90 0.00  1.98 0.00  99.00 0.0% | 1200.00  -40.00 HI -50.00 -50.00
2026-09-27T06:51:54.940,DEMO,DEMO,DEMO_MODE,0427e6a8ed5b4d0f92e17b614ed8f417,F1 :    100    1 0.10 -14.44 0.54 50.00  10.0   8.0,0.00 0.00 0.00 89.38 0.54 50.00 0.10 -14.44 6 63 6 63 10.0%  8.0% 50.000 0.000 0.00 -4.90 0.00  1.98 0.00  99.00 0.0% | 1200.00  -40.00 HI -50.00 -50.00
2026-09-27T06:51:55.060,DEMO,DEMO,DEMO_MODE,0427e6a8ed5b4d0f92e17b614ed8f417,F1 :    100    1 0.10 -14.44 0.54 50.00  10.0   8.0,0.00 0.00 0.00 89.38 0.54 50.00 0.10 -14.44 6 63 6 63 10.0%  8.0% 50.000 0.000 0.00 -4.90 0.00  1.98 0.00  99.00 0.0% | 1200.00  -40.00 HI -50.00 -50.00
2026-09-27T06:51:55.181,DEMO,DEMO,DEMO_MODE,0427e6a8ed5b4d0f92e17b614ed8f417,F1 :    100    1 0.10 -14.44 0.54 50.00  10.0   8.0,0.00 0.00 0.00 89.38 0.54 50.00 0.10 -14.44 6 63 6 63 10.0%  8.0% 50.000 0.000 0.00 -4.90 0.00  1.98 0.00  99.00 0.0% | 1200.00  -40.00 HI -50.00 -50.00
2026-09-27T06:51:55.302,DEMO,DEMO,DEMO_MODE,0427e6a8ed5b4d0f92e17b614ed8f417,F1 :    100    1 0.10 -14.44 0.54 50.00  10.0   8.0,0.00 0.00 0.00 89.38 0.54 50.00 0.10 -14.44 6 63 6 63 10.0%  8.0% 50.000 0.000 0.00 -4.90 0.00  1.98 0.00  99.00 0.0% | 1200.00  -40.00 HI -50.00 -50.00
2026-09-27T06:51:55.423,DEMO,DEMO,DEMO_MODE,0427e6a8ed5b4d0f92e17b614ed8f417,F1 :    100    1 0.10 -14.44 0.54 50.00  10.0   8.0,0.00 0.00 0.00 89.38 0.54 50.00 0.10 -14.44 6 63 6 63 10.0%  8.0% 50.000 0.000 0.00 -4.90 0.00  1.98 0.00  99.00 0.0% | 1200.00  -40.00 HI -50.00 -50.00
2026-09-27T06:51:55.543,DEMO,DEMO,DEMO_MODE,0427e6a8ed5b4d0f92e17b614ed8f417,F1 :    100    1 0.10 -14.44 0.54 50.00  10.0   8.0,0.00 0.00 0.00 89.38 0.54 50.00 0.10 -14.44 6 63 6 63 10.0%  8.0% 50.000 0.000 0.00 -4.90 0.00  1.98 0.00  99.00 0.0% | 1200.00  -40.00 HI -50.00 -50.00
2026-09-27T06:51:55.664,DEMO,DEMO,DEMO_MODE,0427e6a8ed5b4d0f92e17b614ed8f417,F1 :    100    1 0.10 -14.44 0.54 50.00  10.0   8.0,0.00 0.00 0.00 89.38 0.54 50.00 0.10 -14.44 6 63 6 63 10.0%  8.0% 50.000 0.000 0.00 -4.90 0.00  1.98 0.00  99.00 0.0% | 1200.00  -40.00 HI -50.00 -50.00
2026-09-27T06:51:55.785,DEMO,DEMO,DEMO_MODE,0427e6a8ed5b4d0f92e17b614ed8f417,F1 :    100    1 0.10 -14.44 0.54 50.00  10.0   8.0,0.00 0.00 0.00 89.38 0.54 50.00 0.10 -14.44 6 63 6 63 10.0%  8.0% 50.000 0.000 0.00 -4.90 0.00  1.98 0.00  99.00 0.0% | 1200.00  -40.00 HI -50.00 -50.00
2026-09-27T06:51:55.906,DEMO,DEMO,DEMO_MODE,0427e6a8ed5b4d0f92e17b614ed8f417,F1 :    100    1 0.10 -14.44 0.54 50.00  10.0   8.0,0.00 0.00 0.00 89.38 0.54 50.00 0.10 -14.44 6 63 6 63 10.0%  8.0% 50.000 0.000 0.00 -4.90 0.00  1.98 0.00  99.00 0.0% | 1200.00  -40.00 HI -50.00 -50.00
2026-09-27T06:51:56.026,DEMO,DEMO,DEMO_MODE,0427e6a8ed5b4d0f92e17b614ed8f417,F1 :    100    1 0.10 -14.44 0.54 50.00  10.0   8.0,0.00 0.00 0.00 89.38 0.54 50.00 0.10 -14.44 6 63 6 63 10.0%  8.0% 50.000 0.000 0.00 -4.90 0.00  1.98 0.00  99.00 0.0% | 1200.00  -40.00 HI -50.00 -50.00
2026-09-27T06:51:56.147,DEMO,DEMO,DEMO_MODE,0427e6a8ed5b4d0f92e17b614ed8f417,F1 :    100    1 0.10 -14.44 0.54 50.00  10.0   8.0,0.00 0.00 0.00 89.38 0.54 50.00 0.10 -14.44 6 63 6 63 10.0%  8.0% 50.000 0.000 0.00 -4.90 0.00  1.98 0.00  99.00 0.0% | 1200.00  -40.00 HI -50.00 -50.00
2026-09-27T06:51:56.268,DEMO,DEMO,DEMO_MODE,0427e6a8ed5b4d0f92e17b614ed8f417,F1 :    100    1 0.10 -14.44 0.54 50.00  10.0   8.0,0.00 0.00 0.00 89.38 0.54 50.00 0.10 -14.44 6 63 6 63 10.0%  8.0% 50.000 0.000 0.00 -4.90 0.00  1.98 0.00  99.00 0.0% | 1200.00  -40.00 HI -50.00 -50.00
2026-09-27T06:51:56.389,DEMO,DEMO,DEMO_MODE,0427e6a8ed5b4d0f92e17b614ed8f417,F1 :    100    1 0.10 -14.44 0.54 50.00  10.0   8.0,0.00 0.00 0.00 89.38 0.54 50.00 0.10 -14.44 6 63 6 63 10.0%  8.0% 50.000 0.000 0.00 -4.90 0.00  1.98 0.00  99.00 0.0% | 1200.00  -40.00 HI -50.00 -50.00
2026-09-27T06:51:56.509,DEMO,DEMO,DEMO_MODE,0427e6a8ed5b4d0f92e17b614ed8f417,F1 :    100    1 0.10 -14.44 0.54 50.00  10.0   8.0,0.00 0.00 0.00 89.38 0.54 50.00 0.10 -14.44 6 63 6 63 10.0%  8.0% 50.000 0.000 0.00 -4.90 0.00  1.98 0.00  99.00 0.0% | 1200.00  -40.00 HI -50.00 -50.00
2026-09-27T06:51:56.630,DEMO,DEMO,DEMO_MODE,0427e6a8ed5b4d0f92e17b614ed8f417,F1 :    100    1 0.10 -14.44 0.54 50.00  10.0   8.0,0.00 0.00 0.00 89.38 0.54 50.00 0.10 -14.44 6 63 6 63 10.0%  8.0% 50.000 0.000 0.00 -4.90 0.00  1.98 0.00  99.00 0.0% | 1200.00  -40.00 HI -50.00 -50.00
2026-09-27T06:51:56.752,DEMO,DEMO,DEMO_MODE,0427e6a8ed5b4d0f92e17b614ed8f417,F1 :    100    1 0.10 -14.44 0.54 50.00  10.0   8.0,0.00 0.00 0.00 89.38 0.54 50.00 0.10 -14.44 6 63 6 63 10.0%  8.0% 50.000 0.000 0.00 -4.90 0.00  1.98 0.00  99.00 0.0% | 1200.00  -40.00 HI -50.00 -50.00
2026-09-27T06:51:56.873,DEMO,DEMO,DEMO_MODE,0427e6a8ed5b4d0f92e17b614ed8f417,F1 :    100    1 0.10 -14.44 0.54 50.00  10.0   8.0,0.00 0.00 0.00 89.38 0.54 50.00 0.10 -14.44 6 63 6 63 10.0%  8.0% 50.000 0.000 0.00 -4.90 0.00  1.98 0.00  99.00 0.0% | 1200.00  -40.00 HI -50.00 -50.00
2026-09-27T06:51:56.993,DEMO,DEMO,DEMO_MODE,0427e6a8ed5b4d0f92e17b614ed8f417,F1 :    100    1 0.10 -14.44 0.54 50.00  10.0   8.0,0.00 0.00 0.00 89.38 0.54 50.00 0.10 -14.44 6 63 6 63 10.0%  8.0% 50.000 0.000 0.00 -4.90 0.00  1.98 0.00  99.00 0.0% | 1200.00  -40.00 HI -50.00 -50.00
2026-09-27T06:51:57.118,DEMO,DEMO,DEMO_MODE,0427e6a8ed5b4d0f92e17b614ed8f417,F1 :    100    1 0.10 -14.44 0.54 50.00  10.0   8.0,0.00 0.00 0.00 89.38 0.54 50.00 0.10 -14.44 6 63 6 63 10.0%  8.0% 50.000 0.000 0.00 -4.90 0.00  1.98 0.00  99.00 0.0% | 1200.00  -40.00 HI -50.00 -50.00
2026-09-27T06:51:57.238,DEMO,DEMO,DEMO_MODE,0427e6a8ed5b4d0f92e17b614ed8f417,F1 :    100    1 0.10 -14.44 0.54 50.00  10.0   8.0,0.00 0.00 0.00 89.38 0.54 50.00 0.10 -14.44 6 63 6 63 10.0%  8.0% 50.000 0.000 0.00 -4.90 0.00  1.98 0.00  99.00 0.0% | 1200.00  -40.00 HI -50.00 -50.00
2026-09-27T06:51:57.359,DEMO,DEMO,DEMO_MODE,0427e6a8ed5b4d0f92e17b614ed8f417,F1 :    100    1 0.10 -14.44 0.54 50.00  10.0   8.0,0.00 0.00 0.00 89.38 0.54 50.00 0.10 -14.44 6 63 6 63 10.0%  8.0% 50.000 0.000 0.00 -4.90 0.00  1.98 0.00  99.00 0.0% | 1200.00  -40.00 HI -50.00 -50.00
2026-09-27T06:51:57.480,DEMO,DEMO,DEMO_MODE,0427e6a8ed5b4d0f92e17b614ed8f417,F1 :    100    1 0.10 -14.44 0.54 50.00  10.0   8.0,0.00 0.00 0.00 89.38 0.54 50.00 0.10 -14.44 6 63 6 63 10.0%  8.0% 50.000 0.000 0.00 -4.90 0.00  1.98 0.00  99.00 0.0% | 1200.00  -40.00 HI -50.00 -50.00
2026-09-27T06:51:57.600,DEMO,DEMO,DEMO_MODE,0427e6a8ed5b4d0f92e17b614ed8f417,F1 :    100    1 0.10 -14.44 0.54 50.00  10.0   8.0,0.00 0.00 0.00 89.38 0.54 50.00 0.10 -14.44 6 63 6 63 10.0%  8.0% 50.000 0.000 0.00 -4.90 0.00  1.98 0.00  99.00 0.0% | 1200.00  -40.00 HI -50.00 -50.00
2026-09-27T06:51:57.721,DEMO,DEMO,DEMO_MODE,0427e6a8ed5b4d0f92e17b614ed8f417,F1 :    100    1 0.10 -14.44 0.54 50.00  10.0   8.0,0.00 0.00 0.00 89.38 0.54 50.00 0.10 -14.44 6 63 6 63 10.0%  8.0% 50.000 0.000 0.00 -4.90 0.00  1.98 0.00  99.00 0.0% | 1200.00  -40.00 HI -50.00 -50.00
2026-09-27T06:51:57.841,DEMO,DEMO,DEMO_MODE,0427e6a8ed5b4d0f92e17b614ed8f417,F1 :    100    1 0.10 -14.44 0.54 50.00  10.0   8.0,0.00 0.00 0.00 89.38 0.54 50.00 0.10 -14.44 6 63 6 63 10.0%  8.0% 50.000 0.000 0.00 -4.90 0.00  1.98 0.00  99.00 0.0% | 1200.00  -40.00 HI -50.00 -50.00
2026-09-27T06:51:57.962,DEMO,DEMO,DEMO_MODE,0427e6a8ed5b4d0f92e17b614ed8f417,F1 :    100    1 0.10 -14.44 0.54 50.00  10.0   8.0,0.00 0.00 0.00 89.38 0.54 50.00 0.10 -14.44 6 63 6 63 10.0%  8.0% 50.000 0.000 0.00 -4.90 0.00  1.98 0.00  99.00 0.0% | 1200.00  -40.00 HI -50.00 -50.00
2026-09-27T06:51:58.083,DEMO,DEMO,DEMO_MODE,0427e6a8ed5b4d0f92e17b614ed8f417,F1 :    100    1 0.10 -14.44 0.54 50.00  10.0   8.0,0.00 0.00 0.00 89.38 0.54 50.00 0.10 -14.44 6 63 6 63 10.0%  8.0% 50.000 0.000 0.00 -4.90 0.00  1.98 0.00  99.00 0.0% | 1200.00  -40.00 HI -50.00 -50.00
2026-09-27T06:51:58.203,DEMO,DEMO,DEMO_MODE,0427e6a8ed5b4d0f92e17b614ed8f417,F1 :    100    1 0.10 -14.44 0.54 50.00  10.0  12.0,0.00 0.00 0.00 89.38 0.54 50.00 0.10 -14.44 6 63 6 63 10.0% 12.0% 50.000 0.000 0.00 -4.90 0.00  1.98 0.00  99.00 0.0% | 1200.00  -40.00 HI -50.00 -50.00
2026-09-27T06:51:58.324,DEMO,DEMO,DEMO_MODE,0427e6a8ed5b4d0f92e17b614ed8f417,F1 :    100    1 0.10 -14.44 0.54 50.00  10.0  12.0,0.00 0.00 0.00 89.38 0.54 50.00 0.10 -14.44 6 63 6 63 10.0% 12.0% 50.000 0.000 0.00 -4.90 0.00  1.98 0.00  99.00 0.0% | 1200.00  -40.00 HI -50.00 -50.00
2026-09-27T06:51:58.445,DEMO,DEMO,DEMO_MODE,0427e6a8ed5b4d0f92e17b614ed8f417,F1 :    100    1 0.10 -14.44 0.54 50.00  10.0  12.0,0.00 0.00 0.00 89.38 0.54 50.00 0.10 -14.44 6 63 6 63 10.0% 12.0% 50.000 0.000 0.00 -4.90 0.00  1.98 0.00  99.00 0.0% | 1200.00  -40.00 HI -50.00 -50.00
2026-09-27T06:51:58.565,DEMO,DEMO,DEMO_MODE,0427e6a8ed5b4d0f92e17b614ed8f417,F1 :    100    1 0.10 -14.44 0.54 50.00  10.0  12.0,0.00 0.00 0.00 89.38 0.54 50.00 0.10 -14.44 6 63 6 63 10.0% 12.0% 50.000 0.000 0.00 -4.90 0.00  1.98 0.00  99.00 0.0% | 1200.00  -40.00 HI -50.00 -50.00
2026-09-27T06:51:58.685,DEMO,DEMO,DEMO_MODE,0427e6a8ed5b4d0f92e17b614ed8f417,F1 :    100    1 0.10 -14.44 0.54 50.00  10.0  12.0,0.00 0.00 0.00 89.38 0.54 50.00 0.10 -14.44 6 63 6 63 10.0% 12.0% 50.000 0.000 0.00 -4.90 0.00  1.98 0.00  99.00 0.0% | 1200.00  -40.00 HI -50.00 -50.00
2026-09-27T06:51:58.806,DEMO,DEMO,DEMO_MODE,0427e6a8ed5b4d0f92e17b614ed8f417,F1 :    100    1 0.10 -14.44 0.54 50.00  10.0  12.0,0.00 0.00 0.00 89.38 0.54 50.00 0.10 -14.44 6 63 6 63 10.0% 12.0% 50.000 0.000 0.00 -4.90 0.00  1.98 0.00  99.00 0.0% | 1200.00  -40.00 HI -50.00 -50.00
2026-09-27T06:51:58.927,DEMO,DEMO,DEMO_MODE,0427e6a8ed5b4d0f92e17b614ed8f417,F1 :    100    1 0.10 -14.44 0.54 50.00  10.0  12.0,0.00 0.00 0.00 89.38 0.54 50.00 0.10 -14.44 6 63 6 63 10.0% 12.0% 50.000 0.000 0.00 -4.90 0.00  1.98 0.00  99.00 0.0% | 1200.00  -40.00 HI -50.00 -50.00
2026-09-27T06:51:59.048,DEMO,DEMO,DEMO_MODE,0427e6a8ed5b4d0f92e17b614ed8f417,F1 :    100    1 0.10 -14.44 0.54 50.00  10.0  12.0,0.00 0.00 0.00 89.38 0.54 50.00 0.10 -14.44 6 63 6 63 10.0% 12.0% 50.000 0.000 0.00 -4.90 0.00  1.98 0.00  99.00 0.0% | 1200.00  -40.00 HI -50.00 -50.00
2026-09-27T06:51:59.168,DEMO,DEMO,DEMO_MODE,0427e6a8ed5b4d0f92e17b614ed8f417,F1 :    100    1 0.10 -14.44 0.54 50.00  10.0  12.0,0.00 0.00 0.00 89.38 0.54 50.00 0.10 -14.44 6 63 6 63 10.0% 12.0% 50.000 0.000 0.00 -4.90 0.00  1.98 0.00  99.00 0.0% | 1200.00  -40.00 HI -50.00 -50.00
2026-09-27T06:51:59.289,DEMO,DEMO,DEMO_MODE,0427e6a8ed5b4d0f92e17b614ed8f417,F1 :    100    1 0.10 -14.44 0.54 50.00  10.0  12.0,0.00 0.00 0.00 89.38 0.54 50.00 0.10 -14.44 6 63 6 63 10.0% 12.0% 50.000 0.000 0.00 -4.90 0.00  1.98 0.00  99.00 0.0% | 1200.00  -40.00 HI -50.00 -50.00
2026-09-27T06:51:59.409,DEMO,DEMO,DEMO_MODE,0427e6a8ed5b4d0f92e17b614ed8f417,F1 :    100    1 0.10 -14.44 0.54 50.00  10.0  12.0,0.00 0.00 0.00 89.38 0.54 50.00 0.10 -14.44 6 63 6 63 10.0% 12.0% 50.000 0.000 0.00 -4.90 0.00  1.98 0.00  99.00 0.0% | 1200.00  -40.00 HI -50.00 -50.00
2026-09-27T06:51:59.531,DEMO,DEMO,DEMO_MODE,0427e6a8ed5b4d0f92e17b614ed8f417,F1 :    100    1 0.10 -14.44 0.54 50.00  10.0  12.0,0.00 0.00 0.00 89.38 0.54 50.00 0.10 -14.44 6 63 6 63 10.0% 12.0% 50.000 0.000 0.00 -4.90 0.00  1.98 0.00  99.00 0.0% | 1200.00  -40.00 HI -50.00 -50.00
2026-09-27T06:51:59.651,DEMO,DEMO,DEMO_MODE,0427e6a8ed5b4d0f92e17b614ed8f417,F1 :    100    1 0.10 -14.44 0.54 50.00  10.0  12.0,0.00 0.00 0.00 89.38 0.54 50.00 0.10 -14.44 6 63 6 63 10.0% 12.0% 50.000 0.000 0.00 -4.90 0.00  1.98 0.00  99.00 0.0% | 1200.00  -40.00 HI -50.00 -50.00
2026-09-27T06:51:59.771,DEMO,DEMO,DEMO_MODE,0427e6a8ed5b4d0f92e17b614ed8f417,F1 :    100    1 0.10 -14.44 0.54 50.00  10.0  12.0,0.00 0.00 0.00 89.38 0.54 50.00 0.10 -14.44 6 63 6 63 10.0% 12.0% 50.000 0.000 0.00 -4.90 0.00  1.98 0.00  99.00 0.0% | 1200.00  -40.00 HI -50.00 -50.00
2026-09-27T06:51:59.892,DEMO,DEMO,DEMO_MODE,0427e6a8ed5b4d0f92e17b614ed8f417,F1 :    100    1 0.10 -14.44 0.54 50.00  10.0  12.0,0.00 0.00 0.00 89.38 0.54 50.00 0.10 -14.44 6 63 6 63 10.0% 12.0% 50.000 0.000 0.00 -4.90 0.00  1.98 0.00  99.00 0.0% | 1200.00  -40.00 HI -50.00 -50.00
2026-09-27T06:52:00.012,DEMO,DEMO,DEMO_MODE,0427e6a8ed5b4d0f92e17b614ed8f417,F1 :    100    1 0.10 -14.44 0.54 50.00  10.0  12.0,0.00 0.00 0.00 89.38 0.54 50.00 0.10 -14.44 6 63 6 63 10.0% 12.0% 50.000 0.000 0.00 -4.90 0.00  1.98 0.00  99.00 0.0% | 1200.00  -40.00 HI -50.00 -50.00
2026-09-27T06:52:00.133,DEMO,DEMO,DEMO_MODE,0427e6a8ed5b4d0f92e17b614ed8f417,F1 :    100    1 0.10 -14.44 0.54 50.00  10.0  12.0,0.00 0.00 0.00 89.38 0.54 50.00 0.10 -14.44 6 63 6 63 10.0% 12.0% 50.000 0.000 0.00 -4.90 0.00  1.98 0.00  99.00 0.0% | 1200.00  -40.00 HI -50.00 -50.00
2026-09-27T06:52:00.254,DEMO,DEMO,DEMO_MODE,0427e6a8ed5b4d0f92e17b614ed8f417,F1 :    100    1 0.10 -14.44 0.54 50.00  10.0  12.0,0.00 0.00 0.00 89.38 0.54 50.00 0.10 -14.44 6 63 6 63 10.0% 12.0% 50.000 0.000 0.00 -4.90 0.00  1.98 0.00  99.00 0.0% | 1200.00  -40.00 HI -50.00 -50.00
2026-09-27T06:52:00.375,DEMO,DEMO,DEMO_MODE,0427e6a8ed5b4d0f92e17b614ed8f417,F1 :    100    1 0.10 -14.44 0.54 50.00  10.0  12.0,0.00 0.00 0.00 89.38 0.54 50.00 0.10 -14.44 6 63 6 63 10.0% 12.0% 50.000 0.000 0.00 -4.90 0.00  1.98 0.00  99.00 0.0% | 1200.00  -40.00 HI -50.00 -50.00
2026-09-27T06:52:00.496,DEMO,DEMO,DEMO_MODE,0427e6a8ed5b4d0f92e17b614ed8f417,F1 :    100    1 0.10 -14.44 0.54 50.00  10.0  12.0,0.00 0.00 0.00 89.38 0.54 50.00 0.10 -14.44 6 63 6 63 10.0% 12.0% 50.000 0.000 0.00 -4.90 0.00  1.98 0.00  99.00 0.0% | 1200.00  -40.00 HI -50.00 -50.00
2026-09-27T06:52:00.616,DEMO,DEMO,DEMO_MODE,0427e6a8ed5b4d0f92e17b614ed8f417,F1 :    100    1 0.10 -14.44 0.54 50.00  10.0  12.0,0.00 0.00 0.00 89.38 0.54 50.00 0.10 -14.44 6 63 6 63 10.0% 12.0% 50.000 0.000 0.00 -4.90 0.00  1.98 0.00  99.00 0.0% | 1200.00  -40.00 HI -50.00 -50.00
2026-09-27T06:52:00.737,DEMO,DEMO,DEMO_MODE,0427e6a8ed5b4d0f92e17b614ed8f417,F1 :    100    1 0.10 -14.44 0.54 50.00  10.0  12.0,0.00 0.00 0.00 89.38 0.54 50.00 0.10 -14.44 6 63 6 63 10.0% 12.0% 50.000 0.000 0.00 -4.90 0.00  1.98 0.00  99.00 0.0% | 1200.00  -40.00 HI -50.00 -50.00
2026-09-27T06:52:00.860,DEMO,DEMO,DEMO_MODE,0427e6a8ed5b4d0f92e17b614ed8f417,F1 :    100    1 0.10 -14.44 0.54 50.00  10.0  12.0,0.00 0.00 0.00 89.38 0.54 50.00 0.10 -14.44 6 63 6 63 10.0% 12.0% 50.000 0.000 0.00 -4.90 0.00  1.98 0.00  99.00 0.0% | 1200.00  -40.00 HI -50.00 -50.00
2026-09-27T06:52:00.981,DEMO,DEMO,DEMO_MODE,0427e6a8ed5b4d0f92e17b614ed8f417,F1 :    100    1 0.10 -14.44 0.54 50.00  10.0  12.0,0.00 0.00 0.00 89.38 0.54 50.00 0.10 -14.44 6 63 6 63 10.0% 12.0% 50.000 0.000 0.00 -4.90 0.00  1.98 0.00  99.00 0.0% | 1200.00  -40.00 HI -50.00 -50.00
2026-09-27T06:52:01.102,DEMO,DEMO,DEMO_MODE,0427e6a8ed5b4d0f92e17b614ed8f417,F1 :    100    1 0.10 -14.44 0.54 50.00  10.0  12.0,0.00 0.00 0.00 89.38 0.54 50.00 0.10 -14.44 6 63 6 63 10.0% 12.0% 50.000 0.000 0.00 -4.90 0.00  1.98 0.00  99.00 0.0% | 1200.00  -40.00 HI -50.00 -50.00
2026-09-27T06:52:01.222,DEMO,DEMO,DEMO_MODE,0427e6a8ed5b4d0f92e17b614ed8f417,F1 :    100    2 0.10 -14.44 0.54 50.00  10.0  12.0,0.00 0.00 0.00 89.38 0.54 50.00 0.10 -14.44 6 63 6 63 10.0% 12.0% 50.000 0.000 0.00 -4.90 0.00  1.96 0.00  98.00 0.0% | 1200.00  -40.00 HI -50.00 -50.00
2026-09-27T06:52:01.343,DEMO,DEMO,DEMO_MODE,0427e6a8ed5b4d0f92e17b614ed8f417,F1 :    100    2 0.10 -14.44 0.54 50.00  10.0  12.0,0.00 0.00 0.00 89.38 0.54 50.00 0.10 -14.44 6 63 6 63 10.0% 12.0% 50.000 0.000 0.00 -4.90 0.00  1.96 0.00  98.00 0.0% | 1200.00  -40.00 HI -50.00 -50.00
2026-09-27T06:52:01.463,DEMO,DEMO,DEMO_MODE,0427e6a8ed5b4d0f92e17b614ed8f417,F1 :    100    2 0.10 -14.44 0.54 50.00  10.0  12.0,0.00 0.00 0.00 89.38 0.54 50.00 0.10 -14.44 6 63 6 63 10.0% 12.0% 50.000 0.000 0.00 -4.90 0.00  1.96 0.00  98.00 0.0% | 1200.00  -40.00 HI -50.00 -50.00
2026-09-27T06:52:01.584,DEMO,DEMO,DEMO_MODE,0427e6a8ed5b4d0f92e17b614ed8f417,F1 :    100    2 0.10 -14.44 0.54 50.00  10.0  12.0,0.00 0.00 0.00 89.38 0.54 50.00 0.10 -14.44 6 63 6 63 10.0% 12.0% 50.000 0.000 0.00 -4.90 0.00  1.96 0.00  98.00 0.0% | 1200.00  -40.00 HI -50.00 -50.00
2026-09-27T06:52:01.704,DEMO,DEMO,DEMO_MODE,0427e6a8ed5b4d0f92e17b614ed8f417,F1 :    100    2 0.10 -14.44 0.54 50.00  10.0  12.0,0.00 0.00 0.00 89.38 0.54 50.00 0.10 -14.44 6 63 6 63 10.0% 12.0% 50.000 0.000 0.00 -4.90 0.00  1.96 0.00  98.00 0.0% | 1200.00  -40.00 HI -50.00 -50.00
2026-09-27T06:52:01.825,DEMO,DEMO,DEMO_MODE,0427e6a8ed5b4d0f92e17b614ed8f417,F1 :    100    2 0.10 -14.44 0.54 50.00  10.0  12.0,0.00 0.00 0.00 89.38 0.54 50.00 0.10 -14.44 6 63 6 63 10.0% 12.0% 50.000 0.000 0.00 -4.90 0.00  1.96 0.00  98.00 0.0% | 1200.00  -40.00 HI -50.00 -50.00
2026-09-27T06:52:01.946,DEMO,DEMO,DEMO_MODE,0427e6a8ed5b4d0f92e17b614ed8f417,F1 :    100    2 0.10 -14.44 0.54 50.00  10.0  12.0,0.00 0.00 0.00 89.38 0.54 50.00 0.10 -14.44 6 63 6 63 10.0% 12.0% 50.000 0.000 0.00 -4.90 0.00  1.96 0.00  98.00 0.0% | 1200.00  -40.00 HI -50.00 -50.00
2026-09-27T06:52:02.067,DEMO,DEMO,DEMO_MODE,0427e6a8ed5b4d0f92e17b614ed8f417,F1 :    100    2 0.10 -14.44 0.54 50.00  10.0  12.0,0.00 0.00 0.00 89.38 0.54 50.00 0.10 -14.44 6 63 6 63 10.0% 12.0% 50.000 0.000 0.00 -4.90 0.00  1.96 0.00  98.00 0.0% | 1200.00  -40.00 HI -50.00 -50.00
2026-09-27T06:52:02.187,DEMO,DEMO,DEMO_MODE,0427e6a8ed5b4d0f92e17b614ed8f417,F1 :    100    2 0.10 -14.44 0.54 50.00  10.0  12.0,0.00 0.00 0.00 89.38 0.54 50.00 0.10 -14.44 6 63 6 63 10.0% 12.0% 50.000 0.000 0.00 -4.90 0.00  1.96 0.00  98.00 0.0% | 1200.00  -40.00 HI -50.00 -50.00
2026-09-27T06:52:02.308,DEMO,DEMO,DEMO_MODE,0427e6a8ed5b4d0f92e17b614ed8f417,F1 :    100    2 0.10 -14.44 0.54 50.00  10.0  12.0,0.00 0.00 0.00 89.38 0.54 50.00 0.10 -14.44 6 63 6 63 10.0% 12.0% 50.000 0.000 0.00 -4.90 0.00  1.96 0.00  98.00 0.0% | 1200.00  -40.00 HI -50.00 -50.00
2026-09-27T06:52:02.428,DEMO,DEMO,DEMO_MODE,0427e6a8ed5b4d0f92e17b614ed8f417,F1 :    100    2 0.10 -14.44 0.54 50.00  10.0  12.0,0.00 0.00 0.00 89.38 0.54 50.00 0.10 -14.44 6 63 6 63 10.0% 12.0% 50.000 0.000 0.00 -4.90 0.00  1.96 0.00  98.00 0.0% | 1200.00  -40.00 HI -50.00 -50.00
2026-09-27T06:52:02.549,DEMO,DEMO,DEMO_MODE,0427e6a8ed5b4d0f92e17b614ed8f417,F1 :    100    2 0.10 -14.44 0.54 50.00  10.0  12.0,0.00 0.00 0.00 89.38 0.54 50.00 0.10 -14.44 6 63 6 63 10.0% 12.0% 50.000 0.000 0.00 -4.90 0.00  1.96 0.00  98.00 0.0% | 1200.00  -40.00 HI -50.00 -50.00
2026-09-27T06:52:02.669,DEMO,DEMO,DEMO_MODE,0427e6a8ed5b4d0f92e17b614ed8f417,F1 :    100    2 0.10 -14.44 0.54 50.00  10.0  12.0,0.00 0.00 0.00 89.38 0.54 50.00 0.10 -14.44 6 63 6 63 10.0% 12.0% 50.000 0.000 0.00 -4.90 0.00  1.96 0.00  98.00 0.0% | 1200.00  -40.00 HI -50.00 -50.00
2026-09-27T06:52:02.790,DEMO,DEMO,DEMO_MODE,0427e6a8ed5b4d0f92e17b614ed8f417,F1 :    100    2 0.10 -14.44 0.54 50.00  10.0  12.0,0.00 0.00 0.00 89.38 0.54 50.00 0.10 -14.44 6 63 6 63 10.0% 12.0% 50.000 0.000 0.00 -4.90 0.00  1.96 0.00  98.00 0.0% | 1200.00  -40.00 HI -50.00 -50.00
2026-09-27T06:52:02.911,DEMO,DEMO,DEMO_MODE,0427e6a8ed5b4d0f92e17b614ed8f417,F1 :    100    2 0.10 -14.44 0.54 50.00  10.0  12.0,0.00 0.00 0.00 89.38 0.54 50.00 0.10 -14.44 6 63 6 63 10.0% 12.0% 50.000 0.000 0.00 -4.90 0.00  1.96 0.00  98.00 0.0% | 1200.00  -40.00 HI -50.00 -50.00
2026-09-27T06:52:03.032,DEMO,DEMO,DEMO_MODE,0427e6a8ed5b4d0f92e17b614ed8f417,F1 :    100    2 0.10 -14.44 0.54 50.00  10.0  12.0,0.00 0.00 0.00 89.38 0.54 50.00 0.10 -14.44 6 63 6 63 10.0% 12.0% 50.000 0.000 0.00 -4.90 0.00  1.96 0.00  98.00 0.0% | 1200.00  -40.00 HI -50.00 -50.00
2026-09-27T06:52:03.152,DEMO,DEMO,DEMO_MODE,0427e6a8ed5b4d0f92e17b614ed8f417,F1 :    100    2 0.10 -14.44 0.54 50.00  10.0  12.0,0.00 0.00 0.00 89.38 0.54 50.00 0.10 -14.44 6 63 6 63 10.0% 12.0% 50.000 0.000 0.00 -4.90 0.00  1.96 0.00  98.00 0.0% | 1200.00  -40.00 HI -50.00 -50.00
2026-09-27T06:52:03.272,DEMO,DEMO,DEMO_MODE,0427e6a8ed5b4d0f92e17b614ed8f417,F1 :    200    2 0.10 -14.44 0.54 50.00  20.0  16.0,0.00 0.00 0.00 89.38 0.54 50.00 0.10 -14.44 6 63 6 63 20.0% 16.0% 100.000 0.000 0.00 -4.90 0.00  1.98 0.00 198.00 0.0% | 1200.00  -30.00 HI -50.00 -50.00
2026-09-27T06:52:03.394,DEMO,DEMO,DEMO_MODE,0427e6a8ed5b4d0f92e17b614ed8f417,F1 :    200    2 0.10 -14.44 0.54 50.00  20.0  16.0,0.00 0.00 0.00 89.38 0.54 50.00 0.10 -14.44 6 63 6 63 20.0% 16.0% 100.000 0.000 0.00 -4.90 0.00  1.98 0.00 198.00 0.0% | 1200.00  -30.00 HI -50.00 -50.00
2026-09-27T06:52:03.514,DEMO,DEMO,DEMO_MODE,0427e6a8ed5b4d0f92e17b614ed8f417,F1 :    200    2 0.10 -14.44 0.54 50.00  20.0  16.0,0.00 0.00 0.00 89.38 0.54 50.00 0.10 -14.44 6 63 6 63 20.0% 16.0% 100.000 0.000 0.00 -4.90 0.00  1.98 0.00 198.00 0.0% | 1200.00  -30.00 HI -50.00 -50.00
2026-09-27T06:52:03.636,DEMO,DEMO,DEMO_MODE,0427e6a8ed5b4d0f92e17b614ed8f417,F1 :    200    2 0.10 -14.44 0.54 50.00  20.0  16.0,0.00 0.00 0.00 89.38 0.54 50.00 0.10 -14.44 6 63 6 63 20.0% 16.0% 100.000 0.000 0.00 -4.90 0.00  1.98 0.00 198.00 0.0% | 1200.00  -30.00 HI -50.00 -50.00
2026-09-27T06:52:03.756,DEMO,DEMO,DEMO_MODE,0427e6a8ed5b4d0f92e17b614ed8f417,F1 :    200    2 0.10 -14.44 0.54 50.00  20.0  16.0,0.00 0.00 0.00 89.38 0.54 50.00 0.10 -14.44 6 63 6 63 20.0% 16.0% 100.000 0.000 0.00 -4.90 0.00  1.98 0.00 198.00 0.0% | 1200.00  -30.00 HI -50.00 -50.00
2026-09-27T06:52:03.877,DEMO,DEMO,DEMO_MODE,0427e6a8ed5b4d0f92e17b614ed8f417,F1 :    200    2 0.10 -14.44 0.54 50.00  20.0  16.0,0.00 0.00 0.00 89.38 0.54 50.00 0.10 -14.44 6 63 6 63 20.0% 16.0% 100.000 0.000 0.00 -4.90 0.00  1.98 0.00 198.00 0.0% | 1200.00  -30.00 HI -50.00 -50.00
2026-09-27T06:52:03.997,DEMO,DEMO,DEMO_MODE,0427e6a8ed5b4d0f92e17b614ed8f417,F1 :    200    2 0.10 -14.44 0.54 50.00  20.0  16.0,0.00 0.00 0.00 89.38 0.54 50.00 0.10 -14.44 6 63 6 63 20.0% 16.0% 100.000 0.000 0.00 -4.90 0.00  1.98 0.00 198.00 0.0% | 1200.00  -30.00 HI -50.00 -50.00
2026-09-27T06:52:04.118,DEMO,DEMO,DEMO_MODE,0427e6a8ed5b4d0f92e17b614ed8f417,F1 :    200    2 0.10 -14.44 0.54 50.00  20.0  16.0,0.00 0.00 0.00 89.38 0.54 50.00 0.10 -14.44 6 63 6 63 20.0% 16.0% 100.000 0.000 0.00 -4.90 0.00  1.98 0.00 198.00 0.0% | 1200.00  -30.00 HI -50.00 -50.00
2026-09-27T06:52:04.239,DEMO,DEMO,DEMO_MODE,0427e6a8ed5b4d0f92e17b614ed8f417,F1 :    200    2 0.10 -14.44 0.54 50.00  20.0  16.0,0.00 0.00 0.00 89.38 0.54 50.00 0.10 -14.44 6 63 6 63 20.0% 16.0% 100.000 0.000 0.00 -4.90 0.00  1.98 0.00 198.00 0.0% | 1200.00  -30.00 HI -50.00 -50.00
2026-09-27T06:52:04.360,DEMO,DEMO,DEMO_MODE,0427e6a8ed5b4d0f92e17b614ed8f417,F1 :    200    2 0.10 -14.44 0.54 50.00  20.0  16.0,0.00 0.00 0.00 89.38 0.54 50.00 0.10 -14.44 6 63 6 63 20.0% 16.0% 100.000 0.000 0.00 -4.90 0.00  1.98 0.00 198.00 0.0% | 1200.00  -30.00 HI -50.00 -50.00
2026-09-27T06:52:04.480,DEMO,DEMO,DEMO_MODE,0427e6a8ed5b4d0f92e17b614ed8f417,F1 :    200    2 0.10 -14.44 0.54 50.00  20.0  16.0,0.00 0.00 0.00 89.38 0.54 50.00 0.10 -14.44 6 63 6 63 20.0% 16.0% 100.000 0.000 0.00 -4.90 0.00  1.98 0.00 198.00 0.0% | 1200.00  -30.00 HI -50.00 -50.00
2026-09-27T06:52:04.601,DEMO,DEMO,DEMO_MODE,0427e6a8ed5b4d0f92e17b614ed8f417,F1 :    200    2 0.10 -14.44 0.54 50.00  20.0  16.0,0.00 0.00 0.00 89.38 0.54 50.00 0.10 -14.44 6 63 6 63 20.0% 16.0% 100.000 0.000 0.00 -4.90 0.00  1.98 0.00 198.00 0.0% | 1200.00  -30.00 HI -50.00 -50.00
2026-09-27T06:52:04.721,DEMO,DEMO,DEMO_MODE,0427e6a8ed5b4d0f92e17b614ed8f417,F1 :    200    2 0.10 -14.44 0.54 50.00  20.0  16.0,0.00 0.00 0.00 89.38 0.54 50.00 0.10 -14.44 6 63 6 63 20.0% 16.0% 100.000 0.000 0.00 -4.90 0.00  1.98 0.00 198.00 0.0% | 1200.00  -30.00 HI -50.00 -50.00
2026-09-27T06:52:04.842,DEMO,DEMO,DEMO_MODE,0427e6a8ed5b4d0f92e17b614ed8f417,F1 :    200    2 0.10 -14.44 0.54 50.00  20.0  16.0,0.00 0.00 0.00 89.38 0.54 50.00 0.10 -14.44 6 63 6 63 20.0% 16.0% 100.000 0.000 0.00 -4.90 0.00  1.98 0.00 198.00 0.0% | 1200.00  -30.00 HI -50.00 -50.00
2026-09-27T06:52:04.962,DEMO,DEMO,DEMO_MODE,0427e6a8ed5b4d0f92e17b614ed8f417,F1 :    200    2 0.10 -14.44 0.54 50.00  20.0  16.0,0.00 0.00 0.00 89.38 0.54 50.00 0.10 -14.44 6 63 6 63 20.0% 16.0% 100.000 0.000 0.00 -4.90 0.00  1.98 0.00 198.00 0.0% | 1200.00  -30.00 HI -50.00 -50.00
2026-09-27T06:52:05.083,DEMO,DEMO,DEMO_MODE,0427e6a8ed5b4d0f92e17b614ed8f417,F1 :    200    2 0.10 -14.44 0.54 50.00  20.0  16.0,0.00 0.00 0.00 89.38 0.54 50.00 0.10 -14.44 6 63 6 63 20.0% 16.0% 100.000 0.000 0.00 -4.90 0.00  1.98 0.00 198.00 0.0% | 1200.00  -30.00 HI -50.00 -50.00
2026-09-27T06:52:05.204,DEMO,DEMO,DEMO_MODE,0427e6a8ed5b4d0f92e17b614ed8f417,F1 :    200    2 0.10 -14.44 0.54 50.00  20.0  16.0,0.00 0.00 0.00 89.38 0.54 50.00 0.10 -14.44 6 63 6 63 20.0% 16.0% 100.000 0.000 0.00 -4.90 0.00  1.98 0.00 198.00 0.0% | 1200.00  -30.00 HI -50.00 -50.00
2026-09-27T06:52:05.326,DEMO,DEMO,DEMO_MODE,0427e6a8ed5b4d0f92e17b614ed8f417,F1 :    200    2 0.10 -14.44 0.54 50.00  20.0  16.0,0.00 0.00 0.00 89.38 0.54 50.00 0.10 -14.44 6 63 6 63 20.0% 16.0% 100.000 0.000 0.00 -4.90 0.00  1.98 0.00 198.00 0.0% | 1200.00  -30.00 HI -50.00 -50.00
2026-09-27T06:52:05.446,DEMO,DEMO,DEMO_MODE,0427e6a8ed5b4d0f92e17b614ed8f417,F1 :    200    2 0.10 -14.44 0.54 50.00  20.0  16.0,0.00 0.00 0.00 89.38 0.54 50.00 0.10 -14.44 6 63 6 63 20.0% 16.0% 100.000 0.000 0.00 -4.90 0.00  1.98 0.00 198.00 0.0% | 1200.00  -30.00 HI -50.00 -50.00
2026-09-27T06:52:05.567,DEMO,DEMO,DEMO_MODE,0427e6a8ed5b4d0f92e17b614ed8f417,F1 :    200    2 0.10 -14.44 0.54 50.00  20.0  16.0,0.00 0.00 0.00 89.38 0.54 50.00 0.10 -14.44 6 63 6 63 20.0% 16.0% 100.000 0.000 0.00 -4.90 0.00  1.98 0.00 198.00 0.0% | 1200.00  -30.00 HI -50.00 -50.00
2026-09-27T06:52:05.687,DEMO,DEMO,DEMO_MODE,0427e6a8ed5b4d0f92e17b614ed8f417,F1 :    200    2 0.10 -14.44 0.54 50.00  20.0  16.0,0.00 0.00 0.00 89.38 0.54 50.00 0.10 -14.44 6 63 6 63 20.0% 16.0% 100.000 0.000 0.00 -4.90 0.00  1.98 0.00 198.00 0.0% | 1200.00  -30.00 HI -50.00 -50.00
2026-09-27T06:52:05.808,DEMO,DEMO,DEMO_MODE,0427e6a8ed5b4d0f92e17b614ed8f417,F1 :    200    2 0.10 -14.44 0.54 50.00  20.0  16.0,0.00 0.00 0.00 89.38 0.54 50.00 0.10 -14.44 6 63 6 63 20.0% 16.0% 100.000 0.000 0.00 -4.90 0.00  1.98 0.00 198.00 0.0% | 1200.00  -30.00 HI -50.00 -50.00
2026-09-27T06:52:05.929,DEMO,DEMO,DEMO_MODE,0427e6a8ed5b4d0f92e17b614ed8f417,F1 :    200    2 0.10 -14.44 0.54 50.00  20.0  16.0,0.00 0.00 0.00 89.38 0.54 50.00 0.10 -14.44 6 63 6 63 20.0% 16.0% 100.000 0.000 0.00 -4.90 0.00  1.98 0.00 198.00 0.0% | 1200.00  -30.00 HI -50.00 -50.00
2026-09-27T06:52:06.050,DEMO,DEMO,DEMO_MODE,0427e6a8ed5b4d0f92e17b614ed8f417,F1 :    200    2 0.10 -14.44 0.54 50.00  20.0  16.0,0.00 0.00 0.00 89.38 0.54 50.00 0.10 -14.44 6 63 6 63 20.0% 16.0% 100.000 0.000 0.00 -4.90 0.00  1.98 0.00 198.00 0.0% | 1200.00  -30.00 HI -50.00 -50.00
2026-09-27T06:52:06.171,DEMO,DEMO,DEMO_MODE,0427e6a8ed5b4d0f92e17b614ed8f417,F1 :    200    2 0.10 -14.44 0.54 50.00  20.0  16.0,0.00 0.00 0.00 89.38 0.54 50.00 0.10 -14.44 6 63 6 63 20.0% 16.0% 100.000 0.000 0.00 -4.90 0.00  1.98 0.00 198.00 0.0% | 1200.00  -30.00 HI -50.00 -50.00
2026-09-27T06:52:06.292,DEMO,DEMO,DEMO_MODE,0427e6a8ed5b4d0f92e17b614ed8f417,F1 :    200    2 0.10 -14.44 0.54 50.00  20.0  16.0,0.00 0.00 0.00 89.38 0.54 50.00 0.10 -14.44 6 63 6 63 20.0% 16.0% 100.000 0.000 0.00 -4.90 0.00  1.98 0.00 198.00 0.0% | 1200.00  -30.00 HI -50.00 -50.00
2026-09-27T06:52:06.413,DEMO,DEMO,DEMO_MODE,0427e6a8ed5b4d0f92e17b614ed8f417,F1 :    200    2 0.10 -14.44 0.54 50.00  20.0  16.0,0.00 0.00 0.00 89.38 0.54 50.00 0.10 -14.44 6 63 6 63 20.0% 16.0% 100.000 0.000 0.00 -4.90 0.00  1.98 0.00 198.00 0.0% | 1200.00  -30.00 HI -50.00 -50.00
2026-09-27T06:52:06.534,DEMO,DEMO,DEMO_MODE,0427e6a8ed5b4d0f92e17b614ed8f417,F1 :    200    2 0.10 -14.44 0.54 50.00  20.0  16.0,0.00 0.00 0.00 89.38 0.54 50.00 0.10 -14.44 6 63 6 63 20.0% 16.0% 100.000 0.000 0.00 -4.90 0.00  1.98 0.00 198.00 0.0% | 1200.00  -30.00 HI -50.00 -50.00
2026-09-27T06:52:06.655,DEMO,DEMO,DEMO_MODE,0427e6a8ed5b4d0f92e17b614ed8f417,F1 :    200    2 0.10 -14.44 0.54 50.00  20.0  16.0,0.00 0.00 0.00 89.38 0.54 50.00 0.10 -14.44 6 63 6 63 20.0% 16.0% 100.000 0.000 0.00 -4.90 0.00  1.98 0.00 198.00 0.0% | 1200.00  -30.00 HI -50.00 -50.00
2026-09-27T06:52:06.775,DEMO,DEMO,DEMO_MODE,0427e6a8ed5b4d0f92e17b614ed8f417,F1 :    200    2 0.10 -14.44 0.54 50.00  20.0  16.0,0.00 0.00 0.00 89.38 0.54 50.00 0.10 -14.44 6 63 6 63 20.0% 16.0% 100.000 0.000 0.00 -4.90 0.00  1.98 0.00 198.00 0.0% | 1200.00  -30.00 HI -50.00 -50.00
2026-09-27T06:52:06.896,DEMO,DEMO,DEMO_MODE,0427e6a8ed5b4d0f92e17b614ed8f417,F1 :    200    2 0.10 -14.44 0.54 50.00  20.0  16.0,0.00 0.00 0.00 89.38 0.54 50.00 0.10 -14.44 6 63 6 63 20.0% 16.0% 100.000 0.000 0.00 -4.90 0.00  1.98 0.00 198.00 0.0% | 1200.00  -30.00 HI -50.00 -50.00
2026-09-27T06:52:07.017,DEMO,DEMO,DEMO_MODE,0427e6a8ed5b4d0f92e17b614ed8f417,F1 :    200    2 0.10 -14.44 0.54 50.00  20.0  16.0,0.00 0.00 0.00 89.38 0.54 50.00 0.10 -14.44 6 63 6 63 20.0% 16.0% 100.000 0.000 0.00 -4.90 0.00  1.98 0.00 198.00 0.0% | 1200.00  -30.00 HI -50.00 -50.00
2026-09-27T06:52:07.138,DEMO,DEMO,DEMO_MODE,0427e6a8ed5b4d0f92e17b614ed8f417,F1 :    200    2 0.10 -14.44 0.54 50.00  20.0  16.0,0.00 0.00 0.00 89.38 0.54 50.00 0.10 -14.44 6 63 6 63 20.0% 16.0% 100.000 0.000 0.00 -4.90 0.00  1.98 0.00 198.00 0.0% | 1200.00  -30.00 HI -50.00 -50.00
2026-09-27T06:52:07.258,DEMO,DEMO,DEMO_MODE,0427e6a8ed5b4d0f92e17b614ed8f417,F1 :    200    2 0.10 -14.44 0.54 50.00  20.0  16.0,0.00 0.00 0.00 89.38 0.54 50.00 0.10 -14.44 6 63 6 63 20.0% 16.0% 100.000 0.000 0.00 -4.90 0.00  1.98 0.00 198.00 0.0% | 1200.00  -30.00 HI -50.00 -50.00
2026-09-27T06:52:07.379,DEMO,DEMO,DEMO_MODE,0427e6a8ed5b4d0f92e17b614ed8f417,F1 :    200    2 0.10 -14.44 0.54 50.00  20.0  16.0,0.00 0.00 0.00 89.38 0.54 50.00 0.10 -14.44 6 63 6 63 20.0% 16.0% 100.000 0.000 0.00 -4.90 0.00  1.98 0.00 198.00 0.0% | 1200.00  -30.00 HI -50.00 -50.00
2026-09-27T06:52:07.500,DEMO,DEMO,DEMO_MODE,0427e6a8ed5b4d0f92e17b614ed8f417,F1 :    200    2 0.10 -14.44 0.54 50.00  20.0  16.0,0.00 0.00 0.00 89.38 0.54 50.00 0.10 -14.44 6 63 6 63 20.0% 16.0% 100.000 0.000 0.00 -4.90 0.00  1.98 0.00 198.00 0.0% | 1200.00  -30.00 HI -50.00 -50.00
2026-09-27T06:52:07.621,DEMO,DEMO,DEMO_MODE,0427e6a8ed5b4d0f92e17b614ed8f417,F1 :    200    2 0.10 -14.44 0.54 50.00  20.0  16.0,0.00 0.00 0.00 89.38 0.54 50.00 0.10 -14.44 6 63 6 63 20.0% 16.0% 100.000 0.000 0.00 -4.90 0.00  1.98 0.00 198.00 0.0% | 1200.00  -30.00 HI -50.00 -50.00
2026-09-27T06:52:07.741,DEMO,DEMO,DEMO_MODE,0427e6a8ed5b4d0f92e17b614ed8f417,F1 :    200    2 0.10 -14.44 0.54 50.00  20.0  16.0,0.00 0.00 0.00 89.38 0.54 50.00 0.10 -14.44 6 63 6 63 20.0% 16.0% 100.000 0.000 0.00 -4.90 0.00  1.98 0.00 198.00 0.0% | 1200.00  -30.00 HI -50.00 -50.00
2026-09-27T06:52:07.861,DEMO,DEMO,DEMO_MODE,0427e6a8ed5b4d0f92e17b614ed8f417,F1 :    200    2 0.10 -14.44 0.54 50.00  20.0  16.0,0.00 0.00 0.00 89.38 0.54 50.00 0.10 -14.44 6 63 6 63 20.0% 16.0% 100.000 0.000 0.00 -4.90 0.00  1.98 0.00 198.00 0.0% | 1200.00  -30.00 HI -50.00 -50.00
2026-09-27T06:52:07.982,DEMO,DEMO,DEMO_MODE,0427e6a8ed5b4d0f92e17b614ed8f417,F1 :    200    2 0.10 -14.44 0.54 50.00  20.0  16.0,0.00 0.00 0.00 89.38 0.54 50.00 0.10 -14.44 6 63 6 63 20.0% 16.0% 100.000 0.000 0.00 -4.90 0.00  1.98 0.00 198.00 0.0% | 1200.00  -30.00 HI -50.00 -50.00
2026-09-27T06:52:08.104,DEMO,DEMO,DEMO_MODE,0427e6a8ed5b4d0f92e17b614ed8f417,F1 :    200    2 0.10 -14.44 0.54 50.00  20.0  16.0,0.00 0.00 0.00 89.38 0.54 50.00 0.10 -14.44 6 63 6 63 20.0% 16.0% 100.000 0.000 0.00 -4.90 0.00  1.98 0.00 198.00 0.0% | 1200.00  -30.00 HI -50.00 -50.00
2026-09-27T06:52:08.224,DEMO,DEMO,DEMO_MODE,0427e6a8ed5b4d0f92e17b614ed8f417,F1 :    200    2 0.10 -14.44 0.54 50.00  20.0  16.0,0.00 0.00 0.00 89.38 0.54 50.00 0.10 -14.44 6 63 6 63 20.0% 16.0% 100.000 0.000 0.00 -4.90 0.00  1.98 0.00 198.00 0.0% | 1200.00  -30.00 HI -50.00 -50.00
2026-09-27T06:52:08.345,DEMO,DEMO,DEMO_MODE,0427e6a8ed5b4d0f92e17b614ed8f417,F1 :    200    2 0.10 -14.44 0.54 50.00  20.0  20.0,0.00 0.00 0.00 89.38 0.54 50.00 0.10 -14.44 6 63 6 63 20.0% 20.0% 100.000 0.000 0.00 -4.90 0.00  1.98 0.00 198.00 0.0% | 1200.00  -30.00 HI -50.00 -50.00
2026-09-27T06:52:08.465,DEMO,DEMO,DEMO_MODE,0427e6a8ed5b4d0f92e17b614ed8f417,F1 :    200    2 0.10 -14.44 0.54 50.00  20.0  20.0,0.00 0.00 0.00 89.38 0.54 50.00 0.10 -14.44 6 63 6 63 20.0% 20.0% 100.000 0.000 0.00 -4.90 0.00  1.98 0.00 198.00 0.0% | 1200.00  -30.00 HI -50.00 -50.00
2026-09-27T06:52:08.586,DEMO,DEMO,DEMO_MODE,0427e6a8ed5b4d0f92e17b614ed8f417,F1 :    200    2 0.10 -14.44 0.54 50.00  20.0  20.0,0.00 0.00 0.00 89.38 0.54 50.00 0.10 -14.44 6 63 6 63 20.0% 20.0% 100.000 0.000 0.00 -4.90 0.00  1.98 0.00 198.00 0.0% | 1200.00  -30.00 HI -50.00 -50.00
2026-09-27T06:52:08.706,DEMO,DEMO,DEMO_MODE,0427e6a8ed5b4d0f92e17b614ed8f417,F1 :    200    2 0.10 -14.44 0.54 50.00  20.0  20.0,0.00 0.00 0.00 89.38 0.54 50.00 0.10 -14.44 6 63 6 63 20.0% 20.0% 100.000 0.000 0.00 -4.90 0.00  1.98 0.00 198.00 0.0% | 1200.00  -30.00 HI -50.00 -50.00
2026-09-27T06:52:08.827,DEMO,DEMO,DEMO_MODE,0427e6a8ed5b4d0f92e17b614ed8f417,F1 :    200    2 0.10 -14.44 0.54 50.00  20.0  20.0,0.00 0.00 0.00 89.38 0.54 50.00 0.10 -14.44 6 63 6 63 20.0% 20.0% 100.000 0.000 0.00 -4.90 0.00  1.98 0.00 198.00 0.0% | 1200.00  -30.00 HI -50.00 -50.00
2026-09-27T06:52:08.948,DEMO,DEMO,DEMO_MODE,0427e6a8ed5b4d0f92e17b614ed8f417,F1 :    200    2 0.10 -14.44 0.54 50.00  20.0  20.0,0.00 0.00 0.00 89.38 0.54 50.00 0.10 -14.44 6 63 6 63 20.0% 20.0% 100.000 0.000 0.00 -4.90 0.00  1.98 0.00 198.00 0.0% | 1200.00  -30.00 HI -50.00 -50.00
2026-09-27T06:52:09.068,DEMO,DEMO,DEMO_MODE,0427e6a8ed5b4d0f92e17b614ed8f417,F1 :    200    2 0.10 -14.44 0.54 50.00  20.0  20.0,0.00 0.00 0.00 89.38 0.54 50.00 0.10 -14.44 6 63 6 63 20.0% 20.0% 100.000 0.000 0.00 -4.90 0.00  1.98 0.00 198.00 0.0% | 1200.00  -30.00 HI -50.00 -50.00
2026-09-27T06:52:09.190,DEMO,DEMO,DEMO_MODE,0427e6a8ed5b4d0f92e17b614ed8f417,F1 :    200    2 0.10 -14.44 0.54 50.00  20.0  20.0,0.00 0.00 0.00 89.38 0.54 50.00 0.10 -14.44 6 63 6 63 20.0% 20.0% 100.000 0.000 0.00 -4.90 0.00  1.98 0.00 198.00 0.0% | 1200.00  -30.00 HI -50.00 -50.00
2026-09-27T06:52:09.311,DEMO,DEMO,DEMO_MODE,0427e6a8ed5b4d0f92e17b614ed8f417,F1 :    200    2 0.10 -14.44 0.54 50.00  20.0  20.0,0.00 0.00 0.00 89.38 0.54 50.00 0.10 -14.44 6 63 6 63 20.0% 20.0% 100.000 0.000 0.00 -4.90 0.00  1.98 0.00 198.00 0.0% | 1200.00  -30.00 HI -50.00 -50.00
2026-09-27T06:52:09.432,DEMO,DEMO,DEMO_MODE,0427e6a8ed5b4d0f92e17b614ed8f417,F1 :    200    2 0.10 -14.44 0.54 50.00  20.0  20.0,0.00 0.00 0.00 89.38 0.54 50.00 0.10 -14.44 6 63 6 63 20.0% 20.0% 100.000 0.000 0.00 -4.90 0.00  1.98 0.00 198.00 0.0% | 1200.00  -30.00 HI -50.00 -50.00
2026-09-27T06:52:09.553,DEMO,DEMO,DEMO_MODE,0427e6a8ed5b4d0f92e17b614ed8f417,F1 :    200    2 0.10 -14.44 0.54 50.00  20.0  20.0,0.00 0.00 0.00 89.38 0.54 50.00 0.10 -14.44 6 63 6 63 20.0% 20.0% 100.000 0.000 0.00 -4.90 0.00  1.98 0.00 198.00 0.0% | 1200.00  -30.00 HI -50.00 -50.00
2026-09-27T06:52:09.674,DEMO,DEMO,DEMO_MODE,0427e6a8ed5b4d0f92e17b614ed8f417,F1 :    200    2 0.10 -14.44 0.54 50.00  20.0  20.0,0.00 0.00 0.00 89.38 0.54 50.00 0.10 -14.44 6 63 6 63 20.0% 20.0% 100.000 0.000 0.00 -4.90 0.00  1.98 0.00 198.00 0.0% | 1200.00  -30.00 HI -50.00 -50.00
2026-09-27T06:52:09.794,DEMO,DEMO,DEMO_MODE,0427e6a8ed5b4d0f92e17b614ed8f417,F1 :    200    2 0.10 -14.44 0.54 50.00  20.0  20.0,0.00 0.00 0.00 89.38 0.54 50.00 0.10 -14.44 6 63 6 63 20.0% 20.0% 100.000 0.000 0.00 -4.90 0.00  1.98 0.00 198.00 0.0% | 1200.00  -30.00 HI -50.00 -50.00
2026-09-27T06:52:09.915,DEMO,DEMO,DEMO_MODE,0427e6a8ed5b4d0f92e17b614ed8f417,F1 :    200    2 0.10 -14.44 0.54 50.00  20.0  20.0,0.00 0.00 0.00 89.38 0.54 50.00 0.10 -14.44 6 63 6 63 20.0% 20.0% 100.000 0.000 0.00 -4.90 0.00  1.98 0.00 198.00 0.0% | 1200.00  -30.00 HI -50.00 -50.00
2026-09-27T06:52:10.035,DEMO,DEMO,DEMO_MODE,0427e6a8ed5b4d0f92e17b614ed8f417,F1 :    200    2 0.10 -14.44 0.54 50.00  20.0  20.0,0.00 0.00 0.00 89.38 0.54 50.00 0.10 -14.44 6 63 6 63 20.0% 20.0% 100.000 0.000 0.00 -4.90 0.00  1.98 0.00 198.00 0.0% | 1200.00  -30.00 HI -50.00 -50.00
2026-09-27T06:52:10.156,DEMO,DEMO,DEMO_MODE,0427e6a8ed5b4d0f92e17b614ed8f417,F1 :    200    2 0.10 -14.44 0.54 50.00  20.0  20.0,0.00 0.00 0.00 89.38 0.54 50.00 0.10 -14.44 6 63 6 63 20.0% 20.0% 100.000 0.000 0.00 -4.90 0.00  1.98 0.00 198.00 0.0% | 1200.00  -30.00 HI -50.00 -50.00
2026-09-27T06:52:10.277,DEMO,DEMO,DEMO_MODE,0427e6a8ed5b4d0f92e17b614ed8f417,F1 :    200    3 0.10 -14.44 0.54 50.00  20.0  20.0,0.00 0.00 0.00 89.38 0.54 50.00 0.10 -14.44 6 63 6 63 20.0% 20.0% 100.000 0.000 0.00 -4.90 0.00  1.97 0.00 197.00 0.0% | 1200.00  -30.00 HI -50.00 -50.00
2026-09-27T06:52:10.398,DEMO,DEMO,DEMO_MODE,0427e6a8ed5b4d0f92e17b614ed8f417,F1 :    200    3 0.10 -14.44 0.54 50.00  20.0  20.0,0.00 0.00 0.00 89.38 0.54 50.00 0.10 -14.44 6 63 6 63 20.0% 20.0% 100.000 0.000 0.00 -4.90 0.00  1.97 0.00 197.00 0.0% | 1200.00  -30.00 HI -50.00 -50.00
2026-09-27T06:52:10.518,DEMO,DEMO,DEMO_MODE,0427e6a8ed5b4d0f92e17b614ed8f417,F1 :    200    3 0.10 -14.44 0.54 50.00  20.0  20.0,0.00 0.00 0.00 89.38 0.54 50.00 0.10 -14.44 6 63 6 63 20.0% 20.0% 100.000 0.000 0.00 -4.90 0.00  1.97 0.00 197.00 0.0% | 1200.00  -30.00 HI -50.00 -50.00
2026-09-27T06:52:10.639,DEMO,DEMO,DEMO_MODE,0427e6a8ed5b4d0f92e17b614ed8f417,F1 :    200    3 0.10 -14.44 0.54 50.00  20.0  20.0,0.00 0.00 0.00 89.38 0.54 50.00 0.10 -14.44 6 63 6 63 20.0% 20.0% 100.000 0.000 0.00 -4.90 0.00  1.97 0.00 197.00 0.0% | 1200.00  -30.00 HI -50.00 -50.00
2026-09-27T06:52:10.760,DEMO,DEMO,DEMO_MODE,0427e6a8ed5b4d0f92e17b614ed8f417,F1 :    200    3 0.10 -14.44 0.54 50.00  20.0  20.0,0.00 0.00 0.00 89.38 0.54 50.00 0.10 -14.44 6 63 6 63 20.0% 20.0% 100.000 0.000 0.00 -4.90 0.00  1.97 0.00 197.00 0.0% | 1200.00  -30.00 HI -50.00 -50.00
2026-09-27T06:52:10.882,DEMO,DEMO,DEMO_MODE,0427e6a8ed5b4d0f92e17b614ed8f417,F1 :    200    3 0.10 -14.44 0.54 50.00  20.0  20.0,0.00 0.00 0.00 89.38 0.54 50.00 0.10 -14.44 6 63 6 63 20.0% 20.0% 100.000 0.000 0.00 -4.90 0.00  1.97 0.00 197.00 0.0% | 1200.00  -30.00 HI -50.00 -50.00
2026-09-27T06:52:11.002,DEMO,DEMO,DEMO_MODE,0427e6a8ed5b4d0f92e17b614ed8f417,F1 :    200    3 0.10 -14.44 0.54 50.00  20.0  20.0,0.00 0.00 0.00 89.38 0.54 50.00 0.10 -14.44 6 63 6 63 20.0% 20.0% 100.000 0.000 0.00 -4.90 0.00  1.97 0.00 197.00 0.0% | 1200.00  -30.00 HI -50.00 -50.00
2026-09-27T06:52:11.123,DEMO,DEMO,DEMO_MODE,0427e6a8ed5b4d0f92e17b614ed8f417,F1 :    200    3 0.10 -14.44 0.54 50.00  20.0  20.0,0.00 0.00 0.00 89.38 0.54 50.00 0.10 -14.44 6 63 6 63 20.0% 20.0% 100.000 0.000 0.00 -4.90 0.00  1.97 0.00 197.00 0.0% | 1200.00  -30.00 HI -50.00 -50.00
2026-09-27T06:52:11.244,DEMO,DEMO,DEMO_MODE,0427e6a8ed5b4d0f92e17b614ed8f417,F1 :    200    3 0.10 -14.44 0.54 50.00  20.0  20.0,0.00 0.00 0.00 89.38 0.54 50.00 0.10 -14.44 6 63 6 63 20.0% 20.0% 100.000 0.000 0.00 -4.90 0.00  1.97 0.00 197.00 0.0% | 1200.00  -30.00 HI -50.00 -50.00
2026-09-27T06:52:11.365,DEMO,DEMO,DEMO_MODE,0427e6a8ed5b4d0f92e17b614ed8f417,F1 :    200    3 0.10 -14.44 0.54 50.00  20.0  20.0,0.00 0.00 0.00 89.38 0.54 50.00 0.10 -14.44 6 63 6 63 20.0% 20.0% 100.000 0.000 0.00 -4.90 0.00  1.97 0.00 197.00 0.0% | 1200.00  -30.00 HI -50.00 -50.00
2026-09-27T06:52:11.486,DEMO,DEMO,DEMO_MODE,0427e6a8ed5b4d0f92e17b614ed8f417,F1 :    200    3 0.10 -14.44 0.54 50.00  20.0  20.0,0.00 0.00 0.00 89.38 0.54 50.00 0.10 -14.44 6 63 6 63 20.0% 20.0% 100.000 0.000 0.00 -4.90 0.00  1.97 0.00 197.00 0.0% | 1200.00  -30.00 HI -50.00 -50.00
2026-09-27T06:52:11.607,DEMO,DEMO,DEMO_MODE,0427e6a8ed5b4d0f92e17b614ed8f417,F1 :    200    3 0.10 -14.44 0.54 50.00  20.0  20.0,0.00 0.00 0.00 89.38 0.54 50.00 0.10 -14.44 6 63 6 63 20.0% 20.0% 100.000 0.000 0.00 -4.90 0.00  1.97 0.00 197.00 0.0% | 1200.00  -30.00 HI -50.00 -50.00
2026-09-27T06:52:11.727,DEMO,DEMO,DEMO_MODE,0427e6a8ed5b4d0f92e17b614ed8f417,F1 :    200    3 0.10 -14.44 0.54 50.00  20.0  20.0,0.00 0.00 0.00 89.38 0.54 50.00 0.10 -14.44 6 63 6 63 20.0% 20.0% 100.000 0.000 0.00 -4.90 0.00  1.97 0.00 197.00 0.0% | 1200.00  -30.00 HI -50.00 -50.00
2026-09-27T06:52:11.847,DEMO,DEMO,DEMO_MODE,0427e6a8ed5b4d0f92e17b614ed8f417,F1 :    200    3 0.10 -14.44 0.54 50.00  20.0  20.0,0.00 0.00 0.00 89.38 0.54 50.00 0.10 -14.44 6 63 6 63 20.0% 20.0% 100.000 0.000 0.00 -4.90 0.00  1.97 0.00 197.00 0.0% | 1200.00  -30.00 HI -50.00 -50.00
2026-09-27T06:52:11.968,DEMO,DEMO,DEMO_MODE,0427e6a8ed5b4d0f92e17b614ed8f417,F1 :    200    3 0.10 -14.44 0.54 50.00  20.0  20.0,0.00 0.00 0.00 89.38 0.54 50.00 0.10 -14.44 6 63 6 63 20.0% 20.0% 100.000 0.000 0.00 -4.90 0.00  1.97 0.00 197.00 0.0% | 1200.00  -30.00 HI -50.00 -50.00
2026-09-27T06:52:12.089,DEMO,DEMO,DEMO_MODE,0427e6a8ed5b4d0f92e17b614ed8f417,F1 :    200    3 0.10 -14.44 0.54 50.00  20.0  20.0,0.00 0.00 0.00 89.38 0.54 50.00 0.10 -14.44 6 63 6 63 20.0% 20.0% 100.000 0.000 0.00 -4.90 0.00  1.97 0.00 197.00 0.0% | 1200.00  -30.00 HI -50.00 -50.00
2026-09-27T06:52:12.210,DEMO,DEMO,DEMO_MODE,0427e6a8ed5b4d0f92e17b614ed8f417,F1 :    200    3 0.10 -14.44 0.54 50.00  20.0  20.0,0.00 0.00 0.00 89.38 0.54 50.00 0.10 -14.44 6 63 6 63 20.0% 20.0% 100.000 0.000 0.00 -4.90 0.00  1.97 0.00 197.00 0.0% | 1200.00  -30.00 HI -50.00 -50.00
2026-09-27T06:52:12.331,DEMO,DEMO,DEMO_MODE,0427e6a8ed5b4d0f92e17b614ed8f417,F1 :    200    3 0.10 -14.44 0.54 50.00  20.0  20.0,0.00 0.00 0.00 89.38 0.54 50.00 0.10 -14.44 6 63 6 63 20.0% 20.0% 100.000 0.000 0.00 -4.90 0.00  1.97 0.00 197.00 0.0% | 1200.00  -30.00 HI -50.00 -50.00
2026-09-27T06:52:12.452,DEMO,DEMO,DEMO_MODE,0427e6a8ed5b4d0f92e17b614ed8f417,F1 :    200    3 0.10 -14.44 0.54 50.00  20.0  20.0,0.00 0.00 0.00 89.38 0.54 50.00 0.10 -14.44 6 63 6 63 20.0% 20.0% 100.000 0.000 0.00 -4.90 0.00  1.97 0.00 197.00 0.0% | 1200.00  -30.00 HI -50.00 -50.00
2026-09-27T06:52:12.573,DEMO,DEMO,DEMO_MODE,0427e6a8ed5b4d0f92e17b614ed8f417,F1 :    200    3 0.10 -14.44 0.54 50.00  20.0  20.0,0.00 0.00 0.00 89.38 0.54 50.00 0.10 -14.44 6 63 6 63 20.0% 20.0% 100.000 0.000 0.00 -4.90 0.00  1.97 0.00 197.00 0.0% | 1200.00  -30.00 HI -50.00 -50.00
2026-09-27T06:52:12.694,DEMO,DEMO,DEMO_MODE,0427e6a8ed5b4d0f92e17b614ed8f417,F1 :    200    3 0.10 -14.44 0.54 50.00  20.0  20.0,0.00 0.00 0.00 89.38 0.54 50.00 0.10 -14.44 6 63 6 63 20.0% 20.0% 100.000 0.000 0.00 -4.90 0.00  1.97 0.00 197.00 0.0% | 1200.00  -30.00 HI -50.00 -50.00
2026-09-27T06:52:12.814,DEMO,DEMO,DEMO_MODE,0427e6a8ed5b4d0f92e17b614ed8f417,F1 :    200    3 0.10 -14.44 0.54 50.00  20.0  20.0,0.00 0.00 0.00 89.38 0.54 50.00 0.10 -14.44 6 63 6 63 20.0% 20.0% 100.000 0.000 0.00 -4.90 0.00  1.97 0.00 197.00 0.0% | 1200.00  -30.00 HI -50.00 -50.00
2026-09-27T06:52:12.935,DEMO,DEMO,DEMO_MODE,0427e6a8ed5b4d0f92e17b614ed8f417,F1 :    200    3 0.10 -14.44 0.54 50.00  20.0  20.0,0.00 0.00 0.00 89.38 0.54 50.00 0.10 -14.44 6 63 6 63 20.0% 20.0% 100.000 0.000 0.00 -4.90 0.00  1.97 0.00 197.00 0.0% | 1200.00  -30.00 HI -50.00 -50.00
2026-09-27T06:52:13.056,DEMO,DEMO,DEMO_MODE,0427e6a8ed5b4d0f92e17b614ed8f417,F1 :    200    3 0.10 -14.44 0.54 50.00  20.0  20.0,0.00 0.00 0.00 89.38 0.54 50.00 0.10 -14.44 6 63 6 63 20.0% 20.0% 100.000 0.000 0.00 -4.90 0.00  1.97 0.00 197.00 0.0% | 1200.00  -30.00 HI -50.00 -50.00
2026-09-27T06:52:13.177,DEMO,DEMO,DEMO_MODE,0427e6a8ed5b4d0f92e17b614ed8f417,F1 :    200    3 0.10 -14.44 0.54 50.00  20.0  20.0,0.00 0.00 0.00 89.38 0.54 50.00 0.10 -14.44 6 63 6 63 20.0% 20.0% 100.000 0.000 0.00 -4.90 0.00  1.97 0.00 197.00 0.0% | 1200.00  -30.00 HI -50.00 -50.00
2026-09-27T06:52:13.298,DEMO,DEMO,DEMO_MODE,0427e6a8ed5b4d0f92e17b614ed8f417,F1 :    300    3 0.10 -14.44 0.54 50.00  30.0  24.0,0.00 0.00 0.00 89.38 0.54 50.00 0.10 -14.44 6 63 6 63 30.0% 24.0% 150.000 0.000 0.00 -4.90 0.00  1.98 0.00 297.00 0.0% | 1200.00  -20.00 HI -50.00 -50.00
2026-09-27T06:52:13.418,DEMO,DEMO,DEMO_MODE,0427e6a8ed5b4d0f92e17b614ed8f417,F1 :    300    3 0.10 -14.44 0.54 50.00  30.0  24.0,0.00 0.00 0.00 89.38 0.54 50.00 0.10 -14.44 6 63 6 63 30.0% 24.0% 150.000 0.000 0.00 -4.90 0.00  1.98 0.00 297.00 0.0% | 1200.00  -20.00 HI -50.00 -50.00
2026-09-27T06:52:13.539,DEMO,DEMO,DEMO_MODE,0427e6a8ed5b4d0f92e17b614ed8f417,F1 :    300    3 0.10 -14.44 0.54 50.00  30.0  24.0,0.00 0.00 0.00 89.38 0.54 50.00 0.10 -14.44 6 63 6 63 30.0% 24.0% 150.000 0.000 0.00 -4.90 0.00  1.98 0.00 297.00 0.0% | 1200.00  -20.00 HI -50.00 -50.00
2026-09-27T06:52:13.660,DEMO,DEMO,DEMO_MODE,0427e6a8ed5b4d0f92e17b614ed8f417,F1 :    300    3 0.10 -14.44 0.54 50.00  30.0  24.0,0.00 0.00 0.00 89.38 0.54 50.00 0.10 -14.44 6 63 6 63 30.0% 24.0% 150.000 0.000 0.00 -4.90 0.00  1.98 0.00 297.00 0.0% | 1200.00  -20.00 HI -50.00 -50.00
2026-09-27T06:52:13.780,DEMO,DEMO,DEMO_MODE,0427e6a8ed5b4d0f92e17b614ed8f417,F1 :    300    3 0.10 -14.44 0.54 50.00  30.0  24.0,0.00 0.00 0.00 89.38 0.54 50.00 0.10 -14.44 6 63 6 63 30.0% 24.0% 150.000 0.000 0.00 -4.90 0.00  1.98 0.00 297.00 0.0% | 1200.00  -20.00 HI -50.00 -50.00
2026-09-27T06:52:13.901,DEMO,DEMO,DEMO_MODE,0427e6a8ed5b4d0f92e17b614ed8f417,F1 :    300    3 0.10 -14.44 0.54 50.00  30.0  24.0,0.00 0.00 0.00 89.38 0.54 50.00 0.10 -14.44 6 63 6 63 30.0% 24.0% 150.000 0.000 0.00 -4.90 0.00  1.98 0.00 297.00 0.0% | 1200.00  -20.00 HI -50.00 -50.00
2026-09-27T06:52:14.021,DEMO,DEMO,DEMO_MODE,0427e6a8ed5b4d0f92e17b614ed8f417,F1 :    300    3 0.10 -14.44 0.54 50.00  30.0  24.0,0.00 0.00 0.00 89.38 0.54 50.00 0.10 -14.44 6 63 6 63 30.0% 24.0% 150.000 0.000 0.00 -4.90 0.00  1.98 0.00 297.00 0.0% | 1200.00  -20.00 HI -50.00 -50.00
2026-09-27T06:52:14.142,DEMO,DEMO,DEMO_MODE,0427e6a8ed5b4d0f92e17b614ed8f417,F1 :    300    3 0.10 -14.44 0.54 50.00  30.0  24.0,0.00 0.00 0.00 89.38 0.54 50.00 0.10 -14.44 6 63 6 63 30.0% 24.0% 150.000 0.000 0.00 -4.90 0.00  1.98 0.00 297.00 0.0% | 1200.00  -20.00 HI -50.00 -50.00
2026-09-27T06:52:14.263,DEMO,DEMO,DEMO_MODE,0427e6a8ed5b4d0f92e17b614ed8f417,F1 :    300    3 0.10 -14.44 0.54 50.00  30.0  24.0,0.00 0.00 0.00 89.38 0.54 50.00 0.10 -14.44 6 63 6 63 30.0% 24.0% 150.000 0.000 0.00 -4.90 0.00  1.98 0.00 297.00 0.0% | 1200.00  -20.00 HI -50.00 -50.00
2026-09-27T06:52:14.384,DEMO,DEMO,DEMO_MODE,0427e6a8ed5b4d0f92e17b614ed8f417,F1 :    300    3 0.10 -14.44 0.54 50.00  30.0  24.0,0.00 0.00 0.00 89.38 0.54 50.00 0.10 -14.44 6 63 6 63 30.0% 24.0% 150.000 0.000 0.00 -4.90 0.00  1.98 0.00 297.00 0.0% | 1200.00  -20.00 HI -50.00 -50.00
2026-09-27T06:52:14.505,DEMO,DEMO,DEMO_MODE,0427e6a8ed5b4d0f92e17b614ed8f417,F1 :    300    3 0.10 -14.44 0.54 50.00  30.0  24.0,0.00 0.00 0.00 89.38 0.54 50.00 0.10 -14.44 6 63 6 63 30.0% 24.0% 150.000 0.000 0.00 -4.90 0.00  1.98 0.00 297.00 0.0% | 1200.00  -20.00 HI -50.00 -50.00
2026-09-27T06:52:14.626,DEMO,DEMO,DEMO_MODE,0427e6a8ed5b4d0f92e17b614ed8f417,F1 :    300    3 0.10 -14.44 0.54 50.00  30.0  24.0,0.00 0.00 0.00 89.38 0.54 50.00 0.10 -14.44 6 63 6 63 30.0% 24.0% 150.000 0.000 0.00 -4.90 0.00  1.98 0.00 297.00 0.0% | 1200.00  -20.00 HI -50.00 -50.00
2026-09-27T06:52:14.746,DEMO,DEMO,DEMO_MODE,0427e6a8ed5b4d0f92e17b614ed8f417,F1 :    300    3 0.10 -14.44 0.54 50.00  30.0  24.0,0.00 0.00 0.00 89.38 0.54 50.00 0.10 -14.44 6 63 6 63 30.0% 24.0% 150.000 0.000 0.00 -4.90 0.00  1.98 0.00 297.00 0.0% | 1200.00  -20.00 HI -50.00 -50.00
2026-09-27T06:52:14.867,DEMO,DEMO,DEMO_MODE,0427e6a8ed5b4d0f92e17b614ed8f417,F1 :    300    3 0.10 -14.44 0.54 50.00  30.0  24.0,0.00 0.00 0.00 89.38 0.54 50.00 0.10 -14.44 6 63 6 63 30.0% 24.0% 150.000 0.000 0.00 -4.90 0.00  1.98 0.00 297.00 0.0% | 1200.00  -20.00 HI -50.00 -50.00
2026-09-27T06:52:14.988,DEMO,DEMO,DEMO_MODE,0427e6a8ed5b4d0f92e17b614ed8f417,F1 :    300    3 0.10 -14.44 0.54 50.00  30.0  24.0,0.00 0.00 0.00 89.38 0.54 50.00 0.10 -14.44 6 63 6 63 30.0% 24.0% 150.000 0.000 0.00 -4.90 0.00  1.98 0.00 297.00 0.0% | 1200.00  -20.00 HI -50.00 -50.00
2026-09-27T06:52:15.109,DEMO,DEMO,DEMO_MODE,0427e6a8ed5b4d0f92e17b614ed8f417,F1 :    300    3 0.10 -14.44 0.54 50.00  30.0  24.0,0.00 0.00 0.00 89.38 0.54 50.00 0.10 -14.44 6 63 6 63 30.0% 24.0% 150.000 0.000 0.00 -4.90 0.00  1.98 0.00 297.00 0.0% | 1200.00  -20.00 HI -50.00 -50.00
2026-09-27T06:52:15.230,DEMO,DEMO,DEMO_MODE,0427e6a8ed5b4d0f92e17b614ed8f417,F1 :    300    3 0.10 -14.44 0.54 50.00  30.0  24.0,0.00 0.00 0.00 89.38 0.54 50.00 0.10 -14.44 6 63 6 63 30.0% 24.0% 150.000 0.000 0.00 -4.90 0.00  1.98 0.00 297.00 0.0% | 1200.00  -20.00 HI -50.00 -50.00
2026-09-27T06:52:15.351,DEMO,DEMO,DEMO_MODE,0427e6a8ed5b4d0f92e17b614ed8f417,F1 :    300    3 0.10 -14.44 0.54 50.00  30.0  24.0,0.00 0.00 0.00 89.38 0.54 50.00 0.10 -14.44 6 63 6 63 30.0% 24.0% 150.000 0.000 0.00 -4.90 0.00  1.98 0.00 297.00 0.0% | 1200.00  -20.00 HI -50.00 -50.00
2026-09-27T06:52:15.472,DEMO,DEMO,DEMO_MODE,0427e6a8ed5b4d0f92e17b614ed8f417,F1 :    300    3 0.10 -14.44 0.54 50.00  30.0  24.0,0.00 0.00 0.00 89.38 0.54 50.00 0.10 -14.44 6 63 6 63 30.0% 24.0% 150.000 0.000 0.00 -4.90 0.00  1.98 0.00 297.00 0.0% | 1200.00  -20.00 HI -50.00 -50.00
2026-09-27T06:52:15.592,DEMO,DEMO,DEMO_MODE,0427e6a8ed5b4d0f92e17b614ed8f417,F1 :    300    3 0.10 -14.44 0.54 50.00  30.0  24.0,0.00 0.00 0.00 89.38 0.54 50.00 0.10 -14.44 6 63 6 63 30.0% 24.0% 150.000 0.000 0.00 -4.90 0.00  1.98 0.00 297.00 0.0% | 1200.00  -20.00 HI -50.00 -50.00
2026-09-27T06:52:15.713,DEMO,DEMO,DEMO_MODE,0427e6a8ed5b4d0f92e17b614ed8f417,F1 :    300    3 0.10 -14.44 0.54 50.00  30.0  24.0,0.00 0.00 0.00 89.38 0.54 50.00 0.10 -14.44 6 63 6 63 30.0% 24.0% 150.000 0.000 0.00 -4.90 0.00  1.98 0.00 297.00 0.0% | 1200.00  -20.00 HI -50.00 -50.00
2026-09-27T06:52:15.834,DEMO,DEMO,DEMO_MODE,0427e6a8ed5b4d0f92e17b614ed8f417,F1 :    300    3 0.10 -14.44 0.54 50.00  30.0  24.0,0.00 0.00 0.00 89.38 0.54 50.00 0.10 -14.44 6 63 6 63 30.0% 24.0% 150.000 0.000 0.00 -4.90 0.00  1.98 0.00 297.00 0.0% | 1200.00  -20.00 HI -50.00 -50.00
2026-09-27T06:52:15.955,DEMO,DEMO,DEMO_MODE,0427e6a8ed5b4d0f92e17b614ed8f417,F1 :    300    3 0.10 -14.44 0.54 50.00  30.0  24.0,0.00 0.00 0.00 89.38 0.54 50.00 0.10 -14.44 6 63 6 63 30.0% 24.0% 150.000 0.000 0.00 -4.90 0.00  1.98 0.00 297.00 0.0% | 1200.00  -20.00 HI -50.00 -50.00
2026-09-27T06:52:16.076,DEMO,DEMO,DEMO_MODE,0427e6a8ed5b4d0f92e17b614ed8f417,F1 :    300    3 0.10 -14.44 0.54 50.00  30.0  24.0,0.00 0.00 0.00 89.38 0.54 50.00 0.10 -14.44 6 63 6 63 30.0% 24.0% 150.000 0.000 0.00 -4.90 0.00  1.98 0.00 297.00 0.0% | 1200.00  -20.00 HI -50.00 -50.00
2026-09-27T06:52:16.196,DEMO,DEMO,DEMO_MODE,0427e6a8ed5b4d0f92e17b614ed8f417,F1 :    300    3 0.10 -14.44 0.54 50.00  30.0  24.0,0.00 0.00 0.00 89.38 0.54 50.00 0.10 -14.44 6 63 6 63 30.0% 24.0% 150.000 0.000 0.00 -4.90 0.00  1.98 0.00 297.00 0.0% | 1200.00  -20.00 HI -50.00 -50.00
2026-09-27T06:52:16.318,DEMO,DEMO,DEMO_MODE,0427e6a8ed5b4d0f92e17b614ed8f417,F1 :    300    3 0.10 -14.44 0.54 50.00  30.0  24.0,0.00 0.00 0.00 89.38 0.54 50.00 0.10 -14.44 6 63 6 63 30.0% 24.0% 150.000 0.000 0.00 -4.90 0.00  1.98 0.00 297.00 0.0% | 1200.00  -20.00 HI -50.00 -50.00
2026-09-27T06:52:16.438,DEMO,DEMO,DEMO_MODE,0427e6a8ed5b4d0f92e17b614ed8f417,F1 :    300    3 0.10 -14.44 0.54 50.00  30.0  24.0,0.00 0.00 0.00 89.38 0.54 50.00 0.10 -14.44 6 63 6 63 30.0% 24.0% 150.000 0.000 0.00 -4.90 0.00  1.98 0.00 297.00 0.0% | 1200.00  -20.00 HI -50.00 -50.00
2026-09-27T06:52:16.559,DEMO,DEMO,DEMO_MODE,0427e6a8ed5b4d0f92e17b614ed8f417,F1 :    300    3 0.10 -14.44 0.54 50.00  30.0  24.0,0.00 0.00 0.00 89.38 0.54 50.00 0.10 -14.44 6 63 6 63 30.0% 24.0% 150.000 0.000 0.00 -4.90 0.00  1.98 0.00 297.00 0.0% | 1200.00  -20.00 HI -50.00 -50.00
2026-09-27T06:52:16.680,DEMO,DEMO,DEMO_MODE,0427e6a8ed5b4d0f92e17b614ed8f417,F1 :    300    3 0.10 -14.44 0.54 50.00  30.0  24.0,0.00 0.00 0.00 89.38 0.54 50.00 0.10 -14.44 6 63 6 63 30.0% 24.0% 150.000 0.000 0.00 -4.90 0.00  1.98 0.00 297.00 0.0% | 1200.00  -20.00 HI -50.00 -50.00
2026-09-27T06:52:16.801,DEMO,DEMO,DEMO_MODE,0427e6a8ed5b4d0f92e17b614ed8f417,F1 :    300    3 0.10 -14.44 0.54 50.00  30.0  24.0,0.00 0.00 0.00 89.38 0.54 50.00 0.10 -14.44 6 63 6 63 30.0% 24.0% 150.000 0.000 0.00 -4.90 0.00  1.98 0.00 297.00 0.0% | 1200.00  -20.00 HI -50.00 -50.00
2026-09-27T06:52:16.921,DEMO,DEMO,DEMO_MODE,0427e6a8ed5b4d0f92e17b614ed8f417,F1 :    300    3 0.10 -14.44 0.54 50.00  30.0  24.0,0.00 0.00 0.00 89.38 0.54 50.00 0.10 -14.44 6 63 6 63 30.0% 24.0% 150.000 0.000 0.00 -4.90 0.00  1.98 0.00 297.00 0.0% | 1200.00  -20.00 HI -50.00 -50.00
2026-09-27T06:52:17.042,DEMO,DEMO,DEMO_MODE,0427e6a8ed5b4d0f92e17b614ed8f417,F1 :    300    3 0.10 -14.44 0.54 50.00  30.0  24.0,0.00 0.00 0.00 89.38 0.54 50.00 0.10 -14.44 6 63 6 63 30.0% 24.0% 150.000 0.000 0.00 -4.90 0.00  1.98 0.00 297.00 0.0% | 1200.00  -20.00 HI -50.00 -50.00
2026-09-27T06:52:17.163,DEMO,DEMO,DEMO_MODE,0427e6a8ed5b4d0f92e17b614ed8f417,F1 :    300    3 0.10 -14.44 0.54 50.00  30.0  24.0,0.00 0.00 0.00 89.38 0.54 50.00 0.10 -14.44 6 63 6 63 30.0% 24.0% 150.000 0.000 0.00 -4.90 0.00  1.98 0.00 297.00 0.0% | 1200.00  -20.00 HI -50.00 -50.00
2026-09-27T06:52:17.283,DEMO,DEMO,DEMO_MODE,0427e6a8ed5b4d0f92e17b614ed8f417,F1 :    300    3 0.10 -14.44 0.54 50.00  30.0  24.0,0.00 0.00 0.00 89.38 0.54 50.00 0.10 -14.44 6 63 6 63 30.0% 24.0% 150.000 0.000 0.00 -4.90 0.00  1.98 0.00 297.00 0.0% | 1200.00  -20.00 HI -50.00 -50.00
2026-09-27T06:52:17.404,DEMO,DEMO,DEMO_MODE,0427e6a8ed5b4d0f92e17b614ed8f417,F1 :    300    3 0.10 -14.44 0.54 50.00  30.0  24.0,0.00 0.00 0.00 89.38 0.54 50.00 0.10 -14.44 6 63 6 63 30.0% 24.0% 150.000 0.000 0.00 -4.90 0.00  1.98 0.00 297.00 0.0% | 1200.00  -20.00 HI -50.00 -50.00
2026-09-27T06:52:17.525,DEMO,DEMO,DEMO_MODE,0427e6a8ed5b4d0f92e17b614ed8f417,F1 :    300    3 0.10 -14.44 0.54 50.00  30.0  24.0,0.00 0.00 0.00 89.38 0.54 50.00 0.10 -14.44 6 63 6 63 30.0% 24.0% 150.000 0.000 0.00 -4.90 0.00  1.98 0.00 297.00 0.0% | 1200.00  -20.00 HI -50.00 -50.00
2026-09-27T06:52:17.645,DEMO,DEMO,DEMO_MODE,0427e6a8ed5b4d0f92e17b614ed8f417,F1 :    300    3 0.10 -14.44 0.54 50.00  30.0  24.0,0.00 0.00 0.00 89.38 0.54 50.00 0.10 -14.44 6 63 6 63 30.0% 24.0% 150.000 0.000 0.00 -4.90 0.00  1.98 0.00 297.00 0.0% | 1200.00  -20.00 HI -50.00 -50.00
2026-09-27T06:52:17.765,DEMO,DEMO,DEMO_MODE,0427e6a8ed5b4d0f92e17b614ed8f417,F1 :    300    3 0.10 -14.44 0.54 50.00  30.0  24.0,0.00 0.00 0.00 89.38 0.54 50.00 0.10 -14.44 6 63 6 63 30.0% 24.0% 150.000 0.000 0.00 -4.90 0.00  1.98 0.00 297.00 0.0% | 1200.00  -20.00 HI -50.00 -50.00
2026-09-27T06:52:17.886,DEMO,DEMO,DEMO_MODE,0427e6a8ed5b4d0f92e17b614ed8f417,F1 :    300    3 0.10 -14.44 0.54 50.00  30.0  24.0,0.00 0.00 0.00 89.38 0.54 50.00 0.10 -14.44 6 63 6 63 30.0% 24.0% 150.000 0.000 0.00 -4.90 0.00  1.98 0.00 297.00 0.0% | 1200.00  -20.00 HI -50.00 -50.00
2026-09-27T06:52:18.006,DEMO,DEMO,DEMO_MODE,0427e6a8ed5b4d0f92e17b614ed8f417,F1 :    300    3 0.10 -14.44 0.54 50.00  30.0  24.0,0.00 0.00 0.00 89.38 0.54 50.00 0.10 -14.44 6 63 6 63 30.0% 24.0% 150.000 0.000 0.00 -4.90 0.00  1.98 0.00 297.00 0.0% | 1200.00  -20.00 HI -50.00 -50.00
2026-09-27T06:52:18.127,DEMO,DEMO,DEMO_MODE,0427e6a8ed5b4d0f92e17b614ed8f417,F1 :    300    3 0.10 -14.44 0.54 50.00  30.0  24.0,0.00 0.00 0.00 89.38 0.54 50.00 0.10 -14.44 6 63 6 63 30.0% 24.0% 150.000 0.000 0.00 -4.90 0.00  1.98 0.00 297.00 0.0% | 1200.00  -20.00 HI -50.00 -50.00
2026-09-27T06:52:18.248,DEMO,DEMO,DEMO_MODE,0427e6a8ed5b4d0f92e17b614ed8f417,F1 :    300    3 0.10 -14.44 0.54 50.00  30.0  24.0,0.00 0.00 0.00 89.38 0.54 50.00 0.10 -14.44 6 63 6 63 30.0% 24.0% 150.000 0.000 0.00 -4.90 0.00  1.98 0.00 297.00 0.0% | 1200.00  -20.00 HI -50.00 -50.00
2026-09-27T06:52:18.369,DEMO,DEMO,DEMO_MODE,0427e6a8ed5b4d0f92e17b614ed8f417,F1 :    300    3 0.10 -14.44 0.54 50.00  30.0  28.0,0.00 0.00 0.00 89.38 0.54 50.00 0.10 -14.44 6 63 6 63 30.0% 28.0% 150.000 0.000 0.00 -4.90 0.00  1.98 0.00 297.00 0.0% | 1200.00  -20.00 HI -50.00 -50.00
2026-09-27T06:52:18.489,DEMO,DEMO,DEMO_MODE,0427e6a8ed5b4d0f92e17b614ed8f417,F1 :    300    3 0.10 -14.44 0.54 50.00  30.0  28.0,0.00 0.00 0.00 89.38 0.54 50.00 0.10 -14.44 6 63 6 63 30.0% 28.0% 150.000 0.000 0.00 -4.90 0.00  1.98 0.00 297.00 0.0% | 1200.00  -20.00 HI -50.00 -50.00
2026-09-27T06:52:18.610,DEMO,DEMO,DEMO_MODE,0427e6a8ed5b4d0f92e17b614ed8f417,F1 :    300    3 0.10 -14.44 0.54 50.00  30.0  28.0,0.00 0.00 0.00 89.38 0.54 50.00 0.10 -14.44 6 63 6 63 30.0% 28.0% 150.000 0.000 0.00 -4.90 0.00  1.98 0.00 297.00 0.0% | 1200.00  -20.00 HI -50.00 -50.00
2026-09-27T06:52:18.731,DEMO,DEMO,DEMO_MODE,0427e6a8ed5b4d0f92e17b614ed8f417,F1 :    300    3 0.10 -14.44 0.54 50.00  30.0  28.0,0.00 0.00 0.00 89.38 0.54 50.00 0.10 -14.44 6 63 6 63 30.0% 28.0% 150.000 0.000 0.00 -4.90 0.00  1.98 0.00 297.00 0.0% | 1200.00  -20.00 HI -50.00 -50.00
2026-09-27T06:52:18.852,DEMO,DEMO,DEMO_MODE,0427e6a8ed5b4d0f92e17b614ed8f417,F1 :    300    3 0.10 -14.44 0.54 50.00  30.0  28.0,0.00 0.00 0.00 89.38 0.54 50.00 0.10 -14.44 6 63 6 63 30.0% 28.0% 150.000 0.000 0.00 -4.90 0.00  1.98 0.00 297.00 0.0% | 1200.00  -20.00 HI -50.00 -50.00
2026-09-27T06:52:18.973,DEMO,DEMO,DEMO_MODE,0427e6a8ed5b4d0f92e17b614ed8f417,F1 :    300    3 0.10 -14.44 0.54 50.00  30.0  28.0,0.00 0.00 0.00 89.38 0.54 50.00 0.10 -14.44 6 63 6 63 30.0% 28.0% 150.000 0.000 0.00 -4.90 0.00  1.98 0.00 297.00 0.0% | 1200.00  -20.00 HI -50.00 -50.00
2026-09-27T06:52:19.093,DEMO,DEMO,DEMO_MODE,0427e6a8ed5b4d0f92e17b614ed8f417,F1 :    300    3 0.10 -14.44 0.54 50.00  30.0  28.0,0.00 0.00 0.00 89.38 0.54 50.00 0.10 -14.44 6 63 6 63 30.0% 28.0% 150.000 0.000 0.00 -4.90 0.00  1.98 0.00 297.00 0.0% | 1200.00  -20.00 HI -50.00 -50.00
2026-09-27T06:52:19.214,DEMO,DEMO,DEMO_MODE,0427e6a8ed5b4d0f92e17b614ed8f417,F1 :    300    3 0.10 -14.44 0.54 50.00  30.0  28.0,0.00 0.00 0.00 89.38 0.54 50.00 0.10 -14.44 6 63 6 63 30.0% 28.0% 150.000 0.000 0.00 -4.90 0.00  1.98 0.00 297.00 0.0% | 1200.00  -20.00 HI -50.00 -50.00
2026-09-27T06:52:19.334,DEMO,DEMO,DEMO_MODE,0427e6a8ed5b4d0f92e17b614ed8f417,F1 :    300    4 0.10 -14.44 0.54 50.00  30.0  28.0,0.00 0.00 0.00 89.38 0.54 50.00 0.10 -14.44 6 63 6 63 30.0% 28.0% 150.000 0.000 0.00 -4.90 0.00  1.97 0.00 296.00 0.0% | 1200.00  -20.00 HI -50.00 -50.00
2026-09-27T06:52:19.455,DEMO,DEMO,DEMO_MODE,0427e6a8ed5b4d0f92e17b614ed8f417,F1 :    300    4 0.10 -14.44 0.54 50.00  30.0  28.0,0.00 0.00 0.00 89.38 0.54 50.00 0.10 -14.44 6 63 6 63 30.0% 28.0% 150.000 0.000 0.00 -4.90 0.00  1.97 0.00 296.00 0.0% | 1200.00  -20.00 HI -50.00 -50.00
2026-09-27T06:52:19.576,DEMO,DEMO,DEMO_MODE,0427e6a8ed5b4d0f92e17b614ed8f417,F1 :    300    4 0.10 -14.44 0.54 50.00  30.0  28.0,0.00 0.00 0.00 89.38 0.54 50.00 0.10 -14.44 6 63 6 63 30.0% 28.0% 150.000 0.000 0.00 -4.90 0.00  1.97 0.00 296.00 0.0% | 1200.00  -20.00 HI -50.00 -50.00
2026-09-27T06:52:19.697,DEMO,DEMO,DEMO_MODE,0427e6a8ed5b4d0f92e17b614ed8f417,F1 :    300    4 0.10 -14.44 0.54 50.00  30.0  28.0,0.00 0.00 0.00 89.38 0.54 50.00 0.10 -14.44 6 63 6 63 30.0% 28.0% 150.000 0.000 0.00 -4.90 0.00  1.97 0.00 296.00 0.0% | 1200.00  -20.00 HI -50.00 -50.00
2026-09-27T06:52:19.817,DEMO,DEMO,DEMO_MODE,0427e6a8ed5b4d0f92e17b614ed8f417,F1 :    300    4 0.10 -14.44 0.54 50.00  30.0  28.0,0.00 0.00 0.00 89.38 0.54 50.00 0.10 -14.44 6 63 6 63 30.0% 28.0% 150.000 0.000 0.00 -4.90 0.00  1.97 0.00 296.00 0.0% | 1200.00  -20.00 HI -50.00 -50.00
2026-09-27T06:52:19.938,DEMO,DEMO,DEMO_MODE,0427e6a8ed5b4d0f92e17b614ed8f417,F1 :    300    4 0.10 -14.44 0.54 50.00  30.0  28.0,0.00 0.00 0.00 89.38 0.54 50.00 0.10 -14.44 6 63 6 63 30.0% 28.0% 150.000 0.000 0.00 -4.90 0.00  1.97 0.00 296.00 0.0% | 1200.00  -20.00 HI -50.00 -50.00
2026-09-27T06:52:20.059,DEMO,DEMO,DEMO_MODE,0427e6a8ed5b4d0f92e17b614ed8f417,F1 :    300    4 0.10 -14.44 0.54 50.00  30.0  28.0,0.00 0.00 0.00 89.38 0.54 50.00 0.10 -14.44 6 63 6 63 30.0% 28.0% 150.000 0.000 0.00 -4.90 0.00  1.97 0.00 296.00 0.0% | 1200.00  -20.00 HI -50.00 -50.00
2026-09-27T06:52:20.179,DEMO,DEMO,DEMO_MODE,0427e6a8ed5b4d0f92e17b614ed8f417,F1 :    300    4 0.10 -14.44 0.54 50.00  30.0  28.0,0.00 0.00 0.00 89.38 0.54 50.00 0.10 -14.44 6 63 6 63 30.0% 28.0% 150.000 0.000 0.00 -4.90 0.00  1.97 0.00 296.00 0.0% | 1200.00  -20.00 HI -50.00 -50.00
2026-09-27T06:52:20.300,DEMO,DEMO,DEMO_MODE,0427e6a8ed5b4d0f92e17b614ed8f417,F1 :    300    4 0.10 -14.44 0.54 50.00  30.0  28.0,0.00 0.00 0.00 89.38 0.54 50.00 0.10 -14.44 6 63 6 63 30.0% 28.0% 150.000 0.000 0.00 -4.90 0.00  1.97 0.00 296.00 0.0% | 1200.00  -20.00 HI -50.00 -50.00
2026-09-27T06:52:20.421,DEMO,DEMO,DEMO_MODE,0427e6a8ed5b4d0f92e17b614ed8f417,F1 :    300    4 0.10 -14.44 0.54 50.00  30.0  28.0,0.00 0.00 0.00 89.38 0.54 50.00 0.10 -14.44 6 63 6 63 30.0% 28.0% 150.000 0.000 0.00 -4.90 0.00  1.97 0.00 296.00 0.0% | 1200.00  -20.00 HI -50.00 -50.00
2026-09-27T06:52:20.542,DEMO,DEMO,DEMO_MODE,0427e6a8ed5b4d0f92e17b614ed8f417,F1 :    300    4 0.10 -14.44 0.54 50.00  30.0  28.0,0.00 0.00 0.00 89.38 0.54 50.00 0.10 -14.44 6 63 6 63 30.0% 28.0% 150.000 0.000 0.00 -4.90 0.00  1.97 0.00 296.00 0.0% | 1200.00  -20.00 HI -50.00 -50.00
2026-09-27T06:52:20.662,DEMO,DEMO,DEMO_MODE,0427e6a8ed5b4d0f92e17b614ed8f417,F1 :    300    4 0.10 -14.44 0.54 50.00  30.0  28.0,0.00 0.00 0.00 89.38 0.54 50.00 0.10 -14.44 6 63 6 63 30.0% 28.0% 150.000 0.000 0.00 -4.90 0.00  1.97 0.00 296.00 0.0% | 1200.00  -20.00 HI -50.00 -50.00
2026-09-27T06:52:20.783,DEMO,DEMO,DEMO_MODE,0427e6a8ed5b4d0f92e17b614ed8f417,F1 :    300    4 0.10 -14.44 0.54 50.00  30.0  28.0,0.00 0.00 0.00 89.38 0.54 50.00 0.10 -14.44 6 63 6 63 30.0% 28.0% 150.000 0.000 0.00 -4.90 0.00  1.97 0.00 296.00 0.0% | 1200.00  -20.00 HI -50.00 -50.00
2026-09-27T06:52:20.904,DEMO,DEMO,DEMO_MODE,0427e6a8ed5b4d0f92e17b614ed8f417,F1 :    300    4 0.10 -14.44 0.54 50.00  30.0  28.0,0.00 0.00 0.00 89.38 0.54 50.00 0.10 -14.44 6 63 6 63 30.0% 28.0% 150.000 0.000 0.00 -4.90 0.00  1.97 0.00 296.00 0.0% | 1200.00  -20.00 HI -50.00 -50.00
2026-09-27T06:52:21.025,DEMO,DEMO,DEMO_MODE,0427e6a8ed5b4d0f92e17b614ed8f417,F1 :    300    4 0.10 -14.44 0.54 50.00  30.0  28.0,0.00 0.00 0.00 89.38 0.54 50.00 0.10 -14.44 6 63 6 63 30.0% 28.0% 150.000 0.000 0.00 -4.90 0.00  1.97 0.00 296.00 0.0% | 1200.00  -20.00 HI -50.00 -50.00
2026-09-27T06:52:21.146,DEMO,DEMO,DEMO_MODE,0427e6a8ed5b4d0f92e17b614ed8f417,F1 :    300    4 0.10 -14.44 0.54 50.00  30.0  28.0,0.00 0.00 0.00 89.38 0.54 50.00 0.10 -14.44 6 63 6 63 30.0% 28.0% 150.000 0.000 0.00 -4.90 0.00  1.97 0.00 296.00 0.0% | 1200.00  -20.00 HI -50.00 -50.00
2026-09-27T06:52:21.266,DEMO,DEMO,DEMO_MODE,0427e6a8ed5b4d0f92e17b614ed8f417,F1 :    300    4 0.10 -14.44 0.54 50.00  30.0  28.0,0.00 0.00 0.00 89.38 0.54 50.00 0.10 -14.44 6 63 6 63 30.0% 28.0% 150.000 0.000 0.00 -4.90 0.00  1.97 0.00 296.00 0.0% | 1200.00  -20.00 HI -50.00 -50.00
2026-09-27T06:52:21.386,DEMO,DEMO,DEMO_MODE,0427e6a8ed5b4d0f92e17b614ed8f417,F1 :    300    4 0.10 -14.44 0.54 50.00  30.0  28.0,0.00 0.00 0.00 89.38 0.54 50.00 0.10 -14.44 6 63 6 63 30.0% 28.0% 150.000 0.000 0.00 -4.90 0.00  1.97 0.00 296.00 0.0% | 1200.00  -20.00 HI -50.00 -50.00
2026-09-27T06:52:21.507,DEMO,DEMO,DEMO_MODE,0427e6a8ed5b4d0f92e17b614ed8f417,F1 :    300    4 0.10 -14.44 0.54 50.00  30.0  28.0,0.00 0.00 0.00 89.38 0.54 50.00 0.10 -14.44 6 63 6 63 30.0% 28.0% 150.000 0.000 0.00 -4.90 0.00  1.97 0.00 296.00 0.0% | 1200.00  -20.00 HI -50.00 -50.00
2026-09-27T06:52:21.628,DEMO,DEMO,DEMO_MODE,0427e6a8ed5b4d0f92e17b614ed8f417,F1 :    300    4 0.10 -14.44 0.54 50.00  30.0  28.0,0.00 0.00 0.00 89.38 0.54 50.00 0.10 -14.44 6 63 6 63 30.0% 28.0% 150.000 0.000 0.00 -4.90 0.00  1.97 0.00 296.00 0.0% | 1200.00  -20.00 HI -50.00 -50.00
2026-09-27T06:52:21.749,DEMO,DEMO,DEMO_MODE,0427e6a8ed5b4d0f92e17b614ed8f417,F1 :    300    4 0.10 -14.44 0.54 50.00  30.0  28.0,0.00 0.00 0.00 89.38 0.54 50.00 0.10 -14.44 6 63 6 63 30.0% 28.0% 150.000 0.000 0.00 -4.90 0.00  1.97 0.00 296.00 0.0% | 1200.00  -20.00 HI -50.00 -50.00
2026-09-27T06:52:21.875,DEMO,DEMO,DEMO_MODE,0427e6a8ed5b4d0f92e17b614ed8f417,F1 :    300    4 0.10 -14.44 0.54 50.00  30.0  28.0,0.00 0.00 0.00 89.38 0.54 50.00 0.10 -14.44 6 63 6 63 30.0% 28.0% 150.000 0.000 0.00 -4.90 0.00  1.97 0.00 296.00 0.0% | 1200.00  -20.00 HI -50.00 -50.00
2026-09-27T06:52:21.996,DEMO,DEMO,DEMO_MODE,0427e6a8ed5b4d0f92e17b614ed8f417,F1 :    300    4 0.10 -14.44 0.54 50.00  30.0  28.0,0.00 0.00 0.00 89.38 0.54 50.00 0.10 -14.44 6 63 6 63 30.0% 28.0% 150.000 0.000 0.00 -4.90 0.00  1.97 0.00 296.00 0.0% | 1200.00  -20.00 HI -50.00 -50.00
2026-09-27T06:52:22.121,DEMO,DEMO,DEMO_MODE,0427e6a8ed5b4d0f92e17b614ed8f417,F1 :    300    4 0.10 -14.44 0.54 50.00  30.0  28.0,0.00 0.00 0.00 89.38 0.54 50.00 0.10 -14.44 6 63 6 63 30.0% 28.0% 150.000 0.000 0.00 -4.90 0.00  1.97 0.00 296.00 0.0% | 1200.00  -20.00 HI -50.00 -50.00
2026-09-27T06:52:22.243,DEMO,DEMO,DEMO_MODE,0427e6a8ed5b4d0f92e17b614ed8f417,F1 :    300    4 0.10 -14.44 0.54 50.00  30.0  28.0,0.00 0.00 0.00 89.38 0.54 50.00 0.10 -14.44 6 63 6 63 30.0% 28.0% 150.000 0.000 0.00 -4.90 0.00  1.97 0.00 296.00 0.0% | 1200.00  -20.00 HI -50.00 -50.00
2026-09-27T06:52:22.368,DEMO,DEMO,DEMO_MODE,0427e6a8ed5b4d0f92e17b614ed8f417,F1 :    300    4 0.10 -14.44 0.54 50.00  30.0  28.0,0.00 0.00 0.00 89.38 0.54 50.00 0.10 -14.44 6 63 6 63 30.0% 28.0% 150.000 0.000 0.00 -4.90 0.00  1.97 0.00 296.00 0.0% | 1200.00  -20.00 HI -50.00 -50.00
2026-09-27T06:52:22.489,DEMO,DEMO,DEMO_MODE,0427e6a8ed5b4d0f92e17b614ed8f417,F1 :    300    4 0.10 -14.44 0.54 50.00  30.0  28.0,0.00 0.00 0.00 89.38 0.54 50.00 0.10 -14.44 6 63 6 63 30.0% 28.0% 150.000 0.000 0.00 -4.90 0.00  1.97 0.00 296.00 0.0% | 1200.00  -20.00 HI -50.00 -50.00
2026-09-27T06:52:22.615,DEMO,DEMO,DEMO_MODE,0427e6a8ed5b4d0f92e17b614ed8f417,F1 :    300    4 0.10 -14.44 0.54 50.00  30.0  28.0,0.00 0.00 0.00 89.38 0.54 50.00 0.10 -14.44 6 63 6 63 30.0% 28.0% 150.000 0.000 0.00 -4.90 0.00  1.97 0.00 296.00 0.0% | 1200.00  -20.00 HI -50.00 -50.00
2026-09-27T06:52:22.736,DEMO,DEMO,DEMO_MODE,0427e6a8ed5b4d0f92e17b614ed8f417,F1 :    300    4 0.10 -14.44 0.54 50.00  30.0  28.0,0.00 0.00 0.00 89.38 0.54 50.00 0.10 -14.44 6 63 6 63 30.0% 28.0% 150.000 0.000 0.00 -4.90 0.00  1.97 0.00 296.00 0.0% | 1200.00  -20.00 HI -50.00 -50.00
2026-09-27T06:52:22.856,DEMO,DEMO,DEMO_MODE,0427e6a8ed5b4d0f92e17b614ed8f417,F1 :    300    4 0.10 -14.44 0.54 50.00  30.0  28.0,0.00 0.00 0.00 89.38 0.54 50.00 0.10 -14.44 6 63 6 63 30.0% 28.0% 150.000 0.000 0.00 -4.90 0.00  1.97 0.00 296.00 0.0% | 1200.00  -20.00 HI -50.00 -50.00
2026-09-27T06:52:22.988,DEMO,DEMO,DEMO_MODE,0427e6a8ed5b4d0f92e17b614ed8f417,F1 :    300    4 0.10 -14.44 0.54 50.00  30.0  28.0,0.00 0.00 0.00 89.38 0.54 50.00 0.10 -14.44 6 63 6 63 30.0% 28.0% 150.000 0.000 0.00 -4.90 0.00  1.97 0.00 296.00 0.0% | 1200.00  -20.00 HI -50.00 -50.00
2026-09-27T06:52:23.109,DEMO,DEMO,DEMO_MODE,0427e6a8ed5b4d0f92e17b614ed8f417,F1 :    300    4 0.10 -14.44 0.54 50.00  30.0  28.0,0.00 0.00 0.00 89.38 0.54 50.00 0.10 -14.44 6 63 6 63 30.0% 28.0% 150.000 0.000 0.00 -4.90 0.00  1.97 0.00 296.00 0.0% | 1200.00  -20.00 HI -50.00 -50.00
2026-09-27T06:52:23.230,DEMO,DEMO,DEMO_MODE,0427e6a8ed5b4d0f92e17b614ed8f417,F1 :    300    4 0.10 -14.44 0.54 50.00  30.0  28.0,0.00 0.00 0.00 89.38 0.54 50.00 0.10 -14.44 6 63 6 63 30.0% 28.0% 150.000 0.000 0.00 -4.90 0.00  1.97 0.00 296.00 0.0% | 1200.00  -20.00 HI -50.00 -50.00
2026-09-27T06:52:23.350,DEMO,DEMO,DEMO_MODE,0427e6a8ed5b4d0f92e17b614ed8f417,F1 :    300    4 0.10 -14.44 0.54 50.00  30.0  28.0,0.00 0.00 0.00 89.38 0.54 50.00 0.10 -14.44 6 63 6 63 30.0% 28.0% 150.000 0.000 0.00 -4.90 0.00  1.97 0.00 296.00 0.0% | 1200.00  -20.00 HI -50.00 -50.00
2026-09-27T06:52:23.471,DEMO,DEMO,DEMO_MODE,0427e6a8ed5b4d0f92e17b614ed8f417,F1 :    400    4 0.10 -14.44 0.54 50.00  40.0  32.0,0.00 0.00 0.00 89.38 0.54 50.00 0.10 -14.44 6 63 6 63 40.0% 32.0% 200.000 0.000 0.00 -4.90 0.00  1.98 0.00 396.00 0.0% | 1200.00  -10.00 HI -50.00 -50.00
2026-09-27T06:52:23.592,DEMO,DEMO,DEMO_MODE,0427e6a8ed5b4d0f92e17b614ed8f417,F1 :    400    4 0.10 -14.44 0.54 50.00  40.0  32.0,0.00 0.00 0.00 89.38 0.54 50.00 0.10 -14.44 6 63 6 63 40.0% 32.0% 200.000 0.000 0.00 -4.90 0.00  1.98 0.00 396.00 0.0% | 1200.00  -10.00 HI -50.00 -50.00
2026-09-27T06:52:23.712,DEMO,DEMO,DEMO_MODE,0427e6a8ed5b4d0f92e17b614ed8f417,F1 :    400    4 0.10 -14.44 0.54 50.00  40.0  32.0,0.00 0.00 0.00 89.38 0.54 50.00 0.10 -14.44 6 63 6 63 40.0% 32.0% 200.000 0.000 0.00 -4.90 0.00  1.98 0.00 396.00 0.0% | 1200.00  -10.00 HI -50.00 -50.00
2026-09-27T06:52:23.833,DEMO,DEMO,DEMO_MODE,0427e6a8ed5b4d0f92e17b614ed8f417,F1 :    400    4 0.10 -14.44 0.54 50.00  40.0  32.0,0.00 0.00 0.00 89.38 0.54 50.00 0.10 -14.44 6 63 6 63 40.0% 32.0% 200.000 0.000 0.00 -4.90 0.00  1.98 0.00 396.00 0.0% | 1200.00  -10.00 HI -50.00 -50.00
2026-09-27T06:52:23.955,DEMO,DEMO,DEMO_MODE,0427e6a8ed5b4d0f92e17b614ed8f417,F1 :    400    4 0.10 -14.44 0.54 50.00  40.0  32.0,0.00 0.00 0.00 89.38 0.54 50.00 0.10 -14.44 6 63 6 63 40.0% 32.0% 200.000 0.000 0.00 -4.90 0.00  1.98 0.00 396.00 0.0% | 1200.00  -10.00 HI -50.00 -50.00
2026-09-27T06:52:24.076,DEMO,DEMO,DEMO_MODE,0427e6a8ed5b4d0f92e17b614ed8f417,F1 :    400    4 0.10 -14.44 0.54 50.00  40.0  32.0,0.00 0.00 0.00 89.38 0.54 50.00 0.10 -14.44 6 63 6 63 40.0% 32.0% 200.000 0.000 0.00 -4.90 0.00  1.98 0.00 396.00 0.0% | 1200.00  -10.00 HI -50.00 -50.00
2026-09-27T06:52:24.197,DEMO,DEMO,DEMO_MODE,0427e6a8ed5b4d0f92e17b614ed8f417,F1 :    400    4 0.10 -14.44 0.54 50.00  40.0  32.0,0.00 0.00 0.00 89.38 0.54 50.00 0.10 -14.44 6 63 6 63 40.0% 32.0% 200.000 0.000 0.00 -4.90 0.00  1.98 0.00 396.00 0.0% | 1200.00  -10.00 HI -50.00 -50.00
2026-09-27T06:52:24.318,DEMO,DEMO,DEMO_MODE,0427e6a8ed5b4d0f92e17b614ed8f417,F1 :    400    4 0.10 -14.44 0.54 50.00  40.0  32.0,0.00 0.00 0.00 89.38 0.54 50.00 0.10 -14.44 6 63 6 63 40.0% 32.0% 200.000 0.000 0.00 -4.90 0.00  1.98 0.00 396.00 0.0% | 1200.00  -10.00 HI -50.00 -50.00
2026-09-27T06:52:24.438,DEMO,DEMO,DEMO_MODE,0427e6a8ed5b4d0f92e17b614ed8f417,F1 :    400    4 0.10 -14.44 0.54 50.00  40.0  32.0,0.00 0.00 0.00 89.38 0.54 50.00 0.10 -14.44 6 63 6 63 40.0% 32.0% 200.000 0.000 0.00 -4.90 0.00  1.98 0.00 396.00 0.0% | 1200.00  -10.00 HI -50.00 -50.00
2026-09-27T06:52:24.558,DEMO,DEMO,DEMO_MODE,0427e6a8ed5b4d0f92e17b614ed8f417,F1 :    400    4 0.10 -14.44 0.54 50.00  40.0  32.0,0.00 0.00 0.00 89.38 0.54 50.00 0.10 -14.44 6 63 6 63 40.0% 32.0% 200.000 0.000 0.00 -4.90 0.00  1.98 0.00 396.00 0.0% | 1200.00  -10.00 HI -50.00 -50.00
2026-09-27T06:52:24.679,DEMO,DEMO,DEMO_MODE,0427e6a8ed5b4d0f92e17b614ed8f417,F1 :    400    4 0.10 -14.44 0.54 50.00  40.0  32.0,0.00 0.00 0.00 89.38 0.54 50.00 0.10 -14.44 6 63 6 63 40.0% 32.0% 200.000 0.000 0.00 -4.90 0.00  1.98 0.00 396.00 0.0% | 1200.00  -10.00 HI -50.00 -50.00
2026-09-27T06:52:24.800,DEMO,DEMO,DEMO_MODE,0427e6a8ed5b4d0f92e17b614ed8f417,F1 :    400    4 0.10 -14.44 0.54 50.00  40.0  32.0,0.00 0.00 0.00 89.38 0.54 50.00 0.10 -14.44 6 63 6 63 40.0% 32.0% 200.000 0.000 0.00 -4.90 0.00  1.98 0.00 396.00 0.0% | 1200.00  -10.00 HI -50.00 -50.00
2026-09-27T06:52:24.921,DEMO,DEMO,DEMO_MODE,0427e6a8ed5b4d0f92e17b614ed8f417,F1 :    400    4 0.10 -14.44 0.54 50.00  40.0  32.0,0.00 0.00 0.00 89.38 0.54 50.00 0.10 -14.44 6 63 6 63 40.0% 32.0% 200.000 0.000 0.00 -4.90 0.00  1.98 0.00 396.00 0.0% | 1200.00  -10.00 HI -50.00 -50.00
2026-09-27T06:52:25.042,DEMO,DEMO,DEMO_MODE,0427e6a8ed5b4d0f92e17b614ed8f417,F1 :    400    4 0.10 -14.44 0.54 50.00  40.0  32.0,0.00 0.00 0.00 89.38 0.54 50.00 0.10 -14.44 6 63 6 63 40.0% 32.0% 200.000 0.000 0.00 -4.90 0.00  1.98 0.00 396.00 0.0% | 1200.00  -10.00 HI -50.00 -50.00
2026-09-27T06:52:25.163,DEMO,DEMO,DEMO_MODE,0427e6a8ed5b4d0f92e17b614ed8f417,F1 :    400    4 0.10 -14.44 0.54 50.00  40.0  32.0,0.00 0.00 0.00 89.38 0.54 50.00 0.10 -14.44 6 63 6 63 40.0% 32.0% 200.000 0.000 0.00 -4.90 0.00  1.98 0.00 396.00 0.0% | 1200.00  -10.00 HI -50.00 -50.00
2026-09-27T06:52:25.284,DEMO,DEMO,DEMO_MODE,0427e6a8ed5b4d0f92e17b614ed8f417,F1 :    400    4 0.10 -14.44 0.54 50.00  40.0  32.0,0.00 0.00 0.00 89.38 0.54 50.00 0.10 -14.44 6 63 6 63 40.0% 32.0% 200.000 0.000 0.00 -4.90 0.00  1.98 0.00 396.00 0.0% | 1200.00  -10.00 HI -50.00 -50.00
2026-09-27T06:52:25.404,DEMO,DEMO,DEMO_MODE,0427e6a8ed5b4d0f92e17b614ed8f417,F1 :    400    4 0.10 -14.44 0.54 50.00  40.0  32.0,0.00 0.00 0.00 89.38 0.54 50.00 0.10 -14.44 6 63 6 63 40.0% 32.0% 200.000 0.000 0.00 -4.90 0.00  1.98 0.00 396.00 0.0% | 1200.00  -10.00 HI -50.00 -50.00
2026-09-27T06:52:25.524,DEMO,DEMO,DEMO_MODE,0427e6a8ed5b4d0f92e17b614ed8f417,F1 :    400    4 0.10 -14.44 0.54 50.00  40.0  32.0,0.00 0.00 0.00 89.38 0.54 50.00 0.10 -14.44 6 63 6 63 40.0% 32.0% 200.000 0.000 0.00 -4.90 0.00  1.98 0.00 396.00 0.0% | 1200.00  -10.00 HI -50.00 -50.00
2026-09-27T06:52:25.645,DEMO,DEMO,DEMO_MODE,0427e6a8ed5b4d0f92e17b614ed8f417,F1 :    400    4 0.10 -14.44 0.54 50.00  40.0  32.0,0.00 0.00 0.00 89.38 0.54 50.00 0.10 -14.44 6 63 6 63 40.0% 32.0% 200.000 0.000 0.00 -4.90 0.00  1.98 0.00 396.00 0.0% | 1200.00  -10.00 HI -50.00 -50.00
2026-09-27T06:52:25.766,DEMO,DEMO,DEMO_MODE,0427e6a8ed5b4d0f92e17b614ed8f417,F1 :    400    4 0.10 -14.44 0.54 50.00  40.0  32.0,0.00 0.00 0.00 89.38 0.54 50.00 0.10 -14.44 6 63 6 63 40.0% 32.0% 200.000 0.000 0.00 -4.90 0.00  1.98 0.00 396.00 0.0% | 1200.00  -10.00 HI -50.00 -50.00
2026-09-27T06:52:25.887,DEMO,DEMO,DEMO_MODE,0427e6a8ed5b4d0f92e17b614ed8f417,F1 :    400    4 0.10 -14.44 0.54 50.00  40.0  32.0,0.00 0.00 0.00 89.38 0.54 50.00 0.10 -14.44 6 63 6 63 40.0% 32.0% 200.000 0.000 0.00 -4.90 0.00  1.98 0.00 396.00 0.0% | 1200.00  -10.00 HI -50.00 -50.00
2026-09-27T06:52:26.008,DEMO,DEMO,DEMO_MODE,0427e6a8ed5b4d0f92e17b614ed8f417,F1 :    400    4 0.10 -14.44 0.54 50.00  40.0  32.0,0.00 0.00 0.00 89.38 0.54 50.00 0.10 -14.44 6 63 6 63 40.0% 32.0% 200.000 0.000 0.00 -4.90 0.00  1.98 0.00 396.00 0.0% | 1200.00  -10.00 HI -50.00 -50.00
2026-09-27T06:52:26.128,DEMO,DEMO,DEMO_MODE,0427e6a8ed5b4d0f92e17b614ed8f417,F1 :    400    4 0.10 -14.44 0.54 50.00  40.0  32.0,0.00 0.00 0.00 89.38 0.54 50.00 0.10 -14.44 6 63 6 63 40.0% 32.0% 200.000 0.000 0.00 -4.90 0.00  1.98 0.00 396.00 0.0% | 1200.00  -10.00 HI -50.00 -50.00
2026-09-27T06:52:26.249,DEMO,DEMO,DEMO_MODE,0427e6a8ed5b4d0f92e17b614ed8f417,F1 :    400    4 0.10 -14.44 0.54 50.00  40.0  32.0,0.00 0.00 0.00 89.38 0.54 50.00 0.10 -14.44 6 63 6 63 40.0% 32.0% 200.000 0.000 0.00 -4.90 0.00  1.98 0.00 396.00 0.0% | 1200.00  -10.00 HI -50.00 -50.00
2026-09-27T06:52:26.376,DEMO,DEMO,DEMO_MODE,0427e6a8ed5b4d0f92e17b614ed8f417,F1 :    400    4 0.10 -14.44 0.54 50.00  40.0  32.0,0.00 0.00 0.00 89.38 0.54 50.00 0.10 -14.44 6 63 6 63 40.0% 32.0% 200.000 0.000 0.00 -4.90 0.00  1.98 0.00 396.00 0.0% | 1200.00  -10.00 HI -50.00 -50.00
2026-09-27T06:52:26.497,DEMO,DEMO,DEMO_MODE,0427e6a8ed5b4d0f92e17b614ed8f417,F1 :    400    4 0.10 -14.44 0.54 50.00  40.0  32.0,0.00 0.00 0.00 89.38 0.54 50.00 0.10 -14.44 6 63 6 63 40.0% 32.0% 200.000 0.000 0.00 -4.90 0.00  1.98 0.00 396.00 0.0% | 1200.00  -10.00 HI -50.00 -50.00
2026-09-27T06:52:26.623,DEMO,DEMO,DEMO_MODE,0427e6a8ed5b4d0f92e17b614ed8f417,F1 :    400    4 0.10 -14.44 0.54 50.00  40.0  32.0,0.00 0.00 0.00 89.38 0.54 50.00 0.10 -14.44 6 63 6 63 40.0% 32.0% 200.000 0.000 0.00 -4.90 0.00  1.98 0.00 396.00 0.0% | 1200.00  -10.00 HI -50.00 -50.00
2026-09-27T06:52:26.743,DEMO,DEMO,DEMO_MODE,0427e6a8ed5b4d0f92e17b614ed8f417,F1 :    400    4 0.10 -14.44 0.54 50.00  40.0  32.0,0.00 0.00 0.00 89.38 0.54 50.00 0.10 -14.44 6 63 6 63 40.0% 32.0% 200.000 0.000 0.00 -4.90 0.00  1.98 0.00 396.00 0.0% | 1200.00  -10.00 HI -50.00 -50.00
2026-09-27T06:52:26.869,DEMO,DEMO,DEMO_MODE,0427e6a8ed5b4d0f92e17b614ed8f417,F1 :    400    4 0.10 -14.44 0.54 50.00  40.0  32.0,0.00 0.00 0.00 89.38 0.54 50.00 0.10 -14.44 6 63 6 63 40.0% 32.0% 200.000 0.000 0.00 -4.90 0.00  1.98 0.00 396.00 0.0% | 1200.00  -10.00 HI -50.00 -50.00
2026-09-27T06:52:26.990,DEMO,DEMO,DEMO_MODE,0427e6a8ed5b4d0f92e17b614ed8f417,F1 :    400    4 0.10 -14.44 0.54 50.00  40.0  32.0,0.00 0.00 0.00 89.38 0.54 50.00 0.10 -14.44 6 63 6 63 40.0% 32.0% 200.000 0.000 0.00 -4.90 0.00  1.98 0.00 396.00 0.0% | 1200.00  -10.00 HI -50.00 -50.00
2026-09-27T06:52:27.111,DEMO,DEMO,DEMO_MODE,0427e6a8ed5b4d0f92e17b614ed8f417,F1 :    400    4 0.10 -14.44 0.54 50.00  40.0  32.0,0.00 0.00 0.00 89.38 0.54 50.00 0.10 -14.44 6 63 6 63 40.0% 32.0% 200.000 0.000 0.00 -4.90 0.00  1.98 0.00 396.00 0.0% | 1200.00  -10.00 HI -50.00 -50.00
2026-09-27T06:52:27.232,DEMO,DEMO,DEMO_MODE,0427e6a8ed5b4d0f92e17b614ed8f417,F1 :    400    4 0.10 -14.44 0.54 50.00  40.0  32.0,0.00 0.00 0.00 89.38 0.54 50.00 0.10 -14.44 6 63 6 63 40.0% 32.0% 200.000 0.000 0.00 -4.90 0.00  1.98 0.00 396.00 0.0% | 1200.00  -10.00 HI -50.00 -50.00
2026-09-27T06:52:27.353,DEMO,DEMO,DEMO_MODE,0427e6a8ed5b4d0f92e17b614ed8f417,F1 :    400    4 0.10 -14.44 0.54 50.00  40.0  32.0,0.00 0.00 0.00 89.38 0.54 50.00 0.10 -14.44 6 63 6 63 40.0% 32.0% 200.000 0.000 0.00 -4.90 0.00  1.98 0.00 396.00 0.0% | 1200.00  -10.00 HI -50.00 -50.00
2026-09-27T06:52:27.474,DEMO,DEMO,DEMO_MODE,0427e6a8ed5b4d0f92e17b614ed8f417,F1 :    400    4 0.10 -14.44 0.54 50.00  40.0  32.0,0.00 0.00 0.00 89.38 0.54 50.00 0.10 -14.44 6 63 6 63 40.0% 32.0% 200.000 0.000 0.00 -4.90 0.00  1.98 0.00 396.00 0.0% | 1200.00  -10.00 HI -50.00 -50.00
2026-09-27T06:52:27.595,DEMO,DEMO,DEMO_MODE,0427e6a8ed5b4d0f92e17b614ed8f417,F1 :    400    4 0.10 -14.44 0.54 50.00  40.0  32.0,0.00 0.00 0.00 89.38 0.54 50.00 0.10 -14.44 6 63 6 63 40.0% 32.0% 200.000 0.000 0.00 -4.90 0.00  1.98 0.00 396.00 0.0% | 1200.00  -10.00 HI -50.00 -50.00
2026-09-27T06:52:27.716,DEMO,DEMO,DEMO_MODE,0427e6a8ed5b4d0f92e17b614ed8f417,F1 :    400    4 0.10 -14.44 0.54 50.00  40.0  32.0,0.00 0.00 0.00 89.38 0.54 50.00 0.10 -14.44 6 63 6 63 40.0% 32.0% 200.000 0.000 0.00 -4.90 0.00  1.98 0.00 396.00 0.0% | 1200.00  -10.00 HI -50.00 -50.00
2026-09-27T06:52:27.837,DEMO,DEMO,DEMO_MODE,0427e6a8ed5b4d0f92e17b614ed8f417,F1 :    400    4 0.10 -14.44 0.54 50.00  40.0  32.0,0.00 0.00 0.00 89.38 0.54 50.00 0.10 -14.44 6 63 6 63 40.0% 32.0% 200.000 0.000 0.00 -4.90 0.00  1.98 0.00 396.00 0.0% | 1200.00  -10.00 HI -50.00 -50.00
2026-09-27T06:52:27.958,DEMO,DEMO,DEMO_MODE,0427e6a8ed5b4d0f92e17b614ed8f417,F1 :    400    4 0.10 -14.44 0.54 50.00  40.0  32.0,0.00 0.00 0.00 89.38 0.54 50.00 0.10 -14.44 6 63 6 63 40.0% 32.0% 200.000 0.000 0.00 -4.90 0.00  1.98 0.00 396.00 0.0% | 1200.00  -10.00 HI -50.00 -50.00
2026-09-27T06:52:28.079,DEMO,DEMO,DEMO_MODE,0427e6a8ed5b4d0f92e17b614ed8f417,F1 :    400    4 0.10 -14.44 0.54 50.00  40.0  32.0,0.00 0.00 0.00 89.38 0.54 50.00 0.10 -14.44 6 63 6 63 40.0% 32.0% 200.000 0.000 0.00 -4.90 0.00  1.98 0.00 396.00 0.0% | 1200.00  -10.00 HI -50.00 -50.00
2026-09-27T06:52:28.201,DEMO,DEMO,DEMO_MODE,0427e6a8ed5b4d0f92e17b614ed8f417,F1 :    400    4 0.10 -14.44 0.54 50.00  40.0  32.0,0.00 0.00 0.00 89.38 0.54 50.00 0.10 -14.44 6 63 6 63 40.0% 32.0% 200.000 0.000 0.00 -4.90 0.00  1.98 0.00 396.00 0.0% | 1200.00  -10.00 HI -50.00 -50.00
2026-09-27T06:52:28.321,DEMO,DEMO,DEMO_MODE,0427e6a8ed5b4d0f92e17b614ed8f417,F1 :    400    4 0.10 -14.44 0.54 50.00  40.0  32.0,0.00 0.00 0.00 89.38 0.54 50.00 0.10 -14.44 6 63 6 63 40.0% 32.0% 200.000 0.000 0.00 -4.90 0.00  1.98 0.00 396.00 0.0% | 1200.00  -10.00 HI -50.00 -50.00
2026-09-27T06:52:28.441,DEMO,DEMO,DEMO_MODE,0427e6a8ed5b4d0f92e17b614ed8f417,F1 :    400    0 0.10 -14.44 0.54 50.00  40.0  36.0,0.00 0.00 0.00 89.38 0.54 50.00 0.10 -14.44 6 63 6 63 40.0% 36.0% 200.000 0.000 0.00 -4.90 0.00  2.00 0.00 400.00 0.0% | 1200.00  -10.00 HI -50.00 -50.00
2026-09-27T06:52:28.562,DEMO,DEMO,DEMO_MODE,0427e6a8ed5b4d0f92e17b614ed8f417,F1 :    400    0 0.10 -14.44 0.54 50.00  40.0  36.0,0.00 0.00 0.00 89.38 0.54 50.00 0.10 -14.44 6 63 6 63 40.0% 36.0% 200.000 0.000 0.00 -4.90 0.00  2.00 0.00 400.00 0.0% | 1200.00  -10.00 HI -50.00 -50.00
2026-09-27T06:52:28.682,DEMO,DEMO,DEMO_MODE,0427e6a8ed5b4d0f92e17b614ed8f417,F1 :    400    0 0.10 -14.44 0.54 50.00  40.0  36.0,0.00 0.00 0.00 89.38 0.54 50.00 0.10 -14.44 6 63 6 63 40.0% 36.0% 200.000 0.000 0.00 -4.90 0.00  2.00 0.00 400.00 0.0% | 1200.00  -10.00 HI -50.00 -50.00
2026-09-27T06:52:28.803,DEMO,DEMO,DEMO_MODE,0427e6a8ed5b4d0f92e17b614ed8f417,F1 :    400    0 0.10 -14.44 0.54 50.00  40.0  36.0,0.00 0.00 0.00 89.38 0.54 50.00 0.10 -14.44 6 63 6 63 40.0% 36.0% 200.000 0.000 0.00 -4.90 0.00  2.00 0.00 400.00 0.0% | 1200.00  -10.00 HI -50.00 -50.00
2026-09-27T06:52:28.924,DEMO,DEMO,DEMO_MODE,0427e6a8ed5b4d0f92e17b614ed8f417,F1 :    400    0 0.10 -14.44 0.54 50.00  40.0  36.0,0.00 0.00 0.00 89.38 0.54 50.00 0.10 -14.44 6 63 6 63 40.0% 36.0% 200.000 0.000 0.00 -4.90 0.00  2.00 0.00 400.00 0.0% | 1200.00  -10.00 HI -50.00 -50.00
2026-09-27T06:52:29.045,DEMO,DEMO,DEMO_MODE,0427e6a8ed5b4d0f92e17b614ed8f417,F1 :    400    0 0.10 -14.44 0.54 50.00  40.0  36.0,0.00 0.00 0.00 89.38 0.54 50.00 0.10 -14.44 6 63 6 63 40.0% 36.0% 200.000 0.000 0.00 -4.90 0.00  2.00 0.00 400.00 0.0% | 1200.00  -10.00 HI -50.00 -50.00
2026-09-27T06:52:29.165,DEMO,DEMO,DEMO_MODE,0427e6a8ed5b4d0f92e17b614ed8f417,F1 :    400    0 0.10 -14.44 0.54 50.00  40.0  36.0,0.00 0.00 0.00 89.38 0.54 50.00 0.10 -14.44 6 63 6 63 40.0% 36.0% 200.000 0.000 0.00 -4.90 0.00  2.00 0.00 400.00 0.0% | 1200.00  -10.00 HI -50.00 -50.00
2026-09-27T06:52:29.286,DEMO,DEMO,DEMO_MODE,0427e6a8ed5b4d0f92e17b614ed8f417,F1 :    400    0 0.10 -14.44 0.54 50.00  40.0  36.0,0.00 0.00 0.00 89.38 0.54 50.00 0.10 -14.44 6 63 6 63 40.0% 36.0% 200.000 0.000 0.00 -4.90 0.00  2.00 0.00 400.00 0.0% | 1200.00  -10.00 HI -50.00 -50.00
2026-09-27T06:52:29.407,DEMO,DEMO,DEMO_MODE,0427e6a8ed5b4d0f92e17b614ed8f417,F1 :    400    0 0.10 -14.44 0.54 50.00  40.0  36.0,0.00 0.00 0.00 89.38 0.54 50.00 0.10 -14.44 6 63 6 63 40.0% 36.0% 200.000 0.000 0.00 -4.90 0.00  2.00 0.00 400.00 0.0% | 1200.00  -10.00 HI -50.00 -50.00
2026-09-27T06:52:29.527,DEMO,DEMO,DEMO_MODE,0427e6a8ed5b4d0f92e17b614ed8f417,F1 :    400    0 0.10 -14.44 0.54 50.00  40.0  36.0,0.00 0.00 0.00 89.38 0.54 50.00 0.10 -14.44 6 63 6 63 40.0% 36.0% 200.000 0.000 0.00 -4.90 0.00  2.00 0.00 400.00 0.0% | 1200.00  -10.00 HI -50.00 -50.00
2026-09-27T06:52:29.648,DEMO,DEMO,DEMO_MODE,0427e6a8ed5b4d0f92e17b614ed8f417,F1 :    400    0 0.10 -14.44 0.54 50.00  40.0  36.0,0.00 0.00 0.00 89.38 0.54 50.00 0.10 -14.44 6 63 6 63 40.0% 36.0% 200.000 0.000 0.00 -4.90 0.00  2.00 0.00 400.00 0.0% | 1200.00  -10.00 HI -50.00 -50.00
2026-09-27T06:52:29.769,DEMO,DEMO,DEMO_MODE,0427e6a8ed5b4d0f92e17b614ed8f417,F1 :    400    0 0.10 -14.44 0.54 50.00  40.0  36.0,0.00 0.00 0.00 89.38 0.54 50.00 0.10 -14.44 6 63 6 63 40.0% 36.0% 200.000 0.000 0.00 -4.90 0.00  2.00 0.00 400.00 0.0% | 1200.00  -10.00 HI -50.00 -50.00
2026-09-27T06:52:29.890,DEMO,DEMO,DEMO_MODE,0427e6a8ed5b4d0f92e17b614ed8f417,F1 :    400    0 0.10 -14.44 0.54 50.00  40.0  36.0,0.00 0.00 0.00 89.38 0.54 50.00 0.10 -14.44 6 63 6 63 40.0% 36.0% 200.000 0.000 0.00 -4.90 0.00  2.00 0.00 400.00 0.0% | 1200.00  -10.00 HI -50.00 -50.00
2026-09-27T06:52:30.011,DEMO,DEMO,DEMO_MODE,0427e6a8ed5b4d0f92e17b614ed8f417,F1 :    400    0 0.10 -14.44 0.54 50.00  40.0  36.0,0.00 0.00 0.00 89.38 0.54 50.00 0.10 -14.44 6 63 6 63 40.0% 36.0% 200.000 0.000 0.00 -4.90 0.00  2.00 0.00 400.00 0.0% | 1200.00  -10.00 HI -50.00 -50.00
2026-09-27T06:52:30.133,DEMO,DEMO,DEMO_MODE,0427e6a8ed5b4d0f92e17b614ed8f417,F1 :    400    0 0.10 -14.44 0.54 50.00  40.0  36.0,0.00 0.00 0.00 89.38 0.54 50.00 0.10 -14.44 6 63 6 63 40.0% 36.0% 200.000 0.000 0.00 -4.90 0.00  2.00 0.00 400.00 0.0% | 1200.00  -10.00 HI -50.00 -50.00
2026-09-27T06:52:30.253,DEMO,DEMO,DEMO_MODE,0427e6a8ed5b4d0f92e17b614ed8f417,F1 :    400    0 0.10 -14.44 0.54 50.00  40.0  36.0,0.00 0.00 0.00 89.38 0.54 50.00 0.10 -14.44 6 63 6 63 40.0% 36.0% 200.000 0.000 0.00 -4.90 0.00  2.00 0.00 400.00 0.0% | 1200.00  -10.00 HI -50.00 -50.00
2026-09-27T06:52:30.378,DEMO,DEMO,DEMO_MODE,0427e6a8ed5b4d0f92e17b614ed8f417,F1 :    400    0 0.10 -14.44 0.54 50.00  40.0  36.0,0.00 0.00 0.00 89.38 0.54 50.00 0.10 -14.44 6 63 6 63 40.0% 36.0% 200.000 0.000 0.00 -4.90 0.00  2.00 0.00 400.00 0.0% | 1200.00  -10.00 HI -50.00 -50.00
2026-09-27T06:52:30.499,DEMO,DEMO,DEMO_MODE,0427e6a8ed5b4d0f92e17b614ed8f417,F1 :    400    0 0.10 -14.44 0.54 50.00  40.0  36.0,0.00 0.00 0.00 89.38 0.54 50.00 0.10 -14.44 6 63 6 63 40.0% 36.0% 200.000 0.000 0.00 -4.90 0.00  2.00 0.00 400.00 0.0% | 1200.00  -10.00 HI -50.00 -50.00
2026-09-27T06:52:30.625,DEMO,DEMO,DEMO_MODE,0427e6a8ed5b4d0f92e17b614ed8f417,F1 :    400    0 0.10 -14.44 0.54 50.00  40.0  36.0,0.00 0.00 0.00 89.38 0.54 50.00 0.10 -14.44 6 63 6 63 40.0% 36.0% 200.000 0.000 0.00 -4.90 0.00  2.00 0.00 400.00 0.0% | 1200.00  -10.00 HI -50.00 -50.00
2026-09-27T06:52:30.756,DEMO,DEMO,DEMO_MODE,0427e6a8ed5b4d0f92e17b614ed8f417,F1 :    400    0 0.10 -14.44 0.54 50.00  40.0  36.0,0.00 0.00 0.00 89.38 0.54 50.00 0.10 -14.44 6 63 6 63 40.0% 36.0% 200.000 0.000 0.00 -4.90 0.00  2.00 0.00 400.00 0.0% | 1200.00  -10.00 HI -50.00 -50.00
2026-09-27T06:52:30.882,DEMO,DEMO,DEMO_MODE,0427e6a8ed5b4d0f92e17b614ed8f417,F1 :    400    0 0.10 -14.44 0.54 50.00  40.0  36.0,0.00 0.00 0.00 89.38 0.54 50.00 0.10 -14.44 6 63 6 63 40.0% 36.0% 200.000 0.000 0.00 -4.90 0.00  2.00 0.00 400.00 0.0% | 1200.00  -10.00 HI -50.00 -50.00
2026-09-27T06:52:31.003,DEMO,DEMO,DEMO_MODE,0427e6a8ed5b4d0f92e17b614ed8f417,F1 :    400    0 0.10 -14.44 0.54 50.00  40.0  36.0,0.00 0.00 0.00 89.38 0.54 50.00 0.10 -14.44 6 63 6 63 40.0% 36.0% 200.000 0.000 0.00 -4.90 0.00  2.00 0.00 400.00 0.0% | 1200.00  -10.00 HI -50.00 -50.00
2026-09-27T06:52:31.130,DEMO,DEMO,DEMO_MODE,0427e6a8ed5b4d0f92e17b614ed8f417,F1 :    400    0 0.10 -14.44 0.54 50.00  40.0  36.0,0.00 0.00 0.00 89.38 0.54 50.00 0.10 -14.44 6 63 6 63 40.0% 36.0% 200.000 0.000 0.00 -4.90 0.00  2.00 0.00 400.00 0.0% | 1200.00  -10.00 HI -50.00 -50.00
2026-09-27T06:52:31.250,DEMO,DEMO,DEMO_MODE,0427e6a8ed5b4d0f92e17b614ed8f417,F1 :    400    0 0.10 -14.44 0.54 50.00  40.0  36.0,0.00 0.00 0.00 89.38 0.54 50.00 0.10 -14.44 6 63 6 63 40.0% 36.0% 200.000 0.000 0.00 -4.90 0.00  2.00 0.00 400.00 0.0% | 1200.00  -10.00 HI -50.00 -50.00
2026-09-27T06:52:31.376,DEMO,DEMO,DEMO_MODE,0427e6a8ed5b4d0f92e17b614ed8f417,F1 :    400    0 0.10 -14.44 0.54 50.00  40.0  36.0,0.00 0.00 0.00 89.38 0.54 50.00 0.10 -14.44 6 63 6 63 40.0% 36.0% 200.000 0.000 0.00 -4.90 0.00  2.00 0.00 400.00 0.0% | 1200.00  -10.00 HI -50.00 -50.00
2026-09-27T06:52:31.496,DEMO,DEMO,DEMO_MODE,0427e6a8ed5b4d0f92e17b614ed8f417,F1 :    400    0 0.10 -14.44 0.54 50.00  40.0  36.0,0.00 0.00 0.00 89.38 0.54 50.00 0.10 -14.44 6 63 6 63 40.0% 36.0% 200.000 0.000 0.00 -4.90 0.00  2.00 0.00 400.00 0.0% | 1200.00  -10.00 HI -50.00 -50.00
2026-09-27T06:52:31.622,DEMO,DEMO,DEMO_MODE,0427e6a8ed5b4d0f92e17b614ed8f417,F1 :    400    0 0.10 -14.44 0.54 50.00  40.0  36.0,0.00 0.00 0.00 89.38 0.54 50.00 0.10 -14.44 6 63 6 63 40.0% 36.0% 200.000 0.000 0.00 -4.90 0.00  2.00 0.00 400.00 0.0% | 1200.00  -10.00 HI -50.00 -50.00
2026-09-27T06:52:31.743,DEMO,DEMO,DEMO_MODE,0427e6a8ed5b4d0f92e17b614ed8f417,F1 :    400    0 0.10 -14.44 0.54 50.00  40.0  36.0,0.00 0.00 0.00 89.38 0.54 50.00 0.10 -14.44 6 63 6 63 40.0% 36.0% 200.000 0.000 0.00 -4.90 0.00  2.00 0.00 400.00 0.0% | 1200.00  -10.00 HI -50.00 -50.00
2026-09-27T06:52:31.863,DEMO,DEMO,DEMO_MODE,0427e6a8ed5b4d0f92e17b614ed8f417,F1 :    400    0 0.10 -14.44 0.54 50.00  40.0  36.0,0.00 0.00 0.00 89.38 0.54 50.00 0.10 -14.44 6 63 6 63 40.0% 36.0% 200.000 0.000 0.00 -4.90 0.00  2.00 0.00 400.00 0.0% | 1200.00  -10.00 HI -50.00 -50.00
2026-09-27T06:52:31.990,DEMO,DEMO,DEMO_MODE,0427e6a8ed5b4d0f92e17b614ed8f417,F1 :    400    0 0.10 -14.44 0.54 50.00  40.0  36.0,0.00 0.00 0.00 89.38 0.54 50.00 0.10 -14.44 6 63 6 63 40.0% 36.0% 200.000 0.000 0.00 -4.90 0.00  2.00 0.00 400.00 0.0% | 1200.00  -10.00 HI -50.00 -50.00
2026-09-27T06:52:32.116,DEMO,DEMO,DEMO_MODE,0427e6a8ed5b4d0f92e17b614ed8f417,F1 :    400    0 0.10 -14.44 0.54 50.00  40.0  36.0,0.00 0.00 0.00 89.38 0.54 50.00 0.10 -14.44 6 63 6 63 40.0% 36.0% 200.000 0.000 0.00 -4.90 0.00  2.00 0.00 400.00 0.0% | 1200.00  -10.00 HI -50.00 -50.00
2026-09-27T06:52:32.237,DEMO,DEMO,DEMO_MODE,0427e6a8ed5b4d0f92e17b614ed8f417,F1 :    400    0 0.10 -14.44 0.54 50.00  40.0  36.0,0.00 0.00 0.00 89.38 0.54 50.00 0.10 -14.44 6 63 6 63 40.0% 36.0% 200.000 0.000 0.00 -4.90 0.00  2.00 0.00 400.00 0.0% | 1200.00  -10.00 HI -50.00 -50.00
2026-09-27T06:52:32.358,DEMO,DEMO,DEMO_MODE,0427e6a8ed5b4d0f92e17b614ed8f417,F1 :    400    0 0.10 -14.44 0.54 50.00  40.0  36.0,0.00 0.00 0.00 89.38 0.54 50.00 0.10 -14.44 6 63 6 63 40.0% 36.0% 200.000 0.000 0.00 -4.90 0.00  2.00 0.00 400.00 0.0% | 1200.00  -10.00 HI -50.00 -50.00
2026-09-27T06:52:32.479,DEMO,DEMO,DEMO_MODE,0427e6a8ed5b4d0f92e17b614ed8f417,F1 :    400    0 0.10 -14.44 0.54 50.00  40.0  36.0,0.00 0.00 0.00 89.38 0.54 50.00 0.10 -14.44 6 63 6 63 40.0% 36.0% 200.000 0.000 0.00 -4.90 0.00  2.00 0.00 400.00 0.0% | 1200.00  -10.00 HI -50.00 -50.00
2026-09-27T06:52:32.600,DEMO,DEMO,DEMO_MODE,0427e6a8ed5b4d0f92e17b614ed8f417,F1 :    400    0 0.10 -14.44 0.54 50.00  40.0  36.0,0.00 0.00 0.00 89.38 0.54 50.00 0.10 -14.44 6 63 6 63 40.0% 36.0% 200.000 0.000 0.00 -4.90 0.00  2.00 0.00 400.00 0.0% | 1200.00  -10.00 HI -50.00 -50.00
2026-09-27T06:52:32.721,DEMO,DEMO,DEMO_MODE,0427e6a8ed5b4d0f92e17b614ed8f417,F1 :    400    0 0.10 -14.44 0.54 50.00  40.0  36.0,0.00 0.00 0.00 89.38 0.54 50.00 0.10 -14.44 6 63 6 63 40.0% 36.0% 200.000 0.000 0.00 -4.90 0.00  2.00 0.00 400.00 0.0% | 1200.00  -10.00 HI -50.00 -50.00
2026-09-27T06:52:32.841,DEMO,DEMO,DEMO_MODE,0427e6a8ed5b4d0f92e17b614ed8f417,F1 :    400    0 0.10 -14.44 0.54 50.00  40.0  36.0,0.00 0.00 0.00 89.38 0.54 50.00 0.10 -14.44 6 63 6 63 40.0% 36.0% 200.000 0.000 0.00 -4.90 0.00  2.00 0.00 400.00 0.0% | 1200.00  -10.00 HI -50.00 -50.00
2026-09-27T06:52:32.962,DEMO,DEMO,DEMO_MODE,0427e6a8ed5b4d0f92e17b614ed8f417,F1 :    400    0 0.10 -14.44 0.54 50.00  40.0  36.0,0.00 0.00 0.00 89.38 0.54 50.00 0.10 -14.44 6 63 6 63 40.0% 36.0% 200.000 0.000 0.00 -4.90 0.00  2.00 0.00 400.00 0.0% | 1200.00  -10.00 HI -50.00 -50.00
2026-09-27T06:52:33.082,DEMO,DEMO,DEMO_MODE,0427e6a8ed5b4d0f92e17b614ed8f417,F1 :    400    0 0.10 -14.44 0.54 50.00  40.0  36.0,0.00 0.00 0.00 89.38 0.54 50.00 0.10 -14.44 6 63 6 63 40.0% 36.0% 200.000 0.000 0.00 -4.90 0.00  2.00 0.00 400.00 0.0% | 1200.00  -10.00 HI -50.00 -50.00
2026-09-27T06:52:33.203,DEMO,DEMO,DEMO_MODE,0427e6a8ed5b4d0f92e17b614ed8f417,F1 :    400    0 0.10 -14.44 0.54 50.00  40.0  36.0,0.00 0.00 0.00 89.38 0.54 50.00 0.10 -14.44 6 63 6 63 40.0% 36.0% 200.000 0.000 0.00 -4.90 0.00  2.00 0.00 400.00 0.0% | 1200.00  -10.00 HI -50.00 -50.00
2026-09-27T06:52:33.324,DEMO,DEMO,DEMO_MODE,0427e6a8ed5b4d0f92e17b614ed8f417,F1 :    400    0 0.10 -14.44 0.54 50.00  40.0  36.0,0.00 0.00 0.00 89.38 0.54 50.00 0.10 -14.44 6 63 6 63 40.0% 36.0% 200.000 0.000 0.00 -4.90 0.00  2.00 0.00 400.00 0.0% | 1200.00  -10.00 HI -50.00 -50.00
2026-09-27T06:52:33.444,DEMO,DEMO,DEMO_MODE,0427e6a8ed5b4d0f92e17b614ed8f417,F1 :    400    0 0.10 -14.44 0.54 50.00  40.0  36.0,0.00 0.00 0.00 89.38 0.54 50.00 0.10 -14.44 6 63 6 63 40.0% 36.0% 200.000 0.000 0.00 -4.90 0.00  2.00 0.00 400.00 0.0% | 1200.00  -10.00 HI -50.00 -50.00
2026-09-27T06:52:33.565,DEMO,DEMO,DEMO_MODE,0427e6a8ed5b4d0f92e17b614ed8f417,F1 :    500    0 0.10 -14.44 0.54 50.00  50.0  40.0,0.00 0.00 0.00 89.38 0.54 50.00 0.10 -14.44 6 63 6 63 50.0% 40.0% 250.000 0.000 0.00 -4.90 0.00  2.00 0.00 500.00 0.0% | 1200.00    0.00 HI -50.00 -50.00
2026-09-27T06:52:33.686,DEMO,DEMO,DEMO_MODE,0427e6a8ed5b4d0f92e17b614ed8f417,F1 :    500    0 0.10 -14.44 0.54 50.00  50.0  40.0,0.00 0.00 0.00 89.38 0.54 50.00 0.10 -14.44 6 63 6 63 50.0% 40.0% 250.000 0.000 0.00 -4.90 0.00  2.00 0.00 500.00 0.0% | 1200.00    0.00 HI -50.00 -50.00
2026-09-27T06:52:33.807,DEMO,DEMO,DEMO_MODE,0427e6a8ed5b4d0f92e17b614ed8f417,F1 :    500    0 0.10 -14.44 0.54 50.00  50.0  40.0,0.00 0.00 0.00 89.38 0.54 50.00 0.10 -14.44 6 63 6 63 50.0% 40.0% 250.000 0.000 0.00 -4.90 0.00  2.00 0.00 500.00 0.0% | 1200.00    0.00 HI -50.00 -50.00
2026-09-27T06:52:33.928,DEMO,DEMO,DEMO_MODE,0427e6a8ed5b4d0f92e17b614ed8f417,F1 :    500    0 0.10 -14.44 0.54 50.00  50.0  40.0,0.00 0.00 0.00 89.38 0.54 50.00 0.10 -14.44 6 63 6 63 50.0% 40.0% 250.000 0.000 0.00 -4.90 0.00  2.00 0.00 500.00 0.0% | 1200.00    0.00 HI -50.00 -50.00
2026-09-27T06:52:34.048,DEMO,DEMO,DEMO_MODE,0427e6a8ed5b4d0f92e17b614ed8f417,F1 :    500    0 0.10 -14.44 0.54 50.00  50.0  40.0,0.00 0.00 0.00 89.38 0.54 50.00 0.10 -14.44 6 63 6 63 50.0% 40.0% 250.000 0.000 0.00 -4.90 0.00  2.00 0.00 500.00 0.0% | 1200.00    0.00 HI -50.00 -50.00
2026-09-27T06:52:34.169,DEMO,DEMO,DEMO_MODE,0427e6a8ed5b4d0f92e17b614ed8f417,F1 :    500    0 0.10 -14.44 0.54 50.00  50.0  40.0,0.00 0.00 0.00 89.38 0.54 50.00 0.10 -14.44 6 63 6 63 50.0% 40.0% 250.000 0.000 0.00 -4.90 0.00  2.00 0.00 500.00 0.0% | 1200.00    0.00 HI -50.00 -50.00
2026-09-27T06:52:34.290,DEMO,DEMO,DEMO_MODE,0427e6a8ed5b4d0f92e17b614ed8f417,F1 :    500    0 0.10 -14.44 0.54 50.00  50.0  40.0,0.00 0.00 0.00 89.38 0.54 50.00 0.10 -14.44 6 63 6 63 50.0% 40.0% 250.000 0.000 0.00 -4.90 0.00  2.00 0.00 500.00 0.0% | 1200.00    0.00 HI -50.00 -50.00
2026-09-27T06:52:34.411,DEMO,DEMO,DEMO_MODE,0427e6a8ed5b4d0f92e17b614ed8f417,F1 :    500    0 0.10 -14.44 0.54 50.00  50.0  40.0,0.00 0.00 0.00 89.38 0.54 50.00 0.10 -14.44 6 63 6 63 50.0% 40.0% 250.000 0.000 0.00 -4.90 0.00  2.00 0.00 500.00 0.0% | 1200.00    0.00 HI -50.00 -50.00
2026-09-27T06:52:34.531,DEMO,DEMO,DEMO_MODE,0427e6a8ed5b4d0f92e17b614ed8f417,F1 :    500    0 0.10 -14.44 0.54 50.00  50.0  40.0,0.00 0.00 0.00 89.38 0.54 50.00 0.10 -14.44 6 63 6 63 50.0% 40.0% 250.000 0.000 0.00 -4.90 0.00  2.00 0.00 500.00 0.0% | 1200.00    0.00 HI -50.00 -50.00
2026-09-27T06:52:34.652,DEMO,DEMO,DEMO_MODE,0427e6a8ed5b4d0f92e17b614ed8f417,F1 :    500    0 0.10 -14.44 0.54 50.00  50.0  40.0,0.00 0.00 0.00 89.38 0.54 50.00 0.10 -14.44 6 63 6 63 50.0% 40.0% 250.000 0.000 0.00 -4.90 0.00  2.00 0.00 500.00 0.0% | 1200.00    0.00 HI -50.00 -50.00
2026-09-27T06:52:34.773,DEMO,DEMO,DEMO_MODE,0427e6a8ed5b4d0f92e17b614ed8f417,F1 :    500    0 0.10 -14.44 0.54 50.00  50.0  40.0,0.00 0.00 0.00 89.38 0.54 50.00 0.10 -14.44 6 63 6 63 50.0% 40.0% 250.000 0.000 0.00 -4.90 0.00  2.00 0.00 500.00 0.0% | 1200.00    0.00 HI -50.00 -50.00
2026-09-27T06:52:34.895,DEMO,DEMO,DEMO_MODE,0427e6a8ed5b4d0f92e17b614ed8f417,F1 :    500    0 0.10 -14.44 0.54 50.00  50.0  40.0,0.00 0.00 0.00 89.38 0.54 50.00 0.10 -14.44 6 63 6 63 50.0% 40.0% 250.000 0.000 0.00 -4.90 0.00  2.00 0.00 500.00 0.0% | 1200.00    0.00 HI -50.00 -50.00
2026-09-27T06:52:35.016,DEMO,DEMO,DEMO_MODE,0427e6a8ed5b4d0f92e17b614ed8f417,F1 :    500    0 0.10 -14.44 0.54 50.00  50.0  40.0,0.00 0.00 0.00 89.38 0.54 50.00 0.10 -14.44 6 63 6 63 50.0% 40.0% 250.000 0.000 0.00 -4.90 0.00  2.00 0.00 500.00 0.0% | 1200.00    0.00 HI -50.00 -50.00
2026-09-27T06:52:35.142,DEMO,DEMO,DEMO_MODE,0427e6a8ed5b4d0f92e17b614ed8f417,F1 :    500    0 0.10 -14.44 0.54 50.00  50.0  40.0,0.00 0.00 0.00 89.38 0.54 50.00 0.10 -14.44 6 63 6 63 50.0% 40.0% 250.000 0.000 0.00 -4.90 0.00  2.00 0.00 500.00 0.0% | 1200.00    0.00 HI -50.00 -50.00
2026-09-27T06:52:35.263,DEMO,DEMO,DEMO_MODE,0427e6a8ed5b4d0f92e17b614ed8f417,F1 :    500    0 0.10 -14.44 0.54 50.00  50.0  40.0,0.00 0.00 0.00 89.38 0.54 50.00 0.10 -14.44 6 63 6 63 50.0% 40.0% 250.000 0.000 0.00 -4.90 0.00  2.00 0.00 500.00 0.0% | 1200.00    0.00 HI -50.00 -50.00
2026-09-27T06:52:35.390,DEMO,DEMO,DEMO_MODE,0427e6a8ed5b4d0f92e17b614ed8f417,F1 :    500    0 0.10 -14.44 0.54 50.00  50.0  40.0,0.00 0.00 0.00 89.38 0.54 50.00 0.10 -14.44 6 63 6 63 50.0% 40.0% 250.000 0.000 0.00 -4.90 0.00  2.00 0.00 500.00 0.0% | 1200.00    0.00 HI -50.00 -50.00
2026-09-27T06:52:35.510,DEMO,DEMO,DEMO_MODE,0427e6a8ed5b4d0f92e17b614ed8f417,F1 :    500    0 0.10 -14.44 0.54 50.00  50.0  40.0,0.00 0.00 0.00 89.38 0.54 50.00 0.10 -14.44 6 63 6 63 50.0% 40.0% 250.000 0.000 0.00 -4.90 0.00  2.00 0.00 500.00 0.0% | 1200.00    0.00 HI -50.00 -50.00
2026-09-27T06:52:35.636,DEMO,DEMO,DEMO_MODE,0427e6a8ed5b4d0f92e17b614ed8f417,F1 :    500    0 0.10 -14.44 0.54 50.00  50.0  40.0,0.00 0.00 0.00 89.38 0.54 50.00 0.10 -14.44 6 63 6 63 50.0% 40.0% 250.000 0.000 0.00 -4.90 0.00  2.00 0.00 500.00 0.0% | 1200.00    0.00 HI -50.00 -50.00
2026-09-27T06:52:35.757,DEMO,DEMO,DEMO_MODE,0427e6a8ed5b4d0f92e17b614ed8f417,F1 :    500    0 0.10 -14.44 0.54 50.00  50.0  40.0,0.00 0.00 0.00 89.38 0.54 50.00 0.10 -14.44 6 63 6 63 50.0% 40.0% 250.000 0.000 0.00 -4.90 0.00  2.00 0.00 500.00 0.0% | 1200.00    0.00 HI -50.00 -50.00
2026-09-27T06:52:35.883,DEMO,DEMO,DEMO_MODE,0427e6a8ed5b4d0f92e17b614ed8f417,F1 :    500    0 0.10 -14.44 0.54 50.00  50.0  40.0,0.00 0.00 0.00 89.38 0.54 50.00 0.10 -14.44 6 63 6 63 50.0% 40.0% 250.000 0.000 0.00 -4.90 0.00  2.00 0.00 500.00 0.0% | 1200.00    0.00 HI -50.00 -50.00
2026-09-27T06:52:36.009,DEMO,DEMO,DEMO_MODE,0427e6a8ed5b4d0f92e17b614ed8f417,F1 :    500    0 0.10 -14.44 0.54 50.00  50.0  40.0,0.00 0.00 0.00 89.38 0.54 50.00 0.10 -14.44 6 63 6 63 50.0% 40.0% 250.000 0.000 0.00 -4.90 0.00  2.00 0.00 500.00 0.0% | 1200.00    0.00 HI -50.00 -50.00
2026-09-27T06:52:36.135,DEMO,DEMO,DEMO_MODE,0427e6a8ed5b4d0f92e17b614ed8f417,F1 :    500    0 0.10 -14.44 0.54 50.00  50.0  40.0,0.00 0.00 0.00 89.38 0.54 50.00 0.10 -14.44 6 63 6 63 50.0% 40.0% 250.000 0.000 0.00 -4.90 0.00  2.00 0.00 500.00 0.0% | 1200.00    0.00 HI -50.00 -50.00
2026-09-27T06:52:36.255,DEMO,DEMO,DEMO_MODE,0427e6a8ed5b4d0f92e17b614ed8f417,F1 :    500    0 0.10 -14.44 0.54 50.00  50.0  40.0,0.00 0.00 0.00 89.38 0.54 50.00 0.10 -14.44 6 63 6 63 50.0% 40.0% 250.000 0.000 0.00 -4.90 0.00  2.00 0.00 500.00 0.0% | 1200.00    0.00 HI -50.00 -50.00
2026-09-27T06:52:36.382,DEMO,DEMO,DEMO_MODE,0427e6a8ed5b4d0f92e17b614ed8f417,F1 :    500    0 0.10 -14.44 0.54 50.00  50.0  40.0,0.00 0.00 0.00 89.38 0.54 50.00 0.10 -14.44 6 63 6 63 50.0% 40.0% 250.000 0.000 0.00 -4.90 0.00  2.00 0.00 500.00 0.0% | 1200.00    0.00 HI -50.00 -50.00
2026-09-27T06:52:36.503,DEMO,DEMO,DEMO_MODE,0427e6a8ed5b4d0f92e17b614ed8f417,F1 :    500    0 0.10 -14.44 0.54 50.00  50.0  40.0,0.00 0.00 0.00 89.38 0.54 50.00 0.10 -14.44 6 63 6 63 50.0% 40.0% 250.000 0.000 0.00 -4.90 0.00  2.00 0.00 500.00 0.0% | 1200.00    0.00 HI -50.00 -50.00
2026-09-27T06:52:36.629,DEMO,DEMO,DEMO_MODE,0427e6a8ed5b4d0f92e17b614ed8f417,F1 :    500    0 0.10 -14.44 0.54 50.00  50.0  40.0,0.00 0.00 0.00 89.38 0.54 50.00 0.10 -14.44 6 63 6 63 50.0% 40.0% 250.000 0.000 0.00 -4.90 0.00  2.00 0.00 500.00 0.0% | 1200.00    0.00 HI -50.00 -50.00
2026-09-27T06:52:36.755,DEMO,DEMO,DEMO_MODE,0427e6a8ed5b4d0f92e17b614ed8f417,F1 :    500    0 0.10 -14.44 0.54 50.00  50.0  40.0,0.00 0.00 0.00 89.38 0.54 50.00 0.10 -14.44 6 63 6 63 50.0% 40.0% 250.000 0.000 0.00 -4.90 0.00  2.00 0.00 500.00 0.0% | 1200.00    0.00 HI -50.00 -50.00
2026-09-27T06:52:36.880,DEMO,DEMO,DEMO_MODE,0427e6a8ed5b4d0f92e17b614ed8f417,F1 :    500    0 0.10 -14.44 0.54 50.00  50.0  40.0,0.00 0.00 0.00 89.38 0.54 50.00 0.10 -14.44 6 63 6 63 50.0% 40.0% 250.000 0.000 0.00 -4.90 0.00  2.00 0.00 500.00 0.0% | 1200.00    0.00 HI -50.00 -50.00
2026-09-27T06:52:37.000,DEMO,DEMO,DEMO_MODE,0427e6a8ed5b4d0f92e17b614ed8f417,F1 :    500    0 0.10 -14.44 0.54 50.00  50.0  40.0,0.00 0.00 0.00 89.38 0.54 50.00 0.10 -14.44 6 63 6 63 50.0% 40.0% 250.000 0.000 0.00 -4.90 0.00  2.00 0.00 500.00 0.0% | 1200.00    0.00 HI -50.00 -50.00
2026-09-27T06:52:37.127,DEMO,DEMO,DEMO_MODE,0427e6a8ed5b4d0f92e17b614ed8f417,F1 :    500    0 0.10 -14.44 0.54 50.00  50.0  40.0,0.00 0.00 0.00 89.38 0.54 50.00 0.10 -14.44 6 63 6 63 50.0% 40.0% 250.000 0.000 0.00 -4.90 0.00  2.00 0.00 500.00 0.0% | 1200.00    0.00 HI -50.00 -50.00
2026-09-27T06:52:37.248,DEMO,DEMO,DEMO_MODE,0427e6a8ed5b4d0f92e17b614ed8f417,F1 :    500    0 0.10 -14.44 0.54 50.00  50.0  40.0,0.00 0.00 0.00 89.38 0.54 50.00 0.10 -14.44 6 63 6 63 50.0% 40.0% 250.000 0.000 0.00 -4.90 0.00  2.00 0.00 500.00 0.0% | 1200.00    0.00 HI -50.00 -50.00
2026-09-27T06:52:37.374,DEMO,DEMO,DEMO_MODE,0427e6a8ed5b4d0f92e17b614ed8f417,F1 :    500    0 0.10 -14.44 0.54 50.00  50.0  40.0,0.00 0.00 0.00 89.38 0.54 50.00 0.10 -14.44 6 63 6 63 50.0% 40.0% 250.000 0.000 0.00 -4.90 0.00  2.00 0.00 500.00 0.0% | 1200.00    0.00 HI -50.00 -50.00
2026-09-27T06:52:37.495,DEMO,DEMO,DEMO_MODE,0427e6a8ed5b4d0f92e17b614ed8f417,F1 :    500    0 0.10 -14.44 0.54 50.00  50.0  40.0,0.00 0.00 0.00 89.38 0.54 50.00 0.10 -14.44 6 63 6 63 50.0% 40.0% 250.000 0.000 0.00 -4.90 0.00  2.00 0.00 500.00 0.0% | 1200.00    0.00 HI -50.00 -50.00
2026-09-27T06:52:37.621,DEMO,DEMO,DEMO_MODE,0427e6a8ed5b4d0f92e17b614ed8f417,F1 :    500    1 0.10 -14.44 0.54 50.00  50.0  40.0,0.00 0.00 0.00 89.38 0.54 50.00 0.10 -14.44 6 63 6 63 50.0% 40.0% 250.000 0.000 0.00 -4.90 0.00  2.00 0.00 499.00 0.0% | 1200.00    0.00 HI -50.00 -50.00
2026-09-27T06:52:37.742,DEMO,DEMO,DEMO_MODE,0427e6a8ed5b4d0f92e17b614ed8f417,F1 :    500    1 0.10 -14.44 0.54 50.00  50.0  40.0,0.00 0.00 0.00 89.38 0.54 50.00 0.10 -14.44 6 63 6 63 50.0% 40.0% 250.000 0.000 0.00 -4.90 0.00  2.00 0.00 499.00 0.0% | 1200.00    0.00 HI -50.00 -50.00
2026-09-27T06:52:37.863,DEMO,DEMO,DEMO_MODE,0427e6a8ed5b4d0f92e17b614ed8f417,F1 :    500    1 0.10 -14.44 0.54 50.00  50.0  40.0,0.00 0.00 0.00 89.38 0.54 50.00 0.10 -14.44 6 63 6 63 50.0% 40.0% 250.000 0.000 0.00 -4.90 0.00  2.00 0.00 499.00 0.0% | 1200.00    0.00 HI -50.00 -50.00
2026-09-27T06:52:37.984,DEMO,DEMO,DEMO_MODE,0427e6a8ed5b4d0f92e17b614ed8f417,F1 :    500    1 0.10 -14.44 0.54 50.00  50.0  40.0,0.00 0.00 0.00 89.38 0.54 50.00 0.10 -14.44 6 63 6 63 50.0% 40.0% 250.000 0.000 0.00 -4.90 0.00  2.00 0.00 499.00 0.0% | 1200.00    0.00 HI -50.00 -50.00
2026-09-27T06:52:38.110,DEMO,DEMO,DEMO_MODE,0427e6a8ed5b4d0f92e17b614ed8f417,F1 :    500    1 0.10 -14.44 0.54 50.00  50.0  40.0,0.00 0.00 0.00 89.38 0.54 50.00 0.10 -14.44 6 63 6 63 50.0% 40.0% 250.000 0.000 0.00 -4.90 0.00  2.00 0.00 499.00 0.0% | 1200.00    0.00 HI -50.00 -50.00
2026-09-27T06:52:38.231,DEMO,DEMO,DEMO_MODE,0427e6a8ed5b4d0f92e17b614ed8f417,F1 :    500    1 0.10 -14.44 0.54 50.00  50.0  40.0,0.00 0.00 0.00 89.38 0.54 50.00 0.10 -14.44 6 63 6 63 50.0% 40.0% 250.000 0.000 0.00 -4.90 0.00  2.00 0.00 499.00 0.0% | 1200.00    0.00 HI -50.00 -50.00
2026-09-27T06:52:38.352,DEMO,DEMO,DEMO_MODE,0427e6a8ed5b4d0f92e17b614ed8f417,F1 :    500    1 0.10 -14.44 0.54 50.00  50.0  40.0,0.00 0.00 0.00 89.38 0.54 50.00 0.10 -14.44 6 63 6 63 50.0% 40.0% 250.000 0.000 0.00 -4.90 0.00  2.00 0.00 499.00 0.0% | 1200.00    0.00 HI -50.00 -50.00
2026-09-27T06:52:38.473,DEMO,DEMO,DEMO_MODE,0427e6a8ed5b4d0f92e17b614ed8f417,F1 :    500    1 0.10 -14.44 0.54 50.00  50.0  40.0,0.00 0.00 0.00 89.38 0.54 50.00 0.10 -14.44 6 63 6 63 50.0% 40.0% 250.000 0.000 0.00 -4.90 0.00  2.00 0.00 499.00 0.0% | 1200.00    0.00 HI -50.00 -50.00
2026-09-27T06:52:38.594,DEMO,DEMO,DEMO_MODE,0427e6a8ed5b4d0f92e17b614ed8f417,F1 :    500    1 0.10 -14.44 0.54 50.00  50.0  40.0,0.00 0.00 0.00 89.38 0.54 50.00 0.10 -14.44 6 63 6 63 50.0% 40.0% 250.000 0.000 0.00 -4.90 0.00  2.00 0.00 499.00 0.0% | 1200.00    0.00 HI -50.00 -50.00
2026-09-27T06:52:38.714,DEMO,DEMO,DEMO_MODE,0427e6a8ed5b4d0f92e17b614ed8f417,F1 :    500    1 0.10 -14.44 0.54 50.00  50.0  44.0,0.00 0.00 0.00 89.38 0.54 50.00 0.10 -14.44 6 63 6 63 50.0% 44.0% 250.000 0.000 0.00 -4.90 0.00  2.00 0.00 499.00 0.0% | 1200.00    0.00 HI -50.00 -50.00
2026-09-27T06:52:38.835,DEMO,DEMO,DEMO_MODE,0427e6a8ed5b4d0f92e17b614ed8f417,F1 :    500    1 0.10 -14.44 0.54 50.00  50.0  44.0,0.00 0.00 0.00 89.38 0.54 50.00 0.10 -14.44 6 63 6 63 50.0% 44.0% 250.000 0.000 0.00 -4.90 0.00  2.00 0.00 499.00 0.0% | 1200.00    0.00 HI -50.00 -50.00
2026-09-27T06:52:38.956,DEMO,DEMO,DEMO_MODE,0427e6a8ed5b4d0f92e17b614ed8f417,F1 :    500    1 0.10 -14.44 0.54 50.00  50.0  44.0,0.00 0.00 0.00 89.38 0.54 50.00 0.10 -14.44 6 63 6 63 50.0% 44.0% 250.000 0.000 0.00 -4.90 0.00  2.00 0.00 499.00 0.0% | 1200.00    0.00 HI -50.00 -50.00
2026-09-27T06:52:39.077,DEMO,DEMO,DEMO_MODE,0427e6a8ed5b4d0f92e17b614ed8f417,F1 :    500    1 0.10 -14.44 0.54 50.00  50.0  44.0,0.00 0.00 0.00 89.38 0.54 50.00 0.10 -14.44 6 63 6 63 50.0% 44.0% 250.000 0.000 0.00 -4.90 0.00  2.00 0.00 499.00 0.0% | 1200.00    0.00 HI -50.00 -50.00
2026-09-27T06:52:39.197,DEMO,DEMO,DEMO_MODE,0427e6a8ed5b4d0f92e17b614ed8f417,F1 :    500    1 0.10 -14.44 0.54 50.00  50.0  44.0,0.00 0.00 0.00 89.38 0.54 50.00 0.10 -14.44 6 63 6 63 50.0% 44.0% 250.000 0.000 0.00 -4.90 0.00  2.00 0.00 499.00 0.0% | 1200.00    0.00 HI -50.00 -50.00
2026-09-27T06:52:39.318,DEMO,DEMO,DEMO_MODE,0427e6a8ed5b4d0f92e17b614ed8f417,F1 :    500    1 0.10 -14.44 0.54 50.00  50.0  44.0,0.00 0.00 0.00 89.38 0.54 50.00 0.10 -14.44 6 63 6 63 50.0% 44.0% 250.000 0.000 0.00 -4.90 0.00  2.00 0.00 499.00 0.0% | 1200.00    0.00 HI -50.00 -50.00
2026-09-27T06:52:39.438,DEMO,DEMO,DEMO_MODE,0427e6a8ed5b4d0f92e17b614ed8f417,F1 :    500    1 0.10 -14.44 0.54 50.00  50.0  44.0,0.00 0.00 0.00 89.38 0.54 50.00 0.10 -14.44 6 63 6 63 50.0% 44.0% 250.000 0.000 0.00 -4.90 0.00  2.00 0.00 499.00 0.0% | 1200.00    0.00 HI -50.00 -50.00
2026-09-27T06:52:39.559,DEMO,DEMO,DEMO_MODE,0427e6a8ed5b4d0f92e17b614ed8f417,F1 :    500    1 0.10 -14.44 0.54 50.00  50.0  44.0,0.00 0.00 0.00 89.38 0.54 50.00 0.10 -14.44 6 63 6 63 50.0% 44.0% 250.000 0.000 0.00 -4.90 0.00  2.00 0.00 499.00 0.0% | 1200.00    0.00 HI -50.00 -50.00
2026-09-27T06:52:39.680,DEMO,DEMO,DEMO_MODE,0427e6a8ed5b4d0f92e17b614ed8f417,F1 :    500    1 0.10 -14.44 0.54 50.00  50.0  44.0,0.00 0.00 0.00 89.38 0.54 50.00 0.10 -14.44 6 63 6 63 50.0% 44.0% 250.000 0.000 0.00 -4.90 0.00  2.00 0.00 499.00 0.0% | 1200.00    0.00 HI -50.00 -50.00
2026-09-27T06:52:39.801,DEMO,DEMO,DEMO_MODE,0427e6a8ed5b4d0f92e17b614ed8f417,F1 :    500    1 0.10 -14.44 0.54 50.00  50.0  44.0,0.00 0.00 0.00 89.38 0.54 50.00 0.10 -14.44 6 63 6 63 50.0% 44.0% 250.000 0.000 0.00 -4.90 0.00  2.00 0.00 499.00 0.0% | 1200.00    0.00 HI -50.00 -50.00
2026-09-27T06:52:39.922,DEMO,DEMO,DEMO_MODE,0427e6a8ed5b4d0f92e17b614ed8f417,F1 :    500    1 0.10 -14.44 0.54 50.00  50.0  44.0,0.00 0.00 0.00 89.38 0.54 50.00 0.10 -14.44 6 63 6 63 50.0% 44.0% 250.000 0.000 0.00 -4.90 0.00  2.00 0.00 499.00 0.0% | 1200.00    0.00 HI -50.00 -50.00
2026-09-27T06:52:40.042,DEMO,DEMO,DEMO_MODE,0427e6a8ed5b4d0f92e17b614ed8f417,F1 :    500    1 0.10 -14.44 0.54 50.00  50.0  44.0,0.00 0.00 0.00 89.38 0.54 50.00 0.10 -14.44 6 63 6 63 50.0% 44.0% 250.000 0.000 0.00 -4.90 0.00  2.00 0.00 499.00 0.0% | 1200.00    0.00 HI -50.00 -50.00
2026-09-27T06:52:40.163,DEMO,DEMO,DEMO_MODE,0427e6a8ed5b4d0f92e17b614ed8f417,F1 :    500    1 0.10 -14.44 0.54 50.00  50.0  44.0,0.00 0.00 0.00 89.38 0.54 50.00 0.10 -14.44 6 63 6 63 50.0% 44.0% 250.000 0.000 0.00 -4.90 0.00  2.00 0.00 499.00 0.0% | 1200.00    0.00 HI -50.00 -50.00
2026-09-27T06:52:40.284,DEMO,DEMO,DEMO_MODE,0427e6a8ed5b4d0f92e17b614ed8f417,F1 :    500    1 0.10 -14.44 0.54 50.00  50.0  44.0,0.00 0.00 0.00 89.38 0.54 50.00 0.10 -14.44 6 63 6 63 50.0% 44.0% 250.000 0.000 0.00 -4.90 0.00  2.00 0.00 499.00 0.0% | 1200.00    0.00 HI -50.00 -50.00
2026-09-27T06:52:40.410,DEMO,DEMO,DEMO_MODE,0427e6a8ed5b4d0f92e17b614ed8f417,F1 :    500    1 0.10 -14.44 0.54 50.00  50.0  44.0,0.00 0.00 0.00 89.38 0.54 50.00 0.10 -14.44 6 63 6 63 50.0% 44.0% 250.000 0.000 0.00 -4.90 0.00  2.00 0.00 499.00 0.0% | 1200.00    0.00 HI -50.00 -50.00
2026-09-27T06:52:40.536,DEMO,DEMO,DEMO_MODE,0427e6a8ed5b4d0f92e17b614ed8f417,F1 :    500    1 0.10 -14.44 0.54 50.00  50.0  44.0,0.00 0.00 0.00 89.38 0.54 50.00 0.10 -14.44 6 63 6 63 50.0% 44.0% 250.000 0.000 0.00 -4.90 0.00  2.00 0.00 499.00 0.0% | 1200.00    0.00 HI -50.00 -50.00
2026-09-27T06:52:40.663,DEMO,DEMO,DEMO_MODE,0427e6a8ed5b4d0f92e17b614ed8f417,F1 :    500    1 0.10 -14.44 0.54 50.00  50.0  44.0,0.00 0.00 0.00 89.38 0.54 50.00 0.10 -14.44 6 63 6 63 50.0% 44.0% 250.000 0.000 0.00 -4.90 0.00  2.00 0.00 499.00 0.0% | 1200.00    0.00 HI -50.00 -50.00
2026-09-27T06:52:40.783,DEMO,DEMO,DEMO_MODE,0427e6a8ed5b4d0f92e17b614ed8f417,F1 :    500    1 0.10 -14.44 0.54 50.00  50.0  44.0,0.00 0.00 0.00 89.38 0.54 50.00 0.10 -14.44 6 63 6 63 50.0% 44.0% 250.000 0.000 0.00 -4.90 0.00  2.00 0.00 499.00 0.0% | 1200.00    0.00 HI -50.00 -50.00
2026-09-27T06:52:40.909,DEMO,DEMO,DEMO_MODE,0427e6a8ed5b4d0f92e17b614ed8f417,F1 :    500    1 0.10 -14.44 0.54 50.00  50.0  44.0,0.00 0.00 0.00 89.38 0.54 50.00 0.10 -14.44 6 63 6 63 50.0% 44.0% 250.000 0.000 0.00 -4.90 0.00  2.00 0.00 499.00 0.0% | 1200.00    0.00 HI -50.00 -50.00
2026-09-27T06:52:41.041,DEMO,DEMO,DEMO_MODE,0427e6a8ed5b4d0f92e17b614ed8f417,F1 :    500    1 0.10 -14.44 0.54 50.00  50.0  44.0,0.00 0.00 0.00 89.38 0.54 50.00 0.10 -14.44 6 63 6 63 50.0% 44.0% 250.000 0.000 0.00 -4.90 0.00  2.00 0.00 499.00 0.0% | 1200.00    0.00 HI -50.00 -50.00
2026-09-27T06:52:41.167,DEMO,DEMO,DEMO_MODE,0427e6a8ed5b4d0f92e17b614ed8f417,F1 :    500    1 0.10 -14.44 0.54 50.00  50.0  44.0,0.00 0.00 0.00 89.38 0.54 50.00 0.10 -14.44 6 63 6 63 50.0% 44.0% 250.000 0.000 0.00 -4.90 0.00  2.00 0.00 499.00 0.0% | 1200.00    0.00 HI -50.00 -50.00
2026-09-27T06:52:41.294,DEMO,DEMO,DEMO_MODE,0427e6a8ed5b4d0f92e17b614ed8f417,F1 :    500    1 0.10 -14.44 0.54 50.00  50.0  44.0,0.00 0.00 0.00 89.38 0.54 50.00 0.10 -14.44 6 63 6 63 50.0% 44.0% 250.000 0.000 0.00 -4.90 0.00  2.00 0.00 499.00 0.0% | 1200.00    0.00 HI -50.00 -50.00
2026-09-27T06:52:41.419,DEMO,DEMO,DEMO_MODE,0427e6a8ed5b4d0f92e17b614ed8f417,F1 :    500    1 0.10 -14.44 0.54 50.00  50.0  44.0,0.00 0.00 0.00 89.38 0.54 50.00 0.10 -14.44 6 63 6 63 50.0% 44.0% 250.000 0.000 0.00 -4.90 0.00  2.00 0.00 499.00 0.0% | 1200.00    0.00 HI -50.00 -50.00
2026-09-27T06:52:41.540,DEMO,DEMO,DEMO_MODE,0427e6a8ed5b4d0f92e17b614ed8f417,F1 :    500    1 0.10 -14.44 0.54 50.00  50.0  44.0,0.00 0.00 0.00 89.38 0.54 50.00 0.10 -14.44 6 63 6 63 50.0% 44.0% 250.000 0.000 0.00 -4.90 0.00  2.00 0.00 499.00 0.0% | 1200.00    0.00 HI -50.00 -50.00
2026-09-27T06:52:41.666,DEMO,DEMO,DEMO_MODE,0427e6a8ed5b4d0f92e17b614ed8f417,F1 :    500    1 0.10 -14.44 0.54 50.00  50.0  44.0,0.00 0.00 0.00 89.38 0.54 50.00 0.10 -14.44 6 63 6 63 50.0% 44.0% 250.000 0.000 0.00 -4.90 0.00  2.00 0.00 499.00 0.0% | 1200.00    0.00 HI -50.00 -50.00
2026-09-27T06:52:41.786,DEMO,DEMO,DEMO_MODE,0427e6a8ed5b4d0f92e17b614ed8f417,F1 :    500    1 0.10 -14.44 0.54 50.00  50.0  44.0,0.00 0.00 0.00 89.38 0.54 50.00 0.10 -14.44 6 63 6 63 50.0% 44.0% 250.000 0.000 0.00 -4.90 0.00  2.00 0.00 499.00 0.0% | 1200.00    0.00 HI -50.00 -50.00
2026-09-27T06:52:41.913,DEMO,DEMO,DEMO_MODE,0427e6a8ed5b4d0f92e17b614ed8f417,F1 :    500    1 0.10 -14.44 0.54 50.00  50.0  44.0,0.00 0.00 0.00 89.38 0.54 50.00 0.10 -14.44 6 63 6 63 50.0% 44.0% 250.000 0.000 0.00 -4.90 0.00  2.00 0.00 499.00 0.0% | 1200.00    0.00 HI -50.00 -50.00
2026-09-27T06:52:42.033,DEMO,DEMO,DEMO_MODE,0427e6a8ed5b4d0f92e17b614ed8f417,F1 :    500    1 0.10 -14.44 0.54 50.00  50.0  44.0,0.00 0.00 0.00 89.38 0.54 50.00 0.10 -14.44 6 63 6 63 50.0% 44.0% 250.000 0.000 0.00 -4.90 0.00  2.00 0.00 499.00 0.0% | 1200.00    0.00 HI -50.00 -50.00
2026-09-27T06:52:42.159,DEMO,DEMO,DEMO_MODE,0427e6a8ed5b4d0f92e17b614ed8f417,F1 :    500    1 0.10 -14.44 0.54 50.00  50.0  44.0,0.00 0.00 0.00 89.38 0.54 50.00 0.10 -14.44 6 63 6 63 50.0% 44.0% 250.000 0.000 0.00 -4.90 0.00  2.00 0.00 499.00 0.0% | 1200.00    0.00 HI -50.00 -50.00
2026-09-27T06:52:42.286,DEMO,DEMO,DEMO_MODE,0427e6a8ed5b4d0f92e17b614ed8f417,F1 :    500    1 0.10 -14.44 0.54 50.00  50.0  44.0,0.00 0.00 0.00 89.38 0.54 50.00 0.10 -14.44 6 63 6 63 50.0% 44.0% 250.000 0.000 0.00 -4.90 0.00  2.00 0.00 499.00 0.0% | 1200.00    0.00 HI -50.00 -50.00
2026-09-27T06:52:42.412,DEMO,DEMO,DEMO_MODE,0427e6a8ed5b4d0f92e17b614ed8f417,F1 :    500    1 0.10 -14.44 0.54 50.00  50.0  44.0,0.00 0.00 0.00 89.38 0.54 50.00 0.10 -14.44 6 63 6 63 50.0% 44.0% 250.000 0.000 0.00 -4.90 0.00  2.00 0.00 499.00 0.0% | 1200.00    0.00 HI -50.00 -50.00
2026-09-27T06:52:42.533,DEMO,DEMO,DEMO_MODE,0427e6a8ed5b4d0f92e17b614ed8f417,F1 :    500    1 0.10 -14.44 0.54 50.00  50.0  44.0,0.00 0.00 0.00 89.38 0.54 50.00 0.10 -14.44 6 63 6 63 50.0% 44.0% 250.000 0.000 0.00 -4.90 0.00  2.00 0.00 499.00 0.0% | 1200.00    0.00 HI -50.00 -50.00
2026-09-27T06:52:42.656,DEMO,DEMO,DEMO_MODE,0427e6a8ed5b4d0f92e17b614ed8f417,F1 :    500    1 0.10 -14.44 0.54 50.00  50.0  44.0,0.00 0.00 0.00 89.38 0.54 50.00 0.10 -14.44 6 63 6 63 50.0% 44.0% 250.000 0.000 0.00 -4.90 0.00  2.00 0.00 499.00 0.0% | 1200.00    0.00 HI -50.00 -50.00
2026-09-27T06:52:42.777,DEMO,DEMO,DEMO_MODE,0427e6a8ed5b4d0f92e17b614ed8f417,F1 :    500    1 0.10 -14.44 0.54 50.00  50.0  44.0,0.00 0.00 0.00 89.38 0.54 50.00 0.10 -14.44 6 63 6 63 50.0% 44.0% 250.000 0.000 0.00 -4.90 0.00  2.00 0.00 499.00 0.0% | 1200.00    0.00 HI -50.00 -50.00
2026-09-27T06:52:42.902,DEMO,DEMO,DEMO_MODE,0427e6a8ed5b4d0f92e17b614ed8f417,F1 :    500    1 0.10 -14.44 0.54 50.00  50.0  44.0,0.00 0.00 0.00 89.38 0.54 50.00 0.10 -14.44 6 63 6 63 50.0% 44.0% 250.000 0.000 0.00 -4.90 0.00  2.00 0.00 499.00 0.0% | 1200.00    0.00 HI -50.00 -50.00
2026-09-27T06:52:43.028,DEMO,DEMO,DEMO_MODE,0427e6a8ed5b4d0f92e17b614ed8f417,F1 :    500    1 0.10 -14.44 0.54 50.00  50.0  44.0,0.00 0.00 0.00 89.38 0.54 50.00 0.10 -14.44 6 63 6 63 50.0% 44.0% 250.000 0.000 0.00 -4.90 0.00  2.00 0.00 499.00 0.0% | 1200.00    0.00 HI -50.00 -50.00
2026-09-27T06:52:43.154,DEMO,DEMO,DEMO_MODE,0427e6a8ed5b4d0f92e17b614ed8f417,F1 :    500    1 0.10 -14.44 0.54 50.00  50.0  44.0,0.00 0.00 0.00 89.38 0.54 50.00 0.10 -14.44 6 63 6 63 50.0% 44.0% 250.000 0.000 0.00 -4.90 0.00  2.00 0.00 499.00 0.0% | 1200.00    0.00 HI -50.00 -50.00
2026-09-27T06:52:43.275,DEMO,DEMO,DEMO_MODE,0427e6a8ed5b4d0f92e17b614ed8f417,F1 :    500    1 0.10 -14.44 0.54 50.00  50.0  44.0,0.00 0.00 0.00 89.38 0.54 50.00 0.10 -14.44 6 63 6 63 50.0% 44.0% 250.000 0.000 0.00 -4.90 0.00  2.00 0.00 499.00 0.0% | 1200.00    0.00 HI -50.00 -50.00
2026-09-27T06:52:43.401,DEMO,DEMO,DEMO_MODE,0427e6a8ed5b4d0f92e17b614ed8f417,F1 :    500    1 0.10 -14.44 0.54 50.00  50.0  44.0,0.00 0.00 0.00 89.38 0.54 50.00 0.10 -14.44 6 63 6 63 50.0% 44.0% 250.000 0.000 0.00 -4.90 0.00  2.00 0.00 499.00 0.0% | 1200.00    0.00 HI -50.00 -50.00
2026-09-27T06:52:43.522,DEMO,DEMO,DEMO_MODE,0427e6a8ed5b4d0f92e17b614ed8f417,F1 :    500    1 0.10 -14.44 0.54 50.00  50.0  44.0,0.00 0.00 0.00 89.38 0.54 50.00 0.10 -14.44 6 63 6 63 50.0% 44.0% 250.000 0.000 0.00 -4.90 0.00  2.00 0.00 499.00 0.0% | 1200.00    0.00 HI -50.00 -50.00
2026-09-27T06:52:43.648,DEMO,DEMO,DEMO_MODE,0427e6a8ed5b4d0f92e17b614ed8f417,F1 :    500    1 0.10 -14.44 0.54 50.00  50.0  44.0,0.00 0.00 0.00 89.38 0.54 50.00 0.10 -14.44 6 63 6 63 50.0% 44.0% 250.000 0.000 0.00 -4.90 0.00  2.00 0.00 499.00 0.0% | 1200.00    0.00 HI -50.00 -50.00
2026-09-27T06:52:43.780,DEMO,DEMO,DEMO_MODE,0427e6a8ed5b4d0f92e17b614ed8f417,F1 :    600    1 0.10 -14.44 0.54 50.00  60.0  48.0,0.00 0.00 0.00 89.38 0.54 50.00 0.10 -14.44 6 63 6 63 60.0% 48.0% 300.000 0.000 0.00 -4.90 0.00  2.00 0.00 599.00 0.0% | 1200.00   10.00 HI -50.00 -50.00
2026-09-27T06:52:43.906,DEMO,DEMO,DEMO_MODE,0427e6a8ed5b4d0f92e17b614ed8f417,F1 :    600    1 0.10 -14.44 0.54 50.00  60.0  48.0,0.00 0.00 0.00 89.38 0.54 50.00 0.10 -14.44 6 63 6 63 60.0% 48.0% 300.000 0.000 0.00 -4.90 0.00  2.00 0.00 599.00 0.0% | 1200.00   10.00 HI -50.00 -50.00
2026-09-27T06:52:44.037,DEMO,DEMO,DEMO_MODE,0427e6a8ed5b4d0f92e17b614ed8f417,F1 :    600    1 0.10 -14.44 0.54 50.00  60.0  48.0,0.00 0.00 0.00 89.38 0.54 50.00 0.10 -14.44 6 63 6 63 60.0% 48.0% 300.000 0.000 0.00 -4.90 0.00  2.00 0.00 599.00 0.0% | 1200.00   10.00 HI -50.00 -50.00
2026-09-27T06:52:44.163,DEMO,DEMO,DEMO_MODE,0427e6a8ed5b4d0f92e17b614ed8f417,F1 :    600    1 0.10 -14.44 0.54 50.00  60.0  48.0,0.00 0.00 0.00 89.38 0.54 50.00 0.10 -14.44 6 63 6 63 60.0% 48.0% 300.000 0.000 0.00 -4.90 0.00  2.00 0.00 599.00 0.0% | 1200.00   10.00 HI -50.00 -50.00
2026-09-27T06:52:44.284,DEMO,DEMO,DEMO_MODE,0427e6a8ed5b4d0f92e17b614ed8f417,F1 :    600    1 0.10 -14.44 0.54 50.00  60.0  48.0,0.00 0.00 0.00 89.38 0.54 50.00 0.10 -14.44 6 63 6 63 60.0% 48.0% 300.000 0.000 0.00 -4.90 0.00  2.00 0.00 599.00 0.0% | 1200.00   10.00 HI -50.00 -50.00
2026-09-27T06:52:44.411,DEMO,DEMO,DEMO_MODE,0427e6a8ed5b4d0f92e17b614ed8f417,F1 :    600    1 0.10 -14.44 0.54 50.00  60.0  48.0,0.00 0.00 0.00 89.38 0.54 50.00 0.10 -14.44 6 63 6 63 60.0% 48.0% 300.000 0.000 0.00 -4.90 0.00  2.00 0.00 599.00 0.0% | 1200.00   10.00 HI -50.00 -50.00
2026-09-27T06:52:44.531,DEMO,DEMO,DEMO_MODE,0427e6a8ed5b4d0f92e17b614ed8f417,F1 :    600    1 0.10 -14.44 0.54 50.00  60.0  48.0,0.00 0.00 0.00 89.38 0.54 50.00 0.10 -14.44 6 63 6 63 60.0% 48.0% 300.000 0.000 0.00 -4.90 0.00  2.00 0.00 599.00 0.0% | 1200.00   10.00 HI -50.00 -50.00
2026-09-27T06:52:44.657,DEMO,DEMO,DEMO_MODE,0427e6a8ed5b4d0f92e17b614ed8f417,F1 :    600    1 0.10 -14.44 0.54 50.00  60.0  48.0,0.00 0.00 0.00 89.38 0.54 50.00 0.10 -14.44 6 63 6 63 60.0% 48.0% 300.000 0.000 0.00 -4.90 0.00  2.00 0.00 599.00 0.0% | 1200.00   10.00 HI -50.00 -50.00
2026-09-27T06:52:44.789,DEMO,DEMO,DEMO_MODE,0427e6a8ed5b4d0f92e17b614ed8f417,F1 :    600    1 0.10 -14.44 0.54 50.00  60.0  48.0,0.00 0.00 0.00 89.38 0.54 50.00 0.10 -14.44 6 63 6 63 60.0% 48.0% 300.000 0.000 0.00 -4.90 0.00  2.00 0.00 599.00 0.0% | 1200.00   10.00 HI -50.00 -50.00
2026-09-27T06:52:44.914,DEMO,DEMO,DEMO_MODE,0427e6a8ed5b4d0f92e17b614ed8f417,F1 :    600    1 0.10 -14.44 0.54 50.00  60.0  48.0,0.00 0.00 0.00 89.38 0.54 50.00 0.10 -14.44 6 63 6 63 60.0% 48.0% 300.000 0.000 0.00 -4.90 0.00  2.00 0.00 599.00 0.0% | 1200.00   10.00 HI -50.00 -50.00
2026-09-27T06:52:45.035,DEMO,DEMO,DEMO_MODE,0427e6a8ed5b4d0f92e17b614ed8f417,F1 :    600    1 0.10 -14.44 0.54 50.00  60.0  48.0,0.00 0.00 0.00 89.38 0.54 50.00 0.10 -14.44 6 63 6 63 60.0% 48.0% 300.000 0.000 0.00 -4.90 0.00  2.00 0.00 599.00 0.0% | 1200.00   10.00 HI -50.00 -50.00
2026-09-27T06:52:45.161,DEMO,DEMO,DEMO_MODE,0427e6a8ed5b4d0f92e17b614ed8f417,F1 :    600    1 0.10 -14.44 0.54 50.00  60.0  48.0,0.00 0.00 0.00 89.38 0.54 50.00 0.10 -14.44 6 63 6 63 60.0% 48.0% 300.000 0.000 0.00 -4.90 0.00  2.00 0.00 599.00 0.0% | 1200.00   10.00 HI -50.00 -50.00
2026-09-27T06:52:45.281,DEMO,DEMO,DEMO_MODE,0427e6a8ed5b4d0f92e17b614ed8f417,F1 :    600    1 0.10 -14.44 0.54 50.00  60.0  48.0,0.00 0.00 0.00 89.38 0.54 50.00 0.10 -14.44 6 63 6 63 60.0% 48.0% 300.000 0.000 0.00 -4.90 0.00  2.00 0.00 599.00 0.0% | 1200.00   10.00 HI -50.00 -50.00
2026-09-27T06:52:45.407,DEMO,DEMO,DEMO_MODE,0427e6a8ed5b4d0f92e17b614ed8f417,F1 :    600    1 0.10 -14.44 0.54 50.00  60.0  48.0,0.00 0.00 0.00 89.38 0.54 50.00 0.10 -14.44 6 63 6 63 60.0% 48.0% 300.000 0.000 0.00 -4.90 0.00  2.00 0.00 599.00 0.0% | 1200.00   10.00 HI -50.00 -50.00
2026-09-27T06:52:45.527,DEMO,DEMO,DEMO_MODE,0427e6a8ed5b4d0f92e17b614ed8f417,F1 :    600    1 0.10 -14.44 0.54 50.00  60.0  48.0,0.00 0.00 0.00 89.38 0.54 50.00 0.10 -14.44 6 63 6 63 60.0% 48.0% 300.000 0.000 0.00 -4.90 0.00  2.00 0.00 599.00 0.0% | 1200.00   10.00 HI -50.00 -50.00
2026-09-27T06:52:45.654,DEMO,DEMO,DEMO_MODE,0427e6a8ed5b4d0f92e17b614ed8f417,F1 :    600    1 0.10 -14.44 0.54 50.00  60.0  48.0,0.00 0.00 0.00 89.38 0.54 50.00 0.10 -14.44 6 63 6 63 60.0% 48.0% 300.000 0.000 0.00 -4.90 0.00  2.00 0.00 599.00 0.0% | 1200.00   10.00 HI -50.00 -50.00
2026-09-27T06:52:45.775,DEMO,DEMO,DEMO_MODE,0427e6a8ed5b4d0f92e17b614ed8f417,F1 :    600    1 0.10 -14.44 0.54 50.00  60.0  48.0,0.00 0.00 0.00 89.38 0.54 50.00 0.10 -14.44 6 63 6 63 60.0% 48.0% 300.000 0.000 0.00 -4.90 0.00  2.00 0.00 599.00 0.0% | 1200.00   10.00 HI -50.00 -50.00
2026-09-27T06:52:45.901,DEMO,DEMO,DEMO_MODE,0427e6a8ed5b4d0f92e17b614ed8f417,F1 :    600    1 0.10 -14.44 0.54 50.00  60.0  48.0,0.00 0.00 0.00 89.38 0.54 50.00 0.10 -14.44 6 63 6 63 60.0% 48.0% 300.000 0.000 0.00 -4.90 0.00  2.00 0.00 599.00 0.0% | 1200.00   10.00 HI -50.00 -50.00
2026-09-27T06:52:46.026,DEMO,DEMO,DEMO_MODE,0427e6a8ed5b4d0f92e17b614ed8f417,F1 :    600    1 0.10 -14.44 0.54 50.00  60.0  48.0,0.00 0.00 0.00 89.38 0.54 50.00 0.10 -14.44 6 63 6 63 60.0% 48.0% 300.000 0.000 0.00 -4.90 0.00  2.00 0.00 599.00 0.0% | 1200.00   10.00 HI -50.00 -50.00
2026-09-27T06:52:46.154,DEMO,DEMO,DEMO_MODE,0427e6a8ed5b4d0f92e17b614ed8f417,F1 :    600    1 0.10 -14.44 0.54 50.00  60.0  48.0,0.00 0.00 0.00 89.38 0.54 50.00 0.10 -14.44 6 63 6 63 60.0% 48.0% 300.000 0.000 0.00 -4.90 0.00  2.00 0.00 599.00 0.0% | 1200.00   10.00 HI -50.00 -50.00
2026-09-27T06:52:46.274,DEMO,DEMO,DEMO_MODE,0427e6a8ed5b4d0f92e17b614ed8f417,F1 :    600    1 0.10 -14.44 0.54 50.00  60.0  48.0,0.00 0.00 0.00 89.38 0.54 50.00 0.10 -14.44 6 63 6 63 60.0% 48.0% 300.000 0.000 0.00 -4.90 0.00  2.00 0.00 599.00 0.0% | 1200.00   10.00 HI -50.00 -50.00
2026-09-27T06:52:46.400,DEMO,DEMO,DEMO_MODE,0427e6a8ed5b4d0f92e17b614ed8f417,F1 :    600    1 0.10 -14.44 0.54 50.00  60.0  48.0,0.00 0.00 0.00 89.38 0.54 50.00 0.10 -14.44 6 63 6 63 60.0% 48.0% 300.000 0.000 0.00 -4.90 0.00  2.00 0.00 599.00 0.0% | 1200.00   10.00 HI -50.00 -50.00
2026-09-27T06:52:46.520,DEMO,DEMO,DEMO_MODE,0427e6a8ed5b4d0f92e17b614ed8f417,F1 :    600    1 0.10 -14.44 0.54 50.00  60.0  48.0,0.00 0.00 0.00 89.38 0.54 50.00 0.10 -14.44 6 63 6 63 60.0% 48.0% 300.000 0.000 0.00 -4.90 0.00  2.00 0.00 599.00 0.0% | 1200.00   10.00 HI -50.00 -50.00
2026-09-27T06:52:46.647,DEMO,DEMO,DEMO_MODE,0427e6a8ed5b4d0f92e17b614ed8f417,F1 :    600    1 0.10 -14.44 0.54 50.00  60.0  48.0,0.00 0.00 0.00 89.38 0.54 50.00 0.10 -14.44 6 63 6 63 60.0% 48.0% 300.000 0.000 0.00 -4.90 0.00  2.00 0.00 599.00 0.0% | 1200.00   10.00 HI -50.00 -50.00
2026-09-27T06:52:46.781,DEMO,DEMO,DEMO_MODE,0427e6a8ed5b4d0f92e17b614ed8f417,F1 :    600    1 0.10 -14.44 0.54 50.00  60.0  48.0,0.00 0.00 0.00 89.38 0.54 50.00 0.10 -14.44 6 63 6 63 60.0% 48.0% 300.000 0.000 0.00 -4.90 0.00  2.00 0.00 599.00 0.0% | 1200.00   10.00 HI -50.00 -50.00
2026-09-27T06:52:46.906,DEMO,DEMO,DEMO_MODE,0427e6a8ed5b4d0f92e17b614ed8f417,F1 :    600    2 0.10 -14.44 0.54 50.00  60.0  48.0,0.00 0.00 0.00 89.38 0.54 50.00 0.10 -14.44 6 63 6 63 60.0% 48.0% 300.000 0.000 0.00 -4.90 0.00  1.99 0.00 598.00 0.0% | 1200.00   10.00 HI -50.00 -50.00
2026-09-27T06:52:47.038,DEMO,DEMO,DEMO_MODE,0427e6a8ed5b4d0f92e17b614ed8f417,F1 :    600    2 0.10 -14.44 0.54 50.00  60.0  48.0,0.00 0.00 0.00 89.38 0.54 50.00 0.10 -14.44 6 63 6 63 60.0% 48.0% 300.000 0.000 0.00 -4.90 0.00  1.99 0.00 598.00 0.0% | 1200.00   10.00 HI -50.00 -50.00
2026-09-27T06:52:47.163,DEMO,DEMO,DEMO_MODE,0427e6a8ed5b4d0f92e17b614ed8f417,F1 :    600    2 0.10 -14.44 0.54 50.00  60.0  48.0,0.00 0.00 0.00 89.38 0.54 50.00 0.10 -14.44 6 63 6 63 60.0% 48.0% 300.000 0.000 0.00 -4.90 0.00  1.99 0.00 598.00 0.0% | 1200.00   10.00 HI -50.00 -50.00
2026-09-27T06:52:47.289,DEMO,DEMO,DEMO_MODE,0427e6a8ed5b4d0f92e17b614ed8f417,F1 :    600    2 0.10 -14.44 0.54 50.00  60.0  48.0,0.00 0.00 0.00 89.38 0.54 50.00 0.10 -14.44 6 63 6 63 60.0% 48.0% 300.000 0.000 0.00 -4.90 0.00  1.99 0.00 598.00 0.0% | 1200.00   10.00 HI -50.00 -50.00
2026-09-27T06:52:47.415,DEMO,DEMO,DEMO_MODE,0427e6a8ed5b4d0f92e17b614ed8f417,F1 :    600    2 0.10 -14.44 0.54 50.00  60.0  48.0,0.00 0.00 0.00 89.38 0.54 50.00 0.10 -14.44 6 63 6 63 60.0% 48.0% 300.000 0.000 0.00 -4.90 0.00  1.99 0.00 598.00 0.0% | 1200.00   10.00 HI -50.00 -50.00
2026-09-27T06:52:47.542,DEMO,DEMO,DEMO_MODE,0427e6a8ed5b4d0f92e17b614ed8f417,F1 :    600    2 0.10 -14.44 0.54 50.00  60.0  48.0,0.00 0.00 0.00 89.38 0.54 50.00 0.10 -14.44 6 63 6 63 60.0% 48.0% 300.000 0.000 0.00 -4.90 0.00  1.99 0.00 598.00 0.0% | 1200.00   10.00 HI -50.00 -50.00
2026-09-27T06:52:47.669,DEMO,DEMO,DEMO_MODE,0427e6a8ed5b4d0f92e17b614ed8f417,F1 :    600    2 0.10 -14.44 0.54 50.00  60.0  48.0,0.00 0.00 0.00 89.38 0.54 50.00 0.10 -14.44 6 63 6 63 60.0% 48.0% 300.000 0.000 0.00 -4.90 0.00  1.99 0.00 598.00 0.0% | 1200.00   10.00 HI -50.00 -50.00
2026-09-27T06:52:47.792,DEMO,DEMO,DEMO_MODE,0427e6a8ed5b4d0f92e17b614ed8f417,F1 :    600    2 0.10 -14.44 0.54 50.00  60.0  48.0,0.00 0.00 0.00 89.38 0.54 50.00 0.10 -14.44 6 63 6 63 60.0% 48.0% 300.000 0.000 0.00 -4.90 0.00  1.99 0.00 598.00 0.0% | 1200.00   10.00 HI -50.00 -50.00
2026-09-27T06:52:47.919,DEMO,DEMO,DEMO_MODE,0427e6a8ed5b4d0f92e17b614ed8f417,F1 :    600    2 0.10 -14.44 0.54 50.00  60.0  48.0,0.00 0.00 0.00 89.38 0.54 50.00 0.10 -14.44 6 63 6 63 60.0% 48.0% 300.000 0.000 0.00 -4.90 0.00  1.99 0.00 598.00 0.0% | 1200.00   10.00 HI -50.00 -50.00
2026-09-27T06:52:48.040,DEMO,DEMO,DEMO_MODE,0427e6a8ed5b4d0f92e17b614ed8f417,F1 :    600    2 0.10 -14.44 0.54 50.00  60.0  48.0,0.00 0.00 0.00 89.38 0.54 50.00 0.10 -14.44 6 63 6 63 60.0% 48.0% 300.000 0.000 0.00 -4.90 0.00  1.99 0.00 598.00 0.0% | 1200.00   10.00 HI -50.00 -50.00
2026-09-27T06:52:48.166,DEMO,DEMO,DEMO_MODE,0427e6a8ed5b4d0f92e17b614ed8f417,F1 :    600    2 0.10 -14.44 0.54 50.00  60.0  48.0,0.00 0.00 0.00 89.38 0.54 50.00 0.10 -14.44 6 63 6 63 60.0% 48.0% 300.000 0.000 0.00 -4.90 0.00  1.99 0.00 598.00 0.0% | 1200.00   10.00 HI -50.00 -50.00
2026-09-27T06:52:48.287,DEMO,DEMO,DEMO_MODE,0427e6a8ed5b4d0f92e17b614ed8f417,F1 :    600    2 0.10 -14.44 0.54 50.00  60.0  48.0,0.00 0.00 0.00 89.38 0.54 50.00 0.10 -14.44 6 63 6 63 60.0% 48.0% 300.000 0.000 0.00 -4.90 0.00  1.99 0.00 598.00 0.0% | 1200.00   10.00 HI -50.00 -50.00
2026-09-27T06:52:48.412,DEMO,DEMO,DEMO_MODE,0427e6a8ed5b4d0f92e17b614ed8f417,F1 :    600    2 0.10 -14.44 0.54 50.00  60.0  48.0,0.00 0.00 0.00 89.38 0.54 50.00 0.10 -14.44 6 63 6 63 60.0% 48.0% 300.000 0.000 0.00 -4.90 0.00  1.99 0.00 598.00 0.0% | 1200.00   10.00 HI -50.00 -50.00
2026-09-27T06:52:48.545,DEMO,DEMO,DEMO_MODE,0427e6a8ed5b4d0f92e17b614ed8f417,F1 :    600    2 0.10 -14.44 0.54 50.00  60.0  48.0,0.00 0.00 0.00 89.38 0.54 50.00 0.10 -14.44 6 63 6 63 60.0% 48.0% 300.000 0.000 0.00 -4.90 0.00  1.99 0.00 598.00 0.0% | 1200.00   10.00 HI -50.00 -50.00
2026-09-27T06:52:48.670,DEMO,DEMO,DEMO_MODE,0427e6a8ed5b4d0f92e17b614ed8f417,F1 :    600    2 0.10 -14.44 0.54 50.00  60.0  48.0,0.00 0.00 0.00 89.38 0.54 50.00 0.10 -14.44 6 63 6 63 60.0% 48.0% 300.000 0.000 0.00 -4.90 0.00  1.99 0.00 598.00 0.0% | 1200.00   10.00 HI -50.00 -50.00
2026-09-27T06:52:48.791,DEMO,DEMO,DEMO_MODE,0427e6a8ed5b4d0f92e17b614ed8f417,F1 :    600    2 0.10 -14.44 0.54 50.00  60.0  48.0,0.00 0.00 0.00 89.38 0.54 50.00 0.10 -14.44 6 63 6 63 60.0% 48.0% 300.000 0.000 0.00 -4.90 0.00  1.99 0.00 598.00 0.0% | 1200.00   10.00 HI -50.00 -50.00
2026-09-27T06:52:48.917,DEMO,DEMO,DEMO_MODE,0427e6a8ed5b4d0f92e17b614ed8f417,F1 :    600    2 0.10 -14.44 0.54 50.00  60.0  48.0,0.00 0.00 0.00 89.38 0.54 50.00 0.10 -14.44 6 63 6 63 60.0% 48.0% 300.000 0.000 0.00 -4.90 0.00  1.99 0.00 598.00 0.0% | 1200.00   10.00 HI -50.00 -50.00
2026-09-27T06:52:49.038,DEMO,DEMO,DEMO_MODE,0427e6a8ed5b4d0f92e17b614ed8f417,F1 :    600    2 0.10 -14.44 0.54 50.00  60.0  52.0,0.00 0.00 0.00 89.38 0.54 50.00 0.10 -14.44 6 63 6 63 60.0% 52.0% 300.000 0.000 0.00 -4.90 0.00  1.99 0.00 598.00 0.0% | 1200.00   10.00 HI -50.00 -50.00
2026-09-27T06:52:49.165,DEMO,DEMO,DEMO_MODE,0427e6a8ed5b4d0f92e17b614ed8f417,F1 :    600    2 0.10 -14.44 0.54 50.00  60.0  52.0,0.00 0.00 0.00 89.38 0.54 50.00 0.10 -14.44 6 63 6 63 60.0% 52.0% 300.000 0.000 0.00 -4.90 0.00  1.99 0.00 598.00 0.0% | 1200.00   10.00 HI -50.00 -50.00
2026-09-27T06:52:49.285,DEMO,DEMO,DEMO_MODE,0427e6a8ed5b4d0f92e17b614ed8f417,F1 :    600    2 0.10 -14.44 0.54 50.00  60.0  52.0,0.00 0.00 0.00 89.38 0.54 50.00 0.10 -14.44 6 63 6 63 60.0% 52.0% 300.000 0.000 0.00 -4.90 0.00  1.99 0.00 598.00 0.0% | 1200.00   10.00 HI -50.00 -50.00
2026-09-27T06:52:49.412,DEMO,DEMO,DEMO_MODE,0427e6a8ed5b4d0f92e17b614ed8f417,F1 :    600    2 0.10 -14.44 0.54 50.00  60.0  52.0,0.00 0.00 0.00 89.38 0.54 50.00 0.10 -14.44 6 63 6 63 60.0% 52.0% 300.000 0.000 0.00 -4.90 0.00  1.99 0.00 598.00 0.0% | 1200.00   10.00 HI -50.00 -50.00
2026-09-27T06:52:49.533,DEMO,DEMO,DEMO_MODE,0427e6a8ed5b4d0f92e17b614ed8f417,F1 :    600    2 0.10 -14.44 0.54 50.00  60.0  52.0,0.00 0.00 0.00 89.38 0.54 50.00 0.10 -14.44 6 63 6 63 60.0% 52.0% 300.000 0.000 0.00 -4.90 0.00  1.99 0.00 598.00 0.0% | 1200.00   10.00 HI -50.00 -50.00
2026-09-27T06:52:49.658,DEMO,DEMO,DEMO_MODE,0427e6a8ed5b4d0f92e17b614ed8f417,F1 :    600    2 0.10 -14.44 0.54 50.00  60.0  52.0,0.00 0.00 0.00 89.38 0.54 50.00 0.10 -14.44 6 63 6 63 60.0% 52.0% 300.000 0.000 0.00 -4.90 0.00  1.99 0.00 598.00 0.0% | 1200.00   10.00 HI -50.00 -50.00
2026-09-27T06:52:49.779,DEMO,DEMO,DEMO_MODE,0427e6a8ed5b4d0f92e17b614ed8f417,F1 :    600    2 0.10 -14.44 0.54 50.00  60.0  52.0,0.00 0.00 0.00 89.38 0.54 50.00 0.10 -14.44 6 63 6 63 60.0% 52.0% 300.000 0.000 0.00 -4.90 0.00  1.99 0.00 598.00 0.0% | 1200.00   10.00 HI -50.00 -50.00
2026-09-27T06:52:49.906,DEMO,DEMO,DEMO_MODE,0427e6a8ed5b4d0f92e17b614ed8f417,F1 :    600    2 0.10 -14.44 0.54 50.00  60.0  52.0,0.00 0.00 0.00 89.38 0.54 50.00 0.10 -14.44 6 63 6 63 60.0% 52.0% 300.000 0.000 0.00 -4.90 0.00  1.99 0.00 598.00 0.0% | 1200.00   10.00 HI -50.00 -50.00
2026-09-27T06:52:50.027,DEMO,DEMO,DEMO_MODE,0427e6a8ed5b4d0f92e17b614ed8f417,F1 :    600    2 0.10 -14.44 0.54 50.00  60.0  52.0,0.00 0.00 0.00 89.38 0.54 50.00 0.10 -14.44 6 63 6 63 60.0% 52.0% 300.000 0.000 0.00 -4.90 0.00  1.99 0.00 598.00 0.0% | 1200.00   10.00 HI -50.00 -50.00
2026-09-27T06:52:50.152,DEMO,DEMO,DEMO_MODE,0427e6a8ed5b4d0f92e17b614ed8f417,F1 :    600    2 0.10 -14.44 0.54 50.00  60.0  52.0,0.00 0.00 0.00 89.38 0.54 50.00 0.10 -14.44 6 63 6 63 60.0% 52.0% 300.000 0.000 0.00 -4.90 0.00  1.99 0.00 598.00 0.0% | 1200.00   10.00 HI -50.00 -50.00
2026-09-27T06:52:50.273,DEMO,DEMO,DEMO_MODE,0427e6a8ed5b4d0f92e17b614ed8f417,F1 :    600    2 0.10 -14.44 0.54 50.00  60.0  52.0,0.00 0.00 0.00 89.38 0.54 50.00 0.10 -14.44 6 63 6 63 60.0% 52.0% 300.000 0.000 0.00 -4.90 0.00  1.99 0.00 598.00 0.0% | 1200.00   10.00 HI -50.00 -50.00
2026-09-27T06:52:50.399,DEMO,DEMO,DEMO_MODE,0427e6a8ed5b4d0f92e17b614ed8f417,F1 :    600    2 0.10 -14.44 0.54 50.00  60.0  52.0,0.00 0.00 0.00 89.38 0.54 50.00 0.10 -14.44 6 63 6 63 60.0% 52.0% 300.000 0.000 0.00 -4.90 0.00  1.99 0.00 598.00 0.0% | 1200.00   10.00 HI -50.00 -50.00
2026-09-27T06:52:50.520,DEMO,DEMO,DEMO_MODE,0427e6a8ed5b4d0f92e17b614ed8f417,F1 :    600    2 0.10 -14.44 0.54 50.00  60.0  52.0,0.00 0.00 0.00 89.38 0.54 50.00 0.10 -14.44 6 63 6 63 60.0% 52.0% 300.000 0.000 0.00 -4.90 0.00  1.99 0.00 598.00 0.0% | 1200.00   10.00 HI -50.00 -50.00
2026-09-27T06:52:50.645,DEMO,DEMO,DEMO_MODE,0427e6a8ed5b4d0f92e17b614ed8f417,F1 :    600    2 0.10 -14.44 0.54 50.00  60.0  52.0,0.00 0.00 0.00 89.38 0.54 50.00 0.10 -14.44 6 63 6 63 60.0% 52.0% 300.000 0.000 0.00 -4.90 0.00  1.99 0.00 598.00 0.0% | 1200.00   10.00 HI -50.00 -50.00
2026-09-27T06:52:50.766,DEMO,DEMO,DEMO_MODE,0427e6a8ed5b4d0f92e17b614ed8f417,F1 :    600    2 0.10 -14.44 0.54 50.00  60.0  52.0,0.00 0.00 0.00 89.38 0.54 50.00 0.10 -14.44 6 63 6 63 60.0% 52.0% 300.000 0.000 0.00 -4.90 0.00  1.99 0.00 598.00 0.0% | 1200.00   10.00 HI -50.00 -50.00
2026-09-27T06:52:50.892,DEMO,DEMO,DEMO_MODE,0427e6a8ed5b4d0f92e17b614ed8f417,F1 :    600    2 0.10 -14.44 0.54 50.00  60.0  52.0,0.00 0.00 0.00 89.38 0.54 50.00 0.10 -14.44 6 63 6 63 60.0% 52.0% 300.000 0.000 0.00 -4.90 0.00  1.99 0.00 598.00 0.0% | 1200.00   10.00 HI -50.00 -50.00
2026-09-27T06:52:51.012,DEMO,DEMO,DEMO_MODE,0427e6a8ed5b4d0f92e17b614ed8f417,F1 :    600    2 0.10 -14.44 0.54 50.00  60.0  52.0,0.00 0.00 0.00 89.38 0.54 50.00 0.10 -14.44 6 63 6 63 60.0% 52.0% 300.000 0.000 0.00 -4.90 0.00  1.99 0.00 598.00 0.0% | 1200.00   10.00 HI -50.00 -50.00
2026-09-27T06:52:51.139,DEMO,DEMO,DEMO_MODE,0427e6a8ed5b4d0f92e17b614ed8f417,F1 :    600    2 0.10 -14.44 0.54 50.00  60.0  52.0,0.00 0.00 0.00 89.38 0.54 50.00 0.10 -14.44 6 63 6 63 60.0% 52.0% 300.000 0.000 0.00 -4.90 0.00  1.99 0.00 598.00 0.0% | 1200.00   10.00 HI -50.00 -50.00
2026-09-27T06:52:51.277,DEMO,DEMO,DEMO_MODE,0427e6a8ed5b4d0f92e17b614ed8f417,F1 :    600    2 0.10 -14.44 0.54 50.00  60.0  52.0,0.00 0.00 0.00 89.38 0.54 50.00 0.10 -14.44 6 63 6 63 60.0% 52.0% 300.000 0.000 0.00 -4.90 0.00  1.99 0.00 598.00 0.0% | 1200.00   10.00 HI -50.00 -50.00
2026-09-27T06:52:51.404,DEMO,DEMO,DEMO_MODE,0427e6a8ed5b4d0f92e17b614ed8f417,F1 :    600    2 0.10 -14.44 0.54 50.00  60.0  52.0,0.00 0.00 0.00 89.38 0.54 50.00 0.10 -14.44 6 63 6 63 60.0% 52.0% 300.000 0.000 0.00 -4.90 0.00  1.99 0.00 598.00 0.0% | 1200.00   10.00 HI -50.00 -50.00
2026-09-27T06:52:51.525,DEMO,DEMO,DEMO_MODE,0427e6a8ed5b4d0f92e17b614ed8f417,F1 :    600    2 0.10 -14.44 0.54 50.00  60.0  52.0,0.00 0.00 0.00 89.38 0.54 50.00 0.10 -14.44 6 63 6 63 60.0% 52.0% 300.000 0.000 0.00 -4.90 0.00  1.99 0.00 598.00 0.0% | 1200.00   10.00 HI -50.00 -50.00
2026-09-27T06:52:51.651,DEMO,DEMO,DEMO_MODE,0427e6a8ed5b4d0f92e17b614ed8f417,F1 :    600    2 0.10 -14.44 0.54 50.00  60.0  52.0,0.00 0.00 0.00 89.38 0.54 50.00 0.10 -14.44 6 63 6 63 60.0% 52.0% 300.000 0.000 0.00 -4.90 0.00  1.99 0.00 598.00 0.0% | 1200.00   10.00 HI -50.00 -50.00
2026-09-27T06:52:51.772,DEMO,DEMO,DEMO_MODE,0427e6a8ed5b4d0f92e17b614ed8f417,F1 :    600    2 0.10 -14.44 0.54 50.00  60.0  52.0,0.00 0.00 0.00 89.38 0.54 50.00 0.10 -14.44 6 63 6 63 60.0% 52.0% 300.000 0.000 0.00 -4.90 0.00  1.99 0.00 598.00 0.0% | 1200.00   10.00 HI -50.00 -50.00
2026-09-27T06:52:51.898,DEMO,DEMO,DEMO_MODE,0427e6a8ed5b4d0f92e17b614ed8f417,F1 :    600    2 0.10 -14.44 0.54 50.00  60.0  52.0,0.00 0.00 0.00 89.38 0.54 50.00 0.10 -14.44 6 63 6 63 60.0% 52.0% 300.000 0.000 0.00 -4.90 0.00  1.99 0.00 598.00 0.0% | 1200.00   10.00 HI -50.00 -50.00
2026-09-27T06:52:52.023,DEMO,DEMO,DEMO_MODE,0427e6a8ed5b4d0f92e17b614ed8f417,F1 :    600    2 0.10 -14.44 0.54 50.00  60.0  52.0,0.00 0.00 0.00 89.38 0.54 50.00 0.10 -14.44 6 63 6 63 60.0% 52.0% 300.000 0.000 0.00 -4.90 0.00  1.99 0.00 598.00 0.0% | 1200.00   10.00 HI -50.00 -50.00
2026-09-27T06:52:52.149,DEMO,DEMO,DEMO_MODE,0427e6a8ed5b4d0f92e17b614ed8f417,F1 :    600    2 0.10 -14.44 0.54 50.00  60.0  52.0,0.00 0.00 0.00 89.38 0.54 50.00 0.10 -14.44 6 63 6 63 60.0% 52.0% 300.000 0.000 0.00 -4.90 0.00  1.99 0.00 598.00 0.0% | 1200.00   10.00 HI -50.00 -50.00
2026-09-27T06:52:52.281,DEMO,DEMO,DEMO_MODE,0427e6a8ed5b4d0f92e17b614ed8f417,F1 :    600    2 0.10 -14.44 0.54 50.00  60.0  52.0,0.00 0.00 0.00 89.38 0.54 50.00 0.10 -14.44 6 63 6 63 60.0% 52.0% 300.000 0.000 0.00 -4.90 0.00  1.99 0.00 598.00 0.0% | 1200.00   10.00 HI -50.00 -50.00
2026-09-27T06:52:52.406,DEMO,DEMO,DEMO_MODE,0427e6a8ed5b4d0f92e17b614ed8f417,F1 :    600    2 0.10 -14.44 0.54 50.00  60.0  52.0,0.00 0.00 0.00 89.38 0.54 50.00 0.10 -14.44 6 63 6 63 60.0% 52.0% 300.000 0.000 0.00 -4.90 0.00  1.99 0.00 598.00 0.0% | 1200.00   10.00 HI -50.00 -50.00
2026-09-27T06:52:52.538,DEMO,DEMO,DEMO_MODE,0427e6a8ed5b4d0f92e17b614ed8f417,F1 :    600    2 0.10 -14.44 0.54 50.00  60.0  52.0,0.00 0.00 0.00 89.38 0.54 50.00 0.10 -14.44 6 63 6 63 60.0% 52.0% 300.000 0.000 0.00 -4.90 0.00  1.99 0.00 598.00 0.0% | 1200.00   10.00 HI -50.00 -50.00
2026-09-27T06:52:52.665,DEMO,DEMO,DEMO_MODE,0427e6a8ed5b4d0f92e17b614ed8f417,F1 :    600    2 0.10 -14.44 0.54 50.00  60.0  52.0,0.00 0.00 0.00 89.38 0.54 50.00 0.10 -14.44 6 63 6 63 60.0% 52.0% 300.000 0.000 0.00 -4.90 0.00  1.99 0.00 598.00 0.0% | 1200.00   10.00 HI -50.00 -50.00
2026-09-27T06:52:52.791,DEMO,DEMO,DEMO_MODE,0427e6a8ed5b4d0f92e17b614ed8f417,F1 :    600    2 0.10 -14.44 0.54 50.00  60.0  52.0,0.00 0.00 0.00 89.38 0.54 50.00 0.10 -14.44 6 63 6 63 60.0% 52.0% 300.000 0.000 0.00 -4.90 0.00  1.99 0.00 598.00 0.0% | 1200.00   10.00 HI -50.00 -50.00
2026-09-27T06:52:52.916,DEMO,DEMO,DEMO_MODE,0427e6a8ed5b4d0f92e17b614ed8f417,F1 :    600    2 0.10 -14.44 0.54 50.00  60.0  52.0,0.00 0.00 0.00 89.38 0.54 50.00 0.10 -14.44 6 63 6 63 60.0% 52.0% 300.000 0.000 0.00 -4.90 0.00  1.99 0.00 598.00 0.0% | 1200.00   10.00 HI -50.00 -50.00
2026-09-27T06:52:53.043,DEMO,DEMO,DEMO_MODE,0427e6a8ed5b4d0f92e17b614ed8f417,F1 :    600    2 0.10 -14.44 0.54 50.00  60.0  52.0,0.00 0.00 0.00 89.38 0.54 50.00 0.10 -14.44 6 63 6 63 60.0% 52.0% 300.000 0.000 0.00 -4.90 0.00  1.99 0.00 598.00 0.0% | 1200.00   10.00 HI -50.00 -50.00
2026-09-27T06:52:53.169,DEMO,DEMO,DEMO_MODE,0427e6a8ed5b4d0f92e17b614ed8f417,F1 :    600    2 0.10 -14.44 0.54 50.00  60.0  52.0,0.00 0.00 0.00 89.38 0.54 50.00 0.10 -14.44 6 63 6 63 60.0% 52.0% 300.000 0.000 0.00 -4.90 0.00  1.99 0.00 598.00 0.0% | 1200.00   10.00 HI -50.00 -50.00
2026-09-27T06:52:53.297,DEMO,DEMO,DEMO_MODE,0427e6a8ed5b4d0f92e17b614ed8f417,F1 :    600    2 0.10 -14.44 0.54 50.00  60.0  52.0,0.00 0.00 0.00 89.38 0.54 50.00 0.10 -14.44 6 63 6 63 60.0% 52.0% 300.000 0.000 0.00 -4.90 0.00  1.99 0.00 598.00 0.0% | 1200.00   10.00 HI -50.00 -50.00
2026-09-27T06:52:53.423,DEMO,DEMO,DEMO_MODE,0427e6a8ed5b4d0f92e17b614ed8f417,F1 :    600    2 0.10 -14.44 0.54 50.00  60.0  52.0,0.00 0.00 0.00 89.38 0.54 50.00 0.10 -14.44 6 63 6 63 60.0% 52.0% 300.000 0.000 0.00 -4.90 0.00  1.99 0.00 598.00 0.0% | 1200.00   10.00 HI -50.00 -50.00
2026-09-27T06:52:53.544,DEMO,DEMO,DEMO_MODE,0427e6a8ed5b4d0f92e17b614ed8f417,F1 :    600    2 0.10 -14.44 0.54 50.00  60.0  52.0,0.00 0.00 0.00 89.38 0.54 50.00 0.10 -14.44 6 63 6 63 60.0% 52.0% 300.000 0.000 0.00 -4.90 0.00  1.99 0.00 598.00 0.0% | 1200.00   10.00 HI -50.00 -50.00
2026-09-27T06:52:53.670,DEMO,DEMO,DEMO_MODE,0427e6a8ed5b4d0f92e17b614ed8f417,F1 :    600    2 0.10 -14.44 0.54 50.00  60.0  52.0,0.00 0.00 0.00 89.38 0.54 50.00 0.10 -14.44 6 63 6 63 60.0% 52.0% 300.000 0.000 0.00 -4.90 0.00  1.99 0.00 598.00 0.0% | 1200.00   10.00 HI -50.00 -50.00
2026-09-27T06:52:53.791,DEMO,DEMO,DEMO_MODE,0427e6a8ed5b4d0f92e17b614ed8f417,F1 :    600    2 0.10 -14.44 0.54 50.00  60.0  52.0,0.00 0.00 0.00 89.38 0.54 50.00 0.10 -14.44 6 63 6 63 60.0% 52.0% 300.000 0.000 0.00 -4.90 0.00  1.99 0.00 598.00 0.0% | 1200.00   10.00 HI -50.00 -50.00
2026-09-27T06:52:53.914,DEMO,DEMO,DEMO_MODE,0427e6a8ed5b4d0f92e17b614ed8f417,F1 :    600    2 0.10 -14.44 0.54 50.00  60.0  52.0,0.00 0.00 0.00 89.38 0.54 50.00 0.10 -14.44 6 63 6 63 60.0% 52.0% 300.000 0.000 0.00 -4.90 0.00  1.99 0.00 598.00 0.0% | 1200.00   10.00 HI -50.00 -50.00
2026-09-27T06:52:54.034,DEMO,DEMO,DEMO_MODE,0427e6a8ed5b4d0f92e17b614ed8f417,F1 :    600    2 0.10 -14.44 0.54 50.00  60.0  52.0,0.00 0.00 0.00 89.38 0.54 50.00 0.10 -14.44 6 63 6 63 60.0% 52.0% 300.000 0.000 0.00 -4.90 0.00  1.99 0.00 598.00 0.0% | 1200.00   10.00 HI -50.00 -50.00
2026-09-27T06:52:54.156,DEMO,DEMO,DEMO_MODE,0427e6a8ed5b4d0f92e17b614ed8f417,F1 :    600    2 0.10 -14.44 0.54 50.00  60.0  52.0,0.00 0.00 0.00 89.38 0.54 50.00 0.10 -14.44 6 63 6 63 60.0% 52.0% 300.000 0.000 0.00 -4.90 0.00  1.99 0.00 598.00 0.0% | 1200.00   10.00 HI -50.00 -50.00
2026-09-27T06:52:54.277,DEMO,DEMO,DEMO_MODE,0427e6a8ed5b4d0f92e17b614ed8f417,F1 :    700    2 0.10 -14.44 0.54 50.00  70.0  56.0,0.00 0.00 0.00 89.38 0.54 50.00 0.10 -14.44 6 63 6 63 70.0% 56.0% 350.000 0.000 0.00 -4.90 0.00  1.99 0.00 698.00 0.0% | 1200.00   20.00 HI -50.00 -50.00
2026-09-27T06:52:54.403,DEMO,DEMO,DEMO_MODE,0427e6a8ed5b4d0f92e17b614ed8f417,F1 :    700    2 0.10 -14.44 0.54 50.00  70.0  56.0,0.00 0.00 0.00 89.38 0.54 50.00 0.10 -14.44 6 63 6 63 70.0% 56.0% 350.000 0.000 0.00 -4.90 0.00  1.99 0.00 698.00 0.0% | 1200.00   20.00 HI -50.00 -50.00
2026-09-27T06:52:54.528,DEMO,DEMO,DEMO_MODE,0427e6a8ed5b4d0f92e17b614ed8f417,F1 :    700    2 0.10 -14.44 0.54 50.00  70.0  56.0,0.00 0.00 0.00 89.38 0.54 50.00 0.10 -14.44 6 63 6 63 70.0% 56.0% 350.000 0.000 0.00 -4.90 0.00  1.99 0.00 698.00 0.0% | 1200.00   20.00 HI -50.00 -50.00
2026-09-27T06:52:54.654,DEMO,DEMO,DEMO_MODE,0427e6a8ed5b4d0f92e17b614ed8f417,F1 :    700    2 0.10 -14.44 0.54 50.00  70.0  56.0,0.00 0.00 0.00 89.38 0.54 50.00 0.10 -14.44 6 63 6 63 70.0% 56.0% 350.000 0.000 0.00 -4.90 0.00  1.99 0.00 698.00 0.0% | 1200.00   20.00 HI -50.00 -50.00
2026-09-27T06:52:54.776,DEMO,DEMO,DEMO_MODE,0427e6a8ed5b4d0f92e17b614ed8f417,F1 :    700    2 0.10 -14.44 0.54 50.00  70.0  56.0,0.00 0.00 0.00 89.38 0.54 50.00 0.10 -14.44 6 63 6 63 70.0% 56.0% 350.000 0.000 0.00 -4.90 0.00  1.99 0.00 698.00 0.0% | 1200.00   20.00 HI -50.00 -50.00
2026-09-27T06:52:54.902,DEMO,DEMO,DEMO_MODE,0427e6a8ed5b4d0f92e17b614ed8f417,F1 :    700    2 0.10 -14.44 0.54 50.00  70.0  56.0,0.00 0.00 0.00 89.38 0.54 50.00 0.10 -14.44 6 63 6 63 70.0% 56.0% 350.000 0.000 0.00 -4.90 0.00  1.99 0.00 698.00 0.0% | 1200.00   20.00 HI -50.00 -50.00
2026-09-27T06:52:55.027,DEMO,DEMO,DEMO_MODE,0427e6a8ed5b4d0f92e17b614ed8f417,F1 :    700    2 0.10 -14.44 0.54 50.00  70.0  56.0,0.00 0.00 0.00 89.38 0.54 50.00 0.10 -14.44 6 63 6 63 70.0% 56.0% 350.000 0.000 0.00 -4.90 0.00  1.99 0.00 698.00 0.0% | 1200.00   20.00 HI -50.00 -50.00
2026-09-27T06:52:55.153,DEMO,DEMO,DEMO_MODE,0427e6a8ed5b4d0f92e17b614ed8f417,F1 :    700    2 0.10 -14.44 0.54 50.00  70.0  56.0,0.00 0.00 0.00 89.38 0.54 50.00 0.10 -14.44 6 63 6 63 70.0% 56.0% 350.000 0.000 0.00 -4.90 0.00  1.99 0.00 698.00 0.0% | 1200.00   20.00 HI -50.00 -50.00
2026-09-27T06:52:55.274,DEMO,DEMO,DEMO_MODE,0427e6a8ed5b4d0f92e17b614ed8f417,F1 :    700    2 0.10 -14.44 0.54 50.00  70.0  56.0,0.00 0.00 0.00 89.38 0.54 50.00 0.10 -14.44 6 63 6 63 70.0% 56.0% 350.000 0.000 0.00 -4.90 0.00  1.99 0.00 698.00 0.0% | 1200.00   20.00 HI -50.00 -50.00
2026-09-27T06:52:55.400,DEMO,DEMO,DEMO_MODE,0427e6a8ed5b4d0f92e17b614ed8f417,F1 :    700    2 0.10 -14.44 0.54 50.00  70.0  56.0,0.00 0.00 0.00 89.38 0.54 50.00 0.10 -14.44 6 63 6 63 70.0% 56.0% 350.000 0.000 0.00 -4.90 0.00  1.99 0.00 698.00 0.0% | 1200.00   20.00 HI -50.00 -50.00
2026-09-27T06:52:55.525,DEMO,DEMO,DEMO_MODE,0427e6a8ed5b4d0f92e17b614ed8f417,F1 :    700    2 0.10 -14.44 0.54 50.00  70.0  56.0,0.00 0.00 0.00 89.38 0.54 50.00 0.10 -14.44 6 63 6 63 70.0% 56.0% 350.000 0.000 0.00 -4.90 0.00  1.99 0.00 698.00 0.0% | 1200.00   20.00 HI -50.00 -50.00
2026-09-27T06:52:55.651,DEMO,DEMO,DEMO_MODE,0427e6a8ed5b4d0f92e17b614ed8f417,F1 :    700    2 0.10 -14.44 0.54 50.00  70.0  56.0,0.00 0.00 0.00 89.38 0.54 50.00 0.10 -14.44 6 63 6 63 70.0% 56.0% 350.000 0.000 0.00 -4.90 0.00  1.99 0.00 698.00 0.0% | 1200.00   20.00 HI -50.00 -50.00
2026-09-27T06:52:55.780,DEMO,DEMO,DEMO_MODE,0427e6a8ed5b4d0f92e17b614ed8f417,F1 :    700    2 0.10 -14.44 0.54 50.00  70.0  56.0,0.00 0.00 0.00 89.38 0.54 50.00 0.10 -14.44 6 63 6 63 70.0% 56.0% 350.000 0.000 0.00 -4.90 0.00  1.99 0.00 698.00 0.0% | 1200.00   20.00 HI -50.00 -50.00
2026-09-27T06:52:55.906,DEMO,DEMO,DEMO_MODE,0427e6a8ed5b4d0f92e17b614ed8f417,F1 :    700    2 0.10 -14.44 0.54 50.00  70.0  56.0,0.00 0.00 0.00 89.38 0.54 50.00 0.10 -14.44 6 63 6 63 70.0% 56.0% 350.000 0.000 0.00 -4.90 0.00  1.99 0.00 698.00 0.0% | 1200.00   20.00 HI -50.00 -50.00
2026-09-27T06:52:56.033,DEMO,DEMO,DEMO_MODE,0427e6a8ed5b4d0f92e17b614ed8f417,F1 :    700    2 0.10 -14.44 0.54 50.00  70.0  56.0,0.00 0.00 0.00 89.38 0.54 50.00 0.10 -14.44 6 63 6 63 70.0% 56.0% 350.000 0.000 0.00 -4.90 0.00  1.99 0.00 698.00 0.0% | 1200.00   20.00 HI -50.00 -50.00
2026-09-27T06:52:56.155,DEMO,DEMO,DEMO_MODE,0427e6a8ed5b4d0f92e17b614ed8f417,F1 :    700    2 0.10 -14.44 0.54 50.00  70.0  56.0,0.00 0.00 0.00 89.38 0.54 50.00 0.10 -14.44 6 63 6 63 70.0% 56.0% 350.000 0.000 0.00 -4.90 0.00  1.99 0.00 698.00 0.0% | 1200.00   20.00 HI -50.00 -50.00
2026-09-27T06:52:56.276,DEMO,DEMO,DEMO_MODE,0427e6a8ed5b4d0f92e17b614ed8f417,F1 :    700    3 0.10 -14.44 0.54 50.00  70.0  56.0,0.00 0.00 0.00 89.38 0.54 50.00 0.10 -14.44 6 63 6 63 70.0% 56.0% 350.000 0.000 0.00 -4.90 0.00  1.99 0.00 697.00 0.0% | 1200.00   20.00 HI -50.00 -50.00
2026-09-27T06:52:56.401,DEMO,DEMO,DEMO_MODE,0427e6a8ed5b4d0f92e17b614ed8f417,F1 :    700    3 0.10 -14.44 0.54 50.00  70.0  56.0,0.00 0.00 0.00 89.38 0.54 50.00 0.10 -14.44 6 63 6 63 70.0% 56.0% 350.000 0.000 0.00 -4.90 0.00  1.99 0.00 697.00 0.0% | 1200.00   20.00 HI -50.00 -50.00
2026-09-27T06:52:56.529,DEMO,DEMO,DEMO_MODE,0427e6a8ed5b4d0f92e17b614ed8f417,F1 :    700    3 0.10 -14.44 0.54 50.00  70.0  56.0,0.00 0.00 0.00 89.38 0.54 50.00 0.10 -14.44 6 63 6 63 70.0% 56.0% 350.000 0.000 0.00 -4.90 0.00  1.99 0.00 697.00 0.0% | 1200.00   20.00 HI -50.00 -50.00
2026-09-27T06:52:56.655,DEMO,DEMO,DEMO_MODE,0427e6a8ed5b4d0f92e17b614ed8f417,F1 :    700    3 0.10 -14.44 0.54 50.00  70.0  56.0,0.00 0.00 0.00 89.38 0.54 50.00 0.10 -14.44 6 63 6 63 70.0% 56.0% 350.000 0.000 0.00 -4.90 0.00  1.99 0.00 697.00 0.0% | 1200.00   20.00 HI -50.00 -50.00
2026-09-27T06:52:56.777,DEMO,DEMO,DEMO_MODE,0427e6a8ed5b4d0f92e17b614ed8f417,F1 :    700    3 0.10 -14.44 0.54 50.00  70.0  56.0,0.00 0.00 0.00 89.38 0.54 50.00 0.10 -14.44 6 63 6 63 70.0% 56.0% 350.000 0.000 0.00 -4.90 0.00  1.99 0.00 697.00 0.0% | 1200.00   20.00 HI -50.00 -50.00
2026-09-27T06:52:56.903,DEMO,DEMO,DEMO_MODE,0427e6a8ed5b4d0f92e17b614ed8f417,F1 :    700    3 0.10 -14.44 0.54 50.00  70.0  56.0,0.00 0.00 0.00 89.38 0.54 50.00 0.10 -14.44 6 63 6 63 70.0% 56.0% 350.000 0.000 0.00 -4.90 0.00  1.99 0.00 697.00 0.0% | 1200.00   20.00 HI -50.00 -50.00
2026-09-27T06:52:57.024,DEMO,DEMO,DEMO_MODE,0427e6a8ed5b4d0f92e17b614ed8f417,F1 :    700    3 0.10 -14.44 0.54 50.00  70.0  56.0,0.00 0.00 0.00 89.38 0.54 50.00 0.10 -14.44 6 63 6 63 70.0% 56.0% 350.000 0.000 0.00 -4.90 0.00  1.99 0.00 697.00 0.0% | 1200.00   20.00 HI -50.00 -50.00
2026-09-27T06:52:57.149,DEMO,DEMO,DEMO_MODE,0427e6a8ed5b4d0f92e17b614ed8f417,F1 :    700    3 0.10 -14.44 0.54 50.00  70.0  56.0,0.00 0.00 0.00 89.38 0.54 50.00 0.10 -14.44 6 63 6 63 70.0% 56.0% 350.000 0.000 0.00 -4.90 0.00  1.99 0.00 697.00 0.0% | 1200.00   20.00 HI -50.00 -50.00
2026-09-27T06:52:57.276,DEMO,DEMO,DEMO_MODE,0427e6a8ed5b4d0f92e17b614ed8f417,F1 :    700    3 0.10 -14.44 0.54 50.00  70.0  56.0,0.00 0.00 0.00 89.38 0.54 50.00 0.10 -14.44 6 63 6 63 70.0% 56.0% 350.000 0.000 0.00 -4.90 0.00  1.99 0.00 697.00 0.0% | 1200.00   20.00 HI -50.00 -50.00
2026-09-27T06:52:57.402,DEMO,DEMO,DEMO_MODE,0427e6a8ed5b4d0f92e17b614ed8f417,F1 :    700    3 0.10 -14.44 0.54 50.00  70.0  56.0,0.00 0.00 0.00 89.38 0.54 50.00 0.10 -14.44 6 63 6 63 70.0% 56.0% 350.000 0.000 0.00 -4.90 0.00  1.99 0.00 697.00 0.0% | 1200.00   20.00 HI -50.00 -50.00
2026-09-27T06:52:57.523,DEMO,DEMO,DEMO_MODE,0427e6a8ed5b4d0f92e17b614ed8f417,F1 :    700    3 0.10 -14.44 0.54 50.00  70.0  56.0,0.00 0.00 0.00 89.38 0.54 50.00 0.10 -14.44 6 63 6 63 70.0% 56.0% 350.000 0.000 0.00 -4.90 0.00  1.99 0.00 697.00 0.0% | 1200.00   20.00 HI -50.00 -50.00
2026-09-27T06:52:57.650,DEMO,DEMO,DEMO_MODE,0427e6a8ed5b4d0f92e17b614ed8f417,F1 :    700    3 0.10 -14.44 0.54 50.00  70.0  56.0,0.00 0.00 0.00 89.38 0.54 50.00 0.10 -14.44 6 63 6 63 70.0% 56.0% 350.000 0.000 0.00 -4.90 0.00  1.99 0.00 697.00 0.0% | 1200.00   20.00 HI -50.00 -50.00
2026-09-27T06:52:57.776,DEMO,DEMO,DEMO_MODE,0427e6a8ed5b4d0f92e17b614ed8f417,F1 :    700    3 0.10 -14.44 0.54 50.00  70.0  56.0,0.00 0.00 0.00 89.38 0.54 50.00 0.10 -14.44 6 63 6 63 70.0% 56.0% 350.000 0.000 0.00 -4.90 0.00  1.99 0.00 697.00 0.0% | 1200.00   20.00 HI -50.00 -50.00
2026-09-27T06:52:57.902,DEMO,DEMO,DEMO_MODE,0427e6a8ed5b4d0f92e17b614ed8f417,F1 :    700    3 0.10 -14.44 0.54 50.00  70.0  56.0,0.00 0.00 0.00 89.38 0.54 50.00 0.10 -14.44 6 63 6 63 70.0% 56.0% 350.000 0.000 0.00 -4.90 0.00  1.99 0.00 697.00 0.0% | 1200.00   20.00 HI -50.00 -50.00
2026-09-27T06:52:58.023,DEMO,DEMO,DEMO_MODE,0427e6a8ed5b4d0f92e17b614ed8f417,F1 :    700    3 0.10 -14.44 0.54 50.00  70.0  56.0,0.00 0.00 0.00 89.38 0.54 50.00 0.10 -14.44 6 63 6 63 70.0% 56.0% 350.000 0.000 0.00 -4.90 0.00  1.99 0.00 697.00 0.0% | 1200.00   20.00 HI -50.00 -50.00
2026-09-27T06:52:58.149,DEMO,DEMO,DEMO_MODE,0427e6a8ed5b4d0f92e17b614ed8f417,F1 :    700    3 0.10 -14.44 0.54 50.00  70.0  56.0,0.00 0.00 0.00 89.38 0.54 50.00 0.10 -14.44 6 63 6 63 70.0% 56.0% 350.000 0.000 0.00 -4.90 0.00  1.99 0.00 697.00 0.0% | 1200.00   20.00 HI -50.00 -50.00
2026-09-27T06:52:58.270,DEMO,DEMO,DEMO_MODE,0427e6a8ed5b4d0f92e17b614ed8f417,F1 :    700    3 0.10 -14.44 0.54 50.00  70.0  56.0,0.00 0.00 0.00 89.38 0.54 50.00 0.10 -14.44 6 63 6 63 70.0% 56.0% 350.000 0.000 0.00 -4.90 0.00  1.99 0.00 697.00 0.0% | 1200.00   20.00 HI -50.00 -50.00
2026-09-27T06:52:58.396,DEMO,DEMO,DEMO_MODE,0427e6a8ed5b4d0f92e17b614ed8f417,F1 :    700    3 0.10 -14.44 0.54 50.00  70.0  56.0,0.00 0.00 0.00 89.38 0.54 50.00 0.10 -14.44 6 63 6 63 70.0% 56.0% 350.000 0.000 0.00 -4.90 0.00  1.99 0.00 697.00 0.0% | 1200.00   20.00 HI -50.00 -50.00
2026-09-27T06:52:58.522,DEMO,DEMO,DEMO_MODE,0427e6a8ed5b4d0f92e17b614ed8f417,F1 :    700    3 0.10 -14.44 0.54 50.00  70.0  56.0,0.00 0.00 0.00 89.38 0.54 50.00 0.10 -14.44 6 63 6 63 70.0% 56.0% 350.000 0.000 0.00 -4.90 0.00  1.99 0.00 697.00 0.0% | 1200.00   20.00 HI -50.00 -50.00
2026-09-27T06:52:58.648,DEMO,DEMO,DEMO_MODE,0427e6a8ed5b4d0f92e17b614ed8f417,F1 :    700    3 0.10 -14.44 0.54 50.00  70.0  56.0,0.00 0.00 0.00 89.38 0.54 50.00 0.10 -14.44 6 63 6 63 70.0% 56.0% 350.000 0.000 0.00 -4.90 0.00  1.99 0.00 697.00 0.0% | 1200.00   20.00 HI -50.00 -50.00
2026-09-27T06:52:58.769,DEMO,DEMO,DEMO_MODE,0427e6a8ed5b4d0f92e17b614ed8f417,F1 :    700    3 0.10 -14.44 0.54 50.00  70.0  56.0,0.00 0.00 0.00 89.38 0.54 50.00 0.10 -14.44 6 63 6 63 70.0% 56.0% 350.000 0.000 0.00 -4.90 0.00  1.99 0.00 697.00 0.0% | 1200.00   20.00 HI -50.00 -50.00
2026-09-27T06:52:58.895,DEMO,DEMO,DEMO_MODE,0427e6a8ed5b4d0f92e17b614ed8f417,F1 :    700    3 0.10 -14.44 0.54 50.00  70.0  56.0,0.00 0.00 0.00 89.38 0.54 50.00 0.10 -14.44 6 63 6 63 70.0% 56.0% 350.000 0.000 0.00 -4.90 0.00  1.99 0.00 697.00 0.0% | 1200.00   20.00 HI -50.00 -50.00
2026-09-27T06:52:59.026,DEMO,DEMO,DEMO_MODE,0427e6a8ed5b4d0f92e17b614ed8f417,F1 :    700    3 0.10 -14.44 0.54 50.00  70.0  56.0,0.00 0.00 0.00 89.38 0.54 50.00 0.10 -14.44 6 63 6 63 70.0% 56.0% 350.000 0.000 0.00 -4.90 0.00  1.99 0.00 697.00 0.0% | 1200.00   20.00 HI -50.00 -50.00
2026-09-27T06:52:59.152,DEMO,DEMO,DEMO_MODE,0427e6a8ed5b4d0f92e17b614ed8f417,F1 :    700    3 0.10 -14.44 0.54 50.00  70.0  56.0,0.00 0.00 0.00 89.38 0.54 50.00 0.10 -14.44 6 63 6 63 70.0% 56.0% 350.000 0.000 0.00 -4.90 0.00  1.99 0.00 697.00 0.0% | 1200.00   20.00 HI -50.00 -50.00
2026-09-27T06:52:59.273,DEMO,DEMO,DEMO_MODE,0427e6a8ed5b4d0f92e17b614ed8f417,F1 :    700    3 0.10 -14.44 0.54 50.00  70.0  56.0,0.00 0.00 0.00 89.38 0.54 50.00 0.10 -14.44 6 63 6 63 70.0% 56.0% 350.000 0.000 0.00 -4.90 0.00  1.99 0.00 697.00 0.0% | 1200.00   20.00 HI -50.00 -50.00
2026-09-27T06:52:59.399,DEMO,DEMO,DEMO_MODE,0427e6a8ed5b4d0f92e17b614ed8f417,F1 :    700    3 0.10 -14.44 0.54 50.00  70.0  60.0,0.00 0.00 0.00 89.38 0.54 50.00 0.10 -14.44 6 63 6 63 70.0% 60.0% 350.000 0.000 0.00 -4.90 0.00  1.99 0.00 697.00 0.0% | 1200.00   20.00 HI -50.00 -50.00
2026-09-27T06:52:59.537,DEMO,DEMO,DEMO_MODE,0427e6a8ed5b4d0f92e17b614ed8f417,F1 :    700    3 0.10 -14.44 0.54 50.00  70.0  60.0,0.00 0.00 0.00 89.38 0.54 50.00 0.10 -14.44 6 63 6 63 70.0% 60.0% 350.000 0.000 0.00 -4.90 0.00  1.99 0.00 697.00 0.0% | 1200.00   20.00 HI -50.00 -50.00
2026-09-27T06:52:59.663,DEMO,DEMO,DEMO_MODE,0427e6a8ed5b4d0f92e17b614ed8f417,F1 :    700    3 0.10 -14.44 0.54 50.00  70.0  60.0,0.00 0.00 0.00 89.38 0.54 50.00 0.10 -14.44 6 63 6 63 70.0% 60.0% 350.000 0.000 0.00 -4.90 0.00  1.99 0.00 697.00 0.0% | 1200.00   20.00 HI -50.00 -50.00
2026-09-27T06:52:59.783,DEMO,DEMO,DEMO_MODE,0427e6a8ed5b4d0f92e17b614ed8f417,F1 :    700    3 0.10 -14.44 0.54 50.00  70.0  60.0,0.00 0.00 0.00 89.38 0.54 50.00 0.10 -14.44 6 63 6 63 70.0% 60.0% 350.000 0.000 0.00 -4.90 0.00  1.99 0.00 697.00 0.0% | 1200.00   20.00 HI -50.00 -50.00
2026-09-27T06:52:59.908,DEMO,DEMO,DEMO_MODE,0427e6a8ed5b4d0f92e17b614ed8f417,F1 :    700    3 0.10 -14.44 0.54 50.00  70.0  60.0,0.00 0.00 0.00 89.38 0.54 50.00 0.10 -14.44 6 63 6 63 70.0% 60.0% 350.000 0.000 0.00 -4.90 0.00  1.99 0.00 697.00 0.0% | 1200.00   20.00 HI -50.00 -50.00
2026-09-27T06:53:00.035,DEMO,DEMO,DEMO_MODE,0427e6a8ed5b4d0f92e17b614ed8f417,F1 :    700    3 0.10 -14.44 0.54 50.00  70.0  60.0,0.00 0.00 0.00 89.38 0.54 50.00 0.10 -14.44 6 63 6 63 70.0% 60.0% 350.000 0.000 0.00 -4.90 0.00  1.99 0.00 697.00 0.0% | 1200.00   20.00 HI -50.00 -50.00
2026-09-27T06:53:00.161,DEMO,DEMO,DEMO_MODE,0427e6a8ed5b4d0f92e17b614ed8f417,F1 :    700    3 0.10 -14.44 0.54 50.00  70.0  60.0,0.00 0.00 0.00 89.38 0.54 50.00 0.10 -14.44 6 63 6 63 70.0% 60.0% 350.000 0.000 0.00 -4.90 0.00  1.99 0.00 697.00 0.0% | 1200.00   20.00 HI -50.00 -50.00
2026-09-27T06:53:00.282,DEMO,DEMO,DEMO_MODE,0427e6a8ed5b4d0f92e17b614ed8f417,F1 :    700    3 0.10 -14.44 0.54 50.00  70.0  60.0,0.00 0.00 0.00 89.38 0.54 50.00 0.10 -14.44 6 63 6 63 70.0% 60.0% 350.000 0.000 0.00 -4.90 0.00  1.99 0.00 697.00 0.0% | 1200.00   20.00 HI -50.00 -50.00
2026-09-27T06:53:00.408,DEMO,DEMO,DEMO_MODE,0427e6a8ed5b4d0f92e17b614ed8f417,F1 :    700    3 0.10 -14.44 0.54 50.00  70.0  60.0,0.00 0.00 0.00 89.38 0.54 50.00 0.10 -14.44 6 63 6 63 70.0% 60.0% 350.000 0.000 0.00 -4.90 0.00  1.99 0.00 697.00 0.0% | 1200.00   20.00 HI -50.00 -50.00
2026-09-27T06:53:00.529,DEMO,DEMO,DEMO_MODE,0427e6a8ed5b4d0f92e17b614ed8f417,F1 :    700    3 0.10 -14.44 0.54 50.00  70.0  60.0,0.00 0.00 0.00 89.38 0.54 50.00 0.10 -14.44 6 63 6 63 70.0% 60.0% 350.000 0.000 0.00 -4.90 0.00  1.99 0.00 697.00 0.0% | 1200.00   20.00 HI -50.00 -50.00
2026-09-27T06:53:00.655,DEMO,DEMO,DEMO_MODE,0427e6a8ed5b4d0f92e17b614ed8f417,F1 :    700    3 0.10 -14.44 0.54 50.00  70.0  60.0,0.00 0.00 0.00 89.38 0.54 50.00 0.10 -14.44 6 63 6 63 70.0% 60.0% 350.000 0.000 0.00 -4.90 0.00  1.99 0.00 697.00 0.0% | 1200.00   20.00 HI -50.00 -50.00
2026-09-27T06:53:00.777,DEMO,DEMO,DEMO_MODE,0427e6a8ed5b4d0f92e17b614ed8f417,F1 :    700    3 0.10 -14.44 0.54 50.00  70.0  60.0,0.00 0.00 0.00 89.38 0.54 50.00 0.10 -14.44 6 63 6 63 70.0% 60.0% 350.000 0.000 0.00 -4.90 0.00  1.99 0.00 697.00 0.0% | 1200.00   20.00 HI -50.00 -50.00
2026-09-27T06:53:00.903,DEMO,DEMO,DEMO_MODE,0427e6a8ed5b4d0f92e17b614ed8f417,F1 :    700    3 0.10 -14.44 0.54 50.00  70.0  60.0,0.00 0.00 0.00 89.38 0.54 50.00 0.10 -14.44 6 63 6 63 70.0% 60.0% 350.000 0.000 0.00 -4.90 0.00  1.99 0.00 697.00 0.0% | 1200.00   20.00 HI -50.00 -50.00
2026-09-27T06:53:01.024,DEMO,DEMO,DEMO_MODE,0427e6a8ed5b4d0f92e17b614ed8f417,F1 :    700    3 0.10 -14.44 0.54 50.00  70.0  60.0,0.00 0.00 0.00 89.38 0.54 50.00 0.10 -14.44 6 63 6 63 70.0% 60.0% 350.000 0.000 0.00 -4.90 0.00  1.99 0.00 697.00 0.0% | 1200.00   20.00 HI -50.00 -50.00
2026-09-27T06:53:01.150,DEMO,DEMO,DEMO_MODE,0427e6a8ed5b4d0f92e17b614ed8f417,F1 :    700    3 0.10 -14.44 0.54 50.00  70.0  60.0,0.00 0.00 0.00 89.38 0.54 50.00 0.10 -14.44 6 63 6 63 70.0% 60.0% 350.000 0.000 0.00 -4.90 0.00  1.99 0.00 697.00 0.0% | 1200.00   20.00 HI -50.00 -50.00
2026-09-27T06:53:01.282,DEMO,DEMO,DEMO_MODE,0427e6a8ed5b4d0f92e17b614ed8f417,F1 :    700    3 0.10 -14.44 0.54 50.00  70.0  60.0,0.00 0.00 0.00 89.38 0.54 50.00 0.10 -14.44 6 63 6 63 70.0% 60.0% 350.000 0.000 0.00 -4.90 0.00  1.99 0.00 697.00 0.0% | 1200.00   20.00 HI -50.00 -50.00
2026-09-27T06:53:01.408,DEMO,DEMO,DEMO_MODE,0427e6a8ed5b4d0f92e17b614ed8f417,F1 :    700    3 0.10 -14.44 0.54 50.00  70.0  60.0,0.00 0.00 0.00 89.38 0.54 50.00 0.10 -14.44 6 63 6 63 70.0% 60.0% 350.000 0.000 0.00 -4.90 0.00  1.99 0.00 697.00 0.0% | 1200.00   20.00 HI -50.00 -50.00
2026-09-27T06:53:01.534,DEMO,DEMO,DEMO_MODE,0427e6a8ed5b4d0f92e17b614ed8f417,F1 :    700    3 0.10 -14.44 0.54 50.00  70.0  60.0,0.00 0.00 0.00 89.38 0.54 50.00 0.10 -14.44 6 63 6 63 70.0% 60.0% 350.000 0.000 0.00 -4.90 0.00  1.99 0.00 697.00 0.0% | 1200.00   20.00 HI -50.00 -50.00
2026-09-27T06:53:01.661,DEMO,DEMO,DEMO_MODE,0427e6a8ed5b4d0f92e17b614ed8f417,F1 :    700    3 0.10 -14.44 0.54 50.00  70.0  60.0,0.00 0.00 0.00 89.38 0.54 50.00 0.10 -14.44 6 63 6 63 70.0% 60.0% 350.000 0.000 0.00 -4.90 0.00  1.99 0.00 697.00 0.0% | 1200.00   20.00 HI -50.00 -50.00
2026-09-27T06:53:01.792,DEMO,DEMO,DEMO_MODE,0427e6a8ed5b4d0f92e17b614ed8f417,F1 :    700    3 0.10 -14.44 0.54 50.00  70.0  60.0,0.00 0.00 0.00 89.38 0.54 50.00 0.10 -14.44 6 63 6 63 70.0% 60.0% 350.000 0.000 0.00 -4.90 0.00  1.99 0.00 697.00 0.0% | 1200.00   20.00 HI -50.00 -50.00
2026-09-27T06:53:01.917,DEMO,DEMO,DEMO_MODE,0427e6a8ed5b4d0f92e17b614ed8f417,F1 :    700    3 0.10 -14.44 0.54 50.00  70.0  60.0,0.00 0.00 0.00 89.38 0.54 50.00 0.10 -14.44 6 63 6 63 70.0% 60.0% 350.000 0.000 0.00 -4.90 0.00  1.99 0.00 697.00 0.0% | 1200.00   20.00 HI -50.00 -50.00
2026-09-27T06:53:02.037,DEMO,DEMO,DEMO_MODE,0427e6a8ed5b4d0f92e17b614ed8f417,F1 :    700    3 0.10 -14.44 0.54 50.00  70.0  60.0,0.00 0.00 0.00 89.38 0.54 50.00 0.10 -14.44 6 63 6 63 70.0% 60.0% 350.000 0.000 0.00 -4.90 0.00  1.99 0.00 697.00 0.0% | 1200.00   20.00 HI -50.00 -50.00
2026-09-27T06:53:02.163,DEMO,DEMO,DEMO_MODE,0427e6a8ed5b4d0f92e17b614ed8f417,F1 :    700    3 0.10 -14.44 0.54 50.00  70.0  60.0,0.00 0.00 0.00 89.38 0.54 50.00 0.10 -14.44 6 63 6 63 70.0% 60.0% 350.000 0.000 0.00 -4.90 0.00  1.99 0.00 697.00 0.0% | 1200.00   20.00 HI -50.00 -50.00
2026-09-27T06:53:02.284,DEMO,DEMO,DEMO_MODE,0427e6a8ed5b4d0f92e17b614ed8f417,F1 :    700    3 0.10 -14.44 0.54 50.00  70.0  60.0,0.00 0.00 0.00 89.38 0.54 50.00 0.10 -14.44 6 63 6 63 70.0% 60.0% 350.000 0.000 0.00 -4.90 0.00  1.99 0.00 697.00 0.0% | 1200.00   20.00 HI -50.00 -50.00
2026-09-27T06:53:02.409,DEMO,DEMO,DEMO_MODE,0427e6a8ed5b4d0f92e17b614ed8f417,F1 :    700    3 0.10 -14.44 0.54 50.00  70.0  60.0,0.00 0.00 0.00 89.38 0.54 50.00 0.10 -14.44 6 63 6 63 70.0% 60.0% 350.000 0.000 0.00 -4.90 0.00  1.99 0.00 697.00 0.0% | 1200.00   20.00 HI -50.00 -50.00
2026-09-27T06:53:02.529,DEMO,DEMO,DEMO_MODE,0427e6a8ed5b4d0f92e17b614ed8f417,F1 :    700    3 0.10 -14.44 0.54 50.00  70.0  60.0,0.00 0.00 0.00 89.38 0.54 50.00 0.10 -14.44 6 63 6 63 70.0% 60.0% 350.000 0.000 0.00 -4.90 0.00  1.99 0.00 697.00 0.0% | 1200.00   20.00 HI -50.00 -50.00
2026-09-27T06:53:02.655,DEMO,DEMO,DEMO_MODE,0427e6a8ed5b4d0f92e17b614ed8f417,F1 :    700    3 0.10 -14.44 0.54 50.00  70.0  60.0,0.00 0.00 0.00 89.38 0.54 50.00 0.10 -14.44 6 63 6 63 70.0% 60.0% 350.000 0.000 0.00 -4.90 0.00  1.99 0.00 697.00 0.0% | 1200.00   20.00 HI -50.00 -50.00
2026-09-27T06:53:02.776,DEMO,DEMO,DEMO_MODE,0427e6a8ed5b4d0f92e17b614ed8f417,F1 :    700    3 0.10 -14.44 0.54 50.00  70.0  60.0,0.00 0.00 0.00 89.38 0.54 50.00 0.10 -14.44 6 63 6 63 70.0% 60.0% 350.000 0.000 0.00 -4.90 0.00  1.99 0.00 697.00 0.0% | 1200.00   20.00 HI -50.00 -50.00
2026-09-27T06:53:02.903,DEMO,DEMO,DEMO_MODE,0427e6a8ed5b4d0f92e17b614ed8f417,F1 :    700    3 0.10 -14.44 0.54 50.00  70.0  60.0,0.00 0.00 0.00 89.38 0.54 50.00 0.10 -14.44 6 63 6 63 70.0% 60.0% 350.000 0.000 0.00 -4.90 0.00  1.99 0.00 697.00 0.0% | 1200.00   20.00 HI -50.00 -50.00
2026-09-27T06:53:03.024,DEMO,DEMO,DEMO_MODE,0427e6a8ed5b4d0f92e17b614ed8f417,F1 :    700    3 0.10 -14.44 0.54 50.00  70.0  60.0,0.00 0.00 0.00 89.38 0.54 50.00 0.10 -14.44 6 63 6 63 70.0% 60.0% 350.000 0.000 0.00 -4.90 0.00  1.99 0.00 697.00 0.0% | 1200.00   20.00 HI -50.00 -50.00
2026-09-27T06:53:03.151,DEMO,DEMO,DEMO_MODE,0427e6a8ed5b4d0f92e17b614ed8f417,F1 :    700    3 0.10 -14.44 0.54 50.00  70.0  60.0,0.00 0.00 0.00 89.38 0.54 50.00 0.10 -14.44 6 63 6 63 70.0% 60.0% 350.000 0.000 0.00 -4.90 0.00  1.99 0.00 697.00 0.0% | 1200.00   20.00 HI -50.00 -50.00
2026-09-27T06:53:03.282,DEMO,DEMO,DEMO_MODE,0427e6a8ed5b4d0f92e17b614ed8f417,F1 :    700    3 0.10 -14.44 0.54 50.00  70.0  60.0,0.00 0.00 0.00 89.38 0.54 50.00 0.10 -14.44 6 63 6 63 70.0% 60.0% 350.000 0.000 0.00 -4.90 0.00  1.99 0.00 697.00 0.0% | 1200.00   20.00 HI -50.00 -50.00
2026-09-27T06:53:03.408,DEMO,DEMO,DEMO_MODE,0427e6a8ed5b4d0f92e17b614ed8f417,F1 :    700    3 0.10 -14.44 0.54 50.00  70.0  60.0,0.00 0.00 0.00 89.38 0.54 50.00 0.10 -14.44 6 63 6 63 70.0% 60.0% 350.000 0.000 0.00 -4.90 0.00  1.99 0.00 697.00 0.0% | 1200.00   20.00 HI -50.00 -50.00
2026-09-27T06:53:03.528,DEMO,DEMO,DEMO_MODE,0427e6a8ed5b4d0f92e17b614ed8f417,F1 :    700    3 0.10 -14.44 0.54 50.00  70.0  60.0,0.00 0.00 0.00 89.38 0.54 50.00 0.10 -14.44 6 63 6 63 70.0% 60.0% 350.000 0.000 0.00 -4.90 0.00  1.99 0.00 697.00 0.0% | 1200.00   20.00 HI -50.00 -50.00
2026-09-27T06:53:03.655,DEMO,DEMO,DEMO_MODE,0427e6a8ed5b4d0f92e17b614ed8f417,F1 :    700    3 0.10 -14.44 0.54 50.00  70.0  60.0,0.00 0.00 0.00 89.38 0.54 50.00 0.10 -14.44 6 63 6 63 70.0% 60.0% 350.000 0.000 0.00 -4.90 0.00  1.99 0.00 697.00 0.0% | 1200.00   20.00 HI -50.00 -50.00
2026-09-27T06:53:03.775,DEMO,DEMO,DEMO_MODE,0427e6a8ed5b4d0f92e17b614ed8f417,F1 :    700    3 0.10 -14.44 0.54 50.00  70.0  60.0,0.00 0.00 0.00 89.38 0.54 50.00 0.10 -14.44 6 63 6 63 70.0% 60.0% 350.000 0.000 0.00 -4.90 0.00  1.99 0.00 697.00 0.0% | 1200.00   20.00 HI -50.00 -50.00
2026-09-27T06:53:03.902,DEMO,DEMO,DEMO_MODE,0427e6a8ed5b4d0f92e17b614ed8f417,F1 :    700    3 0.10 -14.44 0.54 50.00  70.0  60.0,0.00 0.00 0.00 89.38 0.54 50.00 0.10 -14.44 6 63 6 63 70.0% 60.0% 350.000 0.000 0.00 -4.90 0.00  1.99 0.00 697.00 0.0% | 1200.00   20.00 HI -50.00 -50.00
2026-09-27T06:53:04.028,DEMO,DEMO,DEMO_MODE,0427e6a8ed5b4d0f92e17b614ed8f417,F1 :    700    3 0.10 -14.44 0.54 50.00  70.0  60.0,0.00 0.00 0.00 89.38 0.54 50.00 0.10 -14.44 6 63 6 63 70.0% 60.0% 350.000 0.000 0.00 -4.90 0.00  1.99 0.00 697.00 0.0% | 1200.00   20.00 HI -50.00 -50.00
2026-09-27T06:53:04.155,DEMO,DEMO,DEMO_MODE,0427e6a8ed5b4d0f92e17b614ed8f417,F1 :    700    3 0.10 -14.44 0.54 50.00  70.0  60.0,0.00 0.00 0.00 89.38 0.54 50.00 0.10 -14.44 6 63 6 63 70.0% 60.0% 350.000 0.000 0.00 -4.90 0.00  1.99 0.00 697.00 0.0% | 1200.00   20.00 HI -50.00 -50.00
2026-09-27T06:53:04.276,DEMO,DEMO,DEMO_MODE,0427e6a8ed5b4d0f92e17b614ed8f417,F1 :    700    3 0.10 -14.44 0.54 50.00  70.0  60.0,0.00 0.00 0.00 89.38 0.54 50.00 0.10 -14.44 6 63 6 63 70.0% 60.0% 350.000 0.000 0.00 -4.90 0.00  1.99 0.00 697.00 0.0% | 1200.00   20.00 HI -50.00 -50.00
2026-09-27T06:53:04.401,DEMO,DEMO,DEMO_MODE,0427e6a8ed5b4d0f92e17b614ed8f417,F1 :    700    3 0.10 -14.44 0.54 50.00  70.0  60.0,0.00 0.00 0.00 89.38 0.54 50.00 0.10 -14.44 6 63 6 63 70.0% 60.0% 350.000 0.000 0.00 -4.90 0.00  1.99 0.00 697.00 0.0% | 1200.00   20.00 HI -50.00 -50.00
2026-09-27T06:53:04.521,DEMO,DEMO,DEMO_MODE,0427e6a8ed5b4d0f92e17b614ed8f417,F1 :    700    3 0.10 -14.44 0.54 50.00  70.0  60.0,0.00 0.00 0.00 89.38 0.54 50.00 0.10 -14.44 6 63 6 63 70.0% 60.0% 350.000 0.000 0.00 -4.90 0.00  1.99 0.00 697.00 0.0% | 1200.00   20.00 HI -50.00 -50.00
2026-09-27T06:53:04.648,DEMO,DEMO,DEMO_MODE,0427e6a8ed5b4d0f92e17b614ed8f417,F1 :    800    3 0.10 -14.44 0.54 50.00  80.0  64.0,0.00 0.00 0.00 89.38 0.54 50.00 0.10 -14.44 6 63 6 63 80.0% 64.0% 400.000 0.000 0.00 -4.90 0.00  1.99 0.00 797.00 0.0% | 1200.00   30.00 HI -50.00 -50.00
2026-09-27T06:53:04.769,DEMO,DEMO,DEMO_MODE,0427e6a8ed5b4d0f92e17b614ed8f417,F1 :    800    3 0.10 -14.44 0.54 50.00  80.0  64.0,0.00 0.00 0.00 89.38 0.54 50.00 0.10 -14.44 6 63 6 63 80.0% 64.0% 400.000 0.000 0.00 -4.90 0.00  1.99 0.00 797.00 0.0% | 1200.00   30.00 HI -50.00 -50.00
2026-09-27T06:53:04.895,DEMO,DEMO,DEMO_MODE,0427e6a8ed5b4d0f92e17b614ed8f417,F1 :    800    3 0.10 -14.44 0.54 50.00  80.0  64.0,0.00 0.00 0.00 89.38 0.54 50.00 0.10 -14.44 6 63 6 63 80.0% 64.0% 400.000 0.000 0.00 -4.90 0.00  1.99 0.00 797.00 0.0% | 1200.00   30.00 HI -50.00 -50.00
2026-09-27T06:53:05.016,DEMO,DEMO,DEMO_MODE,0427e6a8ed5b4d0f92e17b614ed8f417,F1 :    800    3 0.10 -14.44 0.54 50.00  80.0  64.0,0.00 0.00 0.00 89.38 0.54 50.00 0.10 -14.44 6 63 6 63 80.0% 64.0% 400.000 0.000 0.00 -4.90 0.00  1.99 0.00 797.00 0.0% | 1200.00   30.00 HI -50.00 -50.00
2026-09-27T06:53:05.142,DEMO,DEMO,DEMO_MODE,0427e6a8ed5b4d0f92e17b614ed8f417,F1 :    800    3 0.10 -14.44 0.54 50.00  80.0  64.0,0.00 0.00 0.00 89.38 0.54 50.00 0.10 -14.44 6 63 6 63 80.0% 64.0% 400.000 0.000 0.00 -4.90 0.00  1.99 0.00 797.00 0.0% | 1200.00   30.00 HI -50.00 -50.00
2026-09-27T06:53:05.268,DEMO,DEMO,DEMO_MODE,0427e6a8ed5b4d0f92e17b614ed8f417,F1 :    800    3 0.10 -14.44 0.54 50.00  80.0  64.0,0.00 0.00 0.00 89.38 0.54 50.00 0.10 -14.44 6 63 6 63 80.0% 64.0% 400.000 0.000 0.00 -4.90 0.00  1.99 0.00 797.00 0.0% | 1200.00   30.00 HI -50.00 -50.00
2026-09-27T06:53:05.394,DEMO,DEMO,DEMO_MODE,0427e6a8ed5b4d0f92e17b614ed8f417,F1 :    800    3 0.10 -14.44 0.54 50.00  80.0  64.0,0.00 0.00 0.00 89.38 0.54 50.00 0.10 -14.44 6 63 6 63 80.0% 64.0% 400.000 0.000 0.00 -4.90 0.00  1.99 0.00 797.00 0.0% | 1200.00   30.00 HI -50.00 -50.00
2026-09-27T06:53:05.515,DEMO,DEMO,DEMO_MODE,0427e6a8ed5b4d0f92e17b614ed8f417,F1 :    800    3 0.10 -14.44 0.54 50.00  80.0  64.0,0.00 0.00 0.00 89.38 0.54 50.00 0.10 -14.44 6 63 6 63 80.0% 64.0% 400.000 0.000 0.00 -4.90 0.00  1.99 0.00 797.00 0.0% | 1200.00   30.00 HI -50.00 -50.00
2026-09-27T06:53:05.640,DEMO,DEMO,DEMO_MODE,0427e6a8ed5b4d0f92e17b614ed8f417,F1 :    800    4 0.10 -14.44 0.54 50.00  80.0  64.0,0.00 0.00 0.00 89.38 0.54 50.00 0.10 -14.44 6 63 6 63 80.0% 64.0% 400.000 0.000 0.00 -4.90 0.00  1.99 0.00 796.00 0.0% | 1200.00   30.00 HI -50.00 -50.00
2026-09-27T06:53:05.772,DEMO,DEMO,DEMO_MODE,0427e6a8ed5b4d0f92e17b614ed8f417,F1 :    800    4 0.10 -14.44 0.54 50.00  80.0  64.0,0.00 0.00 0.00 89.38 0.54 50.00 0.10 -14.44 6 63 6 63 80.0% 64.0% 400.000 0.000 0.00 -4.90 0.00  1.99 0.00 796.00 0.0% | 1200.00   30.00 HI -50.00 -50.00
2026-09-27T06:53:05.899,DEMO,DEMO,DEMO_MODE,0427e6a8ed5b4d0f92e17b614ed8f417,F1 :    800    4 0.10 -14.44 0.54 50.00  80.0  64.0,0.00 0.00 0.00 89.38 0.54 50.00 0.10 -14.44 6 63 6 63 80.0% 64.0% 400.000 0.000 0.00 -4.90 0.00  1.99 0.00 796.00 0.0% | 1200.00   30.00 HI -50.00 -50.00
2026-09-27T06:53:06.019,DEMO,DEMO,DEMO_MODE,0427e6a8ed5b4d0f92e17b614ed8f417,F1 :    800    4 0.10 -14.44 0.54 50.00  80.0  64.0,0.00 0.00 0.00 89.38 0.54 50.00 0.10 -14.44 6 63 6 63 80.0% 64.0% 400.000 0.000 0.00 -4.90 0.00  1.99 0.00 796.00 0.0% | 1200.00   30.00 HI -50.00 -50.00
2026-09-27T06:53:06.145,DEMO,DEMO,DEMO_MODE,0427e6a8ed5b4d0f92e17b614ed8f417,F1 :    800    4 0.10 -14.44 0.54 50.00  80.0  64.0,0.00 0.00 0.00 89.38 0.54 50.00 0.10 -14.44 6 63 6 63 80.0% 64.0% 400.000 0.000 0.00 -4.90 0.00  1.99 0.00 796.00 0.0% | 1200.00   30.00 HI -50.00 -50.00
2026-09-27T06:53:06.266,DEMO,DEMO,DEMO_MODE,0427e6a8ed5b4d0f92e17b614ed8f417,F1 :    800    4 0.10 -14.44 0.54 50.00  80.0  64.0,0.00 0.00 0.00 89.38 0.54 50.00 0.10 -14.44 6 63 6 63 80.0% 64.0% 400.000 0.000 0.00 -4.90 0.00  1.99 0.00 796.00 0.0% | 1200.00   30.00 HI -50.00 -50.00
2026-09-27T06:53:06.392,DEMO,DEMO,DEMO_MODE,0427e6a8ed5b4d0f92e17b614ed8f417,F1 :    800    4 0.10 -14.44 0.54 50.00  80.0  64.0,0.00 0.00 0.00 89.38 0.54 50.00 0.10 -14.44 6 63 6 63 80.0% 64.0% 400.000 0.000 0.00 -4.90 0.00  1.99 0.00 796.00 0.0% | 1200.00   30.00 HI -50.00 -50.00
2026-09-27T06:53:06.524,DEMO,DEMO,DEMO_MODE,0427e6a8ed5b4d0f92e17b614ed8f417,F1 :    800    4 0.10 -14.44 0.54 50.00  80.0  64.0,0.00 0.00 0.00 89.38 0.54 50.00 0.10 -14.44 6 63 6 63 80.0% 64.0% 400.000 0.000 0.00 -4.90 0.00  1.99 0.00 796.00 0.0% | 1200.00   30.00 HI -50.00 -50.00
2026-09-27T06:53:06.649,DEMO,DEMO,DEMO_MODE,0427e6a8ed5b4d0f92e17b614ed8f417,F1 :    800    4 0.10 -14.44 0.54 50.00  80.0  64.0,0.00 0.00 0.00 89.38 0.54 50.00 0.10 -14.44 6 63 6 63 80.0% 64.0% 400.000 0.000 0.00 -4.90 0.00  1.99 0.00 796.00 0.0% | 1200.00   30.00 HI -50.00 -50.00
2026-09-27T06:53:06.775,DEMO,DEMO,DEMO_MODE,0427e6a8ed5b4d0f92e17b614ed8f417,F1 :    800    4 0.10 -14.44 0.54 50.00  80.0  64.0,0.00 0.00 0.00 89.38 0.54 50.00 0.10 -14.44 6 63 6 63 80.0% 64.0% 400.000 0.000 0.00 -4.90 0.00  1.99 0.00 796.00 0.0% | 1200.00   30.00 HI -50.00 -50.00
2026-09-27T06:53:06.902,DEMO,DEMO,DEMO_MODE,0427e6a8ed5b4d0f92e17b614ed8f417,F1 :    800    4 0.10 -14.44 0.54 50.00  80.0  64.0,0.00 0.00 0.00 89.38 0.54 50.00 0.10 -14.44 6 63 6 63 80.0% 64.0% 400.000 0.000 0.00 -4.90 0.00  1.99 0.00 796.00 0.0% | 1200.00   30.00 HI -50.00 -50.00
2026-09-27T06:53:07.029,DEMO,DEMO,DEMO_MODE,0427e6a8ed5b4d0f92e17b614ed8f417,F1 :    800    4 0.10 -14.44 0.54 50.00  80.0  64.0,0.00 0.00 0.00 89.38 0.54 50.00 0.10 -14.44 6 63 6 63 80.0% 64.0% 400.000 0.000 0.00 -4.90 0.00  1.99 0.00 796.00 0.0% | 1200.00   30.00 HI -50.00 -50.00
2026-09-27T06:53:07.155,DEMO,DEMO,DEMO_MODE,0427e6a8ed5b4d0f92e17b614ed8f417,F1 :    800    4 0.10 -14.44 0.54 50.00  80.0  64.0,0.00 0.00 0.00 89.38 0.54 50.00 0.10 -14.44 6 63 6 63 80.0% 64.0% 400.000 0.000 0.00 -4.90 0.00  1.99 0.00 796.00 0.0% | 1200.00   30.00 HI -50.00 -50.00
2026-09-27T06:53:07.275,DEMO,DEMO,DEMO_MODE,0427e6a8ed5b4d0f92e17b614ed8f417,F1 :    800    4 0.10 -14.44 0.54 50.00  80.0  64.0,0.00 0.00 0.00 89.38 0.54 50.00 0.10 -14.44 6 63 6 63 80.0% 64.0% 400.000 0.000 0.00 -4.90 0.00  1.99 0.00 796.00 0.0% | 1200.00   30.00 HI -50.00 -50.00
2026-09-27T06:53:07.401,DEMO,DEMO,DEMO_MODE,0427e6a8ed5b4d0f92e17b614ed8f417,F1 :    800    4 0.10 -14.44 0.54 50.00  80.0  64.0,0.00 0.00 0.00 89.38 0.54 50.00 0.10 -14.44 6 63 6 63 80.0% 64.0% 400.000 0.000 0.00 -4.90 0.00  1.99 0.00 796.00 0.0% | 1200.00   30.00 HI -50.00 -50.00
2026-09-27T06:53:07.522,DEMO,DEMO,DEMO_MODE,0427e6a8ed5b4d0f92e17b614ed8f417,F1 :    800    4 0.10 -14.44 0.54 50.00  80.0  64.0,0.00 0.00 0.00 89.38 0.54 50.00 0.10 -14.44 6 63 6 63 80.0% 64.0% 400.000 0.000 0.00 -4.90 0.00  1.99 0.00 796.00 0.0% | 1200.00   30.00 HI -50.00 -50.00
2026-09-27T06:53:07.649,DEMO,DEMO,DEMO_MODE,0427e6a8ed5b4d0f92e17b614ed8f417,F1 :    800    4 0.10 -14.44 0.54 50.00  80.0  64.0,0.00 0.00 0.00 89.38 0.54 50.00 0.10 -14.44 6 63 6 63 80.0% 64.0% 400.000 0.000 0.00 -4.90 0.00  1.99 0.00 796.00 0.0% | 1200.00   30.00 HI -50.00 -50.00
2026-09-27T06:53:07.778,DEMO,DEMO,DEMO_MODE,0427e6a8ed5b4d0f92e17b614ed8f417,F1 :    800    4 0.10 -14.44 0.54 50.00  80.0  64.0,0.00 0.00 0.00 89.38 0.54 50.00 0.10 -14.44 6 63 6 63 80.0% 64.0% 400.000 0.000 0.00 -4.90 0.00  1.99 0.00 796.00 0.0% | 1200.00   30.00 HI -50.00 -50.00
2026-09-27T06:53:07.904,DEMO,DEMO,DEMO_MODE,0427e6a8ed5b4d0f92e17b614ed8f417,F1 :    800    4 0.10 -14.44 0.54 50.00  80.0  64.0,0.00 0.00 0.00 89.38 0.54 50.00 0.10 -14.44 6 63 6 63 80.0% 64.0% 400.000 0.000 0.00 -4.90 0.00  1.99 0.00 796.00 0.0% | 1200.00   30.00 HI -50.00 -50.00
2026-09-27T06:53:08.025,DEMO,DEMO,DEMO_MODE,0427e6a8ed5b4d0f92e17b614ed8f417,F1 :    800    4 0.10 -14.44 0.54 50.00  80.0  64.0,0.00 0.00 0.00 89.38 0.54 50.00 0.10 -14.44 6 63 6 63 80.0% 64.0% 400.000 0.000 0.00 -4.90 0.00  1.99 0.00 796.00 0.0% | 1200.00   30.00 HI -50.00 -50.00
2026-09-27T06:53:08.150,DEMO,DEMO,DEMO_MODE,0427e6a8ed5b4d0f92e17b614ed8f417,F1 :    800    4 0.10 -14.44 0.54 50.00  80.0  64.0,0.00 0.00 0.00 89.38 0.54 50.00 0.10 -14.44 6 63 6 63 80.0% 64.0% 400.000 0.000 0.00 -4.90 0.00  1.99 0.00 796.00 0.0% | 1200.00   30.00 HI -50.00 -50.00
2026-09-27T06:53:08.271,DEMO,DEMO,DEMO_MODE,0427e6a8ed5b4d0f92e17b614ed8f417,F1 :    800    4 0.10 -14.44 0.54 50.00  80.0  64.0,0.00 0.00 0.00 89.38 0.54 50.00 0.10 -14.44 6 63 6 63 80.0% 64.0% 400.000 0.000 0.00 -4.90 0.00  1.99 0.00 796.00 0.0% | 1200.00   30.00 HI -50.00 -50.00
2026-09-27T06:53:08.398,DEMO,DEMO,DEMO_MODE,0427e6a8ed5b4d0f92e17b614ed8f417,F1 :    800    4 0.10 -14.44 0.54 50.00  80.0  64.0,0.00 0.00 0.00 89.38 0.54 50.00 0.10 -14.44 6 63 6 63 80.0% 64.0% 400.000 0.000 0.00 -4.90 0.00  1.99 0.00 796.00 0.0% | 1200.00   30.00 HI -50.00 -50.00
2026-09-27T06:53:08.533,DEMO,DEMO,DEMO_MODE,0427e6a8ed5b4d0f92e17b614ed8f417,F1 :    800    4 0.10 -14.44 0.54 50.00  80.0  64.0,0.00 0.00 0.00 89.38 0.54 50.00 0.10 -14.44 6 63 6 63 80.0% 64.0% 400.000 0.000 0.00 -4.90 0.00  1.99 0.00 796.00 0.0% | 1200.00   30.00 HI -50.00 -50.00
2026-09-27T06:53:08.656,DEMO,DEMO,DEMO_MODE,0427e6a8ed5b4d0f92e17b614ed8f417,F1 :    800    4 0.10 -14.44 0.54 50.00  80.0  64.0,0.00 0.00 0.00 89.38 0.54 50.00 0.10 -14.44 6 63 6 63 80.0% 64.0% 400.000 0.000 0.00 -4.90 0.00  1.99 0.00 796.00 0.0% | 1200.00   30.00 HI -50.00 -50.00
2026-09-27T06:53:08.776,DEMO,DEMO,DEMO_MODE,0427e6a8ed5b4d0f92e17b614ed8f417,F1 :    800    4 0.10 -14.44 0.54 50.00  80.0  64.0,0.00 0.00 0.00 89.38 0.54 50.00 0.10 -14.44 6 63 6 63 80.0% 64.0% 400.000 0.000 0.00 -4.90 0.00  1.99 0.00 796.00 0.0% | 1200.00   30.00 HI -50.00 -50.00
2026-09-27T06:53:08.903,DEMO,DEMO,DEMO_MODE,0427e6a8ed5b4d0f92e17b614ed8f417,F1 :    800    4 0.10 -14.44 0.54 50.00  80.0  64.0,0.00 0.00 0.00 89.38 0.54 50.00 0.10 -14.44 6 63 6 63 80.0% 64.0% 400.000 0.000 0.00 -4.90 0.00  1.99 0.00 796.00 0.0% | 1200.00   30.00 HI -50.00 -50.00
2026-09-27T06:53:09.023,DEMO,DEMO,DEMO_MODE,0427e6a8ed5b4d0f92e17b614ed8f417,F1 :    800    4 0.10 -14.44 0.54 50.00  80.0  64.0,0.00 0.00 0.00 89.38 0.54 50.00 0.10 -14.44 6 63 6 63 80.0% 64.0% 400.000 0.000 0.00 -4.90 0.00  1.99 0.00 796.00 0.0% | 1200.00   30.00 HI -50.00 -50.00
2026-09-27T06:53:09.149,DEMO,DEMO,DEMO_MODE,0427e6a8ed5b4d0f92e17b614ed8f417,F1 :    800    4 0.10 -14.44 0.54 50.00  80.0  64.0,0.00 0.00 0.00 89.38 0.54 50.00 0.10 -14.44 6 63 6 63 80.0% 64.0% 400.000 0.000 0.00 -4.90 0.00  1.99 0.00 796.00 0.0% | 1200.00   30.00 HI -50.00 -50.00
2026-09-27T06:53:09.275,DEMO,DEMO,DEMO_MODE,0427e6a8ed5b4d0f92e17b614ed8f417,F1 :    800    4 0.10 -14.44 0.54 50.00  80.0  64.0,0.00 0.00 0.00 89.38 0.54 50.00 0.10 -14.44 6 63 6 63 80.0% 64.0% 400.000 0.000 0.00 -4.90 0.00  1.99 0.00 796.00 0.0% | 1200.00   30.00 HI -50.00 -50.00
2026-09-27T06:53:09.401,DEMO,DEMO,DEMO_MODE,0427e6a8ed5b4d0f92e17b614ed8f417,F1 :    800    4 0.10 -14.44 0.54 50.00  80.0  64.0,0.00 0.00 0.00 89.38 0.54 50.00 0.10 -14.44 6 63 6 63 80.0% 64.0% 400.000 0.000 0.00 -4.90 0.00  1.99 0.00 796.00 0.0% | 1200.00   30.00 HI -50.00 -50.00
2026-09-27T06:53:09.522,DEMO,DEMO,DEMO_MODE,0427e6a8ed5b4d0f92e17b614ed8f417,F1 :    800    4 0.10 -14.44 0.54 50.00  80.0  64.0,0.00 0.00 0.00 89.38 0.54 50.00 0.10 -14.44 6 63 6 63 80.0% 64.0% 400.000 0.000 0.00 -4.90 0.00  1.99 0.00 796.00 0.0% | 1200.00   30.00 HI -50.00 -50.00
2026-09-27T06:53:09.647,DEMO,DEMO,DEMO_MODE,0427e6a8ed5b4d0f92e17b614ed8f417,F1 :    800    4 0.10 -14.44 0.54 50.00  80.0  64.0,0.00 0.00 0.00 89.38 0.54 50.00 0.10 -14.44 6 63 6 63 80.0% 64.0% 400.000 0.000 0.00 -4.90 0.00  1.99 0.00 796.00 0.0% | 1200.00   30.00 HI -50.00 -50.00
2026-09-27T06:53:09.768,DEMO,DEMO,DEMO_MODE,0427e6a8ed5b4d0f92e17b614ed8f417,F1 :    800    4 0.10 -14.44 0.54 50.00  80.0  64.0,0.00 0.00 0.00 89.38 0.54 50.00 0.10 -14.44 6 63 6 63 80.0% 64.0% 400.000 0.000 0.00 -4.90 0.00  1.99 0.00 796.00 0.0% | 1200.00   30.00 HI -50.00 -50.00
2026-09-27T06:53:09.894,DEMO,DEMO,DEMO_MODE,0427e6a8ed5b4d0f92e17b614ed8f417,F1 :    800    4 0.10 -14.44 0.54 50.00  80.0  68.0,0.00 0.00 0.00 89.38 0.54 50.00 0.10 -14.44 6 63 6 63 80.0% 68.0% 400.000 0.000 0.00 -4.90 0.00  1.99 0.00 796.00 0.0% | 1200.00   30.00 HI -50.00 -50.00
2026-09-27T06:53:10.014,DEMO,DEMO,DEMO_MODE,0427e6a8ed5b4d0f92e17b614ed8f417,F1 :    800    4 0.10 -14.44 0.54 50.00  80.0  68.0,0.00 0.00 0.00 89.38 0.54 50.00 0.10 -14.44 6 63 6 63 80.0% 68.0% 400.000 0.000 0.00 -4.90 0.00  1.99 0.00 796.00 0.0% | 1200.00   30.00 HI -50.00 -50.00
2026-09-27T06:53:10.140,DEMO,DEMO,DEMO_MODE,0427e6a8ed5b4d0f92e17b614ed8f417,F1 :    800    4 0.10 -14.44 0.54 50.00  80.0  68.0,0.00 0.00 0.00 89.38 0.54 50.00 0.10 -14.44 6 63 6 63 80.0% 68.0% 400.000 0.000 0.00 -4.90 0.00  1.99 0.00 796.00 0.0% | 1200.00   30.00 HI -50.00 -50.00
2026-09-27T06:53:10.260,DEMO,DEMO,DEMO_MODE,0427e6a8ed5b4d0f92e17b614ed8f417,F1 :    800    4 0.10 -14.44 0.54 50.00  80.0  68.0,0.00 0.00 0.00 89.38 0.54 50.00 0.10 -14.44 6 63 6 63 80.0% 68.0% 400.000 0.000 0.00 -4.90 0.00  1.99 0.00 796.00 0.0% | 1200.00   30.00 HI -50.00 -50.00
2026-09-27T06:53:10.387,DEMO,DEMO,DEMO_MODE,0427e6a8ed5b4d0f92e17b614ed8f417,F1 :    800    4 0.10 -14.44 0.54 50.00  80.0  68.0,0.00 0.00 0.00 89.38 0.54 50.00 0.10 -14.44 6 63 6 63 80.0% 68.0% 400.000 0.000 0.00 -4.90 0.00  1.99 0.00 796.00 0.0% | 1200.00   30.00 HI -50.00 -50.00
2026-09-27T06:53:10.523,DEMO,DEMO,DEMO_MODE,0427e6a8ed5b4d0f92e17b614ed8f417,F1 :    800    4 0.10 -14.44 0.54 50.00  80.0  68.0,0.00 0.00 0.00 89.38 0.54 50.00 0.10 -14.44 6 63 6 63 80.0% 68.0% 400.000 0.000 0.00 -4.90 0.00  1.99 0.00 796.00 0.0% | 1200.00   30.00 HI -50.00 -50.00
2026-09-27T06:53:10.650,DEMO,DEMO,DEMO_MODE,0427e6a8ed5b4d0f92e17b614ed8f417,F1 :    800    4 0.10 -14.44 0.54 50.00  80.0  68.0,0.00 0.00 0.00 89.38 0.54 50.00 0.10 -14.44 6 63 6 63 80.0% 68.0% 400.000 0.000 0.00 -4.90 0.00  1.99 0.00 796.00 0.0% | 1200.00   30.00 HI -50.00 -50.00
2026-09-27T06:53:10.770,DEMO,DEMO,DEMO_MODE,0427e6a8ed5b4d0f92e17b614ed8f417,F1 :    800    4 0.10 -14.44 0.54 50.00  80.0  68.0,0.00 0.00 0.00 89.38 0.54 50.00 0.10 -14.44 6 63 6 63 80.0% 68.0% 400.000 0.000 0.00 -4.90 0.00  1.99 0.00 796.00 0.0% | 1200.00   30.00 HI -50.00 -50.00
2026-09-27T06:53:10.896,DEMO,DEMO,DEMO_MODE,0427e6a8ed5b4d0f92e17b614ed8f417,F1 :    800    4 0.10 -14.44 0.54 50.00  80.0  68.0,0.00 0.00 0.00 89.38 0.54 50.00 0.10 -14.44 6 63 6 63 80.0% 68.0% 400.000 0.000 0.00 -4.90 0.00  1.99 0.00 796.00 0.0% | 1200.00   30.00 HI -50.00 -50.00
2026-09-27T06:53:11.016,DEMO,DEMO,DEMO_MODE,0427e6a8ed5b4d0f92e17b614ed8f417,F1 :    800    4 0.10 -14.44 0.54 50.00  80.0  68.0,0.00 0.00 0.00 89.38 0.54 50.00 0.10 -14.44 6 63 6 63 80.0% 68.0% 400.000 0.000 0.00 -4.90 0.00  1.99 0.00 796.00 0.0% | 1200.00   30.00 HI -50.00 -50.00
2026-09-27T06:53:11.143,DEMO,DEMO,DEMO_MODE,0427e6a8ed5b4d0f92e17b614ed8f417,F1 :    800    4 0.10 -14.44 0.54 50.00  80.0  68.0,0.00 0.00 0.00 89.38 0.54 50.00 0.10 -14.44 6 63 6 63 80.0% 68.0% 400.000 0.000 0.00 -4.90 0.00  1.99 0.00 796.00 0.0% | 1200.00   30.00 HI -50.00 -50.00
2026-09-27T06:53:11.279,DEMO,DEMO,DEMO_MODE,0427e6a8ed5b4d0f92e17b614ed8f417,F1 :    800    4 0.10 -14.44 0.54 50.00  80.0  68.0,0.00 0.00 0.00 89.38 0.54 50.00 0.10 -14.44 6 63 6 63 80.0% 68.0% 400.000 0.000 0.00 -4.90 0.00  1.99 0.00 796.00 0.0% | 1200.00   30.00 HI -50.00 -50.00
2026-09-27T06:53:11.404,DEMO,DEMO,DEMO_MODE,0427e6a8ed5b4d0f92e17b614ed8f417,F1 :    800    4 0.10 -14.44 0.54 50.00  80.0  68.0,0.00 0.00 0.00 89.38 0.54 50.00 0.10 -14.44 6 63 6 63 80.0% 68.0% 400.000 0.000 0.00 -4.90 0.00  1.99 0.00 796.00 0.0% | 1200.00   30.00 HI -50.00 -50.00
2026-09-27T06:53:11.524,DEMO,DEMO,DEMO_MODE,0427e6a8ed5b4d0f92e17b614ed8f417,F1 :    800    4 0.10 -14.44 0.54 50.00  80.0  68.0,0.00 0.00 0.00 89.38 0.54 50.00 0.10 -14.44 6 63 6 63 80.0% 68.0% 400.000 0.000 0.00 -4.90 0.00  1.99 0.00 796.00 0.0% | 1200.00   30.00 HI -50.00 -50.00
2026-09-27T06:53:11.650,DEMO,DEMO,DEMO_MODE,0427e6a8ed5b4d0f92e17b614ed8f417,F1 :    800    4 0.10 -14.44 0.54 50.00  80.0  68.0,0.00 0.00 0.00 89.38 0.54 50.00 0.10 -14.44 6 63 6 63 80.0% 68.0% 400.000 0.000 0.00 -4.90 0.00  1.99 0.00 796.00 0.0% | 1200.00   30.00 HI -50.00 -50.00
2026-09-27T06:53:11.770,DEMO,DEMO,DEMO_MODE,0427e6a8ed5b4d0f92e17b614ed8f417,F1 :    800    4 0.10 -14.44 0.54 50.00  80.0  68.0,0.00 0.00 0.00 89.38 0.54 50.00 0.10 -14.44 6 63 6 63 80.0% 68.0% 400.000 0.000 0.00 -4.90 0.00  1.99 0.00 796.00 0.0% | 1200.00   30.00 HI -50.00 -50.00
2026-09-27T06:53:11.896,DEMO,DEMO,DEMO_MODE,0427e6a8ed5b4d0f92e17b614ed8f417,F1 :    800    4 0.10 -14.44 0.54 50.00  80.0  68.0,0.00 0.00 0.00 89.38 0.54 50.00 0.10 -14.44 6 63 6 63 80.0% 68.0% 400.000 0.000 0.00 -4.90 0.00  1.99 0.00 796.00 0.0% | 1200.00   30.00 HI -50.00 -50.00
2026-09-27T06:53:12.027,DEMO,DEMO,DEMO_MODE,0427e6a8ed5b4d0f92e17b614ed8f417,F1 :    800    4 0.10 -14.44 0.54 50.00  80.0  68.0,0.00 0.00 0.00 89.38 0.54 50.00 0.10 -14.44 6 63 6 63 80.0% 68.0% 400.000 0.000 0.00 -4.90 0.00  1.99 0.00 796.00 0.0% | 1200.00   30.00 HI -50.00 -50.00
2026-09-27T06:53:12.152,DEMO,DEMO,DEMO_MODE,0427e6a8ed5b4d0f92e17b614ed8f417,F1 :    800    4 0.10 -14.44 0.54 50.00  80.0  68.0,0.00 0.00 0.00 89.38 0.54 50.00 0.10 -14.44 6 63 6 63 80.0% 68.0% 400.000 0.000 0.00 -4.90 0.00  1.99 0.00 796.00 0.0% | 1200.00   30.00 HI -50.00 -50.00
2026-09-27T06:53:12.274,DEMO,DEMO,DEMO_MODE,0427e6a8ed5b4d0f92e17b614ed8f417,F1 :    800    4 0.10 -14.44 0.54 50.00  80.0  68.0,0.00 0.00 0.00 89.38 0.54 50.00 0.10 -14.44 6 63 6 63 80.0% 68.0% 400.000 0.000 0.00 -4.90 0.00  1.99 0.00 796.00 0.0% | 1200.00   30.00 HI -50.00 -50.00
2026-09-27T06:53:12.400,DEMO,DEMO,DEMO_MODE,0427e6a8ed5b4d0f92e17b614ed8f417,F1 :    800    4 0.10 -14.44 0.54 50.00  80.0  68.0,0.00 0.00 0.00 89.38 0.54 50.00 0.10 -14.44 6 63 6 63 80.0% 68.0% 400.000 0.000 0.00 -4.90 0.00  1.99 0.00 796.00 0.0% | 1200.00   30.00 HI -50.00 -50.00
2026-09-27T06:53:12.521,DEMO,DEMO,DEMO_MODE,0427e6a8ed5b4d0f92e17b614ed8f417,F1 :    800    4 0.10 -14.44 0.54 50.00  80.0  68.0,0.00 0.00 0.00 89.38 0.54 50.00 0.10 -14.44 6 63 6 63 80.0% 68.0% 400.000 0.000 0.00 -4.90 0.00  1.99 0.00 796.00 0.0% | 1200.00   30.00 HI -50.00 -50.00
2026-09-27T06:53:12.647,DEMO,DEMO,DEMO_MODE,0427e6a8ed5b4d0f92e17b614ed8f417,F1 :    800    4 0.10 -14.44 0.54 50.00  80.0  68.0,0.00 0.00 0.00 89.38 0.54 50.00 0.10 -14.44 6 63 6 63 80.0% 68.0% 400.000 0.000 0.00 -4.90 0.00  1.99 0.00 796.00 0.0% | 1200.00   30.00 HI -50.00 -50.00
2026-09-27T06:53:12.773,DEMO,DEMO,DEMO_MODE,0427e6a8ed5b4d0f92e17b614ed8f417,F1 :    800    4 0.10 -14.44 0.54 50.00  80.0  68.0,0.00 0.00 0.00 89.38 0.54 50.00 0.10 -14.44 6 63 6 63 80.0% 68.0% 400.000 0.000 0.00 -4.90 0.00  1.99 0.00 796.00 0.0% | 1200.00   30.00 HI -50.00 -50.00
2026-09-27T06:53:12.899,DEMO,DEMO,DEMO_MODE,0427e6a8ed5b4d0f92e17b614ed8f417,F1 :    800    4 0.10 -14.44 0.54 50.00  80.0  68.0,0.00 0.00 0.00 89.38 0.54 50.00 0.10 -14.44 6 63 6 63 80.0% 68.0% 400.000 0.000 0.00 -4.90 0.00  1.99 0.00 796.00 0.0% | 1200.00   30.00 HI -50.00 -50.00
2026-09-27T06:53:13.020,DEMO,DEMO,DEMO_MODE,0427e6a8ed5b4d0f92e17b614ed8f417,F1 :    800    4 0.10 -14.44 0.54 50.00  80.0  68.0,0.00 0.00 0.00 89.38 0.54 50.00 0.10 -14.44 6 63 6 63 80.0% 68.0% 400.000 0.000 0.00 -4.90 0.00  1.99 0.00 796.00 0.0% | 1200.00   30.00 HI -50.00 -50.00
2026-09-27T06:53:13.146,DEMO,DEMO,DEMO_MODE,0427e6a8ed5b4d0f92e17b614ed8f417,F1 :    800    4 0.10 -14.44 0.54 50.00  80.0  68.0,0.00 0.00 0.00 89.38 0.54 50.00 0.10 -14.44 6 63 6 63 80.0% 68.0% 400.000 0.000 0.00 -4.90 0.00  1.99 0.00 796.00 0.0% | 1200.00   30.00 HI -50.00 -50.00
2026-09-27T06:53:13.273,DEMO,DEMO,DEMO_MODE,0427e6a8ed5b4d0f92e17b614ed8f417,F1 :    800    4 0.10 -14.44 0.54 50.00  80.0  68.0,0.00 0.00 0.00 89.38 0.54 50.00 0.10 -14.44 6 63 6 63 80.0% 68.0% 400.000 0.000 0.00 -4.90 0.00  1.99 0.00 796.00 0.0% | 1200.00   30.00 HI -50.00 -50.00
2026-09-27T06:53:13.399,DEMO,DEMO,DEMO_MODE,0427e6a8ed5b4d0f92e17b614ed8f417,F1 :    800    4 0.10 -14.44 0.54 50.00  80.0  68.0,0.00 0.00 0.00 89.38 0.54 50.00 0.10 -14.44 6 63 6 63 80.0% 68.0% 400.000 0.000 0.00 -4.90 0.00  1.99 0.00 796.00 0.0% | 1200.00   30.00 HI -50.00 -50.00
2026-09-27T06:53:13.531,DEMO,DEMO,DEMO_MODE,0427e6a8ed5b4d0f92e17b614ed8f417,F1 :    800    4 0.10 -14.44 0.54 50.00  80.0  68.0,0.00 0.00 0.00 89.38 0.54 50.00 0.10 -14.44 6 63 6 63 80.0% 68.0% 400.000 0.000 0.00 -4.90 0.00  1.99 0.00 796.00 0.0% | 1200.00   30.00 HI -50.00 -50.00
2026-09-27T06:53:13.657,DEMO,DEMO,DEMO_MODE,0427e6a8ed5b4d0f92e17b614ed8f417,F1 :    800    4 0.10 -14.44 0.54 50.00  80.0  68.0,0.00 0.00 0.00 89.38 0.54 50.00 0.10 -14.44 6 63 6 63 80.0% 68.0% 400.000 0.000 0.00 -4.90 0.00  1.99 0.00 796.00 0.0% | 1200.00   30.00 HI -50.00 -50.00
2026-09-27T06:53:13.778,DEMO,DEMO,DEMO_MODE,0427e6a8ed5b4d0f92e17b614ed8f417,F1 :    800    4 0.10 -14.44 0.54 50.00  80.0  68.0,0.00 0.00 0.00 89.38 0.54 50.00 0.10 -14.44 6 63 6 63 80.0% 68.0% 400.000 0.000 0.00 -4.90 0.00  1.99 0.00 796.00 0.0% | 1200.00   30.00 HI -50.00 -50.00
2026-09-27T06:53:13.905,DEMO,DEMO,DEMO_MODE,0427e6a8ed5b4d0f92e17b614ed8f417,F1 :    800    4 0.10 -14.44 0.54 50.00  80.0  68.0,0.00 0.00 0.00 89.38 0.54 50.00 0.10 -14.44 6 63 6 63 80.0% 68.0% 400.000 0.000 0.00 -4.90 0.00  1.99 0.00 796.00 0.0% | 1200.00   30.00 HI -50.00 -50.00
2026-09-27T06:53:14.035,DEMO,DEMO,DEMO_MODE,0427e6a8ed5b4d0f92e17b614ed8f417,F1 :    800    4 0.10 -14.44 0.54 50.00  80.0  68.0,0.00 0.00 0.00 89.38 0.54 50.00 0.10 -14.44 6 63 6 63 80.0% 68.0% 400.000 0.000 0.00 -4.90 0.00  1.99 0.00 796.00 0.0% | 1200.00   30.00 HI -50.00 -50.00
2026-09-27T06:53:14.162,DEMO,DEMO,DEMO_MODE,0427e6a8ed5b4d0f92e17b614ed8f417,F1 :    800    4 0.10 -14.44 0.54 50.00  80.0  68.0,0.00 0.00 0.00 89.38 0.54 50.00 0.10 -14.44 6 63 6 63 80.0% 68.0% 400.000 0.000 0.00 -4.90 0.00  1.99 0.00 796.00 0.0% | 1200.00   30.00 HI -50.00 -50.00
2026-09-27T06:53:14.289,DEMO,DEMO,DEMO_MODE,0427e6a8ed5b4d0f92e17b614ed8f417,F1 :    800    4 0.10 -14.44 0.54 50.00  80.0  68.0,0.00 0.00 0.00 89.38 0.54 50.00 0.10 -14.44 6 63 6 63 80.0% 68.0% 400.000 0.000 0.00 -4.90 0.00  1.99 0.00 796.00 0.0% | 1200.00   30.00 HI -50.00 -50.00
2026-09-27T06:53:14.415,DEMO,DEMO,DEMO_MODE,0427e6a8ed5b4d0f92e17b614ed8f417,F1 :    800    4 0.10 -14.44 0.54 50.00  80.0  68.0,0.00 0.00 0.00 89.38 0.54 50.00 0.10 -14.44 6 63 6 63 80.0% 68.0% 400.000 0.000 0.00 -4.90 0.00  1.99 0.00 796.00 0.0% | 1200.00   30.00 HI -50.00 -50.00
2026-09-27T06:53:14.535,DEMO,DEMO,DEMO_MODE,0427e6a8ed5b4d0f92e17b614ed8f417,F1 :    800    4 0.10 -14.44 0.54 50.00  80.0  68.0,0.00 0.00 0.00 89.38 0.54 50.00 0.10 -14.44 6 63 6 63 80.0% 68.0% 400.000 0.000 0.00 -4.90 0.00  1.99 0.00 796.00 0.0% | 1200.00   30.00 HI -50.00 -50.00
2026-09-27T06:53:14.661,DEMO,DEMO,DEMO_MODE,0427e6a8ed5b4d0f92e17b614ed8f417,F1 :    800    4 0.10 -14.44 0.54 50.00  80.0  68.0,0.00 0.00 0.00 89.38 0.54 50.00 0.10 -14.44 6 63 6 63 80.0% 68.0% 400.000 0.000 0.00 -4.90 0.00  1.99 0.00 796.00 0.0% | 1200.00   30.00 HI -50.00 -50.00
2026-09-27T06:53:14.781,DEMO,DEMO,DEMO_MODE,0427e6a8ed5b4d0f92e17b614ed8f417,F1 :    800    4 0.10 -14.44 0.54 50.00  80.0  68.0,0.00 0.00 0.00 89.38 0.54 50.00 0.10 -14.44 6 63 6 63 80.0% 68.0% 400.000 0.000 0.00 -4.90 0.00  1.99 0.00 796.00 0.0% | 1200.00   30.00 HI -50.00 -50.00
2026-09-27T06:53:14.907,DEMO,DEMO,DEMO_MODE,0427e6a8ed5b4d0f92e17b614ed8f417,F1 :    800    4 0.10 -14.44 0.54 50.00  80.0  68.0,0.00 0.00 0.00 89.38 0.54 50.00 0.10 -14.44 6 63 6 63 80.0% 68.0% 400.000 0.000 0.00 -4.90 0.00  1.99 0.00 796.00 0.0% | 1200.00   30.00 HI -50.00 -50.00
2026-09-27T06:53:15.039,DEMO,DEMO,DEMO_MODE,0427e6a8ed5b4d0f92e17b614ed8f417,F1 :    900    0 0.10 -14.44 0.54 50.00  90.0  72.0,0.00 0.00 0.00 89.38 0.54 50.00 0.10 -14.44 6 63 6 63 90.0% 72.0% 450.000 0.000 0.00 -4.90 0.00  2.00 0.00 900.00 0.0% | 1200.00   40.00 HI -50.00 -50.00
2026-09-27T06:53:15.164,DEMO,DEMO,DEMO_MODE,0427e6a8ed5b4d0f92e17b614ed8f417,F1 :    900    0 0.10 -14.44 0.54 50.00  90.0  72.0,0.00 0.00 0.00 89.38 0.54 50.00 0.10 -14.44 6 63 6 63 90.0% 72.0% 450.000 0.000 0.00 -4.90 0.00  2.00 0.00 900.00 0.0% | 1200.00   40.00 HI -50.00 -50.00
2026-09-27T06:53:15.291,DEMO,DEMO,DEMO_MODE,0427e6a8ed5b4d0f92e17b614ed8f417,F1 :    900    0 0.10 -14.44 0.54 50.00  90.0  72.0,0.00 0.00 0.00 89.38 0.54 50.00 0.10 -14.44 6 63 6 63 90.0% 72.0% 450.000 0.000 0.00 -4.90 0.00  2.00 0.00 900.00 0.0% | 1200.00   40.00 HI -50.00 -50.00
2026-09-27T06:53:15.417,DEMO,DEMO,DEMO_MODE,0427e6a8ed5b4d0f92e17b614ed8f417,F1 :    900    0 0.10 -14.44 0.54 50.00  90.0  72.0,0.00 0.00 0.00 89.38 0.54 50.00 0.10 -14.44 6 63 6 63 90.0% 72.0% 450.000 0.000 0.00 -4.90 0.00  2.00 0.00 900.00 0.0% | 1200.00   40.00 HI -50.00 -50.00
2026-09-27T06:53:15.555,DEMO,DEMO,DEMO_MODE,0427e6a8ed5b4d0f92e17b614ed8f417,F1 :    900    0 0.10 -14.44 0.54 50.00  90.0  72.0,0.00 0.00 0.00 89.38 0.54 50.00 0.10 -14.44 6 63 6 63 90.0% 72.0% 450.000 0.000 0.00 -4.90 0.00  2.00 0.00 900.00 0.0% | 1200.00   40.00 HI -50.00 -50.00
2026-09-27T06:53:15.675,DEMO,DEMO,DEMO_MODE,0427e6a8ed5b4d0f92e17b614ed8f417,F1 :    900    0 0.10 -14.44 0.54 50.00  90.0  72.0,0.00 0.00 0.00 89.38 0.54 50.00 0.10 -14.44 6 63 6 63 90.0% 72.0% 450.000 0.000 0.00 -4.90 0.00  2.00 0.00 900.00 0.0% | 1200.00   40.00 HI -50.00 -50.00
2026-09-27T06:53:15.796,DEMO,DEMO,DEMO_MODE,0427e6a8ed5b4d0f92e17b614ed8f417,F1 :    900    0 0.10 -14.44 0.54 50.00  90.0  72.0,0.00 0.00 0.00 89.38 0.54 50.00 0.10 -14.44 6 63 6 63 90.0% 72.0% 450.000 0.000 0.00 -4.90 0.00  2.00 0.00 900.00 0.0% | 1200.00   40.00 HI -50.00 -50.00
2026-09-27T06:53:15.923,DEMO,DEMO,DEMO_MODE,0427e6a8ed5b4d0f92e17b614ed8f417,F1 :    900    0 0.10 -14.44 0.54 50.00  90.0  72.0,0.00 0.00 0.00 89.38 0.54 50.00 0.10 -14.44 6 63 6 63 90.0% 72.0% 450.000 0.000 0.00 -4.90 0.00  2.00 0.00 900.00 0.0% | 1200.00   40.00 HI -50.00 -50.00
2026-09-27T06:53:16.044,DEMO,DEMO,DEMO_MODE,0427e6a8ed5b4d0f92e17b614ed8f417,F1 :    900    0 0.10 -14.44 0.54 50.00  90.0  72.0,0.00 0.00 0.00 89.38 0.54 50.00 0.10 -14.44 6 63 6 63 90.0% 72.0% 450.000 0.000 0.00 -4.90 0.00  2.00 0.00 900.00 0.0% | 1200.00   40.00 HI -50.00 -50.00
2026-09-27T06:53:16.165,DEMO,DEMO,DEMO_MODE,0427e6a8ed5b4d0f92e17b614ed8f417,F1 :    900    0 0.10 -14.44 0.54 50.00  90.0  72.0,0.00 0.00 0.00 89.38 0.54 50.00 0.10 -14.44 6 63 6 63 90.0% 72.0% 450.000 0.000 0.00 -4.90 0.00  2.00 0.00 900.00 0.0% | 1200.00   40.00 HI -50.00 -50.00
2026-09-27T06:53:16.286,DEMO,DEMO,DEMO_MODE,0427e6a8ed5b4d0f92e17b614ed8f417,F1 :    900    0 0.10 -14.44 0.54 50.00  90.0  72.0,0.00 0.00 0.00 89.38 0.54 50.00 0.10 -14.44 6 63 6 63 90.0% 72.0% 450.000 0.000 0.00 -4.90 0.00  2.00 0.00 900.00 0.0% | 1200.00   40.00 HI -50.00 -50.00
2026-09-27T06:53:16.411,DEMO,DEMO,DEMO_MODE,0427e6a8ed5b4d0f92e17b614ed8f417,F1 :    900    0 0.10 -14.44 0.54 50.00  90.0  72.0,0.00 0.00 0.00 89.38 0.54 50.00 0.10 -14.44 6 63 6 63 90.0% 72.0% 450.000 0.000 0.00 -4.90 0.00  2.00 0.00 900.00 0.0% | 1200.00   40.00 HI -50.00 -50.00
2026-09-27T06:53:16.534,DEMO,DEMO,DEMO_MODE,0427e6a8ed5b4d0f92e17b614ed8f417,F1 :    900    0 0.10 -14.44 0.54 50.00  90.0  72.0,0.00 0.00 0.00 89.38 0.54 50.00 0.10 -14.44 6 63 6 63 90.0% 72.0% 450.000 0.000 0.00 -4.90 0.00  2.00 0.00 900.00 0.0% | 1200.00   40.00 HI -50.00 -50.00
2026-09-27T06:53:16.655,DEMO,DEMO,DEMO_MODE,0427e6a8ed5b4d0f92e17b614ed8f417,F1 :    900    0 0.10 -14.44 0.54 50.00  90.0  72.0,0.00 0.00 0.00 89.38 0.54 50.00 0.10 -14.44 6 63 6 63 90.0% 72.0% 450.000 0.000 0.00 -4.90 0.00  2.00 0.00 900.00 0.0% | 1200.00   40.00 HI -50.00 -50.00
2026-09-27T06:53:16.776,DEMO,DEMO,DEMO_MODE,0427e6a8ed5b4d0f92e17b614ed8f417,F1 :    900    0 0.10 -14.44 0.54 50.00  90.0  72.0,0.00 0.00 0.00 89.38 0.54 50.00 0.10 -14.44 6 63 6 63 90.0% 72.0% 450.000 0.000 0.00 -4.90 0.00  2.00 0.00 900.00 0.0% | 1200.00   40.00 HI -50.00 -50.00
2026-09-27T06:53:16.901,DEMO,DEMO,DEMO_MODE,0427e6a8ed5b4d0f92e17b614ed8f417,F1 :    900    0 0.10 -14.44 0.54 50.00  90.0  72.0,0.00 0.00 0.00 89.38 0.54 50.00 0.10 -14.44 6 63 6 63 90.0% 72.0% 450.000 0.000 0.00 -4.90 0.00  2.00 0.00 900.00 0.0% | 1200.00   40.00 HI -50.00 -50.00
2026-09-27T06:53:17.027,DEMO,DEMO,DEMO_MODE,0427e6a8ed5b4d0f92e17b614ed8f417,F1 :    900    0 0.10 -14.44 0.54 50.00  90.0  72.0,0.00 0.00 0.00 89.38 0.54 50.00 0.10 -14.44 6 63 6 63 90.0% 72.0% 450.000 0.000 0.00 -4.90 0.00  2.00 0.00 900.00 0.0% | 1200.00   40.00 HI -50.00 -50.00
2026-09-27T06:53:17.152,DEMO,DEMO,DEMO_MODE,0427e6a8ed5b4d0f92e17b614ed8f417,F1 :    900    0 0.10 -14.44 0.54 50.00  90.0  72.0,0.00 0.00 0.00 89.38 0.54 50.00 0.10 -14.44 6 63 6 63 90.0% 72.0% 450.000 0.000 0.00 -4.90 0.00  2.00 0.00 900.00 0.0% | 1200.00   40.00 HI -50.00 -50.00
2026-09-27T06:53:17.273,DEMO,DEMO,DEMO_MODE,0427e6a8ed5b4d0f92e17b614ed8f417,F1 :    900    0 0.10 -14.44 0.54 50.00  90.0  72.0,0.00 0.00 0.00 89.38 0.54 50.00 0.10 -14.44 6 63 6 63 90.0% 72.0% 450.000 0.000 0.00 -4.90 0.00  2.00 0.00 900.00 0.0% | 1200.00   40.00 HI -50.00 -50.00
2026-09-27T06:53:17.400,DEMO,DEMO,DEMO_MODE,0427e6a8ed5b4d0f92e17b614ed8f417,F1 :    900    0 0.10 -14.44 0.54 50.00  90.0  72.0,0.00 0.00 0.00 89.38 0.54 50.00 0.10 -14.44 6 63 6 63 90.0% 72.0% 450.000 0.000 0.00 -4.90 0.00  2.00 0.00 900.00 0.0% | 1200.00   40.00 HI -50.00 -50.00
2026-09-27T06:53:17.520,DEMO,DEMO,DEMO_MODE,0427e6a8ed5b4d0f92e17b614ed8f417,F1 :    900    0 0.10 -14.44 0.54 50.00  90.0  72.0,0.00 0.00 0.00 89.38 0.54 50.00 0.10 -14.44 6 63 6 63 90.0% 72.0% 450.000 0.000 0.00 -4.90 0.00  2.00 0.00 900.00 0.0% | 1200.00   40.00 HI -50.00 -50.00
2026-09-27T06:53:17.645,DEMO,DEMO,DEMO_MODE,0427e6a8ed5b4d0f92e17b614ed8f417,F1 :    900    0 0.10 -14.44 0.54 50.00  90.0  72.0,0.00 0.00 0.00 89.38 0.54 50.00 0.10 -14.44 6 63 6 63 90.0% 72.0% 450.000 0.000 0.00 -4.90 0.00  2.00 0.00 900.00 0.0% | 1200.00   40.00 HI -50.00 -50.00
2026-09-27T06:53:17.766,DEMO,DEMO,DEMO_MODE,0427e6a8ed5b4d0f92e17b614ed8f417,F1 :    900    0 0.10 -14.44 0.54 50.00  90.0  72.0,0.00 0.00 0.00 89.38 0.54 50.00 0.10 -14.44 6 63 6 63 90.0% 72.0% 450.000 0.000 0.00 -4.90 0.00  2.00 0.00 900.00 0.0% | 1200.00   40.00 HI -50.00 -50.00
2026-09-27T06:53:17.892,DEMO,DEMO,DEMO_MODE,0427e6a8ed5b4d0f92e17b614ed8f417,F1 :    900    0 0.10 -14.44 0.54 50.00  90.0  72.0,0.00 0.00 0.00 89.38 0.54 50.00 0.10 -14.44 6 63 6 63 90.0% 72.0% 450.000 0.000 0.00 -4.90 0.00  2.00 0.00 900.00 0.0% | 1200.00   40.00 HI -50.00 -50.00
2026-09-27T06:53:18.013,DEMO,DEMO,DEMO_MODE,0427e6a8ed5b4d0f92e17b614ed8f417,F1 :    900    0 0.10 -14.44 0.54 50.00  90.0  72.0,0.00 0.00 0.00 89.38 0.54 50.00 0.10 -14.44 6 63 6 63 90.0% 72.0% 450.000 0.000 0.00 -4.90 0.00  2.00 0.00 900.00 0.0% | 1200.00   40.00 HI -50.00 -50.00
2026-09-27T06:53:18.140,DEMO,DEMO,DEMO_MODE,0427e6a8ed5b4d0f92e17b614ed8f417,F1 :    900    0 0.10 -14.44 0.54 50.00  90.0  72.0,0.00 0.00 0.00 89.38 0.54 50.00 0.10 -14.44 6 63 6 63 90.0% 72.0% 450.000 0.000 0.00 -4.90 0.00  2.00 0.00 900.00 0.0% | 1200.00   40.00 HI -50.00 -50.00
2026-09-27T06:53:18.272,DEMO,DEMO,DEMO_MODE,0427e6a8ed5b4d0f92e17b614ed8f417,F1 :    900    0 0.10 -14.44 0.54 50.00  90.0  72.0,0.00 0.00 0.00 89.38 0.54 50.00 0.10 -14.44 6 63 6 63 90.0% 72.0% 450.000 0.000 0.00 -4.90 0.00  2.00 0.00 900.00 0.0% | 1200.00   40.00 HI -50.00 -50.00
2026-09-27T06:53:18.398,DEMO,DEMO,DEMO_MODE,0427e6a8ed5b4d0f92e17b614ed8f417,F1 :    900    0 0.10 -14.44 0.54 50.00  90.0  72.0,0.00 0.00 0.00 89.38 0.54 50.00 0.10 -14.44 6 63 6 63 90.0% 72.0% 450.000 0.000 0.00 -4.90 0.00  2.00 0.00 900.00 0.0% | 1200.00   40.00 HI -50.00 -50.00
2026-09-27T06:53:18.531,DEMO,DEMO,DEMO_MODE,0427e6a8ed5b4d0f92e17b614ed8f417,F1 :    900    0 0.10 -14.44 0.54 50.00  90.0  72.0,0.00 0.00 0.00 89.38 0.54 50.00 0.10 -14.44 6 63 6 63 90.0% 72.0% 450.000 0.000 0.00 -4.90 0.00  2.00 0.00 900.00 0.0% | 1200.00   40.00 HI -50.00 -50.00
2026-09-27T06:53:18.655,DEMO,DEMO,DEMO_MODE,0427e6a8ed5b4d0f92e17b614ed8f417,F1 :    900    0 0.10 -14.44 0.54 50.00  90.0  72.0,0.00 0.00 0.00 89.38 0.54 50.00 0.10 -14.44 6 63 6 63 90.0% 72.0% 450.000 0.000 0.00 -4.90 0.00  2.00 0.00 900.00 0.0% | 1200.00   40.00 HI -50.00 -50.00
2026-09-27T06:53:18.776,DEMO,DEMO,DEMO_MODE,0427e6a8ed5b4d0f92e17b614ed8f417,F1 :    900    0 0.10 -14.44 0.54 50.00  90.0  72.0,0.00 0.00 0.00 89.38 0.54 50.00 0.10 -14.44 6 63 6 63 90.0% 72.0% 450.000 0.000 0.00 -4.90 0.00  2.00 0.00 900.00 0.0% | 1200.00   40.00 HI -50.00 -50.00
2026-09-27T06:53:18.902,DEMO,DEMO,DEMO_MODE,0427e6a8ed5b4d0f92e17b614ed8f417,F1 :    900    0 0.10 -14.44 0.54 50.00  90.0  72.0,0.00 0.00 0.00 89.38 0.54 50.00 0.10 -14.44 6 63 6 63 90.0% 72.0% 450.000 0.000 0.00 -4.90 0.00  2.00 0.00 900.00 0.0% | 1200.00   40.00 HI -50.00 -50.00
2026-09-27T06:53:19.023,DEMO,DEMO,DEMO_MODE,0427e6a8ed5b4d0f92e17b614ed8f417,F1 :    900    0 0.10 -14.44 0.54 50.00  90.0  72.0,0.00 0.00 0.00 89.38 0.54 50.00 0.10 -14.44 6 63 6 63 90.0% 72.0% 450.000 0.000 0.00 -4.90 0.00  2.00 0.00 900.00 0.0% | 1200.00   40.00 HI -50.00 -50.00
2026-09-27T06:53:19.149,DEMO,DEMO,DEMO_MODE,0427e6a8ed5b4d0f92e17b614ed8f417,F1 :    900    0 0.10 -14.44 0.54 50.00  90.0  72.0,0.00 0.00 0.00 89.38 0.54 50.00 0.10 -14.44 6 63 6 63 90.0% 72.0% 450.000 0.000 0.00 -4.90 0.00  2.00 0.00 900.00 0.0% | 1200.00   40.00 HI -50.00 -50.00
2026-09-27T06:53:19.270,DEMO,DEMO,DEMO_MODE,0427e6a8ed5b4d0f92e17b614ed8f417,F1 :    900    0 0.10 -14.44 0.54 50.00  90.0  72.0,0.00 0.00 0.00 89.38 0.54 50.00 0.10 -14.44 6 63 6 63 90.0% 72.0% 450.000 0.000 0.00 -4.90 0.00  2.00 0.00 900.00 0.0% | 1200.00   40.00 HI -50.00 -50.00
2026-09-27T06:53:19.397,DEMO,DEMO,DEMO_MODE,0427e6a8ed5b4d0f92e17b614ed8f417,F1 :    900    0 0.10 -14.44 0.54 50.00  90.0  72.0,0.00 0.00 0.00 89.38 0.54 50.00 0.10 -14.44 6 63 6 63 90.0% 72.0% 450.000 0.000 0.00 -4.90 0.00  2.00 0.00 900.00 0.0% | 1200.00   40.00 HI -50.00 -50.00
2026-09-27T06:53:19.517,DEMO,DEMO,DEMO_MODE,0427e6a8ed5b4d0f92e17b614ed8f417,F1 :    900    0 0.10 -14.44 0.54 50.00  90.0  72.0,0.00 0.00 0.00 89.38 0.54 50.00 0.10 -14.44 6 63 6 63 90.0% 72.0% 450.000 0.000 0.00 -4.90 0.00  2.00 0.00 900.00 0.0% | 1200.00   40.00 HI -50.00 -50.00
2026-09-27T06:53:19.643,DEMO,DEMO,DEMO_MODE,0427e6a8ed5b4d0f92e17b614ed8f417,F1 :    900    0 0.10 -14.44 0.54 50.00  90.0  72.0,0.00 0.00 0.00 89.38 0.54 50.00 0.10 -14.44 6 63 6 63 90.0% 72.0% 450.000 0.000 0.00 -4.90 0.00  2.00 0.00 900.00 0.0% | 1200.00   40.00 HI -50.00 -50.00
2026-09-27T06:53:19.769,DEMO,DEMO,DEMO_MODE,0427e6a8ed5b4d0f92e17b614ed8f417,F1 :    900    0 0.10 -14.44 0.54 50.00  90.0  72.0,0.00 0.00 0.00 89.38 0.54 50.00 0.10 -14.44 6 63 6 63 90.0% 72.0% 450.000 0.000 0.00 -4.90 0.00  2.00 0.00 900.00 0.0% | 1200.00   40.00 HI -50.00 -50.00
2026-09-27T06:53:19.894,DEMO,DEMO,DEMO_MODE,0427e6a8ed5b4d0f92e17b614ed8f417,F1 :    900    0 0.10 -14.44 0.54 50.00  90.0  72.0,0.00 0.00 0.00 89.38 0.54 50.00 0.10 -14.44 6 63 6 63 90.0% 72.0% 450.000 0.000 0.00 -4.90 0.00  2.00 0.00 900.00 0.0% | 1200.00   40.00 HI -50.00 -50.00
2026-09-27T06:53:20.015,DEMO,DEMO,DEMO_MODE,0427e6a8ed5b4d0f92e17b614ed8f417,F1 :    900    0 0.10 -14.44 0.54 50.00  90.0  72.0,0.00 0.00 0.00 89.38 0.54 50.00 0.10 -14.44 6 63 6 63 90.0% 72.0% 450.000 0.000 0.00 -4.90 0.00  2.00 0.00 900.00 0.0% | 1200.00   40.00 HI -50.00 -50.00
2026-09-27T06:53:20.142,DEMO,DEMO,DEMO_MODE,0427e6a8ed5b4d0f92e17b614ed8f417,F1 :    900    0 0.10 -14.44 0.54 50.00  90.0  72.0,0.00 0.00 0.00 89.38 0.54 50.00 0.10 -14.44 6 63 6 63 90.0% 72.0% 450.000 0.000 0.00 -4.90 0.00  2.00 0.00 900.00 0.0% | 1200.00   40.00 HI -50.00 -50.00
2026-09-27T06:53:20.263,DEMO,DEMO,DEMO_MODE,0427e6a8ed5b4d0f92e17b614ed8f417,F1 :    900    0 0.10 -14.44 0.54 50.00  90.0  76.0,0.00 0.00 0.00 89.38 0.54 50.00 0.10 -14.44 6 63 6 63 90.0% 76.0% 450.000 0.000 0.00 -4.90 0.00  2.00 0.00 900.00 0.0% | 1200.00   40.00 HI -50.00 -50.00
2026-09-27T06:53:20.389,DEMO,DEMO,DEMO_MODE,0427e6a8ed5b4d0f92e17b614ed8f417,F1 :    900    0 0.10 -14.44 0.54 50.00  90.0  76.0,0.00 0.00 0.00 89.38 0.54 50.00 0.10 -14.44 6 63 6 63 90.0% 76.0% 450.000 0.000 0.00 -4.90 0.00  2.00 0.00 900.00 0.0% | 1200.00   40.00 HI -50.00 -50.00
2026-09-27T06:53:20.516,DEMO,DEMO,DEMO_MODE,0427e6a8ed5b4d0f92e17b614ed8f417,F1 :    900    0 0.10 -14.44 0.54 50.00  90.0  76.0,0.00 0.00 0.00 89.38 0.54 50.00 0.10 -14.44 6 63 6 63 90.0% 76.0% 450.000 0.000 0.00 -4.90 0.00  2.00 0.00 900.00 0.0% | 1200.00   40.00 HI -50.00 -50.00
2026-09-27T06:53:20.642,DEMO,DEMO,DEMO_MODE,0427e6a8ed5b4d0f92e17b614ed8f417,F1 :    900    0 0.10 -14.44 0.54 50.00  90.0  76.0,0.00 0.00 0.00 89.38 0.54 50.00 0.10 -14.44 6 63 6 63 90.0% 76.0% 450.000 0.000 0.00 -4.90 0.00  2.00 0.00 900.00 0.0% | 1200.00   40.00 HI -50.00 -50.00
2026-09-27T06:53:20.764,DEMO,DEMO,DEMO_MODE,0427e6a8ed5b4d0f92e17b614ed8f417,F1 :    900    0 0.10 -14.44 0.54 50.00  90.0  76.0,0.00 0.00 0.00 89.38 0.54 50.00 0.10 -14.44 6 63 6 63 90.0% 76.0% 450.000 0.000 0.00 -4.90 0.00  2.00 0.00 900.00 0.0% | 1200.00   40.00 HI -50.00 -50.00
2026-09-27T06:53:20.890,DEMO,DEMO,DEMO_MODE,0427e6a8ed5b4d0f92e17b614ed8f417,F1 :    900    0 0.10 -14.44 0.54 50.00  90.0  76.0,0.00 0.00 0.00 89.38 0.54 50.00 0.10 -14.44 6 63 6 63 90.0% 76.0% 450.000 0.000 0.00 -4.90 0.00  2.00 0.00 900.00 0.0% | 1200.00   40.00 HI -50.00 -50.00
2026-09-27T06:53:21.011,DEMO,DEMO,DEMO_MODE,0427e6a8ed5b4d0f92e17b614ed8f417,F1 :    900    0 0.10 -14.44 0.54 50.00  90.0  76.0,0.00 0.00 0.00 89.38 0.54 50.00 0.10 -14.44 6 63 6 63 90.0% 76.0% 450.000 0.000 0.00 -4.90 0.00  2.00 0.00 900.00 0.0% | 1200.00   40.00 HI -50.00 -50.00
2026-09-27T06:53:21.137,DEMO,DEMO,DEMO_MODE,0427e6a8ed5b4d0f92e17b614ed8f417,F1 :    900    0 0.10 -14.44 0.54 50.00  90.0  76.0,0.00 0.00 0.00 89.38 0.54 50.00 0.10 -14.44 6 63 6 63 90.0% 76.0% 450.000 0.000 0.00 -4.90 0.00  2.00 0.00 900.00 0.0% | 1200.00   40.00 HI -50.00 -50.00
2026-09-27T06:53:21.258,DEMO,DEMO,DEMO_MODE,0427e6a8ed5b4d0f92e17b614ed8f417,F1 :    900    0 0.10 -14.44 0.54 50.00  90.0  76.0,0.00 0.00 0.00 89.38 0.54 50.00 0.10 -14.44 6 63 6 63 90.0% 76.0% 450.000 0.000 0.00 -4.90 0.00  2.00 0.00 900.00 0.0% | 1200.00   40.00 HI -50.00 -50.00
2026-09-27T06:53:21.384,DEMO,DEMO,DEMO_MODE,0427e6a8ed5b4d0f92e17b614ed8f417,F1 :    900    0 0.10 -14.44 0.54 50.00  90.0  76.0,0.00 0.00 0.00 89.38 0.54 50.00 0.10 -14.44 6 63 6 63 90.0% 76.0% 450.000 0.000 0.00 -4.90 0.00  2.00 0.00 900.00 0.0% | 1200.00   40.00 HI -50.00 -50.00
2026-09-27T06:53:21.505,DEMO,DEMO,DEMO_MODE,0427e6a8ed5b4d0f92e17b614ed8f417,F1 :    900    0 0.10 -14.44 0.54 50.00  90.0  76.0,0.00 0.00 0.00 89.38 0.54 50.00 0.10 -14.44 6 63 6 63 90.0% 76.0% 450.000 0.000 0.00 -4.90 0.00  2.00 0.00 900.00 0.0% | 1200.00   40.00 HI -50.00 -50.00
2026-09-27T06:53:21.632,DEMO,DEMO,DEMO_MODE,0427e6a8ed5b4d0f92e17b614ed8f417,F1 :    900    0 0.10 -14.44 0.54 50.00  90.0  76.0,0.00 0.00 0.00 89.38 0.54 50.00 0.10 -14.44 6 63 6 63 90.0% 76.0% 450.000 0.000 0.00 -4.90 0.00  2.00 0.00 900.00 0.0% | 1200.00   40.00 HI -50.00 -50.00
2026-09-27T06:53:21.752,DEMO,DEMO,DEMO_MODE,0427e6a8ed5b4d0f92e17b614ed8f417,F1 :    900    0 0.10 -14.44 0.54 50.00  90.0  76.0,0.00 0.00 0.00 89.38 0.54 50.00 0.10 -14.44 6 63 6 63 90.0% 76.0% 450.000 0.000 0.00 -4.90 0.00  2.00 0.00 900.00 0.0% | 1200.00   40.00 HI -50.00 -50.00
2026-09-27T06:53:21.879,DEMO,DEMO,DEMO_MODE,0427e6a8ed5b4d0f92e17b614ed8f417,F1 :    900    0 0.10 -14.44 0.54 50.00  90.0  76.0,0.00 0.00 0.00 89.38 0.54 50.00 0.10 -14.44 6 63 6 63 90.0% 76.0% 450.000 0.000 0.00 -4.90 0.00  2.00 0.00 900.00 0.0% | 1200.00   40.00 HI -50.00 -50.00
2026-09-27T06:53:22.006,DEMO,DEMO,DEMO_MODE,0427e6a8ed5b4d0f92e17b614ed8f417,F1 :    900    0 0.10 -14.44 0.54 50.00  90.0  76.0,0.00 0.00 0.00 89.38 0.54 50.00 0.10 -14.44 6 63 6 63 90.0% 76.0% 450.000 0.000 0.00 -4.90 0.00  2.00 0.00 900.00 0.0% | 1200.00   40.00 HI -50.00 -50.00
2026-09-27T06:53:22.133,DEMO,DEMO,DEMO_MODE,0427e6a8ed5b4d0f92e17b614ed8f417,F1 :    900    0 0.10 -14.44 0.54 50.00  90.0  76.0,0.00 0.00 0.00 89.38 0.54 50.00 0.10 -14.44 6 63 6 63 90.0% 76.0% 450.000 0.000 0.00 -4.90 0.00  2.00 0.00 900.00 0.0% | 1200.00   40.00 HI -50.00 -50.00
2026-09-27T06:53:22.253,DEMO,DEMO,DEMO_MODE,0427e6a8ed5b4d0f92e17b614ed8f417,F1 :    900    0 0.10 -14.44 0.54 50.00  90.0  76.0,0.00 0.00 0.00 89.38 0.54 50.00 0.10 -14.44 6 63 6 63 90.0% 76.0% 450.000 0.000 0.00 -4.90 0.00  2.00 0.00 900.00 0.0% | 1200.00   40.00 HI -50.00 -50.00
2026-09-27T06:53:22.379,DEMO,DEMO,DEMO_MODE,0427e6a8ed5b4d0f92e17b614ed8f417,F1 :    900    0 0.10 -14.44 0.54 50.00  90.0  76.0,0.00 0.00 0.00 89.38 0.54 50.00 0.10 -14.44 6 63 6 63 90.0% 76.0% 450.000 0.000 0.00 -4.90 0.00  2.00 0.00 900.00 0.0% | 1200.00   40.00 HI -50.00 -50.00
2026-09-27T06:53:22.500,DEMO,DEMO,DEMO_MODE,0427e6a8ed5b4d0f92e17b614ed8f417,F1 :    900    0 0.10 -14.44 0.54 50.00  90.0  76.0,0.00 0.00 0.00 89.38 0.54 50.00 0.10 -14.44 6 63 6 63 90.0% 76.0% 450.000 0.000 0.00 -4.90 0.00  2.00 0.00 900.00 0.0% | 1200.00   40.00 HI -50.00 -50.00
2026-09-27T06:53:22.626,DEMO,DEMO,DEMO_MODE,0427e6a8ed5b4d0f92e17b614ed8f417,F1 :    900    0 0.10 -14.44 0.54 50.00  90.0  76.0,0.00 0.00 0.00 89.38 0.54 50.00 0.10 -14.44 6 63 6 63 90.0% 76.0% 450.000 0.000 0.00 -4.90 0.00  2.00 0.00 900.00 0.0% | 1200.00   40.00 HI -50.00 -50.00
2026-09-27T06:53:22.747,DEMO,DEMO,DEMO_MODE,0427e6a8ed5b4d0f92e17b614ed8f417,F1 :    900    0 0.10 -14.44 0.54 50.00  90.0  76.0,0.00 0.00 0.00 89.38 0.54 50.00 0.10 -14.44 6 63 6 63 90.0% 76.0% 450.000 0.000 0.00 -4.90 0.00  2.00 0.00 900.00 0.0% | 1200.00   40.00 HI -50.00 -50.00
2026-09-27T06:53:22.873,DEMO,DEMO,DEMO_MODE,0427e6a8ed5b4d0f92e17b614ed8f417,F1 :    900    0 0.10 -14.44 0.54 50.00  90.0  76.0,0.00 0.00 0.00 89.38 0.54 50.00 0.10 -14.44 6 63 6 63 90.0% 76.0% 450.000 0.000 0.00 -4.90 0.00  2.00 0.00 900.00 0.0% | 1200.00   40.00 HI -50.00 -50.00
2026-09-27T06:53:22.994,DEMO,DEMO,DEMO_MODE,0427e6a8ed5b4d0f92e17b614ed8f417,F1 :    900    0 0.10 -14.44 0.54 50.00  90.0  76.0,0.00 0.00 0.00 89.38 0.54 50.00 0.10 -14.44 6 63 6 63 90.0% 76.0% 450.000 0.000 0.00 -4.90 0.00  2.00 0.00 900.00 0.0% | 1200.00   40.00 HI -50.00 -50.00
2026-09-27T06:53:23.120,DEMO,DEMO,DEMO_MODE,0427e6a8ed5b4d0f92e17b614ed8f417,F1 :    900    0 0.10 -14.44 0.54 50.00  90.0  76.0,0.00 0.00 0.00 89.38 0.54 50.00 0.10 -14.44 6 63 6 63 90.0% 76.0% 450.000 0.000 0.00 -4.90 0.00  2.00 0.00 900.00 0.0% | 1200.00   40.00 HI -50.00 -50.00
2026-09-27T06:53:23.246,DEMO,DEMO,DEMO_MODE,0427e6a8ed5b4d0f92e17b614ed8f417,F1 :    900    0 0.10 -14.44 0.54 50.00  90.0  76.0,0.00 0.00 0.00 89.38 0.54 50.00 0.10 -14.44 6 63 6 63 90.0% 76.0% 450.000 0.000 0.00 -4.90 0.00  2.00 0.00 900.00 0.0% | 1200.00   40.00 HI -50.00 -50.00
2026-09-27T06:53:23.373,DEMO,DEMO,DEMO_MODE,0427e6a8ed5b4d0f92e17b614ed8f417,F1 :    900    0 0.10 -14.44 0.54 50.00  90.0  76.0,0.00 0.00 0.00 89.38 0.54 50.00 0.10 -14.44 6 63 6 63 90.0% 76.0% 450.000 0.000 0.00 -4.90 0.00  2.00 0.00 900.00 0.0% | 1200.00   40.00 HI -50.00 -50.00
2026-09-27T06:53:23.494,DEMO,DEMO,DEMO_MODE,0427e6a8ed5b4d0f92e17b614ed8f417,F1 :    900    0 0.10 -14.44 0.54 50.00  90.0  76.0,0.00 0.00 0.00 89.38 0.54 50.00 0.10 -14.44 6 63 6 63 90.0% 76.0% 450.000 0.000 0.00 -4.90 0.00  2.00 0.00 900.00 0.0% | 1200.00   40.00 HI -50.00 -50.00
2026-09-27T06:53:23.621,DEMO,DEMO,DEMO_MODE,0427e6a8ed5b4d0f92e17b614ed8f417,F1 :    900    0 0.10 -14.44 0.54 50.00  90.0  76.0,0.00 0.00 0.00 89.38 0.54 50.00 0.10 -14.44 6 63 6 63 90.0% 76.0% 450.000 0.000 0.00 -4.90 0.00  2.00 0.00 900.00 0.0% | 1200.00   40.00 HI -50.00 -50.00
2026-09-27T06:53:23.751,DEMO,DEMO,DEMO_MODE,0427e6a8ed5b4d0f92e17b614ed8f417,F1 :    900    0 0.10 -14.44 0.54 50.00  90.0  76.0,0.00 0.00 0.00 89.38 0.54 50.00 0.10 -14.44 6 63 6 63 90.0% 76.0% 450.000 0.000 0.00 -4.90 0.00  2.00 0.00 900.00 0.0% | 1200.00   40.00 HI -50.00 -50.00
2026-09-27T06:53:23.878,DEMO,DEMO,DEMO_MODE,0427e6a8ed5b4d0f92e17b614ed8f417,F1 :    900    0 0.10 -14.44 0.54 50.00  90.0  76.0,0.00 0.00 0.00 89.38 0.54 50.00 0.10 -14.44 6 63 6 63 90.0% 76.0% 450.000 0.000 0.00 -4.90 0.00  2.00 0.00 900.00 0.0% | 1200.00   40.00 HI -50.00 -50.00
2026-09-27T06:53:24.009,DEMO,DEMO,DEMO_MODE,0427e6a8ed5b4d0f92e17b614ed8f417,F1 :    900    0 0.10 -14.44 0.54 50.00  90.0  76.0,0.00 0.00 0.00 89.38 0.54 50.00 0.10 -14.44 6 63 6 63 90.0% 76.0% 450.000 0.000 0.00 -4.90 0.00  2.00 0.00 900.00 0.0% | 1200.00   40.00 HI -50.00 -50.00
2026-09-27T06:53:24.136,DEMO,DEMO,DEMO_MODE,0427e6a8ed5b4d0f92e17b614ed8f417,F1 :    900    0 0.10 -14.44 0.54 50.00  90.0  76.0,0.00 0.00 0.00 89.38 0.54 50.00 0.10 -14.44 6 63 6 63 90.0% 76.0% 450.000 0.000 0.00 -4.90 0.00  2.00 0.00 900.00 0.0% | 1200.00   40.00 HI -50.00 -50.00
2026-09-27T06:53:24.257,DEMO,DEMO,DEMO_MODE,0427e6a8ed5b4d0f92e17b614ed8f417,F1 :    900    0 0.10 -14.44 0.54 50.00  90.0  76.0,0.00 0.00 0.00 89.38 0.54 50.00 0.10 -14.44 6 63 6 63 90.0% 76.0% 450.000 0.000 0.00 -4.90 0.00  2.00 0.00 900.00 0.0% | 1200.00   40.00 HI -50.00 -50.00
2026-09-27T06:53:24.384,DEMO,DEMO,DEMO_MODE,0427e6a8ed5b4d0f92e17b614ed8f417,F1 :    900    1 0.10 -14.44 0.54 50.00  90.0  76.0,0.00 0.00 0.00 89.38 0.54 50.00 0.10 -14.44 6 63 6 63 90.0% 76.0% 450.000 0.000 0.00 -4.90 0.00  2.00 0.00 899.00 0.0% | 1200.00   40.00 HI -50.00 -50.00
2026-09-27T06:53:24.505,DEMO,DEMO,DEMO_MODE,0427e6a8ed5b4d0f92e17b614ed8f417,F1 :    900    1 0.10 -14.44 0.54 50.00  90.0  76.0,0.00 0.00 0.00 89.38 0.54 50.00 0.10 -14.44 6 63 6 63 90.0% 76.0% 450.000 0.000 0.00 -4.90 0.00  2.00 0.00 899.00 0.0% | 1200.00   40.00 HI -50.00 -50.00
2026-09-27T06:53:24.630,DEMO,DEMO,DEMO_MODE,0427e6a8ed5b4d0f92e17b614ed8f417,F1 :    900    1 0.10 -14.44 0.54 50.00  90.0  76.0,0.00 0.00 0.00 89.38 0.54 50.00 0.10 -14.44 6 63 6 63 90.0% 76.0% 450.000 0.000 0.00 -4.90 0.00  2.00 0.00 899.00 0.0% | 1200.00   40.00 HI -50.00 -50.00
2026-09-27T06:53:24.751,DEMO,DEMO,DEMO_MODE,0427e6a8ed5b4d0f92e17b614ed8f417,F1 :    900    1 0.10 -14.44 0.54 50.00  90.0  76.0,0.00 0.00 0.00 89.38 0.54 50.00 0.10 -14.44 6 63 6 63 90.0% 76.0% 450.000 0.000 0.00 -4.90 0.00  2.00 0.00 899.00 0.0% | 1200.00   40.00 HI -50.00 -50.00
2026-09-27T06:53:24.878,DEMO,DEMO,DEMO_MODE,0427e6a8ed5b4d0f92e17b614ed8f417,F1 :    900    1 0.10 -14.44 0.54 50.00  90.0  76.0,0.00 0.00 0.00 89.38 0.54 50.00 0.10 -14.44 6 63 6 63 90.0% 76.0% 450.000 0.000 0.00 -4.90 0.00  2.00 0.00 899.00 0.0% | 1200.00   40.00 HI -50.00 -50.00
2026-09-27T06:53:25.015,DEMO,DEMO,DEMO_MODE,0427e6a8ed5b4d0f92e17b614ed8f417,F1 :    900    1 0.10 -14.44 0.54 50.00  90.0  76.0,0.00 0.00 0.00 89.38 0.54 50.00 0.10 -14.44 6 63 6 63 90.0% 76.0% 450.000 0.000 0.00 -4.90 0.00  2.00 0.00 899.00 0.0% | 1200.00   40.00 HI -50.00 -50.00
2026-09-27T06:53:25.142,DEMO,DEMO,DEMO_MODE,0427e6a8ed5b4d0f92e17b614ed8f417,F1 :    900    1 0.10 -14.44 0.54 50.00  90.0  76.0,0.00 0.00 0.00 89.38 0.54 50.00 0.10 -14.44 6 63 6 63 90.0% 76.0% 450.000 0.000 0.00 -4.90 0.00  2.00 0.00 899.00 0.0% | 1200.00   40.00 HI -50.00 -50.00
2026-09-27T06:53:25.263,DEMO,DEMO,DEMO_MODE,0427e6a8ed5b4d0f92e17b614ed8f417,F1 :    900    1 0.10 -14.44 0.54 50.00  90.0  76.0,0.00 0.00 0.00 89.38 0.54 50.00 0.10 -14.44 6 63 6 63 90.0% 76.0% 450.000 0.000 0.00 -4.90 0.00  2.00 0.00 899.00 0.0% | 1200.00   40.00 HI -50.00 -50.00
2026-09-27T06:53:25.388,DEMO,DEMO,DEMO_MODE,0427e6a8ed5b4d0f92e17b614ed8f417,F1 :    900    1 0.10 -14.44 0.54 50.00  90.0  76.0,0.00 0.00 0.00 89.38 0.54 50.00 0.10 -14.44 6 63 6 63 90.0% 76.0% 450.000 0.000 0.00 -4.90 0.00  2.00 0.00 899.00 0.0% | 1200.00   40.00 HI -50.00 -50.00
2026-09-27T06:53:25.525,DEMO,DEMO,DEMO_MODE,0427e6a8ed5b4d0f92e17b614ed8f417,F1 :      0    1 0.10 -14.44 0.54 50.00   0.0   0.0,0.00 0.00 0.00 89.38 0.54 50.00 0.10 -14.44 6 63 6 63  0.0%  0.0%  0.000 0.000 0.00 -4.90 0.00  0.00 0.00   0.00 0.0% | 1200.00  -50.00 HI -50.00 -50.00
2026-09-27T06:53:25.651,DEMO,DEMO,DEMO_MODE,0427e6a8ed5b4d0f92e17b614ed8f417,F1 :      0    1 0.10 -14.44 0.54 50.00   0.0   0.0,0.00 0.00 0.00 89.38 0.54 50.00 0.10 -14.44 6 63 6 63  0.0%  0.0%  0.000 0.000 0.00 -4.90 0.00  0.00 0.00   0.00 0.0% | 1200.00  -50.00 HI -50.00 -50.00
2026-09-27T06:53:25.779,DEMO,DEMO,DEMO_MODE,0427e6a8ed5b4d0f92e17b614ed8f417,F1 :      0    1 0.10 -14.44 0.54 50.00   0.0   0.0,0.00 0.00 0.00 89.38 0.54 50.00 0.10 -14.44 6 63 6 63  0.0%  0.0%  0.000 0.000 0.00 -4.90 0.00  0.00 0.00   0.00 0.0% | 1200.00  -50.00 HI -50.00 -50.00
2026-09-27T06:53:25.905,DEMO,DEMO,DEMO_MODE,0427e6a8ed5b4d0f92e17b614ed8f417,F1 :      0    1 0.10 -14.44 0.54 50.00   0.0   0.0,0.00 0.00 0.00 89.38 0.54 50.00 0.10 -14.44 6 63 6 63  0.0%  0.0%  0.000 0.000 0.00 -4.90 0.00  0.00 0.00   0.00 0.0% | 1200.00  -50.00 HI -50.00 -50.00
2026-09-27T06:53:26.031,DEMO,DEMO,DEMO_MODE,0427e6a8ed5b4d0f92e17b614ed8f417,F1 :      0    1 0.10 -14.44 0.54 50.00   0.0   0.0,0.00 0.00 0.00 89.38 0.54 50.00 0.10 -14.44 6 63 6 63  0.0%  0.0%  0.000 0.000 0.00 -4.90 0.00  0.00 0.00   0.00 0.0% | 1200.00  -50.00 HI -50.00 -50.00
2026-09-27T06:53:26.152,DEMO,DEMO,DEMO_MODE,0427e6a8ed5b4d0f92e17b614ed8f417,F1 :      0    1 0.10 -14.44 0.54 50.00   0.0   0.0,0.00 0.00 0.00 89.38 0.54 50.00 0.10 -14.44 6 63 6 63  0.0%  0.0%  0.000 0.000 0.00 -4.90 0.00  0.00 0.00   0.00 0.0% | 1200.00  -50.00 HI -50.00 -50.00
2026-09-27T06:53:26.273,DEMO,DEMO,DEMO_MODE,0427e6a8ed5b4d0f92e17b614ed8f417,F1 :      0    1 0.10 -14.44 0.54 50.00   0.0   0.0,0.00 0.00 0.00 89.38 0.54 50.00 0.10 -14.44 6 63 6 63  0.0%  0.0%  0.000 0.000 0.00 -4.90 0.00  0.00 0.00   0.00 0.0% | 1200.00  -50.00 HI -50.00 -50.00
2026-09-27T06:53:26.398,DEMO,DEMO,DEMO_MODE,0427e6a8ed5b4d0f92e17b614ed8f417,F1 :      0    1 0.10 -14.44 0.54 50.00   0.0   0.0,0.00 0.00 0.00 89.38 0.54 50.00 0.10 -14.44 6 63 6 63  0.0%  0.0%  0.000 0.000 0.00 -4.90 0.00  0.00 0.00   0.00 0.0% | 1200.00  -50.00 HI -50.00 -50.00
2026-09-27T06:53:26.518,DEMO,DEMO,DEMO_MODE,0427e6a8ed5b4d0f92e17b614ed8f417,F1 :      0    1 0.10 -14.44 0.54 50.00   0.0   0.0,0.00 0.00 0.00 89.38 0.54 50.00 0.10 -14.44 6 63 6 63  0.0%  0.0%  0.000 0.000 0.00 -4.90 0.00  0.00 0.00   0.00 0.0% | 1200.00  -50.00 HI -50.00 -50.00
2026-09-27T06:53:26.644,DEMO,DEMO,DEMO_MODE,0427e6a8ed5b4d0f92e17b614ed8f417,F1 :      0    1 0.10 -14.44 0.54 50.00   0.0   0.0,0.00 0.00 0.00 89.38 0.54 50.00 0.10 -14.44 6 63 6 63  0.0%  0.0%  0.000 0.000 0.00 -4.90 0.00  0.00 0.00   0.00 0.0% | 1200.00  -50.00 HI -50.00 -50.00
2026-09-27T06:53:26.771,DEMO,DEMO,DEMO_MODE,0427e6a8ed5b4d0f92e17b614ed8f417,F1 :      0    1 0.10 -14.44 0.54 50.00   0.0   0.0,0.00 0.00 0.00 89.38 0.54 50.00 0.10 -14.44 6 63 6 63  0.0%  0.0%  0.000 0.000 0.00 -4.90 0.00  0.00 0.00   0.00 0.0% | 1200.00  -50.00 HI -50.00 -50.00
2026-09-27T06:53:26.896,DEMO,DEMO,DEMO_MODE,0427e6a8ed5b4d0f92e17b614ed8f417,F1 :      0    1 0.10 -14.44 0.54 50.00   0.0   0.0,0.00 0.00 0.00 89.38 0.54 50.00 0.10 -14.44 6 63 6 63  0.0%  0.0%  0.000 0.000 0.00 -4.90 0.00  0.00 0.00   0.00 0.0% | 1200.00  -50.00 HI -50.00 -50.00
2026-09-27T06:53:27.027,DEMO,DEMO,DEMO_MODE,0427e6a8ed5b4d0f92e17b614ed8f417,F1 :      0    1 0.10 -14.44 0.54 50.00   0.0   0.0,0.00 0.00 0.00 89.38 0.54 50.00 0.10 -14.44 6 63 6 63  0.0%  0.0%  0.000 0.000 0.00 -4.90 0.00  0.00 0.00   0.00 0.0% | 1200.00  -50.00 HI -50.00 -50.00
2026-09-27T06:53:27.153,DEMO,DEMO,DEMO_MODE,0427e6a8ed5b4d0f92e17b614ed8f417,F1 :      0    1 0.10 -14.44 0.54 50.00   0.0   0.0,0.00 0.00 0.00 89.38 0.54 50.00 0.10 -14.44 6 63 6 63  0.0%  0.0%  0.000 0.000 0.00 -4.90 0.00  0.00 0.00   0.00 0.0% | 1200.00  -50.00 HI -50.00 -50.00
2026-09-27T06:53:27.274,DEMO,DEMO,DEMO_MODE,0427e6a8ed5b4d0f92e17b614ed8f417,F1 :      0    1 0.10 -14.44 0.54 50.00   0.0   0.0,0.00 0.00 0.00 89.38 0.54 50.00 0.10 -14.44 6 63 6 63  0.0%  0.0%  0.000 0.000 0.00 -4.90 0.00  0.00 0.00   0.00 0.0% | 1200.00  -50.00 HI -50.00 -50.00
2026-09-27T06:53:27.400,DEMO,DEMO,DEMO_MODE,0427e6a8ed5b4d0f92e17b614ed8f417,F1 :      0    1 0.10 -14.44 0.54 50.00   0.0   0.0,0.00 0.00 0.00 89.38 0.54 50.00 0.10 -14.44 6 63 6 63  0.0%  0.0%  0.000 0.000 0.00 -4.90 0.00  0.00 0.00   0.00 0.0% | 1200.00  -50.00 HI -50.00 -50.00
2026-09-27T06:53:27.525,DEMO,DEMO,DEMO_MODE,0427e6a8ed5b4d0f92e17b614ed8f417,F1 :      0    1 0.10 -14.44 0.54 50.00   0.0   0.0,0.00 0.00 0.00 89.38 0.54 50.00 0.10 -14.44 6 63 6 63  0.0%  0.0%  0.000 0.000 0.00 -4.90 0.00  0.00 0.00   0.00 0.0% | 1200.00  -50.00 HI -50.00 -50.00
2026-09-27T06:53:27.651,DEMO,DEMO,DEMO_MODE,0427e6a8ed5b4d0f92e17b614ed8f417,F1 :      0    1 0.10 -14.44 0.54 50.00   0.0   0.0,0.00 0.00 0.00 89.38 0.54 50.00 0.10 -14.44 6 63 6 63  0.0%  0.0%  0.000 0.000 0.00 -4.90 0.00  0.00 0.00   0.00 0.0% | 1200.00  -50.00 HI -50.00 -50.00
2026-09-27T06:53:27.772,DEMO,DEMO,DEMO_MODE,0427e6a8ed5b4d0f92e17b614ed8f417,F1 :      0    1 0.10 -14.44 0.54 50.00   0.0   0.0,0.00 0.00 0.00 89.38 0.54 50.00 0.10 -14.44 6 63 6 63  0.0%  0.0%  0.000 0.000 0.00 -4.90 0.00  0.00 0.00   0.00 0.0% | 1200.00  -50.00 HI -50.00 -50.00
2026-09-27T06:53:27.899,DEMO,DEMO,DEMO_MODE,0427e6a8ed5b4d0f92e17b614ed8f417,F1 :      0    1 0.10 -14.44 0.54 50.00   0.0   0.0,0.00 0.00 0.00 89.38 0.54 50.00 0.10 -14.44 6 63 6 63  0.0%  0.0%  0.000 0.000 0.00 -4.90 0.00  0.00 0.00   0.00 0.0% | 1200.00  -50.00 HI -50.00 -50.00
2026-09-27T06:53:28.020,DEMO,DEMO,DEMO_MODE,0427e6a8ed5b4d0f92e17b614ed8f417,F1 :      0    1 0.10 -14.44 0.54 50.00   0.0   0.0,0.00 0.00 0.00 89.38 0.54 50.00 0.10 -14.44 6 63 6 63  0.0%  0.0%  0.000 0.000 0.00 -4.90 0.00  0.00 0.00   0.00 0.0% | 1200.00  -50.00 HI -50.00 -50.00
2026-09-27T06:53:28.145,DEMO,DEMO,DEMO_MODE,0427e6a8ed5b4d0f92e17b614ed8f417,F1 :      0    1 0.10 -14.44 0.54 50.00   0.0   0.0,0.00 0.00 0.00 89.38 0.54 50.00 0.10 -14.44 6 63 6 63  0.0%  0.0%  0.000 0.000 0.00 -4.90 0.00  0.00 0.00   0.00 0.0% | 1200.00  -50.00 HI -50.00 -50.00
2026-09-27T06:53:28.266,DEMO,DEMO,DEMO_MODE,0427e6a8ed5b4d0f92e17b614ed8f417,F1 :      0    1 0.10 -14.44 0.54 50.00   0.0   0.0,0.00 0.00 0.00 89.38 0.54 50.00 0.10 -14.44 6 63 6 63  0.0%  0.0%  0.000 0.000 0.00 -4.90 0.00  0.00 0.00   0.00 0.0% | 1200.00  -50.00 HI -50.00 -50.00
2026-09-27T06:53:28.392,DEMO,DEMO,DEMO_MODE,0427e6a8ed5b4d0f92e17b614ed8f417,F1 :      0    1 0.10 -14.44 0.54 50.00   0.0   0.0,0.00 0.00 0.00 89.38 0.54 50.00 0.10 -14.44 6 63 6 63  0.0%  0.0%  0.000 0.000 0.00 -4.90 0.00  0.00 0.00   0.00 0.0% | 1200.00  -50.00 HI -50.00 -50.00
2026-09-27T06:53:28.528,DEMO,DEMO,DEMO_MODE,0427e6a8ed5b4d0f92e17b614ed8f417,F1 :      0    1 0.10 -14.44 0.54 50.00   0.0   0.0,0.00 0.00 0.00 89.38 0.54 50.00 0.10 -14.44 6 63 6 63  0.0%  0.0%  0.000 0.000 0.00 -4.90 0.00  0.00 0.00   0.00 0.0% | 1200.00  -50.00 HI -50.00 -50.00
2026-09-27T06:53:28.654,DEMO,DEMO,DEMO_MODE,0427e6a8ed5b4d0f92e17b614ed8f417,F1 :      0    1 0.10 -14.44 0.54 50.00   0.0   0.0,0.00 0.00 0.00 89.38 0.54 50.00 0.10 -14.44 6 63 6 63  0.0%  0.0%  0.000 0.000 0.00 -4.90 0.00  0.00 0.00   0.00 0.0% | 1200.00  -50.00 HI -50.00 -50.00
2026-09-27T06:53:28.778,DEMO,DEMO,DEMO_MODE,0427e6a8ed5b4d0f92e17b614ed8f417,F1 :      0    1 0.10 -14.44 0.54 50.00   0.0   0.0,0.00 0.00 0.00 89.38 0.54 50.00 0.10 -14.44 6 63 6 63  0.0%  0.0%  0.000 0.000 0.00 -4.90 0.00  0.00 0.00   0.00 0.0% | 1200.00  -50.00 HI -50.00 -50.00
2026-09-27T06:53:28.904,DEMO,DEMO,DEMO_MODE,0427e6a8ed5b4d0f92e17b614ed8f417,F1 :      0    1 0.10 -14.44 0.54 50.00   0.0   0.0,0.00 0.00 0.00 89.38 0.54 50.00 0.10 -14.44 6 63 6 63  0.0%  0.0%  0.000 0.000 0.00 -4.90 0.00  0.00 0.00   0.00 0.0% | 1200.00  -50.00 HI -50.00 -50.00
2026-09-27T06:53:29.027,DEMO,DEMO,DEMO_MODE,0427e6a8ed5b4d0f92e17b614ed8f417,F1 :      0    1 0.10 -14.44 0.54 50.00   0.0   0.0,0.00 0.00 0.00 89.38 0.54 50.00 0.10 -14.44 6 63 6 63  0.0%  0.0%  0.000 0.000 0.00 -4.90 0.00  0.00 0.00   0.00 0.0% | 1200.00  -50.00 HI -50.00 -50.00
2026-09-27T06:53:29.153,DEMO,DEMO,DEMO_MODE,0427e6a8ed5b4d0f92e17b614ed8f417,F1 :      0    1 0.10 -14.44 0.54 50.00   0.0   0.0,0.00 0.00 0.00 89.38 0.54 50.00 0.10 -14.44 6 63 6 63  0.0%  0.0%  0.000 0.000 0.00 -4.90 0.00  0.00 0.00   0.00 0.0% | 1200.00  -50.00 HI -50.00 -50.00
2026-09-27T06:53:29.274,DEMO,DEMO,DEMO_MODE,0427e6a8ed5b4d0f92e17b614ed8f417,F1 :      0    1 0.10 -14.44 0.54 50.00   0.0   0.0,0.00 0.00 0.00 89.38 0.54 50.00 0.10 -14.44 6 63 6 63  0.0%  0.0%  0.000 0.000 0.00 -4.90 0.00  0.00 0.00   0.00 0.0% | 1200.00  -50.00 HI -50.00 -50.00
2026-09-27T06:53:29.399,DEMO,DEMO,DEMO_MODE,0427e6a8ed5b4d0f92e17b614ed8f417,F1 :      0    1 0.10 -14.44 0.54 50.00   0.0   0.0,0.00 0.00 0.00 89.38 0.54 50.00 0.10 -14.44 6 63 6 63  0.0%  0.0%  0.000 0.000 0.00 -4.90 0.00  0.00 0.00   0.00 0.0% | 1200.00  -50.00 HI -50.00 -50.00
2026-09-27T06:53:29.525,DEMO,DEMO,DEMO_MODE,0427e6a8ed5b4d0f92e17b614ed8f417,F1 :      0    1 0.10 -14.44 0.54 50.00   0.0   0.0,0.00 0.00 0.00 89.38 0.54 50.00 0.10 -14.44 6 63 6 63  0.0%  0.0%  0.000 0.000 0.00 -4.90 0.00  0.00 0.00   0.00 0.0% | 1200.00  -50.00 HI -50.00 -50.00
2026-09-27T06:53:29.651,DEMO,DEMO,DEMO_MODE,0427e6a8ed5b4d0f92e17b614ed8f417,F1 :      0    1 0.10 -14.44 0.54 50.00   0.0   0.0,0.00 0.00 0.00 89.38 0.54 50.00 0.10 -14.44 6 63 6 63  0.0%  0.0%  0.000 0.000 0.00 -4.90 0.00  0.00 0.00   0.00 0.0% | 1200.00  -50.00 HI -50.00 -50.00
2026-09-27T06:53:29.772,DEMO,DEMO,DEMO_MODE,0427e6a8ed5b4d0f92e17b614ed8f417,F1 :      0    1 0.10 -14.44 0.54 50.00   0.0   0.0,0.00 0.00 0.00 89.38 0.54 50.00 0.10 -14.44 6 63 6 63  0.0%  0.0%  0.000 0.000 0.00 -4.90 0.00  0.00 0.00   0.00 0.0% | 1200.00  -50.00 HI -50.00 -50.00
2026-09-27T06:53:29.899,DEMO,DEMO,DEMO_MODE,0427e6a8ed5b4d0f92e17b614ed8f417,F1 :      0    1 0.10 -14.44 0.54 50.00   0.0   0.0,0.00 0.00 0.00 89.38 0.54 50.00 0.10 -14.44 6 63 6 63  0.0%  0.0%  0.000 0.000 0.00 -4.90 0.00  0.00 0.00   0.00 0.0% | 1200.00  -50.00 HI -50.00 -50.00
2026-09-27T06:53:30.019,DEMO,DEMO,DEMO_MODE,0427e6a8ed5b4d0f92e17b614ed8f417,F1 :      0    1 0.10 -14.44 0.54 50.00   0.0   0.0,0.00 0.00 0.00 89.38 0.54 50.00 0.10 -14.44 6 63 6 63  0.0%  0.0%  0.000 0.000 0.00 -4.90 0.00  0.00 0.00   0.00 0.0% | 1200.00  -50.00 HI -50.00 -50.00
2026-09-27T06:53:30.145,DEMO,DEMO,DEMO_MODE,0427e6a8ed5b4d0f92e17b614ed8f417,F1 :      0    1 0.10 -14.44 0.54 50.00   0.0   0.0,0.00 0.00 0.00 89.38 0.54 50.00 0.10 -14.44 6 63 6 63  0.0%  0.0%  0.000 0.000 0.00 -4.90 0.00  0.00 0.00   0.00 0.0% | 1200.00  -50.00 HI -50.00 -50.00
2026-09-27T06:53:30.266,DEMO,DEMO,DEMO_MODE,0427e6a8ed5b4d0f92e17b614ed8f417,F1 :      0    1 0.10 -14.44 0.54 50.00   0.0   0.0,0.00 0.00 0.00 89.38 0.54 50.00 0.10 -14.44 6 63 6 63  0.0%  0.0%  0.000 0.000 0.00 -4.90 0.00  0.00 0.00   0.00 0.0% | 1200.00  -50.00 HI -50.00 -50.00
2026-09-27T06:53:30.393,DEMO,DEMO,DEMO_MODE,0427e6a8ed5b4d0f92e17b614ed8f417,F1 :      0    1 0.10 -14.44 0.54 50.00   0.0   0.0,0.00 0.00 0.00 89.38 0.54 50.00 0.10 -14.44 6 63 6 63  0.0%  0.0%  0.000 0.000 0.00 -4.90 0.00  0.00 0.00   0.00 0.0% | 1200.00  -50.00 HI -50.00 -50.00
2026-09-27T06:53:30.523,DEMO,DEMO,DEMO_MODE,0427e6a8ed5b4d0f92e17b614ed8f417,F1 :      0    1 0.10 -14.44 0.54 50.00   0.0   0.0,0.00 0.00 0.00 89.38 0.54 50.00 0.10 -14.44 6 63 6 63  0.0%  0.0%  0.000 0.000 0.00 -4.90 0.00  0.00 0.00   0.00 0.0% | 1200.00  -50.00 HI -50.00 -50.00
2026-09-27T06:53:30.649,DEMO,DEMO,DEMO_MODE,0427e6a8ed5b4d0f92e17b614ed8f417,F1 :      0    1 0.10 -14.44 0.54 50.00   0.0   4.0,0.00 0.00 0.00 89.38 0.54 50.00 0.10 -14.44 6 63 6 63  0.0%  4.0%  0.000 0.000 0.00 -4.90 0.00  0.00 0.00   0.00 0.0% | 1200.00  -50.00 HI -50.00 -50.00
2026-09-27T06:53:30.774,DEMO,DEMO,DEMO_MODE,0427e6a8ed5b4d0f92e17b614ed8f417,F1 :      0    1 0.10 -14.44 0.54 50.00   0.0   4.0,0.00 0.00 0.00 89.38 0.54 50.00 0.10 -14.44 6 63 6 63  0.0%  4.0%  0.000 0.000 0.00 -4.90 0.00  0.00 0.00   0.00 0.0% | 1200.00  -50.00 HI -50.00 -50.00
2026-09-27T06:53:30.900,DEMO,DEMO,DEMO_MODE,0427e6a8ed5b4d0f92e17b614ed8f417,F1 :      0    1 0.10 -14.44 0.54 50.00   0.0   4.0,0.00 0.00 0.00 89.38 0.54 50.00 0.10 -14.44 6 63 6 63  0.0%  4.0%  0.000 0.000 0.00 -4.90 0.00  0.00 0.00   0.00 0.0% | 1200.00  -50.00 HI -50.00 -50.00
2026-09-27T06:53:31.020,DEMO,DEMO,DEMO_MODE,0427e6a8ed5b4d0f92e17b614ed8f417,F1 :      0    1 0.10 -14.44 0.54 50.00   0.0   4.0,0.00 0.00 0.00 89.38 0.54 50.00 0.10 -14.44 6 63 6 63  0.0%  4.0%  0.000 0.000 0.00 -4.90 0.00  0.00 0.00   0.00 0.0% | 1200.00  -50.00 HI -50.00 -50.00
2026-09-27T06:53:31.146,DEMO,DEMO,DEMO_MODE,0427e6a8ed5b4d0f92e17b614ed8f417,F1 :      0    1 0.10 -14.44 0.54 50.00   0.0   4.0,0.00 0.00 0.00 89.38 0.54 50.00 0.10 -14.44 6 63 6 63  0.0%  4.0%  0.000 0.000 0.00 -4.90 0.00  0.00 0.00   0.00 0.0% | 1200.00  -50.00 HI -50.00 -50.00
2026-09-27T06:53:31.272,DEMO,DEMO,DEMO_MODE,0427e6a8ed5b4d0f92e17b614ed8f417,F1 :      0    1 0.10 -14.44 0.54 50.00   0.0   4.0,0.00 0.00 0.00 89.38 0.54 50.00 0.10 -14.44 6 63 6 63  0.0%  4.0%  0.000 0.000 0.00 -4.90 0.00  0.00 0.00   0.00 0.0% | 1200.00  -50.00 HI -50.00 -50.00
2026-09-27T06:53:31.399,DEMO,DEMO,DEMO_MODE,0427e6a8ed5b4d0f92e17b614ed8f417,F1 :      0    1 0.10 -14.44 0.54 50.00   0.0   4.0,0.00 0.00 0.00 89.38 0.54 50.00 0.10 -14.44 6 63 6 63  0.0%  4.0%  0.000 0.000 0.00 -4.90 0.00  0.00 0.00   0.00 0.0% | 1200.00  -50.00 HI -50.00 -50.00
