timestamp,product,serial_number,firmware,session_id,pdat1,psum1
2026-09-27T06:53:43.974,DEMO,DEMO,DEMO_MODE,c87dde3f195c4fe8a135dd7fcf0abcad,F1 :      0    0 0.10 -14.44 0.54 50.00   0.0   0.0,0.00 0.00 0.00 89.38 0.54 50.00 0.10 -14.44 6 63 6 63  0.0%  0.0%  0.000 0.000 0.00 -4.90 0.00  0.00 0.00   0.00 0.0% | 1200.00  -50.00 HI -50.00 -50.00
2026-09-27T06:53:44.094,DEMO,DEMO,DEMO_MODE,c87dde3f195c4fe8a135dd7fcf0abcad,F1 :      0    0 0.10 -14.44 0.54 50.00   0.0   0.0,0.00 0.00 0.00 89.38 0.54 50.00 0.10 -14.44 6 63 6 63  0.0%  0.0%  0.000 0.000 0.00 -4.90 0.00  0.00 0.00   0.00 0.0% | 1200.00  -50.00 HI -50.00 -50.00
2026-09-27T06:53:44.214,DEMO,DEMO,DEMO_MODE,c87dde3f195c4fe8a135dd7fcf0abcad,F1 :      0    0 0.10 -14.44 0.54 50.00   0.0   0.0,0.00 0.00 0.00 89.38 0.54 50.00 0.10 -14.44 6 63 6 63  0.0%  0.0%  0.000 0.000 0.00 -4.90 0.00  0.00 0.00   0.00 0.0% | 1200.00  -50.00 HI -50.00 -50.00
2026-09-27T06:53:44.335,DEMO,DEMO,DEMO_MODE,c87dde3f195c4fe8a135dd7fcf0abcad,F1 :      0    0 0.10 -14.44 0.54 50.00   0.0   0.0,0.00 0.00 0.00 89.38 0.54 50.00 0.10 -14.44 6 63 6 63  0.0%  0.0%  0.000 0.000 0.00 -4.90 0.00  0.00 0.00   0.00 0.0% | 1200.00  -50.00 HI -50.00 -50.00
2026-09-27T06:53:44.456,DEMO,DEMO,DEMO_MODE,c87dde3f195c4fe8a135dd7fcf0abcad,F1 :      0    0 0.10 -14.44 0.54 50.00   0.0   0.0,0.00 0.00 0.00 89.38 0.54 50.00 0.10 -14.44 6 63 6 63  0.0%  0.0%  0.000 0.000 0.00 -4.90 0.00  0.00 0.00   0.00 0.0% | 1200.00  -50.00 HI -50.00 -50.00
2026-09-27T06:53:44.577,DEMO,DEMO,DEMO_MODE,c87dde3f195c4fe8a135dd7fcf0abcad,F1 :      0    0 0.10 -14.44 0.54 50.00   0.0   0.0,0.00 0.00 0.00 89.38 0.54 50.00 0.10 -14.44 6 63 6 63  0.0%  0.0%  0.000 0.000 0.00 -4.90 0.00  0.00 0.00   0.00 0.0% | 1200.00  -50.00 HI -50.00 -50.00
2026-09-27T06:53:44.698,DEMO,DEMO,DEMO_MODE,c87dde3f195c4fe8a135dd7fcf0abcad,F1 :      0    0 0.10 -14.44 0.54 50.00   0.0   0.0,0.00 0.00 0.00 89.38 0.54 50.00 0.10 -14.44 6 63 6 63  0.0%  0.0%  0.000 0.000 0.00 -4.90 0.00  0.00 0.00   0.00 0.0% | 1200.00  -50.00 HI -50.00 -50.00
2026-09-27T06:53:44.819,DEMO,DEMO,DEMO_MODE,c87dde3f195c4fe8a135dd7fcf0abcad,F1 :      0    0 0.10 -14.44 0.54 50.00   0.0   0.0,0.00 0.00 0.00 89.38 0.54 50.00 0.10 -14.44 6 63 6 63  0.0%  0.0%  0.000 0.000 0.00 -4.90 0.00  0.00 0.00   0.00 0.0% | 1200.00  -50.00 HI -50.00 -50.00
2026-09-27T06:53:44.940,DEMO,DEMO,DEMO_MODE,c87dde3f195c4fe8a135dd7fcf0abcad,F1 :      0    0 0.10 -14.44 0.54 50.00   0.0   0.0,0.00 0.00 0.00 89.38 0.54 50.00 0.10 -14.44 6 63 6 63  0.0%  0.0%  0.000 0.000 0.00 -4.90 0.00  0.00 0.00   0.00 0.0% | 1200.00  -50.00 HI -50.00 -50.00
2026-09-27T06:53:45.061,DEMO,DEMO,DEMO_MODE,c87dde3f195c4fe8a135dd7fcf0abcad,F1 :      0    0 0.10 -14.44 0.54 50.00   0.0   0.0,0.00 0.00 0.00 89.38 0.54 50.00 0.10 -14.44 6 63 6 63  0.0%  0.0%  0.000 0.000 0.00 -4.90 0.00  0.00 0.00   0.00 0.0% | 1200.00  -50.00 HI -50.00 -50.00
2026-09-27T06:53:45.181,DEMO,DEMO,DEMO_MODE,c87dde3f195c4fe8a135dd7fcf0abcad,F1 :      0    0 0.10 -14.44 0.54 50.00   0.0   0.0,0.00 0.00 0.00 89.38 0.54 50.00 0.10 -14.44 6 63 6 63  0.0%  0.0%  0.000 0.000 0.00 -4.90 0.00  0.00 0.00   0.00 0.0% | 1200.00  -50.00 HI -50.00 -50.00
2026-09-27T06:53:45.302,DEMO,DEMO,DEMO_MODE,c87dde3f195c4fe8a135dd7fcf0abcad,F1 :      0    0 0.10 -14.44 0.54 50.00   0.0   0.0,0.00 0.00 0.00 89.38 0.54 50.00 0.10 -14.44 6 63 6 63  0.0%  0.0%  0.000 0.000 0.00 -4.90 0.00  0.00 0.00   0.00 0.0% | 1200.00  -50.00 HI -50.00 -50.00
2026-09-27T06:53:45.423,DEMO,DEMO,DEMO_MODE,c87dde3f195c4fe8a135dd7fcf0abcad,F1 :      0    0 0.10 -14.44 0.54 50.00   0.0   0.0,0.00 0.00 0.00 89.38 0.54 50.00 0.10 -14.44 6 63 6 63  0.0%  0.0%  0.000 0.000 0.00 -4.90 0.00  0.00 0.00   0.00 0.0% | 1200.00  -50.00 HI -50.00 -50.00
2026-09-27T06:53:45.543,DEMO,DEMO,DEMO_MODE,c87dde3f195c4fe8a135dd7fcf0abcad,F1 :      0    0 0.10 -14.44 0.54 50.00   0.0   0.0,0.00 0.00 0.00 89.38 0.54 50.00 0.10 -14.44 6 63 6 63  0.0%  0.0%  0.000 0.000 0.00 -4.90 0.00  0.00 0.00   0.00 0.0% | 1200.00  -50.00 HI -50.00 -50.00
2026-09-27T06:53:45.663,DEMO,DEMO,DEMO_MODE,c87dde3f195c4fe8a135dd7fcf0abcad,F1 :      0    0 0.10 -14.44 0.54 50.00   0.0   0.0,0.00 0.00 0.00 89.38 0.54 50.00 0.10 -14.44 6 63 6 63  0.0%  0.0%  0.000 0.000 0.00 -4.90 0.00  0.00 0.00   0.00 0.0% | 1200.00  -50.00 HI -50.00 -50.00
2026-09-27T06:53:45.784,DEMO,DEMO,DEMO_MODE,c87dde3f195c4fe8a135dd7fcf0abcad,F1 :      0    0 0.10 -14.44 0.54 50.00   0.0   0.0,0.00 0.00 0.00 89.38 0.54 50.00 0.10 -14.44 6 63 6 63  0.0%  0.0%  0.000 0.000 0.00 -4.90 0.00  0.00 0.00   0.00 0.0% | 1200.00  -50.00 HI -50.00 -50.00
2026-09-27T06:53:45.905,DEMO,DEMO,DEMO_MODE,c87dde3f195c4fe8a135dd7fcf0abcad,F1 :      0    0 0.10 -14.44 0.54 50.00   0.0   0.0,0.00 0.00 0.00 89.38 0.54 50.00 0.10 -14.44 6 63 6 63  0.0%  0.0%  0.000 0.000 0.00 -4.90 0.00  0.00 0.00   0.00 0.0% | 1200.00  -50.00 HI -50.00 -50.00
2026-09-27T06:53:46.025,DEMO,DEMO,DEMO_MODE,c87dde3f195c4fe8a135dd7fcf0abcad,F1 :      0    0 0.10 -14.44 0.54 50.00   0.0   0.0,0.00 0.00 0.00 89.38 0.54 50.00 0.10 -14.44 6 63 6 63  0.0%  0.0%  0.000 0.000 0.00 -4.90 0.00  0.00 0.00   0.00 0.0% | 1200.00  -50.00 HI -50.00 -50.00
2026-09-27T06:53:46.145,DEMO,DEMO,DEMO_MODE,c87dde3f195c4fe8a135dd7fcf0abcad,F1 :      0    0 0.10 -14.44 0.54 50.00   0.0   0.0,0.00 0.00 0.00 89.38 0.54 50.00 0.10 -14.44 6 63 6 63  0.0%  0.0%  0.000 0.000 0.00 -4.90 0.00  0.00 0.00   0.00 0.0% | 1200.00  -50.00 HI -50.00 -50.00
2026-09-27T06:53:46.266,DEMO,DEMO,DEMO_MODE,c87dde3f195c4fe8a135dd7fcf0abcad,F1 :      0    0 0.10 -14.44 0.54 50.00   0.0   0.0,0.00 0.00 0.00 89.38 0.54 50.00 0.10 -14.44 6 63 6 63  0.0%  0.0%  0.000 0.000 0.00 -4.90 0.00  0.00 0.00   0.00 0.0% | 1200.00  -50.00 HI -50.00 -50.00
2026-09-27T06:53:46.386,DEMO,DEMO,DEMO_MODE,c87dde3f195c4fe8a135dd7fcf0abcad,F1 :      0    0 0.10 -14.44 0.54 50.00   0.0   0.0,0.00 0.00 0.00 89.38 0.54 50.00 0.10 -14.44 6 63 6 63  0.0%  0.0%  0.000 0.000 0.00 -4.90 0.00  0.00 0.00   0.00 0.0% | 1200.00  -50.00 HI -50.00 -50.00
2026-09-27T06:53:46.507,DEMO,DEMO,DEMO_MODE,c87dde3f195c4fe8a135dd7fcf0abcad,F1 :      0    0 0.10 -14.44 0.54 50.00   0.0   0.0,0.00 0.00 0.00 89.38 0.54 50.00 0.10 -14.44 6 63 6 63  0.0%  0.0%  0.000 0.000 0.00 -4.90 0.00  0.00 0.00   0.00 0.0% | 1200.00  -50.00 HI -50.00 -50.00
2026-09-27T06:53:46.629,DEMO,DEMO,DEMO_MODE,c87dde3f195c4fe8a135dd7fcf0abcad,F1 :      0    0 0.10 -14.44 0.54 50.00   0.0   0.0,0.00 0.00 0.00 89.38 0.54 50.00 0.10 -14.44 6 63 6 63  0.0%  0.0%  0.000 0.000 0.00 -4.90 0.00  0.00 0.00   0.00 0.0% | 1200.00  -50.00 HI -50.00 -50.00
2026-09-27T06:53:46.749,DEMO,DEMO,DEMO_MODE,c87dde3f195c4fe8a135dd7fcf0abcad,F1 :      0    0 0.10 -14.44 0.54 50.00   0.0   0.0,0.00 0.00 0.00 89.38 0.54 50.00 0.10 -14.44 6 63 6 63  0.0%  0.0%  0.000 0.000 0.00 -4.90 0.00  0.00 0.00   0.00 0.0% | 1200.00  -50.00 HI -50.00 -50.00
2026-09-27T06:53:46.870,DEMO,DEMO,DEMO_MODE,c87dde3f195c4fe8a135dd7fcf0abcad,F1 :      0    0 0.10 -14.44 0.54 50.00   0.0   0.0,0.00 0.00 0.00 89.38 0.54 50.00 0.10 -14.44 6 63 6 63  0.0%  0.0%  0.000 0.000 0.00 -4.90 0.00  0.00 0.00   0.00 0.0% | 1200.00  -50.00 HI -50.00 -50.00
2026-09-27T06:53:46.991,DEMO,DEMO,DEMO_MODE,c87dde3f195c4fe8a135dd7fcf0abcad,F1 :      0    0 0.10 -14.44 0.54 50.00   0.0   0.0,0.00 0.00 0.00 89.38 0.54 50.00 0.10 -14.44 6 63 6 63  0.0%  0.0%  0.000 0.000 0.00 -4.90 0.00  0.00 0.00   0.00 0.0% | 1200.00  -50.00 HI -50.00 -50.00
2026-09-27T06:53:47.111,DEMO,DEMO,DEMO_MODE,c87dde3f195c4fe8a135dd7fcf0abcad,F1 :      0    0 0.10 -14.44 0.54 50.00   0.0   0.0,0.00 0.00 0.00 89.38 0.54 50.00 0.10 -14.44 6 63 6 63  0.0%  0.0%  0.000 0.000 0.00 -4.90 0.00  0.00 0.00   0.00 0.0% | 1200.00  -50.00 HI -50.00 -50.00
2026-09-27T06:53:47.231,DEMO,DEMO,DEMO_MODE,c87dde3f195c4fe8a135dd7fcf0abcad,F1 :      0    0 0.10 -14.44 0.54 50.00   0.0   0.0,0.00 0.00 0.00 89.38 0.54 50.00 0.10 -14.44 6 63 6 63  0.0%  0.0%  0.000 0.000 0.00 -4.90 0.00  0.00 0.00   0.00 0.0% | 1200.00  -50.00 HI -50.00 -50.00
2026-09-27T06:53:47.353,DEMO,DEMO,DEMO_MODE,c87dde3f195c4fe8a135dd7fcf0abcad,F1 :      0    0 0.10 -14.44 0.54 50.00   0.0   0.0,0.00 0.00 0.00 89.38 0.54 50.00 0.10 -14.44 6 63 6 63  0.0%  0.0%  0.000 0.000 0.00 -4.90 0.00  0.00 0.00   0.00 0.0% | 1200.00  -50.00 HI -50.00 -50.00
2026-09-27T06:53:47.473,DEMO,DEMO,DEMO_MODE,c87dde3f195c4fe8a135dd7fcf0abcad,F1 :      0    0 0.10 -14.44 0.54 50.00   0.0   0.0,0.00 0.00 0.00 89.38 0.54 50.00 0.10 -14.44 6 63 6 63  0.0%  0.0%  0.000 0.000 0.00 -4.90 0.00  0.00 0.00   0.00 0.0% | 1200.00  -50.00 HI -50.00 -50.00
2026-09-27T06:53:47.593,DEMO,DEMO,DEMO_MODE,c87dde3f195c4fe8a135dd7fcf0abcad,F1 :      0    0 0.10 -14.44 0.54 50.00   0.0   0.0,0.00 0.00 0.00 89.38 0.54 50.00 0.10 -14.44 6 63 6 63  0.0%  0.0%  0.000 0.000 0.00 -4.90 0.00  0.00 0.00   0.00 0.0% | 1200.00  -50.00 HI -50.00 -50.00
2026-09-27T06:53:47.715,DEMO,DEMO,DEMO_MODE,c87dde3f195c4fe8a135dd7fcf0abcad,F1 :      0    0 0.10 -14.44 0.54 50.00   0.0   0.0,0.00 0.00 0.00 89.38 0.54 50.00 0.10 -14.44 6 63 6 63  0.0%  0.0%  0.000 0.000 0.00 -4.90 0.00  0.00 0.00   0.00 0.0% | 1200.00  -50.00 HI -50.00 -50.00
2026-09-27T06:53:47.836,DEMO,DEMO,DEMO_MODE,c87dde3f195c4fe8a135dd7fcf0abcad,F1 :      0    0 0.10 -14.44 0.54 50.00   0.0   0.0,0.00 0.00 0.00 89.38 0.54 50.00 0.10 -14.44 6 63 6 63  0.0%  0.0%  0.000 0.000 0.00 -4.90 0.00  0.00 0.00   0.00 0.0% | 1200.00  -50.00 HI -50.00 -50.00
2026-09-27T06:53:47.956,DEMO,DEMO,DEMO_MODE,c87dde3f195c4fe8a135dd7fcf0abcad,F1 :      0    0 0.10 -14.44 0.54 50.00   0.0   0.0,0.00 0.00 0.00 89.38 0.54 50.00 0.10 -14.44 6 63 6 63  0.0%  0.0%  0.000 0.000 0.00 -4.90 0.00  0.00 0.00   0.00 0.0% | 1200.00  -50.00 HI -50.00 -50.00
2026-09-27T06:53:48.077,DEMO,DEMO,DEMO_MODE,c87dde3f195c4fe8a135dd7fcf0abcad,F1 :      0    0 0.10 -14.44 0.54 50.00   0.0   0.0,0.00 0.00 0.00 89.38 0.54 50.00 0.10 -14.44 6 63 6 63  0.0%  0.0%  0.000 0.000 0.00 -4.90 0.00  0.00 0.00   0.00 0.0% | 1200.00  -50.00 HI -50.00 -50.00
2026-09-27T06:53:48.198,DEMO,DEMO,DEMO_MODE,c87dde3f195c4fe8a135dd7fcf0abcad,F1 :      0    0 0.10 -14.44 0.54 50.00   0.0   0.0,0.00 0.00 0.00 89.38 0.54 50.00 0.10 -14.44 6 63 6 63  0.0%  0.0%  0.000 0.000 0.00 -4.90 0.00  0.00 0.00   0.00 0.0% | 1200.00  -50.00 HI -50.00 -50.00
2026-09-27T06:53:48.318,DEMO,DEMO,DEMO_MODE,c87dde3f195c4fe8a135dd7fcf0abcad,F1 :      0    0 0.10 -14.44 0.54 50.00   0.0   0.0,0.00 0.00 0.00 89.38 0.54 50.00 0.10 -14.44 6 63 6 63  0.0%  0.0%  0.000 0.000 0.00 -4.90 0.00  0.00 0.00   0.00 0.0% | 1200.00  -50.00 HI -50.00 -50.00
2026-09-27T06:53:48.439,DEMO,DEMO,DEMO_MODE,c87dde3f195c4fe8a135dd7fcf0abcad,F1 :      0    0 0.10 -14.44 0.54 50.00   0.0   0.0,0.00 0.00 0.00 89.38 0.54 50.00 0.10 -14.44 6 63 6 63  0.0%  0.0%  0.000 0.000 0.00 -4.90 0.00  0.00 0.00   0.00 0.0% | 1200.00  -50.00 HI -50.00 -50.00
2026-09-27T06:53:48.560,DEMO,DEMO,DEMO_MODE,c87dde3f195c4fe8a135dd7fcf0abcad,F1 :      0    0 0.10 -14.44 0.54 50.00   0.0   0.0,0.00 0.00 0.00 89.38 0.54 50.00 0.10 -14.44 6 63 6 63  0.0%  0.0%  0.000 0.000 0.00 -4.90 0.00  0.00 0.00   0.00 0.0% | 1200.00  -50.00 HI -50.00 -50.00
2026-09-27T06:53:48.680,DEMO,DEMO,DEMO_MODE,c87dde3f195c4fe8a135dd7fcf0abcad,F1 :      0    0 0.10 -14.44 0.54 50.00   0.0   0.0,0.00 0.00 0.00 89.38 0.54 50.00 0.10 -14.44 6 63 6 63  0.0%  0.0%  0.000 0.000 0.00 -4.90 0.00  0.00 0.00   0.00 0.0% | 1200.00  -50.00 HI -50.00 -50.00
2026-09-27T06:53:48.801,DEMO,DEMO,DEMO_MODE,c87dde3f195c4fe8a135dd7fcf0abcad,F1 :      0    0 0.10 -14.44 0.54 50.00   0.0   0.0,0.00 0.00 0.00 89.38 0.54 50.00 0.10 -14.44 6 63 6 63  0.0%  0.0%  0.000 0.000 0.00 -4.90 0.00  0.00 0.00   0.00 0.0% | 1200.00  -50.00 HI -50.00 -50.00
2026-09-27T06:53:48.922,DEMO,DEMO,DEMO_MODE,c87dde3f195c4fe8a135dd7fcf0abcad,F1 :      0    0 0.10 -14.44 0.54 50.00   0.0   0.0,0.00 0.00 0.00 89.38 0.54 50.00 0.10 -14.44 6 63 6 63  0.0%  0.0%  0.000 0.000 0.00 -4.90 0.00  0.00 0.00   0.00 0.0% | 1200.00  -50.00 HI -50.00 -50.00
2026-09-27T06:53:49.042,DEMO,DEMO,DEMO_MODE,c87dde3f195c4fe8a135dd7fcf0abcad,F1 :      0    0 0.10 -14.44 0.54 50.00   0.0   4.0,0.00 0.00 0.00 89.38 0.54 50.00 0.10 -14.44 6 63 6 63  0.0%  4.0%  0.000 0.000 0.00 -4.90 0.00  0.00 0.00   0.00 0.0% | 1200.00  -50.00 HI -50.00 -50.00
2026-09-27T06:53:49.163,DEMO,DEMO,DEMO_MODE,c87dde3f195c4fe8a135dd7fcf0abcad,F1 :      0    0 0.10 -14.44 0.54 50.00   0.0   4.0,0.00 0.00 0.00 89.38 0.54 50.00 0.10 -14.44 6 63 6 63  0.0%  4.0%  0.000 0.000 0.00 -4.90 0.00  0.00 0.00   0.00 0.0% | 1200.00  -50.00 HI -50.00 -50.00
2026-09-27T06:53:49.284,DEMO,DEMO,DEMO_MODE,c87dde3f195c4fe8a135dd7fcf0abcad,F1 :      0    0 0.10 -14.44 0.54 50.00   0.0   4.0,0.00 0.00 0.00 89.38 0.54 50.00 0.10 -14.44 6 63 6 63  0.0%  4.0%  0.000 0.000 0.00 -4.90 0.00  0.00 0.00   0.00 0.0% | 1200.00  -50.00 HI -50.00 -50.00
2026-09-27T06:53:49.405,DEMO,DEMO,DEMO_MODE,c87dde3f195c4fe8a135dd7fcf0abcad,F1 :      0    0 0.10 -14.44 0.54 50.00   0.0   4.0,0.00 0.00 0.00 89.38 0.54 50.00 0.10 -14.44 6 63 6 63  0.0%  4.0%  0.000 0.000 0.00 -4.90 0.00  0.00 0.00   0.00 0.0% | 1200.00  -50.00 HI -50.00 -50.00
2026-09-27T06:53:49.525,DEMO,DEMO,DEMO_MODE,c87dde3f195c4fe8a135dd7fcf0abcad,F1 :      0    0 0.10 -14.44 0.54 50.00   0.0   4.0,0.00 0.00 0.00 89.38 0.54 50.00 0.10 -14.44 6 63 6 63  0.0%  4.0%  0.000 0.000 0.00 -4.90 0.00  0.00 0.00   0.00 0.0% | 1200.00  -50.00 HI -50.00 -50.00
2026-09-27T06:53:49.647,DEMO,DEMO,DEMO_MODE,c87dde3f195c4fe8a135dd7fcf0abcad,F1 :      0    0 0.10 -14.44 0.54 50.00   0.0   4.0,0.00 0.00 0.00 89.38 0.54 50.00 0.10 -14.44 6 63 6 63  0.0%  4.0%  0.000 0.000 0.00 -4.90 0.00  0.00 0.00   0.00 0.0% | 1200.00  -50.00 HI -50.00 -50.00
2026-09-27T06:53:49.768,DEMO,DEMO,DEMO_MODE,c87dde3f195c4fe8a135dd7fcf0abcad,F1 :      0    0 0.10 -14.44 0.54 50.00   0.0   4.0,0.00 0.00 0.00 89.38 0.54 50.00 0.10 -14.44 6 63 6 63  0.0%  4.0%  0.000 0.000 0.00 -4.90 0.00  0.00 0.00   0.00 0.0% | 1200.00  -50.00 HI -50.00 -50.00
2026-09-27T06:53:49.889,DEMO,DEMO,DEMO_MODE,c87dde3f195c4fe8a135dd7fcf0abcad,F1 :      0    0 0.10 -14.44 0.54 50.00   0.0   4.0,0.00 0.00 0.00 89.38 0.54 50.00 0.10 -14.44 6 63 6 63  0.0%  4.0%  0.000 0.000 0.00 -4.90 0.00  0.00 0.00   0.00 0.0% | 1200.00  -50.00 HI -50.00 -50.00
2026-09-27T06:53:50.009,DEMO,DEMO,DEMO_MODE,c87dde3f195c4fe8a135dd7fcf0abcad,F1 :      0    0 0.10 -14.44 0.54 50.00   0.0   4.0,0.00 0.00 0.00 89.38 0.54 50.00 0.10 -14.44 6 63 6 63  0.0%  4.0%  0.000 0.000 0.00 -4.90 0.00  0.00 0.00   0.00 0.0% | 1200.00  -50.00 HI -50.00 -50.00
2026-09-27T06:53:50.130,DEMO,DEMO,DEMO_MODE,c87dde3f195c4fe8a135dd7fcf0abcad,F1 :      0    0 0.10 -14.44 0.54 50.00   0.0   4.0,0.00 0.00 0.00 89.38 0.54 50.00 0.10 -14.44 6 63 6 63  0.0%  4.0%  0.000 0.000 0.00 -4.90 0.00  0.00 0.00   0.00 0.0% | 1200.00  -50.00 HI -50.00 -50.00
2026-09-27T06:53:50.251,DEMO,DEMO,DEMO_MODE,c87dde3f195c4fe8a135dd7fcf0abcad,F1 :      0    0 0.10 -14.44 0.54 50.00   0.0   4.0,0.00 0.00 0.00 89.38 0.54 50.00 0.10 -14.44 6 63 6 63  0.0%  4.0%  0.000 0.000 0.00 -4.90 0.00  0.00 0.00   0.00 0.0% | 1200.00  -50.00 HI -50.00 -50.00
2026-09-27T06:53:50.372,DEMO,DEMO,DEMO_MODE,c87dde3f195c4fe8a135dd7fcf0abcad,F1 :      0    0 0.10 -14.44 0.54 50.00   0.0   4.0,0.00 0.00 0.00 89.38 0.54 50.00 0.10 -14.44 6 63 6 63  0.0%  4.0%  0.000 0.000 0.00 -4.90 0.00  0.00 0.00   0.00 0.0% | 1200.00  -50.00 HI -50.00 -50.00
2026-09-27T06:53:50.492,DEMO,DEMO,DEMO_MODE,c87dde3f195c4fe8a135dd7fcf0abcad,F1 :      0    0 0.10 -14.44 0.54 50.00   0.0   4.0,0.00 0.00 0.00 89.38 0.54 50.00 0.10 -14.44 6 63 6 63  0.0%  4.0%  0.000 0.000 0.00 -4.90 0.00  0.00 0.00   0.00 0.0% | 1200.00  -50.00 HI -50.00 -50.00
2026-09-27T06:53:50.613,DEMO,DEMO,DEMO_MODE,c87dde3f195c4fe8a135dd7fcf0abcad,F1 :      0    0 0.10 -14.44 0.54 50.00   0.0   4.0,0.00 0.00 0.00 89.38 0.54 50.00 0.10 -14.44 6 63 6 63  0.0%  4.0%  0.000 0.000 0.00 -4.90 0.00  0.00 0.00   0.00 0.0% | 1200.00  -50.00 HI -50.00 -50.00
2026-09-27T06:53:50.733,DEMO,DEMO,DEMO_MODE,c87dde3f195c4fe8a135dd7fcf0abcad,F1 :      0    0 0.10 -14.44 0.54 50.00   0.0   4.0,0.00 0.00 0.00 89.38 0.54 50.00 0.10 -14.44 6 63 6 63  0.0%  4.0%  0.000 0.000 0.00 -4.90 0.00  0.00 0.00   0.00 0.0% | 1200.00  -50.00 HI -50.00 -50.00
2026-09-27T06:53:50.854,DEMO,DEMO,DEMO_MODE,c87dde3f195c4fe8a135dd7fcf0abcad,F1 :      0    0 0.10 -14.44 0.54 50.00   0.0   4.0,0.00 0.00 0.00 89.38 0.54 50.00 0.10 -14.44 6 63 6 63  0.0%  4.0%  0.000 0.000 0.00 -4.90 0.00  0.00 0.00   0.00 0.0% | 1200.00  -50.00 HI -50.00 -50.00
2026-09-27T06:53:50.974,DEMO,DEMO,DEMO_MODE,c87dde3f195c4fe8a135dd7fcf0abcad,F1 :      0    0 0.10 -14.44 0.54 50.00   0.0   4.0,0.00 0.00 0.00 89.38 0.54 50.00 0.10 -14.44 6 63 6 63  0.0%  4.0%  0.000 0.000 0.00 -4.90 0.00  0.00 0.00   0.00 0.0% | 1200.00  -50.00 HI -50.00 -50.00
2026-09-27T06:53:51.096,DEMO,DEMO,DEMO_MODE,c87dde3f195c4fe8a135dd7fcf0abcad,F1 :      0    0 0.10 -14.44 0.54 50.00   0.0   4.0,0.00 0.00 0.00 89.38 0.54 50.00 0.10 -14.44 6 63 6 63  0.0%  4.0%  0.000 0.000 0.00 -4.90 0.00  0.00 0.00   0.00 0.0% | 1200.00  -50.00 HI -50.00 -50.00
2026-09-27T06:53:51.217,DEMO,DEMO,DEMO_MODE,c87dde3f195c4fe8a135dd7fcf0abcad,F1 :      0    0 0.10 -14.44 0.54 50.00   0.0   4.0,0.00 0.00 0.00 89.38 0.54 50.00 0.10 -14.44 6 63 6 63  0.0%  4.0%  0.000 0.000 0.00 -4.90 0.00  0.00 0.00   0.00 0.0% | 1200.00  -50.00 HI -50.00 -50.00
2026-09-27T06:53:51.337,DEMO,DEMO,DEMO_MODE,c87dde3f195c4fe8a135dd7fcf0abcad,F1 :      0    0 0.10 -14.44 0.54 50.00   0.0   4.0,0.00 0.00 0.00 89.38 0.54 50.00 0.10 -14.44 6 63 6 63  0.0%  4.0%  0.000 0.000 0.00 -4.90 0.00  0.00 0.00   0.00 0.0% | 1200.00  -50.00 HI -50.00 -50.00
2026-09-27T06:53:51.458,DEMO,DEMO,DEMO_MODE,c87dde3f195c4fe8a135dd7fcf0abcad,F1 :      0    0 0.10 -14.44 0.54 50.00   0.0   4.0,0.00 0.00 0.00 89.38 0.54 50.00 0.10 -14.44 6 63 6 63  0.0%  4.0%  0.000 0.000 0.00 -4.90 0.00  0.00 0.00   0.00 0.0% | 1200.00  -50.00 HI -50.00 -50.00
2026-09-27T06:53:51.579,DEMO,DEMO,DEMO_MODE,c87dde3f195c4fe8a135dd7fcf0abcad,F1 :      0    0 0.10 -14.44 0.54 50.00   0.0   4.0,0.00 0.00 0.00 89.38 0.54 50.00 0.10 -14.44 6 63 6 63  0.0%  4.0%  0.000 0.000 0.00 -4.90 0.00  0.00 0.00   0.00 0.0% | 1200.00  -50.00 HI -50.00 -50.00
2026-09-27T06:53:51.699,DEMO,DEMO,DEMO_MODE,c87dde3f195c4fe8a135dd7fcf0abcad,F1 :      0    0 0.10 -14.44 0.54 50.00   0.0   4.0,0.00 0.00 0.00 89.38 0.54 50.00 0.10 -14.44 6 63 6 63  0.0%  4.0%  0.000 0.000 0.00 -4.90 0.00  0.00 0.00   0.00 0.0% | 1200.00  -50.00 HI -50.00 -50.00
2026-09-27T06:53:51.821,DEMO,DEMO,DEMO_MODE,c87dde3f195c4fe8a135dd7fcf0abcad,F1 :      0    0 0.10 -14.44 0.54 50.00   0.0   4.0,0.00 0.00 0.00 89.38 0.54 50.00 0.10 -14.44 6 63 6 63  0.0%  4.0%  0.000 0.000 0.00 -4.90 0.00  0.00 0.00   0.00 0.0% | 1200.00  -50.00 HI -50.00 -50.00
2026-09-27T06:53:51.941,DEMO,DEMO,DEMO_MODE,c87dde3f195c4fe8a135dd7fcf0abcad,F1 :      0    0 0.10 -14.44 0.54 50.00   0.0   4.0,0.00 0.00 0.00 89.38 0.54 50.00 0.10 -14.44 6 63 6 63  0.0%  4.0%  0.000 0.000 0.00 -4.90 0.00  0.00 0.00   0.00 0.0% | 1200.00  -50.00 HI -50.00 -50.00
2026-09-27T06:53:52.062,DEMO,DEMO,DEMO_MODE,c87dde3f195c4fe8a135dd7fcf0abcad,F1 :      0    0 0.10 -14.44 0.54 50.00   0.0   4.0,0.00 0.00 0.00 89.38 0.54 50.00 0.10 -14.44 6 63 6 63  0.0%  4.0%  0.000 0.000 0.00 -4.90 0.00  0.00 0.00   0.00 0.0% | 1200.00  -50.00 HI -50.00 -50.00
2026-09-27T06:53:52.183,DEMO,DEMO,DEMO_MODE,c87dde3f195c4fe8a135dd7fcf0abcad,F1 :      0    0 0.10 -14.44 0.54 50.00   0.0   4.0,0.00 0.00 0.00 89.38 0.54 50.00 0.10 -14.44 6 63 6 63  0.0%  4.0%  0.000 0.000 0.00 -4.90 0.00  0.00 0.00   0.00 0.0% | 1200.00  -50.00 HI -50.00 -50.00
2026-09-27T06:53:52.304,DEMO,DEMO,DEMO_MODE,c87dde3f195c4fe8a135dd7fcf0abcad,F1 :      0    0 0.10 -14.44 0.54 50.00   0.0   4.0,0.00 0.00 0.00 89.38 0.54 50.00 0.10 -14.44 6 63 6 63  0.0%  4.0%  0.000 0.000 0.00 -4.90 0.00  0.00 0.00   0.00 0.0% | 1200.00  -50.00 HI -50.00 -50.00
2026-09-27T06:53:52.424,DEMO,DEMO,DEMO_MODE,c87dde3f195c4fe8a135dd7fcf0abcad,F1 :      0    0 0.10 -14.44 0.54 50.00   0.0   4.0,0.00 0.00 0.00 89.38 0.54 50.00 0.10 -14.44 6 63 6 63  0.0%  4.0%  0.000 0.000 0.00 -4.90 0.00  0.00 0.00   0.00 0.0% | 1200.00  -50.00 HI -50.00 -50.00
2026-09-27T06:53:52.545,DEMO,DEMO,DEMO_MODE,c87dde3f195c4fe8a135dd7fcf0abcad,F1 :      0    0 0.10 -14.44 0.54 50.00   0.0   4.0,0.00 0.00 0.00 89.38 0.54 50.00 0.10 -14.44 6 63 6 63  0.0%  4.0%  0.000 0.000 0.00 -4.90 0.00  0.00 0.00   0.00 0.0% | 1200.00  -50.00 HI -50.00 -50.00
2026-09-27T06:53:52.666,DEMO,DEMO,DEMO_MODE,c87dde3f195c4fe8a135dd7fcf0abcad,F1 :      0    0 0.10 -14.44 0.54 50.00   0.0   4.0,0.00 0.00 0.00 89.38 0.54 50.00 0.10 -14.44 6 63 6 63  0.0%  4.0%  0.000 0.000 0.00 -4.90 0.00  0.00 0.00   0.00 0.0% | 1200.00  -50.00 HI -50.00 -50.00
2026-09-27T06:53:52.787,DEMO,DEMO,DEMO_MODE,c87dde3f195c4fe8a135dd7fcf0abcad,F1 :      0    0 0.10 -14.44 0.54 50.00   0.0   4.0,0.00 0.00 0.00 89.38 0.54 50.00 0.10 -14.44 6 63 6 63  0.0%  4.0%  0.000 0.000 0.00 -4.90 0.00  0.00 0.00   0.00 0.0% | 1200.00  -50.00 HI -50.00 -50.00
2026-09-27T06:53:52.907,DEMO,DEMO,DEMO_MODE,c87dde3f195c4fe8a135dd7fcf0abcad,F1 :      0    0 0.10 -14.44 0.54 50.00   0.0   4.0,0.00 0.00 0.00 89.38 0.54 50.00 0.10 -14.44 6 63 6 63  0.0%  4.0%  0.000 0.000 0.00 -4.90 0.00  0.00 0.00   0.00 0.0% | 1200.00  -50.00 HI -50.00 -50.00
2026-09-27T06:53:53.028,DEMO,DEMO,DEMO_MODE,c87dde3f195c4fe8a135dd7fcf0abcad,F1 :      0    1 0.10 -14.44 0.54 50.00   0.0   4.0,0.00 0.00 0.00 89.38 0.54 50.00 0.10 -14.44 6 63 6 63  0.0%  4.0%  0.000 0.000 0.00 -4.90 0.00  0.00 0.00   0.00 0.0% | 1200.00  -50.00 HI -50.00 -50.00
2026-09-27T06:53:53.149,DEMO,DEMO,DEMO_MODE,c87dde3f195c4fe8a135dd7fcf0abcad,F1 :      0    1 0.10 -14.44 0.54 50.00   0.0   4.0,0.00 0.00 0.00 89.38 0.54 50.00 0.10 -14.44 6 63 6 63  0.0%  4.0%  0.000 0.000 0.00 -4.90 0.00  0.00 0.00   0.00 0.0% | 1200.00  -50.00 HI -50.00 -50.00
2026-09-27T06:53:53.269,DEMO,DEMO,DEMO_MODE,c87dde3f195c4fe8a135dd7fcf0abcad,F1 :      0    1 0.10 -14.44 0.54 50.00   0.0   4.0,0.00 0.00 0.00 89.38 0.54 50.00 0.10 -14.44 6 63 6 63  0.0%  4.0%  0.000 0.000 0.00 -4.90 0.00  0.00 0.00   0.00 0.0% | 1200.00  -50.00 HI -50.00 -50.00
2026-09-27T06:53:53.390,DEMO,DEMO,DEMO_MODE,c87dde3f195c4fe8a135dd7fcf0abcad,F1 :      0    1 0.10 -14.44 0.54 50.00   0.0   4.0,0.00 0.00 0.00 89.38 0.54 50.00 0.10 -14.44 6 63 6 63  0.0%  4.0%  0.000 0.000 0.00 -4.90 0.00  0.00 0.00   0.00 0.0% | 1200.00  -50.00 HI -50.00 -50.00
2026-09-27T06:53:53.510,DEMO,DEMO,DEMO_MODE,c87dde3f195c4fe8a135dd7fcf0abcad,F1 :      0    1 0.10 -14.44 0.54 50.00   0.0   4.0,0.00 0.00 0.00 89.38 0.54 50.00 0.10 -14.44 6 63 6 63  0.0%  4.0%  0.000 0.000 0.00 -4.90 0.00  0.00 0.00   0.00 0.0% | 1200.00  -50.00 HI -50.00 -50.00
2026-09-27T06:53:53.631,DEMO,DEMO,DEMO_MODE,c87dde3f195c4fe8a135dd7fcf0abcad,F1 :      0    1 0.10 -14.44 0.54 50.00   0.0   4.0,0.00 0.00 0.00 89.38 0.54 50.00 0.10 -14.44 6 63 6 63  0.0%  4.0%  0.000 0.000 0.00 -4.90 0.00  0.00 0.00   0.00 0.0% | 1200.00  -50.00 HI -50.00 -50.00
2026-09-27T06:53:53.751,DEMO,DEMO,DEMO_MODE,c87dde3f195c4fe8a135dd7fcf0abcad,F1 :      0    1 0.10 -14.44 0.54 50.00   0.0   4.0,0.00 0.00 0.00 89.38 0.54 50.00 0.10 -14.44 6 63 6 63  0.0%  4.0%  0.000 0.000 0.00 -4.90 0.00  0.00 0.00   0.00 0.0% | 1200.00  -50.00 HI -50.00 -50.00
2026-09-27T06:53:53.872,DEMO,DEMO,DEMO_MODE,c87dde3f195c4fe8a135dd7fcf0abcad,F1 :      0    1 0.10 -14.44 0.54 50.00   0.0   4.0,0.00 0.00 0.00 89.38 0.54 50.00 0.10 -14.44 6 63 6 63  0.0%  4.0%  0.000 0.000 0.00 -4.90 0.00  0.00 0.00   0.00 0.0% | 1200.00  -50.00 HI -50.00 -50.00
2026-09-27T06:53:53.993,DEMO,DEMO,DEMO_MODE,c87dde3f195c4fe8a135dd7fcf0abcad,F1 :      0    1 0.10 -14.44 0.54 50.00   0.0   4.0,0.00 0.00 0.00 89.38 0.54 50.00 0.10 -14.44 6 63 6 63  0.0%  4.0%  0.000 0.000 0.00 -4.90 0.00  0.00 0.00   0.00 0.0% | 1200.00  -50.00 HI -50.00 -50.00
2026-09-27T06:53:54.114,DEMO,DEMO,DEMO_MODE,c87dde3f195c4fe8a135dd7fcf0abcad,F1 :    100    1 0.10 -14.44 0.54 50.00  10.0   8.0,0.00 0.00 0.00 89.38 0.54 50.00 0.10 -14.44 6 63 6 63 10.0%  8.0% 50.000 0.000 0.00 -4.90 0.00  1.98 0.00  99.00 0.0% | 1200.00  -40.00 HI -50.00 -50.00
2026-09-27T06:53:54.234,DEMO,DEMO,DEMO_MODE,c87dde3f195c4fe8a135dd7fcf0abcad,F1 :    100    1 0.10 -14.44 0.54 50.00  10.0   8.0,0.00 0.00 0.00 89.38 0.54 50.00 0.10 -14.44 6 63 6 63 10.0%  8.0% 50.000 0.000 0.00 -4.90 0.00  1.98 0.00  99.00 0.0% | 1200.00  -40.00 HI -50.00 -50.00
2026-09-27T06:53:54.354,DEMO,DEMO,DEMO_MODE,c87dde3f195c4fe8a135dd7fcf0abcad,F1 :    100    1 0.10 -14.44 0.54 50.00  10.0   8.0,0.00 0.00 0.00 89.38 0.54 50.00 0.10 -14.44 6 63 6 63 10.0%  8.0% 50.000 0.000 0.00 -4.90 0.00  1.98 0.00  99.00 0.0% | 1200.00  -40.00 HI -50.00 -50.00
2026-09-27T06:53:54.475,DEMO,DEMO,DEMO_MODE,c87dde3f195c4fe8a135dd7fcf0abcad,F1 :    100    1 0.10 -14.44 0.54 50.00  10.0   8.0,0.00 0.00 0.00 89.38 0.54 50.00 0.10 -14.44 6 63 6 63 10.0%  8.0% 50.000 0.000 0.00 -4.90 0.00  1.98 0.00  99.00 0.0% | 1200.00  -40.00 HI -50.00 -50.00
2026-09-27T06:53:54.595,DEMO,DEMO,DEMO_MODE,c87dde3f195c4fe8a135dd7fcf0abcad,F1 :    100    1 0.10 -14.44 0.54 50.00  10.0   8.0,0.00 0.00 0.00 89.38 0.54 50.00 0.10 -14.44 6 63 6 63 10.0%  8.0% 50.000 0.000 0.00 -4.90 0.00  1.98 0.00  99.00 0.0% | 1200.00  -40.00 HI -50.00 -50.00
2026-09-27T06:53:54.715,DEMO,DEMO,DEMO_MODE,c87dde3f195c4fe8a135dd7fcf0abcad,F1 :    100    1 0.10 -14.44 0.54 50.00  10.0   8.0,0.00 0.00 0.00 89.38 0.54 50.00 0.10 -14.44 6 63 6 63 10.0%  8.0% 50.000 0.000 0.00 -4.90 0.00  1.98 0.00  99.00 0.0% | 1200.00  -40.00 HI -50.00 -50.00
2026-09-27T06:53:54.836,DEMO,DEMO,DEMO_MODE,c87dde3f195c4fe8a135dd7fcf0abcad,F1 :    100    1 0.10 -14.44 0.54 50.00  10.0   8.0,0.00 0.00 0.00 89.38 0.54 50.00 0.10 -14.44 6 63 6 63 10.0%  8.0% 50.000 0.000 0.00 -4.90 0.00  1.98 0.00  99.00 0.0% | 1200.00  -40.00 HI -50.00 -50.00
2026-09-27T06:53:54.957,DEMO,DEMO,DEMO_MODE,c87dde3f195c4fe8a135dd7fcf0abcad,F1 :    100    1 0.10 -14.44 0.54 50.00  10.0   8.0,0.00 0.00 0.00 89.38 0.54 50.00 0.10 -14.44 6 63 6 63 10.0%  8.0% 50.000 0.000 0.00 -4.90 0.00  1.98 0.00  99.00 0.0% | 1200.00  -40.00 HI -50.00 -50.00
2026-09-27T06:53:55.077,DEMO,DEMO,DEMO_MODE,c87dde3f195c4fe8a135dd7fcf0abcad,F1 :    100    1 0.10 -14.44 0.54 50.00  10.0   8.0,0.00 0.00 0.00 89.38 0.54 50.00 0.10 -14.44 6 63 6 63 10.0%  8.0% 50.000 0.000 0.00 -4.90 0.00  1.98 0.00  99.00 0.0% | 1200.00  -40.00 HI -50.00 -50.00
2026-09-27T06:53:55.199,DEMO,DEMO,DEMO_MODE,c87dde3f195c4fe8a135dd7fcf0abcad,F1 :    100    1 0.10 -14.44 0.54 50.00  10.0   8.0,0.00 0.00 0.00 89.38 0.54 50.00 0.10 -14.44 6 63 6 63 10.0%  8.0% 50.000 0.000 0.00 -4.90 0.00  1.98 0.00  99.00 0.0% | 1200.00  -40.00 HI -50.00 -50.00
2026-09-27T06:53:55.319,DEMO,DEMO,DEMO_MODE,c87dde3f195c4fe8a135dd7fcf0abcad,F1 :    100    1 0.10 -14.44 0.54 50.00  10.0   8.0,0.00 0.00 0.00 89.38 0.54 50.00 0.10 -14.44 6 63 6 63 10.0%  8.0% 50.000 0.000 0.00 -4.90 0.00  1.98 0.00  99.00 0.0% | 1200.00  -40.00 HI -50.00 -50.00
2026-09-27T06:53:55.439,DEMO,DEMO,DEMO_MODE,c87dde3f195c4fe8a135dd7fcf0abcad,F1 :    100    1 0.10 -14.44 0.54 50.00  10.0   8.0,0.00 0.00 0.00 89.38 0.54 50.00 0.10 -14.44 6 63 6 63 10.0%  8.0% 50.000 0.000 0.00 -4.90 0.00  1.98 0.00  99.00 0.0% | 1200.00  -40.00 HI -50.00 -50.00
2026-09-27T06:53:55.560,DEMO,DEMO,DEMO_MODE,c87dde3f195c4fe8a135dd7fcf0abcad,F1 :    100    1 0.10 -14.44 0.54 50.00  10.0   8.0,0.00 0.00 0.00 89.38 0.54 50.00 0.10 -14.44 6 63 6 63 10.0%  8.0% 50.000 0.000 0.00 -4.90 0.00  1.98 0.00  99.00 0.0% | 1200.00  -40.00 HI -50.00 -50.00
2026-09-27T06:53:55.680,DEMO,DEMO,DEMO_MODE,c87dde3f195c4fe8a135dd7fcf0abcad,F1 :    100    1 0.10 -14.44 0.54 50.00  10.0   8.0,0.00 0.00 0.00 89.38 0.54 50.00 0.10 -14.44 6 63 6 63 10.0%  8.0% 50.000 0.000 0.00 -4.90 0.00  1.98 0.00  99.00 0.0% | 1200.00  -40.00 HI -50.00 -50.00
2026-09-27T06:53:55.801,DEMO,DEMO,DEMO_MODE,c87dde3f195c4fe8a135dd7fcf0abcad,F1 :    100    1 0.10 -14.44 0.54 50.00  10.0   8.0,0.00 0.00 0.00 89.38 0.54 50.00 0.10 -14.44 6 63 6 63 10.0%  8.0% 50.000 0.000 0.00 -4.90 0.00  1.98 0.00  99.00 0.0% | 1200.00  -40.00 HI -50.00 -50.00
2026-09-27T06:53:55.922,DEMO,DEMO,DEMO_MODE,c87dde3f195c4fe8a135dd7fcf0abcad,F1 :    100    1 0.10 -14.44 0.54 50.00  10.0   8.0,0.00 0.00 0.00 89.38 0.54 50.00 0.10 -14.44 6 63 6 63 10.0%  8.0% 50.000 0.000 0.00 -4.90 0.00  1.98 0.00  99.00 0.0% | 1200.00  -40.00 HI -50.00 -50.00
2026-09-27T06:53:56.042,DEMO,DEMO,DEMO_MODE,c87dde3f195c4fe8a135dd7fcf0abcad,F1 :    100    1 0.10 -14.44 0.54 50.00  10.0   8.0,0.00 0.00 0.00 89.38 0.54 50.00 0.10 -14.44 6 63 6 63 10.0%  8.0% 50.000 0.000 0.00 -4.90 0.00  1.98 0.00  99.00 0.0% | 1200.00  -40.00 HI -50.00 -50.00
2026-09-27T06:53:56.163,DEMO,DEMO,DEMO_MODE,c87dde3f195c4fe8a135dd7fcf0abcad,F1 :    100    1 0.10 -14.44 0.54 50.00  10.0   8.0,0.00 0.00 0.00 89.38 0.54 50.00 0.10 -14.44 6 63 6 63 10.0%  8.0% 50.000 0.000 0.00 -4.90 0.00  1.98 0.00  99.00 0.0% | 1200.00  -40.00 HI -50.00 -50.00
2026-09-27T06:53:56.283,DEMO,DEMO,DEMO_MODE,c87dde3f195c4fe8a135dd7fcf0abcad,F1 :    100    1 0.10 -14.44 0.54 50.00  10.0   8.0,0.00 0.00 0.00 89.38 0.54 50.00 0.10 -14.44 6 63 6 63 10.0%  8.0% 50.000 0.000 0.00 -4.90 0.00  1.98 0.00  99.00 0.0% | 1200.00  -40.00 HI -50.00 -50.00
2026-09-27T06:53:56.404,DEMO,DEMO,DEMO_MODE,c87dde3f195c4fe8a135dd7fcf0abcad,F1 :    100    1 0.10 -14.44 0.54 50.00  10.0   8.0,0.00 0.00 0.00 89.38 0.54 50.00 0.10 -14.44 6 63 6 63 10.0%  8.0% 50.000 0.000 0.00 -4.90 0.00  1.98 0.00  99.00 0.0% | 1200.00  -40.00 HI -50.00 -50.00
2026-09-27T06:53:56.525,DEMO,DEMO,DEMO_MODE,c87dde3f195c4fe8a135dd7fcf0abcad,F1 :    100    1 0.10 -14.44 0.54 50.00  10.0   8.0,0.00 0.00 0.00 89.38 0.54 50.00 0.10 -14.44 6 63 6 63 10.0%  8.0% 50.000 0.000 0.00 -4.90 0.00  1.98 0.00  99.00 0.0% | 1200.00  -40.00 HI -50.00 -50.00
2026-09-27T06:53:56.645,DEMO,DEMO,DEMO_MODE,c87dde3f195c4fe8a135dd7fcf0abcad,F1 :    100    1 0.10 -14.44 0.54 50.00  10.0   8.0,0.00 0.00 0.00 89.38 0.54 50.00 0.10 -14.44 6 63 6 63 10.0%  8.0% 50.000 0.000 0.00 -4.90 0.00  1.98 0.00  99.00 0.0% | 1200.00  -40.00 HI -50.00 -50.00
2026-09-27T06:53:56.766,DEMO,DEMO,DEMO_MODE,c87dde3f195c4fe8a135dd7fcf0abcad,F1 :    100    1 0.10 -14.44 0.54 50.00  10.0   8.0,0.00 0.00 0.00 89.38 0.54 50.00 0.10 -14.44 6 63 6 63 10.0%  8.0% 50.000 0.000 0.00 -4.90 0.00  1.98 0.00  99.00 0.0% | 1200.00  -40.00 HI -50.00 -50.00
2026-09-27T06:53:56.887,DEMO,DEMO,DEMO_MODE,c87dde3f195c4fe8a135dd7fcf0abcad,F1 :    100    1 0.10 -14.44 0.54 50.00  10.0   8.0,0.00 0.00 0.00 89.38 0.54 50.00 0.10 -14.44 6 63 6 63 10.0%  8.0% 50.000 0.000 0.00 -4.90 0.00  1.98 0.00  99.00 0.0% | 1200.00  -40.00 HI -50.00 -50.00
2026-09-27T06:53:57.008,DEMO,DEMO,DEMO_MODE,c87dde3f195c4fe8a135dd7fcf0abcad,F1 :    100    1 0.10 -14.44 0.54 50.00  10.0   8.0,0.00 0.00 0.00 89.38 0.54 50.00 0.10 -14.44 6 63 6 63 10.0%  8.0% 50.000 0.000 0.00 -4.90 0.00  1.98 0.00  99.00 0.0% | 1200.00  -40.00 HI -50.00 -50.00
2026-09-27T06:53:57.128,DEMO,DEMO,DEMO_MODE,c87dde3f195c4fe8a135dd7fcf0abcad,F1 :    100    1 0.10 -14.44 0.54 50.00  10.0   8.0,0.00 0.00 0.00 89.38 0.54 50.00 0.10 -14.44 6 63 6 63 10.0%  8.0% 50.000 0.000 0.00 -4.90 0.00  1.98 0.00  99.00 0.0% | 1200.00  -40.00 HI -50.00 -50.00
2026-09-27T06:53:57.249,DEMO,DEMO,DEMO_MODE,c87dde3f195c4fe8a135dd7fcf0abcad,F1 :    100    1 0.10 -14.44 0.54 50.00  10.0   8.0,0.00 0.00 0.00 89.38 0.54 50.00 0.10 -14.44 6 63 6 63 10.0%  8.0% 50.000 0.000 0.00 -4.90 0.00  1.98 0.00  99.00 0.0% | 1200.00  -40.00 HI -50.00 -50.00
2026-09-27T06:53:57.370,DEMO,DEMO,DEMO_MODE,c87dde3f195c4fe8a135dd7fcf0abcad,F1 :    100    1 0.10 -14.44 0.54 50.00  10.0   8.0,0.00 0.00 0.00 89.38 0.54 50.00 0.10 -14.44 6 63 6 63 10.0%  8.0% 50.000 0.000 0.00 -4.90 0.00  1.98 0.00  99.00 0.0% | 1200.00  -40.00 HI -50.00 -50.00
2026-09-27T06:53:57.491,DEMO,DEMO,DEMO_MODE,c87dde3f195c4fe8a135dd7fcf0abcad,F1 :    100    1 0.10 -14.44 0.54 50.00  10.0   8.0,0.00 0.00 0.00 89.38 0.54 50.00 0.10 -14.44 6 63 6 63 10.0%  8.0% 50.000 0.000 0.00 -4.90 0.00  1.98 0.00  99.00 0.0% | 1200.00  -40.00 HI -50.00 -50.00
2026-09-27T06:53:57.612,DEMO,DEMO,DEMO_MODE,c87dde3f195c4fe8a135dd7fcf0abcad,F1 :    100    1 0.10 -14.44 0.54 50.00  10.0   8.0,0.00 0.00 0.00 89.38 0.54 50.00 0.10 -14.44 6 63 6 63 10.0%  8.0% 50.000 0.000 0.00 -4.90 0.00  1.98 0.00  99.00 0.0% | 1200.00  -40.00 HI -50.00 -50.00
2026-09-27T06:53:57.732,DEMO,DEMO,DEMO_MODE,c87dde3f195c4fe8a135dd7fcf0abcad,F1 :    100    1 0.10 -14.44 0.54 50.00  10.0   8.0,0.00 0.00 0.00 89.38 0.54 50.00 0.10 -14.44 6 63 6 63 10.0%  8.0% 50.000 0.000 0.00 -4.90 0.00  1.98 0.00  99.00 0.0% | 1200.00  -40.00 HI -50.00 -50.00
2026-09-27T06:53:57.853,DEMO,DEMO,DEMO_MODE,c87dde3f195c4fe8a135dd7fcf0abcad,F1 :    100    1 0.10 -14.44 0.54 50.00  10.0   8.0,0.00 0.00 0.00 89.38 0.54 50.00 0.10 -14.44 6 63 6 63 10.0%  8.0% 50.000 0.000 0.00 -4.90 0.00  1.98 0.00  99.00 0.0% | 1200.00  -40.00 HI -50.00 -50.00
2026-09-27T06:53:57.974,DEMO,DEMO,DEMO_MODE,c87dde3f195c4fe8a135dd7fcf0abcad,F1 :    100    1 0.10 -14.44 0.54 50.00  10.0   8.0,0.00 0.00 0.00 89.38 0.54 50.00 0.10 -14.44 6 63 6 63 10.0%  8.0% 50.000 0.000 0.00 -4.90 0.00  1.98 0.00  99.00 0.0% | 1200.00  -40.00 HI -50.00 -50.00
2026-09-27T06:53:58.095,DEMO,DEMO,DEMO_MODE,c87dde3f195c4fe8a135dd7fcf0abcad,F1 :    100    1 0.10 -14.44 0.54 50.00  10.0   8.0,0.00 0.00 0.00 89.38 0.54 50.00 0.10 -14.44 6 63 6 63 10.0%  8.0% 50.000 0.000 0.00 -4.90 0.00  1.98 0.00  99.00 0.0% | 1200.00  -40.00 HI -50.00 -50.00
2026-09-27T06:53:58.219,DEMO,DEMO,DEMO_MODE,c87dde3f195c4fe8a135dd7fcf0abcad,F1 :    100    1 0.10 -14.44 0.54 50.00  10.0   8.0,0.00 0.00 0.00 89.38 0.54 50.00 0.10 -14.44 6 63 6 63 10.0%  8.0% 50.000 0.000 0.00 -4.90 0.00  1.98 0.00  99.00 0.0% | 1200.00  -40.00 HI -50.00 -50.00
2026-09-27T06:53:58.340,DEMO,DEMO,DEMO_MODE,c87dde3f195c4fe8a135dd7fcf0abcad,F1 :    100    1 0.10 -14.44 0.54 50.00  10.0   8.0,0.00 0.00 0.00 89.38 0.54 50.00 0.10 -14.44 6 63 6 63 10.0%  8.0% 50.000 0.000 0.00 -4.90 0.00  1.98 0.00  99.00 0.0% | 1200.00  -40.00 HI -50.00 -50.00
2026-09-27T06:53:58.461,DEMO,DEMO,DEMO_MODE,c87dde3f195c4fe8a135dd7fcf0abcad,F1 :    100    1 0.10 -14.44 0.54 50.00  10.0   8.0,0.00 0.00 0.00 89.38 0.54 50.00 0.10 -14.44 6 63 6 63 10.0%  8.0% 50.000 0.000 0.00 -4.90 0.00  1.98 0.00  99.00 0.0% | 1200.00  -40.00 HI -50.00 -50.00
2026-09-27T06:53:58.581,DEMO,DEMO,DEMO_MODE,c87dde3f195c4fe8a135dd7fcf0abcad,F1 :    100    1 0.10 -14.44 0.54 50.00  10.0   8.0,0.00 0.00 0.00 89.38 0.54 50.00 0.10 -14.44 6 63 6 63 10.0%  8.0% 50.000 0.000 0.00 -4.90 0.00  1.98 0.00  99.00 0.0% | 1200.00  -40.00 HI -50.00 -50.00
2026-09-27T06:53:58.702,DEMO,DEMO,DEMO_MODE,c87dde3f195c4fe8a135dd7fcf0abcad,F1 :    100    1 0.10 -14.44 0.54 50.00  10.0   8.0,0.00 0.00 0.00 89.38 0.54 50.00 0.10 -14.44 6 63 6 63 10.0%  8.0% 50.000 0.000 0.00 -4.90 0.00  1.98 0.00  99.00 0.0% | 1200.00  -40.00 HI -50.00 -50.00
2026-09-27T06:53:58.823,DEMO,DEMO,DEMO_MODE,c87dde3f195c4fe8a135dd7fcf0abcad,F1 :    100    1 0.10 -14.44 0.54 50.00  10.0   8.0,0.00 0.00 0.00 89.38 0.54 50.00 0.10 -14.44 6 63 6 63 10.0%  8.0% 50.000 0.000 0.00 -4.90 0.00  1.98 0.00  99.00 0.0% | 1200.00  -40.00 HI -50.00 -50.00
2026-09-27T06:53:58.944,DEMO,DEMO,DEMO_MODE,c87dde3f195c4fe8a135dd7fcf0abcad,F1 :    100    1 0.10 -14.44 0.54 50.00  10.0   8.0,0.00 0.00 0.00 89.38 0.54 50.00 0.10 -14.44 6 63 6 63 10.0%  8.0% 50.000 0.000 0.00 -4.90 0.00  1.98 0.00  99.00 0.0% | 1200.00  -40.00 HI -50.00 -50.00
2026-09-27T06:53:59.064,DEMO,DEMO,DEMO_MODE,c87dde3f195c4fe8a135dd7fcf0abcad,F1 :    100    1 0.10 -14.44 0.54 50.00  10.0  12.0,0.00 0.00 0.00 89.38 0.54 50.00 0.10 -14.44 6 63 6 63 10.0% 12.0% 50.000 0.000 0.00 -4.90 0.00  1.98 0.00  99.00 0.0% | 1200.00  -40.00 HI -50.00 -50.00
2026-09-27T06:53:59.185,DEMO,DEMO,DEMO_MODE,c87dde3f195c4fe8a135dd7fcf0abcad,F1 :    100    1 0.10 -14.44 0.54 50.00  10.0  12.0,0.00 0.00 0.00 89.38 0.54 50.00 0.10 -14.44 6 63 6 63 10.0% 12.0% 50.000 0.000 0.00 -4.90 0.00  1.98 0.00  99.00 0.0% | 1200.00  -40.00 HI -50.00 -50.00
2026-09-27T06:53:59.306,DEMO,DEMO,DEMO_MODE,c87dde3f195c4fe8a135dd7fcf0abcad,F1 :    100    1 0.10 -14.44 0.54 50.00  10.0  12.0,0.00 0.00 0.00 89.38 0.54 50.00 0.10 -14.44 6 63 6 63 10.0% 12.0% 50.000 0.000 0.00 -4.90 0.00  1.98 0.00  99.00 0.0% | 1200.00  -40.00 HI -50.00 -50.00
2026-09-27T06:53:59.427,DEMO,DEMO,DEMO_MODE,c87dde3f195c4fe8a135dd7fcf0abcad,F1 :    100    1 0.10 -14.44 0.54 50.00  10.0  12.0,0.00 0.00 0.00 89.38 0.54 50.00 0.10 -14.44 6 63 6 63 10.0% 12.0% 50.000 0.000 0.00 -4.90 0.00  1.98 0.00  99.00 0.0% | 1200.00  -40.00 HI -50.00 -50.00
2026-09-27T06:53:59.548,DEMO,DEMO,DEMO_MODE,c87dde3f195c4fe8a135dd7fcf0abcad,F1 :    100    1 0.10 -14.44 0.54 50.00  10.0  12.0,0.00 0.00 0.00 89.38 0.54 50.00 0.10 -14.44 6 63 6 63 10.0% 12.0% 50.000 0.000 0.00 -4.90 0.00  1.98 0.00  99.00 0.0% | 1200.00  -40.00 HI -50.00 -50.00
2026-09-27T06:53:59.669,DEMO,DEMO,DEMO_MODE,c87dde3f195c4fe8a135dd7fcf0abcad,F1 :    100    1 0.10 -14.44 0.54 50.00  10.0  12.0,0.00 0.00 0.00 89.38 0.54 50.00 0.10 -14.44 6 63 6 63 10.0% 12.0% 50.000 0.000 0.00 -4.90 0.00  1.98 0.00  99.00 0.0% | 1200.00  -40.00 HI -50.00 -50.00
2026-09-27T06:53:59.789,DEMO,DEMO,DEMO_MODE,c87dde3f195c4fe8a135dd7fcf0abcad,F1 :    100    1 0.10 -14.44 0.54 50.00  10.0  12.0,0.00 0.00 0.00 89.38 0.54 50.00 0.10 -14.44 6 63 6 63 10.0% 12.0% 50.000 0.000 0.00 -4.90 0.00  1.98 0.00  99.00 0.0% | 1200.00  -40.00 HI -50.00 -50.00
2026-09-27T06:53:59.910,DEMO,DEMO,DEMO_MODE,c87dde3f195c4fe8a135dd7fcf0abcad,F1 :    100    1 0.10 -14.44 0.54 50.00  10.0  12.0,0.00 0.00 0.00 89.38 0.54 50.00 0.10 -14.44 6 63 6 63 10.0% 12.0% 50.000 0.000 0.00 -4.90 0.00  1.98 0.00  99.00 0.0% | 1200.00  -40.00 HI -50.00 -50.00
2026-09-27T06:54:00.030,DEMO,DEMO,DEMO_MODE,c87dde3f195c4fe8a135dd7fcf0abcad,F1 :    100    1 0.10 -14.44 0.54 50.00  10.0  12.0,0.00 0.00 0.00 89.38 0.54 50.00 0.10 -14.44 6 63 6 63 10.0% 12.0% 50.000 0.000 0.00 -4.90 0.00  1.98 0.00  99.00 0.0% | 1200.00  -40.00 HI -50.00 -50.00
2026-09-27T06:54:00.151,DEMO,DEMO,DEMO_MODE,c87dde3f195c4fe8a135dd7fcf0abcad,F1 :    100    1 0.10 -14.44 0.54 50.00  10.0  12.0,0.00 0.00 0.00 89.38 0.54 50.00 0.10 -14.44 6 63 6 63 10.0% 12.0% 50.000 0.000 0.00 -4.90 0.00  1.98 0.00  99.00 0.0% | 1200.00  -40.00 HI -50.00 -50.00
2026-09-27T06:54:00.272,DEMO,DEMO,DEMO_MODE,c87dde3f195c4fe8a135dd7fcf0abcad,F1 :    100    1 0.10 -14.44 0.54 50.00  10.0  12.0,0.00 0.00 0.00 89.38 0.54 50.00 0.10 -14.44 6 63 6 63 10.0% 12.0% 50.000 0.000 0.00 -4.90 0.00  1.98 0.00  99.00 0.0% | 1200.00  -40.00 HI -50.00 -50.00
2026-09-27T06:54:00.392,DEMO,DEMO,DEMO_MODE,c87dde3f195c4fe8a135dd7fcf0abcad,F1 :    100    1 0.10 -14.44 0.54 50.00  10.0  12.0,0.00 0.00 0.00 89.38 0.54 50.00 0.10 -14.44 6 63 6 63 10.0% 12.0% 50.000 0.000 0.00 -4.90 0.00  1.98 0.00  99.00 0.0% | 1200.00  -40.00 HI -50.00 -50.00
2026-09-27T06:54:00.513,DEMO,DEMO,DEMO_MODE,c87dde3f195c4fe8a135dd7fcf0abcad,F1 :    100    1 0.10 -14.44 0.54 50.00  10.0  12.0,0.00 0.00 0.00 89.38 0.54 50.00 0.10 -14.44 6 63 6 63 10.0% 12.0% 50.000 0.000 0.00 -4.90 0.00  1.98 0.00  99.00 0.0% | 1200.00  -40.00 HI -50.00 -50.00
2026-09-27T06:54:00.634,DEMO,DEMO,DEMO_MODE,c87dde3f195c4fe8a135dd7fcf0abcad,F1 :    100    1 0.10 -14.44 0.54 50.00  10.0  12.0,0.00 0.00 0.00 89.38 0.54 50.00 0.10 -14.44 6 63 6 63 10.0% 12.0% 50.000 0.000 0.00 -4.90 0.00  1.98 0.00  99.00 0.0% | 1200.00  -40.00 HI -50.00 -50.00
2026-09-27T06:54:00.754,DEMO,DEMO,DEMO_MODE,c87dde3f195c4fe8a135dd7fcf0abcad,F1 :    100    1 0.10 -14.44 0.54 50.00  10.0  12.0,0.00 0.00 0.00 89.38 0.54 50.00 0.10 -14.44 6 63 6 63 10.0% 12.0% 50.000 0.000 0.00 -4.90 0.00  1.98 0.00  99.00 0.0% | 1200.00  -40.00 HI -50.00 -50.00
2026-09-27T06:54:00.875,DEMO,DEMO,DEMO_MODE,c87dde3f195c4fe8a135dd7fcf0abcad,F1 :    100    1 0.10 -14.44 0.54 50.00  10.0  12.0,0.00 0.00 0.00 89.38 0.54 50.00 0.10 -14.44 6 63 6 63 10.0% 12.0% 50.000 0.000 0.00 -4.90 0.00  1.98 0.00  99.00 0.0% | 1200.00  -40.00 HI -50.00 -50.00
2026-09-27T06:54:00.995,DEMO,DEMO,DEMO_MODE,c87dde3f195c4fe8a135dd7fcf0abcad,F1 :    100    1 0.10 -14.44 0.54 50.00  10.0  12.0,0.00 0.00 0.00 89.38 0.54 50.00 0.10 -14.44 6 63 6 63 10.0% 12.0% 50.000 0.000 0.00 -4.90 0.00  1.98 0.00  99.00 0.0% | 1200.00  -40.00 HI -50.00 -50.00
2026-09-27T06:54:01.116,DEMO,DEMO,DEMO_MODE,c87dde3f195c4fe8a135dd7fcf0abcad,F1 :    100    1 0.10 -14.44 0.54 50.00  10.0  12.0,0.00 0.00 0.00 89.38 0.54 50.00 0.10 -14.44 6 63 6 63 10.0% 12.0% 50.000 0.000 0.00 -4.90 0.00  1.98 0.00  99.00 0.0% | 1200.00  -40.00 HI -50.00 -50.00
2026-09-27T06:54:01.236,DEMO,DEMO,DEMO_MODE,c87dde3f195c4fe8a135dd7fcf0abcad,F1 :    100    1 0.10 -14.44 0.54 50.00  10.0  12.0,0.00 0.00 0.00 89.38 0.54 50.00 0.10 -14.44 6 63 6 63 10.0% 12.0% 50.000 0.000 0.00 -4.90 0.00  1.98 0.00  99.00 0.0% | 1200.00  -40.00 HI -50.00 -50.00
2026-09-27T06:54:01.357,DEMO,DEMO,DEMO_MODE,c87dde3f195c4fe8a135dd7fcf0abcad,F1 :    100    1 0.10 -14.44 0.54 50.00  10.0  12.0,0.00 0.00 0.00 89.38 0.54 50.00 0.10 -14.44 6 63 6 63 10.0% 12.0% 50.000 0.000 0.00 -4.90 0.00  1.98 0.00  99.00 0.0% | 1200.00  -40.00 HI -50.00 -50.00
2026-09-27T06:54:01.480,DEMO,DEMO,DEMO_MODE,c87dde3f195c4fe8a135dd7fcf0abcad,F1 :    100    1 0.10 -14.44 0.54 50.00  10.0  12.0,0.00 0.00 0.00 89.38 0.54 50.00 0.10 -14.44 6 63 6 63 10.0% 12.0% 50.000 0.000 0.00 -4.90 0.00  1.98 0.00  99.00 0.0% | 1200.00  -40.00 HI -50.00 -50.00
2026-09-27T06:54:01.601,DEMO,DEMO,DEMO_MODE,c87dde3f195c4fe8a135dd7fcf0abcad,F1 :    100    1 0.10 -14.44 0.54 50.00  10.0  12.0,0.00 0.00 0.00 89.38 0.54 50.00 0.10 -14.44 6 63 6 63 10.0% 12.0% 50.000 0.000 0.00 -4.90 0.00  1.98 0.00  99.00 0.0% | 1200.00  -40.00 HI -50.00 -50.00
2026-09-27T06:54:01.721,DEMO,DEMO,DEMO_MODE,c87dde3f195c4fe8a135dd7fcf0abcad,F1 :    100    1 0.10 -14.44 0.54 50.00  10.0  12.0,0.00 0.00 0.00 89.38 0.54 50.00 0.10 -14.44 6 63 6 63 10.0% 12.0% 50.000 0.000 0.00 -4.90 0.00  1.98 0.00  99.00 0.0% | 1200.00  -40.00 HI -50.00 -50.00
2026-09-27T06:54:01.842,DEMO,DEMO,DEMO_MODE,c87dde3f195c4fe8a135dd7fcf0abcad,F1 :    100    1 0.10 -14.44 0.54 50.00  10.0  12.0,0.00 0.00 0.00 89.38 0.54 50.00 0.10 -14.44 6 63 6 63 10.0% 12.0% 50.000 0.000 0.00 -4.90 0.00  1.98 0.00  99.00 0.0% | 1200.00  -40.00 HI -50.00 -50.00
2026-09-27T06:54:01.963,DEMO,DEMO,DEMO_MODE,c87dde3f195c4fe8a135dd7fcf0abcad,F1 :    100    1 0.10 -14.44 0.54 50.00  10.0  12.0,0.00 0.00 0.00 89.38 0.54 50.00 0.10 -14.44 6 63 6 63 10.0% 12.0% 50.000 0.000 0.00 -4.90 0.00  1.98 0.00  99.00 0.0% | 1200.00  -40.00 HI -50.00 -50.00
2026-09-27T06:54:02.083,DEMO,DEMO,DEMO_MODE,c87dde3f195c4fe8a135dd7fcf0abcad,F1 :    100    2 0.10 -14.44 0.54 50.00  10.0  12.0,0.00 0.00 0.00 89.38 0.54 50.00 0.10 -14.44 6 63 6 63 10.0% 12.0% 50.000 0.000 0.00 -4.90 0.00  1.96 0.00  98.00 0.0% | 1200.00  -40.00 HI -50.00 -50.00
2026-09-27T06:54:02.204,DEMO,DEMO,DEMO_MODE,c87dde3f195c4fe8a135dd7fcf0abcad,F1 :    100    2 0.10 -14.44 0.54 50.00  10.0  12.0,0.00 0.00 0.00 89.38 0.54 50.00 0.10 -14.44 6 63 6 63 10.0% 12.0% 50.000 0.000 0.00 -4.90 0.00  1.96 0.00  98.00 0.0% | 1200.00  -40.00 HI -50.00 -50.00
2026-09-27T06:54:02.325,DEMO,DEMO,DEMO_MODE,c87dde3f195c4fe8a135dd7fcf0abcad,F1 :    100    2 0.10 -14.44 0.54 50.00  10.0  12.0,0.00 0.00 0.00 89.38 0.54 50.00 0.10 -14.44 6 63 6 63 10.0% 12.0% 50.000 0.000 0.00 -4.90 0.00  1.96 0.00  98.00 0.0% | 1200.00  -40.00 HI -50.00 -50.00
2026-09-27T06:54:02.446,DEMO,DEMO,DEMO_MODE,c87dde3f195c4fe8a135dd7fcf0abcad,F1 :    100    2 0.10 -14.44 0.54 50.00  10.0  12.0,0.00 0.00 0.00 89.38 0.54 50.00 0.10 -14.44 6 63 6 63 10.0% 12.0% 50.000 0.000 0.00 -4.90 0.00  1.96 0.00  98.00 0.0% | 1200.00  -40.00 HI -50.00 -50.00
2026-09-27T06:54:02.567,DEMO,DEMO,DEMO_MODE,c87dde3f195c4fe8a135dd7fcf0abcad,F1 :    100    2 0.10 -14.44 0.54 50.00  10.0  12.0,0.00 0.00 0.00 89.38 0.54 50.00 0.10 -14.44 6 63 6 63 10.0% 12.0% 50.000 0.000 0.00 -4.90 0.00  1.96 0.00  98.00 0.0% | 1200.00  -40.00 HI -50.00 -50.00
2026-09-27T06:54:02.688,DEMO,DEMO,DEMO_MODE,c87dde3f195c4fe8a135dd7fcf0abcad,F1 :    100    2 0.10 -14.44 0.54 50.00  10.0  12.0,0.00 0.00 0.00 89.38 0.54 50.00 0.10 -14.44 6 63 6 63 10.0% 12.0% 50.000 0.000 0.00 -4.90 0.00  1.96 0.00  98.00 0.0% | 1200.00  -40.00 HI -50.00 -50.00
2026-09-27T06:54:02.808,DEMO,DEMO,DEMO_MODE,c87dde3f195c4fe8a135dd7fcf0abcad,F1 :    100    2 0.10 -14.44 0.54 50.00  10.0  12.0,0.00 0.00 0.00 89.38 0.54 50.00 0.10 -14.44 6 63 6 63 10.0% 12.0% 50.000 0.000 0.00 -4.90 0.00  1.96 0.00  98.00 0.0% | 1200.00  -40.00 HI -50.00 -50.00
2026-09-27T06:54:02.929,DEMO,DEMO,DEMO_MODE,c87dde3f195c4fe8a135dd7fcf0abcad,F1 :    100    2 0.10 -14.44 0.54 50.00  10.0  12.0,0.00 0.00 0.00 89.38 0.54 50.00 0.10 -14.44 6 63 6 63 10.0% 12.0% 50.000 0.000 0.00 -4.90 0.00  1.96 0.00  98.00 0.0% | 1200.00  -40.00 HI -50.00 -50.00
2026-09-27T06:54:03.050,DEMO,DEMO,DEMO_MODE,c87dde3f195c4fe8a135dd7fcf0abcad,F1 :    100    2 0.10 -14.44 0.54 50.00  10.0  12.0,0.00 0.00 0.00 89.38 0.54 50.00 0.10 -14.44 6 63 6 63 10.0% 12.0% 50.000 0.000 0.00 -4.90 0.00  1.96 0.00  98.00 0.0% | 1200.00  -40.00 HI -50.00 -50.00
2026-09-27T06:54:03.170,DEMO,DEMO,DEMO_MODE,c87dde3f195c4fe8a135dd7fcf0abcad,F1 :    100    2 0.10 -14.44 0.54 50.00  10.0  12.0,0.00 0.00 0.00 89.38 0.54 50.00 0.10 -14.44 6 63 6 63 10.0% 12.0% 50.000 0.000 0.00 -4.90 0.00  1.96 0.00  98.00 0.0% | 1200.00  -40.00 HI -50.00 -50.00
2026-09-27T06:54:03.291,DEMO,DEMO,DEMO_MODE,c87dde3f195c4fe8a135dd7fcf0abcad,F1 :    100    2 0.10 -14.44 0.54 50.00  10.0  12.0,0.00 0.00 0.00 89.38 0.54 50.00 0.10 -14.44 6 63 6 63 10.0% 12.0% 50.000 0.000 0.00 -4.90 0.00  1.96 0.00  98.00 0.0% | 1200.00  -40.00 HI -50.00 -50.00
2026-09-27T06:54:03.411,DEMO,DEMO,DEMO_MODE,c87dde3f195c4fe8a135dd7fcf0abcad,F1 :    100    2 0.10 -14.44 0.54 50.00  10.0  12.0,0.00 0.00 0.00 89.38 0.54 50.00 0.10 -14.44 6 63 6 63 10.0% 12.0% 50.000 0.000 0.00 -4.90 0.00  1.96 0.00  98.00 0.0% | 1200.00  -40.00 HI -50.00 -50.00
2026-09-27T06:54:03.532,DEMO,DEMO,DEMO_MODE,c87dde3f195c4fe8a135dd7fcf0abcad,F1 :    100    2 0.10 -14.44 0.54 50.00  10.0  12.0,0.00 0.00 0.00 89.38 0.54 50.00 0.10 -14.44 6 63 6 63 10.0% 12.0% 50.000 0.000 0.00 -4.90 0.00  1.96 0.00  98.00 0.0% | 1200.00  -40.00 HI -50.00 -50.00
2026-09-27T06:54:03.653,DEMO,DEMO,DEMO_MODE,c87dde3f195c4fe8a135dd7fcf0abcad,F1 :    100    2 0.10 -14.44 0.54 50.00  10.0  12.0,0.00 0.00 0.00 89.38 0.54 50.00 0.10 -14.44 6 63 6 63 10.0% 12.0% 50.000 0.000 0.00 -4.90 0.00  1.96 0.00  98.00 0.0% | 1200.00  -40.00 HI -50.00 -50.00
2026-09-27T06:54:03.773,DEMO,DEMO,DEMO_MODE,c87dde3f195c4fe8a135dd7fcf0abcad,F1 :    100    2 0.10 -14.44 0.54 50.00  10.0  12.0,0.00 0.00 0.00 89.38 0.54 50.00 0.10 -14.44 6 63 6 63 10.0% 12.0% 50.000 0.000 0.00 -4.90 0.00  1.96 0.00  98.00 0.0% | 1200.00  -40.00 HI -50.00 -50.00
2026-09-27T06:54:03.894,DEMO,DEMO,DEMO_MODE,c87dde3f195c4fe8a135dd7fcf0abcad,F1 :    100    2 0.10 -14.44 0.54 50.00  10.0  12.0,0.00 0.00 0.00 89.38 0.54 50.00 0.10 -14.44 6 63 6 63 10.0% 12.0% 50.000 0.000 0.00 -4.90 0.00  1.96 0.00  98.00 0.0% | 1200.00  -40.00 HI -50.00 -50.00
2026-09-27T06:54:04.015,DEMO,DEMO,DEMO_MODE,c87dde3f195c4fe8a135dd7fcf0abcad,F1 :    100    2 0.10 -14.44 0.54 50.00  10.0  12.0,0.00 0.00 0.00 89.38 0.54 50.00 0.10 -14.44 6 63 6 63 10.0% 12.0% 50.000 0.000 0.00 -4.90 0.00  1.96 0.00  98.00 0.0% | 1200.00  -40.00 HI -50.00 -50.00
2026-09-27T06:54:04.135,DEMO,DEMO,DEMO_MODE,c87dde3f195c4fe8a135dd7fcf0abcad,F1 :    200    2 0.10 -14.44 0.54 50.00  20.0  16.0,0.00 0.00 0.00 89.38 0.54 50.00 0.10 -14.44 6 63 6 63 20.0% 16.0% 100.000 0.000 0.00 -4.90 0.00  1.98 0.00 198.00 0.0% | 1200.00  -30.00 HI -50.00 -50.00
2026-09-27T06:54:04.255,DEMO,DEMO,DEMO_MODE,c87dde3f195c4fe8a135dd7fcf0abcad,F1 :    200    2 0.10 -14.44 0.54 50.00  20.0  16.0,0.00 0.00 0.00 89.38 0.54 50.00 0.10 -14.44 6 63 6 63 20.0% 16.0% 100.000 0.000 0.00 -4.90 0.00  1.98 0.00 198.00 0.0% | 1200.00  -30.00 HI -50.00 -50.00
2026-09-27T06:54:04.377,DEMO,DEMO,DEMO_MODE,c87dde3f195c4fe8a135dd7fcf0abcad,F1 :    200    2 0.10 -14.44 0.54 50.00  20.0  16.0,0.00 0.00 0.00 89.38 0.54 50.00 0.10 -14.44 6 63 6 63 20.0% 16.0% 100.000 0.000 0.00 -4.90 0.00  1.98 0.00 198.00 0.0% | 1200.00  -30.00 HI -50.00 -50.00
2026-09-27T06:54:04.497,DEMO,DEMO,DEMO_MODE,c87dde3f195c4fe8a135dd7fcf0abcad,F1 :    200    2 0.10 -14.44 0.54 50.00  20.0  16.0,0.00 0.00 0.00 89.38 0.54 50.00 0.10 -14.44 6 63 6 63 20.0% 16.0% 100.000 0.000 0.00 -4.90 0.00  1.98 0.00 198.00 0.0% | 1200.00  -30.00 HI -50.00 -50.00
2026-09-27T06:54:04.619,DEMO,DEMO,DEMO_MODE,c87dde3f195c4fe8a135dd7fcf0abcad,F1 :    200    2 0.10 -14.44 0.54 50.00  20.0  16.0,0.00 0.00 0.00 89.38 0.54 50.00 0.10 -14.44 6 63 6 63 20.0% 16.0% 100.000 0.000 0.00 -4.90 0.00  1.98 0.00 198.00 0.0% | 1200.00  -30.00 HI -50.00 -50.00
2026-09-27T06:54:04.739,DEMO,DEMO,DEMO_MODE,c87dde3f195c4fe8a135dd7fcf0abcad,F1 :    200    2 0.10 -14.44 0.54 50.00  20.0  16.0,0.00 0.00 0.00 89.38 0.54 50.00 0.10 -14.44 6 63 6 63 20.0% 16.0% 100.000 0.000 0.00 -4.90 0.00  1.98 0.00 198.00 0.0% | 1200.00  -30.00 HI -50.00 -50.00
2026-09-27T06:54:04.860,DEMO,DEMO,DEMO_MODE,c87dde3f195c4fe8a135dd7fcf0abcad,F1 :    200    2 0.10 -14.44 0.54 50.00  20.0  16.0,0.00 0.00 0.00 89.38 0.54 50.00 0.10 -14.44 6 63 6 63 20.0% 16.0% 100.000 0.000 0.00 -4.90 0.00  1.98 0.00 198.00 0.0% | 1200.00  -30.00 HI -50.00 -50.00
2026-09-27T06:54:04.981,DEMO,DEMO,DEMO_MODE,c87dde3f195c4fe8a135dd7fcf0abcad,F1 :    200    2 0.10 -14.44 0.54 50.00  20.0  16.0,0.00 0.00 0.00 89.38 0.54 50.00 0.10 -14.44 6 63 6 63 20.0% 16.0% 100.000 0.000 0.00 -4.90 0.00  1.98 0.00 198.00 0.0% | 1200.00  -30.00 HI -50.00 -50.00
2026-09-27T06:54:05.101,DEMO,DEMO,DEMO_MODE,c87dde3f195c4fe8a135dd7fcf0abcad,F1 :    200    2 0.10 -14.44 0.54 50.00  20.0  16.0,0.00 0.00 0.00 89.38 0.54 50.00 0.10 -14.44 6 63 6 63 20.0% 16.0% 100.000 0.000 0.00 -4.90 0.00  1.98 0.00 198.00 0.0% | 1200.00  -30.00 HI -50.00 -50.00
2026-09-27T06:54:05.225,DEMO,DEMO,DEMO_MODE,c87dde3f195c4fe8a135dd7fcf0abcad,F1 :    200    2 0.10 -14.44 0.54 50.00  20.0  16.0,0.00 0.00 0.00 89.38 0.54 50.00 0.10 -14.44 6 63 6 63 20.0% 16.0% 100.000 0.000 0.00 -4.90 0.00  1.98 0.00 198.00 0.0% | 1200.00  -30.00 HI -50.00 -50.00
2026-09-27T06:54:05.346,DEMO,DEMO,DEMO_MODE,c87dde3f195c4fe8a135dd7fcf0abcad,F1 :    200    2 0.10 -14.44 0.54 50.00  20.0  16.0,0.00 0.00 0.00 89.38 0.54 50.00 0.10 -14.44 6 63 6 63 20.0% 16.0% 100.000 0.000 0.00 -4.90 0.00  1.98 0.00 198.00 0.0% | 1200.00  -30.00 HI -50.00 -50.00
2026-09-27T06:54:05.467,DEMO,DEMO,DEMO_MODE,c87dde3f195c4fe8a135dd7fcf0abcad,F1 :    200    2 0.10 -14.44 0.54 50.00  20.0  16.0,0.00 0.00 0.00 89.38 0.54 50.00 0.10 -14.44 6 63 6 63 20.0% 16.0% 100.000 0.000 0.00 -4.90 0.00  1.98 0.00 198.00 0.0% | 1200.00  -30.00 HI -50.00 -50.00
2026-09-27T06:54:05.588,DEMO,DEMO,DEMO_MODE,c87dde3f195c4fe8a135dd7fcf0abcad,F1 :    200    2 0.10 -14.44 0.54 50.00  20.0  16.0,0.00 0.00 0.00 89.38 0.54 50.00 0.10 -14.44 6 63 6 63 20.0% 16.0% 100.000 0.000 0.00 -4.90 0.00  1.98 0.00 198.00 0.0% | 1200.00  -30.00 HI -50.00 -50.00
2026-09-27T06:54:05.708,DEMO,DEMO,DEMO_MODE,c87dde3f195c4fe8a135dd7fcf0abcad,F1 :    200    2 0.10 -14.44 0.54 50.00  20.0  16.0,0.00 0.00 0.00 89.38 0.54 50.00 0.10 -14.44 6 63 6 63 20.0% 16.0% 100.000 0.000 0.00 -4.90 0.00  1.98 0.00 198.00 0.0% | 1200.00  -30.00 HI -50.00 -50.00
2026-09-27T06:54:05.828,DEMO,DEMO,DEMO_MODE,c87dde3f195c4fe8a135dd7fcf0abcad,F1 :    200    2 0.10 -14.44 0.54 50.00  20.0  16.0,0.00 0.00 0.00 89.38 0.54 50.00 0.10 -14.44 6 63 6 63 20.0% 16.0% 100.000 0.000 0.00 -4.90 0.00  1.98 0.00 198.00 0.0% | 1200.00  -30.00 HI -50.00 -50.00
2026-09-27T06:54:05.949,DEMO,DEMO,DEMO_MODE,c87dde3f195c4fe8a135dd7fcf0abcad,F1 :    200    2 0.10 -14.44 0.54 50.00  20.0  16.0,0.00 0.00 0.00 89.38 0.54 50.00 0.10 -14.44 6 63 6 63 20.0% 16.0% 100.000 0.000 0.00 -4.90 0.00  1.98 0.00 198.00 0.0% | 1200.00  -30.00 HI -50.00 -50.00
2026-09-27T06:54:06.070,DEMO,DEMO,DEMO_MODE,c87dde3f195c4fe8a135dd7fcf0abcad,F1 :    200    2 0.10 -14.44 0.54 50.00  20.0  16.0,0.00 0.00 0.00 89.38 0.54 50.00 0.10 -14.44 6 63 6 63 20.0% 16.0% 100.000 0.000 0.00 -4.90 0.00  1.98 0.00 198.00 0.0% | 1200.00  -30.00 HI -50.00 -50.00
2026-09-27T06:54:06.192,DEMO,DEMO,DEMO_MODE,c87dde3f195c4fe8a135dd7fcf0abcad,F1 :    200    2 0.10 -14.44 0.54 50.00  20.0  16.0,0.00 0.00 0.00 89.38 0.54 50.00 0.10 -14.44 6 63 6 63 20.0% 16.0% 100.000 0.000 0.00 -4.90 0.00  1.98 0.00 198.00 0.0% | 1200.00  -30.00 HI -50.00 -50.00
2026-09-27T06:54:06.312,DEMO,DEMO,DEMO_MODE,c87dde3f195c4fe8a135dd7fcf0abcad,F1 :    200    2 0.10 -14.44 0.54 50.00  20.0  16.0,0.00 0.00 0.00 89.38 0.54 50.00 0.10 -14.44 6 63 6 63 20.0% 16.0% 100.000 0.000 0.00 -4.90 0.00  1.98 0.00 198.00 0.0% | 1200.00  -30.00 HI -50.00 -50.00
2026-09-27T06:54:06.433,DEMO,DEMO,DEMO_MODE,c87dde3f195c4fe8a135dd7fcf0abcad,F1 :    200    2 0.10 -14.44 0.54 50.00  20.0  16.0,0.00 0.00 0.00 89.38 0.54 50.00 0.10 -14.44 6 63 6 63 20.0% 16.0% 100.000 0.000 0.00 -4.90 0.00  1.98 0.00 198.00 0.0% | 1200.00  -30.00 HI -50.00 -50.00
2026-09-27T06:54:06.554,DEMO,DEMO,DEMO_MODE,c87dde3f195c4fe8a135dd7fcf0abcad,F1 :    200    2 0.10 -14.44 0.54 50.00  20.0  16.0,0.00 0.00 0.00 89.38 0.54 50.00 0.10 -14.44 6 63 6 63 20.0% 16.0% 100.000 0.000 0.00 -4.90 0.00  1.98 0.00 198.00 0.0% | 1200.00  -30.00 HI -50.00 -50.00
2026-09-27T06:54:06.674,DEMO,DEMO,DEMO_MODE,c87dde3f195c4fe8a135dd7fcf0abcad,F1 :    200    2 0.10 -14.44 0.54 50.00  20.0  16.0,0.00 0.00 0.00 89.38 0.54 50.00 0.10 -14.44 6 63 6 63 20.0% 16.0% 100.000 0.000 0.00 -4.90 0.00  1.98 0.00 198.00 0.0% | 1200.00  -30.00 HI -50.00 -50.00
2026-09-27T06:54:06.795,DEMO,DEMO,DEMO_MODE,c87dde3f195c4fe8a135dd7fcf0abcad,F1 :    200    2 0.10 -14.44 0.54 50.00  20.0  16.0,0.00 0.00 0.00 89.38 0.54 50.00 0.10 -14.44 6 63 6 63 20.0% 16.0% 100.000 0.000 0.00 -4.90 0.00  1.98 0.00 198.00 0.0% | 1200.00  -30.00 HI -50.00 -50.00
2026-09-27T06:54:06.916,DEMO,DEMO,DEMO_MODE,c87dde3f195c4fe8a135dd7fcf0abcad,F1 :    200    2 0.10 -14.44 0.54 50.00  20.0  16.0,0.00 0.00 0.00 89.38 0.54 50.00 0.10 -14.44 6 63 6 63 20.0% 16.0% 100.000 0.000 0.00 -4.90 0.00  1.98 0.00 198.00 0.0% | 1200.00  -30.00 HI -50.00 -50.00
2026-09-27T06:54:07.037,DEMO,DEMO,DEMO_MODE,c87dde3f195c4fe8a135dd7fcf0abcad,F1 :    200    2 0.10 -14.44 0.54 50.00  20.0  16.0,0.00 0.00 0.00 89.38 0.54 50.00 0.10 -14.44 6 63 6 63 20.0% 16.0% 100.000 0.000 0.00 -4.90 0.00  1.98 0.00 198.00 0.0% | 1200.00  -30.00 HI -50.00 -50.00
2026-09-27T06:54:07.157,DEMO,DEMO,DEMO_MODE,c87dde3f195c4fe8a135dd7fcf0abcad,F1 :    200    2 0.10 -14.44 0.54 50.00  20.0  16.0,0.00 0.00 0.00 89.38 0.54 50.00 0.10 -14.44 6 63 6 63 20.0% 16.0% 100.000 0.000 0.00 -4.90 0.00  1.98 0.00 198.00 0.0% | 1200.00  -30.00 HI -50.00 -50.00
2026-09-27T06:54:07.278,DEMO,DEMO,DEMO_MODE,c87dde3f195c4fe8a135dd7fcf0abcad,F1 :    200    2 0.10 -14.44 0.54 50.00  20.0  16.0,0.00 0.00 0.00 89.38 0.54 50.00 0.10 -14.44 6 63 6 63 20.0% 16.0% 100.000 0.000 0.00 -4.90 0.00  1.98 0.00 198.00 0.0% | 1200.00  -30.00 HI -50.00 -50.00
2026-09-27T06:54:07.398,DEMO,DEMO,DEMO_MODE,c87dde3f195c4fe8a135dd7fcf0abcad,F1 :    200    2 0.10 -14.44 0.54 50.00  20.0  16.0,0.00 0.00 0.00 89.38 0.54 50.00 0.10 -14.44 6 63 6 63 20.0% 16.0% 100.000 0.000 0.00 -4.90 0.00  1.98 0.00 198.00 0.0% | 1200.00  -30.00 HI -50.00 -50.00
2026-09-27T06:54:07.519,DEMO,DEMO,DEMO_MODE,c87dde3f195c4fe8a135dd7fcf0abcad,F1 :    200    2 0.10 -14.44 0.54 50.00  20.0  16.0,0.00 0.00 0.00 89.38 0.54 50.00 0.10 -14.44 6 63 6 63 20.0% 16.0% 100.000 0.000 0.00 -4.90 0.00  1.98 0.00 198.00 0.0% | 1200.00  -30.00 HI -50.00 -50.00
2026-09-27T06:54:07.640,DEMO,DEMO,DEMO_MODE,c87dde3f195c4fe8a135dd7fcf0abcad,F1 :    200    2 0.10 -14.44 0.54 50.00  20.0  16.0,0.00 0.00 0.00 89.38 0.54 50.00 0.10 -14.44 6 63 6 63 20.0% 16.0% 100.000 0.000 0.00 -4.90 0.00  1.98 0.00 198.00 0.0% | 1200.00  -30.00 HI -50.00 -50.00
2026-09-27T06:54:07.760,DEMO,DEMO,DEMO_MODE,c87dde3f195c4fe8a135dd7fcf0abcad,F1 :    200    2 0.10 -14.44 0.54 50.00  20.0  16.0,0.00 0.00 0.00 89.38 0.54 50.00 0.10 -14.44 6 63 6 63 20.0% 16.0% 100.000 0.000 0.00 -4.90 0.00  1.98 0.00 198.00 0.0% | 1200.00  -30.00 HI -50.00 -50.00
2026-09-27T06:54:07.881,DEMO,DEMO,DEMO_MODE,c87dde3f195c4fe8a135dd7fcf0abcad,F1 :    200    2 0.10 -14.44 0.54 50.00  20.0  16.0,0.00 0.00 0.00 89.38 0.54 50.00 0.10 -14.44 6 63 6 63 20.0% 16.0% 100.000 0.000 0.00 -4.90 0.00  1.98 0.00 198.00 0.0% | 1200.00  -30.00 HI -50.00 -50.00
2026-09-27T06:54:08.001,DEMO,DEMO,DEMO_MODE,c87dde3f195c4fe8a135dd7fcf0abcad,F1 :    200    2 0.10 -14.44 0.54 50.00  20.0  16.0,0.00 0.00 0.00 89.38 0.54 50.00 0.10 -14.44 6 63 6 63 20.0% 16.0% 100.000 0.000 0.00 -4.90 0.00  1.98 0.00 198.00 0.0% | 1200.00  -30.00 HI -50.00 -50.00
2026-09-27T06:54:08.122,DEMO,DEMO,DEMO_MODE,c87dde3f195c4fe8a135dd7fcf0abcad,F1 :    200    2 0.10 -14.44 0.54 50.00  20.0  16.0,0.00 0.00 0.00 89.38 0.54 50.00 0.10 -14.44 6 63 6 63 20.0% 16.0% 100.000 0.000 0.00 -4.90 0.00  1.98 0.00 198.00 0.0% | 1200.00  -30.00 HI -50.00 -50.00
2026-09-27T06:54:08.243,DEMO,DEMO,DEMO_MODE,c87dde3f195c4fe8a135dd7fcf0abcad,F1 :    200    2 0.10 -14.44 0.54 50.00  20.0  16.0,0.00 0.00 0.00 89.38 0.54 50.00 0.10 -14.44 6 63 6 63 20.0% 16.0% 100.000 0.000 0.00 -4.90 0.00  1.98 0.00 198.00 0.0% | 1200.00  -30.00 HI -50.00 -50.00
2026-09-27T06:54:08.364,DEMO,DEMO,DEMO_MODE,c87dde3f195c4fe8a135dd7fcf0abcad,F1 :    200    2 0.10 -14.44 0.54 50.00  20.0  16.0,0.00 0.00 0.00 89.38 0.54 50.00 0.10 -14.44 6 63 6 63 20.0% 16.0% 100.000 0.000 0.00 -4.90 0.00  1.98 0.00 198.00 0.0% | 1200.00  -30.00 HI -50.00 -50.00
2026-09-27T06:54:08.484,DEMO,DEMO,DEMO_MODE,c87dde3f195c4fe8a135dd7fcf0abcad,F1 :    200    2 0.10 -14.44 0.54 50.00  20.0  16.0,0.00 0.00 0.00 89.38 0.54 50.00 0.10 -14.44 6 63 6 63 20.0% 16.0% 100.000 0.000 0.00 -4.90 0.00  1.98 0.00 198.00 0.0% | 1200.00  -30.00 HI -50.00 -50.00
2026-09-27T06:54:08.605,DEMO,DEMO,DEMO_MODE,c87dde3f195c4fe8a135dd7fcf0abcad,F1 :    200    2 0.10 -14.44 0.54 50.00  20.0  16.0,0.00 0.00 0.00 89.38 0.54 50.00 0.10 -14.44 6 63 6 63 20.0% 16.0% 100.000 0.000 0.00 -4.90 0.00  1.98 0.00 198.00 0.0% | 1200.00  -30.00 HI -50.00 -50.00
2026-09-27T06:54:08.731,DEMO,DEMO,DEMO_MODE,c87dde3f195c4fe8a135dd7fcf0abcad,F1 :    200    2 0.10 -14.44 0.54 50.00  20.0  16.0,0.00 0.00 0.00 89.38 0.54 50.00 0.10 -14.44 6 63 6 63 20.0% 16.0% 100.000 0.000 0.00 -4.90 0.00  1.98 0.00 198.00 0.0% | 1200.00  -30.00 HI -50.00 -50.00
2026-09-27T06:54:08.851,DEMO,DEMO,DEMO_MODE,c87dde3f195c4fe8a135dd7fcf0abcad,F1 :    200    2 0.10 -14.44 0.54 50.00  20.0  16.0,0.00 0.00 0.00 89.38 0.54 50.00 0.10 -14.44 6 63 6 63 20.0% 16.0% 100.000 0.000 0.00 -4.90 0.00  1.98 0.00 198.00 0.0% | 1200.00  -30.00 HI -50.00 -50.00
2026-09-27T06:54:08.977,DEMO,DEMO,DEMO_MODE,c87dde3f195c4fe8a135dd7fcf0abcad,F1 :    200    2 0.10 -14.44 0.54 50.00  20.0  16.0,0.00 0.00 0.00 89.38 0.54 50.00 0.10 -14.44 6 63 6 63 20.0% 16.0% 100.000 0.000 0.00 -4.90 0.00  1.98 0.00 198.00 0.0% | 1200.00  -30.00 HI -50.00 -50.00
2026-09-27T06:54:09.098,DEMO,DEMO,DEMO_MODE,c87dde3f195c4fe8a135dd7fcf0abcad,F1 :    200    2 0.10 -14.44 0.54 50.00  20.0  16.0,0.00 0.00 0.00 89.38 0.54 50.00 0.10 -14.44 6 63 6 63 20.0% 16.0% 100.000 0.000 0.00 -4.90 0.00  1.98 0.00 198.00 0.0% | 1200.00  -30.00 HI -50.00 -50.00
2026-09-27T06:54:09.225,DEMO,DEMO,DEMO_MODE,c87dde3f195c4fe8a135dd7fcf0abcad,F1 :    200    2 0.10 -14.44 0.54 50.00  20.0  20.0,0.00 0.00 0.00 89.38 0.54 50.00 0.10 -14.44 6 63 6 63 20.0% 20.0% 100.000 0.000 0.00 -4.90 0.00  1.98 0.00 198.00 0.0% | 1200.00  -30.00 HI -50.00 -50.00
2026-09-27T06:54:09.346,DEMO,DEMO,DEMO_MODE,c87dde3f195c4fe8a135dd7fcf0abcad,F1 :    200    2 0.10 -14.44 0.54 50.00  20.0  20.0,0.00 0.00 0.00 89.38 0.54 50.00 0.10 -14.44 6 63 6 63 20.0% 20.0% 100.000 0.000 0.00 -4.90 0.00  1.98 0.00 198.00 0.0% | 1200.00  -30.00 HI -50.00 -50.00
2026-09-27T06:54:09.467,DEMO,DEMO,DEMO_MODE,c87dde3f195c4fe8a135dd7fcf0abcad,F1 :    200    2 0.10 -14.44 0.54 50.00  20.0  20.0,0.00 0.00 0.00 89.38 0.54 50.00 0.10 -14.44 6 63 6 63 20.0% 20.0% 100.000 0.000 0.00 -4.90 0.00  1.98 0.00 198.00 0.0% | 1200.00  -30.00 HI -50.00 -50.00
2026-09-27T06:54:09.587,DEMO,DEMO,DEMO_MODE,c87dde3f195c4fe8a135dd7fcf0abcad,F1 :    200    2 0.10 -14.44 0.54 50.00  20.0  20.0,0.00 0.00 0.00 89.38 0.54 50.00 0.10 -14.44 6 63 6 63 20.0% 20.0% 100.000 0.000 0.00 -4.90 0.00  1.98 0.00 198.00 0.0% | 1200.00  -30.00 HI -50.00 -50.00
2026-09-27T06:54:09.708,DEMO,DEMO,DEMO_MODE,c87dde3f195c4fe8a135dd7fcf0abcad,F1 :    200    2 0.10 -14.44 0.54 50.00  20.0  20.0,0.00 0.00 0.00 89.38 0.54 50.00 0.10 -14.44 6 63 6 63 20.0% 20.0% 100.000 0.000 0.00 -4.90 0.00  1.98 0.00 198.00 0.0% | 1200.00  -30.00 HI -50.00 -50.00
2026-09-27T06:54:09.829,DEMO,DEMO,DEMO_MODE,c87dde3f195c4fe8a135dd7fcf0abcad,F1 :    200    2 0.10 -14.44 0.54 50.00  20.0  20.0,0.00 0.00 0.00 89.38 0.54 50.00 0.10 -14.44 6 63 6 63 20.0% 20.0% 100.000 0.000 0.00 -4.90 0.00  1.98 0.00 198.00 0.0% | 1200.00  -30.00 HI -50.00 -50.00
2026-09-27T06:54:09.949,DEMO,DEMO,DEMO_MODE,c87dde3f195c4fe8a135dd7fcf0abcad,F1 :    200    2 0.10 -14.44 0.54 50.00  20.0  20.0,0.00 0.00 0.00 89.38 0.54 50.00 0.10 -14.44 6 63 6 63 20.0% 20.0% 100.000 0.000 0.00 -4.90 0.00  1.98 0.00 198.00 0.0% | 1200.00  -30.00 HI -50.00 -50.00
2026-09-27T06:54:10.070,DEMO,DEMO,DEMO_MODE,c87dde3f195c4fe8a135dd7fcf0abcad,F1 :    200    2 0.10 -14.44 0.54 50.00  20.0  20.0,0.00 0.00 0.00 89.38 0.54 50.00 0.10 -14.44 6 63 6 63 20.0% 20.0% 100.000 0.000 0.00 -4.90 0.00  1.98 0.00 198.00 0.0% | 1200.00  -30.00 HI -50.00 -50.00
2026-09-27T06:54:10.191,DEMO,DEMO,DEMO_MODE,c87dde3f195c4fe8a135dd7fcf0abcad,F1 :    200    2 0.10 -14.44 0.54 50.00  20.0  20.0,0.00 0.00 0.00 89.38 0.54 50.00 0.10 -14.44 6 63 6 63 20.0% 20.0% 100.000 0.000 0.00 -4.90 0.00  1.98 0.00 198.00 0.0% | 1200.00  -30.00 HI -50.00 -50.00
2026-09-27T06:54:10.311,DEMO,DEMO,DEMO_MODE,c87dde3f195c4fe8a135dd7fcf0abcad,F1 :    200    2 0.10 -14.44 0.54 50.00  20.0  20.0,0.00 0.00 0.00 89.38 0.54 50.00 0.10 -14.44 6 63 6 63 20.0% 20.0% 100.000 0.000 0.00 -4.90 0.00  1.98 0.00 198.00 0.0% | 1200.00  -30.00 HI -50.00 -50.00
2026-09-27T06:54:10.432,DEMO,DEMO,DEMO_MODE,c87dde3f195c4fe8a135dd7fcf0abcad,F1 :    200    2 0.10 -14.44 0.54 50.00  20.0  20.0,0.00 0.00 0.00 89.38 0.54 50.00 0.10 -14.44 6 63 6 63 20.0% 20.0% 100.000 0.000 0.00 -4.90 0.00  1.98 0.00 198.00 0.0% | 1200.00  -30.00 HI -50.00 -50.00
2026-09-27T06:54:10.552,DEMO,DEMO,DEMO_MODE,c87dde3f195c4fe8a135dd7fcf0abcad,F1 :    200    2 0.10 -14.44 0.54 50.00  20.0  20.0,0.00 0.00 0.00 89.38 0.54 50.00 0.10 -14.44 6 63 6 63 20.0% 20.0% 100.000 0.000 0.00 -4.90 0.00  1.98 0.00 198.00 0.0% | 1200.00  -30.00 HI -50.00 -50.00
2026-09-27T06:54:10.673,DEMO,DEMO,DEMO_MODE,c87dde3f195c4fe8a135dd7fcf0abcad,F1 :    200    2 0.10 -14.44 0.54 50.00  20.0  20.0,0.00 0.00 0.00 89.38 0.54 50.00 0.10 -14.44 6 63 6 63 20.0% 20.0% 100.000 0.000 0.00 -4.90 0.00  1.98 0.00 198.00 0.0% | 1200.00  -30.00 HI -50.00 -50.00
2026-09-27T06:54:10.794,DEMO,DEMO,DEMO_MODE,c87dde3f195c4fe8a135dd7fcf0abcad,F1 :    200    2 0.10 -14.44 0.54 50.00  20.0  20.0,0.00 0.00 0.00 89.38 0.54 50.00 0.10 -14.44 6 63 6 63 20.0% 20.0% 100.000 0.000 0.00 -4.90 0.00  1.98 0.00 198.00 0.0% | 1200.00  -30.00 HI -50.00 -50.00
2026-09-27T06:54:10.915,DEMO,DEMO,DEMO_MODE,c87dde3f195c4fe8a135dd7fcf0abcad,F1 :    200    2 0.10 -14.44 0.54 50.00  20.0  20.0,0.00 0.00 0.00 89.38 0.54 50.00 0.10 -14.44 6 63 6 63 20.0% 20.0% 100.000 0.000 0.00 -4.90 0.00  1.98 0.00 198.00 0.0% | 1200.00  -30.00 HI -50.00 -50.00
2026-09-27T06:54:11.036,DEMO,DEMO,DEMO_MODE,c87dde3f195c4fe8a135dd7fcf0abcad,F1 :    200    2 0.10 -14.44 0.54 50.00  20.0  20.0,0.00 0.00 0.00 89.38 0.54 50.00 0.10 -14.44 6 63 6 63 20.0% 20.0% 100.000 0.000 0.00 -4.90 0.00  1.98 0.00 198.00 0.0% | 1200.00  -30.00 HI -50.00 -50.00
2026-09-27T06:54:11.157,DEMO,DEMO,DEMO_MODE,c87dde3f195c4fe8a135dd7fcf0abcad,F1 :    200    3 0.10 -14.44 0.54 50.00  20.0  20.0,0.00 0.00 0.00 89.38 0.54 50.00 0.10 -14.44 6 63 6 63 20.0% 20.0% 100.000 0.000 0.00 -4.90 0.00  1.97 0.00 197.00 0.0% | 1200.00  -30.00 HI -50.00 -50.00
2026-09-27T06:54:11.278,DEMO,DEMO,DEMO_MODE,c87dde3f195c4fe8a135dd7fcf0abcad,F1 :    200    3 0.10 -14.44 0.54 50.00  20.0  20.0,0.00 0.00 0.00 89.38 0.54 50.00 0.10 -14.44 6 63 6 63 20.0% 20.0% 100.000 0.000 0.00 -4.90 0.00  1.97 0.00 197.00 0.0% | 1200.00  -30.00 HI -50.00 -50.00
2026-09-27T06:54:11.399,DEMO,DEMO,DEMO_MODE,c87dde3f195c4fe8a135dd7fcf0abcad,F1 :    200    3 0.10 -14.44 0.54 50.00  20.0  20.0,0.00 0.00 0.00 89.38 0.54 50.00 0.10 -14.44 6 63 6 63 20.0% 20.0% 100.000 0.000 0.00 -4.90 0.00  1.97 0.00 197.00 0.0% | 1200.00  -30.00 HI -50.00 -50.00
2026-09-27T06:54:11.520,DEMO,DEMO,DEMO_MODE,c87dde3f195c4fe8a135dd7fcf0abcad,F1 :    200    3 0.10 -14.44 0.54 50.00  20.0  20.0,0.00 0.00 0.00 89.38 0.54 50.00 0.10 -14.44 6 63 6 63 20.0% 20.0% 100.000 0.000 0.00 -4.90 0.00  1.97 0.00 197.00 0.0% | 1200.00  -30.00 HI -50.00 -50.00
2026-09-27T06:54:11.641,DEMO,DEMO,DEMO_MODE,c87dde3f195c4fe8a135dd7fcf0abcad,F1 :    200    3 0.10 -14.44 0.54 50.00  20.0  20.0,0.00 0.00 0.00 89.38 0.54 50.00 0.10 -14.44 6 63 6 63 20.0% 20.0% 100.000 0.000 0.00 -4.90 0.00  1.97 0.00 197.00 0.0% | 1200.00  -30.00 HI -50.00 -50.00
2026-09-27T06:54:11.761,DEMO,DEMO,DEMO_MODE,c87dde3f195c4fe8a135dd7fcf0abcad,F1 :    200    3 0.10 -14.44 0.54 50.00  20.0  20.0,0.00 0.00 0.00 89.38 0.54 50.00 0.10 -14.44 6 63 6 63 20.0% 20.0% 100.000 0.000 0.00 -4.90 0.00  1.97 0.00 197.00 0.0% | 1200.00  -30.00 HI -50.00 -50.00
2026-09-27T06:54:11.882,DEMO,DEMO,DEMO_MODE,c87dde3f195c4fe8a135dd7fcf0abcad,F1 :    200    3 0.10 -14.44 0.54 50.00  20.0  20.0,0.00 0.00 0.00 89.38 0.54 50.00 0.10 -14.44 6 63 6 63 20.0% 20.0% 100.000 0.000 0.00 -4.90 0.00  1.97 0.00 197.00 0.0% | 1200.00  -30.00 HI -50.00 -50.00
2026-09-27T06:54:12.003,DEMO,DEMO,DEMO_MODE,c87dde3f195c4fe8a135dd7fcf0abcad,F1 :    200    3 0.10 -14.44 0.54 50.00  20.0  20.0,0.00 0.00 0.00 89.38 0.54 50.00 0.10 -14.44 6 63 6 63 20.0% 20.0% 100.000 0.000 0.00 -4.90 0.00  1.97 0.00 197.00 0.0% | 1200.00  -30.00 HI -50.00 -50.00
2026-09-27T06:54:12.123,DEMO,DEMO,DEMO_MODE,c87dde3f195c4fe8a135dd7fcf0abcad,F1 :    200    3 0.10 -14.44 0.54 50.00  20.0  20.0,0.00 0.00 0.00 89.38 0.54 50.00 0.10 -14.44 6 63 6 63 20.0% 20.0% 100.000 0.000 0.00 -4.90 0.00  1.97 0.00 197.00 0.0% | 1200.00  -30.00 HI -50.00 -50.00
2026-09-27T06:54:12.243,DEMO,DEMO,DEMO_MODE,c87dde3f195c4fe8a135dd7fcf0abcad,F1 :    200    3 0.10 -14.44 0.54 50.00  20.0  20.0,0.00 0.00 0.00 89.38 0.54 50.00 0.10 -14.44 6 63 6 63 20.0% 20.0% 100.000 0.000 0.00 -4.90 0.00  1.97 0.00 197.00 0.0% | 1200.00  -30.00 HI -50.00 -50.00
2026-09-27T06:54:12.364,DEMO,DEMO,DEMO_MODE,c87dde3f195c4fe8a135dd7fcf0abcad,F1 :    200    3 0.10 -14.44 0.54 50.00  20.0  20.0,0.00 0.00 0.00 89.38 0.54 50.00 0.10 -14.44 6 63 6 63 20.0% 20.0% 100.000 0.000 0.00 -4.90 0.00  1.97 0.00 197.00 0.0% | 1200.00  -30.00 HI -50.00 -50.00
2026-09-27T06:54:12.485,DEMO,DEMO,DEMO_MODE,c87dde3f195c4fe8a135dd7fcf0abcad,F1 :    200    3 0.10 -14.44 0.54 50.00  20.0  20.0,0.00 0.00 0.00 89.38 0.54 50.00 0.10 -14.44 6 63 6 63 20.0% 20.0% 100.000 0.000 0.00 -4.90 0.00  1.97 0.00 197.00 0.0% | 1200.00  -30.00 HI -50.00 -50.00
2026-09-27T06:54:12.606,DEMO,DEMO,DEMO_MODE,c87dde3f195c4fe8a135dd7fcf0abcad,F1 :    200    3 0.10 -14.44 0.54 50.00  20.0  20.0,0.00 0.00 0.00 89.38 0.54 50.00 0.10 -14.44 6 63 6 63 20.0% 20.0% 100.000 0.000 0.00 -4.90 0.00  1.97 0.00 197.00 0.0% | 1200.00  -30.00 HI -50.00 -50.00
2026-09-27T06:54:12.731,DEMO,DEMO,DEMO_MODE,c87dde3f195c4fe8a135dd7fcf0abcad,F1 :    200    3 0.10 -14.44 0.54 50.00  20.0  20.0,0.00 0.00 0.00 89.38 0.54 50.00 0.10 -14.44 6 63 6 63 20.0% 20.0% 100.000 0.000 0.00 -4.90 0.00  1.97 0.00 197.00 0.0% | 1200.00  -30.00 HI -50.00 -50.00
2026-09-27T06:54:12.852,DEMO,DEMO,DEMO_MODE,c87dde3f195c4fe8a135dd7fcf0abcad,F1 :    200    3 0.10 -14.44 0.54 50.00  20.0  20.0,0.00 0.00 0.00 89.38 0.54 50.00 0.10 -14.44 6 63 6 63 20.0% 20.0% 100.000 0.000 0.00 -4.90 0.00  1.97 0.00 197.00 0.0% | 1200.00  -30.00 HI -50.00 -50.00
2026-09-27T06:54:12.978,DEMO,DEMO,DEMO_MODE,c87dde3f195c4fe8a135dd7fcf0abcad,F1 :    200    3 0.10 -14.44 0.54 50.00  20.0  20.0,0.00 0.00 0.00 89.38 0.54 50.00 0.10 -14.44 6 63 6 63 20.0% 20.0% 100.000 0.000 0.00 -4.90 0.00  1.97 0.00 197.00 0.0% | 1200.00  -30.00 HI -50.00 -50.00
2026-09-27T06:54:13.099,DEMO,DEMO,DEMO_MODE,c87dde3f195c4fe8a135dd7fcf0abcad,F1 :    200    3 0.10 -14.44 0.54 50.00  20.0  20.0,0.00 0.00 0.00 89.38 0.54 50.00 0.10 -14.44 6 63 6 63 20.0% 20.0% 100.000 0.000 0.00 -4.90 0.00  1.97 0.00 197.00 0.0% | 1200.00  -30.00 HI -50.00 -50.00
2026-09-27T06:54:13.225,DEMO,DEMO,DEMO_MODE,c87dde3f195c4fe8a135dd7fcf0abcad,F1 :    200    3 0.10 -14.44 0.54 50.00  20.0  20.0,0.00 0.00 0.00 89.38 0.54 50.00 0.10 -14.44 6 63 6 63 20.0% 20.0% 100.000 0.000 0.00 -4.90 0.00  1.97 0.00 197.00 0.0% | 1200.00  -30.00 HI -50.00 -50.00
2026-09-27T06:54:13.346,DEMO,DEMO,DEMO_MODE,c87dde3f195c4fe8a135dd7fcf0abcad,F1 :    200    3 0.10 -14.44 0.54 50.00  20.0  20.0,0.00 0.00 0.00 89.38 0.54 50.00 0.10 -14.44 6 63 6 63 20.0% 20.0% 100.000 0.000 0.00 -4.90 0.00  1.97 0.00 197.00 0.0% | 1200.00  -30.00 HI -50.00 -50.00
2026-09-27T06:54:13.467,DEMO,DEMO,DEMO_MODE,c87dde3f195c4fe8a135dd7fcf0abcad,F1 :    200    3 0.10 -14.44 0.54 50.00  20.0  20.0,0.00 0.00 0.00 89.38 0.54 50.00 0.10 -14.44 6 63 6 63 20.0% 20.0% 100.000 0.000 0.00 -4.90 0.00  1.97 0.00 197.00 0.0% | 1200.00  -30.00 HI -50.00 -50.00
2026-09-27T06:54:13.588,DEMO,DEMO,DEMO_MODE,c87dde3f195c4fe8a135dd7fcf0abcad,F1 :    200    3 0.10 -14.44 0.54 50.00  20.0  20.0,0.00 0.00 0.00 89.38 0.54 50.00 0.10 -14.44 6 63 6 63 20.0% 20.0% 100.000 0.000 0.00 -4.90 0.00  1.97 0.00 197.00 0.0% | 1200.00  -30.00 HI -50.00 -50.00
2026-09-27T06:54:13.709,DEMO,DEMO,DEMO_MODE,c87dde3f195c4fe8a135dd7fcf0abcad,F1 :    200    3 0.10 -14.44 0.54 50.00  20.0  20.0,0.00 0.00 0.00 89.38 0.54 50.00 0.10 -14.44 6 63 6 63 20.0% 20.0% 100.000 0.000 0.00 -4.90 0.00  1.97 0.00 197.00 0.0% | 1200.00  -30.00 HI -50.00 -50.00
2026-09-27T06:54:13.829,DEMO,DEMO,DEMO_MODE,c87dde3f195c4fe8a135dd7fcf0abcad,F1 :    200    3 0.10 -14.44 0.54 50.00  20.0  20.0,0.00 0.00 0.00 89.38 0.54 50.00 0.10 -14.44 6 63 6 63 20.0% 20.0% 100.000 0.000 0.00 -4.90 0.00  1.97 0.00 197.00 0.0% | 1200.00  -30.00 HI -50.00 -50.00
2026-09-27T06:54:13.950,DEMO,DEMO,DEMO_MODE,c87dde3f195c4fe8a135dd7fcf0abcad,F1 :    200    3 0.10 -14.44 0.54 50.00  20.0  20.0,0.00 0.00 0.00 89.38 0.54 50.00 0.10 -14.44 6 63 6 63 20.0% 20.0% 100.000 0.000 0.00 -4.90 0.00  1.97 0.00 197.00 0.0% | 1200.00  -30.00 HI -50.00 -50.00
2026-09-27T06:54:14.071,DEMO,DEMO,DEMO_MODE,c87dde3f195c4fe8a135dd7fcf0abcad,F1 :    200    3 0.10 -14.44 0.54 50.00  20.0  20.0,0.00 0.00 0.00 89.38 0.54 50.00 0.10 -14.44 6 63 6 63 20.0% 20.0% 100.000 0.000 0.00 -4.90 0.00  1.97 0.00 197.00 0.0% | 1200.00  -30.00 HI -50.00 -50.00
2026-09-27T06:54:14.192,DEMO,DEMO,DEMO_MODE,c87dde3f195c4fe8a135dd7fcf0abcad,F1 :    300    3 0.10 -14.44 0.54 50.00  30.0  24.0,0.00 0.00 0.00 89.38 0.54 50.00 0.10 -14.44 6 63 6 63 30.0% 24.0% 150.000 0.000 0.00 -4.90 0.00  1.98 0.00 297.00 0.0% | 1200.00  -20.00 HI -50.00 -50.00
2026-09-27T06:54:14.313,DEMO,DEMO,DEMO_MODE,c87dde3f195c4fe8a135dd7fcf0abcad,F1 :    300    3 0.10 -14.44 0.54 50.00  30.0  24.0,0.00 0.00 0.00 89.38 0.54 50.00 0.10 -14.44 6 63 6 63 30.0% 24.0% 150.000 0.000 0.00 -4.90 0.00  1.98 0.00 297.00 0.0% | 1200.00  -20.00 HI -50.00 -50.00
2026-09-27T06:54:14.434,DEMO,DEMO,DEMO_MODE,c87dde3f195c4fe8a135dd7fcf0abcad,F1 :    300    3 0.10 -14.44 0.54 50.00  30.0  24.0,0.00 0.00 0.00 89.38 0.54 50.00 0.10 -14.44 6 63 6 63 30.0% 24.0% 150.000 0.000 0.00 -4.90 0.00  1.98 0.00 297.00 0.0% | 1200.00  -20.00 HI -50.00 -50.00
2026-09-27T06:54:14.554,DEMO,DEMO,DEMO_MODE,c87dde3f195c4fe8a135dd7fcf0abcad,F1 :    300    3 0.10 -14.44 0.54 50.00  30.0  24.0,0.00 0.00 0.00 89.38 0.54 50.00 0.10 -14.44 6 63 6 63 30.0% 24.0% 150.000 0.000 0.00 -4.90 0.00  1.98 0.00 297.00 0.0% | 1200.00  -20.00 HI -50.00 -50.00
2026-09-27T06:54:14.675,DEMO,DEMO,DEMO_MODE,c87dde3f195c4fe8a135dd7fcf0abcad,F1 :    300    3 0.10 -14.44 0.54 50.00  30.0  24.0,0.00 0.00 0.00 89.38 0.54 50.00 0.10 -14.44 6 63 6 63 30.0% 24.0% 150.000 0.000 0.00 -4.90 0.00  1.98 0.00 297.00 0.0% | 1200.00  -20.00 HI -50.00 -50.00
2026-09-27T06:54:14.796,DEMO,DEMO,DEMO_MODE,c87dde3f195c4fe8a135dd7fcf0abcad,F1 :    300    3 0.10 -14.44 0.54 50.00  30.0  24.0,0.00 0.00 0.00 89.38 0.54 50.00 0.10 -14.44 6 63 6 63 30.0% 24.0% 150.000 0.000 0.00 -4.90 0.00  1.98 0.00 297.00 0.0% | 1200.00  -20.00 HI -50.00 -50.00
2026-09-27T06:54:14.917,DEMO,DEMO,DEMO_MODE,c87dde3f195c4fe8a135dd7fcf0abcad,F1 :    300    3 0.10 -14.44 0.54 50.00  30.0  24.0,0.00 0.00 0.00 89.38 0.54 50.00 0.10 -14.44 6 63 6 63 30.0% 24.0% 150.000 0.000 0.00 -4.90 0.00  1.98 0.00 297.00 0.0% | 1200.00  -20.00 HI -50.00 -50.00
2026-09-27T06:54:15.038,DEMO,DEMO,DEMO_MODE,c87dde3f195c4fe8a135dd7fcf0abcad,F1 :    300    3 0.10 -14.44 0.54 50.00  30.0  24.0,0.00 0.00 0.00 89.38 0.54 50.00 0.10 -14.44 6 63 6 63 30.0% 24.0% 150.000 0.000 0.00 -4.90 0.00  1.98 0.00 297.00 0.0% | 1200.00  -20.00 HI -50.00 -50.00
2026-09-27T06:54:15.159,DEMO,DEMO,DEMO_MODE,c87dde3f195c4fe8a135dd7fcf0abcad,F1 :    300    3 0.10 -14.44 0.54 50.00  30.0  24.0,0.00 0.00 0.00 89.38 0.54 50.00 0.10 -14.44 6 63 6 63 30.0% 24.0% 150.000 0.000 0.00 -4.90 0.00  1.98 0.00 297.00 0.0% | 1200.00  -20.00 HI -50.00 -50.00
2026-09-27T06:54:15.280,DEMO,DEMO,DEMO_MODE,c87dde3f195c4fe8a135dd7fcf0abcad,F1 :    300    3 0.10 -14.44 0.54 50.00  30.0  24.0,0.00 0.00 0.00 89.38 0.54 50.00 0.10 -14.44 6 63 6 63 30.0% 24.0% 150.000 0.000 0.00 -4.90 0.00  1.98 0.00 297.00 0.0% | 1200.00  -20.00 HI -50.00 -50.00
2026-09-27T06:54:15.401,DEMO,DEMO,DEMO_MODE,c87dde3f195c4fe8a135dd7fcf0abcad,F1 :    300    3 0.10 -14.44 0.54 50.00  30.0  24.0,0.00 0.00 0.00 89.38 0.54 50.00 0.10 -14.44 6 63 6 63 30.0% 24.0% 150.000 0.000 0.00 -4.90 0.00  1.98 0.00 297.00 0.0% | 1200.00  -20.00 HI -50.00 -50.00
2026-09-27T06:54:15.521,DEMO,DEMO,DEMO_MODE,c87dde3f195c4fe8a135dd7fcf0abcad,F1 :    300    3 0.10 -14.44 0.54 50.00  30.0  24.0,0.00 0.00 0.00 89.38 0.54 50.00 0.10 -14.44 6 63 6 63 30.0% 24.0% 150.000 0.000 0.00 -4.90 0.00  1.98 0.00 297.00 0.0% | 1200.00  -20.00 HI -50.00 -50.00
2026-09-27T06:54:15.643,DEMO,DEMO,DEMO_MODE,c87dde3f195c4fe8a135dd7fcf0abcad,F1 :    300    3 0.10 -14.44 0.54 50.00  30.0  24.0,0.00 0.00 0.00 89.38 0.54 50.00 0.10 -14.44 6 63 6 63 30.0% 24.0% 150.000 0.000 0.00 -4.90 0.00  1.98 0.00 297.00 0.0% | 1200.00  -20.00 HI -50.00 -50.00
2026-09-27T06:54:15.763,DEMO,DEMO,DEMO_MODE,c87dde3f195c4fe8a135dd7fcf0abcad,F1 :    300    3 0.10 -14.44 0.54 50.00  30.0  24.0,0.00 0.00 0.00 89.38 0.54 50.00 0.10 -14.44 6 63 6 63 30.0% 24.0% 150.000 0.000 0.00 -4.90 0.00  1.98 0.00 297.00 0.0% | 1200.00  -20.00 HI -50.00 -50.00
2026-09-27T06:54:15.883,DEMO,DEMO,DEMO_MODE,c87dde3f195c4fe8a135dd7fcf0abcad,F1 :    300    3 0.10 -14.44 0.54 50.00  30.0  24.0,0.00 0.00 0.00 89.38 0.54 50.00 0.10 -14.44 6 63 6 63 30.0% 24.0% 150.000 0.000 0.00 -4.90 0.00  1.98 0.00 297.00 0.0% | 1200.00  -20.00 HI -50.00 -50.00
2026-09-27T06:54:16.004,DEMO,DEMO,DEMO_MODE,c87dde3f195c4fe8a135dd7fcf0abcad,F1 :    300    3 0.10 -14.44 0.54 50.00  30.0  24.0,0.00 0.00 0.00 89.38 0.54 50.00 0.10 -14.44 6 63 6 63 30.0% 24.0% 150.000 0.000 0.00 -4.90 0.00  1.98 0.00 297.00 0.0% | 1200.00  -20.00 HI -50.00 -50.00
2026-09-27T06:54:16.125,DEMO,DEMO,DEMO_MODE,c87dde3f195c4fe8a135dd7fcf0abcad,F1 :    300    3 0.10 -14.44 0.54 50.00  30.0  24.0,0.00 0.00 0.00 89.38 0.54 50.00 0.10 -14.44 6 63 6 63 30.0% 24.0% 150.000 0.000 0.00 -4.90 0.00  1.98 0.00 297.00 0.0% | 1200.00  -20.00 HI -50.00 -50.00
2026-09-27T06:54:16.246,DEMO,DEMO,DEMO_MODE,c87dde3f195c4fe8a135dd7fcf0abcad,F1 :    300    3 0.10 -14.44 0.54 50.00  30.0  24.0,0.00 0.00 0.00 89.38 0.54 50.00 0.10 -14.44 6 63 6 63 30.0% 24.0% 150.000 0.000 0.00 -4.90 0.00  1.98 0.00 297.00 0.0% | 1200.00  -20.00 HI -50.00 -50.00
2026-09-27T06:54:16.367,DEMO,DEMO,DEMO_MODE,c87dde3f195c4fe8a135dd7fcf0abcad,F1 :    300    3 0.10 -14.44 0.54 50.00  30.0  24.0,0.00 0.00 0.00 89.38 0.54 50.00 0.10 -14.44 6 63 6 63 30.0% 24.0% 150.000 0.000 0.00 -4.90 0.00  1.98 0.00 297.00 0.0% | 1200.00  -20.00 HI -50.00 -50.00
2026-09-27T06:54:16.487,DEMO,DEMO,DEMO_MODE,c87dde3f195c4fe8a135dd7fcf0abcad,F1 :    300    3 0.10 -14.44 0.54 50.00  30.0  24.0,0.00 0.00 0.00 89.38 0.54 50.00 0.10 -14.44 6 63 6 63 30.0% 24.0% 150.000 0.000 0.00 -4.90 0.00  1.98 0.00 297.00 0.0% | 1200.00  -20.00 HI -50.00 -50.00
2026-09-27T06:54:16.608,DEMO,DEMO,DEMO_MODE,c87dde3f195c4fe8a135dd7fcf0abcad,F1 :    300    3 0.10 -14.44 0.54 50.00  30.0  24.0,0.00 0.00 0.00 89.38 0.54 50.00 0.10 -14.44 6 63 6 63 30.0% 24.0% 150.000 0.000 0.00 -4.90 0.00  1.98 0.00 297.00 0.0% | 1200.00  -20.00 HI -50.00 -50.00
2026-09-27T06:54:16.735,DEMO,DEMO,DEMO_MODE,c87dde3f195c4fe8a135dd7fcf0abcad,F1 :    300    3 0.10 -14.44 0.54 50.00  30.0  24.0,0.00 0.00 0.00 89.38 0.54 50.00 0.10 -14.44 6 63 6 63 30.0% 24.0% 150.000 0.000 0.00 -4.90 0.00  1.98 0.00 297.00 0.0% | 1200.00  -20.00 HI -50.00 -50.00
2026-09-27T06:54:16.856,DEMO,DEMO,DEMO_MODE,c87dde3f195c4fe8a135dd7fcf0abcad,F1 :    300    3 0.10 -14.44 0.54 50.00  30.0  24.0,0.00 0.00 0.00 89.38 0.54 50.00 0.10 -14.44 6 63 6 63 30.0% 24.0% 150.000 0.000 0.00 -4.90 0.00  1.98 0.00 297.00 0.0% | 1200.00  -20.00 HI -50.00 -50.00
2026-09-27T06:54:16.983,DEMO,DEMO,DEMO_MODE,c87dde3f195c4fe8a135dd7fcf0abcad,F1 :    300    3 0.10 -14.44 0.54 50.00  30.0  24.0,0.00 0.00 0.00 89.38 0.54 50.00 0.10 -14.44 6 63 6 63 30.0% 24.0% 150.000 0.000 0.00 -4.90 0.00  1.98 0.00 297.00 0.0% | 1200.00  -20.00 HI -50.00 -50.00
2026-09-27T06:54:17.104,DEMO,DEMO,DEMO_MODE,c87dde3f195c4fe8a135dd7fcf0abcad,F1 :    300    3 0.10 -14.44 0.54 50.00  30.0  24.0,0.00 0.00 0.00 89.38 0.54 50.00 0.10 -14.44 6 63 6 63 30.0% 24.0% 150.000 0.000 0.00 -4.90 0.00  1.98 0.00 297.00 0.0% | 1200.00  -20.00 HI -50.00 -50.00
2026-09-27T06:54:17.229,DEMO,DEMO,DEMO_MODE,c87dde3f195c4fe8a135dd7fcf0abcad,F1 :    300    3 0.10 -14.44 0.54 50.00  30.0  24.0,0.00 0.00 0.00 89.38 0.54 50.00 0.10 -14.44 6 63 6 63 30.0% 24.0% 150.000 0.000 0.00 -4.90 0.00  1.98 0.00 297.00 0.0% | 1200.00  -20.00 HI -50.00 -50.00
2026-09-27T06:54:17.350,DEMO,DEMO,DEMO_MODE,c87dde3f195c4fe8a135dd7fcf0abcad,F1 :    300    3 0.10 -14.44 0.54 50.00  30.0  24.0,0.00 0.00 0.00 89.38 0.54 50.00 0.10 -14.44 6 63 6 63 30.0% 24.0% 150.000 0.000 0.00 -4.90 0.00  1.98 0.00 297.00 0.0% | 1200.00  -20.00 HI -50.00 -50.00
2026-09-27T06:54:17.470,DEMO,DEMO,DEMO_MODE,c87dde3f195c4fe8a135dd7fcf0abcad,F1 :    300    3 0.10 -14.44 0.54 50.00  30.0  24.0,0.00 0.00 0.00 89.38 0.54 50.00 0.10 -14.44 6 63 6 63 30.0% 24.0% 150.000 0.000 0.00 -4.90 0.00  1.98 0.00 297.00 0.0% | 1200.00  -20.00 HI -50.00 -50.00
2026-09-27T06:54:17.591,DEMO,DEMO,DEMO_MODE,c87dde3f195c4fe8a135dd7fcf0abcad,F1 :    300    3 0.10 -14.44 0.54 50.00  30.0  24.0,0.00 0.00 0.00 89.38 0.54 50.00 0.10 -14.44 6 63 6 63 30.0% 24.0% 150.000 0.000 0.00 -4.90 0.00  1.98 0.00 297.00 0.0% | 1200.00  -20.00 HI -50.00 -50.00
2026-09-27T06:54:17.711,DEMO,DEMO,DEMO_MODE,c87dde3f195c4fe8a135dd7fcf0abcad,F1 :    300    3 0.10 -14.44 0.54 50.00  30.0  24.0,0.00 0.00 0.00 89.38 0.54 50.00 0.10 -14.44 6 63 6 63 30.0% 24.0% 150.000 0.000 0.00 -4.90 0.00  1.98 0.00 297.00 0.0% | 1200.00  -20.00 HI -50.00 -50.00
2026-09-27T06:54:17.832,DEMO,DEMO,DEMO_MODE,c87dde3f195c4fe8a135dd7fcf0abcad,F1 :    300    3 0.10 -14.44 0.54 50.00  30.0  24.0,0.00 0.00 0.00 89.38 0.54 50.00 0.10 -14.44 6 63 6 63 30.0% 24.0% 150.000 0.000 0.00 -4.90 0.00  1.98 0.00 297.00 0.0% | 1200.00  -20.00 HI -50.00 -50.00
2026-09-27T06:54:17.953,DEMO,DEMO,DEMO_MODE,c87dde3f195c4fe8a135dd7fcf0abcad,F1 :    300    3 0.10 -14.44 0.54 50.00  30.0  24.0,0.00 0.00 0.00 89.38 0.54 50.00 0.10 -14.44 6 63 6 63 30.0% 24.0% 150.000 0.000 0.00 -4.90 0.00  1.98 0.00 297.00 0.0% | 1200.00  -20.00 HI -50.00 -50.00
2026-09-27T06:54:18.073,DEMO,DEMO,DEMO_MODE,c87dde3f195c4fe8a135dd7fcf0abcad,F1 :    300    3 0.10 -14.44 0.54 50.00  30.0  24.0,0.00 0.00 0.00 89.38 0.54 50.00 0.10 -14.44 6 63 6 63 30.0% 24.0% 150.000 0.000 0.00 -4.90 0.00  1.98 0.00 297.00 0.0% | 1200.00  -20.00 HI -50.00 -50.00
2026-09-27T06:54:18.194,DEMO,DEMO,DEMO_MODE,c87dde3f195c4fe8a135dd7fcf0abcad,F1 :    300    3 0.10 -14.44 0.54 50.00  30.0  24.0,0.00 0.00 0.00 89.38 0.54 50.00 0.10 -14.44 6 63 6 63 30.0% 24.0% 150.000 0.000 0.00 -4.90 0.00  1.98 0.00 297.00 0.0% | 1200.00  -20.00 HI -50.00 -50.00
2026-09-27T06:54:18.315,DEMO,DEMO,DEMO_MODE,c87dde3f195c4fe8a135dd7fcf0abcad,F1 :    300    3 0.10 -14.44 0.54 50.00  30.0  24.0,0.00 0.00 0.00 89.38 0.54 50.00 0.10 -14.44 6 63 6 63 30.0% 24.0% 150.000 0.000 0.00 -4.90 0.00  1.98 0.00 297.00 0.0% | 1200.00  -20.00 HI -50.00 -50.00
2026-09-27T06:54:18.435,DEMO,DEMO,DEMO_MODE,c87dde3f195c4fe8a135dd7fcf0abcad,F1 :    300    3 0.10 -14.44 0.54 50.00  30.0  24.0,0.00 0.00 0.00 89.38 0.54 50.00 0.10 -14.44 6 63 6 63 30.0% 24.0% 150.000 0.000 0.00 -4.90 0.00  1.98 0.00 297.00 0.0% | 1200.00  -20.00 HI -50.00 -50.00
2026-09-27T06:54:18.556,DEMO,DEMO,DEMO_MODE,c87dde3f195c4fe8a135dd7fcf0abcad,F1 :    300    3 0.10 -14.44 0.54 50.00  30.0  24.0,0.00 0.00 0.00 89.38 0.54 50.00 0.10 -14.44 6 63 6 63 30.0% 24.0% 150.000 0.000 0.00 -4.90 0.00  1.98 0.00 297.00 0.0% | 1200.00  -20.00 HI -50.00 -50.00
2026-09-27T06:54:18.677,DEMO,DEMO,DEMO_MODE,c87dde3f195c4fe8a135dd7fcf0abcad,F1 :    300    3 0.10 -14.44 0.54 50.00  30.0  24.0,0.00 0.00 0.00 89.38 0.54 50.00 0.10 -14.44 6 63 6 63 30.0% 24.0% 150.000 0.000 0.00 -4.90 0.00  1.98 0.00 297.00 0.0% | 1200.00  -20.00 HI -50.00 -50.00
2026-09-27T06:54:18.797,DEMO,DEMO,DEMO_MODE,c87dde3f195c4fe8a135dd7fcf0abcad,F1 :    300    3 0.10 -14.44 0.54 50.00  30.0  24.0,0.00 0.00 0.00 89.38 0.54 50.00 0.10 -14.44 6 63 6 63 30.0% 24.0% 150.000 0.000 0.00 -4.90 0.00  1.98 0.00 297.00 0.0% | 1200.00  -20.00 HI -50.00 -50.00
2026-09-27T06:54:18.917,DEMO,DEMO,DEMO_MODE,c87dde3f195c4fe8a135dd7fcf0abcad,F1 :    300    3 0.10 -14.44 0.54 50.00  30.0  24.0,0.00 0.00 0.00 89.38 0.54 50.00 0.10 -14.44 6 63 6 63 30.0% 24.0% 150.000 0.000 0.00 -4.90 0.00  1.98 0.00 297.00 0.0% | 1200.00  -20.00 HI -50.00 -50.00
2026-09-27T06:54:19.038,DEMO,DEMO,DEMO_MODE,c87dde3f195c4fe8a135dd7fcf0abcad,F1 :    300    3 0.10 -14.44 0.54 50.00  30.0  24.0,0.00 0.00 0.00 89.38 0.54 50.00 0.10 -14.44 6 63 6 63 30.0% 24.0% 150.000 0.000 0.00 -4.90 0.00  1.98 0.00 297.00 0.0% | 1200.00  -20.00 HI -50.00 -50.00
2026-09-27T06:54:19.159,DEMO,DEMO,DEMO_MODE,c87dde3f195c4fe8a135dd7fcf0abcad,F1 :    300    3 0.10 -14.44 0.54 50.00  30.0  24.0,0.00 0.00 0.00 89.38 0.54 50.00 0.10 -14.44 6 63 6 63 30.0% 24.0% 150.000 0.000 0.00 -4.90 0.00  1.98 0.00 297.00 0.0% | 1200.00  -20.00 HI -50.00 -50.00
2026-09-27T06:54:19.279,DEMO,DEMO,DEMO_MODE,c87dde3f195c4fe8a135dd7fcf0abcad,F1 :    300    3 0.10 -14.44 0.54 50.00  30.0  28.0,0.00 0.00 0.00 89.38 0.54 50.00 0.10 -14.44 6 63 6 63 30.0% 28.0% 150.000 0.000 0.00 -4.90 0.00  1.98 0.00 297.00 0.0% | 1200.00  -20.00 HI -50.00 -50.00
2026-09-27T06:54:19.400,DEMO,DEMO,DEMO_MODE,c87dde3f195c4fe8a135dd7fcf0abcad,F1 :    300    3 0.10 -14.44 0.54 50.00  30.0  28.0,0.00 0.00 0.00 89.38 0.54 50.00 0.10 -14.44 6 63 6 63 30.0% 28.0% 150.000 0.000 0.00 -4.90 0.00  1.98 0.00 297.00 0.0% | 1200.00  -20.00 HI -50.00 -50.00
2026-09-27T06:54:19.520,DEMO,DEMO,DEMO_MODE,c87dde3f195c4fe8a135dd7fcf0abcad,F1 :    300    3 0.10 -14.44 0.54 50.00  30.0  28.0,0.00 0.00 0.00 89.38 0.54 50.00 0.10 -14.44 6 63 6 63 30.0% 28.0% 150.000 0.000 0.00 -4.90 0.00  1.98 0.00 297.00 0.0% | 1200.00  -20.00 HI -50.00 -50.00
2026-09-27T06:54:19.641,DEMO,DEMO,DEMO_MODE,c87dde3f195c4fe8a135dd7fcf0abcad,F1 :    300    3 0.10 -14.44 0.54 50.00  30.0  28.0,0.00 0.00 0.00 89.38 0.54 50.00 0.10 -14.44 6 63 6 63 30.0% 28.0% 150.000 0.000 0.00 -4.90 0.00  1.98 0.00 297.00 0.0% | 1200.00  -20.00 HI -50.00 -50.00
2026-09-27T06:54:19.762,DEMO,DEMO,DEMO_MODE,c87dde3f195c4fe8a135dd7fcf0abcad,F1 :    300    3 0.10 -14.44 0.54 50.00  30.0  28.0,0.00 0.00 0.00 89.38 0.54 50.00 0.10 -14.44 6 63 6 63 30.0% 28.0% 150.000 0.000 0.00 -4.90 0.00  1.98 0.00 297.00 0.0% | 1200.00  -20.00 HI -50.00 -50.00
2026-09-27T06:54:19.882,DEMO,DEMO,DEMO_MODE,c87dde3f195c4fe8a135dd7fcf0abcad,F1 :    300    3 0.10 -14.44 0.54 50.00  30.0  28.0,0.00 0.00 0.00 89.38 0.54 50.00 0.10 -14.44 6 63 6 63 30.0% 28.0% 150.000 0.000 0.00 -4.90 0.00  1.98 0.00 297.00 0.0% | 1200.00  -20.00 HI -50.00 -50.00
2026-09-27T06:54:20.003,DEMO,DEMO,DEMO_MODE,c87dde3f195c4fe8a135dd7fcf0abcad,F1 :    300    3 0.10 -14.44 0.54 50.00  30.0  28.0,0.00 0.00 0.00 89.38 0.54 50.00 0.10 -14.44 6 63 6 63 30.0% 28.0% 150.000 0.000 0.00 -4.90 0.00  1.98 0.00 297.00 0.0% | 1200.00  -20.00 HI -50.00 -50.00
2026-09-27T06:54:20.124,DEMO,DEMO,DEMO_MODE,c87dde3f195c4fe8a135dd7fcf0abcad,F1 :    300    3 0.10 -14.44 0.54 50.00  30.0  28.0,0.00 0.00 0.00 89.38 0.54 50.00 0.10 -14.44 6 63 6 63 30.0% 28.0% 150.000 0.000 0.00 -4.90 0.00  1.98 0.00 297.00 0.0% | 1200.00  -20.00 HI -50.00 -50.00
2026-09-27T06:54:20.245,DEMO,DEMO,DEMO_MODE,c87dde3f195c4fe8a135dd7fcf0abcad,F1 :    300    4 0.10 -14.44 0.54 50.00  30.0  28.0,0.00 0.00 0.00 89.38 0.54 50.00 0.10 -14.44 6 63 6 63 30.0% 28.0% 150.000 0.000 0.00 -4.90 0.00  1.97 0.00 296.00 0.0% | 1200.00  -20.00 HI -50.00 -50.00
2026-09-27T06:54:20.365,DEMO,DEMO,DEMO_MODE,c87dde3f195c4fe8a135dd7fcf0abcad,F1 :    300    4 0.10 -14.44 0.54 50.00  30.0  28.0,0.00 0.00 0.00 89.38 0.54 50.00 0.10 -14.44 6 63 6 63 30.0% 28.0% 150.000 0.000 0.00 -4.90 0.00  1.97 0.00 296.00 0.0% | 1200.00  -20.00 HI -50.00 -50.00
2026-09-27T06:54:20.487,DEMO,DEMO,DEMO_MODE,c87dde3f195c4fe8a135dd7fcf0abcad,F1 :    300    4 0.10 -14.44 0.54 50.00  30.0  28.0,0.00 0.00 0.00 89.38 0.54 50.00 0.10 -14.44 6 63 6 63 30.0% 28.0% 150.000 0.000 0.00 -4.90 0.00  1.97 0.00 296.00 0.0% | 1200.00  -20.00 HI -50.00 -50.00
2026-09-27T06:54:20.607,DEMO,DEMO,DEMO_MODE,c87dde3f195c4fe8a135dd7fcf0abcad,F1 :    300    4 0.10 -14.44 0.54 50.00  30.0  28.0,0.00 0.00 0.00 89.38 0.54 50.00 0.10 -14.44 6 63 6 63 30.0% 28.0% 150.000 0.000 0.00 -4.90 0.00  1.97 0.00 296.00 0.0% | 1200.00  -20.00 HI -50.00 -50.00
2026-09-27T06:54:20.734,DEMO,DEMO,DEMO_MODE,c87dde3f195c4fe8a135dd7fcf0abcad,F1 :    300    4 0.10 -14.44 0.54 50.00  30.0  28.0,0.00 0.00 0.00 89.38 0.54 50.00 0.10 -14.44 6 63 6 63 30.0% 28.0% 150.000 0.000 0.00 -4.90 0.00  1.97 0.00 296.00 0.0% | 1200.00  -20.00 HI -50.00 -50.00
2026-09-27T06:54:20.854,DEMO,DEMO,DEMO_MODE,c87dde3f195c4fe8a135dd7fcf0abcad,F1 :    300    4 0.10 -14.44 0.54 50.00  30.0  28.0,0.00 0.00 0.00 89.38 0.54 50.00 0.10 -14.44 6 63 6 63 30.0% 28.0% 150.000 0.000 0.00 -4.90 0.00  1.97 0.00 296.00 0.0% | 1200.00  -20.00 HI -50.00 -50.00
2026-09-27T06:54:20.981,DEMO,DEMO,DEMO_MODE,c87dde3f195c4fe8a135dd7fcf0abcad,F1 :    300    4 0.10 -14.44 0.54 50.00  30.0  28.0,0.00 0.00 0.00 89.38 0.54 50.00 0.10 -14.44 6 63 6 63 30.0% 28.0% 150.000 0.000 0.00 -4.90 0.00  1.97 0.00 296.00 0.0% | 1200.00  -20.00 HI -50.00 -50.00
2026-09-27T06:54:21.102,DEMO,DEMO,DEMO_MODE,c87dde3f195c4fe8a135dd7fcf0abcad,F1 :    300    4 0.10 -14.44 0.54 50.00  30.0  28.0,0.00 0.00 0.00 89.38 0.54 50.00 0.10 -14.44 6 63 6 63 30.0% 28.0% 150.000 0.000 0.00 -4.90 0.00  1.97 0.00 296.00 0.0% | 1200.00  -20.00 HI -50.00 -50.00
2026-09-27T06:54:21.227,DEMO,DEMO,DEMO_MODE,c87dde3f195c4fe8a135dd7fcf0abcad,F1 :    300    4 0.10 -14.44 0.54 50.00  30.0  28.0,0.00 0.00 0.00 89.38 0.54 50.00 0.10 -14.44 6 63 6 63 30.0% 28.0% 150.000 0.000 0.00 -4.90 0.00  1.97 0.00 296.00 0.0% | 1200.00  -20.00 HI -50.00 -50.00
2026-09-27T06:54:21.348,DEMO,DEMO,DEMO_MODE,c87dde3f195c4fe8a135dd7fcf0abcad,F1 :    300    4 0.10 -14.44 0.54 50.00  30.0  28.0,0.00 0.00 0.00 89.38 0.54 50.00 0.10 -14.44 6 63 6 63 30.0% 28.0% 150.000 0.000 0.00 -4.90 0.00  1.97 0.00 296.00 0.0% | 1200.00  -20.00 HI -50.00 -50.00
2026-09-27T06:54:21.468,DEMO,DEMO,DEMO_MODE,c87dde3f195c4fe8a135dd7fcf0abcad,F1 :    300    4 0.10 -14.44 0.54 50.00  30.0  28.0,0.00 0.00 0.00 89.38 0.54 50.00 0.10 -14.44 6 63 6 63 30.0% 28.0% 150.000 0.000 0.00 -4.90 0.00  1.97 0.00 296.00 0.0% | 1200.00  -20.00 HI -50.00 -50.00
2026-09-27T06:54:21.589,DEMO,DEMO,DEMO_MODE,c87dde3f195c4fe8a135dd7fcf0abcad,F1 :    300    4 0.10 -14.44 0.54 50.00  30.0  28.0,0.00 0.00 0.00 89.38 0.54 50.00 0.10 -14.44 6 63 6 63 30.0% 28.0% 150.000 0.000 0.00 -4.90 0.00  1.97 0.00 296.00 0.0% | 1200.00  -20.00 HI -50.00 -50.00
2026-09-27T06:54:21.710,DEMO,DEMO,DEMO_MODE,c87dde3f195c4fe8a135dd7fcf0abcad,F1 :    300    4 0.10 -14.44 0.54 50.00  30.0  28.0,0.00 0.00 0.00 89.38 0.54 50.00 0.10 -14.44 6 63 6 63 30.0% 28.0% 150.000 0.000 0.00 -4.90 0.00  1.97 0.00 296.00 0.0% | 1200.00  -20.00 HI -50.00 -50.00
2026-09-27T06:54:21.830,DEMO,DEMO,DEMO_MODE,c87dde3f195c4fe8a135dd7fcf0abcad,F1 :    300    4 0.10 -14.44 0.54 50.00  30.0  28.0,0.00 0.00 0.00 89.38 0.54 50.00 0.10 -14.44 6 63 6 63 30.0% 28.0% 150.000 0.000 0.00 -4.90 0.00  1.97 0.00 296.00 0.0% | 1200.00  -20.00 HI -50.00 -50.00
2026-09-27T06:54:21.951,DEMO,DEMO,DEMO_MODE,c87dde3f195c4fe8a135dd7fcf0abcad,F1 :    300    4 0.10 -14.44 0.54 50.00  30.0  28.0,0.00 0.00 0.00 89.38 0.54 50.00 0.10 -14.44 6 63 6 63 30.0% 28.0% 150.000 0.000 0.00 -4.90 0.00  1.97 0.00 296.00 0.0% | 1200.00  -20.00 HI -50.00 -50.00
2026-09-27T06:54:22.071,DEMO,DEMO,DEMO_MODE,c87dde3f195c4fe8a135dd7fcf0abcad,F1 :    300    4 0.10 -14.44 0.54 50.00  30.0  28.0,0.00 0.00 0.00 89.38 0.54 50.00 0.10 -14.44 6 63 6 63 30.0% 28.0% 150.000 0.000 0.00 -4.90 0.00  1.97 0.00 296.00 0.0% | 1200.00  -20.00 HI -50.00 -50.00
2026-09-27T06:54:22.192,DEMO,DEMO,DEMO_MODE,c87dde3f195c4fe8a135dd7fcf0abcad,F1 :    300    4 0.10 -14.44 0.54 50.00  30.0  28.0,0.00 0.00 0.00 89.38 0.54 50.00 0.10 -14.44 6 63 6 63 30.0% 28.0% 150.000 0.000 0.00 -4.90 0.00  1.97 0.00 296.00 0.0% | 1200.00  -20.00 HI -50.00 -50.00
2026-09-27T06:54:22.312,DEMO,DEMO,DEMO_MODE,c87dde3f195c4fe8a135dd7fcf0abcad,F1 :    300    4 0.10 -14.44 0.54 50.00  30.0  28.0,0.00 0.00 0.00 89.38 0.54 50.00 0.10 -14.44 6 63 6 63 30.0% 28.0% 150.000 0.000 0.00 -4.90 0.00  1.97 0.00 296.00 0.0% | 1200.00  -20.00 HI -50.00 -50.00
2026-09-27T06:54:22.432,DEMO,DEMO,DEMO_MODE,c87dde3f195c4fe8a135dd7fcf0abcad,F1 :    300    4 0.10 -14.44 0.54 50.00  30.0  28.0,0.00 0.00 0.00 89.38 0.54 50.00 0.10 -14.44 6 63 6 63 30.0% 28.0% 150.000 0.000 0.00 -4.90 0.00  1.97 0.00 296.00 0.0% | 1200.00  -20.00 HI -50.00 -50.00
2026-09-27T06:54:22.553,DEMO,DEMO,DEMO_MODE,c87dde3f195c4fe8a135dd7fcf0abcad,F1 :    300    4 0.10 -14.44 0.54 50.00  30.0  28.0,0.00 0.00 0.00 89.38 0.54 50.00 0.10 -14.44 6 63 6 63 30.0% 28.0% 150.000 0.000 0.00 -4.90 0.00  1.97 0.00 296.00 0.0% | 1200.00  -20.00 HI -50.00 -50.00
2026-09-27T06:54:22.674,DEMO,DEMO,DEMO_MODE,c87dde3f195c4fe8a135dd7fcf0abcad,F1 :    300    4 0.10 -14.44 0.54 50.00  30.0  28.0,0.00 0.00 0.00 89.38 0.54 50.00 0.10 -14.44 6 63 6 63 30.0% 28.0% 150.000 0.000 0.00 -4.90 0.00  1.97 0.00 296.00 0.0% | 1200.00  -20.00 HI -50.00 -50.00
2026-09-27T06:54:22.794,DEMO,DEMO,DEMO_MODE,c87dde3f195c4fe8a135dd7fcf0abcad,F1 :    300    4 0.10 -14.44 0.54 50.00  30.0  28.0,0.00 0.00 0.00 89.38 0.54 50.00 0.10 -14.44 6 63 6 63 30.0% 28.0% 150.000 0.000 0.00 -4.90 0.00  1.97 0.00 296.00 0.0% | 1200.00  -20.00 HI -50.00 -50.00
2026-09-27T06:54:22.915,DEMO,DEMO,DEMO_MODE,c87dde3f195c4fe8a135dd7fcf0abcad,F1 :    300    4 0.10 -14.44 0.54 50.00  30.0  28.0,0.00 0.00 0.00 89.38 0.54 50.00 0.10 -14.44 6 63 6 63 30.0% 28.0% 150.000 0.000 0.00 -4.90 0.00  1.97 0.00 296.00 0.0% | 1200.00  -20.00 HI -50.00 -50.00
2026-09-27T06:54:23.036,DEMO,DEMO,DEMO_MODE,c87dde3f195c4fe8a135dd7fcf0abcad,F1 :    300    4 0.10 -14.44 0.54 50.00  30.0  28.0,0.00 0.00 0.00 89.38 0.54 50.00 0.10 -14.44 6 63 6 63 30.0% 28.0% 150.000 0.000 0.00 -4.90 0.00  1.97 0.00 296.00 0.0% | 1200.00  -20.00 HI -50.00 -50.00
2026-09-27T06:54:23.156,DEMO,DEMO,DEMO_MODE,c87dde3f195c4fe8a135dd7fcf0abcad,F1 :    300    4 0.10 -14.44 0.54 50.00  30.0  28.0,0.00 0.00 0.00 89.38 0.54 50.00 0.10 -14.44 6 63 6 63 30.0% 28.0% 150.000 0.000 0.00 -4.90 0.00  1.97 0.00 296.00 0.0% | 1200.00  -20.00 HI -50.00 -50.00
2026-09-27T06:54:23.277,DEMO,DEMO,DEMO_MODE,c87dde3f195c4fe8a135dd7fcf0abcad,F1 :    300    4 0.10 -14.44 0.54 50.00  30.0  28.0,0.00 0.00 0.00 89.38 0.54 50.00 0.10 -14.44 6 63 6 63 30.0% 28.0% 150.000 0.000 0.00 -4.90 0.00  1.97 0.00 296.00 0.0% | 1200.00  -20.00 HI -50.00 -50.00
2026-09-27T06:54:23.398,DEMO,DEMO,DEMO_MODE,c87dde3f195c4fe8a135dd7fcf0abcad,F1 :    300    4 0.10 -14.44 0.54 50.00  30.0  28.0,0.00 0.00 0.00 89.38 0.54 50.00 0.10 -14.44 6 63 6 63 30.0% 28.0% 150.000 0.000 0.00 -4.90 0.00  1.97 0.00 296.00 0.0% | 1200.00  -20.00 HI -50.00 -50.00
2026-09-27T06:54:23.518,DEMO,DEMO,DEMO_MODE,c87dde3f195c4fe8a135dd7fcf0abcad,F1 :    300    4 0.10 -14.44 0.54 50.00  30.0  28.0,0.00 0.00 0.00 89.38 0.54 50.00 0.10 -14.44 6 63 6 63 30.0% 28.0% 150.000 0.000 0.00 -4.90 0.00  1.97 0.00 296.00 0.0% | 1200.00  -20.00 HI -50.00 -50.00
2026-09-27T06:54:23.639,DEMO,DEMO,DEMO_MODE,c87dde3f195c4fe8a135dd7fcf0abcad,F1 :    300    4 0.10 -14.44 0.54 50.00  30.0  28.0,0.00 0.00 0.00 89.38 0.54 50.00 0.10 -14.44 6 63 6 63 30.0% 28.0% 150.000 0.000 0.00 -4.90 0.00  1.97 0.00 296.00 0.0% | 1200.00  -20.00 HI -50.00 -50.00
2026-09-27T06:54:23.760,DEMO,DEMO,DEMO_MODE,c87dde3f195c4fe8a135dd7fcf0abcad,F1 :    300    4 0.10 -14.44 0.54 50.00  30.0  28.0,0.00 0.00 0.00 89.38 0.54 50.00 0.10 -14.44 6 63 6 63 30.0% 28.0% 150.000 0.000 0.00 -4.90 0.00  1.97 0.00 296.00 0.0% | 1200.00  -20.00 HI -50.00 -50.00
2026-09-27T06:54:23.881,DEMO,DEMO,DEMO_MODE,c87dde3f195c4fe8a135dd7fcf0abcad,F1 :    300    4 0.10 -14.44 0.54 50.00  30.0  28.0,0.00 0.00 0.00 89.38 0.54 50.00 0.10 -14.44 6 63 6 63 30.0% 28.0% 150.000 0.000 0.00 -4.90 0.00  1.97 0.00 296.00 0.0% | 1200.00  -20.00 HI -50.00 -50.00
2026-09-27T06:54:24.001,DEMO,DEMO,DEMO_MODE,c87dde3f195c4fe8a135dd7fcf0abcad,F1 :    300    4 0.10 -14.44 0.54 50.00  30.0  28.0,0.00 0.00 0.00 89.38 0.54 50.00 0.10 -14.44 6 63 6 63 30.0% 28.0% 150.000 0.000 0.00 -4.90 0.00  1.97 0.00 296.00 0.0% | 1200.00  -20.00 HI -50.00 -50.00
2026-09-27T06:54:24.122,DEMO,DEMO,DEMO_MODE,c87dde3f195c4fe8a135dd7fcf0abcad,F1 :    300    4 0.10 -14.44 0.54 50.00  30.0  28.0,0.00 0.00 0.00 89.38 0.54 50.00 0.10 -14.44 6 63 6 63 30.0% 28.0% 150.000 0.000 0.00 -4.90 0.00  1.97 0.00 296.00 0.0% | 1200.00  -20.00 HI -50.00 -50.00
2026-09-27T06:54:24.242,DEMO,DEMO,DEMO_MODE,c87dde3f195c4fe8a135dd7fcf0abcad,F1 :    300    4 0.10 -14.44 0.54 50.00  30.0  28.0,0.00 0.00 0.00 89.38 0.54 50.00 0.10 -14.44 6 63 6 63 30.0% 28.0% 150.000 0.000 0.00 -4.90 0.00  1.97 0.00 296.00 0.0% | 1200.00  -20.00 HI -50.00 -50.00
2026-09-27T06:54:24.364,DEMO,DEMO,DEMO_MODE,c87dde3f195c4fe8a135dd7fcf0abcad,F1 :    400    4 0.10 -14.44 0.54 50.00  40.0  32.0,0.00 0.00 0.00 89.38 0.54 50.00 0.10 -14.44 6 63 6 63 40.0% 32.0% 200.000 0.000 0.00 -4.90 0.00  1.98 0.00 396.00 0.0% | 1200.00  -10.00 HI -50.00 -50.00
2026-09-27T06:54:24.489,DEMO,DEMO,DEMO_MODE,c87dde3f195c4fe8a135dd7fcf0abcad,F1 :    400    4 0.10 -14.44 0.54 50.00  40.0  32.0,0.00 0.00 0.00 89.38 0.54 50.00 0.10 -14.44 6 63 6 63 40.0% 32.0% 200.000 0.000 0.00 -4.90 0.00  1.98 0.00 396.00 0.0% | 1200.00  -10.00 HI -50.00 -50.00
2026-09-27T06:54:24.609,DEMO,DEMO,DEMO_MODE,c87dde3f195c4fe8a135dd7fcf0abcad,F1 :    400    4 0.10 -14.44 0.54 50.00  40.0  32.0,0.00 0.00 0.00 89.38 0.54 50.00 0.10 -14.44 6 63 6 63 40.0% 32.0% 200.000 0.000 0.00 -4.90 0.00  1.98 0.00 396.00 0.0% | 1200.00  -10.00 HI -50.00 -50.00
2026-09-27T06:54:24.735,DEMO,DEMO,DEMO_MODE,c87dde3f195c4fe8a135dd7fcf0abcad,F1 :    400    4 0.10 -14.44 0.54 50.00  40.0  32.0,0.00 0.00 0.00 89.38 0.54 50.00 0.10 -14.44 6 63 6 63 40.0% 32.0% 200.000 0.000 0.00 -4.90 0.00  1.98 0.00 396.00 0.0% | 1200.00  -10.00 HI -50.00 -50.00
2026-09-27T06:54:24.856,DEMO,DEMO,DEMO_MODE,c87dde3f195c4fe8a135dd7fcf0abcad,F1 :    400    4 0.10 -14.44 0.54 50.00  40.0  32.0,0.00 0.00 0.00 89.38 0.54 50.00 0.10 -14.44 6 63 6 63 40.0% 32.0% 200.000 0.000 0.00 -4.90 0.00  1.98 0.00 396.00 0.0% | 1200.00  -10.00 HI -50.00 -50.00
2026-09-27T06:54:24.983,DEMO,DEMO,DEMO_MODE,c87dde3f195c4fe8a135dd7fcf0abcad,F1 :    400    4 0.10 -14.44 0.54 50.00  40.0  32.0,0.00 0.00 0.00 89.38 0.54 50.00 0.10 -14.44 6 63 6 63 40.0% 32.0% 200.000 0.000 0.00 -4.90 0.00  1.98 0.00 396.00 0.0% | 1200.00  -10.00 HI -50.00 -50.00
2026-09-27T06:54:25.103,DEMO,DEMO,DEMO_MODE,c87dde3f195c4fe8a135dd7fcf0abcad,F1 :    400    4 0.10 -14.44 0.54 50.00  40.0  32.0,0.00 0.00 0.00 89.38 0.54 50.00 0.10 -14.44 6 63 6 63 40.0% 32.0% 200.000 0.000 0.00 -4.90 0.00  1.98 0.00 396.00 0.0% | 1200.00  -10.00 HI -50.00 -50.00
2026-09-27T06:54:25.228,DEMO,DEMO,DEMO_MODE,c87dde3f195c4fe8a135dd7fcf0abcad,F1 :    400    4 0.10 -14.44 0.54 50.00  40.0  32.0,0.00 0.00 0.00 89.38 0.54 50.00 0.10 -14.44 6 63 6 63 40.0% 32.0% 200.000 0.000 0.00 -4.90 0.00  1.98 0.00 396.00 0.0% | 1200.00  -10.00 HI -50.00 -50.00
2026-09-27T06:54:25.349,DEMO,DEMO,DEMO_MODE,c87dde3f195c4fe8a135dd7fcf0abcad,F1 :    400    4 0.10 -14.44 0.54 50.00  40.0  32.0,0.00 0.00 0.00 89.38 0.54 50.00 0.10 -14.44 6 63 6 63 40.0% 32.0% 200.000 0.000 0.00 -4.90 0.00  1.98 0.00 396.00 0.0% | 1200.00  -10.00 HI -50.00 -50.00
2026-09-27T06:54:25.470,DEMO,DEMO,DEMO_MODE,c87dde3f195c4fe8a135dd7fcf0abcad,F1 :    400    4 0.10 -14.44 0.54 50.00  40.0  32.0,0.00 0.00 0.00 89.38 0.54 50.00 0.10 -14.44 6 63 6 63 40.0% 32.0% 200.000 0.000 0.00 -4.90 0.00  1.98 0.00 396.00 0.0% | 1200.00  -10.00 HI -50.00 -50.00
2026-09-27T06:54:25.590,DEMO,DEMO,DEMO_MODE,c87dde3f195c4fe8a135dd7fcf0abcad,F1 :    400    4 0.10 -14.44 0.54 50.00  40.0  32.0,0.00 0.00 0.00 89.38 0.54 50.00 0.10 -14.44 6 63 6 63 40.0% 32.0% 200.000 0.000 0.00 -4.90 0.00  1.98 0.00 396.00 0.0% | 1200.00  -10.00 HI -50.00 -50.00
2026-09-27T06:54:25.710,DEMO,DEMO,DEMO_MODE,c87dde3f195c4fe8a135dd7fcf0abcad,F1 :    400    4 0.10 -14.44 0.54 50.00  40.0  32.0,0.00 0.00 0.00 89.38 0.54 50.00 0.10 -14.44 6 63 6 63 40.0% 32.0% 200.000 0.000 0.00 -4.90 0.00  1.98 0.00 396.00 0.0% | 1200.00  -10.00 HI -50.00 -50.00
2026-09-27T06:54:25.831,DEMO,DEMO,DEMO_MODE,c87dde3f195c4fe8a135dd7fcf0abcad,F1 :    400    4 0.10 -14.44 0.54 50.00  40.0  32.0,0.00 0.00 0.00 89.38 0.54 50.00 0.10 -14.44 6 63 6 63 40.0% 32.0% 200.000 0.000 0.00 -4.90 0.00  1.98 0.00 396.00 0.0% | 1200.00  -10.00 HI -50.00 -50.00
2026-09-27T06:54:25.952,DEMO,DEMO,DEMO_MODE,c87dde3f195c4fe8a135dd7fcf0abcad,F1 :    400    4 0.10 -14.44 0.54 50.00  40.0  32.0,0.00 0.00 0.00 89.38 0.54 50.00 0.10 -14.44 6 63 6 63 40.0% 32.0% 200.000 0.000 0.00 -4.90 0.00  1.98 0.00 396.00 0.0% | 1200.00  -10.00 HI -50.00 -50.00
2026-09-27T06:54:26.072,DEMO,DEMO,DEMO_MODE,c87dde3f195c4fe8a135dd7fcf0abcad,F1 :    400    4 0.10 -14.44 0.54 50.00  40.0  32.0,0.00 0.00 0.00 89.38 0.54 50.00 0.10 -14.44 6 63 6 63 40.0% 32.0% 200.000 0.000 0.00 -4.90 0.00  1.98 0.00 396.00 0.0% | 1200.00  -10.00 HI -50.00 -50.00
2026-09-27T06:54:26.193,DEMO,DEMO,DEMO_MODE,c87dde3f195c4fe8a135dd7fcf0abcad,F1 :    400    4 0.10 -14.44 0.54 50.00  40.0  32.0,0.00 0.00 0.00 89.38 0.54 50.00 0.10 -14.44 6 63 6 63 40.0% 32.0% 200.000 0.000 0.00 -4.90 0.00  1.98 0.00 396.00 0.0% | 1200.00  -10.00 HI -50.00 -50.00
2026-09-27T06:54:26.313,DEMO,DEMO,DEMO_MODE,c87dde3f195c4fe8a135dd7fcf0abcad,F1 :    400    4 0.10 -14.44 0.54 50.00  40.0  32.0,0.00 0.00 0.00 89.38 0.54 50.00 0.10 -14.44 6 63 6 63 40.0% 32.0% 200.000 0.000 0.00 -4.90 0.00  1.98 0.00 396.00 0.0% | 1200.00  -10.00 HI -50.00 -50.00
2026-09-27T06:54:26.434,DEMO,DEMO,DEMO_MODE,c87dde3f195c4fe8a135dd7fcf0abcad,F1 :    400    4 0.10 -14.44 0.54 50.00  40.0  32.0,0.00 0.00 0.00 89.38 0.54 50.00 0.10 -14.44 6 63 6 63 40.0% 32.0% 200.000 0.000 0.00 -4.90 0.00  1.98 0.00 396.00 0.0% | 1200.00  -10.00 HI -50.00 -50.00
2026-09-27T06:54:26.555,DEMO,DEMO,DEMO_MODE,c87dde3f195c4fe8a135dd7fcf0abcad,F1 :    400    4 0.10 -14.44 0.54 50.00  40.0  32.0,0.00 0.00 0.00 89.38 0.54 50.00 0.10 -14.44 6 63 6 63 40.0% 32.0% 200.000 0.000 0.00 -4.90 0.00  1.98 0.00 396.00 0.0% | 1200.00  -10.00 HI -50.00 -50.00
2026-09-27T06:54:26.676,DEMO,DEMO,DEMO_MODE,c87dde3f195c4fe8a135dd7fcf0abcad,F1 :    400    4 0.10 -14.44 0.54 50.00  40.0  32.0,0.00 0.00 0.00 89.38 0.54 50.00 0.10 -14.44 6 63 6 63 40.0% 32.0% 200.000 0.000 0.00 -4.90 0.00  1.98 0.00 396.00 0.0% | 1200.00  -10.00 HI -50.00 -50.00
2026-09-27T06:54:26.797,DEMO,DEMO,DEMO_MODE,c87dde3f195c4fe8a135dd7fcf0abcad,F1 :    400    4 0.10 -14.44 0.54 50.00  40.0  32.0,0.00 0.00 0.00 89.38 0.54 50.00 0.10 -14.44 6 63 6 63 40.0% 32.0% 200.000 0.000 0.00 -4.90 0.00  1.98 0.00 396.00 0.0% | 1200.00  -10.00 HI -50.00 -50.00
2026-09-27T06:54:26.917,DEMO,DEMO,DEMO_MODE,c87dde3f195c4fe8a135dd7fcf0abcad,F1 :    400    4 0.10 -14.44 0.54 50.00  40.0  32.0,0.00 0.00 0.00 89.38 0.54 50.00 0.10 -14.44 6 63 6 63 40.0% 32.0% 200.000 0.000 0.00 -4.90 0.00  1.98 0.00 396.00 0.0% | 1200.00  -10.00 HI -50.00 -50.00
2026-09-27T06:54:27.038,DEMO,DEMO,DEMO_MODE,c87dde3f195c4fe8a135dd7fcf0abcad,F1 :    400    4 0.10 -14.44 0.54 50.00  40.0  32.0,0.00 0.00 0.00 89.38 0.54 50.00 0.10 -14.44 6 63 6 63 40.0% 32.0% 200.000 0.000 0.00 -4.90 0.00  1.98 0.00 396.00 0.0% | 1200.00  -10.00 HI -50.00 -50.00
2026-09-27T06:54:27.159,DEMO,DEMO,DEMO_MODE,c87dde3f195c4fe8a135dd7fcf0abcad,F1 :    400    4 0.10 -14.44 0.54 50.00  40.0  32.0,0.00 0.00 0.00 89.38 0.54 50.00 0.10 -14.44 6 63 6 63 40.0% 32.0% 200.000 0.000 0.00 -4.90 0.00  1.98 0.00 396.00 0.0% | 1200.00  -10.00 HI -50.00 -50.00
2026-09-27T06:54:27.279,DEMO,DEMO,DEMO_MODE,c87dde3f195c4fe8a135dd7fcf0abcad,F1 :    400    4 0.10 -14.44 0.54 50.00  40.0  32.0,0.00 0.00 0.00 89.38 0.54 50.00 0.10 -14.44 6 63 6 63 40.0% 32.0% 200.000 0.000 0.00 -4.90 0.00  1.98 0.00 396.00 0.0% | 1200.00  -10.00 HI -50.00 -50.00
2026-09-27T06:54:27.399,DEMO,DEMO,DEMO_MODE,c87dde3f195c4fe8a135dd7fcf0abcad,F1 :    400    4 0.10 -14.44 0.54 50.00  40.0  32.0,0.00 0.00 0.00 89.38 0.54 50.00 0.10 -14.44 6 63 6 63 40.0% 32.0% 200.000 0.000 0.00 -4.90 0.00  1.98 0.00 396.00 0.0% | 1200.00  -10.00 HI -50.00 -50.00
2026-09-27T06:54:27.520,DEMO,DEMO,DEMO_MODE,c87dde3f195c4fe8a135dd7fcf0abcad,F1 :    400    4 0.10 -14.44 0.54 50.00  40.0  32.0,0.00 0.00 0.00 89.38 0.54 50.00 0.10 -14.44 6 63 6 63 40.0% 32.0% 200.000 0.000 0.00 -4.90 0.00  1.98 0.00 396.00 0.0% | 1200.00  -10.00 HI -50.00 -50.00
2026-09-27T06:54:27.641,DEMO,DEMO,DEMO_MODE,c87dde3f195c4fe8a135dd7fcf0abcad,F1 :    400    4 0.10 -14.44 0.54 50.00  40.0  32.0,0.00 0.00 0.00 89.38 0.54 50.00 0.10 -14.44 6 63 6 63 40.0% 32.0% 200.000 0.000 0.00 -4.90 0.00  1.98 0.00 396.00 0.0% | 1200.00  -10.00 HI -50.00 -50.00
2026-09-27T06:54:27.762,DEMO,DEMO,DEMO_MODE,c87dde3f195c4fe8a135dd7fcf0abcad,F1 :    400    4 0.10 -14.44 0.54 50.00  40.0  32.0,0.00 0.00 0.00 89.38 0.54 50.00 0.10 -14.44 6 63 6 63 40.0% 32.0% 200.000 0.000 0.00 -4.90 0.00  1.98 0.00 396.00 0.0% | 1200.00  -10.00 HI -50.00 -50.00
2026-09-27T06:54:27.882,DEMO,DEMO,DEMO_MODE,c87dde3f195c4fe8a135dd7fcf0abcad,F1 :    400    4 0.10 -14.44 0.54 50.00  40.0  32.0,0.00 0.00 0.00 89.38 0.54 50.00 0.10 -14.44 6 63 6 63 40.0% 32.0% 200.000 0.000 0.00 -4.90 0.00  1.98 0.00 396.00 0.0% | 1200.00  -10.00 HI -50.00 -50.00
2026-09-27T06:54:28.003,DEMO,DEMO,DEMO_MODE,c87dde3f195c4fe8a135dd7fcf0abcad,F1 :    400    4 0.10 -14.44 0.54 50.00  40.0  32.0,0.00 0.00 0.00 89.38 0.54 50.00 0.10 -14.44 6 63 6 63 40.0% 32.0% 200.000 0.000 0.00 -4.90 0.00  1.98 0.00 396.00 0.0% | 1200.00  -10.00 HI -50.00 -50.00
2026-09-27T06:54:28.124,DEMO,DEMO,DEMO_MODE,c87dde3f195c4fe8a135dd7fcf0abcad,F1 :    400    4 0.10 -14.44 0.54 50.00  40.0  32.0,0.00 0.00 0.00 89.38 0.54 50.00 0.10 -14.44 6 63 6 63 40.0% 32.0% 200.000 0.000 0.00 -4.90 0.00  1.98 0.00 396.00 0.0% | 1200.00  -10.00 HI -50.00 -50.00
2026-09-27T06:54:28.246,DEMO,DEMO,DEMO_MODE,c87dde3f195c4fe8a135dd7fcf0abcad,F1 :    400    4 0.10 -14.44 0.54 50.00  40.0  32.0,0.00 0.00 0.00 89.38 0.54 50.00 0.10 -14.44 6 63 6 63 40.0% 32.0% 200.000 0.000 0.00 -4.90 0.00  1.98 0.00 396.00 0.0% | 1200.00  -10.00 HI -50.00 -50.00
2026-09-27T06:54:28.366,DEMO,DEMO,DEMO_MODE,c87dde3f195c4fe8a135dd7fcf0abcad,F1 :    400    4 0.10 -14.44 0.54 50.00  40.0  32.0,0.00 0.00 0.00 89.38 0.54 50.00 0.10 -14.44 6 63 6 63 40.0% 32.0% 200.000 0.000 0.00 -4.90 0.00  1.98 0.00 396.00 0.0% | 1200.00  -10.00 HI -50.00 -50.00
2026-09-27T06:54:28.493,DEMO,DEMO,DEMO_MODE,c87dde3f195c4fe8a135dd7fcf0abcad,F1 :    400    4 0.10 -14.44 0.54 50.00  40.0  32.0,0.00 0.00 0.00 89.38 0.54 50.00 0.10 -14.44 6 63 6 63 40.0% 32.0% 200.000 0.000 0.00 -4.90 0.00  1.98 0.00 396.00 0.0% | 1200.00  -10.00 HI -50.00 -50.00
2026-09-27T06:54:28.613,DEMO,DEMO,DEMO_MODE,c87dde3f195c4fe8a135dd7fcf0abcad,F1 :    400    4 0.10 -14.44 0.54 50.00  40.0  32.0,0.00 0.00 0.00 89.38 0.54 50.00 0.10 -14.44 6 63 6 63 40.0% 32.0% 200.000 0.000 0.00 -4.90 0.00  1.98 0.00 396.00 0.0% | 1200.00  -10.00 HI -50.00 -50.00
2026-09-27T06:54:28.739,DEMO,DEMO,DEMO_MODE,c87dde3f195c4fe8a135dd7fcf0abcad,F1 :    400    4 0.10 -14.44 0.54 50.00  40.0  32.0,0.00 0.00 0.00 89.38 0.54 50.00 0.10 -14.44 6 63 6 63 40.0% 32.0% 200.000 0.000 0.00 -4.90 0.00  1.98 0.00 396.00 0.0% | 1200.00  -10.00 HI -50.00 -50.00
2026-09-27T06:54:28.860,DEMO,DEMO,DEMO_MODE,c87dde3f195c4fe8a135dd7fcf0abcad,F1 :    400    4 0.10 -14.44 0.54 50.00  40.0  32.0,0.00 0.00 0.00 89.38 0.54 50.00 0.10 -14.44 6 63 6 63 40.0% 32.0% 200.000 0.000 0.00 -4.90 0.00  1.98 0.00 396.00 0.0% | 1200.00  -10.00 HI -50.00 -50.00
2026-09-27T06:54:28.987,DEMO,DEMO,DEMO_MODE,c87dde3f195c4fe8a135dd7fcf0abcad,F1 :    400    4 0.10 -14.44 0.54 50.00  40.0  32.0,0.00 0.00 0.00 89.38 0.54 50.00 0.10 -14.44 6 63 6 63 40.0% 32.0% 200.000 0.000 0.00 -4.90 0.00  1.98 0.00 396.00 0.0% | 1200.00  -10.00 HI -50.00 -50.00
2026-09-27T06:54:29.109,DEMO,DEMO,DEMO_MODE,c87dde3f195c4fe8a135dd7fcf0abcad,F1 :    400    4 0.10 -14.44 0.54 50.00  40.0  32.0,0.00 0.00 0.00 89.38 0.54 50.00 0.10 -14.44 6 63 6 63 40.0% 32.0% 200.000 0.000 0.00 -4.90 0.00  1.98 0.00 396.00 0.0% | 1200.00  -10.00 HI -50.00 -50.00
2026-09-27T06:54:29.234,DEMO,DEMO,DEMO_MODE,c87dde3f195c4fe8a135dd7fcf0abcad,F1 :    400    4 0.10 -14.44 0.54 50.00  40.0  32.0,0.00 0.00 0.00 89.38 0.54 50.00 0.10 -14.44 6 63 6 63 40.0% 32.0% 200.000 0.000 0.00 -4.90 0.00  1.98 0.00 396.00 0.0% | 1200.00  -10.00 HI -50.00 -50.00
2026-09-27T06:54:29.355,DEMO,DEMO,DEMO_MODE,c87dde3f195c4fe8a135dd7fcf0abcad,F1 :    400    0 0.10 -14.44 0.54 50.00  40.0  36.0,0.00 0.00 0.00 89.38 0.54 50.00 0.10 -14.44 6 63 6 63 40.0% 36.0% 200.000 0.000 0.00 -4.90 0.00  2.00 0.00 400.00 0.0% | 1200.00  -10.00 HI -50.00 -50.00
2026-09-27T06:54:29.481,DEMO,DEMO,DEMO_MODE,c87dde3f195c4fe8a135dd7fcf0abcad,F1 :    400    0 0.10 -14.44 0.54 50.00  40.0  36.0,0.00 0.00 0.00 89.38 0.54 50.00 0.10 -14.44 6 63 6 63 40.0% 36.0% 200.000 0.000 0.00 -4.90 0.00  2.00 0.00 400.00 0.0% | 1200.00  -10.00 HI -50.00 -50.00
2026-09-27T06:54:29.602,DEMO,DEMO,DEMO_MODE,c87dde3f195c4fe8a135dd7fcf0abcad,F1 :    400    0 0.10 -14.44 0.54 50.00  40.0  36.0,0.00 0.00 0.00 89.38 0.54 50.00 0.10 -14.44 6 63 6 63 40.0% 36.0% 200.000 0.000 0.00 -4.90 0.00  2.00 0.00 400.00 0.0% | 1200.00  -10.00 HI -50.00 -50.00
2026-09-27T06:54:29.729,DEMO,DEMO,DEMO_MODE,c87dde3f195c4fe8a135dd7fcf0abcad,F1 :    400    0 0.10 -14.44 0.54 50.00  40.0  36.0,0.00 0.00 0.00 89.38 0.54 50.00 0.10 -14.44 6 63 6 63 40.0% 36.0% 200.000 0.000 0.00 -4.90 0.00  2.00 0.00 400.00 0.0% | 1200.00  -10.00 HI -50.00 -50.00
2026-09-27T06:54:29.849,DEMO,DEMO,DEMO_MODE,c87dde3f195c4fe8a135dd7fcf0abcad,F1 :    400    0 0.10 -14.44 0.54 50.00  40.0  36.0,0.00 0.00 0.00 89.38 0.54 50.00 0.10 -14.44 6 63 6 63 40.0% 36.0% 200.000 0.000 0.00 -4.90 0.00  2.00 0.00 400.00 0.0% | 1200.00  -10.00 HI -50.00 -50.00
2026-09-27T06:54:29.970,DEMO,DEMO,DEMO_MODE,c87dde3f195c4fe8a135dd7fcf0abcad,F1 :    400    0 0.10 -14.44 0.54 50.00  40.0  36.0,0.00 0.00 0.00 89.38 0.54 50.00 0.10 -14.44 6 63 6 63 40.0% 36.0% 200.000 0.000 0.00 -4.90 0.00  2.00 0.00 400.00 0.0% | 1200.00  -10.00 HI -50.00 -50.00
2026-09-27T06:54:30.090,DEMO,DEMO,DEMO_MODE,c87dde3f195c4fe8a135dd7fcf0abcad,F1 :    400    0 0.10 -14.44 0.54 50.00  40.0  36.0,0.00 0.00 0.00 89.38 0.54 50.00 0.10 -14.44 6 63 6 63 40.0% 36.0% 200.000 0.000 0.00 -4.90 0.00  2.00 0.00 400.00 0.0% | 1200.00  -10.00 HI -50.00 -50.00
2026-09-27T06:54:30.211,DEMO,DEMO,DEMO_MODE,c87dde3f195c4fe8a135dd7fcf0abcad,F1 :    400    0 0.10 -14.44 0.54 50.00  40.0  36.0,0.00 0.00 0.00 89.38 0.54 50.00 0.10 -14.44 6 63 6 63 40.0% 36.0% 200.000 0.000 0.00 -4.90 0.00  2.00 0.00 400.00 0.0% | 1200.00  -10.00 HI -50.00 -50.00
2026-09-27T06:54:30.332,DEMO,DEMO,DEMO_MODE,c87dde3f195c4fe8a135dd7fcf0abcad,F1 :    400    0 0.10 -14.44 0.54 50.00  40.0  36.0,0.00 0.00 0.00 89.38 0.54 50.00 0.10 -14.44 6 63 6 63 40.0% 36.0% 200.000 0.000 0.00 -4.90 0.00  2.00 0.00 400.00 0.0% | 1200.00  -10.00 HI -50.00 -50.00
2026-09-27T06:54:30.453,DEMO,DEMO,DEMO_MODE,c87dde3f195c4fe8a135dd7fcf0abcad,F1 :    400    0 0.10 -14.44 0.54 50.00  40.0  36.0,0.00 0.00 0.00 89.38 0.54 50.00 0.10 -14.44 6 63 6 63 40.0% 36.0% 200.000 0.000 0.00 -4.90 0.00  2.00 0.00 400.00 0.0% | 1200.00  -10.00 HI -50.00 -50.00
2026-09-27T06:54:30.573,DEMO,DEMO,DEMO_MODE,c87dde3f195c4fe8a135dd7fcf0abcad,F1 :    400    0 0.10 -14.44 0.54 50.00  40.0  36.0,0.00 0.00 0.00 89.38 0.54 50.00 0.10 -14.44 6 63 6 63 40.0% 36.0% 200.000 0.000 0.00 -4.90 0.00  2.00 0.00 400.00 0.0% | 1200.00  -10.00 HI -50.00 -50.00
2026-09-27T06:54:30.694,DEMO,DEMO,DEMO_MODE,c87dde3f195c4fe8a135dd7fcf0abcad,F1 :    400    0 0.10 -14.44 0.54 50.00  40.0  36.0,0.00 0.00 0.00 89.38 0.54 50.00 0.10 -14.44 6 63 6 63 40.0% 36.0% 200.000 0.000 0.00 -4.90 0.00  2.00 0.00 400.00 0.0% | 1200.00  -10.00 HI -50.00 -50.00
2026-09-27T06:54:30.815,DEMO,DEMO,DEMO_MODE,c87dde3f195c4fe8a135dd7fcf0abcad,F1 :    400    0 0.10 -14.44 0.54 50.00  40.0  36.0,0.00 0.00 0.00 89.38 0.54 50.00 0.10 -14.44 6 63 6 63 40.0% 36.0% 200.000 0.000 0.00 -4.90 0.00  2.00 0.00 400.00 0.0% | 1200.00  -10.00 HI -50.00 -50.00
2026-09-27T06:54:30.936,DEMO,DEMO,DEMO_MODE,c87dde3f195c4fe8a135dd7fcf0abcad,F1 :    400    0 0.10 -14.44 0.54 50.00  40.0  36.0,0.00 0.00 0.00 89.38 0.54 50.00 0.10 -14.44 6 63 6 63 40.0% 36.0% 200.000 0.000 0.00 -4.90 0.00  2.00 0.00 400.00 0.0% | 1200.00  -10.00 HI -50.00 -50.00
2026-09-27T06:54:31.057,DEMO,DEMO,DEMO_MODE,c87dde3f195c4fe8a135dd7fcf0abcad,F1 :    400    0 0.10 -14.44 0.54 50.00  40.0  36.0,0.00 0.00 0.00 89.38 0.54 50.00 0.10 -14.44 6 63 6 63 40.0% 36.0% 200.000 0.000 0.00 -4.90 0.00  2.00 0.00 400.00 0.0% | 1200.00  -10.00 HI -50.00 -50.00
2026-09-27T06:54:31.178,DEMO,DEMO,DEMO_MODE,c87dde3f195c4fe8a135dd7fcf0abcad,F1 :    400    0 0.10 -14.44 0.54 50.00  40.0  36.0,0.00 0.00 0.00 89.38 0.54 50.00 0.10 -14.44 6 63 6 63 40.0% 36.0% 200.000 0.000 0.00 -4.90 0.00  2.00 0.00 400.00 0.0% | 1200.00  -10.00 HI -50.00 -50.00
2026-09-27T06:54:31.298,DEMO,DEMO,DEMO_MODE,c87dde3f195c4fe8a135dd7fcf0abcad,F1 :    400    0 0.10 -14.44 0.54 50.00  40.0  36.0,0.00 0.00 0.00 89.38 0.54 50.00 0.10 -14.44 6 63 6 63 40.0% 36.0% 200.000 0.000 0.00 -4.90 0.00  2.00 0.00 400.00 0.0% | 1200.00  -10.00 HI -50.00 -50.00
2026-09-27T06:54:31.419,DEMO,DEMO,DEMO_MODE,c87dde3f195c4fe8a135dd7fcf0abcad,F1 :    400    0 0.10 -14.44 0.54 50.00  40.0  36.0,0.00 0.00 0.00 89.38 0.54 50.00 0.10 -14.44 6 63 6 63 40.0% 36.0% 200.000 0.000 0.00 -4.90 0.00  2.00 0.00 400.00 0.0% | 1200.00  -10.00 HI -50.00 -50.00
2026-09-27T06:54:31.539,DEMO,DEMO,DEMO_MODE,c87dde3f195c4fe8a135dd7fcf0abcad,F1 :    400    0 0.10 -14.44 0.54 50.00  40.0  36.0,0.00 0.00 0.00 89.38 0.54 50.00 0.10 -14.44 6 63 6 63 40.0% 36.0% 200.000 0.000 0.00 -4.90 0.00  2.00 0.00 400.00 0.0% | 1200.00  -10.00 HI -50.00 -50.00
2026-09-27T06:54:31.660,DEMO,DEMO,DEMO_MODE,c87dde3f195c4fe8a135dd7fcf0abcad,F1 :    400    0 0.10 -14.44 0.54 50.00  40.0  36.0,0.00 0.00 0.00 89.38 0.54 50.00 0.10 -14.44 6 63 6 63 40.0% 36.0% 200.000 0.000 0.00 -4.90 0.00  2.00 0.00 400.00 0.0% | 1200.00  -10.00 HI -50.00 -50.00
2026-09-27T06:54:31.780,DEMO,DEMO,DEMO_MODE,c87dde3f195c4fe8a135dd7fcf0abcad,F1 :    400    0 0.10 -14.44 0.54 50.00  40.0  36.0,0.00 0.00 0.00 89.38 0.54 50.00 0.10 -14.44 6 63 6 63 40.0% 36.0% 200.000 0.000 0.00 -4.90 0.00  2.00 0.00 400.00 0.0% | 1200.00  -10.00 HI -50.00 -50.00
2026-09-27T06:54:31.901,DEMO,DEMO,DEMO_MODE,c87dde3f195c4fe8a135dd7fcf0abcad,F1 :    400    0 0.10 -14.44 0.54 50.00  40.0  36.0,0.00 0.00 0.00 89.38 0.54 50.00 0.10 -14.44 6 63 6 63 40.0% 36.0% 200.000 0.000 0.00 -4.90 0.00  2.00 0.00 400.00 0.0% | 1200.00  -10.00 HI -50.00 -50.00
2026-09-27T06:54:32.022,DEMO,DEMO,DEMO_MODE,c87dde3f195c4fe8a135dd7fcf0abcad,F1 :    400    0 0.10 -14.44 0.54 50.00  40.0  36.0,0.00 0.00 0.00 89.38 0.54 50.00 0.10 -14.44 6 63 6 63 40.0% 36.0% 200.000 0.000 0.00 -4.90 0.00  2.00 0.00 400.00 0.0% | 1200.00  -10.00 HI -50.00 -50.00
2026-09-27T06:54:32.143,DEMO,DEMO,DEMO_MODE,c87dde3f195c4fe8a135dd7fcf0abcad,F1 :    400    0 0.10 -14.44 0.54 50.00  40.0  36.0,0.00 0.00 0.00 89.38 0.54 50.00 0.10 -14.44 6 63 6 63 40.0% 36.0% 200.000 0.000 0.00 -4.90 0.00  2.00 0.00 400.00 0.0% | 1200.00  -10.00 HI -50.00 -50.00
2026-09-27T06:54:32.264,DEMO,DEMO,DEMO_MODE,c87dde3f195c4fe8a135dd7fcf0abcad,F1 :    400    0 0.10 -14.44 0.54 50.00  40.0  36.0,0.00 0.00 0.00 89.38 0.54 50.00 0.10 -14.44 6 63 6 63 40.0% 36.0% 200.000 0.000 0.00 -4.90 0.00  2.00 0.00 400.00 0.0% | 1200.00  -10.00 HI -50.00 -50.00
2026-09-27T06:54:32.385,DEMO,DEMO,DEMO_MODE,c87dde3f195c4fe8a135dd7fcf0abcad,F1 :    400    0 0.10 -14.44 0.54 50.00  40.0  36.0,0.00 0.00 0.00 89.38 0.54 50.00 0.10 -14.44 6 63 6 63 40.0% 36.0% 200.000 0.000 0.00 -4.90 0.00  2.00 0.00 400.00 0.0% | 1200.00  -10.00 HI -50.00 -50.00
2026-09-27T06:54:32.506,DEMO,DEMO,DEMO_MODE,c87dde3f195c4fe8a135dd7fcf0abcad,F1 :    400    0 0.10 -14.44 0.54 50.00  40.0  36.0,0.00 0.00 0.00 89.38 0.54 50.00 0.10 -14.44 6 63 6 63 40.0% 36.0% 200.000 0.000 0.00 -4.90 0.00  2.00 0.00 400.00 0.0% | 1200.00  -10.00 HI -50.00 -50.00
2026-09-27T06:54:32.626,DEMO,DEMO,DEMO_MODE,c87dde3f195c4fe8a135dd7fcf0abcad,F1 :    400    0 0.10 -14.44 0.54 50.00  40.0  36.0,0.00 0.00 0.00 89.38 0.54 50.00 0.10 -14.44 6 63 6 63 40.0% 36.0% 200.000 0.000 0.00 -4.90 0.00  2.00 0.00 400.00 0.0% | 1200.00  -10.00 HI -50.00 -50.00
2026-09-27T06:54:32.753,DEMO,DEMO,DEMO_MODE,c87dde3f195c4fe8a135dd7fcf0abcad,F1 :    400    0 0.10 -14.44 0.54 50.00  40.0  36.0,0.00 0.00 0.00 89.38 0.54 50.00 0.10 -14.44 6 63 6 63 40.0% 36.0% 200.000 0.000 0.00 -4.90 0.00  2.00 0.00 400.00 0.0% | 1200.00  -10.00 HI -50.00 -50.00
2026-09-27T06:54:32.873,DEMO,DEMO,DEMO_MODE,c87dde3f195c4fe8a135dd7fcf0abcad,F1 :    400    0 0.10 -14.44 0.54 50.00  40.0  36.0,0.00 0.00 0.00 89.38 0.54 50.00 0.10 -14.44 6 63 6 63 40.0% 36.0% 200.000 0.000 0.00 -4.90 0.00  2.00 0.00 400.00 0.0% | 1200.00  -10.00 HI -50.00 -50.00
2026-09-27T06:54:32.998,DEMO,DEMO,DEMO_MODE,c87dde3f195c4fe8a135dd7fcf0abcad,F1 :    400    0 0.10 -14.44 0.54 50.00  40.0  36.0,0.00 0.00 0.00 89.38 0.54 50.00 0.10 -14.44 6 63 6 63 40.0% 36.0% 200.000 0.000 0.00 -4.90 0.00  2.00 0.00 400.00 0.0% | 1200.00  -10.00 HI -50.00 -50.00
2026-09-27T06:54:33.119,DEMO,DEMO,DEMO_MODE,c87dde3f195c4fe8a135dd7fcf0abcad,F1 :    400    0 0.10 -14.44 0.54 50.00  40.0  36.0,0.00 0.00 0.00 89.38 0.54 50.00 0.10 -14.44 6 63 6 63 40.0% 36.0% 200.000 0.000 0.00 -4.90 0.00  2.00 0.00 400.00 0.0% | 1200.00  -10.00 HI -50.00 -50.00
2026-09-27T06:54:33.245,DEMO,DEMO,DEMO_MODE,c87dde3f195c4fe8a135dd7fcf0abcad,F1 :    400    0 0.10 -14.44 0.54 50.00  40.0  36.0,0.00 0.00 0.00 89.38 0.54 50.00 0.10 -14.44 6 63 6 63 40.0% 36.0% 200.000 0.000 0.00 -4.90 0.00  2.00 0.00 400.00 0.0% | 1200.00  -10.00 HI -50.00 -50.00
2026-09-27T06:54:33.365,DEMO,DEMO,DEMO_MODE,c87dde3f195c4fe8a135dd7fcf0abcad,F1 :    400    0 0.10 -14.44 0.54 50.00  40.0  36.0,0.00 0.00 0.00 89.38 0.54 50.00 0.10 -14.44 6 63 6 63 40.0% 36.0% 200.000 0.000 0.00 -4.90 0.00  2.00 0.00 400.00 0.0% | 1200.00  -10.00 HI -50.00 -50.00
2026-09-27T06:54:33.490,DEMO,DEMO,DEMO_MODE,c87dde3f195c4fe8a135dd7fcf0abcad,F1 :    400    0 0.10 -14.44 0.54 50.00  40.0  36.0,0.00 0.00 0.00 89.38 0.54 50.00 0.10 -14.44 6 63 6 63 40.0% 36.0% 200.000 0.000 0.00 -4.90 0.00  2.00 0.00 400.00 0.0% | 1200.00  -10.00 HI -50.00 -50.00
2026-09-27T06:54:33.611,DEMO,DEMO,DEMO_MODE,c87dde3f195c4fe8a135dd7fcf0abcad,F1 :    400    0 0.10 -14.44 0.54 50.00  40.0  36.0,0.00 0.00 0.00 89.38 0.54 50.00 0.10 -14.44 6 63 6 63 40.0% 36.0% 200.000 0.000 0.00 -4.90 0.00  2.00 0.00 400.00 0.0% | 1200.00  -10.00 HI -50.00 -50.00
2026-09-27T06:54:33.737,DEMO,DEMO,DEMO_MODE,c87dde3f195c4fe8a135dd7fcf0abcad,F1 :    400    0 0.10 -14.44 0.54 50.00  40.0  36.0,0.00 0.00 0.00 89.38 0.54 50.00 0.10 -14.44 6 63 6 63 40.0% 36.0% 200.000 0.000 0.00 -4.90 0.00  2.00 0.00 400.00 0.0% | 1200.00  -10.00 HI -50.00 -50.00
2026-09-27T06:54:33.857,DEMO,DEMO,DEMO_MODE,c87dde3f195c4fe8a135dd7fcf0abcad,F1 :    400    0 0.10 -14.44 0.54 50.00  40.0  36.0,0.00 0.00 0.00 89.38 0.54 50.00 0.10 -14.44 6 63 6 63 40.0% 36.0% 200.000 0.000 0.00 -4.90 0.00  2.00 0.00 400.00 0.0% | 1200.00  -10.00 HI -50.00 -50.00
2026-09-27T06:54:33.983,DEMO,DEMO,DEMO_MODE,c87dde3f195c4fe8a135dd7fcf0abcad,F1 :    400    0 0.10 -14.44 0.54 50.00  40.0  36.0,0.00 0.00 0.00 89.38 0.54 50.00 0.10 -14.44 6 63 6 63 40.0% 36.0% 200.000 0.000 0.00 -4.90 0.00  2.00 0.00 400.00 0.0% | 1200.00  -10.00 HI -50.00 -50.00
2026-09-27T06:54:34.103,DEMO,DEMO,DEMO_MODE,c87dde3f195c4fe8a135dd7fcf0abcad,F1 :    400    0 0.10 -14.44 0.54 50.00  40.0  36.0,0.00 0.00 0.00 89.38 0.54 50.00 0.10 -14.44 6 63 6 63 40.0% 36.0% 200.000 0.000 0.00 -4.90 0.00  2.00 0.00 400.00 0.0% | 1200.00  -10.00 HI -50.00 -50.00
2026-09-27T06:54:34.229,DEMO,DEMO,DEMO_MODE,c87dde3f195c4fe8a135dd7fcf0abcad,F1 :    400    0 0.10 -14.44 0.54 50.00  40.0  36.0,0.00 0.00 0.00 89.38 0.54 50.00 0.10 -14.44 6 63 6 63 40.0% 36.0% 200.000 0.000 0.00 -4.90 0.00  2.00 0.00 400.00 0.0% | 1200.00  -10.00 HI -50.00 -50.00
2026-09-27T06:54:34.350,DEMO,DEMO,DEMO_MODE,c87dde3f195c4fe8a135dd7fcf0abcad,F1 :    400    0 0.10 -14.44 0.54 50.00  40.0  36.0,0.00 0.00 0.00 89.38 0.54 50.00 0.10 -14.44 6 63 6 63 40.0% 36.0% 200.000 0.000 0.00 -4.90 0.00  2.00 0.00 400.00 0.0% | 1200.00  -10.00 HI -50.00 -50.00
2026-09-27T06:54:34.476,DEMO,DEMO,DEMO_MODE,c87dde3f195c4fe8a135dd7fcf0abcad,F1 :    500    0 0.10 -14.44 0.54 50.00  50.0  40.0,0.00 0.00 0.00 89.38 0.54 50.00 0.10 -14.44 6 63 6 63 50.0% 40.0% 250.000 0.000 0.00 -4.90 0.00  2.00 0.00 500.00 0.0% | 1200.00    0.00 HI -50.00 -50.00
2026-09-27T06:54:34.601,DEMO,DEMO,DEMO_MODE,c87dde3f195c4fe8a135dd7fcf0abcad,F1 :    500    0 0.10 -14.44 0.54 50.00  50.0  40.0,0.00 0.00 0.00 89.38 0.54 50.00 0.10 -14.44 6 63 6 63 50.0% 40.0% 250.000 0.000 0.00 -4.90 0.00  2.00 0.00 500.00 0.0% | 1200.00    0.00 HI -50.00 -50.00
2026-09-27T06:54:34.728,DEMO,DEMO,DEMO_MODE,c87dde3f195c4fe8a135dd7fcf0abcad,F1 :    500    0 0.10 -14.44 0.54 50.00  50.0  40.0,0.00 0.00 0.00 89.38 0.54 50.00 0.10 -14.44 6 63 6 63 50.0% 40.0% 250.000 0.000 0.00 -4.90 0.00  2.00 0.00 500.00 0.0% | 1200.00    0.00 HI -50.00 -50.00
2026-09-27T06:54:34.849,DEMO,DEMO,DEMO_MODE,c87dde3f195c4fe8a135dd7fcf0abcad,F1 :    500    0 0.10 -14.44 0.54 50.00  50.0  40.0,0.00 0.00 0.00 89.38 0.54 50.00 0.10 -14.44 6 63 6 63 50.0% 40.0% 250.000 0.000 0.00 -4.90 0.00  2.00 0.00 500.00 0.0% | 1200.00    0.00 HI -50.00 -50.00
2026-09-27T06:54:34.975,DEMO,DEMO,DEMO_MODE,c87dde3f195c4fe8a135dd7fcf0abcad,F1 :    500    0 0.10 -14.44 0.54 50.00  50.0  40.0,0.00 0.00 0.00 89.38 0.54 50.00 0.10 -14.44 6 63 6 63 50.0% 40.0% 250.000 0.000 0.00 -4.90 0.00  2.00 0.00 500.00 0.0% | 1200.00    0.00 HI -50.00 -50.00
2026-09-27T06:54:35.095,DEMO,DEMO,DEMO_MODE,c87dde3f195c4fe8a135dd7fcf0abcad,F1 :    500    0 0.10 -14.44 0.54 50.00  50.0  40.0,0.00 0.00 0.00 89.38 0.54 50.00 0.10 -14.44 6 63 6 63 50.0% 40.0% 250.000 0.000 0.00 -4.90 0.00  2.00 0.00 500.00 0.0% | 1200.00    0.00 HI -50.00 -50.00
2026-09-27T06:54:35.216,DEMO,DEMO,DEMO_MODE,c87dde3f195c4fe8a135dd7fcf0abcad,F1 :    500    0 0.10 -14.44 0.54 50.00  50.0  40.0,0.00 0.00 0.00 89.38 0.54 50.00 0.10 -14.44 6 63 6 63 50.0% 40.0% 250.000 0.000 0.00 -4.90 0.00  2.00 0.00 500.00 0.0% | 1200.00    0.00 HI -50.00 -50.00
2026-09-27T06:54:35.337,DEMO,DEMO,DEMO_MODE,c87dde3f195c4fe8a135dd7fcf0abcad,F1 :    500    0 0.10 -14.44 0.54 50.00  50.0  40.0,0.00 0.00 0.00 89.38 0.54 50.00 0.10 -14.44 6 63 6 63 50.0% 40.0% 250.000 0.000 0.00 -4.90 0.00  2.00 0.00 500.00 0.0% | 1200.00    0.00 HI -50.00 -50.00
2026-09-27T06:54:35.458,DEMO,DEMO,DEMO_MODE,c87dde3f195c4fe8a135dd7fcf0abcad,F1 :    500    0 0.10 -14.44 0.54 50.00  50.0  40.0,0.00 0.00 0.00 89.38 0.54 50.00 0.10 -14.44 6 63 6 63 50.0% 40.0% 250.000 0.000 0.00 -4.90 0.00  2.00 0.00 500.00 0.0% | 1200.00    0.00 HI -50.00 -50.00
2026-09-27T06:54:35.578,DEMO,DEMO,DEMO_MODE,c87dde3f195c4fe8a135dd7fcf0abcad,F1 :    500    0 0.10 -14.44 0.54 50.00  50.0  40.0,0.00 0.00 0.00 89.38 0.54 50.00 0.10 -14.44 6 63 6 63 50.0% 40.0% 250.000 0.000 0.00 -4.90 0.00  2.00 0.00 500.00 0.0% | 1200.00    0.00 HI -50.00 -50.00
2026-09-27T06:54:35.699,DEMO,DEMO,DEMO_MODE,c87dde3f195c4fe8a135dd7fcf0abcad,F1 :    500    0 0.10 -14.44 0.54 50.00  50.0  40.0,0.00 0.00 0.00 89.38 0.54 50.00 0.10 -14.44 6 63 6 63 50.0% 40.0% 250.000 0.000 0.00 -4.90 0.00  2.00 0.00 500.00 0.0% | 1200.00    0.00 HI -50.00 -50.00
2026-09-27T06:54:35.820,DEMO,DEMO,DEMO_MODE,c87dde3f195c4fe8a135dd7fcf0abcad,F1 :    500    0 0.10 -14.44 0.54 50.00  50.0  40.0,0.00 0.00 0.00 89.38 0.54 50.00 0.10 -14.44 6 63 6 63 50.0% 40.0% 250.000 0.000 0.00 -4.90 0.00  2.00 0.00 500.00 0.0% | 1200.00    0.00 HI -50.00 -50.00
2026-09-27T06:54:35.940,DEMO,DEMO,DEMO_MODE,c87dde3f195c4fe8a135dd7fcf0abcad,F1 :    500    0 0.10 -14.44 0.54 50.00  50.0  40.0,0.00 0.00 0.00 89.38 0.54 50.00 0.10 -14.44 6 63 6 63 50.0% 40.0% 250.000 0.000 0.00 -4.90 0.00  2.00 0.00 500.00 0.0% | 1200.00    0.00 HI -50.00 -50.00
2026-09-27T06:54:36.061,DEMO,DEMO,DEMO_MODE,c87dde3f195c4fe8a135dd7fcf0abcad,F1 :    500    0 0.10 -14.44 0.54 50.00  50.0  40.0,0.00 0.00 0.00 89.38 0.54 50.00 0.10 -14.44 6 63 6 63 50.0% 40.0% 250.000 0.000 0.00 -4.90 0.00  2.00 0.00 500.00 0.0% | 1200.00    0.00 HI -50.00 -50.00
2026-09-27T06:54:36.182,DEMO,DEMO,DEMO_MODE,c87dde3f195c4fe8a135dd7fcf0abcad,F1 :    500    0 0.10 -14.44 0.54 50.00  50.0  40.0,0.00 0.00 0.00 89.38 0.54 50.00 0.10 -14.44 6 63 6 63 50.0% 40.0% 250.000 0.000 0.00 -4.90 0.00  2.00 0.00 500.00 0.0% | 1200.00    0.00 HI -50.00 -50.00
2026-09-27T06:54:36.303,DEMO,DEMO,DEMO_MODE,c87dde3f195c4fe8a135dd7fcf0abcad,F1 :    500    0 0.10 -14.44 0.54 50.00  50.0  40.0,0.00 0.00 0.00 89.38 0.54 50.00 0.10 -14.44 6 63 6 63 50.0% 40.0% 250.000 0.000 0.00 -4.90 0.00  2.00 0.00 500.00 0.0% | 1200.00    0.00 HI -50.00 -50.00
2026-09-27T06:54:36.423,DEMO,DEMO,DEMO_MODE,c87dde3f195c4fe8a135dd7fcf0abcad,F1 :    500    0 0.10 -14.44 0.54 50.00  50.0  40.0,0.00 0.00 0.00 89.38 0.54 50.00 0.10 -14.44 6 63 6 63 50.0% 40.0% 250.000 0.000 0.00 -4.90 0.00  2.00 0.00 500.00 0.0% | 1200.00    0.00 HI -50.00 -50.00
2026-09-27T06:54:36.545,DEMO,DEMO,DEMO_MODE,c87dde3f195c4fe8a135dd7fcf0abcad,F1 :    500    0 0.10 -14.44 0.54 50.00  50.0  40.0,0.00 0.00 0.00 89.38 0.54 50.00 0.10 -14.44 6 63 6 63 50.0% 40.0% 250.000 0.000 0.00 -4.90 0.00  2.00 0.00 500.00 0.0% | 1200.00    0.00 HI -50.00 -50.00
2026-09-27T06:54:36.665,DEMO,DEMO,DEMO_MODE,c87dde3f195c4fe8a135dd7fcf0abcad,F1 :    500    0 0.10 -14.44 0.54 50.00  50.0  40.0,0.00 0.00 0.00 89.38 0.54 50.00 0.10 -14.44 6 63 6 63 50.0% 40.0% 250.000 0.000 0.00 -4.90 0.00  2.00 0.00 500.00 0.0% | 1200.00    0.00 HI -50.00 -50.00
2026-09-27T06:54:36.786,DEMO,DEMO,DEMO_MODE,c87dde3f195c4fe8a135dd7fcf0abcad,F1 :    500    0 0.10 -14.44 0.54 50.00  50.0  40.0,0.00 0.00 0.00 89.38 0.54 50.00 0.10 -14.44 6 63 6 63 50.0% 40.0% 250.000 0.000 0.00 -4.90 0.00  2.00 0.00 500.00 0.0% | 1200.00    0.00 HI -50.00 -50.00
2026-09-27T06:54:36.906,DEMO,DEMO,DEMO_MODE,c87dde3f195c4fe8a135dd7fcf0abcad,F1 :    500    0 0.10 -14.44 0.54 50.00  50.0  40.0,0.00 0.00 0.00 89.38 0.54 50.00 0.10 -14.44 6 63 6 63 50.0% 40.0% 250.000 0.000 0.00 -4.90 0.00  2.00 0.00 500.00 0.0% | 1200.00    0.00 HI -50.00 -50.00
2026-09-27T06:54:37.027,DEMO,DEMO,DEMO_MODE,c87dde3f195c4fe8a135dd7fcf0abcad,F1 :    500    0 0.10 -14.44 0.54 50.00  50.0  40.0,0.00 0.00 0.00 89.38 0.54 50.00 0.10 -14.44 6 63 6 63 50.0% 40.0% 250.000 0.000 0.00 -4.90 0.00  2.00 0.00 500.00 0.0% | 1200.00    0.00 HI -50.00 -50.00
2026-09-27T06:54:37.148,DEMO,DEMO,DEMO_MODE,c87dde3f195c4fe8a135dd7fcf0abcad,F1 :    500    0 0.10 -14.44 0.54 50.00  50.0  40.0,0.00 0.00 0.00 89.38 0.54 50.00 0.10 -14.44 6 63 6 63 50.0% 40.0% 250.000 0.000 0.00 -4.90 0.00  2.00 0.00 500.00 0.0% | 1200.00    0.00 HI -50.00 -50.00
2026-09-27T06:54:37.269,DEMO,DEMO,DEMO_MODE,c87dde3f195c4fe8a135dd7fcf0abcad,F1 :    500    0 0.10 -14.44 0.54 50.00  50.0  40.0,0.00 0.00 0.00 89.38 0.54 50.00 0.10 -14.44 6 63 6 63 50.0% 40.0% 250.000 0.000 0.00 -4.90 0.00  2.00 0.00 500.00 0.0% | 1200.00    0.00 HI -50.00 -50.00
2026-09-27T06:54:37.390,DEMO,DEMO,DEMO_MODE,c87dde3f195c4fe8a135dd7fcf0abcad,F1 :    500    0 0.10 -14.44 0.54 50.00  50.0  40.0,0.00 0.00 0.00 89.38 0.54 50.00 0.10 -14.44 6 63 6 63 50.0% 40.0% 250.000 0.000 0.00 -4.90 0.00  2.00 0.00 500.00 0.0% | 1200.00    0.00 HI -50.00 -50.00
2026-09-27T06:54:37.515,DEMO,DEMO,DEMO_MODE,c87dde3f195c4fe8a135dd7fcf0abcad,F1 :    500    0 0.10 -14.44 0.54 50.00  50.0  40.0,0.00 0.00 0.00 89.38 0.54 50.00 0.10 -14.44 6 63 6 63 50.0% 40.0% 250.000 0.000 0.00 -4.90 0.00  2.00 0.00 500.00 0.0% | 1200.00    0.00 HI -50.00 -50.00
2026-09-27T06:54:37.636,DEMO,DEMO,DEMO_MODE,c87dde3f195c4fe8a135dd7fcf0abcad,F1 :    500    0 0.10 -14.44 0.54 50.00  50.0  40.0,0.00 0.00 0.00 89.38 0.54 50.00 0.10 -14.44 6 63 6 63 50.0% 40.0% 250.000 0.000 0.00 -4.90 0.00  2.00 0.00 500.00 0.0% | 1200.00    0.00 HI -50.00 -50.00
2026-09-27T06:54:37.761,DEMO,DEMO,DEMO_MODE,c87dde3f195c4fe8a135dd7fcf0abcad,F1 :    500    0 0.10 -14.44 0.54 50.00  50.0  40.0,0.00 0.00 0.00 89.38 0.54 50.00 0.10 -14.44 6 63 6 63 50.0% 40.0% 250.000 0.000 0.00 -4.90 0.00  2.00 0.00 500.00 0.0% | 1200.00    0.00 HI -50.00 -50.00
2026-09-27T06:54:37.882,DEMO,DEMO,DEMO_MODE,c87dde3f195c4fe8a135dd7fcf0abcad,F1 :    500    0 0.10 -14.44 0.54 50.00  50.0  40.0,0.00 0.00 0.00 89.38 0.54 50.00 0.10 -14.44 6 63 6 63 50.0% 40.0% 250.000 0.000 0.00 -4.90 0.00  2.00 0.00 500.00 0.0% | 1200.00    0.00 HI -50.00 -50.00
2026-09-27T06:54:38.007,DEMO,DEMO,DEMO_MODE,c87dde3f195c4fe8a135dd7fcf0abcad,F1 :    500    0 0.10 -14.44 0.54 50.00  50.0  40.0,0.00 0.00 0.00 89.38 0.54 50.00 0.10 -14.44 6 63 6 63 50.0% 40.0% 250.000 0.000 0.00 -4.90 0.00  2.00 0.00 500.00 0.0% | 1200.00    0.00 HI -50.00 -50.00
2026-09-27T06:54:38.133,DEMO,DEMO,DEMO_MODE,c87dde3f195c4fe8a135dd7fcf0abcad,F1 :    500    0 0.10 -14.44 0.54 50.00  50.0  40.0,0.00 0.00 0.00 89.38 0.54 50.00 0.10 -14.44 6 63 6 63 50.0% 40.0% 250.000 0.000 0.00 -4.90 0.00  2.00 0.00 500.00 0.0% | 1200.00    0.00 HI -50.00 -50.00
2026-09-27T06:54:38.256,DEMO,DEMO,DEMO_MODE,c87dde3f195c4fe8a135dd7fcf0abcad,F1 :    500    0 0.10 -14.44 0.54 50.00  50.0  40.0,0.00 0.00 0.00 89.38 0.54 50.00 0.10 -14.44 6 63 6 63 50.0% 40.0% 250.000 0.000 0.00 -4.90 0.00  2.00 0.00 500.00 0.0% | 1200.00    0.00 HI -50.00 -50.00
2026-09-27T06:54:38.377,DEMO,DEMO,DEMO_MODE,c87dde3f195c4fe8a135dd7fcf0abcad,F1 :    500    0 0.10 -14.44 0.54 50.00  50.0  40.0,0.00 0.00 0.00 89.38 0.54 50.00 0.10 -14.44 6 63 6 63 50.0% 40.0% 250.000 0.000 0.00 -4.90 0.00  2.00 0.00 500.00 0.0% | 1200.00    0.00 HI -50.00 -50.00
2026-09-27T06:54:38.502,DEMO,DEMO,DEMO_MODE,c87dde3f195c4fe8a135dd7fcf0abcad,F1 :    500    1 0.10 -14.44 0.54 50.00  50.0  40.0,0.00 0.00 0.00 89.38 0.54 50.00 0.10 -14.44 6 63 6 63 50.0% 40.0% 250.000 0.000 0.00 -4.90 0.00  2.00 0.00 499.00 0.0% | 1200.00    0.00 HI -50.00 -50.00
2026-09-27T06:54:38.622,DEMO,DEMO,DEMO_MODE,c87dde3f195c4fe8a135dd7fcf0abcad,F1 :    500    1 0.10 -14.44 0.54 50.00  50.0  40.0,0.00 0.00 0.00 89.38 0.54 50.00 0.10 -14.44 6 63 6 63 50.0% 40.0% 250.000 0.000 0.00 -4.90 0.00  2.00 0.00 499.00 0.0% | 1200.00    0.00 HI -50.00 -50.00
2026-09-27T06:54:38.748,DEMO,DEMO,DEMO_MODE,c87dde3f195c4fe8a135dd7fcf0abcad,F1 :    500    1 0.10 -14.44 0.54 50.00  50.0  40.0,0.00 0.00 0.00 89.38 0.54 50.00 0.10 -14.44 6 63 6 63 50.0% 40.0% 250.000 0.000 0.00 -4.90 0.00  2.00 0.00 499.00 0.0% | 1200.00    0.00 HI -50.00 -50.00
2026-09-27T06:54:38.868,DEMO,DEMO,DEMO_MODE,c87dde3f195c4fe8a135dd7fcf0abcad,F1 :    500    1 0.10 -14.44 0.54 50.00  50.0  40.0,0.00 0.00 0.00 89.38 0.54 50.00 0.10 -14.44 6 63 6 63 50.0% 40.0% 250.000 0.000 0.00 -4.90 0.00  2.00 0.00 499.00 0.0% | 1200.00    0.00 HI -50.00 -50.00
2026-09-27T06:54:38.994,DEMO,DEMO,DEMO_MODE,c87dde3f195c4fe8a135dd7fcf0abcad,F1 :    500    1 0.10 -14.44 0.54 50.00  50.0  40.0,0.00 0.00 0.00 89.38 0.54 50.00 0.10 -14.44 6 63 6 63 50.0% 40.0% 250.000 0.000 0.00 -4.90 0.00  2.00 0.00 499.00 0.0% | 1200.00    0.00 HI -50.00 -50.00
2026-09-27T06:54:39.114,DEMO,DEMO,DEMO_MODE,c87dde3f195c4fe8a135dd7fcf0abcad,F1 :    500    1 0.10 -14.44 0.54 50.00  50.0  40.0,0.00 0.00 0.00 89.38 0.54 50.00 0.10 -14.44 6 63 6 63 50.0% 40.0% 250.000 0.000 0.00 -4.90 0.00  2.00 0.00 499.00 0.0% | 1200.00    0.00 HI -50.00 -50.00
2026-09-27T06:54:39.241,DEMO,DEMO,DEMO_MODE,c87dde3f195c4fe8a135dd7fcf0abcad,F1 :    500    1 0.10 -14.44 0.54 50.00  50.0  40.0,0.00 0.00 0.00 89.38 0.54 50.00 0.10 -14.44 6 63 6 63 50.0% 40.0% 250.000 0.000 0.00 -4.90 0.00  2.00 0.00 499.00 0.0% | 1200.00    0.00 HI -50.00 -50.00
2026-09-27T06:54:39.362,DEMO,DEMO,DEMO_MODE,c87dde3f195c4fe8a135dd7fcf0abcad,F1 :    500    1 0.10 -14.44 0.54 50.00  50.0  40.0,0.00 0.00 0.00 89.38 0.54 50.00 0.10 -14.44 6 63 6 63 50.0% 40.0% 250.000 0.000 0.00 -4.90 0.00  2.00 0.00 499.00 0.0% | 1200.00    0.00 HI -50.00 -50.00
2026-09-27T06:54:39.487,DEMO,DEMO,DEMO_MODE,c87dde3f195c4fe8a135dd7fcf0abcad,F1 :    500    1 0.10 -14.44 0.54 50.00  50.0  40.0,0.00 0.00 0.00 89.38 0.54 50.00 0.10 -14.44 6 63 6 63 50.0% 40.0% 250.000 0.000 0.00 -4.90 0.00  2.00 0.00 499.00 0.0% | 1200.00    0.00 HI -50.00 -50.00
2026-09-27T06:54:39.617,DEMO,DEMO,DEMO_MODE,c87dde3f195c4fe8a135dd7fcf0abcad,F1 :    500    1 0.10 -14.44 0.54 50.00  50.0  44.0,0.00 0.00 0.00 89.38 0.54 50.00 0.10 -14.44 6 63 6 63 50.0% 44.0% 250.000 0.000 0.00 -4.90 0.00  2.00 0.00 499.00 0.0% | 1200.00    0.00 HI -50.00 -50.00
2026-09-27T06:54:39.744,DEMO,DEMO,DEMO_MODE,c87dde3f195c4fe8a135dd7fcf0abcad,F1 :    500    1 0.10 -14.44 0.54 50.00  50.0  44.0,0.00 0.00 0.00 89.38 0.54 50.00 0.10 -14.44 6 63 6 63 50.0% 44.0% 250.000 0.000 0.00 -4.90 0.00  2.00 0.00 499.00 0.0% | 1200.00    0.00 HI -50.00 -50.00
2026-09-27T06:54:39.864,DEMO,DEMO,DEMO_MODE,c87dde3f195c4fe8a135dd7fcf0abcad,F1 :    500    1 0.10 -14.44 0.54 50.00  50.0  44.0,0.00 0.00 0.00 89.38 0.54 50.00 0.10 -14.44 6 63 6 63 50.0% 44.0% 250.000 0.000 0.00 -4.90 0.00  2.00 0.00 499.00 0.0% | 1200.00    0.00 HI -50.00 -50.00
2026-09-27T06:54:39.989,DEMO,DEMO,DEMO_MODE,c87dde3f195c4fe8a135dd7fcf0abcad,F1 :    500    1 0.10 -14.44 0.54 50.00  50.0  44.0,0.00 0.00 0.00 89.38 0.54 50.00 0.10 -14.44 6 63 6 63 50.0% 44.0% 250.000 0.000 0.00 -4.90 0.00  2.00 0.00 499.00 0.0% | 1200.00    0.00 HI -50.00 -50.00
2026-09-27T06:54:40.110,DEMO,DEMO,DEMO_MODE,c87dde3f195c4fe8a135dd7fcf0abcad,F1 :    500    1 0.10 -14.44 0.54 50.00  50.0  44.0,0.00 0.00 0.00 89.38 0.54 50.00 0.10 -14.44 6 63 6 63 50.0% 44.0% 250.000 0.000 0.00 -4.90 0.00  2.00 0.00 499.00 0.0% | 1200.00    0.00 HI -50.00 -50.00
2026-09-27T06:54:40.237,DEMO,DEMO,DEMO_MODE,c87dde3f195c4fe8a135dd7fcf0abcad,F1 :    500    1 0.10 -14.44 0.54 50.00  50.0  44.0,0.00 0.00 0.00 89.38 0.54 50.00 0.10 -14.44 6 63 6 63 50.0% 44.0% 250.000 0.000 0.00 -4.90 0.00  2.00 0.00 499.00 0.0% | 1200.00    0.00 HI -50.00 -50.00
2026-09-27T06:54:40.358,DEMO,DEMO,DEMO_MODE,c87dde3f195c4fe8a135dd7fcf0abcad,F1 :    500    1 0.10 -14.44 0.54 50.00  50.0  44.0,0.00 0.00 0.00 89.38 0.54 50.00 0.10 -14.44 6 63 6 63 50.0% 44.0% 250.000 0.000 0.00 -4.90 0.00  2.00 0.00 499.00 0.0% | 1200.00    0.00 HI -50.00 -50.00
2026-09-27T06:54:40.485,DEMO,DEMO,DEMO_MODE,c87dde3f195c4fe8a135dd7fcf0abcad,F1 :    500    1 0.10 -14.44 0.54 50.00  50.0  44.0,0.00 0.00 0.00 89.38 0.54 50.00 0.10 -14.44 6 63 6 63 50.0% 44.0% 250.000 0.000 0.00 -4.90 0.00  2.00 0.00 499.00 0.0% | 1200.00    0.00 HI -50.00 -50.00
2026-09-27T06:54:40.607,DEMO,DEMO,DEMO_MODE,c87dde3f195c4fe8a135dd7fcf0abcad,F1 :    500    1 0.10 -14.44 0.54 50.00  50.0  44.0,0.00 0.00 0.00 89.38 0.54 50.00 0.10 -14.44 6 63 6 63 50.0% 44.0% 250.000 0.000 0.00 -4.90 0.00  2.00 0.00 499.00 0.0% | 1200.00    0.00 HI -50.00 -50.00
2026-09-27T06:54:40.733,DEMO,DEMO,DEMO_MODE,c87dde3f195c4fe8a135dd7fcf0abcad,F1 :    500    1 0.10 -14.44 0.54 50.00  50.0  44.0,0.00 0.00 0.00 89.38 0.54 50.00 0.10 -14.44 6 63 6 63 50.0% 44.0% 250.000 0.000 0.00 -4.90 0.00  2.00 0.00 499.00 0.0% | 1200.00    0.00 HI -50.00 -50.00
2026-09-27T06:54:40.853,DEMO,DEMO,DEMO_MODE,c87dde3f195c4fe8a135dd7fcf0abcad,F1 :    500    1 0.10 -14.44 0.54 50.00  50.0  44.0,0.00 0.00 0.00 89.38 0.54 50.00 0.10 -14.44 6 63 6 63 50.0% 44.0% 250.000 0.000 0.00 -4.90 0.00  2.00 0.00 499.00 0.0% | 1200.00    0.00 HI -50.00 -50.00
2026-09-27T06:54:40.979,DEMO,DEMO,DEMO_MODE,c87dde3f195c4fe8a135dd7fcf0abcad,F1 :    500    1 0.10 -14.44 0.54 50.00  50.0  44.0,0.00 0.00 0.00 89.38 0.54 50.00 0.10 -14.44 6 63 6 63 50.0% 44.0% 250.000 0.000 0.00 -4.90 0.00  2.00 0.00 499.00 0.0% | 1200.00    0.00 HI -50.00 -50.00
2026-09-27T06:54:41.100,DEMO,DEMO,DEMO_MODE,c87dde3f195c4fe8a135dd7fcf0abcad,F1 :    500    1 0.10 -14.44 0.54 50.00  50.0  44.0,0.00 0.00 0.00 89.38 0.54 50.00 0.10 -14.44 6 63 6 63 50.0% 44.0% 250.000 0.000 0.00 -4.90 0.00  2.00 0.00 499.00 0.0% | 1200.00    0.00 HI -50.00 -50.00
2026-09-27T06:54:41.226,DEMO,DEMO,DEMO_MODE,c87dde3f195c4fe8a135dd7fcf0abcad,F1 :    500    1 0.10 -14.44 0.54 50.00  50.0  44.0,0.00 0.00 0.00 89.38 0.54 50.00 0.10 -14.44 6 63 6 63 50.0% 44.0% 250.000 0.000 0.00 -4.90 0.00  2.00 0.00 499.00 0.0% | 1200.00    0.00 HI -50.00 -50.00
2026-09-27T06:54:41.356,DEMO,DEMO,DEMO_MODE,c87dde3f195c4fe8a135dd7fcf0abcad,F1 :    500    1 0.10 -14.44 0.54 50.00  50.0  44.0,0.00 0.00 0.00 89.38 0.54 50.00 0.10 -14.44 6 63 6 63 50.0% 44.0% 250.000 0.000 0.00 -4.90 0.00  2.00 0.00 499.00 0.0% | 1200.00    0.00 HI -50.00 -50.00
2026-09-27T06:54:41.482,DEMO,DEMO,DEMO_MODE,c87dde3f195c4fe8a135dd7fcf0abcad,F1 :    500    1 0.10 -14.44 0.54 50.00  50.0  44.0,0.00 0.00 0.00 89.38 0.54 50.00 0.10 -14.44 6 63 6 63 50.0% 44.0% 250.000 0.000 0.00 -4.90 0.00  2.00 0.00 499.00 0.0% | 1200.00    0.00 HI -50.00 -50.00
2026-09-27T06:54:41.603,DEMO,DEMO,DEMO_MODE,c87dde3f195c4fe8a135dd7fcf0abcad,F1 :    500    1 0.10 -14.44 0.54 50.00  50.0  44.0,0.00 0.00 0.00 89.38 0.54 50.00 0.10 -14.44 6 63 6 63 50.0% 44.0% 250.000 0.000 0.00 -4.90 0.00  2.00 0.00 499.00 0.0% | 1200.00    0.00 HI -50.00 -50.00
2026-09-27T06:54:41.729,DEMO,DEMO,DEMO_MODE,c87dde3f195c4fe8a135dd7fcf0abcad,F1 :    500    1 0.10 -14.44 0.54 50.00  50.0  44.0,0.00 0.00 0.00 89.38 0.54 50.00 0.10 -14.44 6 63 6 63 50.0% 44.0% 250.000 0.000 0.00 -4.90 0.00  2.00 0.00 499.00 0.0% | 1200.00    0.00 HI -50.00 -50.00
2026-09-27T06:54:41.850,DEMO,DEMO,DEMO_MODE,c87dde3f195c4fe8a135dd7fcf0abcad,F1 :    500    1 0.10 -14.44 0.54 50.00  50.0  44.0,0.00 0.00 0.00 89.38 0.54 50.00 0.10 -14.44 6 63 6 63 50.0% 44.0% 250.000 0.000 0.00 -4.90 0.00  2.00 0.00 499.00 0.0% | 1200.00    0.00 HI -50.00 -50.00
2026-09-27T06:54:41.970,DEMO,DEMO,DEMO_MODE,c87dde3f195c4fe8a135dd7fcf0abcad,F1 :    500    1 0.10 -14.44 0.54 50.00  50.0  44.0,0.00 0.00 0.00 89.38 0.54 50.00 0.10 -14.44 6 63 6 63 50.0% 44.0% 250.000 0.000 0.00 -4.90 0.00  2.00 0.00 499.00 0.0% | 1200.00    0.00 HI -50.00 -50.00
2026-09-27T06:54:42.091,DEMO,DEMO,DEMO_MODE,c87dde3f195c4fe8a135dd7fcf0abcad,F1 :    500    1 0.10 -14.44 0.54 50.00  50.0  44.0,0.00 0.00 0.00 89.38 0.54 50.00 0.10 -14.44 6 63 6 63 50.0% 44.0% 250.000 0.000 0.00 -4.90 0.00  2.00 0.00 499.00 0.0% | 1200.00    0.00 HI -50.00 -50.00
2026-09-27T06:54:42.211,DEMO,DEMO,DEMO_MODE,c87dde3f195c4fe8a135dd7fcf0abcad,F1 :    500    1 0.10 -14.44 0.54 50.00  50.0  44.0,0.00 0.00 0.00 89.38 0.54 50.00 0.10 -14.44 6 63 6 63 50.0% 44.0% 250.000 0.000 0.00 -4.90 0.00  2.00 0.00 499.00 0.0% | 1200.00    0.00 HI -50.00 -50.00
2026-09-27T06:54:42.332,DEMO,DEMO,DEMO_MODE,c87dde3f195c4fe8a135dd7fcf0abcad,F1 :    500    1 0.10 -14.44 0.54 50.00  50.0  44.0,0.00 0.00 0.00 89.38 0.54 50.00 0.10 -14.44 6 63 6 63 50.0% 44.0% 250.000 0.000 0.00 -4.90 0.00  2.00 0.00 499.00 0.0% | 1200.00    0.00 HI -50.00 -50.00
2026-09-27T06:54:42.452,DEMO,DEMO,DEMO_MODE,c87dde3f195c4fe8a135dd7fcf0abcad,F1 :    500    1 0.10 -14.44 0.54 50.00  50.0  44.0,0.00 0.00 0.00 89.38 0.54 50.00 0.10 -14.44 6 63 6 63 50.0% 44.0% 250.000 0.000 0.00 -4.90 0.00  2.00 0.00 499.00 0.0% | 1200.00    0.00 HI -50.00 -50.00
2026-09-27T06:54:42.574,DEMO,DEMO,DEMO_MODE,c87dde3f195c4fe8a135dd7fcf0abcad,F1 :    500    1 0.10 -14.44 0.54 50.00  50.0  44.0,0.00 0.00 0.00 89.38 0.54 50.00 0.10 -14.44 6 63 6 63 50.0% 44.0% 250.000 0.000 0.00 -4.90 0.00  2.00 0.00 499.00 0.0% | 1200.00    0.00 HI -50.00 -50.00
2026-09-27T06:54:42.695,DEMO,DEMO,DEMO_MODE,c87dde3f195c4fe8a135dd7fcf0abcad,F1 :    500    1 0.10 -14.44 0.54 50.00  50.0  44.0,0.00 0.00 0.00 89.38 0.54 50.00 0.10 -14.44 6 63 6 63 50.0% 44.0% 250.000 0.000 0.00 -4.90 0.00  2.00 0.00 499.00 0.0% | 1200.00    0.00 HI -50.00 -50.00
2026-09-27T06:54:42.816,DEMO,DEMO,DEMO_MODE,c87dde3f195c4fe8a135dd7fcf0abcad,F1 :    500    1 0.10 -14.44 0.54 50.00  50.0  44.0,0.00 0.00 0.00 89.38 0.54 50.00 0.10 -14.44 6 63 6 63 50.0% 44.0% 250.000 0.000 0.00 -4.90 0.00  2.00 0.00 499.00 0.0% | 1200.00    0.00 HI -50.00 -50.00
2026-09-27T06:54:42.937,DEMO,DEMO,DEMO_MODE,c87dde3f195c4fe8a135dd7fcf0abcad,F1 :    500    1 0.10 -14.44 0.54 50.00  50.0  44.0,0.00 0.00 0.00 89.38 0.54 50.00 0.10 -14.44 6 63 6 63 50.0% 44.0% 250.000 0.000 0.00 -4.90 0.00  2.00 0.00 499.00 0.0% | 1200.00    0.00 HI -50.00 -50.00
2026-09-27T06:54:43.057,DEMO,DEMO,DEMO_MODE,c87dde3f195c4fe8a135dd7fcf0abcad,F1 :    500    1 0.10 -14.44 0.54 50.00  50.0  44.0,0.00 0.00 0.00 89.38 0.54 50.00 0.10 -14.44 6 63 6 63 50.0% 44.0% 250.000 0.000 0.00 -4.90 0.00  2.00 0.00 499.00 0.0% | 1200.00    0.00 HI -50.00 -50.00
2026-09-27T06:54:43.178,DEMO,DEMO,DEMO_MODE,c87dde3f195c4fe8a135dd7fcf0abcad,F1 :    500    1 0.10 -14.44 0.54 50.00  50.0  44.0,0.00 0.00 0.00 89.38 0.54 50.00 0.10 -14.44 6 63 6 63 50.0% 44.0% 250.000 0.000 0.00 -4.90 0.00  2.00 0.00 499.00 0.0% | 1200.00    0.00 HI -50.00 -50.00
2026-09-27T06:54:43.298,DEMO,DEMO,DEMO_MODE,c87dde3f195c4fe8a135dd7fcf0abcad,F1 :    500    1 0.10 -14.44 0.54 50.00  50.0  44.0,0.00 0.00 0.00 89.38 0.54 50.00 0.10 -14.44 6 63 6 63 50.0% 44.0% 250.000 0.000 0.00 -4.90 0.00  2.00 0.00 499.00 0.0% | 1200.00    0.00 HI -50.00 -50.00
2026-09-27T06:54:43.419,DEMO,DEMO,DEMO_MODE,c87dde3f195c4fe8a135dd7fcf0abcad,F1 :    500    1 0.10 -14.44 0.54 50.00  50.0  44.0,0.00 0.00 0.00 89.38 0.54 50.00 0.10 -14.44 6 63 6 63 50.0% 44.0% 250.000 0.000 0.00 -4.90 0.00  2.00 0.00 499.00 0.0% | 1200.00    0.00 HI -50.00 -50.00
2026-09-27T06:54:43.540,DEMO,DEMO,DEMO_MODE,c87dde3f195c4fe8a135dd7fcf0abcad,F1 :    500    1 0.10 -14.44 0.54 50.00  50.0  44.0,0.00 0.00 0.00 89.38 0.54 50.00 0.10 -14.44 6 63 6 63 50.0% 44.0% 250.000 0.000 0.00 -4.90 0.00  2.00 0.00 499.00 0.0% | 1200.00    0.00 HI -50.00 -50.00
2026-09-27T06:54:43.661,DEMO,DEMO,DEMO_MODE,c87dde3f195c4fe8a135dd7fcf0abcad,F1 :    500    1 0.10 -14.44 0.54 50.00  50.0  44.0,0.00 0.00 0.00 89.38 0.54 50.00 0.10 -14.44 6 63 6 63 50.0% 44.0% 250.000 0.000 0.00 -4.90 0.00  2.00 0.00 499.00 0.0% | 1200.00    0.00 HI -50.00 -50.00
2026-09-27T06:54:43.781,DEMO,DEMO,DEMO_MODE,c87dde3f195c4fe8a135dd7fcf0abcad,F1 :    500    1 0.10 -14.44 0.54 50.00  50.0  44.0,0.00 0.00 0.00 89.38 0.54 50.00 0.10 -14.44 6 63 6 63 50.0% 44.0% 250.000 0.000 0.00 -4.90 0.00  2.00 0.00 499.00 0.0% | 1200.00    0.00 HI -50.00 -50.00
2026-09-27T06:54:43.902,DEMO,DEMO,DEMO_MODE,c87dde3f195c4fe8a135dd7fcf0abcad,F1 :    500    1 0.10 -14.44 0.54 50.00  50.0  44.0,0.00 0.00 0.00 89.38 0.54 50.00 0.10 -14.44 6 63 6 63 50.0% 44.0% 250.000 0.000 0.00 -4.90 0.00  2.00 0.00 499.00 0.0% | 1200.00    0.00 HI -50.00 -50.00
2026-09-27T06:54:44.023,DEMO,DEMO,DEMO_MODE,c87dde3f195c4fe8a135dd7fcf0abcad,F1 :    500    1 0.10 -14.44 0.54 50.00  50.0  44.0,0.00 0.00 0.00 89.38 0.54 50.00 0.10 -14.44 6 63 6 63 50.0% 44.0% 250.000 0.000 0.00 -4.90 0.00  2.00 0.00 499.00 0.0% | 1200.00    0.00 HI -50.00 -50.00
2026-09-27T06:54:44.143,DEMO,DEMO,DEMO_MODE,c87dde3f195c4fe8a135dd7fcf0abcad,F1 :    500    1 0.10 -14.44 0.54 50.00  50.0  44.0,0.00 0.00 0.00 89.38 0.54 50.00 0.10 -14.44 6 63 6 63 50.0% 44.0% 250.000 0.000 0.00 -4.90 0.00  2.00 0.00 499.00 0.0% | 1200.00    0.00 HI -50.00 -50.00
2026-09-27T06:54:44.266,DEMO,DEMO,DEMO_MODE,c87dde3f195c4fe8a135dd7fcf0abcad,F1 :    500    1 0.10 -14.44 0.54 50.00  50.0  44.0,0.00 0.00 0.00 89.38 0.54 50.00 0.10 -14.44 6 63 6 63 50.0% 44.0% 250.000 0.000 0.00 -4.90 0.00  2.00 0.00 499.00 0.0% | 1200.00    0.00 HI -50.00 -50.00
2026-09-27T06:54:44.387,DEMO,DEMO,DEMO_MODE,c87dde3f195c4fe8a135dd7fcf0abcad,F1 :    500    1 0.10 -14.44 0.54 50.00  50.0  44.0,0.00 0.00 0.00 89.38 0.54 50.00 0.10 -14.44 6 63 6 63 50.0% 44.0% 250.000 0.000 0.00 -4.90 0.00  2.00 0.00 499.00 0.0% | 1200.00    0.00 HI -50.00 -50.00
2026-09-27T06:54:44.512,DEMO,DEMO,DEMO_MODE,c87dde3f195c4fe8a135dd7fcf0abcad,F1 :    500    1 0.10 -14.44 0.54 50.00  50.0  44.0,0.00 0.00 0.00 89.38 0.54 50.00 0.10 -14.44 6 63 6 63 50.0% 44.0% 250.000 0.000 0.00 -4.90 0.00  2.00 0.00 499.00 0.0% | 1200.00    0.00 HI -50.00 -50.00
2026-09-27T06:54:44.633,DEMO,DEMO,DEMO_MODE,c87dde3f195c4fe8a135dd7fcf0abcad,F1 :    600    1 0.10 -14.44 0.54 50.00  60.0  48.0,0.00 0.00 0.00 89.38 0.54 50.00 0.10 -14.44 6 63 6 63 60.0% 48.0% 300.000 0.000 0.00 -4.90 0.00  2.00 0.00 599.00 0.0% | 1200.00   10.00 HI -50.00 -50.00
2026-09-27T06:54:44.758,DEMO,DEMO,DEMO_MODE,c87dde3f195c4fe8a135dd7fcf0abcad,F1 :    600    1 0.10 -14.44 0.54 50.00  60.0  48.0,0.00 0.00 0.00 89.38 0.54 50.00 0.10 -14.44 6 63 6 63 60.0% 48.0% 300.000 0.000 0.00 -4.90 0.00  2.00 0.00 599.00 0.0% | 1200.00   10.00 HI -50.00 -50.00
2026-09-27T06:54:44.879,DEMO,DEMO,DEMO_MODE,c87dde3f195c4fe8a135dd7fcf0abcad,F1 :    600    1 0.10 -14.44 0.54 50.00  60.0  48.0,0.00 0.00 0.00 89.38 0.54 50.00 0.10 -14.44 6 63 6 63 60.0% 48.0% 300.000 0.000 0.00 -4.90 0.00  2.00 0.00 599.00 0.0% | 1200.00   10.00 HI -50.00 -50.00
2026-09-27T06:54:45.005,DEMO,DEMO,DEMO_MODE,c87dde3f195c4fe8a135dd7fcf0abcad,F1 :    600    1 0.10 -14.44 0.54 50.00  60.0  48.0,0.00 0.00 0.00 89.38 0.54 50.00 0.10 -14.44 6 63 6 63 60.0% 48.0% 300.000 0.000 0.00 -4.90 0.00  2.00 0.00 599.00 0.0% | 1200.00   10.00 HI -50.00 -50.00
2026-09-27T06:54:45.126,DEMO,DEMO,DEMO_MODE,c87dde3f195c4fe8a135dd7fcf0abcad,F1 :    600    1 0.10 -14.44 0.54 50.00  60.0  48.0,0.00 0.00 0.00 89.38 0.54 50.00 0.10 -14.44 6 63 6 63 60.0% 48.0% 300.000 0.000 0.00 -4.90 0.00  2.00 0.00 599.00 0.0% | 1200.00   10.00 HI -50.00 -50.00
2026-09-27T06:54:45.252,DEMO,DEMO,DEMO_MODE,c87dde3f195c4fe8a135dd7fcf0abcad,F1 :    600    1 0.10 -14.44 0.54 50.00  60.0  48.0,0.00 0.00 0.00 89.38 0.54 50.00 0.10 -14.44 6 63 6 63 60.0% 48.0% 300.000 0.000 0.00 -4.90 0.00  2.00 0.00 599.00 0.0% | 1200.00   10.00 HI -50.00 -50.00
2026-09-27T06:54:45.373,DEMO,DEMO,DEMO_MODE,c87dde3f195c4fe8a135dd7fcf0abcad,F1 :    600    1 0.10 -14.44 0.54 50.00  60.0  48.0,0.00 0.00 0.00 89.38 0.54 50.00 0.10 -14.44 6 63 6 63 60.0% 48.0% 300.000 0.000 0.00 -4.90 0.00  2.00 0.00 599.00 0.0% | 1200.00   10.00 HI -50.00 -50.00
2026-09-27T06:54:45.500,DEMO,DEMO,DEMO_MODE,c87dde3f195c4fe8a135dd7fcf0abcad,F1 :    600    1 0.10 -14.44 0.54 50.00  60.0  48.0,0.00 0.00 0.00 89.38 0.54 50.00 0.10 -14.44 6 63 6 63 60.0% 48.0% 300.000 0.000 0.00 -4.90 0.00  2.00 0.00 599.00 0.0% | 1200.00   10.00 HI -50.00 -50.00
2026-09-27T06:54:45.631,DEMO,DEMO,DEMO_MODE,c87dde3f195c4fe8a135dd7fcf0abcad,F1 :    600    1 0.10 -14.44 0.54 50.00  60.0  48.0,0.00 0.00 0.00 89.38 0.54 50.00 0.10 -14.44 6 63 6 63 60.0% 48.0% 300.000 0.000 0.00 -4.90 0.00  2.00 0.00 599.00 0.0% | 1200.00   10.00 HI -50.00 -50.00
2026-09-27T06:54:45.758,DEMO,DEMO,DEMO_MODE,c87dde3f195c4fe8a135dd7fcf0abcad,F1 :    600    1 0.10 -14.44 0.54 50.00  60.0  48.0,0.00 0.00 0.00 89.38 0.54 50.00 0.10 -14.44 6 63 6 63 60.0% 48.0% 300.000 0.000 0.00 -4.90 0.00  2.00 0.00 599.00 0.0% | 1200.00   10.00 HI -50.00 -50.00
2026-09-27T06:54:45.878,DEMO,DEMO,DEMO_MODE,c87dde3f195c4fe8a135dd7fcf0abcad,F1 :    600    1 0.10 -14.44 0.54 50.00  60.0  48.0,0.00 0.00 0.00 89.38 0.54 50.00 0.10 -14.44 6 63 6 63 60.0% 48.0% 300.000 0.000 0.00 -4.90 0.00  2.00 0.00 599.00 0.0% | 1200.00   10.00 HI -50.00 -50.00
2026-09-27T06:54:46.006,DEMO,DEMO,DEMO_MODE,c87dde3f195c4fe8a135dd7fcf0abcad,F1 :    600    1 0.10 -14.44 0.54 50.00  60.0  48.0,0.00 0.00 0.00 89.38 0.54 50.00 0.10 -14.44 6 63 6 63 60.0% 48.0% 300.000 0.000 0.00 -4.90 0.00  2.00 0.00 599.00 0.0% | 1200.00   10.00 HI -50.00 -50.00
2026-09-27T06:54:46.126,DEMO,DEMO,DEMO_MODE,c87dde3f195c4fe8a135dd7fcf0abcad,F1 :    600    1 0.10 -14.44 0.54 50.00  60.0  48.0,0.00 0.00 0.00 89.38 0.54 50.00 0.10 -14.44 6 63 6 63 60.0% 48.0% 300.000 0.000 0.00 -4.90 0.00  2.00 0.00 599.00 0.0% | 1200.00   10.00 HI -50.00 -50.00
2026-09-27T06:54:46.252,DEMO,DEMO,DEMO_MODE,c87dde3f195c4fe8a135dd7fcf0abcad,F1 :    600    1 0.10 -14.44 0.54 50.00  60.0  48.0,0.00 0.00 0.00 89.38 0.54 50.00 0.10 -14.44 6 63 6 63 60.0% 48.0% 300.000 0.000 0.00 -4.90 0.00  2.00 0.00 599.00 0.0% | 1200.00   10.00 HI -50.00 -50.00
2026-09-27T06:54:46.373,DEMO,DEMO,DEMO_MODE,c87dde3f195c4fe8a135dd7fcf0abcad,F1 :    600    1 0.10 -14.44 0.54 50.00  60.0  48.0,0.00 0.00 0.00 89.38 0.54 50.00 0.10 -14.44 6 63 6 63 60.0% 48.0% 300.000 0.000 0.00 -4.90 0.00  2.00 0.00 599.00 0.0% | 1200.00   10.00 HI -50.00 -50.00
2026-09-27T06:54:46.498,DEMO,DEMO,DEMO_MODE,c87dde3f195c4fe8a135dd7fcf0abcad,F1 :    600    1 0.10 -14.44 0.54 50.00  60.0  48.0,0.00 0.00 0.00 89.38 0.54 50.00 0.10 -14.44 6 63 6 63 60.0% 48.0% 300.000 0.000 0.00 -4.90 0.00  2.00 0.00 599.00 0.0% | 1200.00   10.00 HI -50.00 -50.00
2026-09-27T06:54:46.618,DEMO,DEMO,DEMO_MODE,c87dde3f195c4fe8a135dd7fcf0abcad,F1 :    600    1 0.10 -14.44 0.54 50.00  60.0  48.0,0.00 0.00 0.00 89.38 0.54 50.00 0.10 -14.44 6 63 6 63 60.0% 48.0% 300.000 0.000 0.00 -4.90 0.00  2.00 0.00 599.00 0.0% | 1200.00   10.00 HI -50.00 -50.00
2026-09-27T06:54:46.744,DEMO,DEMO,DEMO_MODE,c87dde3f195c4fe8a135dd7fcf0abcad,F1 :    600    1 0.10 -14.44 0.54 50.00  60.0  48.0,0.00 0.00 0.00 89.38 0.54 50.00 0.10 -14.44 6 63 6 63 60.0% 48.0% 300.000 0.000 0.00 -4.90 0.00  2.00 0.00 599.00 0.0% | 1200.00   10.00 HI -50.00 -50.00
2026-09-27T06:54:46.866,DEMO,DEMO,DEMO_MODE,c87dde3f195c4fe8a135dd7fcf0abcad,F1 :    600    1 0.10 -14.44 0.54 50.00  60.0  48.0,0.00 0.00 0.00 89.38 0.54 50.00 0.10 -14.44 6 63 6 63 60.0% 48.0% 300.000 0.000 0.00 -4.90 0.00  2.00 0.00 599.00 0.0% | 1200.00   10.00 HI -50.00 -50.00
2026-09-27T06:54:46.991,DEMO,DEMO,DEMO_MODE,c87dde3f195c4fe8a135dd7fcf0abcad,F1 :    600    1 0.10 -14.44 0.54 50.00  60.0  48.0,0.00 0.00 0.00 89.38 0.54 50.00 0.10 -14.44 6 63 6 63 60.0% 48.0% 300.000 0.000 0.00 -4.90 0.00  2.00 0.00 599.00 0.0% | 1200.00   10.00 HI -50.00 -50.00
2026-09-27T06:54:47.112,DEMO,DEMO,DEMO_MODE,c87dde3f195c4fe8a135dd7fcf0abcad,F1 :    600    1 0.10 -14.44 0.54 50.00  60.0  48.0,0.00 0.00 0.00 89.38 0.54 50.00 0.10 -14.44 6 63 6 63 60.0% 48.0% 300.000 0.000 0.00 -4.90 0.00  2.00 0.00 599.00 0.0% | 1200.00   10.00 HI -50.00 -50.00
2026-09-27T06:54:47.238,DEMO,DEMO,DEMO_MODE,c87dde3f195c4fe8a135dd7fcf0abcad,F1 :    600    1 0.10 -14.44 0.54 50.00  60.0  48.0,0.00 0.00 0.00 89.38 0.54 50.00 0.10 -14.44 6 63 6 63 60.0% 48.0% 300.000 0.000 0.00 -4.90 0.00  2.00 0.00 599.00 0.0% | 1200.00   10.00 HI -50.00 -50.00
2026-09-27T06:54:47.358,DEMO,DEMO,DEMO_MODE,c87dde3f195c4fe8a135dd7fcf0abcad,F1 :    600    1 0.10 -14.44 0.54 50.00  60.0  48.0,0.00 0.00 0.00 89.38 0.54 50.00 0.10 -14.44 6 63 6 63 60.0% 48.0% 300.000 0.000 0.00 -4.90 0.00  2.00 0.00 599.00 0.0% | 1200.00   10.00 HI -50.00 -50.00
2026-09-27T06:54:47.485,DEMO,DEMO,DEMO_MODE,c87dde3f195c4fe8a135dd7fcf0abcad,F1 :    600    1 0.10 -14.44 0.54 50.00  60.0  48.0,0.00 0.00 0.00 89.38 0.54 50.00 0.10 -14.44 6 63 6 63 60.0% 48.0% 300.000 0.000 0.00 -4.90 0.00  2.00 0.00 599.00 0.0% | 1200.00   10.00 HI -50.00 -50.00
2026-09-27T06:54:47.605,DEMO,DEMO,DEMO_MODE,c87dde3f195c4fe8a135dd7fcf0abcad,F1 :    600    1 0.10 -14.44 0.54 50.00  60.0  48.0,0.00 0.00 0.00 89.38 0.54 50.00 0.10 -14.44 6 63 6 63 60.0% 48.0% 300.000 0.000 0.00 -4.90 0.00  2.00 0.00 599.00 0.0% | 1200.00   10.00 HI -50.00 -50.00
2026-09-27T06:54:47.731,DEMO,DEMO,DEMO_MODE,c87dde3f195c4fe8a135dd7fcf0abcad,F1 :    600    2 0.10 -14.44 0.54 50.00  60.0  48.0,0.00 0.00 0.00 89.38 0.54 50.00 0.10 -14.44 6 63 6 63 60.0% 48.0% 300.000 0.000 0.00 -4.90 0.00  1.99 0.00 598.00 0.0% | 1200.00   10.00 HI -50.00 -50.00
2026-09-27T06:54:47.852,DEMO,DEMO,DEMO_MODE,c87dde3f195c4fe8a135dd7fcf0abcad,F1 :    600    2 0.10 -14.44 0.54 50.00  60.0  48.0,0.00 0.00 0.00 89.38 0.54 50.00 0.10 -14.44 6 63 6 63 60.0% 48.0% 300.000 0.000 0.00 -4.90 0.00  1.99 0.00 598.00 0.0% | 1200.00   10.00 HI -50.00 -50.00
2026-09-27T06:54:47.977,DEMO,DEMO,DEMO_MODE,c87dde3f195c4fe8a135dd7fcf0abcad,F1 :    600    2 0.10 -14.44 0.54 50.00  60.0  48.0,0.00 0.00 0.00 89.38 0.54 50.00 0.10 -14.44 6 63 6 63 60.0% 48.0% 300.000 0.000 0.00 -4.90 0.00  1.99 0.00 598.00 0.0% | 1200.00   10.00 HI -50.00 -50.00
2026-09-27T06:54:48.098,DEMO,DEMO,DEMO_MODE,c87dde3f195c4fe8a135dd7fcf0abcad,F1 :    600    2 0.10 -14.44 0.54 50.00  60.0  48.0,0.00 0.00 0.00 89.38 0.54 50.00 0.10 -14.44 6 63 6 63 60.0% 48.0% 300.000 0.000 0.00 -4.90 0.00  1.99 0.00 598.00 0.0% | 1200.00   10.00 HI -50.00 -50.00
2026-09-27T06:54:48.218,DEMO,DEMO,DEMO_MODE,c87dde3f195c4fe8a135dd7fcf0abcad,F1 :    600    2 0.10 -14.44 0.54 50.00  60.0  48.0,0.00 0.00 0.00 89.38 0.54 50.00 0.10 -14.44 6 63 6 63 60.0% 48.0% 300.000 0.000 0.00 -4.90 0.00  1.99 0.00 598.00 0.0% | 1200.00   10.00 HI -50.00 -50.00
2026-09-27T06:54:48.339,DEMO,DEMO,DEMO_MODE,c87dde3f195c4fe8a135dd7fcf0abcad,F1 :    600    2 0.10 -14.44 0.54 50.00  60.0  48.0,0.00 0.00 0.00 89.38 0.54 50.00 0.10 -14.44 6 63 6 63 60.0% 48.0% 300.000 0.000 0.00 -4.90 0.00  1.99 0.00 598.00 0.0% | 1200.00   10.00 HI -50.00 -50.00
2026-09-27T06:54:48.460,DEMO,DEMO,DEMO_MODE,c87dde3f195c4fe8a135dd7fcf0abcad,F1 :    600    2 0.10 -14.44 0.54 50.00  60.0  48.0,0.00 0.00 0.00 89.38 0.54 50.00 0.10 -14.44 6 63 6 63 60.0% 48.0% 300.000 0.000 0.00 -4.90 0.00  1.99 0.00 598.00 0.0% | 1200.00   10.00 HI -50.00 -50.00
2026-09-27T06:54:48.581,DEMO,DEMO,DEMO_MODE,c87dde3f195c4fe8a135dd7fcf0abcad,F1 :    600    2 0.10 -14.44 0.54 50.00  60.0  48.0,0.00 0.00 0.00 89.38 0.54 50.00 0.10 -14.44 6 63 6 63 60.0% 48.0% 300.000 0.000 0.00 -4.90 0.00  1.99 0.00 598.00 0.0% | 1200.00   10.00 HI -50.00 -50.00
2026-09-27T06:54:48.701,DEMO,DEMO,DEMO_MODE,c87dde3f195c4fe8a135dd7fcf0abcad,F1 :    600    2 0.10 -14.44 0.54 50.00  60.0  48.0,0.00 0.00 0.00 89.38 0.54 50.00 0.10 -14.44 6 63 6 63 60.0% 48.0% 300.000 0.000 0.00 -4.90 0.00  1.99 0.00 598.00 0.0% | 1200.00   10.00 HI -50.00 -50.00
2026-09-27T06:54:48.822,DEMO,DEMO,DEMO_MODE,c87dde3f195c4fe8a135dd7fcf0abcad,F1 :    600    2 0.10 -14.44 0.54 50.00  60.0  48.0,0.00 0.00 0.00 89.38 0.54 50.00 0.10 -14.44 6 63 6 63 60.0% 48.0% 300.000 0.000 0.00 -4.90 0.00  1.99 0.00 598.00 0.0% | 1200.00   10.00 HI -50.00 -50.00
2026-09-27T06:54:48.943,DEMO,DEMO,DEMO_MODE,c87dde3f195c4fe8a135dd7fcf0abcad,F1 :    600    2 0.10 -14.44 0.54 50.00  60.0  48.0,0.00 0.00 0.00 89.38 0.54 50.00 0.10 -14.44 6 63 6 63 60.0% 48.0% 300.000 0.000 0.00 -4.90 0.00  1.99 0.00 598.00 0.0% | 1200.00   10.00 HI -50.00 -50.00
2026-09-27T06:54:49.064,DEMO,DEMO,DEMO_MODE,c87dde3f195c4fe8a135dd7fcf0abcad,F1 :    600    2 0.10 -14.44 0.54 50.00  60.0  48.0,0.00 0.00 0.00 89.38 0.54 50.00 0.10 -14.44 6 63 6 63 60.0% 48.0% 300.000 0.000 0.00 -4.90 0.00  1.99 0.00 598.00 0.0% | 1200.00   10.00 HI -50.00 -50.00
2026-09-27T06:54:49.184,DEMO,DEMO,DEMO_MODE,c87dde3f195c4fe8a135dd7fcf0abcad,F1 :    600    2 0.10 -14.44 0.54 50.00  60.0  48.0,0.00 0.00 0.00 89.38 0.54 50.00 0.10 -14.44 6 63 6 63 60.0% 48.0% 300.000 0.000 0.00 -4.90 0.00  1.99 0.00 598.00 0.0% | 1200.00   10.00 HI -50.00 -50.00
2026-09-27T06:54:49.305,DEMO,DEMO,DEMO_MODE,c87dde3f195c4fe8a135dd7fcf0abcad,F1 :    600    2 0.10 -14.44 0.54 50.00  60.0  48.0,0.00 0.00 0.00 89.38 0.54 50.00 0.10 -14.44 6 63 6 63 60.0% 48.0% 300.000 0.000 0.00 -4.90 0.00  1.99 0.00 598.00 0.0% | 1200.00   10.00 HI -50.00 -50.00
2026-09-27T06:54:49.425,DEMO,DEMO,DEMO_MODE,c87dde3f195c4fe8a135dd7fcf0abcad,F1 :    600    2 0.10 -14.44 0.54 50.00  60.0  48.0,0.00 0.00 0.00 89.38 0.54 50.00 0.10 -14.44 6 63 6 63 60.0% 48.0% 300.000 0.000 0.00 -4.90 0.00  1.99 0.00 598.00 0.0% | 1200.00   10.00 HI -50.00 -50.00
2026-09-27T06:54:49.546,DEMO,DEMO,DEMO_MODE,c87dde3f195c4fe8a135dd7fcf0abcad,F1 :    600    2 0.10 -14.44 0.54 50.00  60.0  48.0,0.00 0.00 0.00 89.38 0.54 50.00 0.10 -14.44 6 63 6 63 60.0% 48.0% 300.000 0.000 0.00 -4.90 0.00  1.99 0.00 598.00 0.0% | 1200.00   10.00 HI -50.00 -50.00
2026-09-27T06:54:49.667,DEMO,DEMO,DEMO_MODE,c87dde3f195c4fe8a135dd7fcf0abcad,F1 :    600    2 0.10 -14.44 0.54 50.00  60.0  48.0,0.00 0.00 0.00 89.38 0.54 50.00 0.10 -14.44 6 63 6 63 60.0% 48.0% 300.000 0.000 0.00 -4.90 0.00  1.99 0.00 598.00 0.0% | 1200.00   10.00 HI -50.00 -50.00
2026-09-27T06:54:49.788,DEMO,DEMO,DEMO_MODE,c87dde3f195c4fe8a135dd7fcf0abcad,F1 :    600    2 0.10 -14.44 0.54 50.00  60.0  52.0,0.00 0.00 0.00 89.38 0.54 50.00 0.10 -14.44 6 63 6 63 60.0% 52.0% 300.000 0.000 0.00 -4.90 0.00  1.99 0.00 598.00 0.0% | 1200.00   10.00 HI -50.00 -50.00
2026-09-27T06:54:49.908,DEMO,DEMO,DEMO_MODE,c87dde3f195c4fe8a135dd7fcf0abcad,F1 :    600    2 0.10 -14.44 0.54 50.00  60.0  52.0,0.00 0.00 0.00 89.38 0.54 50.00 0.10 -14.44 6 63 6 63 60.0% 52.0% 300.000 0.000 0.00 -4.90 0.00  1.99 0.00 598.00 0.0% | 1200.00   10.00 HI -50.00 -50.00
2026-09-27T06:54:50.029,DEMO,DEMO,DEMO_MODE,c87dde3f195c4fe8a135dd7fcf0abcad,F1 :    600    2 0.10 -14.44 0.54 50.00  60.0  52.0,0.00 0.00 0.00 89.38 0.54 50.00 0.10 -14.44 6 63 6 63 60.0% 52.0% 300.000 0.000 0.00 -4.90 0.00  1.99 0.00 598.00 0.0% | 1200.00   10.00 HI -50.00 -50.00
2026-09-27T06:54:50.149,DEMO,DEMO,DEMO_MODE,c87dde3f195c4fe8a135dd7fcf0abcad,F1 :    600    2 0.10 -14.44 0.54 50.00  60.0  52.0,0.00 0.00 0.00 89.38 0.54 50.00 0.10 -14.44 6 63 6 63 60.0% 52.0% 300.000 0.000 0.00 -4.90 0.00  1.99 0.00 598.00 0.0% | 1200.00   10.00 HI -50.00 -50.00
2026-09-27T06:54:50.269,DEMO,DEMO,DEMO_MODE,c87dde3f195c4fe8a135dd7fcf0abcad,F1 :    600    2 0.10 -14.44 0.54 50.00  60.0  52.0,0.00 0.00 0.00 89.38 0.54 50.00 0.10 -14.44 6 63 6 63 60.0% 52.0% 300.000 0.000 0.00 -4.90 0.00  1.99 0.00 598.00 0.0% | 1200.00   10.00 HI -50.00 -50.00
2026-09-27T06:54:50.390,DEMO,DEMO,DEMO_MODE,c87dde3f195c4fe8a135dd7fcf0abcad,F1 :    600    2 0.10 -14.44 0.54 50.00  60.0  52.0,0.00 0.00 0.00 89.38 0.54 50.00 0.10 -14.44 6 63 6 63 60.0% 52.0% 300.000 0.000 0.00 -4.90 0.00  1.99 0.00 598.00 0.0% | 1200.00   10.00 HI -50.00 -50.00
2026-09-27T06:54:50.516,DEMO,DEMO,DEMO_MODE,c87dde3f195c4fe8a135dd7fcf0abcad,F1 :    600    2 0.10 -14.44 0.54 50.00  60.0  52.0,0.00 0.00 0.00 89.38 0.54 50.00 0.10 -14.44 6 63 6 63 60.0% 52.0% 300.000 0.000 0.00 -4.90 0.00  1.99 0.00 598.00 0.0% | 1200.00   10.00 HI -50.00 -50.00
2026-09-27T06:54:50.637,DEMO,DEMO,DEMO_MODE,c87dde3f195c4fe8a135dd7fcf0abcad,F1 :    600    2 0.10 -14.44 0.54 50.00  60.0  52.0,0.00 0.00 0.00 89.38 0.54 50.00 0.10 -14.44 6 63 6 63 60.0% 52.0% 300.000 0.000 0.00 -4.90 0.00  1.99 0.00 598.00 0.0% | 1200.00   10.00 HI -50.00 -50.00
2026-09-27T06:54:50.763,DEMO,DEMO,DEMO_MODE,c87dde3f195c4fe8a135dd7fcf0abcad,F1 :    600    2 0.10 -14.44 0.54 50.00  60.0  52.0,0.00 0.00 0.00 89.38 0.54 50.00 0.10 -14.44 6 63 6 63 60.0% 52.0% 300.000 0.000 0.00 -4.90 0.00  1.99 0.00 598.00 0.0% | 1200.00   10.00 HI -50.00 -50.00
2026-09-27T06:54:50.889,DEMO,DEMO,DEMO_MODE,c87dde3f195c4fe8a135dd7fcf0abcad,F1 :    600    2 0.10 -14.44 0.54 50.00  60.0  52.0,0.00 0.00 0.00 89.38 0.54 50.00 0.10 -14.44 6 63 6 63 60.0% 52.0% 300.000 0.000 0.00 -4.90 0.00  1.99 0.00 598.00 0.0% | 1200.00   10.00 HI -50.00 -50.00
2026-09-27T06:54:51.015,DEMO,DEMO,DEMO_MODE,c87dde3f195c4fe8a135dd7fcf0abcad,F1 :    600    2 0.10 -14.44 0.54 50.00  60.0  52.0,0.00 0.00 0.00 89.38 0.54 50.00 0.10 -14.44 6 63 6 63 60.0% 52.0% 300.000 0.000 0.00 -4.90 0.00  1.99 0.00 598.00 0.0% | 1200.00   10.00 HI -50.00 -50.00
2026-09-27T06:54:51.138,DEMO,DEMO,DEMO_MODE,c87dde3f195c4fe8a135dd7fcf0abcad,F1 :    600    2 0.10 -14.44 0.54 50.00  60.0  52.0,0.00 0.00 0.00 89.38 0.54 50.00 0.10 -14.44 6 63 6 63 60.0% 52.0% 300.000 0.000 0.00 -4.90 0.00  1.99 0.00 598.00 0.0% | 1200.00   10.00 HI -50.00 -50.00
2026-09-27T06:54:51.265,DEMO,DEMO,DEMO_MODE,c87dde3f195c4fe8a135dd7fcf0abcad,F1 :    600    2 0.10 -14.44 0.54 50.00  60.0  52.0,0.00 0.00 0.00 89.38 0.54 50.00 0.10 -14.44 6 63 6 63 60.0% 52.0% 300.000 0.000 0.00 -4.90 0.00  1.99 0.00 598.00 0.0% | 1200.00   10.00 HI -50.00 -50.00
2026-09-27T06:54:51.386,DEMO,DEMO,DEMO_MODE,c87dde3f195c4fe8a135dd7fcf0abcad,F1 :    600    2 0.10 -14.44 0.54 50.00  60.0  52.0,0.00 0.00 0.00 89.38 0.54 50.00 0.10 -14.44 6 63 6 63 60.0% 52.0% 300.000 0.000 0.00 -4.90 0.00  1.99 0.00 598.00 0.0% | 1200.00   10.00 HI -50.00 -50.00
2026-09-27T06:54:51.512,DEMO,DEMO,DEMO_MODE,c87dde3f195c4fe8a135dd7fcf0abcad,F1 :    600    2 0.10 -14.44 0.54 50.00  60.0  52.0,0.00 0.00 0.00 89.38 0.54 50.00 0.10 -14.44 6 63 6 63 60.0% 52.0% 300.000 0.000 0.00 -4.90 0.00  1.99 0.00 598.00 0.0% | 1200.00   10.00 HI -50.00 -50.00
2026-09-27T06:54:51.645,DEMO,DEMO,DEMO_MODE,c87dde3f195c4fe8a135dd7fcf0abcad,F1 :    600    2 0.10 -14.44 0.54 50.00  60.0  52.0,0.00 0.00 0.00 89.38 0.54 50.00 0.10 -14.44 6 63 6 63 60.0% 52.0% 300.000 0.000 0.00 -4.90 0.00  1.99 0.00 598.00 0.0% | 1200.00   10.00 HI -50.00 -50.00
2026-09-27T06:54:51.767,DEMO,DEMO,DEMO_MODE,c87dde3f195c4fe8a135dd7fcf0abcad,F1 :    600    2 0.10 -14.44 0.54 50.00  60.0  52.0,0.00 0.00 0.00 89.38 0.54 50.00 0.10 -14.44 6 63 6 63 60.0% 52.0% 300.000 0.000 0.00 -4.90 0.00  1.99 0.00 598.00 0.0% | 1200.00   10.00 HI -50.00 -50.00
2026-09-27T06:54:51.888,DEMO,DEMO,DEMO_MODE,c87dde3f195c4fe8a135dd7fcf0abcad,F1 :    600    2 0.10 -14.44 0.54 50.00  60.0  52.0,0.00 0.00 0.00 89.38 0.54 50.00 0.10 -14.44 6 63 6 63 60.0% 52.0% 300.000 0.000 0.00 -4.90 0.00  1.99 0.00 598.00 0.0% | 1200.00   10.00 HI -50.00 -50.00
2026-09-27T06:54:52.014,DEMO,DEMO,DEMO_MODE,c87dde3f195c4fe8a135dd7fcf0abcad,F1 :    600    2 0.10 -14.44 0.54 50.00  60.0  52.0,0.00 0.00 0.00 89.38 0.54 50.00 0.10 -14.44 6 63 6 63 60.0% 52.0% 300.000 0.000 0.00 -4.90 0.00  1.99 0.00 598.00 0.0% | 1200.00   10.00 HI -50.00 -50.00
2026-09-27T06:54:52.135,DEMO,DEMO,DEMO_MODE,c87dde3f195c4fe8a135dd7fcf0abcad,F1 :    600    2 0.10 -14.44 0.54 50.00  60.0  52.0,0.00 0.00 0.00 89.38 0.54 50.00 0.10 -14.44 6 63 6 63 60.0% 52.0% 300.000 0.000 0.00 -4.90 0.00  1.99 0.00 598.00 0.0% | 1200.00   10.00 HI -50.00 -50.00
2026-09-27T06:54:52.262,DEMO,DEMO,DEMO_MODE,c87dde3f195c4fe8a135dd7fcf0abcad,F1 :    600    2 0.10 -14.44 0.54 50.00  60.0  52.0,0.00 0.00 0.00 89.38 0.54 50.00 0.10 -14.44 6 63 6 63 60.0% 52.0% 300.000 0.000 0.00 -4.90 0.00  1.99 0.00 598.00 0.0% | 1200.00   10.00 HI -50.00 -50.00
2026-09-27T06:54:52.382,DEMO,DEMO,DEMO_MODE,c87dde3f195c4fe8a135dd7fcf0abcad,F1 :    600    2 0.10 -14.44 0.54 50.00  60.0  52.0,0.00 0.00 0.00 89.38 0.54 50.00 0.10 -14.44 6 63 6 63 60.0% 52.0% 300.000 0.000 0.00 -4.90 0.00  1.99 0.00 598.00 0.0% | 1200.00   10.00 HI -50.00 -50.00
2026-09-27T06:54:52.509,DEMO,DEMO,DEMO_MODE,c87dde3f195c4fe8a135dd7fcf0abcad,F1 :    600    2 0.10 -14.44 0.54 50.00  60.0  52.0,0.00 0.00 0.00 89.38 0.54 50.00 0.10 -14.44 6 63 6 63 60.0% 52.0% 300.000 0.000 0.00 -4.90 0.00  1.99 0.00 598.00 0.0% | 1200.00   10.00 HI -50.00 -50.00
2026-09-27T06:54:52.641,DEMO,DEMO,DEMO_MODE,c87dde3f195c4fe8a135dd7fcf0abcad,F1 :    600    2 0.10 -14.44 0.54 50.00  60.0  52.0,0.00 0.00 0.00 89.38 0.54 50.00 0.10 -14.44 6 63 6 63 60.0% 52.0% 300.000 0.000 0.00 -4.90 0.00  1.99 0.00 598.00 0.0% | 1200.00   10.00 HI -50.00 -50.00
2026-09-27T06:54:52.767,DEMO,DEMO,DEMO_MODE,c87dde3f195c4fe8a135dd7fcf0abcad,F1 :    600    2 0.10 -14.44 0.54 50.00  60.0  52.0,0.00 0.00 0.00 89.38 0.54 50.00 0.10 -14.44 6 63 6 63 60.0% 52.0% 300.000 0.000 0.00 -4.90 0.00  1.99 0.00 598.00 0.0% | 1200.00   10.00 HI -50.00 -50.00
2026-09-27T06:54:52.887,DEMO,DEMO,DEMO_MODE,c87dde3f195c4fe8a135dd7fcf0abcad,F1 :    600    2 0.10 -14.44 0.54 50.00  60.0  52.0,0.00 0.00 0.00 89.38 0.54 50.00 0.10 -14.44 6 63 6 63 60.0% 52.0% 300.000 0.000 0.00 -4.90 0.00  1.99 0.00 598.00 0.0% | 1200.00   10.00 HI -50.00 -50.00
2026-09-27T06:54:53.013,DEMO,DEMO,DEMO_MODE,c87dde3f195c4fe8a135dd7fcf0abcad,F1 :    600    2 0.10 -14.44 0.54 50.00  60.0  52.0,0.00 0.00 0.00 89.38 0.54 50.00 0.10 -14.44 6 63 6 63 60.0% 52.0% 300.000 0.000 0.00 -4.90 0.00  1.99 0.00 598.00 0.0% | 1200.00   10.00 HI -50.00 -50.00
2026-09-27T06:54:53.134,DEMO,DEMO,DEMO_MODE,c87dde3f195c4fe8a135dd7fcf0abcad,F1 :    600    2 0.10 -14.44 0.54 50.00  60.0  52.0,0.00 0.00 0.00 89.38 0.54 50.00 0.10 -14.44 6 63 6 63 60.0% 52.0% 300.000 0.000 0.00 -4.90 0.00  1.99 0.00 598.00 0.0% | 1200.00   10.00 HI -50.00 -50.00
2026-09-27T06:54:53.261,DEMO,DEMO,DEMO_MODE,c87dde3f195c4fe8a135dd7fcf0abcad,F1 :    600    2 0.10 -14.44 0.54 50.00  60.0  52.0,0.00 0.00 0.00 89.38 0.54 50.00 0.10 -14.44 6 63 6 63 60.0% 52.0% 300.000 0.000 0.00 -4.90 0.00  1.99 0.00 598.00 0.0% | 1200.00   10.00 HI -50.00 -50.00
2026-09-27T06:54:53.381,DEMO,DEMO,DEMO_MODE,c87dde3f195c4fe8a135dd7fcf0abcad,F1 :    600    2 0.10 -14.44 0.54 50.00  60.0  52.0,0.00 0.00 0.00 89.38 0.54 50.00 0.10 -14.44 6 63 6 63 60.0% 52.0% 300.000 0.000 0.00 -4.90 0.00  1.99 0.00 598.00 0.0% | 1200.00   10.00 HI -50.00 -50.00
2026-09-27T06:54:53.507,DEMO,DEMO,DEMO_MODE,c87dde3f195c4fe8a135dd7fcf0abcad,F1 :    600    2 0.10 -14.44 0.54 50.00  60.0  52.0,0.00 0.00 0.00 89.38 0.54 50.00 0.10 -14.44 6 63 6 63 60.0% 52.0% 300.000 0.000 0.00 -4.90 0.00  1.99 0.00 598.00 0.0% | 1200.00   10.00 HI -50.00 -50.00
2026-09-27T06:54:53.632,DEMO,DEMO,DEMO_MODE,c87dde3f195c4fe8a135dd7fcf0abcad,F1 :    600    2 0.10 -14.44 0.54 50.00  60.0  52.0,0.00 0.00 0.00 89.38 0.54 50.00 0.10 -14.44 6 63 6 63 60.0% 52.0% 300.000 0.000 0.00 -4.90 0.00  1.99 0.00 598.00 0.0% | 1200.00   10.00 HI -50.00 -50.00
2026-09-27T06:54:53.759,DEMO,DEMO,DEMO_MODE,c87dde3f195c4fe8a135dd7fcf0abcad,F1 :    600    2 0.10 -14.44 0.54 50.00  60.0  52.0,0.00 0.00 0.00 89.38 0.54 50.00 0.10 -14.44 6 63 6 63 60.0% 52.0% 300.000 0.000 0.00 -4.90 0.00  1.99 0.00 598.00 0.0% | 1200.00   10.00 HI -50.00 -50.00
2026-09-27T06:54:53.880,DEMO,DEMO,DEMO_MODE,c87dde3f195c4fe8a135dd7fcf0abcad,F1 :    600    2 0.10 -14.44 0.54 50.00  60.0  52.0,0.00 0.00 0.00 89.38 0.54 50.00 0.10 -14.44 6 63 6 63 60.0% 52.0% 300.000 0.000 0.00 -4.90 0.00  1.99 0.00 598.00 0.0% | 1200.00   10.00 HI -50.00 -50.00
2026-09-27T06:54:54.007,DEMO,DEMO,DEMO_MODE,c87dde3f195c4fe8a135dd7fcf0abcad,F1 :    600    2 0.10 -14.44 0.54 50.00  60.0  52.0,0.00 0.00 0.00 89.38 0.54 50.00 0.10 -14.44 6 63 6 63 60.0% 52.0% 300.000 0.000 0.00 -4.90 0.00  1.99 0.00 598.00 0.0% | 1200.00   10.00 HI -50.00 -50.00
2026-09-27T06:54:54.127,DEMO,DEMO,DEMO_MODE,c87dde3f195c4fe8a135dd7fcf0abcad,F1 :    600    2 0.10 -14.44 0.54 50.00  60.0  52.0,0.00 0.00 0.00 89.38 0.54 50.00 0.10 -14.44 6 63 6 63 60.0% 52.0% 300.000 0.000 0.00 -4.90 0.00  1.99 0.00 598.00 0.0% | 1200.00   10.00 HI -50.00 -50.00
2026-09-27T06:54:54.253,DEMO,DEMO,DEMO_MODE,c87dde3f195c4fe8a135dd7fcf0abcad,F1 :    600    2 0.10 -14.44 0.54 50.00  60.0  52.0,0.00 0.00 0.00 89.38 0.54 50.00 0.10 -14.44 6 63 6 63 60.0% 52.0% 300.000 0.000 0.00 -4.90 0.00  1.99 0.00 598.00 0.0% | 1200.00   10.00 HI -50.00 -50.00
2026-09-27T06:54:54.385,DEMO,DEMO,DEMO_MODE,c87dde3f195c4fe8a135dd7fcf0abcad,F1 :    600    2 0.10 -14.44 0.54 50.00  60.0  52.0,0.00 0.00 0.00 89.38 0.54 50.00 0.10 -14.44 6 63 6 63 60.0% 52.0% 300.000 0.000 0.00 -4.90 0.00  1.99 0.00 598.00 0.0% | 1200.00   10.00 HI -50.00 -50.00
2026-09-27T06:54:54.511,DEMO,DEMO,DEMO_MODE,c87dde3f195c4fe8a135dd7fcf0abcad,F1 :    600    2 0.10 -14.44 0.54 50.00  60.0  52.0,0.00 0.00 0.00 89.38 0.54 50.00 0.10 -14.44 6 63 6 63 60.0% 52.0% 300.000 0.000 0.00 -4.90 0.00  1.99 0.00 598.00 0.0% | 1200.00   10.00 HI -50.00 -50.00
2026-09-27T06:54:54.632,DEMO,DEMO,DEMO_MODE,c87dde3f195c4fe8a135dd7fcf0abcad,F1 :    600    2 0.10 -14.44 0.54 50.00  60.0  52.0,0.00 0.00 0.00 89.38 0.54 50.00 0.10 -14.44 6 63 6 63 60.0% 52.0% 300.000 0.000 0.00 -4.90 0.00  1.99 0.00 598.00 0.0% | 1200.00   10.00 HI -50.00 -50.00
2026-09-27T06:54:54.759,DEMO,DEMO,DEMO_MODE,c87dde3f195c4fe8a135dd7fcf0abcad,F1 :    600    2 0.10 -14.44 0.54 50.00  60.0  52.0,0.00 0.00 0.00 89.38 0.54 50.00 0.10 -14.44 6 63 6 63 60.0% 52.0% 300.000 0.000 0.00 -4.90 0.00  1.99 0.00 598.00 0.0% | 1200.00   10.00 HI -50.00 -50.00
2026-09-27T06:54:54.879,DEMO,DEMO,DEMO_MODE,c87dde3f195c4fe8a135dd7fcf0abcad,F1 :    600    2 0.10 -14.44 0.54 50.00  60.0  52.0,0.00 0.00 0.00 89.38 0.54 50.00 0.10 -14.44 6 63 6 63 60.0% 52.0% 300.000 0.000 0.00 -4.90 0.00  1.99 0.00 598.00 0.0% | 1200.00   10.00 HI -50.00 -50.00
2026-09-27T06:54:55.005,DEMO,DEMO,DEMO_MODE,c87dde3f195c4fe8a135dd7fcf0abcad,F1 :    700    2 0.10 -14.44 0.54 50.00  70.0  56.0,0.00 0.00 0.00 89.38 0.54 50.00 0.10 -14.44 6 63 6 63 70.0% 56.0% 350.000 0.000 0.00 -4.90 0.00  1.99 0.00 698.00 0.0% | 1200.00   20.00 HI -50.00 -50.00
2026-09-27T06:54:55.130,DEMO,DEMO,DEMO_MODE,c87dde3f195c4fe8a135dd7fcf0abcad,F1 :    700    2 0.10 -14.44 0.54 50.00  70.0  56.0,0.00 0.00 0.00 89.38 0.54 50.00 0.10 -14.44 6 63 6 63 70.0% 56.0% 350.000 0.000 0.00 -4.90 0.00  1.99 0.00 698.00 0.0% | 1200.00   20.00 HI -50.00 -50.00
2026-09-27T06:54:55.256,DEMO,DEMO,DEMO_MODE,c87dde3f195c4fe8a135dd7fcf0abcad,F1 :    700    2 0.10 -14.44 0.54 50.00  70.0  56.0,0.00 0.00 0.00 89.38 0.54 50.00 0.10 -14.44 6 63 6 63 70.0% 56.0% 350.000 0.000 0.00 -4.90 0.00  1.99 0.00 698.00 0.0% | 1200.00   20.00 HI -50.00 -50.00
2026-09-27T06:54:55.377,DEMO,DEMO,DEMO_MODE,c87dde3f195c4fe8a135dd7fcf0abcad,F1 :    700    2 0.10 -14.44 0.54 50.00  70.0  56.0,0.00 0.00 0.00 89.38 0.54 50.00 0.10 -14.44 6 63 6 63 70.0% 56.0% 350.000 0.000 0.00 -4.90 0.00  1.99 0.00 698.00 0.0% | 1200.00   20.00 HI -50.00 -50.00
2026-09-27T06:54:55.503,DEMO,DEMO,DEMO_MODE,c87dde3f195c4fe8a135dd7fcf0abcad,F1 :    700    2 0.10 -14.44 0.54 50.00  70.0  56.0,0.00 0.00 0.00 89.38 0.54 50.00 0.10 -14.44 6 63 6 63 70.0% 56.0% 350.000 0.000 0.00 -4.90 0.00  1.99 0.00 698.00 0.0% | 1200.00   20.00 HI -50.00 -50.00
2026-09-27T06:54:55.624,DEMO,DEMO,DEMO_MODE,c87dde3f195c4fe8a135dd7fcf0abcad,F1 :    700    2 0.10 -14.44 0.54 50.00  70.0  56.0,0.00 0.00 0.00 89.38 0.54 50.00 0.10 -14.44 6 63 6 63 70.0% 56.0% 350.000 0.000 0.00 -4.90 0.00  1.99 0.00 698.00 0.0% | 1200.00   20.00 HI -50.00 -50.00
2026-09-27T06:54:55.751,DEMO,DEMO,DEMO_MODE,c87dde3f195c4fe8a135dd7fcf0abcad,F1 :    700    2 0.10 -14.44 0.54 50.00  70.0  56.0,0.00 0.00 0.00 89.38 0.54 50.00 0.10 -14.44 6 63 6 63 70.0% 56.0% 350.000 0.000 0.00 -4.90 0.00  1.99 0.00 698.00 0.0% | 1200.00   20.00 HI -50.00 -50.00
2026-09-27T06:54:55.872,DEMO,DEMO,DEMO_MODE,c87dde3f195c4fe8a135dd7fcf0abcad,F1 :    700    2 0.10 -14.44 0.54 50.00  70.0  56.0,0.00 0.00 0.00 89.38 0.54 50.00 0.10 -14.44 6 63 6 63 70.0% 56.0% 350.000 0.000 0.00 -4.90 0.00  1.99 0.00 698.00 0.0% | 1200.00   20.00 HI -50.00 -50.00
2026-09-27T06:54:55.997,DEMO,DEMO,DEMO_MODE,c87dde3f195c4fe8a135dd7fcf0abcad,F1 :    700    2 0.10 -14.44 0.54 50.00  70.0  56.0,0.00 0.00 0.00 89.38 0.54 50.00 0.10 -14.44 6 63 6 63 70.0% 56.0% 350.000 0.000 0.00 -4.90 0.00  1.99 0.00 698.00 0.0% | 1200.00   20.00 HI -50.00 -50.00
2026-09-27T06:54:56.129,DEMO,DEMO,DEMO_MODE,c87dde3f195c4fe8a135dd7fcf0abcad,F1 :    700    2 0.10 -14.44 0.54 50.00  70.0  56.0,0.00 0.00 0.00 89.38 0.54 50.00 0.10 -14.44 6 63 6 63 70.0% 56.0% 350.000 0.000 0.00 -4.90 0.00  1.99 0.00 698.00 0.0% | 1200.00   20.00 HI -50.00 -50.00
2026-09-27T06:54:56.255,DEMO,DEMO,DEMO_MODE,c87dde3f195c4fe8a135dd7fcf0abcad,F1 :    700    2 0.10 -14.44 0.54 50.00  70.0  56.0,0.00 0.00 0.00 89.38 0.54 50.00 0.10 -14.44 6 63 6 63 70.0% 56.0% 350.000 0.000 0.00 -4.90 0.00  1.99 0.00 698.00 0.0% | 1200.00   20.00 HI -50.00 -50.00
2026-09-27T06:54:56.380,DEMO,DEMO,DEMO_MODE,c87dde3f195c4fe8a135dd7fcf0abcad,F1 :    700    2 0.10 -14.44 0.54 50.00  70.0  56.0,0.00 0.00 0.00 89.38 0.54 50.00 0.10 -14.44 6 63 6 63 70.0% 56.0% 350.000 0.000 0.00 -4.90 0.00  1.99 0.00 698.00 0.0% | 1200.00   20.00 HI -50.00 -50.00
2026-09-27T06:54:56.506,DEMO,DEMO,DEMO_MODE,c87dde3f195c4fe8a135dd7fcf0abcad,F1 :    700    2 0.10 -14.44 0.54 50.00  70.0  56.0,0.00 0.00 0.00 89.38 0.54 50.00 0.10 -14.44 6 63 6 63 70.0% 56.0% 350.000 0.000 0.00 -4.90 0.00  1.99 0.00 698.00 0.0% | 1200.00   20.00 HI -50.00 -50.00
2026-09-27T06:54:56.626,DEMO,DEMO,DEMO_MODE,c87dde3f195c4fe8a135dd7fcf0abcad,F1 :    700    2 0.10 -14.44 0.54 50.00  70.0  56.0,0.00 0.00 0.00 89.38 0.54 50.00 0.10 -14.44 6 63 6 63 70.0% 56.0% 350.000 0.000 0.00 -4.90 0.00  1.99 0.00 698.00 0.0% | 1200.00   20.00 HI -50.00 -50.00
2026-09-27T06:54:56.753,DEMO,DEMO,DEMO_MODE,c87dde3f195c4fe8a135dd7fcf0abcad,F1 :    700    2 0.10 -14.44 0.54 50.00  70.0  56.0,0.00 0.00 0.00 89.38 0.54 50.00 0.10 -14.44 6 63 6 63 70.0% 56.0% 350.000 0.000 0.00 -4.90 0.00  1.99 0.00 698.00 0.0% | 1200.00   20.00 HI -50.00 -50.00
2026-09-27T06:54:56.874,DEMO,DEMO,DEMO_MODE,c87dde3f195c4fe8a135dd7fcf0abcad,F1 :    700    2 0.10 -14.44 0.54 50.00  70.0  56.0,0.00 0.00 0.00 89.38 0.54 50.00 0.10 -14.44 6 63 6 63 70.0% 56.0% 350.000 0.000 0.00 -4.90 0.00  1.99 0.00 698.00 0.0% | 1200.00   20.00 HI -50.00 -50.00
2026-09-27T06:54:57.001,DEMO,DEMO,DEMO_MODE,c87dde3f195c4fe8a135dd7fcf0abcad,F1 :    700    3 0.10 -14.44 0.54 50.00  70.0  56.0,0.00 0.00 0.00 89.38 0.54 50.00 0.10 -14.44 6 63 6 63 70.0% 56.0% 350.000 0.000 0.00 -4.90 0.00  1.99 0.00 697.00 0.0% | 1200.00   20.00 HI -50.00 -50.00
2026-09-27T06:54:57.122,DEMO,DEMO,DEMO_MODE,c87dde3f195c4fe8a135dd7fcf0abcad,F1 :    700    3 0.10 -14.44 0.54 50.00  70.0  56.0,0.00 0.00 0.00 89.38 0.54 50.00 0.10 -14.44 6 63 6 63 70.0% 56.0% 350.000 0.000 0.00 -4.90 0.00  1.99 0.00 697.00 0.0% | 1200.00   20.00 HI -50.00 -50.00
2026-09-27T06:54:57.249,DEMO,DEMO,DEMO_MODE,c87dde3f195c4fe8a135dd7fcf0abcad,F1 :    700    3 0.10 -14.44 0.54 50.00  70.0  56.0,0.00 0.00 0.00 89.38 0.54 50.00 0.10 -14.44 6 63 6 63 70.0% 56.0% 350.000 0.000 0.00 -4.90 0.00  1.99 0.00 697.00 0.0% | 1200.00   20.00 HI -50.00 -50.00
2026-09-27T06:54:57.374,DEMO,DEMO,DEMO_MODE,c87dde3f195c4fe8a135dd7fcf0abcad,F1 :    700    3 0.10 -14.44 0.54 50.00  70.0  56.0,0.00 0.00 0.00 89.38 0.54 50.00 0.10 -14.44 6 63 6 63 70.0% 56.0% 350.000 0.000 0.00 -4.90 0.00  1.99 0.00 697.00 0.0% | 1200.00   20.00 HI -50.00 -50.00
2026-09-27T06:54:57.501,DEMO,DEMO,DEMO_MODE,c87dde3f195c4fe8a135dd7fcf0abcad,F1 :    700    3 0.10 -14.44 0.54 50.00  70.0  56.0,0.00 0.00 0.00 89.38 0.54 50.00 0.10 -14.44 6 63 6 63 70.0% 56.0% 350.000 0.000 0.00 -4.90 0.00  1.99 0.00 697.00 0.0% | 1200.00   20.00 HI -50.00 -50.00
2026-09-27T06:54:57.621,DEMO,DEMO,DEMO_MODE,c87dde3f195c4fe8a135dd7fcf0abcad,F1 :    700    3 0.10 -14.44 0.54 50.00  70.0  56.0,0.00 0.00 0.00 89.38 0.54 50.00 0.10 -14.44 6 63 6 63 70.0% 56.0% 350.000 0.000 0.00 -4.90 0.00  1.99 0.00 697.00 0.0% | 1200.00   20.00 HI -50.00 -50.00
2026-09-27T06:54:57.747,DEMO,DEMO,DEMO_MODE,c87dde3f195c4fe8a135dd7fcf0abcad,F1 :    700    3 0.10 -14.44 0.54 50.00  70.0  56.0,0.00 0.00 0.00 89.38 0.54 50.00 0.10 -14.44 6 63 6 63 70.0% 56.0% 350.000 0.000 0.00 -4.90 0.00  1.99 0.00 697.00 0.0% | 1200.00   20.00 HI -50.00 -50.00
2026-09-27T06:54:57.867,DEMO,DEMO,DEMO_MODE,c87dde3f195c4fe8a135dd7fcf0abcad,F1 :    700    3 0.10 -14.44 0.54 50.00  70.0  56.0,0.00 0.00 0.00 89.38 0.54 50.00 0.10 -14.44 6 63 6 63 70.0% 56.0% 350.000 0.000 0.00 -4.90 0.00  1.99 0.00 697.00 0.0% | 1200.00   20.00 HI -50.00 -50.00
2026-09-27T06:54:57.994,DEMO,DEMO,DEMO_MODE,c87dde3f195c4fe8a135dd7fcf0abcad,F1 :    700    3 0.10 -14.44 0.54 50.00  70.0  56.0,0.00 0.00 0.00 89.38 0.54 50.00 0.10 -14.44 6 63 6 63 70.0% 56.0% 350.000 0.000 0.00 -4.90 0.00  1.99 0.00 697.00 0.0% | 1200.00   20.00 HI -50.00 -50.00
2026-09-27T06:54:58.114,DEMO,DEMO,DEMO_MODE,c87dde3f195c4fe8a135dd7fcf0abcad,F1 :    700    3 0.10 -14.44 0.54 50.00  70.0  56.0,0.00 0.00 0.00 89.38 0.54 50.00 0.10 -14.44 6 63 6 63 70.0% 56.0% 350.000 0.000 0.00 -4.90 0.00  1.99 0.00 697.00 0.0% | 1200.00   20.00 HI -50.00 -50.00
2026-09-27T06:54:58.240,DEMO,DEMO,DEMO_MODE,c87dde3f195c4fe8a135dd7fcf0abcad,F1 :    700    3 0.10 -14.44 0.54 50.00  70.0  56.0,0.00 0.00 0.00 89.38 0.54 50.00 0.10 -14.44 6 63 6 63 70.0% 56.0% 350.000 0.000 0.00 -4.90 0.00  1.99 0.00 697.00 0.0% | 1200.00   20.00 HI -50.00 -50.00
2026-09-27T06:54:58.361,DEMO,DEMO,DEMO_MODE,c87dde3f195c4fe8a135dd7fcf0abcad,F1 :    700    3 0.10 -14.44 0.54 50.00  70.0  56.0,0.00 0.00 0.00 89.38 0.54 50.00 0.10 -14.44 6 63 6 63 70.0% 56.0% 350.000 0.000 0.00 -4.90 0.00  1.99 0.00 697.00 0.0% | 1200.00   20.00 HI -50.00 -50.00
2026-09-27T06:54:58.486,DEMO,DEMO,DEMO_MODE,c87dde3f195c4fe8a135dd7fcf0abcad,F1 :    700    3 0.10 -14.44 0.54 50.00  70.0  56.0,0.00 0.00 0.00 89.38 0.54 50.00 0.10 -14.44 6 63 6 63 70.0% 56.0% 350.000 0.000 0.00 -4.90 0.00  1.99 0.00 697.00 0.0% | 1200.00   20.00 HI -50.00 -50.00
2026-09-27T06:54:58.607,DEMO,DEMO,DEMO_MODE,c87dde3f195c4fe8a135dd7fcf0abcad,F1 :    700    3 0.10 -14.44 0.54 50.00  70.0  56.0,0.00 0.00 0.00 89.38 0.54 50.00 0.10 -14.44 6 63 6 63 70.0% 56.0% 350.000 0.000 0.00 -4.90 0.00  1.99 0.00 697.00 0.0% | 1200.00   20.00 HI -50.00 -50.00
2026-09-27T06:54:58.734,DEMO,DEMO,DEMO_MODE,c87dde3f195c4fe8a135dd7fcf0abcad,F1 :    700    3 0.10 -14.44 0.54 50.00  70.0  56.0,0.00 0.00 0.00 89.38 0.54 50.00 0.10 -14.44 6 63 6 63 70.0% 56.0% 350.000 0.000 0.00 -4.90 0.00  1.99 0.00 697.00 0.0% | 1200.00   20.00 HI -50.00 -50.00
2026-09-27T06:54:58.855,DEMO,DEMO,DEMO_MODE,c87dde3f195c4fe8a135dd7fcf0abcad,F1 :    700    3 0.10 -14.44 0.54 50.00  70.0  56.0,0.00 0.00 0.00 89.38 0.54 50.00 0.10 -14.44 6 63 6 63 70.0% 56.0% 350.000 0.000 0.00 -4.90 0.00  1.99 0.00 697.00 0.0% | 1200.00   20.00 HI -50.00 -50.00
2026-09-27T06:54:58.982,DEMO,DEMO,DEMO_MODE,c87dde3f195c4fe8a135dd7fcf0abcad,F1 :    700    3 0.10 -14.44 0.54 50.00  70.0  56.0,0.00 0.00 0.00 89.38 0.54 50.00 0.10 -14.44 6 63 6 63 70.0% 56.0% 350.000 0.000 0.00 -4.90 0.00  1.99 0.00 697.00 0.0% | 1200.00   20.00 HI -50.00 -50.00
2026-09-27T06:54:59.108,DEMO,DEMO,DEMO_MODE,c87dde3f195c4fe8a135dd7fcf0abcad,F1 :    700    3 0.10 -14.44 0.54 50.00  70.0  56.0,0.00 0.00 0.00 89.38 0.54 50.00 0.10 -14.44 6 63 6 63 70.0% 56.0% 350.000 0.000 0.00 -4.90 0.00  1.99 0.00 697.00 0.0% | 1200.00   20.00 HI -50.00 -50.00
2026-09-27T06:54:59.234,DEMO,DEMO,DEMO_MODE,c87dde3f195c4fe8a135dd7fcf0abcad,F1 :    700    3 0.10 -14.44 0.54 50.00  70.0  56.0,0.00 0.00 0.00 89.38 0.54 50.00 0.10 -14.44 6 63 6 63 70.0% 56.0% 350.000 0.000 0.00 -4.90 0.00  1.99 0.00 697.00 0.0% | 1200.00   20.00 HI -50.00 -50.00
2026-09-27T06:54:59.355,DEMO,DEMO,DEMO_MODE,c87dde3f195c4fe8a135dd7fcf0abcad,F1 :    700    3 0.10 -14.44 0.54 50.00  70.0  56.0,0.00 0.00 0.00 89.38 0.54 50.00 0.10 -14.44 6 63 6 63 70.0% 56.0% 350.000 0.000 0.00 -4.90 0.00  1.99 0.00 697.00 0.0% | 1200.00   20.00 HI -50.00 -50.00
2026-09-27T06:54:59.481,DEMO,DEMO,DEMO_MODE,c87dde3f195c4fe8a135dd7fcf0abcad,F1 :    700    3 0.10 -14.44 0.54 50.00  70.0  56.0,0.00 0.00 0.00 89.38 0.54 50.00 0.10 -14.44 6 63 6 63 70.0% 56.0% 350.000 0.000 0.00 -4.90 0.00  1.99 0.00 697.00 0.0% | 1200.00   20.00 HI -50.00 -50.00
2026-09-27T06:54:59.602,DEMO,DEMO,DEMO_MODE,c87dde3f195c4fe8a135dd7fcf0abcad,F1 :    700    3 0.10 -14.44 0.54 50.00  70.0  56.0,0.00 0.00 0.00 89.38 0.54 50.00 0.10 -14.44 6 63 6 63 70.0% 56.0% 350.000 0.000 0.00 -4.90 0.00  1.99 0.00 697.00 0.0% | 1200.00   20.00 HI -50.00 -50.00
2026-09-27T06:54:59.727,DEMO,DEMO,DEMO_MODE,c87dde3f195c4fe8a135dd7fcf0abcad,F1 :    700    3 0.10 -14.44 0.54 50.00  70.0  56.0,0.00 0.00 0.00 89.38 0.54 50.00 0.10 -14.44 6 63 6 63 70.0% 56.0% 350.000 0.000 0.00 -4.90 0.00  1.99 0.00 697.00 0.0% | 1200.00   20.00 HI -50.00 -50.00
2026-09-27T06:54:59.848,DEMO,DEMO,DEMO_MODE,c87dde3f195c4fe8a135dd7fcf0abcad,F1 :    700    3 0.10 -14.44 0.54 50.00  70.0  56.0,0.00 0.00 0.00 89.38 0.54 50.00 0.10 -14.44 6 63 6 63 70.0% 56.0% 350.000 0.000 0.00 -4.90 0.00  1.99 0.00 697.00 0.0% | 1200.00   20.00 HI -50.00 -50.00
2026-09-27T06:54:59.969,DEMO,DEMO,DEMO_MODE,c87dde3f195c4fe8a135dd7fcf0abcad,F1 :    700    3 0.10 -14.44 0.54 50.00  70.0  56.0,0.00 0.00 0.00 89.38 0.54 50.00 0.10 -14.44 6 63 6 63 70.0% 56.0% 350.000 0.000 0.00 -4.90 0.00  1.99 0.00 697.00 0.0% | 1200.00   20.00 HI -50.00 -50.00
2026-09-27T06:55:00.090,DEMO,DEMO,DEMO_MODE,c87dde3f195c4fe8a135dd7fcf0abcad,F1 :    700    3 0.10 -14.44 0.54 50.00  70.0  60.0,0.00 0.00 0.00 89.38 0.54 50.00 0.10 -14.44 6 63 6 63 70.0% 60.0% 350.000 0.000 0.00 -4.90 0.00  1.99 0.00 697.00 0.0% | 1200.00   20.00 HI -50.00 -50.00
2026-09-27T06:55:00.210,DEMO,DEMO,DEMO_MODE,c87dde3f195c4fe8a135dd7fcf0abcad,F1 :    700    3 0.10 -14.44 0.54 50.00  70.0  60.0,0.00 0.00 0.00 89.38 0.54 50.00 0.10 -14.44 6 63 6 63 70.0% 60.0% 350.000 0.000 0.00 -4.90 0.00  1.99 0.00 697.00 0.0% | 1200.00   20.00 HI -50.00 -50.00
2026-09-27T06:55:00.331,DEMO,DEMO,DEMO_MODE,c87dde3f195c4fe8a135dd7fcf0abcad,F1 :    700    3 0.10 -14.44 0.54 50.00  70.0  60.0,0.00 0.00 0.00 89.38 0.54 50.00 0.10 -14.44 6 63 6 63 70.0% 60.0% 350.000 0.000 0.00 -4.90 0.00  1.99 0.00 697.00 0.0% | 1200.00   20.00 HI -50.00 -50.00
2026-09-27T06:55:00.452,DEMO,DEMO,DEMO_MODE,c87dde3f195c4fe8a135dd7fcf0abcad,F1 :    700    3 0.10 -14.44 0.54 50.00  70.0  60.0,0.00 0.00 0.00 89.38 0.54 50.00 0.10 -14.44 6 63 6 63 70.0% 60.0% 350.000 0.000 0.00 -4.90 0.00  1.99 0.00 697.00 0.0% | 1200.00   20.00 HI -50.00 -50.00
2026-09-27T06:55:00.572,DEMO,DEMO,DEMO_MODE,c87dde3f195c4fe8a135dd7fcf0abcad,F1 :    700    3 0.10 -14.44 0.54 50.00  70.0  60.0,0.00 0.00 0.00 89.38 0.54 50.00 0.10 -14.44 6 63 6 63 70.0% 60.0% 350.000 0.000 0.00 -4.90 0.00  1.99 0.00 697.00 0.0% | 1200.00   20.00 HI -50.00 -50.00
2026-09-27T06:55:00.693,DEMO,DEMO,DEMO_MODE,c87dde3f195c4fe8a135dd7fcf0abcad,F1 :    700    3 0.10 -14.44 0.54 50.00  70.0  60.0,0.00 0.00 0.00 89.38 0.54 50.00 0.10 -14.44 6 63 6 63 70.0% 60.0% 350.000 0.000 0.00 -4.90 0.00  1.99 0.00 697.00 0.0% | 1200.00   20.00 HI -50.00 -50.00
2026-09-27T06:55:00.813,DEMO,DEMO,DEMO_MODE,c87dde3f195c4fe8a135dd7fcf0abcad,F1 :    700    3 0.10 -14.44 0.54 50.00  70.0  60.0,0.00 0.00 0.00 89.38 0.54 50.00 0.10 -14.44 6 63 6 63 70.0% 60.0% 350.000 0.000 0.00 -4.90 0.00  1.99 0.00 697.00 0.0% | 1200.00   20.00 HI -50.00 -50.00
2026-09-27T06:55:00.933,DEMO,DEMO,DEMO_MODE,c87dde3f195c4fe8a135dd7fcf0abcad,F1 :    700    3 0.10 -14.44 0.54 50.00  70.0  60.0,0.00 0.00 0.00 89.38 0.54 50.00 0.10 -14.44 6 63 6 63 70.0% 60.0% 350.000 0.000 0.00 -4.90 0.00  1.99 0.00 697.00 0.0% | 1200.00   20.00 HI -50.00 -50.00
2026-09-27T06:55:01.054,DEMO,DEMO,DEMO_MODE,c87dde3f195c4fe8a135dd7fcf0abcad,F1 :    700    3 0.10 -14.44 0.54 50.00  70.0  60.0,0.00 0.00 0.00 89.38 0.54 50.00 0.10 -14.44 6 63 6 63 70.0% 60.0% 350.000 0.000 0.00 -4.90 0.00  1.99 0.00 697.00 0.0% | 1200.00   20.00 HI -50.00 -50.00
2026-09-27T06:55:01.174,DEMO,DEMO,DEMO_MODE,c87dde3f195c4fe8a135dd7fcf0abcad,F1 :    700    3 0.10 -14.44 0.54 50.00  70.0  60.0,0.00 0.00 0.00 89.38 0.54 50.00 0.10 -14.44 6 63 6 63 70.0% 60.0% 350.000 0.000 0.00 -4.90 0.00  1.99 0.00 697.00 0.0% | 1200.00   20.00 HI -50.00 -50.00
2026-09-27T06:55:01.295,DEMO,DEMO,DEMO_MODE,c87dde3f195c4fe8a135dd7fcf0abcad,F1 :    700    3 0.10 -14.44 0.54 50.00  70.0  60.0,0.00 0.00 0.00 89.38 0.54 50.00 0.10 -14.44 6 63 6 63 70.0% 60.0% 350.000 0.000 0.00 -4.90 0.00  1.99 0.00 697.00 0.0% | 1200.00   20.00 HI -50.00 -50.00
2026-09-27T06:55:01.415,DEMO,DEMO,DEMO_MODE,c87dde3f195c4fe8a135dd7fcf0abcad,F1 :    700    3 0.10 -14.44 0.54 50.00  70.0  60.0,0.00 0.00 0.00 89.38 0.54 50.00 0.10 -14.44 6 63 6 63 70.0% 60.0% 350.000 0.000 0.00 -4.90 0.00  1.99 0.00 697.00 0.0% | 1200.00   20.00 HI -50.00 -50.00
2026-09-27T06:55:01.536,DEMO,DEMO,DEMO_MODE,c87dde3f195c4fe8a135dd7fcf0abcad,F1 :    700    3 0.10 -14.44 0.54 50.00  70.0  60.0,0.00 0.00 0.00 89.38 0.54 50.00 0.10 -14.44 6 63 6 63 70.0% 60.0% 350.000 0.000 0.00 -4.90 0.00  1.99 0.00 697.00 0.0% | 1200.00   20.00 HI -50.00 -50.00
2026-09-27T06:55:01.657,DEMO,DEMO,DEMO_MODE,c87dde3f195c4fe8a135dd7fcf0abcad,F1 :    700    3 0.10 -14.44 0.54 50.00  70.0  60.0,0.00 0.00 0.00 89.38 0.54 50.00 0.10 -14.44 6 63 6 63 70.0% 60.0% 350.000 0.000 0.00 -4.90 0.00  1.99 0.00 697.00 0.0% | 1200.00   20.00 HI -50.00 -50.00
2026-09-27T06:55:01.777,DEMO,DEMO,DEMO_MODE,c87dde3f195c4fe8a135dd7fcf0abcad,F1 :    700    3 0.10 -14.44 0.54 50.00  70.0  60.0,0.00 0.00 0.00 89.38 0.54 50.00 0.10 -14.44 6 63 6 63 70.0% 60.0% 350.000 0.000 0.00 -4.90 0.00  1.99 0.00 697.00 0.0% | 1200.00   20.00 HI -50.00 -50.00
2026-09-27T06:55:01.898,DEMO,DEMO,DEMO_MODE,c87dde3f195c4fe8a135dd7fcf0abcad,F1 :    700    3 0.10 -14.44 0.54 50.00  70.0  60.0,0.00 0.00 0.00 89.38 0.54 50.00 0.10 -14.44 6 63 6 63 70.0% 60.0% 350.000 0.000 0.00 -4.90 0.00  1.99 0.00 697.00 0.0% | 1200.00   20.00 HI -50.00 -50.00
2026-09-27T06:55:02.020,DEMO,DEMO,DEMO_MODE,c87dde3f195c4fe8a135dd7fcf0abcad,F1 :    700    3 0.10 -14.44 0.54 50.00  70.0  60.0,0.00 0.00 0.00 89.38 0.54 50.00 0.10 -14.44 6 63 6 63 70.0% 60.0% 350.000 0.000 0.00 -4.90 0.00  1.99 0.00 697.00 0.0% | 1200.00   20.00 HI -50.00 -50.00
2026-09-27T06:55:02.141,DEMO,DEMO,DEMO_MODE,c87dde3f195c4fe8a135dd7fcf0abcad,F1 :    700    3 0.10 -14.44 0.54 50.00  70.0  60.0,0.00 0.00 0.00 89.38 0.54 50.00 0.10 -14.44 6 63 6 63 70.0% 60.0% 350.000 0.000 0.00 -4.90 0.00  1.99 0.00 697.00 0.0% | 1200.00   20.00 HI -50.00 -50.00
2026-09-27T06:55:02.267,DEMO,DEMO,DEMO_MODE,c87dde3f195c4fe8a135dd7fcf0abcad,F1 :    700    3 0.10 -14.44 0.54 50.00  70.0  60.0,0.00 0.00 0.00 89.38 0.54 50.00 0.10 -14.44 6 63 6 63 70.0% 60.0% 350.000 0.000 0.00 -4.90 0.00  1.99 0.00 697.00 0.0% | 1200.00   20.00 HI -50.00 -50.00
2026-09-27T06:55:02.387,DEMO,DEMO,DEMO_MODE,c87dde3f195c4fe8a135dd7fcf0abcad,F1 :    700    3 0.10 -14.44 0.54 50.00  70.0  60.0,0.00 0.00 0.00 89.38 0.54 50.00 0.10 -14.44 6 63 6 63 70.0% 60.0% 350.000 0.000 0.00 -4.90 0.00  1.99 0.00 697.00 0.0% | 1200.00   20.00 HI -50.00 -50.00
2026-09-27T06:55:02.513,DEMO,DEMO,DEMO_MODE,c87dde3f195c4fe8a135dd7fcf0abcad,F1 :    700    3 0.10 -14.44 0.54 50.00  70.0  60.0,0.00 0.00 0.00 89.38 0.54 50.00 0.10 -14.44 6 63 6 63 70.0% 60.0% 350.000 0.000 0.00 -4.90 0.00  1.99 0.00 697.00 0.0% | 1200.00   20.00 HI -50.00 -50.00
2026-09-27T06:55:02.633,DEMO,DEMO,DEMO_MODE,c87dde3f195c4fe8a135dd7fcf0abcad,F1 :    700    3 0.10 -14.44 0.54 50.00  70.0  60.0,0.00 0.00 0.00 89.38 0.54 50.00 0.10 -14.44 6 63 6 63 70.0% 60.0% 350.000 0.000 0.00 -4.90 0.00  1.99 0.00 697.00 0.0% | 1200.00   20.00 HI -50.00 -50.00
2026-09-27T06:55:02.759,DEMO,DEMO,DEMO_MODE,c87dde3f195c4fe8a135dd7fcf0abcad,F1 :    700    3 0.10 -14.44 0.54 50.00  70.0  60.0,0.00 0.00 0.00 89.38 0.54 50.00 0.10 -14.44 6 63 6 63 70.0% 60.0% 350.000 0.000 0.00 -4.90 0.00  1.99 0.00 697.00 0.0% | 1200.00   20.00 HI -50.00 -50.00
2026-09-27T06:55:02.880,DEMO,DEMO,DEMO_MODE,c87dde3f195c4fe8a135dd7fcf0abcad,F1 :    700    3 0.10 -14.44 0.54 50.00  70.0  60.0,0.00 0.00 0.00 89.38 0.54 50.00 0.10 -14.44 6 63 6 63 70.0% 60.0% 350.000 0.000 0.00 -4.90 0.00  1.99 0.00 697.00 0.0% | 1200.00   20.00 HI -50.00 -50.00
2026-09-27T06:55:03.005,DEMO,DEMO,DEMO_MODE,c87dde3f195c4fe8a135dd7fcf0abcad,F1 :    700    3 0.10 -14.44 0.54 50.00  70.0  60.0,0.00 0.00 0.00 89.38 0.54 50.00 0.10 -14.44 6 63 6 63 70.0% 60.0% 350.000 0.000 0.00 -4.90 0.00  1.99 0.00 697.00 0.0% | 1200.00   20.00 HI -50.00 -50.00
2026-09-27T06:55:03.126,DEMO,DEMO,DEMO_MODE,c87dde3f195c4fe8a135dd7fcf0abcad,F1 :    700    3 0.10 -14.44 0.54 50.00  70.0  60.0,0.00 0.00 0.00 89.38 0.54 50.00 0.10 -14.44 6 63 6 63 70.0% 60.0% 350.000 0.000 0.00 -4.90 0.00  1.99 0.00 697.00 0.0% | 1200.00   20.00 HI -50.00 -50.00
2026-09-27T06:55:03.253,DEMO,DEMO,DEMO_MODE,c87dde3f195c4fe8a135dd7fcf0abcad,F1 :    700    3 0.10 -14.44 0.54 50.00  70.0  60.0,0.00 0.00 0.00 89.38 0.54 50.00 0.10 -14.44 6 63 6 63 70.0% 60.0% 350.000 0.000 0.00 -4.90 0.00  1.99 0.00 697.00 0.0% | 1200.00   20.00 HI -50.00 -50.00
2026-09-27T06:55:03.374,DEMO,DEMO,DEMO_MODE,c87dde3f195c4fe8a135dd7fcf0abcad,F1 :    700    3 0.10 -14.44 0.54 50.00  70.0  60.0,0.00 0.00 0.00 89.38 0.54 50.00 0.10 -14.44 6 63 6 63 70.0% 60.0% 350.000 0.000 0.00 -4.90 0.00  1.99 0.00 697.00 0.0% | 1200.00   20.00 HI -50.00 -50.00
2026-09-27T06:55:03.500,DEMO,DEMO,DEMO_MODE,c87dde3f195c4fe8a135dd7fcf0abcad,F1 :    700    3 0.10 -14.44 0.54 50.00  70.0  60.0,0.00 0.00 0.00 89.38 0.54 50.00 0.10 -14.44 6 63 6 63 70.0% 60.0% 350.000 0.000 0.00 -4.90 0.00  1.99 0.00 697.00 0.0% | 1200.00   20.00 HI -50.00 -50.00
2026-09-27T06:55:03.627,DEMO,DEMO,DEMO_MODE,c87dde3f195c4fe8a135dd7fcf0abcad,F1 :    700    3 0.10 -14.44 0.54 50.00  70.0  60.0,0.00 0.00 0.00 89.38 0.54 50.00 0.10 -14.44 6 63 6 63 70.0% 60.0% 350.000 0.000 0.00 -4.90 0.00  1.99 0.00 697.00 0.0% | 1200.00   20.00 HI -50.00 -50.00
2026-09-27T06:55:03.754,DEMO,DEMO,DEMO_MODE,c87dde3f195c4fe8a135dd7fcf0abcad,F1 :    700    3 0.10 -14.44 0.54 50.00  70.0  60.0,0.00 0.00 0.00 89.38 0.54 50.00 0.10 -14.44 6 63 6 63 70.0% 60.0% 350.000 0.000 0.00 -4.90 0.00  1.99 0.00 697.00 0.0% | 1200.00   20.00 HI -50.00 -50.00
2026-09-27T06:55:03.886,DEMO,DEMO,DEMO_MODE,c87dde3f195c4fe8a135dd7fcf0abcad,F1 :    700    3 0.10 -14.44 0.54 50.00  70.0  60.0,0.00 0.00 0.00 89.38 0.54 50.00 0.10 -14.44 6 63 6 63 70.0% 60.0% 350.000 0.000 0.00 -4.90 0.00  1.99 0.00 697.00 0.0% | 1200.00   20.00 HI -50.00 -50.00
2026-09-27T06:55:04.013,DEMO,DEMO,DEMO_MODE,c87dde3f195c4fe8a135dd7fcf0abcad,F1 :    700    3 0.10 -14.44 0.54 50.00  70.0  60.0,0.00 0.00 0.00 89.38 0.54 50.00 0.10 -14.44 6 63 6 63 70.0% 60.0% 350.000 0.000 0.00 -4.90 0.00  1.99 0.00 697.00 0.0% | 1200.00   20.00 HI -50.00 -50.00
2026-09-27T06:55:04.133,DEMO,DEMO,DEMO_MODE,c87dde3f195c4fe8a135dd7fcf0abcad,F1 :    700    3 0.10 -14.44 0.54 50.00  70.0  60.0,0.00 0.00 0.00 89.38 0.54 50.00 0.10 -14.44 6 63 6 63 70.0% 60.0% 350.000 0.000 0.00 -4.90 0.00  1.99 0.00 697.00 0.0% | 1200.00   20.00 HI -50.00 -50.00
2026-09-27T06:55:04.259,DEMO,DEMO,DEMO_MODE,c87dde3f195c4fe8a135dd7fcf0abcad,F1 :    700    3 0.10 -14.44 0.54 50.00  70.0  60.0,0.00 0.00 0.00 89.38 0.54 50.00 0.10 -14.44 6 63 6 63 70.0% 60.0% 350.000 0.000 0.00 -4.90 0.00  1.99 0.00 697.00 0.0% | 1200.00   20.00 HI -50.00 -50.00
2026-09-27T06:55:04.386,DEMO,DEMO,DEMO_MODE,c87dde3f195c4fe8a135dd7fcf0abcad,F1 :    700    3 0.10 -14.44 0.54 50.00  70.0  60.0,0.00 0.00 0.00 89.38 0.54 50.00 0.10 -14.44 6 63 6 63 70.0% 60.0% 350.000 0.000 0.00 -4.90 0.00  1.99 0.00 697.00 0.0% | 1200.00   20.00 HI -50.00 -50.00
2026-09-27T06:55:04.513,DEMO,DEMO,DEMO_MODE,c87dde3f195c4fe8a135dd7fcf0abcad,F1 :    700    3 0.10 -14.44 0.54 50.00  70.0  60.0,0.00 0.00 0.00 89.38 0.54 50.00 0.10 -14.44 6 63 6 63 70.0% 60.0% 350.000 0.000 0.00 -4.90 0.00  1.99 0.00 697.00 0.0% | 1200.00   20.00 HI -50.00 -50.00
2026-09-27T06:55:04.634,DEMO,DEMO,DEMO_MODE,c87dde3f195c4fe8a135dd7fcf0abcad,F1 :    700    3 0.10 -14.44 0.54 50.00  70.0  60.0,0.00 0.00 0.00 89.38 0.54 50.00 0.10 -14.44 6 63 6 63 70.0% 60.0% 350.000 0.000 0.00 -4.90 0.00  1.99 0.00 697.00 0.0% | 1200.00   20.00 HI -50.00 -50.00
2026-09-27T06:55:04.760,DEMO,DEMO,DEMO_MODE,c87dde3f195c4fe8a135dd7fcf0abcad,F1 :    700    3 0.10 -14.44 0.54 50.00  70.0  60.0,0.00 0.00 0.00 89.38 0.54 50.00 0.10 -14.44 6 63 6 63 70.0% 60.0% 350.000 0.000 0.00 -4.90 0.00  1.99 0.00 697.00 0.0% | 1200.00   20.00 HI -50.00 -50.00
2026-09-27T06:55:04.881,DEMO,DEMO,DEMO_MODE,c87dde3f195c4fe8a135dd7fcf0abcad,F1 :    700    3 0.10 -14.44 0.54 50.00  70.0  60.0,0.00 0.00 0.00 89.38 0.54 50.00 0.10 -14.44 6 63 6 63 70.0% 60.0% 350.000 0.000 0.00 -4.90 0.00  1.99 0.00 697.00 0.0% | 1200.00   20.00 HI -50.00 -50.00
2026-09-27T06:55:05.006,DEMO,DEMO,DEMO_MODE,c87dde3f195c4fe8a135dd7fcf0abcad,F1 :    700    3 0.10 -14.44 0.54 50.00  70.0  60.0,0.00 0.00 0.00 89.38 0.54 50.00 0.10 -14.44 6 63 6 63 70.0% 60.0% 350.000 0.000 0.00 -4.90 0.00  1.99 0.00 697.00 0.0% | 1200.00   20.00 HI -50.00 -50.00
2026-09-27T06:55:05.127,DEMO,DEMO,DEMO_MODE,c87dde3f195c4fe8a135dd7fcf0abcad,F1 :    700    3 0.10 -14.44 0.54 50.00  70.0  60.0,0.00 0.00 0.00 89.38 0.54 50.00 0.10 -14.44 6 63 6 63 70.0% 60.0% 350.000 0.000 0.00 -4.90 0.00  1.99 0.00 697.00 0.0% | 1200.00   20.00 HI -50.00 -50.00
2026-09-27T06:55:05.254,DEMO,DEMO,DEMO_MODE,c87dde3f195c4fe8a135dd7fcf0abcad,F1 :    800    3 0.10 -14.44 0.54 50.00  80.0  64.0,0.00 0.00 0.00 89.38 0.54 50.00 0.10 -14.44 6 63 6 63 80.0% 64.0% 400.000 0.000 0.00 -4.90 0.00  1.99 0.00 797.00 0.0% | 1200.00   30.00 HI -50.00 -50.00
2026-09-27T06:55:05.374,DEMO,DEMO,DEMO_MODE,c87dde3f195c4fe8a135dd7fcf0abcad,F1 :    800    3 0.10 -14.44 0.54 50.00  80.0  64.0,0.00 0.00 0.00 89.38 0.54 50.00 0.10 -14.44 6 63 6 63 80.0% 64.0% 400.000 0.000 0.00 -4.90 0.00  1.99 0.00 797.00 0.0% | 1200.00   30.00 HI -50.00 -50.00
2026-09-27T06:55:05.500,DEMO,DEMO,DEMO_MODE,c87dde3f195c4fe8a135dd7fcf0abcad,F1 :    800    3 0.10 -14.44 0.54 50.00  80.0  64.0,0.00 0.00 0.00 89.38 0.54 50.00 0.10 -14.44 6 63 6 63 80.0% 64.0% 400.000 0.000 0.00 -4.90 0.00  1.99 0.00 797.00 0.0% | 1200.00   30.00 HI -50.00 -50.00
2026-09-27T06:55:05.621,DEMO,DEMO,DEMO_MODE,c87dde3f195c4fe8a135dd7fcf0abcad,F1 :    800    3 0.10 -14.44 0.54 50.00  80.0  64.0,0.00 0.00 0.00 89.38 0.54 50.00 0.10 -14.44 6 63 6 63 80.0% 64.0% 400.000 0.000 0.00 -4.90 0.00  1.99 0.00 797.00 0.0% | 1200.00   30.00 HI -50.00 -50.00
2026-09-27T06:55:05.747,DEMO,DEMO,DEMO_MODE,c87dde3f195c4fe8a135dd7fcf0abcad,F1 :    800    3 0.10 -14.44 0.54 50.00  80.0  64.0,0.00 0.00 0.00 89.38 0.54 50.00 0.10 -14.44 6 63 6 63 80.0% 64.0% 400.000 0.000 0.00 -4.90 0.00  1.99 0.00 797.00 0.0% | 1200.00   30.00 HI -50.00 -50.00
2026-09-27T06:55:05.868,DEMO,DEMO,DEMO_MODE,c87dde3f195c4fe8a135dd7fcf0abcad,F1 :    800    3 0.10 -14.44 0.54 50.00  80.0  64.0,0.00 0.00 0.00 89.38 0.54 50.00 0.10 -14.44 6 63 6 63 80.0% 64.0% 400.000 0.000 0.00 -4.90 0.00  1.99 0.00 797.00 0.0% | 1200.00   30.00 HI -50.00 -50.00
2026-09-27T06:55:05.993,DEMO,DEMO,DEMO_MODE,c87dde3f195c4fe8a135dd7fcf0abcad,F1 :    800    3 0.10 -14.44 0.54 50.00  80.0  64.0,0.00 0.00 0.00 89.38 0.54 50.00 0.10 -14.44 6 63 6 63 80.0% 64.0% 400.000 0.000 0.00 -4.90 0.00  1.99 0.00 797.00 0.0% | 1200.00   30.00 HI -50.00 -50.00
2026-09-27T06:55:06.114,DEMO,DEMO,DEMO_MODE,c87dde3f195c4fe8a135dd7fcf0abcad,F1 :    800    3 0.10 -14.44 0.54 50.00  80.0  64.0,0.00 0.00 0.00 89.38 0.54 50.00 0.10 -14.44 6 63 6 63 80.0% 64.0% 400.000 0.000 0.00 -4.90 0.00  1.99 0.00 797.00 0.0% | 1200.00   30.00 HI -50.00 -50.00
2026-09-27T06:55:06.241,DEMO,DEMO,DEMO_MODE,c87dde3f195c4fe8a135dd7fcf0abcad,F1 :    800    4 0.10 -14.44 0.54 50.00  80.0  64.0,0.00 0.00 0.00 89.38 0.54 50.00 0.10 -14.44 6 63 6 63 80.0% 64.0% 400.000 0.000 0.00 -4.90 0.00  1.99 0.00 796.00 0.0% | 1200.00   30.00 HI -50.00 -50.00
2026-09-27T06:55:06.361,DEMO,DEMO,DEMO_MODE,c87dde3f195c4fe8a135dd7fcf0abcad,F1 :    800    4 0.10 -14.44 0.54 50.00  80.0  64.0,0.00 0.00 0.00 89.38 0.54 50.00 0.10 -14.44 6 63 6 63 80.0% 64.0% 400.000 0.000 0.00 -4.90 0.00  1.99 0.00 796.00 0.0% | 1200.00   30.00 HI -50.00 -50.00
2026-09-27T06:55:06.488,DEMO,DEMO,DEMO_MODE,c87dde3f195c4fe8a135dd7fcf0abcad,F1 :    800    4 0.10 -14.44 0.54 50.00  80.0  64.0,0.00 0.00 0.00 89.38 0.54 50.00 0.10 -14.44 6 63 6 63 80.0% 64.0% 400.000 0.000 0.00 -4.90 0.00  1.99 0.00 796.00 0.0% | 1200.00   30.00 HI -50.00 -50.00
2026-09-27T06:55:06.609,DEMO,DEMO,DEMO_MODE,c87dde3f195c4fe8a135dd7fcf0abcad,F1 :    800    4 0.10 -14.44 0.54 50.00  80.0  64.0,0.00 0.00 0.00 89.38 0.54 50.00 0.10 -14.44 6 63 6 63 80.0% 64.0% 400.000 0.000 0.00 -4.90 0.00  1.99 0.00 796.00 0.0% | 1200.00   30.00 HI -50.00 -50.00
2026-09-27T06:55:06.735,DEMO,DEMO,DEMO_MODE,c87dde3f195c4fe8a135dd7fcf0abcad,F1 :    800    4 0.10 -14.44 0.54 50.00  80.0  64.0,0.00 0.00 0.00 89.38 0.54 50.00 0.10 -14.44 6 63 6 63 80.0% 64.0% 400.000 0.000 0.00 -4.90 0.00  1.99 0.00 796.00 0.0% | 1200.00   30.00 HI -50.00 -50.00
2026-09-27T06:55:06.855,DEMO,DEMO,DEMO_MODE,c87dde3f195c4fe8a135dd7fcf0abcad,F1 :    800    4 0.10 -14.44 0.54 50.00  80.0  64.0,0.00 0.00 0.00 89.38 0.54 50.00 0.10 -14.44 6 63 6 63 80.0% 64.0% 400.000 0.000 0.00 -4.90 0.00  1.99 0.00 796.00 0.0% | 1200.00   30.00 HI -50.00 -50.00
2026-09-27T06:55:06.981,DEMO,DEMO,DEMO_MODE,c87dde3f195c4fe8a135dd7fcf0abcad,F1 :    800    4 0.10 -14.44 0.54 50.00  80.0  64.0,0.00 0.00 0.00 89.38 0.54 50.00 0.10 -14.44 6 63 6 63 80.0% 64.0% 400.000 0.000 0.00 -4.90 0.00  1.99 0.00 796.00 0.0% | 1200.00   30.00 HI -50.00 -50.00
2026-09-27T06:55:07.102,DEMO,DEMO,DEMO_MODE,c87dde3f195c4fe8a135dd7fcf0abcad,F1 :    800    4 0.10 -14.44 0.54 50.00  80.0  64.0,0.00 0.00 0.00 89.38 0.54 50.00 0.10 -14.44 6 63 6 63 80.0% 64.0% 400.000 0.000 0.00 -4.90 0.00  1.99 0.00 796.00 0.0% | 1200.00   30.00 HI -50.00 -50.00
2026-09-27T06:55:07.228,DEMO,DEMO,DEMO_MODE,c87dde3f195c4fe8a135dd7fcf0abcad,F1 :    800    4 0.10 -14.44 0.54 50.00  80.0  64.0,0.00 0.00 0.00 89.38 0.54 50.00 0.10 -14.44 6 63 6 63 80.0% 64.0% 400.000 0.000 0.00 -4.90 0.00  1.99 0.00 796.00 0.0% | 1200.00   30.00 HI -50.00 -50.00
2026-09-27T06:55:07.348,DEMO,DEMO,DEMO_MODE,c87dde3f195c4fe8a135dd7fcf0abcad,F1 :    800    4 0.10 -14.44 0.54 50.00  80.0  64.0,0.00 0.00 0.00 89.38 0.54 50.00 0.10 -14.44 6 63 6 63 80.0% 64.0% 400.000 0.000 0.00 -4.90 0.00  1.99 0.00 796.00 0.0% | 1200.00   30.00 HI -50.00 -50.00
2026-09-27T06:55:07.468,DEMO,DEMO,DEMO_MODE,c87dde3f195c4fe8a135dd7fcf0abcad,F1 :    800    4 0.10 -14.44 0.54 50.00  80.0  64.0,0.00 0.00 0.00 89.38 0.54 50.00 0.10 -14.44 6 63 6 63 80.0% 64.0% 400.000 0.000 0.00 -4.90 0.00  1.99 0.00 796.00 0.0% | 1200.00   30.00 HI -50.00 -50.00
2026-09-27T06:55:07.589,DEMO,DEMO,DEMO_MODE,c87dde3f195c4fe8a135dd7fcf0abcad,F1 :    800    4 0.10 -14.44 0.54 50.00  80.0  64.0,0.00 0.00 0.00 89.38 0.54 50.00 0.10 -14.44 6 63 6 63 80.0% 64.0% 400.000 0.000 0.00 -4.90 0.00  1.99 0.00 796.00 0.0% | 1200.00   30.00 HI -50.00 -50.00
2026-09-27T06:55:07.710,DEMO,DEMO,DEMO_MODE,c87dde3f195c4fe8a135dd7fcf0abcad,F1 :    800    4 0.10 -14.44 0.54 50.00  80.0  64.0,0.00 0.00 0.00 89.38 0.54 50.00 0.10 -14.44 6 63 6 63 80.0% 64.0% 400.000 0.000 0.00 -4.90 0.00  1.99 0.00 796.00 0.0% | 1200.00   30.00 HI -50.00 -50.00
2026-09-27T06:55:07.830,DEMO,DEMO,DEMO_MODE,c87dde3f195c4fe8a135dd7fcf0abcad,F1 :    800    4 0.10 -14.44 0.54 50.00  80.0  64.0,0.00 0.00 0.00 89.38 0.54 50.00 0.10 -14.44 6 63 6 63 80.0% 64.0% 400.000 0.000 0.00 -4.90 0.00  1.99 0.00 796.00 0.0% | 1200.00   30.00 HI -50.00 -50.00
2026-09-27T06:55:07.951,DEMO,DEMO,DEMO_MODE,c87dde3f195c4fe8a135dd7fcf0abcad,F1 :    800    4 0.10 -14.44 0.54 50.00  80.0  64.0,0.00 0.00 0.00 89.38 0.54 50.00 0.10 -14.44 6 63 6 63 80.0% 64.0% 400.000 0.000 0.00 -4.90 0.00  1.99 0.00 796.00 0.0% | 1200.00   30.00 HI -50.00 -50.00
2026-09-27T06:55:08.071,DEMO,DEMO,DEMO_MODE,c87dde3f195c4fe8a135dd7fcf0abcad,F1 :    800    4 0.10 -14.44 0.54 50.00  80.0  64.0,0.00 0.00 0.00 89.38 0.54 50.00 0.10 -14.44 6 63 6 63 80.0% 64.0% 400.000 0.000 0.00 -4.90 0.00  1.99 0.00 796.00 0.0% | 1200.00   30.00 HI -50.00 -50.00
2026-09-27T06:55:08.192,DEMO,DEMO,DEMO_MODE,c87dde3f195c4fe8a135dd7fcf0abcad,F1 :    800    4 0.10 -14.44 0.54 50.00  80.0  64.0,0.00 0.00 0.00 89.38 0.54 50.00 0.10 -14.44 6 63 6 63 80.0% 64.0% 400.000 0.000 0.00 -4.90 0.00  1.99 0.00 796.00 0.0% | 1200.00   30.00 HI -50.00 -50.00
2026-09-27T06:55:08.312,DEMO,DEMO,DEMO_MODE,c87dde3f195c4fe8a135dd7fcf0abcad,F1 :    800    4 0.10 -14.44 0.54 50.00  80.0  64.0,0.00 0.00 0.00 89.38 0.54 50.00 0.10 -14.44 6 63 6 63 80.0% 64.0% 400.000 0.000 0.00 -4.90 0.00  1.99 0.00 796.00 0.0% | 1200.00   30.00 HI -50.00 -50.00
2026-09-27T06:55:08.433,DEMO,DEMO,DEMO_MODE,c87dde3f195c4fe8a135dd7fcf0abcad,F1 :    800    4 0.10 -14.44 0.54 50.00  80.0  64.0,0.00 0.00 0.00 89.38 0.54 50.00 0.10 -14.44 6 63 6 63 80.0% 64.0% 400.000 0.000 0.00 -4.90 0.00  1.99 0.00 796.00 0.0% | 1200.00   30.00 HI -50.00 -50.00
2026-09-27T06:55:08.553,DEMO,DEMO,DEMO_MODE,c87dde3f195c4fe8a135dd7fcf0abcad,F1 :    800    4 0.10 -14.44 0.54 50.00  80.0  64.0,0.00 0.00 0.00 89.38 0.54 50.00 0.10 -14.44 6 63 6 63 80.0% 64.0% 400.000 0.000 0.00 -4.90 0.00  1.99 0.00 796.00 0.0% | 1200.00   30.00 HI -50.00 -50.00
2026-09-27T06:55:08.674,DEMO,DEMO,DEMO_MODE,c87dde3f195c4fe8a135dd7fcf0abcad,F1 :    800    4 0.10 -14.44 0.54 50.00  80.0  64.0,0.00 0.00 0.00 89.38 0.54 50.00 0.10 -14.44 6 63 6 63 80.0% 64.0% 400.000 0.000 0.00 -4.90 0.00  1.99 0.00 796.00 0.0% | 1200.00   30.00 HI -50.00 -50.00
2026-09-27T06:55:08.795,DEMO,DEMO,DEMO_MODE,c87dde3f195c4fe8a135dd7fcf0abcad,F1 :    800    4 0.10 -14.44 0.54 50.00  80.0  64.0,0.00 0.00 0.00 89.38 0.54 50.00 0.10 -14.44 6 63 6 63 80.0% 64.0% 400.000 0.000 0.00 -4.90 0.00  1.99 0.00 796.00 0.0% | 1200.00   30.00 HI -50.00 -50.00
2026-09-27T06:55:08.916,DEMO,DEMO,DEMO_MODE,c87dde3f195c4fe8a135dd7fcf0abcad,F1 :    800    4 0.10 -14.44 0.54 50.00  80.0  64.0,0.00 0.00 0.00 89.38 0.54 50.00 0.10 -14.44 6 63 6 63 80.0% 64.0% 400.000 0.000 0.00 -4.90 0.00  1.99 0.00 796.00 0.0% | 1200.00   30.00 HI -50.00 -50.00
2026-09-27T06:55:09.036,DEMO,DEMO,DEMO_MODE,c87dde3f195c4fe8a135dd7fcf0abcad,F1 :    800    4 0.10 -14.44 0.54 50.00  80.0  64.0,0.00 0.00 0.00 89.38 0.54 50.00 0.10 -14.44 6 63 6 63 80.0% 64.0% 400.000 0.000 0.00 -4.90 0.00  1.99 0.00 796.00 0.0% | 1200.00   30.00 HI -50.00 -50.00
2026-09-27T06:55:09.157,DEMO,DEMO,DEMO_MODE,c87dde3f195c4fe8a135dd7fcf0abcad,F1 :    800    4 0.10 -14.44 0.54 50.00  80.0  64.0,0.00 0.00 0.00 89.38 0.54 50.00 0.10 -14.44 6 63 6 63 80.0% 64.0% 400.000 0.000 0.00 -4.90 0.00  1.99 0.00 796.00 0.0% | 1200.00   30.00 HI -50.00 -50.00
2026-09-27T06:55:09.278,DEMO,DEMO,DEMO_MODE,c87dde3f195c4fe8a135dd7fcf0abcad,F1 :    800    4 0.10 -14.44 0.54 50.00  80.0  64.0,0.00 0.00 0.00 89.38 0.54 50.00 0.10 -14.44 6 63 6 63 80.0% 64.0% 400.000 0.000 0.00 -4.90 0.00  1.99 0.00 796.00 0.0% | 1200.00   30.00 HI -50.00 -50.00
2026-09-27T06:55:09.398,DEMO,DEMO,DEMO_MODE,c87dde3f195c4fe8a135dd7fcf0abcad,F1 :    800    4 0.10 -14.44 0.54 50.00  80.0  64.0,0.00 0.00 0.00 89.38 0.54 50.00 0.10 -14.44 6 63 6 63 80.0% 64.0% 400.000 0.000 0.00 -4.90 0.00  1.99 0.00 796.00 0.0% | 1200.00   30.00 HI -50.00 -50.00
2026-09-27T06:55:09.523,DEMO,DEMO,DEMO_MODE,c87dde3f195c4fe8a135dd7fcf0abcad,F1 :    800    4 0.10 -14.44 0.54 50.00  80.0  64.0,0.00 0.00 0.00 89.38 0.54 50.00 0.10 -14.44 6 63 6 63 80.0% 64.0% 400.000 0.000 0.00 -4.90 0.00  1.99 0.00 796.00 0.0% | 1200.00   30.00 HI -50.00 -50.00
2026-09-27T06:55:09.644,DEMO,DEMO,DEMO_MODE,c87dde3f195c4fe8a135dd7fcf0abcad,F1 :    800    4 0.10 -14.44 0.54 50.00  80.0  64.0,0.00 0.00 0.00 89.38 0.54 50.00 0.10 -14.44 6 63 6 63 80.0% 64.0% 400.000 0.000 0.00 -4.90 0.00  1.99 0.00 796.00 0.0% | 1200.00   30.00 HI -50.00 -50.00
2026-09-27T06:55:09.770,DEMO,DEMO,DEMO_MODE,c87dde3f195c4fe8a135dd7fcf0abcad,F1 :    800    4 0.10 -14.44 0.54 50.00  80.0  64.0,0.00 0.00 0.00 89.38 0.54 50.00 0.10 -14.44 6 63 6 63 80.0% 64.0% 400.000 0.000 0.00 -4.90 0.00  1.99 0.00 796.00 0.0% | 1200.00   30.00 HI -50.00 -50.00
2026-09-27T06:55:09.890,DEMO,DEMO,DEMO_MODE,c87dde3f195c4fe8a135dd7fcf0abcad,F1 :    800    4 0.10 -14.44 0.54 50.00  80.0  64.0,0.00 0.00 0.00 89.38 0.54 50.00 0.10 -14.44 6 63 6 63 80.0% 64.0% 400.000 0.000 0.00 -4.90 0.00  1.99 0.00 796.00 0.0% | 1200.00   30.00 HI -50.00 -50.00
2026-09-27T06:55:10.016,DEMO,DEMO,DEMO_MODE,c87dde3f195c4fe8a135dd7fcf0abcad,F1 :    800    4 0.10 -14.44 0.54 50.00  80.0  64.0,0.00 0.00 0.00 89.38 0.54 50.00 0.10 -14.44 6 63 6 63 80.0% 64.0% 400.000 0.000 0.00 -4.90 0.00  1.99 0.00 796.00 0.0% | 1200.00   30.00 HI -50.00 -50.00
2026-09-27T06:55:10.137,DEMO,DEMO,DEMO_MODE,c87dde3f195c4fe8a135dd7fcf0abcad,F1 :    800    4 0.10 -14.44 0.54 50.00  80.0  64.0,0.00 0.00 0.00 89.38 0.54 50.00 0.10 -14.44 6 63 6 63 80.0% 64.0% 400.000 0.000 0.00 -4.90 0.00  1.99 0.00 796.00 0.0% | 1200.00   30.00 HI -50.00 -50.00
2026-09-27T06:55:10.262,DEMO,DEMO,DEMO_MODE,c87dde3f195c4fe8a135dd7fcf0abcad,F1 :    800    4 0.10 -14.44 0.54 50.00  80.0  64.0,0.00 0.00 0.00 89.38 0.54 50.00 0.10 -14.44 6 63 6 63 80.0% 64.0% 400.000 0.000 0.00 -4.90 0.00  1.99 0.00 796.00 0.0% | 1200.00   30.00 HI -50.00 -50.00
2026-09-27T06:55:10.382,DEMO,DEMO,DEMO_MODE,c87dde3f195c4fe8a135dd7fcf0abcad,F1 :    800    4 0.10 -14.44 0.54 50.00  80.0  68.0,0.00 0.00 0.00 89.38 0.54 50.00 0.10 -14.44 6 63 6 63 80.0% 68.0% 400.000 0.000 0.00 -4.90 0.00  1.99 0.00 796.00 0.0% | 1200.00   30.00 HI -50.00 -50.00
2026-09-27T06:55:10.508,DEMO,DEMO,DEMO_MODE,c87dde3f195c4fe8a135dd7fcf0abcad,F1 :    800    4 0.10 -14.44 0.54 50.00  80.0  68.0,0.00 0.00 0.00 89.38 0.54 50.00 0.10 -14.44 6 63 6 63 80.0% 68.0% 400.000 0.000 0.00 -4.90 0.00  1.99 0.00 796.00 0.0% | 1200.00   30.00 HI -50.00 -50.00
2026-09-27T06:55:10.628,DEMO,DEMO,DEMO_MODE,c87dde3f195c4fe8a135dd7fcf0abcad,F1 :    800    4 0.10 -14.44 0.54 50.00  80.0  68.0,0.00 0.00 0.00 89.38 0.54 50.00 0.10 -14.44 6 63 6 63 80.0% 68.0% 400.000 0.000 0.00 -4.90 0.00  1.99 0.00 796.00 0.0% | 1200.00   30.00 HI -50.00 -50.00
2026-09-27T06:55:10.755,DEMO,DEMO,DEMO_MODE,c87dde3f195c4fe8a135dd7fcf0abcad,F1 :    800    4 0.10 -14.44 0.54 50.00  80.0  68.0,0.00 0.00 0.00 89.38 0.54 50.00 0.10 -14.44 6 63 6 63 80.0% 68.0% 400.000 0.000 0.00 -4.90 0.00  1.99 0.00 796.00 0.0% | 1200.00   30.00 HI -50.00 -50.00
2026-09-27T06:55:10.876,DEMO,DEMO,DEMO_MODE,c87dde3f195c4fe8a135dd7fcf0abcad,F1 :    800    4 0.10 -14.44 0.54 50.00  80.0  68.0,0.00 0.00 0.00 89.38 0.54 50.00 0.10 -14.44 6 63 6 63 80.0% 68.0% 400.000 0.000 0.00 -4.90 0.00  1.99 0.00 796.00 0.0% | 1200.00   30.00 HI -50.00 -50.00
2026-09-27T06:55:11.002,DEMO,DEMO,DEMO_MODE,c87dde3f195c4fe8a135dd7fcf0abcad,F1 :    800    4 0.10 -14.44 0.54 50.00  80.0  68.0,0.00 0.00 0.00 89.38 0.54 50.00 0.10 -14.44 6 63 6 63 80.0% 68.0% 400.000 0.000 0.00 -4.90 0.00  1.99 0.00 796.00 0.0% | 1200.00   30.00 HI -50.00 -50.00
2026-09-27T06:55:11.123,DEMO,DEMO,DEMO_MODE,c87dde3f195c4fe8a135dd7fcf0abcad,F1 :    800    4 0.10 -14.44 0.54 50.00  80.0  68.0,0.00 0.00 0.00 89.38 0.54 50.00 0.10 -14.44 6 63 6 63 80.0% 68.0% 400.000 0.000 0.00 -4.90 0.00  1.99 0.00 796.00 0.0% | 1200.00   30.00 HI -50.00 -50.00
2026-09-27T06:55:11.249,DEMO,DEMO,DEMO_MODE,c87dde3f195c4fe8a135dd7fcf0abcad,F1 :    800    4 0.10 -14.44 0.54 50.00  80.0  68.0,0.00 0.00 0.00 89.38 0.54 50.00 0.10 -14.44 6 63 6 63 80.0% 68.0% 400.000 0.000 0.00 -4.90 0.00  1.99 0.00 796.00 0.0% | 1200.00   30.00 HI -50.00 -50.00
2026-09-27T06:55:11.370,DEMO,DEMO,DEMO_MODE,c87dde3f195c4fe8a135dd7fcf0abcad,F1 :    800    4 0.10 -14.44 0.54 50.00  80.0  68.0,0.00 0.00 0.00 89.38 0.54 50.00 0.10 -14.44 6 63 6 63 80.0% 68.0% 400.000 0.000 0.00 -4.90 0.00  1.99 0.00 796.00 0.0% | 1200.00   30.00 HI -50.00 -50.00
2026-09-27T06:55:11.495,DEMO,DEMO,DEMO_MODE,c87dde3f195c4fe8a135dd7fcf0abcad,F1 :    800    4 0.10 -14.44 0.54 50.00  80.0  68.0,0.00 0.00 0.00 89.38 0.54 50.00 0.10 -14.44 6 63 6 63 80.0% 68.0% 400.000 0.000 0.00 -4.90 0.00  1.99 0.00 796.00 0.0% | 1200.00   30.00 HI -50.00 -50.00
2026-09-27T06:55:11.616,DEMO,DEMO,DEMO_MODE,c87dde3f195c4fe8a135dd7fcf0abcad,F1 :    800    4 0.10 -14.44 0.54 50.00  80.0  68.0,0.00 0.00 0.00 89.38 0.54 50.00 0.10 -14.44 6 63 6 63 80.0% 68.0% 400.000 0.000 0.00 -4.90 0.00  1.99 0.00 796.00 0.0% | 1200.00   30.00 HI -50.00 -50.00
2026-09-27T06:55:11.742,DEMO,DEMO,DEMO_MODE,c87dde3f195c4fe8a135dd7fcf0abcad,F1 :    800    4 0.10 -14.44 0.54 50.00  80.0  68.0,0.00 0.00 0.00 89.38 0.54 50.00 0.10 -14.44 6 63 6 63 80.0% 68.0% 400.000 0.000 0.00 -4.90 0.00  1.99 0.00 796.00 0.0% | 1200.00   30.00 HI -50.00 -50.00
2026-09-27T06:55:11.863,DEMO,DEMO,DEMO_MODE,c87dde3f195c4fe8a135dd7fcf0abcad,F1 :    800    4 0.10 -14.44 0.54 50.00  80.0  68.0,0.00 0.00 0.00 89.38 0.54 50.00 0.10 -14.44 6 63 6 63 80.0% 68.0% 400.000 0.000 0.00 -4.90 0.00  1.99 0.00 796.00 0.0% | 1200.00   30.00 HI -50.00 -50.00
2026-09-27T06:55:11.990,DEMO,DEMO,DEMO_MODE,c87dde3f195c4fe8a135dd7fcf0abcad,F1 :    800    4 0.10 -14.44 0.54 50.00  80.0  68.0,0.00 0.00 0.00 89.38 0.54 50.00 0.10 -14.44 6 63 6 63 80.0% 68.0% 400.000 0.000 0.00 -4.90 0.00  1.99 0.00 796.00 0.0% | 1200.00   30.00 HI -50.00 -50.00
2026-09-27T06:55:12.110,DEMO,DEMO,DEMO_MODE,c87dde3f195c4fe8a135dd7fcf0abcad,F1 :    800    4 0.10 -14.44 0.54 50.00  80.0  68.0,0.00 0.00 0.00 89.38 0.54 50.00 0.10 -14.44 6 63 6 63 80.0% 68.0% 400.000 0.000 0.00 -4.90 0.00  1.99 0.00 796.00 0.0% | 1200.00   30.00 HI -50.00 -50.00
2026-09-27T06:55:12.237,DEMO,DEMO,DEMO_MODE,c87dde3f195c4fe8a135dd7fcf0abcad,F1 :    800    4 0.10 -14.44 0.54 50.00  80.0  68.0,0.00 0.00 0.00 89.38 0.54 50.00 0.10 -14.44 6 63 6 63 80.0% 68.0% 400.000 0.000 0.00 -4.90 0.00  1.99 0.00 796.00 0.0% | 1200.00   30.00 HI -50.00 -50.00
2026-09-27T06:55:12.357,DEMO,DEMO,DEMO_MODE,c87dde3f195c4fe8a135dd7fcf0abcad,F1 :    800    4 0.10 -14.44 0.54 50.00  80.0  68.0,0.00 0.00 0.00 89.38 0.54 50.00 0.10 -14.44 6 63 6 63 80.0% 68.0% 400.000 0.000 0.00 -4.90 0.00  1.99 0.00 796.00 0.0% | 1200.00   30.00 HI -50.00 -50.00
2026-09-27T06:55:12.483,DEMO,DEMO,DEMO_MODE,c87dde3f195c4fe8a135dd7fcf0abcad,F1 :    800    4 0.10 -14.44 0.54 50.00  80.0  68.0,0.00 0.00 0.00 89.38 0.54 50.00 0.10 -14.44 6 63 6 63 80.0% 68.0% 400.000 0.000 0.00 -4.90 0.00  1.99 0.00 796.00 0.0% | 1200.00   30.00 HI -50.00 -50.00
2026-09-27T06:55:12.604,DEMO,DEMO,DEMO_MODE,c87dde3f195c4fe8a135dd7fcf0abcad,F1 :    800    4 0.10 -14.44 0.54 50.00  80.0  68.0,0.00 0.00 0.00 89.38 0.54 50.00 0.10 -14.44 6 63 6 63 80.0% 68.0% 400.000 0.000 0.00 -4.90 0.00  1.99 0.00 796.00 0.0% | 1200.00   30.00 HI -50.00 -50.00
2026-09-27T06:55:12.731,DEMO,DEMO,DEMO_MODE,c87dde3f195c4fe8a135dd7fcf0abcad,F1 :    800    4 0.10 -14.44 0.54 50.00  80.0  68.0,0.00 0.00 0.00 89.38 0.54 50.00 0.10 -14.44 6 63 6 63 80.0% 68.0% 400.000 0.000 0.00 -4.90 0.00  1.99 0.00 796.00 0.0% | 1200.00   30.00 HI -50.00 -50.00
2026-09-27T06:55:12.851,DEMO,DEMO,DEMO_MODE,c87dde3f195c4fe8a135dd7fcf0abcad,F1 :    800    4 0.10 -14.44 0.54 50.00  80.0  68.0,0.00 0.00 0.00 89.38 0.54 50.00 0.10 -14.44 6 63 6 63 80.0% 68.0% 400.000 0.000 0.00 -4.90 0.00  1.99 0.00 796.00 0.0% | 1200.00   30.00 HI -50.00 -50.00
2026-09-27T06:55:12.977,DEMO,DEMO,DEMO_MODE,c87dde3f195c4fe8a135dd7fcf0abcad,F1 :    800    4 0.10 -14.44 0.54 50.00  80.0  68.0,0.00 0.00 0.00 89.38 0.54 50.00 0.10 -14.44 6 63 6 63 80.0% 68.0% 400.000 0.000 0.00 -4.90 0.00  1.99 0.00 796.00 0.0% | 1200.00   30.00 HI -50.00 -50.00
2026-09-27T06:55:13.098,DEMO,DEMO,DEMO_MODE,c87dde3f195c4fe8a135dd7fcf0abcad,F1 :    800    4 0.10 -14.44 0.54 50.00  80.0  68.0,0.00 0.00 0.00 89.38 0.54 50.00 0.10 -14.44 6 63 6 63 80.0% 68.0% 400.000 0.000 0.00 -4.90 0.00  1.99 0.00 796.00 0.0% | 1200.00   30.00 HI -50.00 -50.00
2026-09-27T06:55:13.225,DEMO,DEMO,DEMO_MODE,c87dde3f195c4fe8a135dd7fcf0abcad,F1 :    800    4 0.10 -14.44 0.54 50.00  80.0  68.0,0.00 0.00 0.00 89.38 0.54 50.00 0.10 -14.44 6 63 6 63 80.0% 68.0% 400.000 0.000 0.00 -4.90 0.00  1.99 0.00 796.00 0.0% | 1200.00   30.00 HI -50.00 -50.00
2026-09-27T06:55:13.345,DEMO,DEMO,DEMO_MODE,c87dde3f195c4fe8a135dd7fcf0abcad,F1 :    800    4 0.10 -14.44 0.54 50.00  80.0  68.0,0.00 0.00 0.00 89.38 0.54 50.00 0.10 -14.44 6 63 6 63 80.0% 68.0% 400.000 0.000 0.00 -4.90 0.00  1.99 0.00 796.00 0.0% | 1200.00   30.00 HI -50.00 -50.00
2026-09-27T06:55:13.466,DEMO,DEMO,DEMO_MODE,c87dde3f195c4fe8a135dd7fcf0abcad,F1 :    800    4 0.10 -14.44 0.54 50.00  80.0  68.0,0.00 0.00 0.00 89.38 0.54 50.00 0.10 -14.44 6 63 6 63 80.0% 68.0% 400.000 0.000 0.00 -4.90 0.00  1.99 0.00 796.00 0.0% | 1200.00   30.00 HI -50.00 -50.00
2026-09-27T06:55:13.587,DEMO,DEMO,DEMO_MODE,c87dde3f195c4fe8a135dd7fcf0abcad,F1 :    800    4 0.10 -14.44 0.54 50.00  80.0  68.0,0.00 0.00 0.00 89.38 0.54 50.00 0.10 -14.44 6 63 6 63 80.0% 68.0% 400.000 0.000 0.00 -4.90 0.00  1.99 0.00 796.00 0.0% | 1200.00   30.00 HI -50.00 -50.00
2026-09-27T06:55:13.708,DEMO,DEMO,DEMO_MODE,c87dde3f195c4fe8a135dd7fcf0abcad,F1 :    800    4 0.10 -14.44 0.54 50.00  80.0  68.0,0.00 0.00 0.00 89.38 0.54 50.00 0.10 -14.44 6 63 6 63 80.0% 68.0% 400.000 0.000 0.00 -4.90 0.00  1.99 0.00 796.00 0.0% | 1200.00   30.00 HI -50.00 -50.00
2026-09-27T06:55:13.829,DEMO,DEMO,DEMO_MODE,c87dde3f195c4fe8a135dd7fcf0abcad,F1 :    800    4 0.10 -14.44 0.54 50.00  80.0  68.0,0.00 0.00 0.00 89.38 0.54 50.00 0.10 -14.44 6 63 6 63 80.0% 68.0% 400.000 0.000 0.00 -4.90 0.00  1.99 0.00 796.00 0.0% | 1200.00   30.00 HI -50.00 -50.00
2026-09-27T06:55:13.950,DEMO,DEMO,DEMO_MODE,c87dde3f195c4fe8a135dd7fcf0abcad,F1 :    800    4 0.10 -14.44 0.54 50.00  80.0  68.0,0.00 0.00 0.00 89.38 0.54 50.00 0.10 -14.44 6 63 6 63 80.0% 68.0% 400.000 0.000 0.00 -4.90 0.00  1.99 0.00 796.00 0.0% | 1200.00   30.00 HI -50.00 -50.00
2026-09-27T06:55:14.070,DEMO,DEMO,DEMO_MODE,c87dde3f195c4fe8a135dd7fcf0abcad,F1 :    800    4 0.10 -14.44 0.54 50.00  80.0  68.0,0.00 0.00 0.00 89.38 0.54 50.00 0.10 -14.44 6 63 6 63 80.0% 68.0% 400.000 0.000 0.00 -4.90 0.00  1.99 0.00 796.00 0.0% | 1200.00   30.00 HI -50.00 -50.00
2026-09-27T06:55:14.191,DEMO,DEMO,DEMO_MODE,c87dde3f195c4fe8a135dd7fcf0abcad,F1 :    800    4 0.10 -14.44 0.54 50.00  80.0  68.0,0.00 0.00 0.00 89.38 0.54 50.00 0.10 -14.44 6 63 6 63 80.0% 68.0% 400.000 0.000 0.00 -4.90 0.00  1.99 0.00 796.00 0.0% | 1200.00   30.00 HI -50.00 -50.00
2026-09-27T06:55:14.312,DEMO,DEMO,DEMO_MODE,c87dde3f195c4fe8a135dd7fcf0abcad,F1 :    800    4 0.10 -14.44 0.54 50.00  80.0  68.0,0.00 0.00 0.00 89.38 0.54 50.00 0.10 -14.44 6 63 6 63 80.0% 68.0% 400.000 0.000 0.00 -4.90 0.00  1.99 0.00 796.00 0.0% | 1200.00   30.00 HI -50.00 -50.00
2026-09-27T06:55:14.432,DEMO,DEMO,DEMO_MODE,c87dde3f195c4fe8a135dd7fcf0abcad,F1 :    800    4 0.10 -14.44 0.54 50.00  80.0  68.0,0.00 0.00 0.00 89.38 0.54 50.00 0.10 -14.44 6 63 6 63 80.0% 68.0% 400.000 0.000 0.00 -4.90 0.00  1.99 0.00 796.00 0.0% | 1200.00   30.00 HI -50.00 -50.00
2026-09-27T06:55:14.553,DEMO,DEMO,DEMO_MODE,c87dde3f195c4fe8a135dd7fcf0abcad,F1 :    800    4 0.10 -14.44 0.54 50.00  80.0  68.0,0.00 0.00 0.00 89.38 0.54 50.00 0.10 -14.44 6 63 6 63 80.0% 68.0% 400.000 0.000 0.00 -4.90 0.00  1.99 0.00 796.00 0.0% | 1200.00   30.00 HI -50.00 -50.00
2026-09-27T06:55:14.673,DEMO,DEMO,DEMO_MODE,c87dde3f195c4fe8a135dd7fcf0abcad,F1 :    800    4 0.10 -14.44 0.54 50.00  80.0  68.0,0.00 0.00 0.00 89.38 0.54 50.00 0.10 -14.44 6 63 6 63 80.0% 68.0% 400.000 0.000 0.00 -4.90 0.00  1.99 0.00 796.00 0.0% | 1200.00   30.00 HI -50.00 -50.00
2026-09-27T06:55:14.794,DEMO,DEMO,DEMO_MODE,c87dde3f195c4fe8a135dd7fcf0abcad,F1 :    800    4 0.10 -14.44 0.54 50.00  80.0  68.0,0.00 0.00 0.00 89.38 0.54 50.00 0.10 -14.44 6 63 6 63 80.0% 68.0% 400.000 0.000 0.00 -4.90 0.00  1.99 0.00 796.00 0.0% | 1200.00   30.00 HI -50.00 -50.00
2026-09-27T06:55:14.915,DEMO,DEMO,DEMO_MODE,c87dde3f195c4fe8a135dd7fcf0abcad,F1 :    800    4 0.10 -14.44 0.54 50.00  80.0  68.0,0.00 0.00 0.00 89.38 0.54 50.00 0.10 -14.44 6 63 6 63 80.0% 68.0% 400.000 0.000 0.00 -4.90 0.00  1.99 0.00 796.00 0.0% | 1200.00   30.00 HI -50.00 -50.00
2026-09-27T06:55:15.035,DEMO,DEMO,DEMO_MODE,c87dde3f195c4fe8a135dd7fcf0abcad,F1 :    800    4 0.10 -14.44 0.54 50.00  80.0  68.0,0.00 0.00 0.00 89.38 0.54 50.00 0.10 -14.44 6 63 6 63 80.0% 68.0% 400.000 0.000 0.00 -4.90 0.00  1.99 0.00 796.00 0.0% | 1200.00   30.00 HI -50.00 -50.00
2026-09-27T06:55:15.156,DEMO,DEMO,DEMO_MODE,c87dde3f195c4fe8a135dd7fcf0abcad,F1 :    800    4 0.10 -14.44 0.54 50.00  80.0  68.0,0.00 0.00 0.00 89.38 0.54 50.00 0.10 -14.44 6 63 6 63 80.0% 68.0% 400.000 0.000 0.00 -4.90 0.00  1.99 0.00 796.00 0.0% | 1200.00   30.00 HI -50.00 -50.00
2026-09-27T06:55:15.277,DEMO,DEMO,DEMO_MODE,c87dde3f195c4fe8a135dd7fcf0abcad,F1 :    800    4 0.10 -14.44 0.54 50.00  80.0  68.0,0.00 0.00 0.00 89.38 0.54 50.00 0.10 -14.44 6 63 6 63 80.0% 68.0% 400.000 0.000 0.00 -4.90 0.00  1.99 0.00 796.00 0.0% | 1200.00   30.00 HI -50.00 -50.00
2026-09-27T06:55:15.398,DEMO,DEMO,DEMO_MODE,c87dde3f195c4fe8a135dd7fcf0abcad,F1 :    900    0 0.10 -14.44 0.54 50.00  90.0  72.0,0.00 0.00 0.00 89.38 0.54 50.00 0.10 -14.44 6 63 6 63 90.0% 72.0% 450.000 0.000 0.00 -4.90 0.00  2.00 0.00 900.00 0.0% | 1200.00   40.00 HI -50.00 -50.00
2026-09-27T06:55:15.526,DEMO,DEMO,DEMO_MODE,c87dde3f195c4fe8a135dd7fcf0abcad,F1 :    900    0 0.10 -14.44 0.54 50.00  90.0  72.0,0.00 0.00 0.00 89.38 0.54 50.00 0.10 -14.44 6 63 6 63 90.0% 72.0% 450.000 0.000 0.00 -4.90 0.00  2.00 0.00 900.00 0.0% | 1200.00   40.00 HI -50.00 -50.00
2026-09-27T06:55:15.646,DEMO,DEMO,DEMO_MODE,c87dde3f195c4fe8a135dd7fcf0abcad,F1 :    900    0 0.10 -14.44 0.54 50.00  90.0  72.0,0.00 0.00 0.00 89.38 0.54 50.00 0.10 -14.44 6 63 6 63 90.0% 72.0% 450.000 0.000 0.00 -4.90 0.00  2.00 0.00 900.00 0.0% | 1200.00   40.00 HI -50.00 -50.00
2026-09-27T06:55:15.769,DEMO,DEMO,DEMO_MODE,c87dde3f195c4fe8a135dd7fcf0abcad,F1 :    900    0 0.10 -14.44 0.54 50.00  90.0  72.0,0.00 0.00 0.00 89.38 0.54 50.00 0.10 -14.44 6 63 6 63 90.0% 72.0% 450.000 0.000 0.00 -4.90 0.00  2.00 0.00 900.00 0.0% | 1200.00   40.00 HI -50.00 -50.00
2026-09-27T06:55:15.889,DEMO,DEMO,DEMO_MODE,c87dde3f195c4fe8a135dd7fcf0abcad,F1 :    900    0 0.10 -14.44 0.54 50.00  90.0  72.0,0.00 0.00 0.00 89.38 0.54 50.00 0.10 -14.44 6 63 6 63 90.0% 72.0% 450.000 0.000 0.00 -4.90 0.00  2.00 0.00 900.00 0.0% | 1200.00   40.00 HI -50.00 -50.00
2026-09-27T06:55:16.015,DEMO,DEMO,DEMO_MODE,c87dde3f195c4fe8a135dd7fcf0abcad,F1 :    900    0 0.10 -14.44 0.54 50.00  90.0  72.0,0.00 0.00 0.00 89.38 0.54 50.00 0.10 -14.44 6 63 6 63 90.0% 72.0% 450.000 0.000 0.00 -4.90 0.00  2.00 0.00 900.00 0.0% | 1200.00   40.00 HI -50.00 -50.00
2026-09-27T06:55:16.135,DEMO,DEMO,DEMO_MODE,c87dde3f195c4fe8a135dd7fcf0abcad,F1 :    900    0 0.10 -14.44 0.54 50.00  90.0  72.0,0.00 0.00 0.00 89.38 0.54 50.00 0.10 -14.44 6 63 6 63 90.0% 72.0% 450.000 0.000 0.00 -4.90 0.00  2.00 0.00 900.00 0.0% | 1200.00   40.00 HI -50.00 -50.00
2026-09-27T06:55:16.261,DEMO,DEMO,DEMO_MODE,c87dde3f195c4fe8a135dd7fcf0abcad,F1 :    900    0 0.10 -14.44 0.54 50.00  90.0  72.0,0.00 0.00 0.00 89.38 0.54 50.00 0.10 -14.44 6 63 6 63 90.0% 72.0% 450.000 0.000 0.00 -4.90 0.00  2.00 0.00 900.00 0.0% | 1200.00   40.00 HI -50.00 -50.00
2026-09-27T06:55:16.381,DEMO,DEMO,DEMO_MODE,c87dde3f195c4fe8a135dd7fcf0abcad,F1 :    900    0 0.10 -14.44 0.54 50.00  90.0  72.0,0.00 0.00 0.00 89.38 0.54 50.00 0.10 -14.44 6 63 6 63 90.0% 72.0% 450.000 0.000 0.00 -4.90 0.00  2.00 0.00 900.00 0.0% | 1200.00   40.00 HI -50.00 -50.00
2026-09-27T06:55:16.507,DEMO,DEMO,DEMO_MODE,c87dde3f195c4fe8a135dd7fcf0abcad,F1 :    900    0 0.10 -14.44 0.54 50.00  90.0  72.0,0.00 0.00 0.00 89.38 0.54 50.00 0.10 -14.44 6 63 6 63 90.0% 72.0% 450.000 0.000 0.00 -4.90 0.00  2.00 0.00 900.00 0.0% | 1200.00   40.00 HI -50.00 -50.00
2026-09-27T06:55:16.628,DEMO,DEMO,DEMO_MODE,c87dde3f195c4fe8a135dd7fcf0abcad,F1 :    900    0 0.10 -14.44 0.54 50.00  90.0  72.0,0.00 0.00 0.00 89.38 0.54 50.00 0.10 -14.44 6 63 6 63 90.0% 72.0% 450.000 0.000 0.00 -4.90 0.00  2.00 0.00 900.00 0.0% | 1200.00   40.00 HI -50.00 -50.00
2026-09-27T06:55:16.755,DEMO,DEMO,DEMO_MODE,c87dde3f195c4fe8a135dd7fcf0abcad,F1 :    900    0 0.10 -14.44 0.54 50.00  90.0  72.0,0.00 0.00 0.00 89.38 0.54 50.00 0.10 -14.44 6 63 6 63 90.0% 72.0% 450.000 0.000 0.00 -4.90 0.00  2.00 0.00 900.00 0.0% | 1200.00   40.00 HI -50.00 -50.00
2026-09-27T06:55:16.875,DEMO,DEMO,DEMO_MODE,c87dde3f195c4fe8a135dd7fcf0abcad,F1 :    900    0 0.10 -14.44 0.54 50.00  90.0  72.0,0.00 0.00 0.00 89.38 0.54 50.00 0.10 -14.44 6 63 6 63 90.0% 72.0% 450.000 0.000 0.00 -4.90 0.00  2.00 0.00 900.00 0.0% | 1200.00   40.00 HI -50.00 -50.00
2026-09-27T06:55:17.000,DEMO,DEMO,DEMO_MODE,c87dde3f195c4fe8a135dd7fcf0abcad,F1 :    900    0 0.10 -14.44 0.54 50.00  90.0  72.0,0.00 0.00 0.00 89.38 0.54 50.00 0.10 -14.44 6 63 6 63 90.0% 72.0% 450.000 0.000 0.00 -4.90 0.00  2.00 0.00 900.00 0.0% | 1200.00   40.00 HI -50.00 -50.00
2026-09-27T06:55:17.121,DEMO,DEMO,DEMO_MODE,c87dde3f195c4fe8a135dd7fcf0abcad,F1 :    900    0 0.10 -14.44 0.54 50.00  90.0  72.0,0.00 0.00 0.00 89.38 0.54 50.00 0.10 -14.44 6 63 6 63 90.0% 72.0% 450.000 0.000 0.00 -4.90 0.00  2.00 0.00 900.00 0.0% | 1200.00   40.00 HI -50.00 -50.00
2026-09-27T06:55:17.246,DEMO,DEMO,DEMO_MODE,c87dde3f195c4fe8a135dd7fcf0abcad,F1 :    900    0 0.10 -14.44 0.54 50.00  90.0  72.0,0.00 0.00 0.00 89.38 0.54 50.00 0.10 -14.44 6 63 6 63 90.0% 72.0% 450.000 0.000 0.00 -4.90 0.00  2.00 0.00 900.00 0.0% | 1200.00   40.00 HI -50.00 -50.00
2026-09-27T06:55:17.367,DEMO,DEMO,DEMO_MODE,c87dde3f195c4fe8a135dd7fcf0abcad,F1 :    900    0 0.10 -14.44 0.54 50.00  90.0  72.0,0.00 0.00 0.00 89.38 0.54 50.00 0.10 -14.44 6 63 6 63 90.0% 72.0% 450.000 0.000 0.00 -4.90 0.00  2.00 0.00 900.00 0.0% | 1200.00   40.00 HI -50.00 -50.00
2026-09-27T06:55:17.492,DEMO,DEMO,DEMO_MODE,c87dde3f195c4fe8a135dd7fcf0abcad,F1 :    900    0 0.10 -14.44 0.54 50.00  90.0  72.0,0.00 0.00 0.00 89.38 0.54 50.00 0.10 -14.44 6 63 6 63 90.0% 72.0% 450.000 0.000 0.00 -4.90 0.00  2.00 0.00 900.00 0.0% | 1200.00   40.00 HI -50.00 -50.00
2026-09-27T06:55:17.613,DEMO,DEMO,DEMO_MODE,c87dde3f195c4fe8a135dd7fcf0abcad,F1 :    900    0 0.10 -14.44 0.54 50.00  90.0  72.0,0.00 0.00 0.00 89.38 0.54 50.00 0.10 -14.44 6 63 6 63 90.0% 72.0% 450.000 0.000 0.00 -4.90 0.00  2.00 0.00 900.00 0.0% | 1200.00   40.00 HI -50.00 -50.00
2026-09-27T06:55:17.739,DEMO,DEMO,DEMO_MODE,c87dde3f195c4fe8a135dd7fcf0abcad,F1 :    900    0 0.10 -14.44 0.54 50.00  90.0  72.0,0.00 0.00 0.00 89.38 0.54 50.00 0.10 -14.44 6 63 6 63 90.0% 72.0% 450.000 0.000 0.00 -4.90 0.00  2.00 0.00 900.00 0.0% | 1200.00   40.00 HI -50.00 -50.00
2026-09-27T06:55:17.860,DEMO,DEMO,DEMO_MODE,c87dde3f195c4fe8a135dd7fcf0abcad,F1 :    900    0 0.10 -14.44 0.54 50.00  90.0  72.0,0.00 0.00 0.00 89.38 0.54 50.00 0.10 -14.44 6 63 6 63 90.0% 72.0% 450.000 0.000 0.00 -4.90 0.00  2.00 0.00 900.00 0.0% | 1200.00   40.00 HI -50.00 -50.00
2026-09-27T06:55:17.980,DEMO,DEMO,DEMO_MODE,c87dde3f195c4fe8a135dd7fcf0abcad,F1 :    900    0 0.10 -14.44 0.54 50.00  90.0  72.0,0.00 0.00 0.00 89.38 0.54 50.00 0.10 -14.44 6 63 6 63 90.0% 72.0% 450.000 0.000 0.00 -4.90 0.00  2.00 0.00 900.00 0.0% | 1200.00   40.00 HI -50.00 -50.00
2026-09-27T06:55:18.100,DEMO,DEMO,DEMO_MODE,c87dde3f195c4fe8a135dd7fcf0abcad,F1 :    900    0 0.10 -14.44 0.54 50.00  90.0  72.0,0.00 0.00 0.00 89.38 0.54 50.00 0.10 -14.44 6 63 6 63 90.0% 72.0% 450.000 0.000 0.00 -4.90 0.00  2.00 0.00 900.00 0.0% | 1200.00   40.00 HI -50.00 -50.00
2026-09-27T06:55:18.221,DEMO,DEMO,DEMO_MODE,c87dde3f195c4fe8a135dd7fcf0abcad,F1 :    900    0 0.10 -14.44 0.54 50.00  90.0  72.0,0.00 0.00 0.00 89.38 0.54 50.00 0.10 -14.44 6 63 6 63 90.0% 72.0% 450.000 0.000 0.00 -4.90 0.00  2.00 0.00 900.00 0.0% | 1200.00   40.00 HI -50.00 -50.00
2026-09-27T06:55:18.341,DEMO,DEMO,DEMO_MODE,c87dde3f195c4fe8a135dd7fcf0abcad,F1 :    900    0 0.10 -14.44 0.54 50.00  90.0  72.0,0.00 0.00 0.00 89.38 0.54 50.00 0.10 -14.44 6 63 6 63 90.0% 72.0% 450.000 0.000 0.00 -4.90 0.00  2.00 0.00 900.00 0.0% | 1200.00   40.00 HI -50.00 -50.00
2026-09-27T06:55:18.462,DEMO,DEMO,DEMO_MODE,c87dde3f195c4fe8a135dd7fcf0abcad,F1 :    900    0 0.10 -14.44 0.54 50.00  90.0  72.0,0.00 0.00 0.00 89.38 0.54 50.00 0.10 -14.44 6 63 6 63 90.0% 72.0% 450.000 0.000 0.00 -4.90 0.00  2.00 0.00 900.00 0.0% | 1200.00   40.00 HI -50.00 -50.00
2026-09-27T06:55:18.582,DEMO,DEMO,DEMO_MODE,c87dde3f195c4fe8a135dd7fcf0abcad,F1 :    900    0 0.10 -14.44 0.54 50.00  90.0  72.0,0.00 0.00 0.00 89.38 0.54 50.00 0.10 -14.44 6 63 6 63 90.0% 72.0% 450.000 0.000 0.00 -4.90 0.00  2.00 0.00 900.00 0.0% | 1200.00   40.00 HI -50.00 -50.00
2026-09-27T06:55:18.703,DEMO,DEMO,DEMO_MODE,c87dde3f195c4fe8a135dd7fcf0abcad,F1 :    900    0 0.10 -14.44 0.54 50.00  90.0  72.0,0.00 0.00 0.00 89.38 0.54 50.00 0.10 -14.44 6 63 6 63 90.0% 72.0% 450.000 0.000 0.00 -4.90 0.00  2.00 0.00 900.00 0.0% | 1200.00   40.00 HI -50.00 -50.00
2026-09-27T06:55:18.824,DEMO,DEMO,DEMO_MODE,c87dde3f195c4fe8a135dd7fcf0abcad,F1 :    900    0 0.10 -14.44 0.54 50.00  90.0  72.0,0.00 0.00 0.00 89.38 0.54 50.00 0.10 -14.44 6 63 6 63 90.0% 72.0% 450.000 0.000 0.00 -4.90 0.00  2.00 0.00 900.00 0.0% | 1200.00   40.00 HI -50.00 -50.00
2026-09-27T06:55:18.945,DEMO,DEMO,DEMO_MODE,c87dde3f195c4fe8a135dd7fcf0abcad,F1 :    900    0 0.10 -14.44 0.54 50.00  90.0  72.0,0.00 0.00 0.00 89.38 0.54 50.00 0.10 -14.44 6 63 6 63 90.0% 72.0% 450.000 0.000 0.00 -4.90 0.00  2.00 0.00 900.00 0.0% | 1200.00   40.00 HI -50.00 -50.00
2026-09-27T06:55:19.066,DEMO,DEMO,DEMO_MODE,c87dde3f195c4fe8a135dd7fcf0abcad,F1 :    900    0 0.10 -14.44 0.54 50.00  90.0  72.0,0.00 0.00 0.00 89.38 0.54 50.00 0.10 -14.44 6 63 6 63 90.0% 72.0% 450.000 0.000 0.00 -4.90 0.00  2.00 0.00 900.00 0.0% | 1200.00   40.00 HI -50.00 -50.00
2026-09-27T06:55:19.187,DEMO,DEMO,DEMO_MODE,c87dde3f195c4fe8a135dd7fcf0abcad,F1 :    900    0 0.10 -14.44 0.54 50.00  90.0  72.0,0.00 0.00 0.00 89.38 0.54 50.00 0.10 -14.44 6 63 6 63 90.0% 72.0% 450.000 0.000 0.00 -4.90 0.00  2.00 0.00 900.00 0.0% | 1200.00   40.00 HI -50.00 -50.00
2026-09-27T06:55:19.307,DEMO,DEMO,DEMO_MODE,c87dde3f195c4fe8a135dd7fcf0abcad,F1 :    900    0 0.10 -14.44 0.54 50.00  90.0  72.0,0.00 0.00 0.00 89.38 0.54 50.00 0.10 -14.44 6 63 6 63 90.0% 72.0% 450.000 0.000 0.00 -4.90 0.00  2.00 0.00 900.00 0.0% | 1200.00   40.00 HI -50.00 -50.00
2026-09-27T06:55:19.428,DEMO,DEMO,DEMO_MODE,c87dde3f195c4fe8a135dd7fcf0abcad,F1 :    900    0 0.10 -14.44 0.54 50.00  90.0  72.0,0.00 0.00 0.00 89.38 0.54 50.00 0.10 -14.44 6 63 6 63 90.0% 72.0% 450.000 0.000 0.00 -4.90 0.00  2.00 0.00 900.00 0.0% | 1200.00   40.00 HI -50.00 -50.00
2026-09-27T06:55:19.549,DEMO,DEMO,DEMO_MODE,c87dde3f195c4fe8a135dd7fcf0abcad,F1 :    900    0 0.10 -14.44 0.54 50.00  90.0  72.0,0.00 0.00 0.00 89.38 0.54 50.00 0.10 -14.44 6 63 6 63 90.0% 72.0% 450.000 0.000 0.00 -4.90 0.00  2.00 0.00 900.00 0.0% | 1200.00   40.00 HI -50.00 -50.00
2026-09-27T06:55:19.670,DEMO,DEMO,DEMO_MODE,c87dde3f195c4fe8a135dd7fcf0abcad,F1 :    900    0 0.10 -14.44 0.54 50.00  90.0  72.0,0.00 0.00 0.00 89.38 0.54 50.00 0.10 -14.44 6 63 6 63 90.0% 72.0% 450.000 0.000 0.00 -4.90 0.00  2.00 0.00 900.00 0.0% | 1200.00   40.00 HI -50.00 -50.00
2026-09-27T06:55:19.791,DEMO,DEMO,DEMO_MODE,c87dde3f195c4fe8a135dd7fcf0abcad,F1 :    900    0 0.10 -14.44 0.54 50.00  90.0  72.0,0.00 0.00 0.00 89.38 0.54 50.00 0.10 -14.44 6 63 6 63 90.0% 72.0% 450.000 0.000 0.00 -4.90 0.00  2.00 0.00 900.00 0.0% | 1200.00   40.00 HI -50.00 -50.00
2026-09-27T06:55:19.911,DEMO,DEMO,DEMO_MODE,c87dde3f195c4fe8a135dd7fcf0abcad,F1 :    900    0 0.10 -14.44 0.54 50.00  90.0  72.0,0.00 0.00 0.00 89.38 0.54 50.00 0.10 -14.44 6 63 6 63 90.0% 72.0% 450.000 0.000 0.00 -4.90 0.00  2.00 0.00 900.00 0.0% | 1200.00   40.00 HI -50.00 -50.00
2026-09-27T06:55:20.032,DEMO,DEMO,DEMO_MODE,c87dde3f195c4fe8a135dd7fcf0abcad,F1 :    900    0 0.10 -14.44 0.54 50.00  90.0  72.0,0.00 0.00 0.00 89.38 0.54 50.00 0.10 -14.44 6 63 6 63 90.0% 72.0% 450.000 0.000 0.00 -4.90 0.00  2.00 0.00 900.00 0.0% | 1200.00   40.00 HI -50.00 -50.00
2026-09-27T06:55:20.153,DEMO,DEMO,DEMO_MODE,c87dde3f195c4fe8a135dd7fcf0abcad,F1 :    900    0 0.10 -14.44 0.54 50.00  90.0  72.0,0.00 0.00 0.00 89.38 0.54 50.00 0.10 -14.44 6 63 6 63 90.0% 72.0% 450.000 0.000 0.00 -4.90 0.00  2.00 0.00 900.00 0.0% | 1200.00   40.00 HI -50.00 -50.00
2026-09-27T06:55:20.274,DEMO,DEMO,DEMO_MODE,c87dde3f195c4fe8a135dd7fcf0abcad,F1 :    900    0 0.10 -14.44 0.54 50.00  90.0  72.0,0.00 0.00 0.00 89.38 0.54 50.00 0.10 -14.44 6 63 6 63 90.0% 72.0% 450.000 0.000 0.00 -4.90 0.00  2.00 0.00 900.00 0.0% | 1200.00   40.00 HI -50.00 -50.00
2026-09-27T06:55:20.395,DEMO,DEMO,DEMO_MODE,c87dde3f195c4fe8a135dd7fcf0abcad,F1 :    900    0 0.10 -14.44 0.54 50.00  90.0  72.0,0.00 0.00 0.00 89.38 0.54 50.00 0.10 -14.44 6 63 6 63 90.0% 72.0% 450.000 0.000 0.00 -4.90 0.00  2.00 0.00 900.00 0.0% | 1200.00   40.00 HI -50.00 -50.00
2026-09-27T06:55:20.516,DEMO,DEMO,DEMO_MODE,c87dde3f195c4fe8a135dd7fcf0abcad,F1 :    900    0 0.10 -14.44 0.54 50.00  90.0  76.0,0.00 0.00 0.00 89.38 0.54 50.00 0.10 -14.44 6 63 6 63 90.0% 76.0% 450.000 0.000 0.00 -4.90 0.00  2.00 0.00 900.00 0.0% | 1200.00   40.00 HI -50.00 -50.00
2026-09-27T06:55:20.636,DEMO,DEMO,DEMO_MODE,c87dde3f195c4fe8a135dd7fcf0abcad,F1 :    900    0 0.10 -14.44 0.54 50.00  90.0  76.0,0.00 0.00 0.00 89.38 0.54 50.00 0.10 -14.44 6 63 6 63 90.0% 76.0% 450.000 0.000 0.00 -4.90 0.00  2.00 0.00 900.00 0.0% | 1200.00   40.00 HI -50.00 -50.00
2026-09-27T06:55:20.757,DEMO,DEMO,DEMO_MODE,c87dde3f195c4fe8a135dd7fcf0abcad,F1 :    900    0 0.10 -14.44 0.54 50.00  90.0  76.0,0.00 0.00 0.00 89.38 0.54 50.00 0.10 -14.44 6 63 6 63 90.0% 76.0% 450.000 0.000 0.00 -4.90 0.00  2.00 0.00 900.00 0.0% | 1200.00   40.00 HI -50.00 -50.00
2026-09-27T06:55:20.878,DEMO,DEMO,DEMO_MODE,c87dde3f195c4fe8a135dd7fcf0abcad,F1 :    900    0 0.10 -14.44 0.54 50.00  90.0  76.0,0.00 0.00 0.00 89.38 0.54 50.00 0.10 -14.44 6 63 6 63 90.0% 76.0% 450.000 0.000 0.00 -4.90 0.00  2.00 0.00 900.00 0.0% | 1200.00   40.00 HI -50.00 -50.00
2026-09-27T06:55:21.004,DEMO,DEMO,DEMO_MODE,c87dde3f195c4fe8a135dd7fcf0abcad,F1 :    900    0 0.10 -14.44 0.54 50.00  90.0  76.0,0.00 0.00 0.00 89.38 0.54 50.00 0.10 -14.44 6 63 6 63 90.0% 76.0% 450.000 0.000 0.00 -4.90 0.00  2.00 0.00 900.00 0.0% | 1200.00   40.00 HI -50.00 -50.00
2026-09-27T06:55:21.124,DEMO,DEMO,DEMO_MODE,c87dde3f195c4fe8a135dd7fcf0abcad,F1 :    900    0 0.10 -14.44 0.54 50.00  90.0  76.0,0.00 0.00 0.00 89.38 0.54 50.00 0.10 -14.44 6 63 6 63 90.0% 76.0% 450.000 0.000 0.00 -4.90 0.00  2.00 0.00 900.00 0.0% | 1200.00   40.00 HI -50.00 -50.00
2026-09-27T06:55:21.251,DEMO,DEMO,DEMO_MODE,c87dde3f195c4fe8a135dd7fcf0abcad,F1 :    900    0 0.10 -14.44 0.54 50.00  90.0  76.0,0.00 0.00 0.00 89.38 0.54 50.00 0.10 -14.44 6 63 6 63 90.0% 76.0% 450.000 0.000 0.00 -4.90 0.00  2.00 0.00 900.00 0.0% | 1200.00   40.00 HI -50.00 -50.00
2026-09-27T06:55:21.372,DEMO,DEMO,DEMO_MODE,c87dde3f195c4fe8a135dd7fcf0abcad,F1 :    900    0 0.10 -14.44 0.54 50.00  90.0  76.0,0.00 0.00 0.00 89.38 0.54 50.00 0.10 -14.44 6 63 6 63 90.0% 76.0% 450.000 0.000 0.00 -4.90 0.00  2.00 0.00 900.00 0.0% | 1200.00   40.00 HI -50.00 -50.00
2026-09-27T06:55:21.499,DEMO,DEMO,DEMO_MODE,c87dde3f195c4fe8a135dd7fcf0abcad,F1 :    900    0 0.10 -14.44 0.54 50.00  90.0  76.0,0.00 0.00 0.00 89.38 0.54 50.00 0.10 -14.44 6 63 6 63 90.0% 76.0% 450.000 0.000 0.00 -4.90 0.00  2.00 0.00 900.00 0.0% | 1200.00   40.00 HI -50.00 -50.00
2026-09-27T06:55:21.620,DEMO,DEMO,DEMO_MODE,c87dde3f195c4fe8a135dd7fcf0abcad,F1 :    900    0 0.10 -14.44 0.54 50.00  90.0  76.0,0.00 0.00 0.00 89.38 0.54 50.00 0.10 -14.44 6 63 6 63 90.0% 76.0% 450.000 0.000 0.00 -4.90 0.00  2.00 0.00 900.00 0.0% | 1200.00   40.00 HI -50.00 -50.00
2026-09-27T06:55:21.746,DEMO,DEMO,DEMO_MODE,c87dde3f195c4fe8a135dd7fcf0abcad,F1 :    900    0 0.10 -14.44 0.54 50.00  90.0  76.0,0.00 0.00 0.00 89.38 0.54 50.00 0.10 -14.44 6 63 6 63 90.0% 76.0% 450.000 0.000 0.00 -4.90 0.00  2.00 0.00 900.00 0.0% | 1200.00   40.00 HI -50.00 -50.00
2026-09-27T06:55:21.867,DEMO,DEMO,DEMO_MODE,c87dde3f195c4fe8a135dd7fcf0abcad,F1 :    900    0 0.10 -14.44 0.54 50.00  90.0  76.0,0.00 0.00 0.00 89.38 0.54 50.00 0.10 -14.44 6 63 6 63 90.0% 76.0% 450.000 0.000 0.00 -4.90 0.00  2.00 0.00 900.00 0.0% | 1200.00   40.00 HI -50.00 -50.00
2026-09-27T06:55:21.993,DEMO,DEMO,DEMO_MODE,c87dde3f195c4fe8a135dd7fcf0abcad,F1 :    900    0 0.10 -14.44 0.54 50.00  90.0  76.0,0.00 0.00 0.00 89.38 0.54 50.00 0.10 -14.44 6 63 6 63 90.0% 76.0% 450.000 0.000 0.00 -4.90 0.00  2.00 0.00 900.00 0.0% | 1200.00   40.00 HI -50.00 -50.00
2026-09-27T06:55:22.120,DEMO,DEMO,DEMO_MODE,c87dde3f195c4fe8a135dd7fcf0abcad,F1 :    900    0 0.10 -14.44 0.54 50.00  90.0  76.0,0.00 0.00 0.00 89.38 0.54 50.00 0.10 -14.44 6 63 6 63 90.0% 76.0% 450.000 0.000 0.00 -4.90 0.00  2.00 0.00 900.00 0.0% | 1200.00   40.00 HI -50.00 -50.00
2026-09-27T06:55:22.246,DEMO,DEMO,DEMO_MODE,c87dde3f195c4fe8a135dd7fcf0abcad,F1 :    900    0 0.10 -14.44 0.54 50.00  90.0  76.0,0.00 0.00 0.00 89.38 0.54 50.00 0.10 -14.44 6 63 6 63 90.0% 76.0% 450.000 0.000 0.00 -4.90 0.00  2.00 0.00 900.00 0.0% | 1200.00   40.00 HI -50.00 -50.00
2026-09-27T06:55:22.367,DEMO,DEMO,DEMO_MODE,c87dde3f195c4fe8a135dd7fcf0abcad,F1 :    900    0 0.10 -14.44 0.54 50.00  90.0  76.0,0.00 0.00 0.00 89.38 0.54 50.00 0.10 -14.44 6 63 6 63 90.0% 76.0% 450.000 0.000 0.00 -4.90 0.00  2.00 0.00 900.00 0.0% | 1200.00   40.00 HI -50.00 -50.00
2026-09-27T06:55:22.493,DEMO,DEMO,DEMO_MODE,c87dde3f195c4fe8a135dd7fcf0abcad,F1 :    900    0 0.10 -14.44 0.54 50.00  90.0  76.0,0.00 0.00 0.00 89.38 0.54 50.00 0.10 -14.44 6 63 6 63 90.0% 76.0% 450.000 0.000 0.00 -4.90 0.00  2.00 0.00 900.00 0.0% | 1200.00   40.00 HI -50.00 -50.00
2026-09-27T06:55:22.614,DEMO,DEMO,DEMO_MODE,c87dde3f195c4fe8a135dd7fcf0abcad,F1 :    900    0 0.10 -14.44 0.54 50.00  90.0  76.0,0.00 0.00 0.00 89.38 0.54 50.00 0.10 -14.44 6 63 6 63 90.0% 76.0% 450.000 0.000 0.00 -4.90 0.00  2.00 0.00 900.00 0.0% | 1200.00   40.00 HI -50.00 -50.00
2026-09-27T06:55:22.739,DEMO,DEMO,DEMO_MODE,c87dde3f195c4fe8a135dd7fcf0abcad,F1 :    900    0 0.10 -14.44 0.54 50.00  90.0  76.0,0.00 0.00 0.00 89.38 0.54 50.00 0.10 -14.44 6 63 6 63 90.0% 76.0% 450.000 0.000 0.00 -4.90 0.00  2.00 0.00 900.00 0.0% | 1200.00   40.00 HI -50.00 -50.00
2026-09-27T06:55:22.860,DEMO,DEMO,DEMO_MODE,c87dde3f195c4fe8a135dd7fcf0abcad,F1 :    900    0 0.10 -14.44 0.54 50.00  90.0  76.0,0.00 0.00 0.00 89.38 0.54 50.00 0.10 -14.44 6 63 6 63 90.0% 76.0% 450.000 0.000 0.00 -4.90 0.00  2.00 0.00 900.00 0.0% | 1200.00   40.00 HI -50.00 -50.00
2026-09-27T06:55:22.986,DEMO,DEMO,DEMO_MODE,c87dde3f195c4fe8a135dd7fcf0abcad,F1 :    900    0 0.10 -14.44 0.54 50.00  90.0  76.0,0.00 0.00 0.00 89.38 0.54 50.00 0.10 -14.44 6 63 6 63 90.0% 76.0% 450.000 0.000 0.00 -4.90 0.00  2.00 0.00 900.00 0.0% | 1200.00   40.00 HI -50.00 -50.00
2026-09-27T06:55:23.112,DEMO,DEMO,DEMO_MODE,c87dde3f195c4fe8a135dd7fcf0abcad,F1 :    900    0 0.10 -14.44 0.54 50.00  90.0  76.0,0.00 0.00 0.00 89.38 0.54 50.00 0.10 -14.44 6 63 6 63 90.0% 76.0% 450.000 0.000 0.00 -4.90 0.00  2.00 0.00 900.00 0.0% | 1200.00   40.00 HI -50.00 -50.00
2026-09-27T06:55:23.238,DEMO,DEMO,DEMO_MODE,c87dde3f195c4fe8a135dd7fcf0abcad,F1 :    900    0 0.10 -14.44 0.54 50.00  90.0  76.0,0.00 0.00 0.00 89.38 0.54 50.00 0.10 -14.44 6 63 6 63 90.0% 76.0% 450.000 0.000 0.00 -4.90 0.00  2.00 0.00 900.00 0.0% | 1200.00   40.00 HI -50.00 -50.00
2026-09-27T06:55:23.359,DEMO,DEMO,DEMO_MODE,c87dde3f195c4fe8a135dd7fcf0abcad,F1 :    900    0 0.10 -14.44 0.54 50.00  90.0  76.0,0.00 0.00 0.00 89.38 0.54 50.00 0.10 -14.44 6 63 6 63 90.0% 76.0% 450.000 0.000 0.00 -4.90 0.00  2.00 0.00 900.00 0.0% | 1200.00   40.00 HI -50.00 -50.00
2026-09-27T06:55:23.485,DEMO,DEMO,DEMO_MODE,c87dde3f195c4fe8a135dd7fcf0abcad,F1 :    900    0 0.10 -14.44 0.54 50.00  90.0  76.0,0.00 0.00 0.00 89.38 0.54 50.00 0.10 -14.44 6 63 6 63 90.0% 76.0% 450.000 0.000 0.00 -4.90 0.00  2.00 0.00 900.00 0.0% | 1200.00   40.00 HI -50.00 -50.00
2026-09-27T06:55:23.605,DEMO,DEMO,DEMO_MODE,c87dde3f195c4fe8a135dd7fcf0abcad,F1 :    900    0 0.10 -14.44 0.54 50.00  90.0  76.0,0.00 0.00 0.00 89.38 0.54 50.00 0.10 -14.44 6 63 6 63 90.0% 76.0% 450.000 0.000 0.00 -4.90 0.00  2.00 0.00 900.00 0.0% | 1200.00   40.00 HI -50.00 -50.00
2026-09-27T06:55:23.732,DEMO,DEMO,DEMO_MODE,c87dde3f195c4fe8a135dd7fcf0abcad,F1 :    900    0 0.10 -14.44 0.54 50.00  90.0  76.0,0.00 0.00 0.00 89.38 0.54 50.00 0.10 -14.44 6 63 6 63 90.0% 76.0% 450.000 0.000 0.00 -4.90 0.00  2.00 0.00 900.00 0.0% | 1200.00   40.00 HI -50.00 -50.00
2026-09-27T06:55:23.852,DEMO,DEMO,DEMO_MODE,c87dde3f195c4fe8a135dd7fcf0abcad,F1 :    900    0 0.10 -14.44 0.54 50.00  90.0  76.0,0.00 0.00 0.00 89.38 0.54 50.00 0.10 -14.44 6 63 6 63 90.0% 76.0% 450.000 0.000 0.00 -4.90 0.00  2.00 0.00 900.00 0.0% | 1200.00   40.00 HI -50.00 -50.00
2026-09-27T06:55:23.978,DEMO,DEMO,DEMO_MODE,c87dde3f195c4fe8a135dd7fcf0abcad,F1 :    900    0 0.10 -14.44 0.54 50.00  90.0  76.0,0.00 0.00 0.00 89.38 0.54 50.00 0.10 -14.44 6 63 6 63 90.0% 76.0% 450.000 0.000 0.00 -4.90 0.00  2.00 0.00 900.00 0.0% | 1200.00   40.00 HI -50.00 -50.00
2026-09-27T06:55:24.099,DEMO,DEMO,DEMO_MODE,c87dde3f195c4fe8a135dd7fcf0abcad,F1 :    900    0 0.10 -14.44 0.54 50.00  90.0  76.0,0.00 0.00 0.00 89.38 0.54 50.00 0.10 -14.44 6 63 6 63 90.0% 76.0% 450.000 0.000 0.00 -4.90 0.00  2.00 0.00 900.00 0.0% | 1200.00   40.00 HI -50.00 -50.00
2026-09-27T06:55:24.225,DEMO,DEMO,DEMO_MODE,c87dde3f195c4fe8a135dd7fcf0abcad,F1 :    900    0 0.10 -14.44 0.54 50.00  90.0  76.0,0.00 0.00 0.00 89.38 0.54 50.00 0.10 -14.44 6 63 6 63 90.0% 76.0% 450.000 0.000 0.00 -4.90 0.00  2.00 0.00 900.00 0.0% | 1200.00   40.00 HI -50.00 -50.00
2026-09-27T06:55:24.345,DEMO,DEMO,DEMO_MODE,c87dde3f195c4fe8a135dd7fcf0abcad,F1 :    900    0 0.10 -14.44 0.54 50.00  90.0  76.0,0.00 0.00 0.00 89.38 0.54 50.00 0.10 -14.44 6 63 6 63 90.0% 76.0% 450.000 0.000 0.00 -4.90 0.00  2.00 0.00 900.00 0.0% | 1200.00   40.00 HI -50.00 -50.00
2026-09-27T06:55:24.466,DEMO,DEMO,DEMO_MODE,c87dde3f195c4fe8a135dd7fcf0abcad,F1 :    900    0 0.10 -14.44 0.54 50.00  90.0  76.0,0.00 0.00 0.00 89.38 0.54 50.00 0.10 -14.44 6 63 6 63 90.0% 76.0% 450.000 0.000 0.00 -4.90 0.00  2.00 0.00 900.00 0.0% | 1200.00   40.00 HI -50.00 -50.00
2026-09-27T06:55:24.587,DEMO,DEMO,DEMO_MODE,c87dde3f195c4fe8a135dd7fcf0abcad,F1 :    900    1 0.10 -14.44 0.54 50.00  90.0  76.0,0.00 0.00 0.00 89.38 0.54 50.00 0.10 -14.44 6 63 6 63 90.0% 76.0% 450.000 0.000 0.00 -4.90 0.00  2.00 0.00 899.00 0.0% | 1200.00   40.00 HI -50.00 -50.00
2026-09-27T06:55:24.707,DEMO,DEMO,DEMO_MODE,c87dde3f195c4fe8a135dd7fcf0abcad,F1 :    900    1 0.10 -14.44 0.54 50.00  90.0  76.0,0.00 0.00 0.00 89.38 0.54 50.00 0.10 -14.44 6 63 6 63 90.0% 76.0% 450.000 0.000 0.00 -4.90 0.00  2.00 0.00 899.00 0.0% | 1200.00   40.00 HI -50.00 -50.00
2026-09-27T06:55:24.828,DEMO,DEMO,DEMO_MODE,c87dde3f195c4fe8a135dd7fcf0abcad,F1 :    900    1 0.10 -14.44 0.54 50.00  90.0  76.0,0.00 0.00 0.00 89.38 0.54 50.00 0.10 -14.44 6 63 6 63 90.0% 76.0% 450.000 0.000 0.00 -4.90 0.00  2.00 0.00 899.00 0.0% | 1200.00   40.00 HI -50.00 -50.00
2026-09-27T06:55:24.949,DEMO,DEMO,DEMO_MODE,c87dde3f195c4fe8a135dd7fcf0abcad,F1 :    900    1 0.10 -14.44 0.54 50.00  90.0  76.0,0.00 0.00 0.00 89.38 0.54 50.00 0.10 -14.44 6 63 6 63 90.0% 76.0% 450.000 0.000 0.00 -4.90 0.00  2.00 0.00 899.00 0.0% | 1200.00   40.00 HI -50.00 -50.00
2026-09-27T06:55:25.070,DEMO,DEMO,DEMO_MODE,c87dde3f195c4fe8a135dd7fcf0abcad,F1 :    900    1 0.10 -14.44 0.54 50.00  90.0  76.0,0.00 0.00 0.00 89.38 0.54 50.00 0.10 -14.44 6 63 6 63 90.0% 76.0% 450.000 0.000 0.00 -4.90 0.00  2.00 0.00 899.00 0.0% | 1200.00   40.00 HI -50.00 -50.00
2026-09-27T06:55:25.191,DEMO,DEMO,DEMO_MODE,c87dde3f195c4fe8a135dd7fcf0abcad,F1 :    900    1 0.10 -14.44 0.54 50.00  90.0  76.0,0.00 0.00 0.00 89.38 0.54 50.00 0.10 -14.44 6 63 6 63 90.0% 76.0% 450.000 0.000 0.00 -4.90 0.00  2.00 0.00 899.00 0.0% | 1200.00   40.00 HI -50.00 -50.00
2026-09-27T06:55:25.312,DEMO,DEMO,DEMO_MODE,c87dde3f195c4fe8a135dd7fcf0abcad,F1 :    900    1 0.10 -14.44 0.54 50.00  90.0  76.0,0.00 0.00 0.00 89.38 0.54 50.00 0.10 -14.44 6 63 6 63 90.0% 76.0% 450.000 0.000 0.00 -4.90 0.00  2.00 0.00 899.00 0.0% | 1200.00   40.00 HI -50.00 -50.00
2026-09-27T06:55:25.433,DEMO,DEMO,DEMO_MODE,c87dde3f195c4fe8a135dd7fcf0abcad,F1 :    900    1 0.10 -14.44 0.54 50.00  90.0  76.0,0.00 0.00 0.00 89.38 0.54 50.00 0.10 -14.44 6 63 6 63 90.0% 76.0% 450.000 0.000 0.00 -4.90 0.00  2.00 0.00 899.00 0.0% | 1200.00   40.00 HI -50.00 -50.00
2026-09-27T06:55:25.554,DEMO,DEMO,DEMO_MODE,c87dde3f195c4fe8a135dd7fcf0abcad,F1 :    900    1 0.10 -14.44 0.54 50.00  90.0  76.0,0.00 0.00 0.00 89.38 0.54 50.00 0.10 -14.44 6 63 6 63 90.0% 76.0% 450.000 0.000 0.00 -4.90 0.00  2.00 0.00 899.00 0.0% | 1200.00   40.00 HI -50.00 -50.00
2026-09-27T06:55:25.674,DEMO,DEMO,DEMO_MODE,c87dde3f195c4fe8a135dd7fcf0abcad,F1 :      0    1 0.10 -14.44 0.54 50.00   0.0   0.0,0.00 0.00 0.00 89.38 0.54 50.00 0.10 -14.44 6 63 6 63  0.0%  0.0%  0.000 0.000 0.00 -4.90 0.00  0.00 0.00   0.00 0.0% | 1200.00  -50.00 HI -50.00 -50.00
2026-09-27T06:55:25.795,DEMO,DEMO,DEMO_MODE,c87dde3f195c4fe8a135dd7fcf0abcad,F1 :      0    1 0.10 -14.44 0.54 50.00   0.0   0.0,0.00 0.00 0.00 89.38 0.54 50.00 0.10 -14.44 6 63 6 63  0.0%  0.0%  0.000 0.000 0.00 -4.90 0.00  0.00 0.00   0.00 0.0% | 1200.00  -50.00 HI -50.00 -50.00
2026-09-27T06:55:25.916,DEMO,DEMO,DEMO_MODE,c87dde3f195c4fe8a135dd7fcf0abcad,F1 :      0    1 0.10 -14.44 0.54 50.00   0.0   0.0,0.00 0.00 0.00 89.38 0.54 50.00 0.10 -14.44 6 63 6 63  0.0%  0.0%  0.000 0.000 0.00 -4.90 0.00  0.00 0.00   0.00 0.0% | 1200.00  -50.00 HI -50.00 -50.00
2026-09-27T06:55:26.037,DEMO,DEMO,DEMO_MODE,c87dde3f195c4fe8a135dd7fcf0abcad,F1 :      0    1 0.10 -14.44 0.54 50.00   0.0   0.0,0.00 0.00 0.00 89.38 0.54 50.00 0.10 -14.44 6 63 6 63  0.0%  0.0%  0.000 0.000 0.00 -4.90 0.00  0.00 0.00   0.00 0.0% | 1200.00  -50.00 HI -50.00 -50.00
2026-09-27T06:55:26.157,DEMO,DEMO,DEMO_MODE,c87dde3f195c4fe8a135dd7fcf0abcad,F1 :      0    1 0.10 -14.44 0.54 50.00   0.0   0.0,0.00 0.00 0.00 89.38 0.54 50.00 0.10 -14.44 6 63 6 63  0.0%  0.0%  0.000 0.000 0.00 -4.90 0.00  0.00 0.00   0.00 0.0% | 1200.00  -50.00 HI -50.00 -50.00
2026-09-27T06:55:26.278,DEMO,DEMO,DEMO_MODE,c87dde3f195c4fe8a135dd7fcf0abcad,F1 :      0    1 0.10 -14.44 0.54 50.00   0.0   0.0,0.00 0.00 0.00 89.38 0.54 50.00 0.10 -14.44 6 63 6 63  0.0%  0.0%  0.000 0.000 0.00 -4.90 0.00  0.00 0.00   0.00 0.0% | 1200.00  -50.00 HI -50.00 -50.00
2026-09-27T06:55:26.399,DEMO,DEMO,DEMO_MODE,c87dde3f195c4fe8a135dd7fcf0abcad,F1 :      0    1 0.10 -14.44 0.54 50.00   0.0   0.0,0.00 0.00 0.00 89.38 0.54 50.00 0.10 -14.44 6 63 6 63  0.0%  0.0%  0.000 0.000 0.00 -4.90 0.00  0.00 0.00   0.00 0.0% | 1200.00  -50.00 HI -50.00 -50.00
2026-09-27T06:55:26.520,DEMO,DEMO,DEMO_MODE,c87dde3f195c4fe8a135dd7fcf0abcad,F1 :      0    1 0.10 -14.44 0.54 50.00   0.0   0.0,0.00 0.00 0.00 89.38 0.54 50.00 0.10 -14.44 6 63 6 63  0.0%  0.0%  0.000 0.000 0.00 -4.90 0.00  0.00 0.00   0.00 0.0% | 1200.00  -50.00 HI -50.00 -50.00
2026-09-27T06:55:26.640,DEMO,DEMO,DEMO_MODE,c87dde3f195c4fe8a135dd7fcf0abcad,F1 :      0    1 0.10 -14.44 0.54 50.00   0.0   0.0,0.00 0.00 0.00 89.38 0.54 50.00 0.10 -14.44 6 63 6 63  0.0%  0.0%  0.000 0.000 0.00 -4.90 0.00  0.00 0.00   0.00 0.0% | 1200.00  -50.00 HI -50.00 -50.00
2026-09-27T06:55:26.766,DEMO,DEMO,DEMO_MODE,c87dde3f195c4fe8a135dd7fcf0abcad,F1 :      0    1 0.10 -14.44 0.54 50.00   0.0   0.0,0.00 0.00 0.00 89.38 0.54 50.00 0.10 -14.44 6 63 6 63  0.0%  0.0%  0.000 0.000 0.00 -4.90 0.00  0.00 0.00   0.00 0.0% | 1200.00  -50.00 HI -50.00 -50.00
2026-09-27T06:55:26.887,DEMO,DEMO,DEMO_MODE,c87dde3f195c4fe8a135dd7fcf0abcad,F1 :      0    1 0.10 -14.44 0.54 50.00   0.0   0.0,0.00 0.00 0.00 89.38 0.54 50.00 0.10 -14.44 6 63 6 63  0.0%  0.0%  0.000 0.000 0.00 -4.90 0.00  0.00 0.00   0.00 0.0% | 1200.00  -50.00 HI -50.00 -50.00
2026-09-27T06:55:27.013,DEMO,DEMO,DEMO_MODE,c87dde3f195c4fe8a135dd7fcf0abcad,F1 :      0    1 0.10 -14.44 0.54 50.00   0.0   0.0,0.00 0.00 0.00 89.38 0.54 50.00 0.10 -14.44 6 63 6 63  0.0%  0.0%  0.000 0.000 0.00 -4.90 0.00  0.00 0.00   0.00 0.0% | 1200.00  -50.00 HI -50.00 -50.00
2026-09-27T06:55:27.133,DEMO,DEMO,DEMO_MODE,c87dde3f195c4fe8a135dd7fcf0abcad,F1 :      0    1 0.10 -14.44 0.54 50.00   0.0   0.0,0.00 0.00 0.00 89.38 0.54 50.00 0.10 -14.44 6 63 6 63  0.0%  0.0%  0.000 0.000 0.00 -4.90 0.00  0.00 0.00   0.00 0.0% | 1200.00  -50.00 HI -50.00 -50.00
2026-09-27T06:55:27.259,DEMO,DEMO,DEMO_MODE,c87dde3f195c4fe8a135dd7fcf0abcad,F1 :      0    1 0.10 -14.44 0.54 50.00   0.0   0.0,0.00 0.00 0.00 89.38 0.54 50.00 0.10 -14.44 6 63 6 63  0.0%  0.0%  0.000 0.000 0.00 -4.90 0.00  0.00 0.00   0.00 0.0% | 1200.00  -50.00 HI -50.00 -50.00
2026-09-27T06:55:27.380,DEMO,DEMO,DEMO_MODE,c87dde3f195c4fe8a135dd7fcf0abcad,F1 :      0    1 0.10 -14.44 0.54 50.00   0.0   0.0,0.00 0.00 0.00 89.38 0.54 50.00 0.10 -14.44 6 63 6 63  0.0%  0.0%  0.000 0.000 0.00 -4.90 0.00  0.00 0.00   0.00 0.0% | 1200.00  -50.00 HI -50.00 -50.00
2026-09-27T06:55:27.505,DEMO,DEMO,DEMO_MODE,c87dde3f195c4fe8a135dd7fcf0abcad,F1 :      0    1 0.10 -14.44 0.54 50.00   0.0   0.0,0.00 0.00 0.00 89.38 0.54 50.00 0.10 -14.44 6 63 6 63  0.0%  0.0%  0.000 0.000 0.00 -4.90 0.00  0.00 0.00   0.00 0.0% | 1200.00  -50.00 HI -50.00 -50.00
2026-09-27T06:55:27.626,DEMO,DEMO,DEMO_MODE,c87dde3f195c4fe8a135dd7fcf0abcad,F1 :      0    1 0.10 -14.44 0.54 50.00   0.0   0.0,0.00 0.00 0.00 89.38 0.54 50.00 0.10 -14.44 6 63 6 63  0.0%  0.0%  0.000 0.000 0.00 -4.90 0.00  0.00 0.00   0.00 0.0% | 1200.00  -50.00 HI -50.00 -50.00
2026-09-27T06:55:27.752,DEMO,DEMO,DEMO_MODE,c87dde3f195c4fe8a135dd7fcf0abcad,F1 :      0    1 0.10 -14.44 0.54 50.00   0.0   0.0,0.00 0.00 0.00 89.38 0.54 50.00 0.10 -14.44 6 63 6 63  0.0%  0.0%  0.000 0.000 0.00 -4.90 0.00  0.00 0.00   0.00 0.0% | 1200.00  -50.00 HI -50.00 -50.00
2026-09-27T06:55:27.873,DEMO,DEMO,DEMO_MODE,c87dde3f195c4fe8a135dd7fcf0abcad,F1 :      0    1 0.10 -14.44 0.54 50.00   0.0   0.0,0.00 0.00 0.00 89.38 0.54 50.00 0.10 -14.44 6 63 6 63  0.0%  0.0%  0.000 0.000 0.00 -4.90 0.00  0.00 0.00   0.00 0.0% | 1200.00  -50.00 HI -50.00 -50.00
2026-09-27T06:55:28.001,DEMO,DEMO,DEMO_MODE,c87dde3f195c4fe8a135dd7fcf0abcad,F1 :      0    1 0.10 -14.44 0.54 50.00   0.0   0.0,0.00 0.00 0.00 89.38 0.54 50.00 0.10 -14.44 6 63 6 63  0.0%  0.0%  0.000 0.000 0.00 -4.90 0.00  0.00 0.00   0.00 0.0% | 1200.00  -50.00 HI -50.00 -50.00
2026-09-27T06:55:28.121,DEMO,DEMO,DEMO_MODE,c87dde3f195c4fe8a135dd7fcf0abcad,F1 :      0    1 0.10 -14.44 0.54 50.00   0.0   0.0,0.00 0.00 0.00 89.38 0.54 50.00 0.10 -14.44 6 63 6 63  0.0%  0.0%  0.000 0.000 0.00 -4.90 0.00  0.00 0.00   0.00 0.0% | 1200.00  -50.00 HI -50.00 -50.00
2026-09-27T06:55:28.247,DEMO,DEMO,DEMO_MODE,c87dde3f195c4fe8a135dd7fcf0abcad,F1 :      0    1 0.10 -14.44 0.54 50.00   0.0   0.0,0.00 0.00 0.00 89.38 0.54 50.00 0.10 -14.44 6 63 6 63  0.0%  0.0%  0.000 0.000 0.00 -4.90 0.00  0.00 0.00   0.00 0.0% | 1200.00  -50.00 HI -50.00 -50.00
2026-09-27T06:55:28.367,DEMO,DEMO,DEMO_MODE,c87dde3f195c4fe8a135dd7fcf0abcad,F1 :      0    1 0.10 -14.44 0.54 50.00   0.0   0.0,0.00 0.00 0.00 89.38 0.54 50.00 0.10 -14.44 6 63 6 63  0.0%  0.0%  0.000 0.000 0.00 -4.90 0.00  0.00 0.00   0.00 0.0% | 1200.00  -50.00 HI -50.00 -50.00
2026-09-27T06:55:28.494,DEMO,DEMO,DEMO_MODE,c87dde3f195c4fe8a135dd7fcf0abcad,F1 :      0    1 0.10 -14.44 0.54 50.00   0.0   0.0,0.00 0.00 0.00 89.38 0.54 50.00 0.10 -14.44 6 63 6 63  0.0%  0.0%  0.000 0.000 0.00 -4.90 0.00  0.00 0.00   0.00 0.0% | 1200.00  -50.00 HI -50.00 -50.00
2026-09-27T06:55:28.615,DEMO,DEMO,DEMO_MODE,c87dde3f195c4fe8a135dd7fcf0abcad,F1 :      0    1 0.10 -14.44 0.54 50.00   0.0   0.0,0.00 0.00 0.00 89.38 0.54 50.00 0.10 -14.44 6 63 6 63  0.0%  0.0%  0.000 0.000 0.00 -4.90 0.00  0.00 0.00   0.00 0.0% | 1200.00  -50.00 HI -50.00 -50.00
2026-09-27T06:55:28.741,DEMO,DEMO,DEMO_MODE,c87dde3f195c4fe8a135dd7fcf0abcad,F1 :      0    1 0.10 -14.44 0.54 50.00   0.0   0.0,0.00 0.00 0.00 89.38 0.54 50.00 0.10 -14.44 6 63 6 63  0.0%  0.0%  0.000 0.000 0.00 -4.90 0.00  0.00 0.00   0.00 0.0% | 1200.00  -50.00 HI -50.00 -50.00
2026-09-27T06:55:28.861,DEMO,DEMO,DEMO_MODE,c87dde3f195c4fe8a135dd7fcf0abcad,F1 :      0    1 0.10 -14.44 0.54 50.00   0.0   0.0,0.00 0.00 0.00 89.38 0.54 50.00 0.10 -14.44 6 63 6 63  0.0%  0.0%  0.000 0.000 0.00 -4.90 0.00  0.00 0.00   0.00 0.0% | 1200.00  -50.00 HI -50.00 -50.00
2026-09-27T06:55:28.987,DEMO,DEMO,DEMO_MODE,c87dde3f195c4fe8a135dd7fcf0abcad,F1 :      0    1 0.10 -14.44 0.54 50.00   0.0   0.0,0.00 0.00 0.00 89.38 0.54 50.00 0.10 -14.44 6 63 6 63  0.0%  0.0%  0.000 0.000 0.00 -4.90 0.00  0.00 0.00   0.00 0.0% | 1200.00  -50.00 HI -50.00 -50.00
2026-09-27T06:55:29.108,DEMO,DEMO,DEMO_MODE,c87dde3f195c4fe8a135dd7fcf0abcad,F1 :      0    1 0.10 -14.44 0.54 50.00   0.0   0.0,0.00 0.00 0.00 89.38 0.54 50.00 0.10 -14.44 6 63 6 63  0.0%  0.0%  0.000 0.000 0.00 -4.90 0.00  0.00 0.00   0.00 0.0% | 1200.00  -50.00 HI -50.00 -50.00
2026-09-27T06:55:29.234,DEMO,DEMO,DEMO_MODE,c87dde3f195c4fe8a135dd7fcf0abcad,F1 :      0    1 0.10 -14.44 0.54 50.00   0.0   0.0,0.00 0.00 0.00 89.38 0.54 50.00 0.10 -14.44 6 63 6 63  0.0%  0.0%  0.000 0.000 0.00 -4.90 0.00  0.00 0.00   0.00 0.0% | 1200.00  -50.00 HI -50.00 -50.00
2026-09-27T06:55:29.355,DEMO,DEMO,DEMO_MODE,c87dde3f195c4fe8a135dd7fcf0abcad,F1 :      0    1 0.10 -14.44 0.54 50.00   0.0   0.0,0.00 0.00 0.00 89.38 0.54 50.00 0.10 -14.44 6 63 6 63  0.0%  0.0%  0.000 0.000 0.00 -4.90 0.00  0.00 0.00   0.00 0.0% | 1200.00  -50.00 HI -50.00 -50.00
2026-09-27T06:55:29.481,DEMO,DEMO,DEMO_MODE,c87dde3f195c4fe8a135dd7fcf0abcad,F1 :      0    1 0.10 -14.44 0.54 50.00   0.0   0.0,0.00 0.00 0.00 89.38 0.54 50.00 0.10 -14.44 6 63 6 63  0.0%  0.0%  0.000 0.000 0.00 -4.90 0.00  0.00 0.00   0.00 0.0% | 1200.00  -50.00 HI -50.00 -50.00
2026-09-27T06:55:29.602,DEMO,DEMO,DEMO_MODE,c87dde3f195c4fe8a135dd7fcf0abcad,F1 :      0    1 0.10 -14.44 0.54 50.00   0.0   0.0,0.00 0.00 0.00 89.38 0.54 50.00 0.10 -14.44 6 63 6 63  0.0%  0.0%  0.000 0.000 0.00 -4.90 0.00  0.00 0.00   0.00 0.0% | 1200.00  -50.00 HI -50.00 -50.00
2026-09-27T06:55:29.728,DEMO,DEMO,DEMO_MODE,c87dde3f195c4fe8a135dd7fcf0abcad,F1 :      0    1 0.10 -14.44 0.54 50.00   0.0   0.0,0.00 0.00 0.00 89.38 0.54 50.00 0.10 -14.44 6 63 6 63  0.0%  0.0%  0.000 0.000 0.00 -4.90 0.00  0.00 0.00   0.00 0.0% | 1200.00  -50.00 HI -50.00 -50.00
2026-09-27T06:55:29.848,DEMO,DEMO,DEMO_MODE,c87dde3f195c4fe8a135dd7fcf0abcad,F1 :      0    1 0.10 -14.44 0.54 50.00   0.0   0.0,0.00 0.00 0.00 89.38 0.54 50.00 0.10 -14.44 6 63 6 63  0.0%  0.0%  0.000 0.000 0.00 -4.90 0.00  0.00 0.00   0.00 0.0% | 1200.00  -50.00 HI -50.00 -50.00
2026-09-27T06:55:29.969,DEMO,DEMO,DEMO_MODE,c87dde3f195c4fe8a135dd7fcf0abcad,F1 :      0    1 0.10 -14.44 0.54 50.00   0.0   0.0,0.00 0.00 0.00 89.38 0.54 50.00 0.10 -14.44 6 63 6 63  0.0%  0.0%  0.000 0.000 0.00 -4.90 0.00  0.00 0.00   0.00 0.0% | 1200.00  -50.00 HI -50.00 -50.00
2026-09-27T06:55:30.090,DEMO,DEMO,DEMO_MODE,c87dde3f195c4fe8a135dd7fcf0abcad,F1 :      0    1 0.10 -14.44 0.54 50.00   0.0   0.0,0.00 0.00 0.00 89.38 0.54 50.00 0.10 -14.44 6 63 6 63  0.0%  0.0%  0.000 0.000 0.00 -4.90 0.00  0.00 0.00   0.00 0.0% | 1200.00  -50.00 HI -50.00 -50.00
2026-09-27T06:55:30.210,DEMO,DEMO,DEMO_MODE,c87dde3f195c4fe8a135dd7fcf0abcad,F1 :      0    1 0.10 -14.44 0.54 50.00   0.0   0.0,0.00 0.00 0.00 89.38 0.54 50.00 0.10 -14.44 6 63 6 63  0.0%  0.0%  0.000 0.000 0.00 -4.90 0.00  0.00 0.00   0.00 0.0% | 1200.00  -50.00 HI -50.00 -50.00
2026-09-27T06:55:30.331,DEMO,DEMO,DEMO_MODE,c87dde3f195c4fe8a135dd7fcf0abcad,F1 :      0    1 0.10 -14.44 0.54 50.00   0.0   0.0,0.00 0.00 0.00 89.38 0.54 50.00 0.10 -14.44 6 63 6 63  0.0%  0.0%  0.000 0.000 0.00 -4.90 0.00  0.00 0.00   0.00 0.0% | 1200.00  -50.00 HI -50.00 -50.00
2026-09-27T06:55:30.452,DEMO,DEMO,DEMO_MODE,c87dde3f195c4fe8a135dd7fcf0abcad,F1 :      0    1 0.10 -14.44 0.54 50.00   0.0   0.0,0.00 0.00 0.00 89.38 0.54 50.00 0.10 -14.44 6 63 6 63  0.0%  0.0%  0.000 0.000 0.00 -4.90 0.00  0.00 0.00   0.00 0.0% | 1200.00  -50.00 HI -50.00 -50.00
2026-09-27T06:55:30.573,DEMO,DEMO,DEMO_MODE,c87dde3f195c4fe8a135dd7fcf0abcad,F1 :      0    1 0.10 -14.44 0.54 50.00   0.0   0.0,0.00 0.00 0.00 89.38 0.54 50.00 0.10 -14.44 6 63 6 63  0.0%  0.0%  0.000 0.000 0.00 -4.90 0.00  0.00 0.00   0.00 0.0% | 1200.00  -50.00 HI -50.00 -50.00
2026-09-27T06:55:30.694,DEMO,DEMO,DEMO_MODE,c87dde3f195c4fe8a135dd7fcf0abcad,F1 :      0    1 0.10 -14.44 0.54 50.00   0.0   4.0,0.00 0.00 0.00 89.38 0.54 50.00 0.10 -14.44 6 63 6 63  0.0%  4.0%  0.000 0.000 0.00 -4.90 0.00  0.00 0.00   0.00 0.0% | 1200.00  -50.00 HI -50.00 -50.00
2026-09-27T06:55:30.815,DEMO,DEMO,DEMO_MODE,c87dde3f195c4fe8a135dd7fcf0abcad,F1 :      0    1 0.10 -14.44 0.54 50.00   0.0   4.0,0.00 0.00 0.00 89.38 0.54 50.00 0.10 -14.44 6 63 6 63  0.0%  4.0%  0.000 0.000 0.00 -4.90 0.00  0.00 0.00   0.00 0.0% | 1200.00  -50.00 HI -50.00 -50.00
2026-09-27T06:55:30.936,DEMO,DEMO,DEMO_MODE,c87dde3f195c4fe8a135dd7fcf0abcad,F1 :      0    1 0.10 -14.44 0.54 50.00   0.0   4.0,0.00 0.00 0.00 89.38 0.54 50.00 0.10 -14.44 6 63 6 63  0.0%  4.0%  0.000 0.000 0.00 -4.90 0.00  0.00 0.00   0.00 0.0% | 1200.00  -50.00 HI -50.00 -50.00
2026-09-27T06:55:31.057,DEMO,DEMO,DEMO_MODE,c87dde3f195c4fe8a135dd7fcf0abcad,F1 :      0    1 0.10 -14.44 0.54 50.00   0.0   4.0,0.00 0.00 0.00 89.38 0.54 50.00 0.10 -14.44 6 63 6 63  0.0%  4.0%  0.000 0.000 0.00 -4.90 0.00  0.00 0.00   0.00 0.0% | 1200.00  -50.00 HI -50.00 -50.00
2026-09-27T06:55:31.178,DEMO,DEMO,DEMO_MODE,c87dde3f195c4fe8a135dd7fcf0abcad,F1 :      0    1 0.10 -14.44 0.54 50.00   0.0   4.0,0.00 0.00 0.00 89.38 0.54 50.00 0.10 -14.44 6 63 6 63  0.0%  4.0%  0.000 0.000 0.00 -4.90 0.00  0.00 0.00   0.00 0.0% | 1200.00  -50.00 HI -50.00 -50.00
2026-09-27T06:55:31.298,DEMO,DEMO,DEMO_MODE,c87dde3f195c4fe8a135dd7fcf0abcad,F1 :      0    1 0.10 -14.44 0.54 50.00   0.0   4.0,0.00 0.00 0.00 89.38 0.54 50.00 0.10 -14.44 6 63 6 63  0.0%  4.0%  0.000 0.000 0.00 -4.90 0.00  0.00 0.00   0.00 0.0% | 1200.00  -50.00 HI -50.00 -50.00
2026-09-27T06:55:31.419,DEMO,DEMO,DEMO_MODE,c87dde3f195c4fe8a135dd7fcf0abcad,F1 :      0    1 0.10 -14.44 0.54 50.00   0.0   4.0,0.00 0.00 0.00 89.38 0.54 50.00 0.10 -14.44 6 63 6 63  0.0%  4.0%  0.000 0.000 0.00 -4.90 0.00  0.00 0.00   0.00 0.0% | 1200.00  -50.00 HI -50.00 -50.00
2026-09-27T06:55:31.540,DEMO,DEMO,DEMO_MODE,c87dde3f195c4fe8a135dd7fcf0abcad,F1 :      0    1 0.10 -14.44 0.54 50.00   0.0   4.0,0.00 0.00 0.00 89.38 0.54 50.00 0.10 -14.44 6 63 6 63  0.0%  4.0%  0.000 0.000 0.00 -4.90 0.00  0.00 0.00   0.00 0.0% | 1200.00  -50.00 HI -50.00 -50.00
2026-09-27T06:55:31.660,DEMO,DEMO,DEMO_MODE,c87dde3f195c4fe8a135dd7fcf0abcad,F1 :      0    1 0.10 -14.44 0.54 50.00   0.0   4.0,0.00 0.00 0.00 89.38 0.54 50.00 0.10 -14.44 6 63 6 63  0.0%  4.0%  0.000 0.000 0.00 -4.90 0.00  0.00 0.00   0.00 0.0% | 1200.00  -50.00 HI -50.00 -50.00
2026-09-27T06:55:31.780,DEMO,DEMO,DEMO_MODE,c87dde3f195c4fe8a135dd7fcf0abcad,F1 :      0    1 0.10 -14.44 0.54 50.00   0.0   4.0,0.00 0.00 0.00 89.38 0.54 50.00 0.10 -14.44 6 63 6 63  0.0%  4.0%  0.000 0.000 0.00 -4.90 0.00  0.00 0.00   0.00 0.0% | 1200.00  -50.00 HI -50.00 -50.00
2026-09-27T06:55:31.901,DEMO,DEMO,DEMO_MODE,c87dde3f195c4fe8a135dd7fcf0abcad,F1 :      0    1 0.10 -14.44 0.54 50.00   0.0   4.0,0.00 0.00 0.00 89.38 0.54 50.00 0.10 -14.44 6 63 6 63  0.0%  4.0%  0.000 0.000 0.00 -4.90 0.00  0.00 0.00   0.00 0.0% | 1200.00  -50.00 HI -50.00 -50.00
2026-09-27T06:55:32.022,DEMO,DEMO,DEMO_MODE,c87dde3f195c4fe8a135dd7fcf0abcad,F1 :      0    1 0.10 -14.44 0.54 50.00   0.0   4.0,0.00 0.00 0.00 89.38 0.54 50.00 0.10 -14.44 6 63 6 63  0.0%  4.0%  0.000 0.000 0.00 -4.90 0.00  0.00 0.00   0.00 0.0% | 1200.00  -50.00 HI -50.00 -50.00
2026-09-27T06:55:32.143,DEMO,DEMO,DEMO_MODE,c87dde3f195c4fe8a135dd7fcf0abcad,F1 :      0    1 0.10 -14.44 0.54 50.00   0.0   4.0,0.00 0.00 0.00 89.38 0.54 50.00 0.10 -14.44 6 63 6 63  0.0%  4.0%  0.000 0.000 0.00 -4.90 0.00  0.00 0.00   0.00 0.0% | 1200.00  -50.00 HI -50.00 -50.00
2026-09-27T06:55:32.268,DEMO,DEMO,DEMO_MODE,c87dde3f195c4fe8a135dd7fcf0abcad,F1 :      0    1 0.10 -14.44 0.54 50.00   0.0   4.0,0.00 0.00 0.00 89.38 0.54 50.00 0.10 -14.44 6 63 6 63  0.0%  4.0%  0.000 0.000 0.00 -4.90 0.00  0.00 0.00   0.00 0.0% | 1200.00  -50.00 HI -50.00 -50.00
2026-09-27T06:55:32.388,DEMO,DEMO,DEMO_MODE,c87dde3f195c4fe8a135dd7fcf0abcad,F1 :      0    1 0.10 -14.44 0.54 50.00   0.0   4.0,0.00 0.00 0.00 89.38 0.54 50.00 0.10 -14.44 6 63 6 63  0.0%  4.0%  0.000 0.000 0.00 -4.90 0.00  0.00 0.00   0.00 0.0% | 1200.00  -50.00 HI -50.00 -50.00
2026-09-27T06:55:32.515,DEMO,DEMO,DEMO_MODE,c87dde3f195c4fe8a135dd7fcf0abcad,F1 :      0    1 0.10 -14.44 0.54 50.00   0.0   4.0,0.00 0.00 0.00 89.38 0.54 50.00 0.10 -14.44 6 63 6 63  0.0%  4.0%  0.000 0.000 0.00 -4.90 0.00  0.00 0.00   0.00 0.0% | 1200.00  -50.00 HI -50.00 -50.00
2026-09-27T06:55:32.635,DEMO,DEMO,DEMO_MODE,c87dde3f195c4fe8a135dd7fcf0abcad,F1 :      0    1 0.10 -14.44 0.54 50.00   0.0   4.0,0.00 0.00 0.00 89.38 0.54 50.00 0.10 -14.44 6 63 6 63  0.0%  4.0%  0.000 0.000 0.00 -4.90 0.00  0.00 0.00   0.00 0.0% | 1200.00  -50.00 HI -50.00 -50.00
2026-09-27T06:55:32.762,DEMO,DEMO,DEMO_MODE,c87dde3f195c4fe8a135dd7fcf0abcad,F1 :      0    1 0.10 -14.44 0.54 50.00   0.0   4.0,0.00 0.00 0.00 89.38 0.54 50.00 0.10 -14.44 6 63 6 63  0.0%  4.0%  0.000 0.000 0.00 -4.90 0.00  0.00 0.00   0.00 0.0% | 1200.00  -50.00 HI -50.00 -50.00
2026-09-27T06:55:32.883,DEMO,DEMO,DEMO_MODE,c87dde3f195c4fe8a135dd7fcf0abcad,F1 :      0    1 0.10 -14.44 0.54 50.00   0.0   4.0,0.00 0.00 0.00 89.38 0.54 50.00 0.10 -14.44 6 63 6 63  0.0%  4.0%  0.000 0.000 0.00 -4.90 0.00  0.00 0.00   0.00 0.0% | 1200.00  -50.00 HI -50.00 -50.00
2026-09-27T06:55:33.009,DEMO,DEMO,DEMO_MODE,c87dde3f195c4fe8a135dd7fcf0abcad,F1 :      0    1 0.10 -14.44 0.54 50.00   0.0   4.0,0.00 0.00 0.00 89.38 0.54 50.00 0.10 -14.44 6 63 6 63  0.0%  4.0%  0.000 0.000 0.00 -4.90 0.00  0.00 0.00   0.00 0.0% | 1200.00  -50.00 HI -50.00 -50.00
2026-09-27T06:55:33.129,DEMO,DEMO,DEMO_MODE,c87dde3f195c4fe8a135dd7fcf0abcad,F1 :      0    1 0.10 -14.44 0.54 50.00   0.0   4.0,0.00 0.00 0.00 89.38 0.54 50.00 0.10 -14.44 6 63 6 63  0.0%  4.0%  0.000 0.000 0.00 -4.90 0.00  0.00 0.00   0.00 0.0% | 1200.00  -50.00 HI -50.00 -50.00
2026-09-27T06:55:33.256,DEMO,DEMO,DEMO_MODE,c87dde3f195c4fe8a135dd7fcf0abcad,F1 :      0    1 0.10 -14.44 0.54 50.00   0.0   4.0,0.00 0.00 0.00 89.38 0.54 50.00 0.10 -14.44 6 63 6 63  0.0%  4.0%  0.000 0.000 0.00 -4.90 0.00  0.00 0.00   0.00 0.0% | 1200.00  -50.00 HI -50.00 -50.00
